{
"type": "FeatureCollection",
"name": "bike_lanes_secondary",
"crs": { "type": "name", "properties": { "name": "urn:ogc:def:crs:OGC:1.3:CRS84" } },
"xy_coordinate_resolution": 1e-06,
"features": [
{ "type": "Feature", "properties": { }, "geometry": { "type": "MultiLineString", "coordinates": [ [ [ 22.988964, 40.499392 ], [ 22.989619, 40.501441 ] ] ] } },
{ "type": "Feature", "properties": { }, "geometry": { "type": "MultiLineString", "coordinates": [ [ [ 22.990595, 40.505322 ], [ 22.989821, 40.502499 ], [ 22.988573, 40.498589 ] ] ] } },
{ "type": "Feature", "properties": { }, "geometry": { "type": "MultiLineString", "coordinates": [ [ [ 22.989619, 40.501441 ], [ 22.990392, 40.504094 ] ] ] } },
{ "type": "Feature", "properties": { }, "geometry": { "type": "MultiLineString", "coordinates": [ [ [ 22.990627, 40.504987 ], [ 22.990854, 40.50581 ] ] ] } },
{ "type": "Feature", "properties": { }, "geometry": { "type": "MultiLineString", "coordinates": [ [ [ 22.991092, 40.507219 ], [ 22.990595, 40.505322 ] ] ] } },
{ "type": "Feature", "properties": { }, "geometry": { "type": "MultiLineString", "coordinates": [ [ [ 22.991134, 40.508223 ], [ 22.991119, 40.50741 ] ] ] } },
{ "type": "Feature", "properties": { }, "geometry": { "type": "MultiLineString", "coordinates": [ [ [ 22.99124, 40.507522 ], [ 22.991261, 40.507877 ], [ 22.991174, 40.508756 ] ] ] } },
{ "type": "Feature", "properties": { }, "geometry": { "type": "MultiLineString", "coordinates": [ [ [ 22.990999, 40.509116 ], [ 22.991089, 40.508569 ] ] ] } },
{ "type": "Feature", "properties": { }, "geometry": { "type": "MultiLineString", "coordinates": [ [ [ 22.991174, 40.508756 ], [ 22.991058, 40.509515 ], [ 22.990926, 40.510083 ], [ 22.990661, 40.510666 ], [ 22.99055, 40.510828 ] ] ] } },
{ "type": "Feature", "properties": { }, "geometry": { "type": "MultiLineString", "coordinates": [ [ [ 22.990543, 40.510744 ], [ 22.990526, 40.510643 ], [ 22.990789, 40.510092 ], [ 22.990877, 40.509782 ], [ 22.990999, 40.509116 ] ] ] } },
{ "type": "Feature", "properties": { }, "geometry": { "type": "MultiLineString", "coordinates": [ [ [ 22.974148, 40.506531 ], [ 22.974306, 40.506256 ], [ 22.974389, 40.506001 ] ] ] } },
{ "type": "Feature", "properties": { }, "geometry": { "type": "MultiLineString", "coordinates": [ [ [ 22.974148, 40.506531 ], [ 22.974262, 40.50656 ], [ 22.974941, 40.506529 ] ] ] } },
{ "type": "Feature", "properties": { }, "geometry": { "type": "MultiLineString", "coordinates": [ [ [ 22.975858, 40.506945 ], [ 22.975612, 40.507529 ] ] ] } },
{ "type": "Feature", "properties": { }, "geometry": { "type": "MultiLineString", "coordinates": [ [ [ 22.974122, 40.507129 ], [ 22.973918, 40.508075 ], [ 22.973711, 40.508465 ], [ 22.973606, 40.508772 ] ] ] } },
{ "type": "Feature", "properties": { }, "geometry": { "type": "MultiLineString", "coordinates": [ [ [ 22.97914, 40.509612 ], [ 22.978205, 40.508934 ], [ 22.977352, 40.508261 ], [ 22.975858, 40.506945 ] ] ] } },
{ "type": "Feature", "properties": { }, "geometry": { "type": "MultiLineString", "coordinates": [ [ [ 22.975127, 40.509003 ], [ 22.975161, 40.508974 ], [ 22.975612, 40.507529 ] ] ] } },
{ "type": "Feature", "properties": { }, "geometry": { "type": "MultiLineString", "coordinates": [ [ [ 22.975234, 40.509364 ], [ 22.975172, 40.509084 ], [ 22.975046, 40.508901 ] ] ] } },
{ "type": "Feature", "properties": { }, "geometry": { "type": "MultiLineString", "coordinates": [ [ [ 22.978606, 40.510049 ], [ 22.97914, 40.509612 ] ] ] } },
{ "type": "Feature", "properties": { }, "geometry": { "type": "MultiLineString", "coordinates": [ [ [ 22.977049, 40.511703 ], [ 22.977068, 40.511511 ], [ 22.976982, 40.511462 ], [ 22.976834, 40.511444 ], [ 22.976915, 40.511395 ], [ 22.977202, 40.511395 ], [ 22.977285, 40.511356 ], [ 22.977532, 40.510892 ], [ 22.977623, 40.510836 ] ] ] } },
{ "type": "Feature", "properties": { }, "geometry": { "type": "MultiLineString", "coordinates": [ [ [ 22.97914, 40.509612 ], [ 22.985411, 40.514242 ] ] ] } },
{ "type": "Feature", "properties": { }, "geometry": { "type": "MultiLineString", "coordinates": [ [ [ 22.99044, 40.511088 ], [ 22.99029, 40.511383 ], [ 22.990045, 40.511711 ], [ 22.989907, 40.511837 ], [ 22.989697, 40.511944 ], [ 22.989518, 40.511933 ] ] ] } },
{ "type": "Feature", "properties": { }, "geometry": { "type": "MultiLineString", "coordinates": [ [ [ 22.983412, 40.512965 ], [ 22.983213, 40.512841 ] ] ] } },
{ "type": "Feature", "properties": { }, "geometry": { "type": "MultiLineString", "coordinates": [ [ [ 22.983539, 40.512857 ], [ 22.983215, 40.513157 ] ] ] } },
{ "type": "Feature", "properties": { }, "geometry": { "type": "MultiLineString", "coordinates": [ [ [ 22.983977, 40.51318 ], [ 22.98381, 40.513588 ] ] ] } },
{ "type": "Feature", "properties": { }, "geometry": { "type": "MultiLineString", "coordinates": [ [ [ 22.983215, 40.513157 ], [ 22.984407, 40.514007 ], [ 22.984779, 40.514362 ] ] ] } },
{ "type": "Feature", "properties": { }, "geometry": { "type": "MultiLineString", "coordinates": [ [ [ 22.985396, 40.51423 ], [ 22.985577, 40.514107 ] ] ] } },
{ "type": "Feature", "properties": { }, "geometry": { "type": "MultiLineString", "coordinates": [ [ [ 22.985652, 40.514165 ], [ 22.985478, 40.514293 ] ] ] } },
{ "type": "Feature", "properties": { }, "geometry": { "type": "MultiLineString", "coordinates": [ [ [ 22.985008, 40.514221 ], [ 22.98518, 40.514377 ] ] ] } },
{ "type": "Feature", "properties": { }, "geometry": { "type": "MultiLineString", "coordinates": [ [ [ 22.984827, 40.514589 ], [ 22.984663, 40.514433 ], [ 22.985008, 40.514221 ] ] ] } },
{ "type": "Feature", "properties": { }, "geometry": { "type": "MultiLineString", "coordinates": [ [ [ 22.98466, 40.514689 ], [ 22.985411, 40.514242 ] ] ] } },
{ "type": "Feature", "properties": { }, "geometry": { "type": "MultiLineString", "coordinates": [ [ [ 22.984805, 40.514602 ], [ 22.985227, 40.515 ] ] ] } },
{ "type": "Feature", "properties": { }, "geometry": { "type": "MultiLineString", "coordinates": [ [ [ 22.98473, 40.515311 ], [ 22.985441, 40.514866 ] ] ] } },
{ "type": "Feature", "properties": { }, "geometry": { "type": "MultiLineString", "coordinates": [ [ [ 22.984975, 40.51551 ], [ 22.985263, 40.515325 ], [ 22.985041, 40.515115 ] ] ] } },
{ "type": "Feature", "properties": { }, "geometry": { "type": "MultiLineString", "coordinates": [ [ [ 22.985411, 40.514242 ], [ 22.986451, 40.514994 ], [ 22.986677, 40.515093 ], [ 22.987173, 40.515207 ], [ 22.987545, 40.515395 ], [ 22.990948, 40.517899 ] ] ] } },
{ "type": "Feature", "properties": { }, "geometry": { "type": "MultiLineString", "coordinates": [ [ [ 22.990807, 40.515989 ], [ 22.9909, 40.516303 ] ] ] } },
{ "type": "Feature", "properties": { }, "geometry": { "type": "MultiLineString", "coordinates": [ [ [ 22.997557, 40.515742 ], [ 22.997936, 40.516732 ], [ 22.998048, 40.516942 ] ] ] } },
{ "type": "Feature", "properties": { }, "geometry": { "type": "MultiLineString", "coordinates": [ [ [ 22.990934, 40.51661 ], [ 22.9909, 40.516303 ] ] ] } },
{ "type": "Feature", "properties": { }, "geometry": { "type": "MultiLineString", "coordinates": [ [ [ 22.989918, 40.517133 ], [ 22.990724, 40.516685 ], [ 22.991032, 40.516591 ] ] ] } },
{ "type": "Feature", "properties": { }, "geometry": { "type": "MultiLineString", "coordinates": [ [ [ 22.989882, 40.519599 ], [ 22.990896, 40.518063 ], [ 22.990948, 40.517899 ] ] ] } },
{ "type": "Feature", "properties": { }, "geometry": { "type": "MultiLineString", "coordinates": [ [ [ 22.989882, 40.519599 ], [ 22.988248, 40.51842 ], [ 22.987819, 40.518182 ] ] ] } },
{ "type": "Feature", "properties": { }, "geometry": { "type": "MultiLineString", "coordinates": [ [ [ 22.981688, 40.512403 ], [ 22.981845, 40.512635 ] ] ] } },
{ "type": "Feature", "properties": { }, "geometry": { "type": "MultiLineString", "coordinates": [ [ [ 22.981231, 40.512368 ], [ 22.98162, 40.512406 ], [ 22.981947, 40.512386 ], [ 22.982148, 40.512286 ], [ 22.982262, 40.512293 ], [ 22.982891, 40.512598 ], [ 22.983213, 40.512841 ] ] ] } },
{ "type": "Feature", "properties": { }, "geometry": { "type": "MultiLineString", "coordinates": [ [ [ 22.981953, 40.51271 ], [ 22.982158, 40.512537 ] ] ] } },
{ "type": "Feature", "properties": { }, "geometry": { "type": "MultiLineString", "coordinates": [ [ [ 22.983239, 40.51319 ], [ 22.983068, 40.513389 ], [ 22.982863, 40.513551 ] ] ] } },
{ "type": "Feature", "properties": { }, "geometry": { "type": "MultiLineString", "coordinates": [ [ [ 22.983163, 40.513916 ], [ 22.983371, 40.513786 ] ] ] } },
{ "type": "Feature", "properties": { }, "geometry": { "type": "MultiLineString", "coordinates": [ [ [ 22.981061, 40.521971 ], [ 22.983691, 40.521496 ], [ 22.983847, 40.521562 ], [ 22.983943, 40.52185 ], [ 22.98399, 40.521887 ], [ 22.984402, 40.521851 ], [ 22.984539, 40.522147 ] ] ] } },
{ "type": "Feature", "properties": { }, "geometry": { "type": "MultiLineString", "coordinates": [ [ [ 22.979191, 40.521856 ], [ 22.978916, 40.522078 ], [ 22.978837, 40.522109 ], [ 22.978702, 40.522098 ], [ 22.978551, 40.52201 ] ] ] } },
{ "type": "Feature", "properties": { }, "geometry": { "type": "MultiLineString", "coordinates": [ [ [ 22.981088, 40.522283 ], [ 22.981016, 40.522055 ], [ 22.981061, 40.521971 ] ] ] } },
{ "type": "Feature", "properties": { }, "geometry": { "type": "MultiLineString", "coordinates": [ [ [ 22.979574, 40.5219 ], [ 22.97965, 40.522347 ], [ 22.979716, 40.522384 ], [ 22.979981, 40.522307 ], [ 22.98004, 40.521953 ] ] ] } },
{ "type": "Feature", "properties": { }, "geometry": { "type": "MultiLineString", "coordinates": [ [ [ 22.979119, 40.522727 ], [ 22.979268, 40.522646 ], [ 22.979359, 40.52255 ], [ 22.979402, 40.522419 ], [ 22.979352, 40.52206 ], [ 22.979191, 40.521856 ] ] ] } },
{ "type": "Feature", "properties": { }, "geometry": { "type": "MultiLineString", "coordinates": [ [ [ 22.989986, 40.519698 ], [ 22.989882, 40.519599 ] ] ] } },
{ "type": "Feature", "properties": { }, "geometry": { "type": "MultiLineString", "coordinates": [ [ [ 22.989986, 40.519698 ], [ 22.990132, 40.51974 ], [ 22.991682, 40.520487 ] ] ] } },
{ "type": "Feature", "properties": { }, "geometry": { "type": "MultiLineString", "coordinates": [ [ [ 22.989192, 40.5199 ], [ 22.989851, 40.520508 ] ] ] } },
{ "type": "Feature", "properties": { }, "geometry": { "type": "MultiLineString", "coordinates": [ [ [ 22.985604, 40.520938 ], [ 22.985888, 40.521749 ], [ 22.986408, 40.522151 ] ] ] } },
{ "type": "Feature", "properties": { }, "geometry": { "type": "MultiLineString", "coordinates": [ [ [ 22.985888, 40.521749 ], [ 22.984826, 40.521959 ], [ 22.984565, 40.521135 ] ] ] } },
{ "type": "Feature", "properties": { }, "geometry": { "type": "MultiLineString", "coordinates": [ [ [ 22.982484, 40.524036 ], [ 22.98983, 40.520524 ], [ 22.990013, 40.520325 ], [ 22.990064, 40.520149 ], [ 22.990058, 40.519871 ], [ 22.989986, 40.519698 ] ] ] } },
{ "type": "Feature", "properties": { }, "geometry": { "type": "MultiLineString", "coordinates": [ [ [ 22.985807, 40.521953 ], [ 22.98577, 40.521883 ], [ 22.985665, 40.521859 ], [ 22.985169, 40.521959 ], [ 22.985088, 40.522 ], [ 22.985083, 40.522037 ], [ 22.985145, 40.522243 ] ] ] } },
{ "type": "Feature", "properties": { }, "geometry": { "type": "MultiLineString", "coordinates": [ [ [ 22.984826, 40.521959 ], [ 22.984963, 40.522371 ] ] ] } },
{ "type": "Feature", "properties": { }, "geometry": { "type": "MultiLineString", "coordinates": [ [ [ 22.985199, 40.522377 ], [ 22.985314, 40.522378 ], [ 22.985555, 40.522265 ], [ 22.985824, 40.522184 ], [ 22.985858, 40.52212 ], [ 22.985807, 40.521953 ] ] ] } },
{ "type": "Feature", "properties": { }, "geometry": { "type": "MultiLineString", "coordinates": [ [ [ 22.985145, 40.522243 ], [ 22.985199, 40.522377 ] ] ] } },
{ "type": "Feature", "properties": { }, "geometry": { "type": "MultiLineString", "coordinates": [ [ [ 22.981286, 40.522568 ], [ 22.983112, 40.522202 ], [ 22.983187, 40.522214 ] ] ] } },
{ "type": "Feature", "properties": { }, "geometry": { "type": "MultiLineString", "coordinates": [ [ [ 22.981088, 40.522283 ], [ 22.981179, 40.522506 ], [ 22.981286, 40.522568 ] ] ] } },
{ "type": "Feature", "properties": { }, "geometry": { "type": "MultiLineString", "coordinates": [ [ [ 22.978222, 40.522265 ], [ 22.97863, 40.522548 ] ] ] } },
{ "type": "Feature", "properties": { }, "geometry": { "type": "MultiLineString", "coordinates": [ [ [ 22.97731, 40.522969 ], [ 22.97875, 40.521882 ], [ 22.979034, 40.521845 ], [ 22.980445, 40.521984 ], [ 22.980674, 40.521938 ] ] ] } },
{ "type": "Feature", "properties": { }, "geometry": { "type": "MultiLineString", "coordinates": [ [ [ 22.977614, 40.522345 ], [ 22.977862, 40.52254 ] ] ] } },
{ "type": "Feature", "properties": { }, "geometry": { "type": "MultiLineString", "coordinates": [ [ [ 22.978124, 40.522643 ], [ 22.978431, 40.522407 ] ] ] } },
{ "type": "Feature", "properties": { }, "geometry": { "type": "MultiLineString", "coordinates": [ [ [ 22.983187, 40.522214 ], [ 22.983306, 40.522484 ], [ 22.98329, 40.522545 ], [ 22.983228, 40.522589 ], [ 22.981448, 40.522945 ] ] ] } },
{ "type": "Feature", "properties": { }, "geometry": { "type": "MultiLineString", "coordinates": [ [ [ 22.977923, 40.522494 ], [ 22.978283, 40.522755 ] ] ] } },
{ "type": "Feature", "properties": { }, "geometry": { "type": "MultiLineString", "coordinates": [ [ [ 22.976951, 40.522731 ], [ 22.977039, 40.522768 ], [ 22.977568, 40.523165 ] ] ] } },
{ "type": "Feature", "properties": { }, "geometry": { "type": "MultiLineString", "coordinates": [ [ [ 22.977568, 40.523165 ], [ 22.977667, 40.523233 ] ] ] } },
{ "type": "Feature", "properties": { }, "geometry": { "type": "MultiLineString", "coordinates": [ [ [ 23.053555, 40.52272 ], [ 23.053976, 40.523081 ], [ 23.057503, 40.525794 ] ] ] } },
{ "type": "Feature", "properties": { }, "geometry": { "type": "MultiLineString", "coordinates": [ [ [ 23.05661, 40.526474 ], [ 23.053066, 40.52378 ], [ 23.052397, 40.523343 ] ] ] } },
{ "type": "Feature", "properties": { }, "geometry": { "type": "MultiLineString", "coordinates": [ [ [ 23.057503, 40.525794 ], [ 23.059472, 40.527278 ] ] ] } },
{ "type": "Feature", "properties": { }, "geometry": { "type": "MultiLineString", "coordinates": [ [ [ 23.05661, 40.526474 ], [ 23.05844, 40.52784 ] ] ] } },
{ "type": "Feature", "properties": { }, "geometry": { "type": "MultiLineString", "coordinates": [ [ [ 23.055712, 40.529326 ], [ 23.059879, 40.527072 ] ] ] } },
{ "type": "Feature", "properties": { }, "geometry": { "type": "MultiLineString", "coordinates": [ [ [ 23.019287, 40.546557 ], [ 23.019485, 40.546492 ] ] ] } },
{ "type": "Feature", "properties": { }, "geometry": { "type": "MultiLineString", "coordinates": [ [ [ 23.019009, 40.546864 ], [ 23.019193, 40.546607 ], [ 23.019287, 40.546557 ] ] ] } },
{ "type": "Feature", "properties": { }, "geometry": { "type": "MultiLineString", "coordinates": [ [ [ 23.018888, 40.547025 ], [ 23.019009, 40.546864 ] ] ] } },
{ "type": "Feature", "properties": { }, "geometry": { "type": "MultiLineString", "coordinates": [ [ [ 23.019868, 40.547575 ], [ 23.020044, 40.547572 ], [ 23.020314, 40.547645 ], [ 23.02305, 40.548481 ] ] ] } },
{ "type": "Feature", "properties": { }, "geometry": { "type": "MultiLineString", "coordinates": [ [ [ 23.02305, 40.548481 ], [ 23.023681, 40.548911 ] ] ] } },
{ "type": "Feature", "properties": { }, "geometry": { "type": "MultiLineString", "coordinates": [ [ [ 22.984804, 40.522398 ], [ 22.98517, 40.522335 ] ] ] } },
{ "type": "Feature", "properties": { }, "geometry": { "type": "MultiLineString", "coordinates": [ [ [ 22.999797, 40.560392 ], [ 23.001157, 40.561779 ], [ 23.002048, 40.562781 ] ] ] } },
{ "type": "Feature", "properties": { }, "geometry": { "type": "MultiLineString", "coordinates": [ [ [ 22.986447, 40.570836 ], [ 22.986095, 40.570654 ], [ 22.986038, 40.570586 ], [ 22.986052, 40.570428 ], [ 22.986202, 40.570101 ], [ 22.988765, 40.566214 ], [ 22.989885, 40.564744 ] ] ] } },
{ "type": "Feature", "properties": { }, "geometry": { "type": "MultiLineString", "coordinates": [ [ [ 22.992843, 40.564158 ], [ 22.992304, 40.565159 ], [ 22.991835, 40.565658 ], [ 22.991375, 40.566287 ], [ 22.98813, 40.57161 ], [ 22.988039, 40.571848 ], [ 22.988103, 40.571977 ], [ 22.990624, 40.57312 ], [ 22.990829, 40.5731 ], [ 22.991067, 40.572939 ], [ 22.991466, 40.572592 ] ] ] } },
{ "type": "Feature", "properties": { }, "geometry": { "type": "MultiLineString", "coordinates": [ [ [ 22.986739, 40.571591 ], [ 22.987032, 40.571405 ], [ 22.987401, 40.571316 ], [ 22.987483, 40.571325 ], [ 22.987915, 40.571508 ] ] ] } },
{ "type": "Feature", "properties": { }, "geometry": { "type": "MultiLineString", "coordinates": [ [ [ 22.987915, 40.571508 ], [ 22.988246, 40.571665 ] ] ] } },
{ "type": "Feature", "properties": { }, "geometry": { "type": "MultiLineString", "coordinates": [ [ [ 22.998722, 40.575497 ], [ 22.999072, 40.575201 ], [ 22.999858, 40.57434 ], [ 23.0, 40.574076 ] ] ] } },
{ "type": "Feature", "properties": { }, "geometry": { "type": "MultiLineString", "coordinates": [ [ [ 22.996942, 40.576794 ], [ 22.997574, 40.576378 ], [ 22.998722, 40.575497 ] ] ] } },
{ "type": "Feature", "properties": { }, "geometry": { "type": "MultiLineString", "coordinates": [ [ [ 23.0, 40.574076 ], [ 23.000356, 40.574161 ], [ 23.000498, 40.574229 ], [ 23.001306, 40.574917 ], [ 23.002504, 40.575444 ], [ 23.002627, 40.575546 ], [ 23.002653, 40.575698 ], [ 23.002602, 40.576909 ], [ 23.002443, 40.577684 ], [ 23.002433, 40.577913 ], [ 23.002588, 40.579095 ] ] ] } },
{ "type": "Feature", "properties": { }, "geometry": { "type": "MultiLineString", "coordinates": [ [ [ 22.996844, 40.576851 ], [ 22.995764, 40.577542 ], [ 22.995333, 40.577862 ], [ 22.994902, 40.578313 ], [ 22.992901, 40.580193 ], [ 22.992081, 40.581057 ], [ 22.991564, 40.581796 ], [ 22.991392, 40.581916 ] ] ] } },
{ "type": "Feature", "properties": { }, "geometry": { "type": "MultiLineString", "coordinates": [ [ [ 23.023681, 40.548911 ], [ 23.024336, 40.549406 ] ] ] } },
{ "type": "Feature", "properties": { }, "geometry": { "type": "MultiLineString", "coordinates": [ [ [ 23.024336, 40.549406 ], [ 23.026125, 40.551103 ] ] ] } },
{ "type": "Feature", "properties": { }, "geometry": { "type": "MultiLineString", "coordinates": [ [ [ 23.026125, 40.551103 ], [ 23.026255, 40.551195 ], [ 23.02733, 40.551673 ], [ 23.029207, 40.552096 ] ] ] } },
{ "type": "Feature", "properties": { }, "geometry": { "type": "MultiLineString", "coordinates": [ [ [ 23.044622, 40.551871 ], [ 23.044045, 40.551676 ], [ 23.034598, 40.552408 ], [ 23.033142, 40.552284 ], [ 23.032325, 40.552329 ] ] ] } },
{ "type": "Feature", "properties": { }, "geometry": { "type": "MultiLineString", "coordinates": [ [ [ 23.032182, 40.552333 ], [ 23.031493, 40.552319 ], [ 23.030445, 40.552194 ], [ 23.029207, 40.552096 ] ] ] } },
{ "type": "Feature", "properties": { }, "geometry": { "type": "MultiLineString", "coordinates": [ [ [ 23.032325, 40.552329 ], [ 23.032182, 40.552333 ] ] ] } },
{ "type": "Feature", "properties": { }, "geometry": { "type": "MultiLineString", "coordinates": [ [ [ 23.021042, 40.553554 ], [ 23.021346, 40.553823 ], [ 23.021495, 40.553885 ] ] ] } },
{ "type": "Feature", "properties": { }, "geometry": { "type": "MultiLineString", "coordinates": [ [ [ 23.021085, 40.554013 ], [ 23.021285, 40.553939 ], [ 23.02319, 40.553464 ] ] ] } },
{ "type": "Feature", "properties": { }, "geometry": { "type": "MultiLineString", "coordinates": [ [ [ 23.022286, 40.553696 ], [ 23.022771, 40.554714 ] ] ] } },
{ "type": "Feature", "properties": { }, "geometry": { "type": "MultiLineString", "coordinates": [ [ [ 23.002588, 40.579095 ], [ 23.002636, 40.57976 ], [ 23.002497, 40.580308 ], [ 23.002441, 40.581112 ], [ 23.002475, 40.581862 ], [ 23.002577, 40.582734 ], [ 23.00253, 40.582958 ], [ 23.002386, 40.583244 ] ] ] } },
{ "type": "Feature", "properties": { }, "geometry": { "type": "MultiLineString", "coordinates": [ [ [ 22.972749, 40.50935 ], [ 22.972894, 40.509074 ], [ 22.973243, 40.50875 ], [ 22.973307, 40.508634 ], [ 22.973329, 40.508466 ], [ 22.97327, 40.508342 ], [ 22.973143, 40.508205 ], [ 22.973174, 40.508087 ], [ 22.973948, 40.507271 ], [ 22.97488, 40.506571 ] ] ] } },
{ "type": "Feature", "properties": { }, "geometry": { "type": "MultiLineString", "coordinates": [ [ [ 22.969956, 40.507717 ], [ 22.970131, 40.50783 ], [ 22.971452, 40.508246 ] ] ] } },
{ "type": "Feature", "properties": { }, "geometry": { "type": "MultiLineString", "coordinates": [ [ [ 22.971452, 40.508246 ], [ 22.971685, 40.508345 ] ] ] } },
{ "type": "Feature", "properties": { }, "geometry": { "type": "MultiLineString", "coordinates": [ [ [ 22.970586, 40.507967 ], [ 22.969754, 40.508911 ] ] ] } },
{ "type": "Feature", "properties": { }, "geometry": { "type": "MultiLineString", "coordinates": [ [ [ 22.973264, 40.50872 ], [ 22.97354, 40.508786 ], [ 22.973836, 40.508687 ], [ 22.974099, 40.508658 ] ] ] } },
{ "type": "Feature", "properties": { }, "geometry": { "type": "MultiLineString", "coordinates": [ [ [ 22.971401, 40.508707 ], [ 22.971146, 40.508606 ], [ 22.971031, 40.508653 ], [ 22.970779, 40.508992 ], [ 22.970766, 40.509053 ], [ 22.970819, 40.509151 ], [ 22.971, 40.509239 ] ] ] } },
{ "type": "Feature", "properties": { }, "geometry": { "type": "MultiLineString", "coordinates": [ [ [ 22.970911, 40.509346 ], [ 22.969713, 40.508776 ] ] ] } },
{ "type": "Feature", "properties": { }, "geometry": { "type": "MultiLineString", "coordinates": [ [ [ 22.969164, 40.509631 ], [ 22.96936, 40.509376 ], [ 22.970046, 40.509672 ], [ 22.970051, 40.50978 ], [ 22.969908, 40.509968 ] ] ] } },
{ "type": "Feature", "properties": { }, "geometry": { "type": "MultiLineString", "coordinates": [ [ [ 22.970296, 40.510147 ], [ 22.969164, 40.509631 ] ] ] } },
{ "type": "Feature", "properties": { }, "geometry": { "type": "MultiLineString", "coordinates": [ [ [ 22.969703, 40.509524 ], [ 22.969132, 40.510296 ] ] ] } },
{ "type": "Feature", "properties": { }, "geometry": { "type": "MultiLineString", "coordinates": [ [ [ 22.962135, 40.517712 ], [ 22.962942, 40.517474 ], [ 22.963508, 40.517185 ], [ 22.966532, 40.514905 ], [ 22.9668, 40.514674 ], [ 22.967054, 40.514406 ], [ 22.967434, 40.513917 ], [ 22.973265, 40.506275 ] ] ] } },
{ "type": "Feature", "properties": { }, "geometry": { "type": "MultiLineString", "coordinates": [ [ [ 22.96814, 40.512958 ], [ 22.967862, 40.512856 ], [ 22.96782, 40.512775 ], [ 22.968022, 40.512453 ], [ 22.968142, 40.51242 ], [ 22.968217, 40.512439 ] ] ] } },
{ "type": "Feature", "properties": { }, "geometry": { "type": "MultiLineString", "coordinates": [ [ [ 22.967862, 40.512856 ], [ 22.967707, 40.51301 ], [ 22.967579, 40.513089 ], [ 22.967107, 40.51362 ], [ 22.967109, 40.513691 ], [ 22.967182, 40.513744 ], [ 22.967497, 40.513833 ] ] ] } },
{ "type": "Feature", "properties": { }, "geometry": { "type": "MultiLineString", "coordinates": [ [ [ 22.964817, 40.515619 ], [ 22.965139, 40.515406 ], [ 22.96523, 40.515388 ], [ 22.965292, 40.515406 ], [ 22.965564, 40.515626 ] ] ] } },
{ "type": "Feature", "properties": { }, "geometry": { "type": "MultiLineString", "coordinates": [ [ [ 22.961312, 40.517866 ], [ 22.961572, 40.517661 ], [ 22.962102, 40.517455 ], [ 22.962756, 40.517096 ], [ 22.962855, 40.517011 ], [ 22.962963, 40.516839 ], [ 22.962979, 40.516752 ], [ 22.962931, 40.516552 ], [ 22.963121, 40.516268 ], [ 22.963209, 40.515824 ], [ 22.963534, 40.514845 ], [ 22.963456, 40.514627 ], [ 22.963156, 40.514301 ], [ 22.962986, 40.514172 ] ] ] } },
{ "type": "Feature", "properties": { }, "geometry": { "type": "MultiLineString", "coordinates": [ [ [ 22.964756, 40.516069 ], [ 22.964866, 40.516153 ] ] ] } },
{ "type": "Feature", "properties": { }, "geometry": { "type": "MultiLineString", "coordinates": [ [ [ 22.961656, 40.515547 ], [ 22.961741, 40.51565 ], [ 22.962522, 40.516193 ], [ 22.962641, 40.516297 ], [ 22.962913, 40.516645 ], [ 22.963219, 40.516829 ] ] ] } },
{ "type": "Feature", "properties": { }, "geometry": { "type": "MultiLineString", "coordinates": [ [ [ 22.963529, 40.516668 ], [ 22.963339, 40.516809 ], [ 22.963321, 40.516908 ], [ 22.963421, 40.516997 ], [ 22.963611, 40.516974 ], [ 22.963723, 40.517028 ] ] ] } },
{ "type": "Feature", "properties": { }, "geometry": { "type": "MultiLineString", "coordinates": [ [ [ 22.962949, 40.516487 ], [ 22.962686, 40.517039 ], [ 22.962441, 40.517278 ] ] ] } },
{ "type": "Feature", "properties": { }, "geometry": { "type": "MultiLineString", "coordinates": [ [ [ 22.961251, 40.51773 ], [ 22.961373, 40.517665 ], [ 22.96143, 40.517558 ], [ 22.961408, 40.517452 ], [ 22.961237, 40.517129 ] ] ] } },
{ "type": "Feature", "properties": { }, "geometry": { "type": "MultiLineString", "coordinates": [ [ [ 22.960423, 40.517233 ], [ 22.960686, 40.517357 ], [ 22.961004, 40.517622 ], [ 22.961272, 40.517772 ] ] ] } },
{ "type": "Feature", "properties": { }, "geometry": { "type": "MultiLineString", "coordinates": [ [ [ 22.960045, 40.516774 ], [ 22.959865, 40.517086 ], [ 22.959961, 40.517414 ], [ 22.959916, 40.517622 ], [ 22.959784, 40.517824 ], [ 22.959355, 40.518303 ], [ 22.959242, 40.518644 ], [ 22.959282, 40.518678 ] ] ] } },
{ "type": "Feature", "properties": { }, "geometry": { "type": "MultiLineString", "coordinates": [ [ [ 22.961231, 40.51768 ], [ 22.961333, 40.517917 ] ] ] } },
{ "type": "Feature", "properties": { }, "geometry": { "type": "MultiLineString", "coordinates": [ [ [ 22.958481, 40.517894 ], [ 22.958958, 40.518299 ], [ 22.959132, 40.518354 ], [ 22.959276, 40.51847 ] ] ] } },
{ "type": "Feature", "properties": { }, "geometry": { "type": "MultiLineString", "coordinates": [ [ [ 22.962585, 40.519068 ], [ 22.962135, 40.517712 ] ] ] } },
{ "type": "Feature", "properties": { }, "geometry": { "type": "MultiLineString", "coordinates": [ [ [ 22.960959, 40.5186 ], [ 22.961252, 40.518527 ], [ 22.961672, 40.51852 ], [ 22.96191, 40.51848 ], [ 22.962324, 40.518249 ] ] ] } },
{ "type": "Feature", "properties": { }, "geometry": { "type": "MultiLineString", "coordinates": [ [ [ 22.96191, 40.51848 ], [ 22.962376, 40.518405 ] ] ] } },
{ "type": "Feature", "properties": { }, "geometry": { "type": "MultiLineString", "coordinates": [ [ [ 22.958891, 40.518352 ], [ 22.95887, 40.518473 ], [ 22.958917, 40.518558 ], [ 22.959242, 40.518644 ] ] ] } },
{ "type": "Feature", "properties": { }, "geometry": { "type": "MultiLineString", "coordinates": [ [ [ 22.961961, 40.518849 ], [ 22.961834, 40.518496 ] ] ] } },
{ "type": "Feature", "properties": { }, "geometry": { "type": "MultiLineString", "coordinates": [ [ [ 22.962483, 40.518742 ], [ 22.961817, 40.518879 ] ] ] } },
{ "type": "Feature", "properties": { }, "geometry": { "type": "MultiLineString", "coordinates": [ [ [ 22.969132, 40.510296 ], [ 22.969278, 40.510355 ], [ 22.969389, 40.510351 ], [ 22.969908, 40.509968 ] ] ] } },
{ "type": "Feature", "properties": { }, "geometry": { "type": "MultiLineString", "coordinates": [ [ [ 22.96915, 40.511654 ], [ 22.969741, 40.511919 ], [ 22.970199, 40.512179 ] ] ] } },
{ "type": "Feature", "properties": { }, "geometry": { "type": "MultiLineString", "coordinates": [ [ [ 22.972749, 40.50935 ], [ 22.972372, 40.510822 ], [ 22.972257, 40.510879 ], [ 22.971846, 40.510812 ], [ 22.971739, 40.510822 ], [ 22.971656, 40.510897 ], [ 22.971573, 40.511048 ], [ 22.971398, 40.511452 ], [ 22.971448, 40.511805 ], [ 22.970743, 40.51294 ], [ 22.970518, 40.513503 ], [ 22.970161, 40.514634 ] ] ] } },
{ "type": "Feature", "properties": { }, "geometry": { "type": "MultiLineString", "coordinates": [ [ [ 22.968217, 40.512439 ], [ 22.968465, 40.512534 ] ] ] } },
{ "type": "Feature", "properties": { }, "geometry": { "type": "MultiLineString", "coordinates": [ [ [ 22.970161, 40.514634 ], [ 22.969971, 40.515296 ], [ 22.969914, 40.51595 ], [ 22.969805, 40.516372 ], [ 22.9698, 40.517171 ] ] ] } },
{ "type": "Feature", "properties": { }, "geometry": { "type": "MultiLineString", "coordinates": [ [ [ 22.9698, 40.517171 ], [ 22.969944, 40.51721 ], [ 22.970628, 40.517284 ], [ 22.971132, 40.51743 ] ] ] } },
{ "type": "Feature", "properties": { }, "geometry": { "type": "MultiLineString", "coordinates": [ [ [ 22.9698, 40.517171 ], [ 22.969746, 40.517294 ], [ 22.969784, 40.517514 ], [ 22.969754, 40.517804 ], [ 22.969601, 40.518189 ], [ 22.969646, 40.518377 ], [ 22.969961, 40.518648 ], [ 22.970306, 40.518729 ], [ 22.970837, 40.518803 ] ] ] } },
{ "type": "Feature", "properties": { }, "geometry": { "type": "MultiLineString", "coordinates": [ [ [ 22.972183, 40.525921 ], [ 22.972799, 40.525928 ], [ 22.973495, 40.525893 ], [ 22.973665, 40.525807 ], [ 22.974082, 40.525492 ] ] ] } },
{ "type": "Feature", "properties": { }, "geometry": { "type": "MultiLineString", "coordinates": [ [ [ 22.971872, 40.526998 ], [ 22.972183, 40.525921 ] ] ] } },
{ "type": "Feature", "properties": { }, "geometry": { "type": "MultiLineString", "coordinates": [ [ [ 22.972202, 40.527267 ], [ 22.972236, 40.527071 ], [ 22.972136, 40.526679 ], [ 22.972162, 40.526417 ], [ 22.972236, 40.526261 ], [ 22.972438, 40.526093 ], [ 22.972507, 40.525931 ] ] ] } },
{ "type": "Feature", "properties": { }, "geometry": { "type": "MultiLineString", "coordinates": [ [ [ 22.960826, 40.51877 ], [ 22.960699, 40.518981 ], [ 22.960741, 40.519078 ], [ 22.960801, 40.519085 ], [ 22.960876, 40.519035 ], [ 22.960826, 40.51877 ] ], [ [ 22.960826, 40.51877 ], [ 22.960873, 40.518656 ], [ 22.960959, 40.5186 ] ] ] } },
{ "type": "Feature", "properties": { }, "geometry": { "type": "MultiLineString", "coordinates": [ [ [ 22.958353, 40.519429 ], [ 22.958326, 40.519337 ], [ 22.95847, 40.519203 ], [ 22.958596, 40.518695 ], [ 22.958677, 40.518507 ], [ 22.958958, 40.518299 ] ] ] } },
{ "type": "Feature", "properties": { }, "geometry": { "type": "MultiLineString", "coordinates": [ [ [ 22.957625, 40.519035 ], [ 22.957764, 40.519164 ], [ 22.958092, 40.519347 ], [ 22.958231, 40.519382 ], [ 22.958326, 40.519337 ], [ 22.958433, 40.519364 ] ] ] } },
{ "type": "Feature", "properties": { }, "geometry": { "type": "MultiLineString", "coordinates": [ [ [ 22.962135, 40.517712 ], [ 22.960166, 40.518223 ], [ 22.95971, 40.518388 ], [ 22.959282, 40.518678 ], [ 22.957335, 40.520229 ], [ 22.957132, 40.520463 ], [ 22.956996, 40.520828 ] ] ] } },
{ "type": "Feature", "properties": { }, "geometry": { "type": "MultiLineString", "coordinates": [ [ [ 22.958592, 40.519242 ], [ 22.959736, 40.520091 ] ] ] } },
{ "type": "Feature", "properties": { }, "geometry": { "type": "MultiLineString", "coordinates": [ [ [ 22.957053, 40.52021 ], [ 22.957258, 40.5203 ] ] ] } },
{ "type": "Feature", "properties": { }, "geometry": { "type": "MultiLineString", "coordinates": [ [ [ 22.956996, 40.520828 ], [ 22.95702, 40.521222 ] ] ] } },
{ "type": "Feature", "properties": { }, "geometry": { "type": "MultiLineString", "coordinates": [ [ [ 22.95702, 40.521222 ], [ 22.957056, 40.521368 ] ] ] } },
{ "type": "Feature", "properties": { }, "geometry": { "type": "MultiLineString", "coordinates": [ [ [ 22.964692, 40.523492 ], [ 22.96503, 40.52339 ], [ 22.965159, 40.523319 ], [ 22.965872, 40.522742 ], [ 22.966484, 40.522644 ], [ 22.967159, 40.522697 ] ] ] } },
{ "type": "Feature", "properties": { }, "geometry": { "type": "MultiLineString", "coordinates": [ [ [ 22.965872, 40.522742 ], [ 22.966247, 40.522879 ], [ 22.967063, 40.523268 ], [ 22.967267, 40.523437 ], [ 22.967849, 40.524122 ], [ 22.967905, 40.524283 ], [ 22.967881, 40.52514 ], [ 22.967833, 40.525203 ], [ 22.967655, 40.525295 ] ] ] } },
{ "type": "Feature", "properties": { }, "geometry": { "type": "MultiLineString", "coordinates": [ [ [ 22.981226, 40.523548 ], [ 22.981109, 40.523121 ] ] ] } },
{ "type": "Feature", "properties": { }, "geometry": { "type": "MultiLineString", "coordinates": [ [ [ 22.974992, 40.524159 ], [ 22.976742, 40.522772 ], [ 22.976835, 40.52273 ], [ 22.976951, 40.522731 ] ] ] } },
{ "type": "Feature", "properties": { }, "geometry": { "type": "MultiLineString", "coordinates": [ [ [ 22.972252, 40.525526 ], [ 22.972929, 40.525602 ], [ 22.973044, 40.525579 ], [ 22.974992, 40.524159 ] ] ] } },
{ "type": "Feature", "properties": { }, "geometry": { "type": "MultiLineString", "coordinates": [ [ [ 22.974846, 40.526527 ], [ 22.97376, 40.525048 ] ] ] } },
{ "type": "Feature", "properties": { }, "geometry": { "type": "MultiLineString", "coordinates": [ [ [ 22.976247, 40.526938 ], [ 22.975627, 40.527316 ] ] ] } },
{ "type": "Feature", "properties": { }, "geometry": { "type": "MultiLineString", "coordinates": [ [ [ 22.974041, 40.527429 ], [ 22.974074, 40.526957 ] ] ] } },
{ "type": "Feature", "properties": { }, "geometry": { "type": "MultiLineString", "coordinates": [ [ [ 22.974074, 40.526957 ], [ 22.974463, 40.526969 ], [ 22.974432, 40.527451 ] ] ] } },
{ "type": "Feature", "properties": { }, "geometry": { "type": "MultiLineString", "coordinates": [ [ [ 22.975627, 40.527316 ], [ 22.975378, 40.527434 ] ] ] } },
{ "type": "Feature", "properties": { }, "geometry": { "type": "MultiLineString", "coordinates": [ [ [ 22.974045, 40.527549 ], [ 22.974041, 40.527429 ] ] ] } },
{ "type": "Feature", "properties": { }, "geometry": { "type": "MultiLineString", "coordinates": [ [ [ 22.975079, 40.52756 ], [ 22.974746, 40.527482 ], [ 22.974041, 40.527429 ] ] ] } },
{ "type": "Feature", "properties": { }, "geometry": { "type": "MultiLineString", "coordinates": [ [ [ 22.961395, 40.523497 ], [ 22.961373, 40.524028 ], [ 22.961164, 40.524298 ], [ 22.960838, 40.524577 ] ] ] } },
{ "type": "Feature", "properties": { }, "geometry": { "type": "MultiLineString", "coordinates": [ [ [ 22.960683, 40.524494 ], [ 22.960741, 40.524527 ] ] ] } },
{ "type": "Feature", "properties": { }, "geometry": { "type": "MultiLineString", "coordinates": [ [ [ 22.9639, 40.524555 ], [ 22.96409, 40.524603 ] ] ] } },
{ "type": "Feature", "properties": { }, "geometry": { "type": "MultiLineString", "coordinates": [ [ [ 22.960741, 40.524527 ], [ 22.962272, 40.525304 ], [ 22.96262, 40.525376 ], [ 22.963002, 40.525352 ], [ 22.963319, 40.525258 ], [ 22.963468, 40.525181 ], [ 22.963771, 40.524928 ], [ 22.964094, 40.523912 ] ] ] } },
{ "type": "Feature", "properties": { }, "geometry": { "type": "MultiLineString", "coordinates": [ [ [ 22.96565, 40.525301 ], [ 22.966028, 40.525113 ], [ 22.966294, 40.52494 ] ] ] } },
{ "type": "Feature", "properties": { }, "geometry": { "type": "MultiLineString", "coordinates": [ [ [ 22.96565, 40.525301 ], [ 22.966219, 40.525574 ], [ 22.966803, 40.525755 ], [ 22.966911, 40.525735 ], [ 22.967187, 40.525568 ], [ 22.967347, 40.525397 ], [ 22.967429, 40.52545 ], [ 22.967539, 40.525367 ] ] ] } },
{ "type": "Feature", "properties": { }, "geometry": { "type": "MultiLineString", "coordinates": [ [ [ 22.967532, 40.525722 ], [ 22.967727, 40.52573 ], [ 22.968129, 40.52585 ], [ 22.968336, 40.525851 ] ] ] } },
{ "type": "Feature", "properties": { }, "geometry": { "type": "MultiLineString", "coordinates": [ [ [ 22.9672, 40.526717 ], [ 22.967172, 40.526563 ], [ 22.967221, 40.526399 ], [ 22.967548, 40.525675 ], [ 22.967539, 40.525367 ] ] ] } },
{ "type": "Feature", "properties": { }, "geometry": { "type": "MultiLineString", "coordinates": [ [ [ 22.964115, 40.527132 ], [ 22.964312, 40.52682 ], [ 22.964373, 40.526563 ], [ 22.964351, 40.526424 ], [ 22.964239, 40.526312 ], [ 22.963737, 40.526004 ], [ 22.963507, 40.525898 ], [ 22.963137, 40.525601 ], [ 22.962992, 40.525444 ], [ 22.962812, 40.525377 ] ] ] } },
{ "type": "Feature", "properties": { }, "geometry": { "type": "MultiLineString", "coordinates": [ [ [ 22.966074, 40.525507 ], [ 22.965687, 40.525963 ], [ 22.96499, 40.527066 ], [ 22.964787, 40.527482 ] ] ] } },
{ "type": "Feature", "properties": { }, "geometry": { "type": "MultiLineString", "coordinates": [ [ [ 22.973352, 40.527404 ], [ 22.973399, 40.526962 ] ] ] } },
{ "type": "Feature", "properties": { }, "geometry": { "type": "MultiLineString", "coordinates": [ [ [ 22.974041, 40.527429 ], [ 22.972829, 40.527379 ], [ 22.972431, 40.527319 ], [ 22.972082, 40.52723 ], [ 22.971969, 40.527166 ], [ 22.971872, 40.526998 ] ] ] } },
{ "type": "Feature", "properties": { }, "geometry": { "type": "MultiLineString", "coordinates": [ [ [ 22.972431, 40.527319 ], [ 22.9723, 40.527692 ] ] ] } },
{ "type": "Feature", "properties": { }, "geometry": { "type": "MultiLineString", "coordinates": [ [ [ 22.9723, 40.527692 ], [ 22.971763, 40.527587 ] ] ] } },
{ "type": "Feature", "properties": { }, "geometry": { "type": "MultiLineString", "coordinates": [ [ [ 22.970728, 40.527665 ], [ 22.970932, 40.527711 ] ] ] } },
{ "type": "Feature", "properties": { }, "geometry": { "type": "MultiLineString", "coordinates": [ [ [ 22.970932, 40.527711 ], [ 22.971063, 40.527739 ] ] ] } },
{ "type": "Feature", "properties": { }, "geometry": { "type": "MultiLineString", "coordinates": [ [ [ 22.9723, 40.527692 ], [ 22.972169, 40.527968 ], [ 22.972112, 40.528021 ], [ 22.971697, 40.528176 ] ] ] } },
{ "type": "Feature", "properties": { }, "geometry": { "type": "MultiLineString", "coordinates": [ [ [ 22.971063, 40.527739 ], [ 22.971908, 40.528326 ], [ 22.972192, 40.528471 ], [ 22.972585, 40.52856 ], [ 22.972857, 40.528555 ], [ 22.973325, 40.528425 ], [ 22.975378, 40.527434 ] ] ] } },
{ "type": "Feature", "properties": { }, "geometry": { "type": "MultiLineString", "coordinates": [ [ [ 22.9718, 40.528435 ], [ 22.97175, 40.528282 ], [ 22.971774, 40.528236 ] ] ] } },
{ "type": "Feature", "properties": { }, "geometry": { "type": "MultiLineString", "coordinates": [ [ [ 22.971908, 40.528326 ], [ 22.971503, 40.528844 ], [ 22.971498, 40.528967 ], [ 22.971593, 40.529236 ], [ 22.971401, 40.529499 ] ] ] } },
{ "type": "Feature", "properties": { }, "geometry": { "type": "MultiLineString", "coordinates": [ [ [ 22.9672, 40.526717 ], [ 22.968259, 40.526899 ] ] ] } },
{ "type": "Feature", "properties": { }, "geometry": { "type": "MultiLineString", "coordinates": [ [ [ 22.9672, 40.526717 ], [ 22.96701, 40.52672 ], [ 22.966755, 40.526882 ], [ 22.966462, 40.527323 ], [ 22.966328, 40.527451 ], [ 22.966202, 40.527803 ], [ 22.966103, 40.52838 ] ] ] } },
{ "type": "Feature", "properties": { }, "geometry": { "type": "MultiLineString", "coordinates": [ [ [ 22.966508, 40.529298 ], [ 22.96685, 40.527729 ], [ 22.967104, 40.526895 ], [ 22.9672, 40.526717 ] ] ] } },
{ "type": "Feature", "properties": { }, "geometry": { "type": "MultiLineString", "coordinates": [ [ [ 22.966103, 40.52838 ], [ 22.966271, 40.528887 ], [ 22.966508, 40.529298 ] ] ] } },
{ "type": "Feature", "properties": { }, "geometry": { "type": "MultiLineString", "coordinates": [ [ [ 22.966146, 40.53049 ], [ 22.965723, 40.530063 ], [ 22.965622, 40.52976 ], [ 22.965645, 40.529529 ], [ 22.965814, 40.529008 ], [ 22.965903, 40.52876 ], [ 22.966103, 40.52838 ] ] ] } },
{ "type": "Feature", "properties": { }, "geometry": { "type": "MultiLineString", "coordinates": [ [ [ 22.966508, 40.529298 ], [ 22.966146, 40.53049 ] ] ] } },
{ "type": "Feature", "properties": { }, "geometry": { "type": "MultiLineString", "coordinates": [ [ [ 22.966146, 40.53049 ], [ 22.966391, 40.530703 ], [ 22.967185, 40.530908 ], [ 22.969537, 40.531207 ] ] ] } },
{ "type": "Feature", "properties": { }, "geometry": { "type": "MultiLineString", "coordinates": [ [ [ 22.957606, 40.568645 ], [ 22.958095, 40.569014 ], [ 22.958407, 40.569175 ] ] ] } },
{ "type": "Feature", "properties": { }, "geometry": { "type": "MultiLineString", "coordinates": [ [ [ 22.958032, 40.569563 ], [ 22.957761, 40.568952 ], [ 22.957497, 40.568765 ] ] ] } },
{ "type": "Feature", "properties": { }, "geometry": { "type": "MultiLineString", "coordinates": [ [ [ 22.957155, 40.569141 ], [ 22.95817, 40.569161 ], [ 22.958351, 40.569225 ] ] ] } },
{ "type": "Feature", "properties": { }, "geometry": { "type": "MultiLineString", "coordinates": [ [ [ 22.969537, 40.531207 ], [ 22.970441, 40.528448 ], [ 22.970953, 40.527137 ] ] ] } },
{ "type": "Feature", "properties": { }, "geometry": { "type": "MultiLineString", "coordinates": [ [ [ 22.969749, 40.531331 ], [ 22.969747, 40.531271 ], [ 22.969558, 40.531136 ] ] ] } },
{ "type": "Feature", "properties": { }, "geometry": { "type": "MultiLineString", "coordinates": [ [ [ 22.969537, 40.531207 ], [ 22.969585, 40.531344 ], [ 22.969687, 40.531374 ], [ 22.969749, 40.531331 ] ] ] } },
{ "type": "Feature", "properties": { }, "geometry": { "type": "MultiLineString", "coordinates": [ [ [ 22.971501, 40.595296 ], [ 22.971634, 40.595014 ], [ 22.971796, 40.594329 ], [ 22.972093, 40.593833 ], [ 22.972188, 40.593266 ] ] ] } },
{ "type": "Feature", "properties": { }, "geometry": { "type": "MultiLineString", "coordinates": [ [ [ 22.971449, 40.59557 ], [ 22.971501, 40.595296 ] ] ] } },
{ "type": "Feature", "properties": { }, "geometry": { "type": "MultiLineString", "coordinates": [ [ [ 22.971629, 40.596372 ], [ 22.971607, 40.596039 ], [ 22.971449, 40.59557 ] ] ] } },
{ "type": "Feature", "properties": { }, "geometry": { "type": "MultiLineString", "coordinates": [ [ [ 22.971615, 40.59656 ], [ 22.971629, 40.596372 ] ] ] } },
{ "type": "Feature", "properties": { }, "geometry": { "type": "MultiLineString", "coordinates": [ [ [ 22.971509, 40.596879 ], [ 22.971615, 40.59656 ] ] ] } },
{ "type": "Feature", "properties": { }, "geometry": { "type": "MultiLineString", "coordinates": [ [ [ 22.971433, 40.59711 ], [ 22.971509, 40.596879 ] ] ] } },
{ "type": "Feature", "properties": { }, "geometry": { "type": "MultiLineString", "coordinates": [ [ [ 22.971433, 40.59711 ], [ 22.971778, 40.597206 ], [ 22.971907, 40.597284 ] ] ] } },
{ "type": "Feature", "properties": { }, "geometry": { "type": "MultiLineString", "coordinates": [ [ [ 22.912572, 40.496152 ], [ 22.91119, 40.497021 ], [ 22.909995, 40.497838 ], [ 22.909991, 40.497945 ] ] ] } },
{ "type": "Feature", "properties": { }, "geometry": { "type": "MultiLineString", "coordinates": [ [ [ 22.909991, 40.497945 ], [ 22.91265, 40.500659 ] ] ] } },
{ "type": "Feature", "properties": { }, "geometry": { "type": "MultiLineString", "coordinates": [ [ [ 22.909971, 40.498751 ], [ 22.910019, 40.498883 ], [ 22.911014, 40.500028 ], [ 22.911598, 40.500574 ], [ 22.912403, 40.501421 ] ] ] } },
{ "type": "Feature", "properties": { }, "geometry": { "type": "MultiLineString", "coordinates": [ [ [ 22.913299, 40.500265 ], [ 22.912004, 40.501024 ] ] ] } },
{ "type": "Feature", "properties": { }, "geometry": { "type": "MultiLineString", "coordinates": [ [ [ 22.913026, 40.501046 ], [ 22.912403, 40.501421 ] ] ] } },
{ "type": "Feature", "properties": { }, "geometry": { "type": "MultiLineString", "coordinates": [ [ [ 22.912403, 40.501421 ], [ 22.912687, 40.501832 ], [ 22.913084, 40.501998 ], [ 22.913287, 40.502036 ], [ 22.913571, 40.502042 ] ] ] } },
{ "type": "Feature", "properties": { }, "geometry": { "type": "MultiLineString", "coordinates": [ [ [ 22.947303, 40.627337 ], [ 22.947251, 40.627407 ], [ 22.946302, 40.628074 ], [ 22.942454, 40.63071 ], [ 22.936989, 40.633863 ] ] ] } },
{ "type": "Feature", "properties": { }, "geometry": { "type": "MultiLineString", "coordinates": [ [ [ 22.940487, 40.632026 ], [ 22.940379, 40.631907 ] ] ] } },
{ "type": "Feature", "properties": { }, "geometry": { "type": "MultiLineString", "coordinates": [ [ [ 22.9402, 40.63219 ], [ 22.940906, 40.631786 ] ] ] } },
{ "type": "Feature", "properties": { }, "geometry": { "type": "MultiLineString", "coordinates": [ [ [ 22.941608, 40.632497 ], [ 22.940906, 40.631786 ] ] ] } },
{ "type": "Feature", "properties": { }, "geometry": { "type": "MultiLineString", "coordinates": [ [ [ 22.89186, 40.49935 ], [ 22.892279, 40.499319 ], [ 22.892287, 40.499279 ] ] ] } },
{ "type": "Feature", "properties": { }, "geometry": { "type": "MultiLineString", "coordinates": [ [ [ 22.904416, 40.501929 ], [ 22.904533, 40.501996 ] ] ] } },
{ "type": "Feature", "properties": { }, "geometry": { "type": "MultiLineString", "coordinates": [ [ [ 22.903171, 40.502847 ], [ 22.902953, 40.502793 ] ] ] } },
{ "type": "Feature", "properties": { }, "geometry": { "type": "MultiLineString", "coordinates": [ [ [ 22.903039, 40.503496 ], [ 22.902978, 40.503489 ], [ 22.903171, 40.502847 ] ] ] } },
{ "type": "Feature", "properties": { }, "geometry": { "type": "MultiLineString", "coordinates": [ [ [ 22.903039, 40.503496 ], [ 22.903071, 40.5035 ] ] ] } },
{ "type": "Feature", "properties": { }, "geometry": { "type": "MultiLineString", "coordinates": [ [ [ 22.903071, 40.5035 ], [ 22.903097, 40.503504 ] ] ] } },
{ "type": "Feature", "properties": { }, "geometry": { "type": "MultiLineString", "coordinates": [ [ [ 22.859628, 40.627346 ], [ 22.859611, 40.627468 ] ] ] } },
{ "type": "Feature", "properties": { }, "geometry": { "type": "MultiLineString", "coordinates": [ [ [ 22.718806, 40.632421 ], [ 22.718654, 40.631915 ], [ 22.718631, 40.631302 ], [ 22.718801, 40.630488 ] ] ] } },
{ "type": "Feature", "properties": { }, "geometry": { "type": "MultiLineString", "coordinates": [ [ [ 22.718801, 40.630488 ], [ 22.71897, 40.631368 ], [ 22.718993, 40.631757 ], [ 22.718994, 40.632044 ], [ 22.718815, 40.632978 ] ] ] } },
{ "type": "Feature", "properties": { }, "geometry": { "type": "MultiLineString", "coordinates": [ [ [ 22.881728, 40.650718 ], [ 22.881747, 40.650428 ] ] ] } },
{ "type": "Feature", "properties": { }, "geometry": { "type": "MultiLineString", "coordinates": [ [ [ 22.949713, 40.582965 ], [ 22.950316, 40.583298 ], [ 22.950739, 40.583482 ], [ 22.951258, 40.583758 ], [ 22.951847, 40.584149 ], [ 22.953041, 40.584451 ] ] ] } },
{ "type": "Feature", "properties": { }, "geometry": { "type": "MultiLineString", "coordinates": [ [ [ 22.950491, 40.609973 ], [ 22.950154, 40.607131 ], [ 22.948789, 40.599431 ], [ 22.948605, 40.598717 ], [ 22.948629, 40.598661 ], [ 22.94912, 40.598789 ], [ 22.949034, 40.599104 ], [ 22.949317, 40.60063 ], [ 22.949436, 40.60067 ], [ 22.949436, 40.600868 ], [ 22.949363, 40.600873 ], [ 22.950055, 40.604768 ], [ 22.949995, 40.604771 ], [ 22.950072, 40.605213 ], [ 22.950332, 40.605175 ], [ 22.950416, 40.605633 ], [ 22.950217, 40.605652 ], [ 22.950474, 40.607098 ], [ 22.950817, 40.609901 ] ] ] } },
{ "type": "Feature", "properties": { }, "geometry": { "type": "MultiLineString", "coordinates": [ [ [ 22.950491, 40.609973 ], [ 22.951623, 40.60976 ] ] ] } },
{ "type": "Feature", "properties": { }, "geometry": { "type": "MultiLineString", "coordinates": [ [ [ 22.951266, 40.613525 ], [ 22.952309, 40.613406 ] ] ] } },
{ "type": "Feature", "properties": { }, "geometry": { "type": "MultiLineString", "coordinates": [ [ [ 22.952449, 40.615245 ], [ 22.951496, 40.615329 ] ] ] } },
{ "type": "Feature", "properties": { }, "geometry": { "type": "MultiLineString", "coordinates": [ [ [ 22.951597, 40.616183 ], [ 22.952562, 40.616122 ] ] ] } },
{ "type": "Feature", "properties": { }, "geometry": { "type": "MultiLineString", "coordinates": [ [ [ 22.95166, 40.616817 ], [ 22.952644, 40.61667 ] ] ] } },
{ "type": "Feature", "properties": { }, "geometry": { "type": "MultiLineString", "coordinates": [ [ [ 22.952799, 40.617334 ], [ 22.952744, 40.617221 ], [ 22.952639, 40.617209 ], [ 22.95257, 40.617266 ], [ 22.952576, 40.617332 ], [ 22.952695, 40.617376 ] ] ] } },
{ "type": "Feature", "properties": { }, "geometry": { "type": "MultiLineString", "coordinates": [ [ [ 22.952695, 40.617376 ], [ 22.953302, 40.617308 ] ] ] } },
{ "type": "Feature", "properties": { }, "geometry": { "type": "MultiLineString", "coordinates": [ [ [ 22.953302, 40.617308 ], [ 22.953364, 40.617305 ], [ 22.953458, 40.617354 ], [ 22.95346, 40.617435 ], [ 22.953426, 40.617469 ], [ 22.953284, 40.617463 ], [ 22.953243, 40.617368 ] ] ] } },
{ "type": "Feature", "properties": { }, "geometry": { "type": "MultiLineString", "coordinates": [ [ [ 22.950817, 40.609901 ], [ 22.951785, 40.617678 ], [ 22.951956, 40.619462 ], [ 22.952227, 40.620851 ], [ 22.951779, 40.622046 ], [ 22.951758, 40.622233 ], [ 22.951803, 40.622648 ], [ 22.951858, 40.622775 ], [ 22.951901, 40.622764 ], [ 22.952019, 40.622933 ], [ 22.951781, 40.622916 ], [ 22.950326, 40.623893 ], [ 22.95103, 40.624471 ], [ 22.950503, 40.624868 ], [ 22.949765, 40.62427 ], [ 22.948719, 40.624973 ], [ 22.948698, 40.624956 ], [ 22.948328, 40.625202 ], [ 22.94814, 40.625045 ], [ 22.950886, 40.623181 ], [ 22.951, 40.623077 ], [ 22.95125, 40.622649 ], [ 22.951013, 40.622591 ], [ 22.951359, 40.621769 ], [ 22.951599, 40.621823 ], [ 22.95165, 40.621689 ] ], [ [ 22.951707, 40.621536 ], [ 22.951831, 40.621177 ], [ 22.951858, 40.620784 ], [ 22.951521, 40.618057 ], [ 22.951303, 40.618069 ] ], [ [ 22.951252, 40.617638 ], [ 22.951455, 40.617625 ], [ 22.950491, 40.609973 ] ] ] } },
{ "type": "Feature", "properties": { }, "geometry": { "type": "MultiLineString", "coordinates": [ [ [ 22.951785, 40.617678 ], [ 22.953049, 40.617591 ] ] ] } },
{ "type": "Feature", "properties": { }, "geometry": { "type": "MultiLineString", "coordinates": [ [ [ 22.952116, 40.619451 ], [ 22.951873, 40.619468 ] ] ] } },
{ "type": "Feature", "properties": { }, "geometry": { "type": "MultiLineString", "coordinates": [ [ [ 22.952116, 40.619451 ], [ 22.952477, 40.619863 ], [ 22.952347, 40.619256 ], [ 22.952602, 40.619568 ], [ 22.952547, 40.619248 ], [ 22.952674, 40.619397 ] ] ] } },
{ "type": "Feature", "properties": { }, "geometry": { "type": "MultiLineString", "coordinates": [ [ [ 22.952334, 40.620189 ], [ 22.952742, 40.61924 ], [ 22.951938, 40.619287 ] ] ] } },
{ "type": "Feature", "properties": { }, "geometry": { "type": "MultiLineString", "coordinates": [ [ [ 22.952566, 40.620375 ], [ 22.952414, 40.620345 ], [ 22.952371, 40.620283 ], [ 22.952053, 40.619458 ] ] ] } },
{ "type": "Feature", "properties": { }, "geometry": { "type": "MultiLineString", "coordinates": [ [ [ 22.952681, 40.620562 ], [ 22.952604, 40.620768 ] ] ] } },
{ "type": "Feature", "properties": { }, "geometry": { "type": "MultiLineString", "coordinates": [ [ [ 22.952039, 40.621093 ], [ 22.952371, 40.620283 ] ] ] } },
{ "type": "Feature", "properties": { }, "geometry": { "type": "MultiLineString", "coordinates": [ [ [ 22.954153, 40.621738 ], [ 22.953667, 40.62162 ] ] ] } },
{ "type": "Feature", "properties": { }, "geometry": { "type": "MultiLineString", "coordinates": [ [ [ 22.954194, 40.62291 ], [ 22.954572, 40.622316 ], [ 22.954655, 40.621786 ] ] ] } },
{ "type": "Feature", "properties": { }, "geometry": { "type": "MultiLineString", "coordinates": [ [ [ 22.950091, 40.625293 ], [ 22.949251, 40.624615 ] ] ] } },
{ "type": "Feature", "properties": { }, "geometry": { "type": "MultiLineString", "coordinates": [ [ [ 22.949694, 40.626207 ], [ 22.949571, 40.62613 ], [ 22.949574, 40.626041 ], [ 22.952417, 40.623836 ], [ 22.9525, 40.623831 ], [ 22.952775, 40.623963 ], [ 22.952822, 40.624057 ], [ 22.952651, 40.625917 ], [ 22.952672, 40.626211 ] ] ] } },
{ "type": "Feature", "properties": { }, "geometry": { "type": "MultiLineString", "coordinates": [ [ [ 22.951638, 40.62444 ], [ 22.951743, 40.624489 ], [ 22.951765, 40.624534 ], [ 22.951713, 40.624705 ], [ 22.951719, 40.624874 ], [ 22.95177, 40.625012 ], [ 22.952325, 40.625556 ], [ 22.952459, 40.625629 ], [ 22.952675, 40.625662 ] ] ] } },
{ "type": "Feature", "properties": { }, "geometry": { "type": "MultiLineString", "coordinates": [ [ [ 22.950503, 40.624868 ], [ 22.950026, 40.625241 ] ] ] } },
{ "type": "Feature", "properties": { }, "geometry": { "type": "MultiLineString", "coordinates": [ [ [ 22.951679, 40.625272 ], [ 22.952021, 40.625038 ], [ 22.952164, 40.62498 ], [ 22.952479, 40.62491 ], [ 22.952735, 40.624917 ] ] ] } },
{ "type": "Feature", "properties": { }, "geometry": { "type": "MultiLineString", "coordinates": [ [ [ 22.953006, 40.62513 ], [ 22.953124, 40.62514 ], [ 22.953328, 40.625238 ] ] ] } },
{ "type": "Feature", "properties": { }, "geometry": { "type": "MultiLineString", "coordinates": [ [ [ 22.947939, 40.625149 ], [ 22.948055, 40.625271 ] ] ] } },
{ "type": "Feature", "properties": { }, "geometry": { "type": "MultiLineString", "coordinates": [ [ [ 22.951509, 40.625396 ], [ 22.951679, 40.625272 ] ] ] } },
{ "type": "Feature", "properties": { }, "geometry": { "type": "MultiLineString", "coordinates": [ [ [ 22.949568, 40.625689 ], [ 22.948736, 40.624962 ] ] ] } },
{ "type": "Feature", "properties": { }, "geometry": { "type": "MultiLineString", "coordinates": [ [ [ 22.950197, 40.625379 ], [ 22.950091, 40.625293 ] ] ] } },
{ "type": "Feature", "properties": { }, "geometry": { "type": "MultiLineString", "coordinates": [ [ [ 22.953328, 40.625238 ], [ 22.95376, 40.625583 ] ] ] } },
{ "type": "Feature", "properties": { }, "geometry": { "type": "MultiLineString", "coordinates": [ [ [ 22.952562, 40.625984 ], [ 22.951119, 40.624842 ] ] ] } },
{ "type": "Feature", "properties": { }, "geometry": { "type": "MultiLineString", "coordinates": [ [ [ 22.950249, 40.62557 ], [ 22.950205, 40.625551 ] ] ] } },
{ "type": "Feature", "properties": { }, "geometry": { "type": "MultiLineString", "coordinates": [ [ [ 22.95376, 40.625583 ], [ 22.953865, 40.625667 ] ] ] } },
{ "type": "Feature", "properties": { }, "geometry": { "type": "MultiLineString", "coordinates": [ [ [ 22.951016, 40.625203 ], [ 22.950868, 40.625492 ], [ 22.950901, 40.625894 ], [ 22.950864, 40.626015 ] ] ] } },
{ "type": "Feature", "properties": { }, "geometry": { "type": "MultiLineString", "coordinates": [ [ [ 22.952459, 40.625629 ], [ 22.952309, 40.625781 ] ] ] } },
{ "type": "Feature", "properties": { }, "geometry": { "type": "MultiLineString", "coordinates": [ [ [ 22.94968, 40.625784 ], [ 22.949568, 40.625689 ] ] ] } },
{ "type": "Feature", "properties": { }, "geometry": { "type": "MultiLineString", "coordinates": [ [ [ 22.951312, 40.625549 ], [ 22.95096, 40.625494 ], [ 22.950675, 40.625498 ], [ 22.950406, 40.62553 ], [ 22.950223, 40.625597 ], [ 22.950189, 40.625681 ], [ 22.950207, 40.625809 ], [ 22.950284, 40.625938 ], [ 22.950387, 40.626029 ], [ 22.950653, 40.626069 ], [ 22.951025, 40.626004 ] ] ] } },
{ "type": "Feature", "properties": { }, "geometry": { "type": "MultiLineString", "coordinates": [ [ [ 22.95104, 40.626201 ], [ 22.951025, 40.625964 ], [ 22.951057, 40.625858 ], [ 22.951336, 40.625522 ], [ 22.951509, 40.625396 ] ] ] } },
{ "type": "Feature", "properties": { }, "geometry": { "type": "MultiLineString", "coordinates": [ [ [ 22.949176, 40.625933 ], [ 22.949537, 40.625662 ] ] ] } },
{ "type": "Feature", "properties": { }, "geometry": { "type": "MultiLineString", "coordinates": [ [ [ 22.950091, 40.625293 ], [ 22.948738, 40.626343 ] ] ] } },
{ "type": "Feature", "properties": { }, "geometry": { "type": "MultiLineString", "coordinates": [ [ [ 22.951161, 40.625723 ], [ 22.950879, 40.625748 ], [ 22.950237, 40.625955 ], [ 22.95007, 40.626044 ], [ 22.949774, 40.625886 ] ] ] } },
{ "type": "Feature", "properties": { }, "geometry": { "type": "MultiLineString", "coordinates": [ [ [ 22.949307, 40.626076 ], [ 22.949176, 40.625986 ] ] ] } },
{ "type": "Feature", "properties": { }, "geometry": { "type": "MultiLineString", "coordinates": [ [ [ 22.949176, 40.625933 ], [ 22.948885, 40.626142 ] ] ] } },
{ "type": "Feature", "properties": { }, "geometry": { "type": "MultiLineString", "coordinates": [ [ [ 22.952278, 40.626197 ], [ 22.952562, 40.625984 ] ] ] } },
{ "type": "Feature", "properties": { }, "geometry": { "type": "MultiLineString", "coordinates": [ [ [ 22.949307, 40.626076 ], [ 22.949423, 40.626151 ] ] ] } },
{ "type": "Feature", "properties": { }, "geometry": { "type": "MultiLineString", "coordinates": [ [ [ 22.949423, 40.626151 ], [ 22.949521, 40.626204 ], [ 22.949694, 40.626207 ] ] ] } },
{ "type": "Feature", "properties": { }, "geometry": { "type": "MultiLineString", "coordinates": [ [ [ 22.949694, 40.626207 ], [ 22.952672, 40.626211 ] ] ] } },
{ "type": "Feature", "properties": { }, "geometry": { "type": "MultiLineString", "coordinates": [ [ [ 22.949379, 40.626346 ], [ 22.949423, 40.626151 ] ] ] } },
{ "type": "Feature", "properties": { }, "geometry": { "type": "MultiLineString", "coordinates": [ [ [ 22.948055, 40.625271 ], [ 22.947303, 40.627337 ] ] ] } },
{ "type": "Feature", "properties": { }, "geometry": { "type": "MultiLineString", "coordinates": [ [ [ 22.948738, 40.626343 ], [ 22.948849, 40.626431 ] ] ] } },
{ "type": "Feature", "properties": { }, "geometry": { "type": "MultiLineString", "coordinates": [ [ [ 22.951464, 40.626294 ], [ 22.951461, 40.626484 ], [ 22.951407, 40.626531 ] ] ] } },
{ "type": "Feature", "properties": { }, "geometry": { "type": "MultiLineString", "coordinates": [ [ [ 22.949076, 40.626492 ], [ 22.949325, 40.62645 ] ] ] } },
{ "type": "Feature", "properties": { }, "geometry": { "type": "MultiLineString", "coordinates": [ [ [ 22.948849, 40.626431 ], [ 22.948987, 40.626545 ] ] ] } },
{ "type": "Feature", "properties": { }, "geometry": { "type": "MultiLineString", "coordinates": [ [ [ 22.95063, 40.626974 ], [ 22.950544, 40.626925 ], [ 22.950418, 40.626952 ] ] ] } },
{ "type": "Feature", "properties": { }, "geometry": { "type": "MultiLineString", "coordinates": [ [ [ 22.951407, 40.626531 ], [ 22.951297, 40.626546 ] ], [ [ 22.951297, 40.626546 ], [ 22.951794, 40.626997 ], [ 22.951129, 40.627427 ], [ 22.95063, 40.626974 ], [ 22.951297, 40.626546 ] ] ] } },
{ "type": "Feature", "properties": { }, "geometry": { "type": "MultiLineString", "coordinates": [ [ [ 22.951983, 40.627159 ], [ 22.951794, 40.626997 ] ] ] } },
{ "type": "Feature", "properties": { }, "geometry": { "type": "MultiLineString", "coordinates": [ [ [ 22.950825, 40.627555 ], [ 22.950323, 40.627011 ] ] ] } },
{ "type": "Feature", "properties": { }, "geometry": { "type": "MultiLineString", "coordinates": [ [ [ 22.953128, 40.626629 ], [ 22.953531, 40.629281 ] ] ] } },
{ "type": "Feature", "properties": { }, "geometry": { "type": "MultiLineString", "coordinates": [ [ [ 22.953531, 40.629281 ], [ 22.953541, 40.629355 ] ] ] } },
{ "type": "Feature", "properties": { }, "geometry": { "type": "MultiLineString", "coordinates": [ [ [ 22.945834, 40.6332 ], [ 22.944447, 40.631849 ] ] ] } },
{ "type": "Feature", "properties": { }, "geometry": { "type": "MultiLineString", "coordinates": [ [ [ 22.941674, 40.632516 ], [ 22.941711, 40.632554 ], [ 22.941645, 40.632597 ] ] ] } },
{ "type": "Feature", "properties": { }, "geometry": { "type": "MultiLineString", "coordinates": [ [ [ 22.940888, 40.632923 ], [ 22.9402, 40.63219 ] ] ] } },
{ "type": "Feature", "properties": { }, "geometry": { "type": "MultiLineString", "coordinates": [ [ [ 22.941674, 40.632516 ], [ 22.941637, 40.63248 ], [ 22.940888, 40.632923 ] ] ] } },
{ "type": "Feature", "properties": { }, "geometry": { "type": "MultiLineString", "coordinates": [ [ [ 22.940888, 40.632923 ], [ 22.94096, 40.632999 ] ] ] } },
{ "type": "Feature", "properties": { }, "geometry": { "type": "MultiLineString", "coordinates": [ [ [ 22.936802, 40.634076 ], [ 22.937216, 40.634486 ] ] ] } },
{ "type": "Feature", "properties": { }, "geometry": { "type": "MultiLineString", "coordinates": [ [ [ 22.93766, 40.63571 ], [ 22.937082, 40.634863 ], [ 22.937077, 40.634749 ] ] ] } },
{ "type": "Feature", "properties": { }, "geometry": { "type": "MultiLineString", "coordinates": [ [ [ 22.938949, 40.635519 ], [ 22.938274, 40.636019 ] ] ] } },
{ "type": "Feature", "properties": { }, "geometry": { "type": "MultiLineString", "coordinates": [ [ [ 22.939242, 40.637193 ], [ 22.938969, 40.636899 ] ] ] } },
{ "type": "Feature", "properties": { }, "geometry": { "type": "MultiLineString", "coordinates": [ [ [ 22.934094, 40.640936 ], [ 22.934685, 40.640652 ], [ 22.934696, 40.64062 ], [ 22.934585, 40.64047 ], [ 22.934398, 40.640338 ], [ 22.934001, 40.640267 ], [ 22.933877, 40.640291 ], [ 22.934054, 40.64092 ], [ 22.934094, 40.640936 ] ] ] } },
{ "type": "Feature", "properties": { }, "geometry": { "type": "MultiLineString", "coordinates": [ [ [ 22.881891, 40.650438 ], [ 22.88188, 40.650737 ] ] ] } },
{ "type": "Feature", "properties": { }, "geometry": { "type": "MultiLineString", "coordinates": [ [ [ 22.88188, 40.650737 ], [ 22.881908, 40.652055 ] ] ] } },
{ "type": "Feature", "properties": { }, "geometry": { "type": "MultiLineString", "coordinates": [ [ [ 22.881619, 40.653808 ], [ 22.881726, 40.65358 ], [ 22.881829, 40.653141 ], [ 22.881728, 40.650718 ] ] ] } },
{ "type": "Feature", "properties": { }, "geometry": { "type": "MultiLineString", "coordinates": [ [ [ 22.881908, 40.652055 ], [ 22.881999, 40.653117 ] ] ] } },
{ "type": "Feature", "properties": { }, "geometry": { "type": "MultiLineString", "coordinates": [ [ [ 22.718986, 40.652004 ], [ 22.719129, 40.651518 ] ] ] } },
{ "type": "Feature", "properties": { }, "geometry": { "type": "MultiLineString", "coordinates": [ [ [ 22.881999, 40.653117 ], [ 22.882058, 40.654084 ] ] ] } },
{ "type": "Feature", "properties": { }, "geometry": { "type": "MultiLineString", "coordinates": [ [ [ 22.881487, 40.654064 ], [ 22.881619, 40.653808 ] ] ] } },
{ "type": "Feature", "properties": { }, "geometry": { "type": "MultiLineString", "coordinates": [ [ [ 22.880999, 40.654578 ], [ 22.881226, 40.654375 ], [ 22.881487, 40.654064 ] ] ] } },
{ "type": "Feature", "properties": { }, "geometry": { "type": "MultiLineString", "coordinates": [ [ [ 22.719159, 40.653375 ], [ 22.718993, 40.652777 ], [ 22.718986, 40.652004 ] ] ] } },
{ "type": "Feature", "properties": { }, "geometry": { "type": "MultiLineString", "coordinates": [ [ [ 22.882058, 40.654084 ], [ 22.882127, 40.654459 ], [ 22.882221, 40.654701 ], [ 22.882543, 40.655311 ] ] ] } },
{ "type": "Feature", "properties": { }, "geometry": { "type": "MultiLineString", "coordinates": [ [ [ 22.975079, 40.52756 ], [ 22.975651, 40.528095 ] ] ] } },
{ "type": "Feature", "properties": { }, "geometry": { "type": "MultiLineString", "coordinates": [ [ [ 22.978548, 40.590375 ], [ 22.978623, 40.590266 ], [ 22.97873, 40.590252 ] ] ] } },
{ "type": "Feature", "properties": { }, "geometry": { "type": "MultiLineString", "coordinates": [ [ [ 22.97873, 40.590252 ], [ 22.979205, 40.590496 ] ] ] } },
{ "type": "Feature", "properties": { }, "geometry": { "type": "MultiLineString", "coordinates": [ [ [ 22.978864, 40.59054 ], [ 22.978548, 40.590375 ] ] ] } },
{ "type": "Feature", "properties": { }, "geometry": { "type": "MultiLineString", "coordinates": [ [ [ 22.97872, 40.590736 ], [ 22.978864, 40.59054 ] ] ] } },
{ "type": "Feature", "properties": { }, "geometry": { "type": "MultiLineString", "coordinates": [ [ [ 22.977519, 40.59255 ], [ 22.976525, 40.591727 ], [ 22.975886, 40.591318 ], [ 22.973899, 40.590526 ], [ 22.973415, 40.590265 ], [ 22.972957, 40.589903 ], [ 22.972687, 40.589626 ], [ 22.972608, 40.589498 ] ] ] } },
{ "type": "Feature", "properties": { }, "geometry": { "type": "MultiLineString", "coordinates": [ [ [ 22.979652, 40.594526 ], [ 22.979481, 40.594292 ], [ 22.979056, 40.593877 ], [ 22.978459, 40.593341 ], [ 22.977817, 40.592816 ], [ 22.977608, 40.592687 ], [ 22.977519, 40.59255 ] ] ] } },
{ "type": "Feature", "properties": { }, "geometry": { "type": "MultiLineString", "coordinates": [ [ [ 22.979598, 40.595086 ], [ 22.979672, 40.595048 ], [ 22.979709, 40.594928 ], [ 22.979689, 40.594626 ] ] ] } },
{ "type": "Feature", "properties": { }, "geometry": { "type": "MultiLineString", "coordinates": [ [ [ 22.979885, 40.596526 ], [ 22.979452, 40.596836 ], [ 22.979282, 40.597111 ] ] ] } },
{ "type": "Feature", "properties": { }, "geometry": { "type": "MultiLineString", "coordinates": [ [ [ 22.977932, 40.597328 ], [ 22.978277, 40.596735 ] ] ] } },
{ "type": "Feature", "properties": { }, "geometry": { "type": "MultiLineString", "coordinates": [ [ [ 22.958407, 40.569175 ], [ 22.957939, 40.569674 ] ] ] } },
{ "type": "Feature", "properties": { }, "geometry": { "type": "MultiLineString", "coordinates": [ [ [ 22.959209, 40.582792 ], [ 22.956901, 40.582244 ], [ 22.955001, 40.581587 ] ] ] } },
{ "type": "Feature", "properties": { }, "geometry": { "type": "MultiLineString", "coordinates": [ [ [ 22.964309, 40.596615 ], [ 22.963835, 40.596328 ] ] ] } },
{ "type": "Feature", "properties": { }, "geometry": { "type": "MultiLineString", "coordinates": [ [ [ 22.964661, 40.596829 ], [ 22.964309, 40.596615 ] ] ] } },
{ "type": "Feature", "properties": { }, "geometry": { "type": "MultiLineString", "coordinates": [ [ [ 22.956571, 40.597688 ], [ 22.956269, 40.598494 ] ] ] } },
{ "type": "Feature", "properties": { }, "geometry": { "type": "MultiLineString", "coordinates": [ [ [ 22.956152, 40.598463 ], [ 22.955796, 40.599075 ] ] ] } },
{ "type": "Feature", "properties": { }, "geometry": { "type": "MultiLineString", "coordinates": [ [ [ 22.960157, 40.60325 ], [ 22.960432, 40.603313 ] ] ] } },
{ "type": "Feature", "properties": { }, "geometry": { "type": "MultiLineString", "coordinates": [ [ [ 22.965867, 40.605585 ], [ 22.966458, 40.605731 ] ] ] } },
{ "type": "Feature", "properties": { }, "geometry": { "type": "MultiLineString", "coordinates": [ [ [ 22.957872, 40.618327 ], [ 22.957852, 40.618428 ], [ 22.957889, 40.618507 ], [ 22.958128, 40.618735 ], [ 22.958272, 40.618775 ] ] ] } },
{ "type": "Feature", "properties": { }, "geometry": { "type": "MultiLineString", "coordinates": [ [ [ 22.954696, 40.622249 ], [ 22.954692, 40.622214 ], [ 22.954977, 40.621972 ] ] ] } },
{ "type": "Feature", "properties": { }, "geometry": { "type": "MultiLineString", "coordinates": [ [ [ 22.971304, 40.597491 ], [ 22.971433, 40.59711 ] ] ] } },
{ "type": "Feature", "properties": { }, "geometry": { "type": "MultiLineString", "coordinates": [ [ [ 22.971907, 40.597284 ], [ 22.972023, 40.597574 ] ] ] } },
{ "type": "Feature", "properties": { }, "geometry": { "type": "MultiLineString", "coordinates": [ [ [ 22.972023, 40.597574 ], [ 22.972078, 40.597747 ] ] ] } },
{ "type": "Feature", "properties": { }, "geometry": { "type": "MultiLineString", "coordinates": [ [ [ 22.972078, 40.597747 ], [ 22.972118, 40.59787 ] ] ] } },
{ "type": "Feature", "properties": { }, "geometry": { "type": "MultiLineString", "coordinates": [ [ [ 22.968514, 40.59812 ], [ 22.968604, 40.597877 ] ] ] } },
{ "type": "Feature", "properties": { }, "geometry": { "type": "MultiLineString", "coordinates": [ [ [ 22.969081, 40.599076 ], [ 22.969863, 40.599346 ] ] ] } },
{ "type": "Feature", "properties": { }, "geometry": { "type": "MultiLineString", "coordinates": [ [ [ 22.969778, 40.601433 ], [ 22.970138, 40.600588 ], [ 22.971304, 40.597491 ] ] ] } },
{ "type": "Feature", "properties": { }, "geometry": { "type": "MultiLineString", "coordinates": [ [ [ 22.970945, 40.600767 ], [ 22.971462, 40.599436 ] ] ] } },
{ "type": "Feature", "properties": { }, "geometry": { "type": "MultiLineString", "coordinates": [ [ [ 22.971589, 40.601133 ], [ 22.970864, 40.600981 ] ] ] } },
{ "type": "Feature", "properties": { }, "geometry": { "type": "MultiLineString", "coordinates": [ [ [ 22.970556, 40.601796 ], [ 22.970945, 40.600767 ] ] ] } },
{ "type": "Feature", "properties": { }, "geometry": { "type": "MultiLineString", "coordinates": [ [ [ 22.979037, 40.597594 ], [ 22.97863, 40.598034 ], [ 22.978915, 40.598409 ], [ 22.979123, 40.598624 ] ] ] } },
{ "type": "Feature", "properties": { }, "geometry": { "type": "MultiLineString", "coordinates": [ [ [ 22.974839, 40.600281 ], [ 22.974902, 40.600092 ], [ 22.9746, 40.599425 ] ] ] } },
{ "type": "Feature", "properties": { }, "geometry": { "type": "MultiLineString", "coordinates": [ [ [ 22.972978, 40.600243 ], [ 22.975297, 40.600778 ] ] ] } },
{ "type": "Feature", "properties": { }, "geometry": { "type": "MultiLineString", "coordinates": [ [ [ 22.980766, 40.600737 ], [ 22.98114, 40.60097 ] ] ] } },
{ "type": "Feature", "properties": { }, "geometry": { "type": "MultiLineString", "coordinates": [ [ [ 22.98114, 40.60097 ], [ 22.981309, 40.600789 ], [ 22.981479, 40.600829 ] ] ] } },
{ "type": "Feature", "properties": { }, "geometry": { "type": "MultiLineString", "coordinates": [ [ [ 22.975438, 40.600425 ], [ 22.975076, 40.601315 ] ] ] } },
{ "type": "Feature", "properties": { }, "geometry": { "type": "MultiLineString", "coordinates": [ [ [ 22.98114, 40.60097 ], [ 22.981628, 40.601178 ] ] ] } },
{ "type": "Feature", "properties": { }, "geometry": { "type": "MultiLineString", "coordinates": [ [ [ 22.973127, 40.599854 ], [ 22.972265, 40.602165 ] ] ] } },
{ "type": "Feature", "properties": { }, "geometry": { "type": "MultiLineString", "coordinates": [ [ [ 22.98114, 40.60097 ], [ 22.980984, 40.601231 ] ] ] } },
{ "type": "Feature", "properties": { }, "geometry": { "type": "MultiLineString", "coordinates": [ [ [ 22.972768, 40.600792 ], [ 22.97554, 40.601436 ] ] ] } },
{ "type": "Feature", "properties": { }, "geometry": { "type": "MultiLineString", "coordinates": [ [ [ 22.981628, 40.601178 ], [ 22.98195, 40.601345 ] ] ] } },
{ "type": "Feature", "properties": { }, "geometry": { "type": "MultiLineString", "coordinates": [ [ [ 22.973848, 40.602516 ], [ 22.973668, 40.602993 ] ] ] } },
{ "type": "Feature", "properties": { }, "geometry": { "type": "MultiLineString", "coordinates": [ [ [ 22.972979, 40.603128 ], [ 22.973086, 40.60286 ] ] ] } },
{ "type": "Feature", "properties": { }, "geometry": { "type": "MultiLineString", "coordinates": [ [ [ 22.972032, 40.602942 ], [ 22.972979, 40.603128 ] ] ] } },
{ "type": "Feature", "properties": { }, "geometry": { "type": "MultiLineString", "coordinates": [ [ [ 22.972979, 40.603128 ], [ 22.973878, 40.603316 ] ] ] } },
{ "type": "Feature", "properties": { }, "geometry": { "type": "MultiLineString", "coordinates": [ [ [ 22.972871, 40.6034 ], [ 22.972979, 40.603128 ] ] ] } },
{ "type": "Feature", "properties": { }, "geometry": { "type": "MultiLineString", "coordinates": [ [ [ 22.972731, 40.603751 ], [ 22.972871, 40.6034 ] ] ] } },
{ "type": "Feature", "properties": { }, "geometry": { "type": "MultiLineString", "coordinates": [ [ [ 22.973979, 40.603646 ], [ 22.97448, 40.603751 ] ] ] } },
{ "type": "Feature", "properties": { }, "geometry": { "type": "MultiLineString", "coordinates": [ [ [ 22.972622, 40.604025 ], [ 22.972731, 40.603751 ] ] ] } },
{ "type": "Feature", "properties": { }, "geometry": { "type": "MultiLineString", "coordinates": [ [ [ 22.972622, 40.604025 ], [ 22.973769, 40.604262 ] ] ] } },
{ "type": "Feature", "properties": { }, "geometry": { "type": "MultiLineString", "coordinates": [ [ [ 22.971315, 40.601962 ], [ 22.971139, 40.602416 ] ] ] } },
{ "type": "Feature", "properties": { }, "geometry": { "type": "MultiLineString", "coordinates": [ [ [ 22.970157, 40.602798 ], [ 22.970556, 40.601796 ] ] ] } },
{ "type": "Feature", "properties": { }, "geometry": { "type": "MultiLineString", "coordinates": [ [ [ 22.969357, 40.602615 ], [ 22.970157, 40.602798 ] ] ] } },
{ "type": "Feature", "properties": { }, "geometry": { "type": "MultiLineString", "coordinates": [ [ [ 22.970026, 40.603132 ], [ 22.970157, 40.602798 ] ] ] } },
{ "type": "Feature", "properties": { }, "geometry": { "type": "MultiLineString", "coordinates": [ [ [ 22.972265, 40.602165 ], [ 22.97215, 40.602644 ], [ 22.971568, 40.60411 ] ] ] } },
{ "type": "Feature", "properties": { }, "geometry": { "type": "MultiLineString", "coordinates": [ [ [ 22.970157, 40.602798 ], [ 22.973979, 40.603646 ] ] ] } },
{ "type": "Feature", "properties": { }, "geometry": { "type": "MultiLineString", "coordinates": [ [ [ 22.969112, 40.603243 ], [ 22.971698, 40.603818 ] ] ] } },
{ "type": "Feature", "properties": { }, "geometry": { "type": "MultiLineString", "coordinates": [ [ [ 22.97041, 40.603584 ], [ 22.97043, 40.603534 ] ] ] } },
{ "type": "Feature", "properties": { }, "geometry": { "type": "MultiLineString", "coordinates": [ [ [ 22.970405, 40.603595 ], [ 22.97041, 40.603584 ] ] ] } },
{ "type": "Feature", "properties": { }, "geometry": { "type": "MultiLineString", "coordinates": [ [ [ 22.970349, 40.603735 ], [ 22.970405, 40.603595 ] ] ] } },
{ "type": "Feature", "properties": { }, "geometry": { "type": "MultiLineString", "coordinates": [ [ [ 22.970342, 40.603751 ], [ 22.970349, 40.603735 ] ] ] } },
{ "type": "Feature", "properties": { }, "geometry": { "type": "MultiLineString", "coordinates": [ [ [ 22.970305, 40.603845 ], [ 22.970342, 40.603751 ] ] ] } },
{ "type": "Feature", "properties": { }, "geometry": { "type": "MultiLineString", "coordinates": [ [ [ 22.971698, 40.603818 ], [ 22.972622, 40.604025 ] ] ] } },
{ "type": "Feature", "properties": { }, "geometry": { "type": "MultiLineString", "coordinates": [ [ [ 22.968383, 40.603932 ], [ 22.968737, 40.604012 ] ] ] } },
{ "type": "Feature", "properties": { }, "geometry": { "type": "MultiLineString", "coordinates": [ [ [ 22.968781, 40.604079 ], [ 22.969287, 40.604185 ] ] ] } },
{ "type": "Feature", "properties": { }, "geometry": { "type": "MultiLineString", "coordinates": [ [ [ 22.968289, 40.60414 ], [ 22.968657, 40.604224 ] ] ] } },
{ "type": "Feature", "properties": { }, "geometry": { "type": "MultiLineString", "coordinates": [ [ [ 22.969197, 40.604384 ], [ 22.968706, 40.604274 ] ] ] } },
{ "type": "Feature", "properties": { }, "geometry": { "type": "MultiLineString", "coordinates": [ [ [ 22.972894, 40.604664 ], [ 22.97164, 40.604953 ], [ 22.971465, 40.604956 ] ] ] } },
{ "type": "Feature", "properties": { }, "geometry": { "type": "MultiLineString", "coordinates": [ [ [ 22.970314, 40.60527 ], [ 22.970907, 40.605 ] ] ] } },
{ "type": "Feature", "properties": { }, "geometry": { "type": "MultiLineString", "coordinates": [ [ [ 22.970026, 40.605392 ], [ 22.970314, 40.60527 ] ] ] } },
{ "type": "Feature", "properties": { }, "geometry": { "type": "MultiLineString", "coordinates": [ [ [ 22.969641, 40.605566 ], [ 22.970026, 40.605392 ] ] ] } },
{ "type": "Feature", "properties": { }, "geometry": { "type": "MultiLineString", "coordinates": [ [ [ 22.968586, 40.605428 ], [ 22.968748, 40.605691 ] ] ] } },
{ "type": "Feature", "properties": { }, "geometry": { "type": "MultiLineString", "coordinates": [ [ [ 22.968335, 40.60675 ], [ 22.968511, 40.606212 ] ] ] } },
{ "type": "Feature", "properties": { }, "geometry": { "type": "MultiLineString", "coordinates": [ [ [ 22.970018, 40.610058 ], [ 22.970328, 40.609482 ] ] ] } },
{ "type": "Feature", "properties": { }, "geometry": { "type": "MultiLineString", "coordinates": [ [ [ 22.969446, 40.618251 ], [ 22.970302, 40.618653 ], [ 22.970945, 40.618815 ], [ 22.971448, 40.61898 ], [ 22.971638, 40.618978 ] ] ] } },
{ "type": "Feature", "properties": { }, "geometry": { "type": "MultiLineString", "coordinates": [ [ [ 22.967486, 40.619776 ], [ 22.967492, 40.621253 ], [ 22.967473, 40.621407 ], [ 22.967317, 40.621704 ], [ 22.967249, 40.621765 ] ] ] } },
{ "type": "Feature", "properties": { }, "geometry": { "type": "MultiLineString", "coordinates": [ [ [ 22.967461, 40.622015 ], [ 22.967753, 40.621474 ], [ 22.967751, 40.619668 ] ] ] } },
{ "type": "Feature", "properties": { }, "geometry": { "type": "MultiLineString", "coordinates": [ [ [ 22.968886, 40.628721 ], [ 22.969024, 40.628796 ], [ 22.96943, 40.629164 ], [ 22.969795, 40.629427 ], [ 22.970222, 40.629623 ], [ 22.970758, 40.630128 ] ] ] } },
{ "type": "Feature", "properties": { }, "geometry": { "type": "MultiLineString", "coordinates": [ [ [ 22.954899, 40.622031 ], [ 22.955591, 40.622521 ] ] ] } },
{ "type": "Feature", "properties": { }, "geometry": { "type": "MultiLineString", "coordinates": [ [ [ 22.956235, 40.622705 ], [ 22.95645, 40.622227 ], [ 22.956153, 40.622078 ], [ 22.955087, 40.621961 ], [ 22.954977, 40.621972 ] ] ] } },
{ "type": "Feature", "properties": { }, "geometry": { "type": "MultiLineString", "coordinates": [ [ [ 22.956014, 40.622058 ], [ 22.955935, 40.622131 ] ], [ [ 22.955935, 40.622131 ], [ 22.955624, 40.622408 ], [ 22.955591, 40.622521 ], [ 22.95573, 40.622614 ], [ 22.955775, 40.622509 ], [ 22.955866, 40.622434 ], [ 22.956093, 40.622406 ], [ 22.955935, 40.622131 ] ] ] } },
{ "type": "Feature", "properties": { }, "geometry": { "type": "MultiLineString", "coordinates": [ [ [ 22.95651, 40.62203 ], [ 22.956325, 40.622133 ], [ 22.956093, 40.622406 ], [ 22.956084, 40.622576 ], [ 22.956016, 40.622678 ] ] ] } },
{ "type": "Feature", "properties": { }, "geometry": { "type": "MultiLineString", "coordinates": [ [ [ 22.955275, 40.622301 ], [ 22.955177, 40.622374 ], [ 22.954947, 40.622388 ] ] ] } },
{ "type": "Feature", "properties": { }, "geometry": { "type": "MultiLineString", "coordinates": [ [ [ 22.954901, 40.62275 ], [ 22.954806, 40.622536 ] ] ] } },
{ "type": "Feature", "properties": { }, "geometry": { "type": "MultiLineString", "coordinates": [ [ [ 22.9559, 40.622756 ], [ 22.955891, 40.622724 ], [ 22.955717, 40.622677 ] ] ] } },
{ "type": "Feature", "properties": { }, "geometry": { "type": "MultiLineString", "coordinates": [ [ [ 22.956046, 40.622739 ], [ 22.955948, 40.622753 ] ] ] } },
{ "type": "Feature", "properties": { }, "geometry": { "type": "MultiLineString", "coordinates": [ [ [ 22.955948, 40.622753 ], [ 22.9559, 40.622756 ] ] ] } },
{ "type": "Feature", "properties": { }, "geometry": { "type": "MultiLineString", "coordinates": [ [ [ 22.954647, 40.623028 ], [ 22.955563, 40.622503 ] ] ] } },
{ "type": "Feature", "properties": { }, "geometry": { "type": "MultiLineString", "coordinates": [ [ [ 22.954584, 40.623406 ], [ 22.954769, 40.62306 ] ] ] } },
{ "type": "Feature", "properties": { }, "geometry": { "type": "MultiLineString", "coordinates": [ [ [ 22.952506, 40.623578 ], [ 22.952697, 40.62331 ], [ 22.952721, 40.623211 ] ] ] } },
{ "type": "Feature", "properties": { }, "geometry": { "type": "MultiLineString", "coordinates": [ [ [ 22.954182, 40.624024 ], [ 22.954584, 40.623406 ] ] ] } },
{ "type": "Feature", "properties": { }, "geometry": { "type": "MultiLineString", "coordinates": [ [ [ 22.953946, 40.624332 ], [ 22.954182, 40.624024 ] ] ] } },
{ "type": "Feature", "properties": { }, "geometry": { "type": "MultiLineString", "coordinates": [ [ [ 22.952315, 40.624305 ], [ 22.952418, 40.624135 ], [ 22.952192, 40.6241 ], [ 22.952126, 40.624062 ] ] ] } },
{ "type": "Feature", "properties": { }, "geometry": { "type": "MultiLineString", "coordinates": [ [ [ 22.9521, 40.624315 ], [ 22.95194, 40.624202 ] ] ] } },
{ "type": "Feature", "properties": { }, "geometry": { "type": "MultiLineString", "coordinates": [ [ [ 22.954463, 40.624571 ], [ 22.954516, 40.624505 ], [ 22.954511, 40.624457 ], [ 22.954189, 40.624305 ] ] ] } },
{ "type": "Feature", "properties": { }, "geometry": { "type": "MultiLineString", "coordinates": [ [ [ 22.952585, 40.623872 ], [ 22.952418, 40.624135 ], [ 22.952563, 40.62425 ], [ 22.952628, 40.6244 ], [ 22.952479, 40.62491 ], [ 22.952575, 40.625656 ] ] ] } },
{ "type": "Feature", "properties": { }, "geometry": { "type": "MultiLineString", "coordinates": [ [ [ 22.952029, 40.624724 ], [ 22.951713, 40.624705 ], [ 22.951408, 40.624851 ] ] ] } },
{ "type": "Feature", "properties": { }, "geometry": { "type": "MultiLineString", "coordinates": [ [ [ 22.952519, 40.625207 ], [ 22.952345, 40.625213 ], [ 22.952244, 40.625177 ], [ 22.95224, 40.625045 ], [ 22.952164, 40.62498 ], [ 22.952029, 40.624724 ], [ 22.952136, 40.624502 ] ] ] } },
{ "type": "Feature", "properties": { }, "geometry": { "type": "MultiLineString", "coordinates": [ [ [ 22.953541, 40.629355 ], [ 22.953655, 40.630398 ], [ 22.953624, 40.630419 ], [ 22.95364, 40.630528 ], [ 22.953676, 40.630548 ], [ 22.953636, 40.630607 ], [ 22.953642, 40.630708 ] ] ] } },
{ "type": "Feature", "properties": { }, "geometry": { "type": "MultiLineString", "coordinates": [ [ [ 22.954023, 40.63023 ], [ 22.954097, 40.630146 ] ] ] } },
{ "type": "Feature", "properties": { }, "geometry": { "type": "MultiLineString", "coordinates": [ [ [ 22.953926, 40.630338 ], [ 22.954023, 40.63023 ] ] ] } },
{ "type": "Feature", "properties": { }, "geometry": { "type": "MultiLineString", "coordinates": [ [ [ 22.954358, 40.639334 ], [ 22.954227, 40.639241 ] ] ] } },
{ "type": "Feature", "properties": { }, "geometry": { "type": "MultiLineString", "coordinates": [ [ [ 22.952146, 40.644092 ], [ 22.951825, 40.644186 ], [ 22.951557, 40.644508 ] ] ] } },
{ "type": "Feature", "properties": { }, "geometry": { "type": "MultiLineString", "coordinates": [ [ [ 22.949868, 40.64434 ], [ 22.949996, 40.644283 ], [ 22.950062, 40.64429 ], [ 22.950882, 40.644694 ] ] ] } },
{ "type": "Feature", "properties": { }, "geometry": { "type": "MultiLineString", "coordinates": [ [ [ 22.949696, 40.65272 ], [ 22.949519, 40.652772 ], [ 22.949358, 40.652614 ] ] ] } },
{ "type": "Feature", "properties": { }, "geometry": { "type": "MultiLineString", "coordinates": [ [ [ 22.949794, 40.653539 ], [ 22.949396, 40.653823 ] ] ] } },
{ "type": "Feature", "properties": { }, "geometry": { "type": "MultiLineString", "coordinates": [ [ [ 22.95582, 40.622967 ], [ 22.95572, 40.622694 ], [ 22.95573, 40.622614 ] ] ] } },
{ "type": "Feature", "properties": { }, "geometry": { "type": "MultiLineString", "coordinates": [ [ [ 22.95485, 40.622906 ], [ 22.954648, 40.62276 ], [ 22.954901, 40.62275 ] ] ] } },
{ "type": "Feature", "properties": { }, "geometry": { "type": "MultiLineString", "coordinates": [ [ [ 22.95637, 40.622738 ], [ 22.956251, 40.622709 ], [ 22.956108, 40.623053 ], [ 22.955827, 40.623149 ], [ 22.954987, 40.62293 ], [ 22.954901, 40.62275 ] ] ] } },
{ "type": "Feature", "properties": { }, "geometry": { "type": "MultiLineString", "coordinates": [ [ [ 22.955915, 40.62312 ], [ 22.95582, 40.622967 ], [ 22.955724, 40.622967 ], [ 22.955519, 40.622871 ], [ 22.955191, 40.622831 ], [ 22.955095, 40.62276 ] ] ] } },
{ "type": "Feature", "properties": { }, "geometry": { "type": "MultiLineString", "coordinates": [ [ [ 22.956564, 40.634225 ], [ 22.956697, 40.634293 ] ] ] } },
{ "type": "Feature", "properties": { }, "geometry": { "type": "MultiLineString", "coordinates": [ [ [ 22.956493, 40.637638 ], [ 22.956759, 40.637415 ], [ 22.957186, 40.637159 ] ] ] } },
{ "type": "Feature", "properties": { }, "geometry": { "type": "MultiLineString", "coordinates": [ [ [ 22.958148, 40.639302 ], [ 22.958014, 40.639393 ], [ 22.957935, 40.639407 ] ] ] } },
{ "type": "Feature", "properties": { }, "geometry": { "type": "MultiLineString", "coordinates": [ [ [ 22.960563, 40.666182 ], [ 22.960509, 40.66609 ] ] ] } },
{ "type": "Feature", "properties": { }, "geometry": { "type": "MultiLineString", "coordinates": [ [ [ 22.880545, 40.655054 ], [ 22.880631, 40.654933 ], [ 22.880999, 40.654578 ] ] ] } },
{ "type": "Feature", "properties": { }, "geometry": { "type": "MultiLineString", "coordinates": [ [ [ 22.882543, 40.655311 ], [ 22.882504, 40.655557 ] ] ] } },
{ "type": "Feature", "properties": { }, "geometry": { "type": "MultiLineString", "coordinates": [ [ [ 22.881328, 40.656464 ], [ 22.880733, 40.65612 ], [ 22.880599, 40.65601 ], [ 22.880458, 40.655821 ], [ 22.880392, 40.655656 ], [ 22.880377, 40.655432 ], [ 22.880431, 40.65524 ], [ 22.880545, 40.655054 ] ] ] } },
{ "type": "Feature", "properties": { }, "geometry": { "type": "MultiLineString", "coordinates": [ [ [ 22.882504, 40.655557 ], [ 22.882434, 40.655883 ], [ 22.882152, 40.656375 ] ] ] } },
{ "type": "Feature", "properties": { }, "geometry": { "type": "MultiLineString", "coordinates": [ [ [ 22.882152, 40.656375 ], [ 22.882068, 40.656577 ] ] ] } },
{ "type": "Feature", "properties": { }, "geometry": { "type": "MultiLineString", "coordinates": [ [ [ 22.881825, 40.657184 ], [ 22.881778, 40.657002 ], [ 22.881666, 40.656788 ], [ 22.881517, 40.656614 ], [ 22.881328, 40.656464 ] ] ] } },
{ "type": "Feature", "properties": { }, "geometry": { "type": "MultiLineString", "coordinates": [ [ [ 22.882068, 40.656577 ], [ 22.881983, 40.656967 ], [ 22.881991, 40.657251 ], [ 22.88204, 40.657378 ] ] ] } },
{ "type": "Feature", "properties": { }, "geometry": { "type": "MultiLineString", "coordinates": [ [ [ 22.8818, 40.657371 ], [ 22.881825, 40.657184 ] ] ] } },
{ "type": "Feature", "properties": { }, "geometry": { "type": "MultiLineString", "coordinates": [ [ [ 22.8818, 40.657371 ], [ 22.881963, 40.657356 ], [ 22.88204, 40.657378 ] ] ] } },
{ "type": "Feature", "properties": { }, "geometry": { "type": "MultiLineString", "coordinates": [ [ [ 22.881731, 40.657405 ], [ 22.8818, 40.657371 ] ] ] } },
{ "type": "Feature", "properties": { }, "geometry": { "type": "MultiLineString", "coordinates": [ [ [ 22.946879, 40.654107 ], [ 22.946972, 40.654136 ] ] ] } },
{ "type": "Feature", "properties": { }, "geometry": { "type": "MultiLineString", "coordinates": [ [ [ 22.931576, 40.657518 ], [ 22.93004, 40.658012 ] ] ] } },
{ "type": "Feature", "properties": { }, "geometry": { "type": "MultiLineString", "coordinates": [ [ [ 22.931336, 40.658477 ], [ 22.932058, 40.659764 ] ] ] } },
{ "type": "Feature", "properties": { }, "geometry": { "type": "MultiLineString", "coordinates": [ [ [ 22.92491, 40.659438 ], [ 22.925014, 40.659564 ] ] ] } },
{ "type": "Feature", "properties": { }, "geometry": { "type": "MultiLineString", "coordinates": [ [ [ 22.927505, 40.65996 ], [ 22.927436, 40.659831 ], [ 22.927638, 40.659758 ], [ 22.927676, 40.660038 ] ] ] } },
{ "type": "Feature", "properties": { }, "geometry": { "type": "MultiLineString", "coordinates": [ [ [ 22.927572, 40.660078 ], [ 22.927436, 40.659831 ], [ 22.92722, 40.659908 ] ] ] } },
{ "type": "Feature", "properties": { }, "geometry": { "type": "MultiLineString", "coordinates": [ [ [ 22.925916, 40.660047 ], [ 22.925931, 40.659981 ], [ 22.925875, 40.6599 ] ] ] } },
{ "type": "Feature", "properties": { }, "geometry": { "type": "MultiLineString", "coordinates": [ [ [ 22.927572, 40.660078 ], [ 22.927391, 40.660136 ] ] ] } },
{ "type": "Feature", "properties": { }, "geometry": { "type": "MultiLineString", "coordinates": [ [ [ 22.92576, 40.660039 ], [ 22.925902, 40.66004 ], [ 22.925949, 40.660132 ], [ 22.925995, 40.660152 ], [ 22.925991, 40.660124 ] ] ] } },
{ "type": "Feature", "properties": { }, "geometry": { "type": "MultiLineString", "coordinates": [ [ [ 22.927835, 40.660193 ], [ 22.927929, 40.660162 ], [ 22.92788, 40.660073 ], [ 22.927948, 40.660045 ] ] ] } },
{ "type": "Feature", "properties": { }, "geometry": { "type": "MultiLineString", "coordinates": [ [ [ 22.927666, 40.660268 ], [ 22.927675, 40.660252 ] ], [ [ 22.927675, 40.660252 ], [ 22.927572, 40.660078 ], [ 22.927733, 40.66002 ], [ 22.927835, 40.660193 ], [ 22.927675, 40.660252 ] ] ] } },
{ "type": "Feature", "properties": { }, "geometry": { "type": "MultiLineString", "coordinates": [ [ [ 22.927929, 40.660162 ], [ 22.928002, 40.660133 ] ] ] } },
{ "type": "Feature", "properties": { }, "geometry": { "type": "MultiLineString", "coordinates": [ [ [ 22.925959, 40.660139 ], [ 22.925877, 40.660163 ] ] ] } },
{ "type": "Feature", "properties": { }, "geometry": { "type": "MultiLineString", "coordinates": [ [ [ 22.930179, 40.660374 ], [ 22.930803, 40.660168 ] ] ] } },
{ "type": "Feature", "properties": { }, "geometry": { "type": "MultiLineString", "coordinates": [ [ [ 22.927525, 40.660237 ], [ 22.927479, 40.660254 ] ] ] } },
{ "type": "Feature", "properties": { }, "geometry": { "type": "MultiLineString", "coordinates": [ [ [ 22.927713, 40.660279 ], [ 22.927525, 40.660237 ] ] ] } },
{ "type": "Feature", "properties": { }, "geometry": { "type": "MultiLineString", "coordinates": [ [ [ 22.928174, 40.66041 ], [ 22.927713, 40.660279 ] ] ] } },
{ "type": "Feature", "properties": { }, "geometry": { "type": "MultiLineString", "coordinates": [ [ [ 22.927957, 40.660472 ], [ 22.927945, 40.660352 ] ] ] } },
{ "type": "Feature", "properties": { }, "geometry": { "type": "MultiLineString", "coordinates": [ [ [ 22.927957, 40.660472 ], [ 22.927626, 40.66058 ] ] ] } },
{ "type": "Feature", "properties": { }, "geometry": { "type": "MultiLineString", "coordinates": [ [ [ 22.933597, 40.660632 ], [ 22.933678, 40.660549 ] ] ] } },
{ "type": "Feature", "properties": { }, "geometry": { "type": "MultiLineString", "coordinates": [ [ [ 22.88204, 40.657378 ], [ 22.882105, 40.657417 ] ] ] } },
{ "type": "Feature", "properties": { }, "geometry": { "type": "MultiLineString", "coordinates": [ [ [ 22.881645, 40.657555 ], [ 22.881731, 40.657405 ] ] ] } },
{ "type": "Feature", "properties": { }, "geometry": { "type": "MultiLineString", "coordinates": [ [ [ 22.882105, 40.657417 ], [ 22.882176, 40.657568 ] ] ] } },
{ "type": "Feature", "properties": { }, "geometry": { "type": "MultiLineString", "coordinates": [ [ [ 22.881732, 40.657704 ], [ 22.881645, 40.657555 ] ] ] } },
{ "type": "Feature", "properties": { }, "geometry": { "type": "MultiLineString", "coordinates": [ [ [ 22.882176, 40.657568 ], [ 22.882077, 40.657711 ] ] ] } },
{ "type": "Feature", "properties": { }, "geometry": { "type": "MultiLineString", "coordinates": [ [ [ 22.882077, 40.657711 ], [ 22.881919, 40.657755 ], [ 22.881732, 40.657704 ] ] ] } },
{ "type": "Feature", "properties": { }, "geometry": { "type": "MultiLineString", "coordinates": [ [ [ 22.906318, 40.657858 ], [ 22.906065, 40.657949 ], [ 22.905063, 40.658486 ] ] ] } },
{ "type": "Feature", "properties": { }, "geometry": { "type": "MultiLineString", "coordinates": [ [ [ 22.881732, 40.660117 ], [ 22.881807, 40.65794 ], [ 22.881732, 40.657704 ] ] ] } },
{ "type": "Feature", "properties": { }, "geometry": { "type": "MultiLineString", "coordinates": [ [ [ 22.882077, 40.657711 ], [ 22.881996, 40.657877 ], [ 22.881979, 40.65815 ], [ 22.881843, 40.661447 ], [ 22.881813, 40.663438 ] ] ] } },
{ "type": "Feature", "properties": { }, "geometry": { "type": "MultiLineString", "coordinates": [ [ [ 22.881648, 40.663452 ], [ 22.881643, 40.662626 ], [ 22.881732, 40.660117 ] ] ] } },
{ "type": "Feature", "properties": { }, "geometry": { "type": "MultiLineString", "coordinates": [ [ [ 22.927957, 40.660472 ], [ 22.928065, 40.66066 ], [ 22.927885, 40.660717 ], [ 22.927999, 40.660932 ], [ 22.927835, 40.660988 ], [ 22.928404, 40.660793 ] ] ] } },
{ "type": "Feature", "properties": { }, "geometry": { "type": "MultiLineString", "coordinates": [ [ [ 22.933597, 40.660632 ], [ 22.932117, 40.66115 ] ] ] } },
{ "type": "Feature", "properties": { }, "geometry": { "type": "MultiLineString", "coordinates": [ [ [ 22.928072, 40.660907 ], [ 22.928059, 40.660938 ] ] ] } },
{ "type": "Feature", "properties": { }, "geometry": { "type": "MultiLineString", "coordinates": [ [ [ 22.928059, 40.660938 ], [ 22.928111, 40.660994 ] ] ] } },
{ "type": "Feature", "properties": { }, "geometry": { "type": "MultiLineString", "coordinates": [ [ [ 22.927965, 40.661061 ], [ 22.928198, 40.660975 ], [ 22.928273, 40.660975 ], [ 22.928329, 40.661039 ] ] ] } },
{ "type": "Feature", "properties": { }, "geometry": { "type": "MultiLineString", "coordinates": [ [ [ 22.933273, 40.661804 ], [ 22.932435, 40.660365 ] ] ] } },
{ "type": "Feature", "properties": { }, "geometry": { "type": "MultiLineString", "coordinates": [ [ [ 22.927817, 40.661068 ], [ 22.927965, 40.661061 ], [ 22.928015, 40.66116 ] ] ] } },
{ "type": "Feature", "properties": { }, "geometry": { "type": "MultiLineString", "coordinates": [ [ [ 22.932117, 40.66115 ], [ 22.931562, 40.661342 ] ] ] } },
{ "type": "Feature", "properties": { }, "geometry": { "type": "MultiLineString", "coordinates": [ [ [ 22.928575, 40.661227 ], [ 22.928657, 40.661208 ] ] ] } },
{ "type": "Feature", "properties": { }, "geometry": { "type": "MultiLineString", "coordinates": [ [ [ 22.928335, 40.66125 ], [ 22.928462, 40.661215 ], [ 22.928575, 40.661227 ] ] ] } },
{ "type": "Feature", "properties": { }, "geometry": { "type": "MultiLineString", "coordinates": [ [ [ 22.928226, 40.661617 ], [ 22.928779, 40.661414 ] ] ] } },
{ "type": "Feature", "properties": { }, "geometry": { "type": "MultiLineString", "coordinates": [ [ [ 22.928622, 40.661472 ], [ 22.928599, 40.661614 ], [ 22.928664, 40.661641 ], [ 22.928728, 40.661736 ] ] ] } },
{ "type": "Feature", "properties": { }, "geometry": { "type": "MultiLineString", "coordinates": [ [ [ 22.928728, 40.661736 ], [ 22.928866, 40.661837 ], [ 22.928896, 40.662025 ] ] ] } },
{ "type": "Feature", "properties": { }, "geometry": { "type": "MultiLineString", "coordinates": [ [ [ 22.932891, 40.664357 ], [ 22.932903, 40.664153 ] ] ] } },
{ "type": "Feature", "properties": { }, "geometry": { "type": "MultiLineString", "coordinates": [ [ [ 22.932858, 40.66502 ], [ 22.932891, 40.664357 ] ] ] } },
{ "type": "Feature", "properties": { }, "geometry": { "type": "MultiLineString", "coordinates": [ [ [ 22.939009, 40.665806 ], [ 22.938513, 40.664543 ] ] ] } },
{ "type": "Feature", "properties": { }, "geometry": { "type": "MultiLineString", "coordinates": [ [ [ 22.933463, 40.665032 ], [ 22.93344, 40.665623 ] ] ] } },
{ "type": "Feature", "properties": { }, "geometry": { "type": "MultiLineString", "coordinates": [ [ [ 22.931163, 40.666363 ], [ 22.931084, 40.665946 ] ] ] } },
{ "type": "Feature", "properties": { }, "geometry": { "type": "MultiLineString", "coordinates": [ [ [ 22.931745, 40.666077 ], [ 22.931814, 40.66643 ], [ 22.931794, 40.666477 ] ] ] } },
{ "type": "Feature", "properties": { }, "geometry": { "type": "MultiLineString", "coordinates": [ [ [ 22.930486, 40.665905 ], [ 22.931084, 40.665946 ], [ 22.932726, 40.666251 ], [ 22.93287, 40.666443 ], [ 22.933312, 40.666619 ], [ 22.933378, 40.666613 ], [ 22.9336, 40.666706 ], [ 22.933862, 40.666675 ], [ 22.934419, 40.666896 ] ] ] } },
{ "type": "Feature", "properties": { }, "geometry": { "type": "MultiLineString", "coordinates": [ [ [ 22.800337, 40.66545 ], [ 22.800574, 40.664449 ], [ 22.80067, 40.664375 ] ] ] } },
{ "type": "Feature", "properties": { }, "geometry": { "type": "MultiLineString", "coordinates": [ [ [ 22.80067, 40.664375 ], [ 22.800441, 40.665446 ], [ 22.800426, 40.666084 ] ] ] } },
{ "type": "Feature", "properties": { }, "geometry": { "type": "MultiLineString", "coordinates": [ [ [ 22.800317, 40.666082 ], [ 22.800337, 40.66545 ] ] ] } },
{ "type": "Feature", "properties": { }, "geometry": { "type": "MultiLineString", "coordinates": [ [ [ 22.800426, 40.666084 ], [ 22.800457, 40.666721 ], [ 22.800697, 40.667027 ] ] ] } },
{ "type": "Feature", "properties": { }, "geometry": { "type": "MultiLineString", "coordinates": [ [ [ 22.80243, 40.666766 ], [ 22.80209, 40.66777 ] ] ] } },
{ "type": "Feature", "properties": { }, "geometry": { "type": "MultiLineString", "coordinates": [ [ [ 22.800697, 40.667027 ], [ 22.801709, 40.668275 ] ] ] } },
{ "type": "Feature", "properties": { }, "geometry": { "type": "MultiLineString", "coordinates": [ [ [ 22.801882, 40.668272 ], [ 22.801961, 40.6682 ], [ 22.80209, 40.66777 ] ] ] } },
{ "type": "Feature", "properties": { }, "geometry": { "type": "MultiLineString", "coordinates": [ [ [ 22.812722, 40.668591 ], [ 22.812676, 40.668571 ], [ 22.812634, 40.668476 ], [ 22.812627, 40.667904 ] ] ] } },
{ "type": "Feature", "properties": { }, "geometry": { "type": "MultiLineString", "coordinates": [ [ [ 22.903978, 40.667385 ], [ 22.904936, 40.668283 ], [ 22.905095, 40.668584 ], [ 22.905551, 40.669623 ], [ 22.906043, 40.671342 ] ] ] } },
{ "type": "Feature", "properties": { }, "geometry": { "type": "MultiLineString", "coordinates": [ [ [ 22.899193, 40.671067 ], [ 22.899356, 40.671022 ], [ 22.899417, 40.670967 ] ] ] } },
{ "type": "Feature", "properties": { }, "geometry": { "type": "MultiLineString", "coordinates": [ [ [ 22.93287, 40.666443 ], [ 22.932978, 40.66667 ], [ 22.932963, 40.666759 ], [ 22.93309, 40.666717 ] ] ] } },
{ "type": "Feature", "properties": { }, "geometry": { "type": "MultiLineString", "coordinates": [ [ [ 22.933312, 40.666619 ], [ 22.933326, 40.666655 ], [ 22.933561, 40.666755 ], [ 22.9336, 40.666706 ] ] ] } },
{ "type": "Feature", "properties": { }, "geometry": { "type": "MultiLineString", "coordinates": [ [ [ 22.93309, 40.666717 ], [ 22.933326, 40.666655 ] ] ] } },
{ "type": "Feature", "properties": { }, "geometry": { "type": "MultiLineString", "coordinates": [ [ [ 22.933561, 40.666755 ], [ 22.933626, 40.667028 ] ] ] } },
{ "type": "Feature", "properties": { }, "geometry": { "type": "MultiLineString", "coordinates": [ [ [ 22.945763, 40.672498 ], [ 22.945768, 40.672112 ] ] ] } },
{ "type": "Feature", "properties": { }, "geometry": { "type": "MultiLineString", "coordinates": [ [ [ 22.90948, 40.673249 ], [ 22.909336, 40.672612 ] ] ] } },
{ "type": "Feature", "properties": { }, "geometry": { "type": "MultiLineString", "coordinates": [ [ [ 22.908995, 40.673821 ], [ 22.908987, 40.673306 ] ] ] } },
{ "type": "Feature", "properties": { }, "geometry": { "type": "MultiLineString", "coordinates": [ [ [ 22.932949, 40.674433 ], [ 22.932742, 40.674389 ], [ 22.932767, 40.674127 ], [ 22.932686, 40.673982 ] ] ] } },
{ "type": "Feature", "properties": { }, "geometry": { "type": "MultiLineString", "coordinates": [ [ [ 22.932109, 40.675877 ], [ 22.932311, 40.675847 ] ] ] } },
{ "type": "Feature", "properties": { }, "geometry": { "type": "MultiLineString", "coordinates": [ [ [ 22.934202, 40.676319 ], [ 22.934214, 40.676003 ] ] ] } },
{ "type": "Feature", "properties": { }, "geometry": { "type": "MultiLineString", "coordinates": [ [ [ 22.899193, 40.671067 ], [ 22.899133, 40.670959 ], [ 22.899147, 40.670916 ], [ 22.899264, 40.670855 ], [ 22.899341, 40.670862 ], [ 22.899398, 40.670959 ], [ 22.899498, 40.671005 ], [ 22.899596, 40.67123 ], [ 22.899729, 40.671301 ] ] ] } },
{ "type": "Feature", "properties": { }, "geometry": { "type": "MultiLineString", "coordinates": [ [ [ 22.891583, 40.670572 ], [ 22.891622, 40.670715 ], [ 22.891612, 40.671099 ], [ 22.891561, 40.671217 ], [ 22.891539, 40.671443 ], [ 22.891571, 40.671519 ] ] ] } },
{ "type": "Feature", "properties": { }, "geometry": { "type": "MultiLineString", "coordinates": [ [ [ 22.906043, 40.671342 ], [ 22.906723, 40.673719 ] ] ] } },
{ "type": "Feature", "properties": { }, "geometry": { "type": "MultiLineString", "coordinates": [ [ [ 22.804552, 40.674659 ], [ 22.804731, 40.675054 ], [ 22.804811, 40.675146 ], [ 22.804959, 40.675536 ], [ 22.805134, 40.676177 ] ] ] } },
{ "type": "Feature", "properties": { }, "geometry": { "type": "MultiLineString", "coordinates": [ [ [ 22.719576, 40.679601 ], [ 22.719419, 40.678775 ], [ 22.719403, 40.67851 ], [ 22.7194, 40.678281 ], [ 22.719526, 40.677537 ] ] ] } },
{ "type": "Feature", "properties": { }, "geometry": { "type": "MultiLineString", "coordinates": [ [ [ 22.719526, 40.677537 ], [ 22.719751, 40.678307 ], [ 22.71977, 40.678711 ], [ 22.719746, 40.679095 ], [ 22.719581, 40.67986 ] ] ] } },
{ "type": "Feature", "properties": { }, "geometry": { "type": "MultiLineString", "coordinates": [ [ [ 22.776898, 40.686226 ], [ 22.776959, 40.684826 ], [ 22.777516, 40.68218 ] ] ] } },
{ "type": "Feature", "properties": { }, "geometry": { "type": "MultiLineString", "coordinates": [ [ [ 22.777791, 40.682296 ], [ 22.776898, 40.686226 ] ] ] } },
{ "type": "Feature", "properties": { }, "geometry": { "type": "MultiLineString", "coordinates": [ [ [ 22.826526, 40.697404 ], [ 22.825625, 40.697448 ], [ 22.825003, 40.697437 ], [ 22.824898, 40.697405 ], [ 22.824787, 40.697329 ], [ 22.823819, 40.696307 ], [ 22.823549, 40.695981 ], [ 22.82336, 40.695596 ], [ 22.823247, 40.695538 ] ] ] } },
{ "type": "Feature", "properties": { }, "geometry": { "type": "MultiLineString", "coordinates": [ [ [ 22.718983, 40.70153 ], [ 22.718875, 40.701218 ], [ 22.718922, 40.700551 ], [ 22.719091, 40.7002 ] ] ] } },
{ "type": "Feature", "properties": { }, "geometry": { "type": "MultiLineString", "coordinates": [ [ [ 22.9313, 40.677479 ], [ 22.931565, 40.677585 ], [ 22.931883, 40.677647 ] ] ] } },
{ "type": "Feature", "properties": { }, "geometry": { "type": "MultiLineString", "coordinates": [ [ [ 22.933941, 40.680696 ], [ 22.933783, 40.680694 ] ] ] } },
{ "type": "Feature", "properties": { }, "geometry": { "type": "MultiLineString", "coordinates": [ [ [ 22.939819, 40.68203 ], [ 22.940335, 40.68188 ] ] ] } },
{ "type": "Feature", "properties": { }, "geometry": { "type": "MultiLineString", "coordinates": [ [ [ 22.933876, 40.684304 ], [ 22.934577, 40.684438 ] ] ] } },
{ "type": "Feature", "properties": { }, "geometry": { "type": "MultiLineString", "coordinates": [ [ [ 22.926217, 40.685426 ], [ 22.927493, 40.685438 ] ] ] } },
{ "type": "Feature", "properties": { }, "geometry": { "type": "MultiLineString", "coordinates": [ [ [ 22.92965, 40.707517 ], [ 22.929655, 40.707238 ], [ 22.929609, 40.707128 ], [ 22.929152, 40.706678 ], [ 22.928987, 40.706397 ], [ 22.928783, 40.705582 ], [ 22.928732, 40.705041 ], [ 22.928829, 40.704473 ], [ 22.929214, 40.70312 ], [ 22.929341, 40.702832 ], [ 22.929451, 40.702675 ], [ 22.929891, 40.702184 ] ] ] } },
{ "type": "Feature", "properties": { }, "geometry": { "type": "MultiLineString", "coordinates": [ [ [ 22.929388, 40.71051 ], [ 22.929603, 40.710052 ], [ 22.929955, 40.709489 ], [ 22.930045, 40.709236 ], [ 22.930027, 40.708689 ], [ 22.929688, 40.707814 ], [ 22.92965, 40.707517 ] ] ] } },
{ "type": "Feature", "properties": { }, "geometry": { "type": "MultiLineString", "coordinates": [ [ [ 22.929399, 40.710549 ], [ 22.929388, 40.71051 ] ] ] } },
{ "type": "Feature", "properties": { }, "geometry": { "type": "MultiLineString", "coordinates": [ [ [ 22.709175, 40.717092 ], [ 22.709261, 40.717341 ] ] ] } },
{ "type": "Feature", "properties": { }, "geometry": { "type": "MultiLineString", "coordinates": [ [ [ 22.687907, 40.720154 ], [ 22.687515, 40.721094 ] ] ] } },
{ "type": "Feature", "properties": { }, "geometry": { "type": "MultiLineString", "coordinates": [ [ [ 22.694868, 40.727637 ], [ 22.69402, 40.728114 ] ] ] } },
{ "type": "Feature", "properties": { }, "geometry": { "type": "MultiLineString", "coordinates": [ [ [ 22.693426, 40.728352 ], [ 22.694587, 40.727694 ] ] ] } },
{ "type": "Feature", "properties": { }, "geometry": { "type": "MultiLineString", "coordinates": [ [ [ 22.69402, 40.728114 ], [ 22.693456, 40.728438 ] ] ] } },
{ "type": "Feature", "properties": { }, "geometry": { "type": "MultiLineString", "coordinates": [ [ [ 22.692741, 40.728757 ], [ 22.693426, 40.728352 ] ] ] } },
{ "type": "Feature", "properties": { }, "geometry": { "type": "MultiLineString", "coordinates": [ [ [ 22.693456, 40.728438 ], [ 22.692802, 40.72883 ] ] ] } },
{ "type": "Feature", "properties": { }, "geometry": { "type": "MultiLineString", "coordinates": [ [ [ 22.692076, 40.729151 ], [ 22.692741, 40.728757 ] ] ] } },
{ "type": "Feature", "properties": { }, "geometry": { "type": "MultiLineString", "coordinates": [ [ [ 22.692802, 40.72883 ], [ 22.692144, 40.729229 ] ] ] } },
{ "type": "Feature", "properties": { }, "geometry": { "type": "MultiLineString", "coordinates": [ [ [ 22.691411, 40.729493 ], [ 22.692076, 40.729151 ] ] ] } },
{ "type": "Feature", "properties": { }, "geometry": { "type": "MultiLineString", "coordinates": [ [ [ 22.692144, 40.729229 ], [ 22.691471, 40.729588 ] ] ] } },
{ "type": "Feature", "properties": { }, "geometry": { "type": "MultiLineString", "coordinates": [ [ [ 22.693806, 40.731303 ], [ 22.695179, 40.731217 ] ] ] } },
{ "type": "Feature", "properties": { }, "geometry": { "type": "MultiLineString", "coordinates": [ [ [ 22.711154, 40.735469 ], [ 22.711227, 40.735846 ] ] ] } },
{ "type": "Feature", "properties": { }, "geometry": { "type": "MultiLineString", "coordinates": [ [ [ 22.710928, 40.735756 ], [ 22.711042, 40.735621 ], [ 22.711129, 40.735571 ] ] ] } },
{ "type": "Feature", "properties": { }, "geometry": { "type": "MultiLineString", "coordinates": [ [ [ 22.710761, 40.736362 ], [ 22.710928, 40.735756 ] ] ] } },
{ "type": "Feature", "properties": { }, "geometry": { "type": "MultiLineString", "coordinates": [ [ [ 22.711227, 40.735846 ], [ 22.711167, 40.736192 ], [ 22.71105, 40.73653 ] ] ] } },
{ "type": "Feature", "properties": { }, "geometry": { "type": "MultiLineString", "coordinates": [ [ [ 22.710833, 40.736665 ], [ 22.710771, 40.736532 ], [ 22.710761, 40.736362 ] ] ] } },
{ "type": "Feature", "properties": { }, "geometry": { "type": "MultiLineString", "coordinates": [ [ [ 22.71105, 40.73653 ], [ 22.710778, 40.736863 ] ] ] } },
{ "type": "Feature", "properties": { }, "geometry": { "type": "MultiLineString", "coordinates": [ [ [ 22.991392, 40.581916 ], [ 22.990719, 40.583321 ], [ 22.990441, 40.584621 ], [ 22.990458, 40.584905 ], [ 22.990025, 40.586648 ], [ 22.989569, 40.587297 ], [ 22.988849, 40.589001 ] ] ] } },
{ "type": "Feature", "properties": { }, "geometry": { "type": "MultiLineString", "coordinates": [ [ [ 22.988849, 40.589001 ], [ 22.987578, 40.59169 ] ] ] } },
{ "type": "Feature", "properties": { }, "geometry": { "type": "MultiLineString", "coordinates": [ [ [ 22.987578, 40.59169 ], [ 22.987472, 40.591918 ] ] ] } },
{ "type": "Feature", "properties": { }, "geometry": { "type": "MultiLineString", "coordinates": [ [ [ 22.983738, 40.592703 ], [ 22.984214, 40.592174 ], [ 22.984996, 40.591618 ], [ 22.984951, 40.591546 ], [ 22.984248, 40.590989 ] ] ] } },
{ "type": "Feature", "properties": { }, "geometry": { "type": "MultiLineString", "coordinates": [ [ [ 22.987472, 40.591918 ], [ 22.987134, 40.592642 ] ] ] } },
{ "type": "Feature", "properties": { }, "geometry": { "type": "MultiLineString", "coordinates": [ [ [ 22.987134, 40.592642 ], [ 22.987021, 40.592911 ] ] ] } },
{ "type": "Feature", "properties": { }, "geometry": { "type": "MultiLineString", "coordinates": [ [ [ 22.987021, 40.592911 ], [ 22.98653, 40.593946 ], [ 22.9864, 40.59415 ], [ 22.98617, 40.59439 ] ] ] } },
{ "type": "Feature", "properties": { }, "geometry": { "type": "MultiLineString", "coordinates": [ [ [ 22.98617, 40.59439 ], [ 22.98607, 40.594527 ] ] ] } },
{ "type": "Feature", "properties": { }, "geometry": { "type": "MultiLineString", "coordinates": [ [ [ 22.985867, 40.595565 ], [ 22.984634, 40.595326 ], [ 22.983194, 40.594915 ], [ 22.983115, 40.594874 ], [ 22.98298, 40.594725 ], [ 22.982307, 40.594611 ] ] ] } },
{ "type": "Feature", "properties": { }, "geometry": { "type": "MultiLineString", "coordinates": [ [ [ 22.985987, 40.594968 ], [ 22.987055, 40.59512 ], [ 22.989216, 40.595737 ] ] ] } },
{ "type": "Feature", "properties": { }, "geometry": { "type": "MultiLineString", "coordinates": [ [ [ 23.112643, 40.589608 ], [ 23.112683, 40.589554 ], [ 23.113023, 40.589454 ], [ 23.113192, 40.589361 ], [ 23.113238, 40.589281 ], [ 23.113179, 40.588568 ], [ 23.113195, 40.588353 ], [ 23.113299, 40.588173 ], [ 23.113769, 40.587801 ], [ 23.114184, 40.587613 ], [ 23.114281, 40.587521 ], [ 23.114337, 40.587151 ], [ 23.114286, 40.587077 ], [ 23.114187, 40.58702 ], [ 23.113868, 40.586925 ], [ 23.113726, 40.586817 ], [ 23.113592, 40.586631 ], [ 23.113559, 40.586426 ], [ 23.113586, 40.586018 ], [ 23.113562, 40.585925 ], [ 23.113487, 40.585884 ], [ 23.113423, 40.585896 ], [ 23.112462, 40.586576 ], [ 23.112293, 40.586631 ], [ 23.11198, 40.58666 ], [ 23.111795, 40.586607 ], [ 23.111086, 40.586271 ], [ 23.110719, 40.58602 ], [ 23.10985, 40.585735 ], [ 23.109434, 40.585652 ], [ 23.109279, 40.585513 ], [ 23.109196, 40.58533 ], [ 23.109201, 40.585104 ], [ 23.109263, 40.584857 ], [ 23.109483, 40.584372 ], [ 23.110011, 40.583515 ], [ 23.110129, 40.58268 ], [ 23.110081, 40.582525 ], [ 23.109912, 40.582303 ], [ 23.109815, 40.582231 ], [ 23.10904, 40.582085 ], [ 23.10871, 40.581832 ], [ 23.108538, 40.58151 ], [ 23.108522, 40.581384 ], [ 23.108592, 40.581197 ], [ 23.10915, 40.580388 ], [ 23.109415, 40.58006 ], [ 23.109558, 40.57982 ], [ 23.109987, 40.579324 ], [ 23.110201, 40.579145 ], [ 23.110282, 40.578999 ], [ 23.110416, 40.578318 ], [ 23.110529, 40.578033 ], [ 23.110684, 40.577825 ], [ 23.110931, 40.577711 ], [ 23.111108, 40.577687 ], [ 23.11128, 40.577707 ], [ 23.112272, 40.578192 ], [ 23.113173, 40.578493 ], [ 23.113667, 40.578607 ], [ 23.114359, 40.578652 ], [ 23.115839, 40.578974 ], [ 23.116209, 40.578999 ], [ 23.116623, 40.57897 ], [ 23.117223, 40.579056 ], [ 23.117631, 40.579056 ], [ 23.118087, 40.578999 ], [ 23.118886, 40.578848 ], [ 23.11968, 40.578587 ], [ 23.120313, 40.578444 ], [ 23.120796, 40.578475 ], [ 23.12096, 40.578544 ], [ 23.12111, 40.578817 ], [ 23.121156, 40.579199 ], [ 23.121475, 40.579638 ], [ 23.121535, 40.579809 ], [ 23.121483, 40.580135 ], [ 23.121306, 40.580359 ], [ 23.121113, 40.580543 ], [ 23.120807, 40.580746 ], [ 23.120759, 40.580836 ], [ 23.12093, 40.58139 ], [ 23.121059, 40.581555 ], [ 23.121284, 40.58169 ], [ 23.121839, 40.581877 ], [ 23.122156, 40.582058 ], [ 23.122558, 40.582366 ], [ 23.122674, 40.582523 ], [ 23.122687, 40.582667 ], [ 23.122617, 40.583158 ], [ 23.122668, 40.583478 ], [ 23.122931, 40.583684 ], [ 23.12306, 40.583904 ], [ 23.123586, 40.584238 ], [ 23.123789, 40.584442 ], [ 23.123816, 40.584596 ], [ 23.123543, 40.585313 ], [ 23.123516, 40.585513 ], [ 23.123323, 40.586047 ], [ 23.122904, 40.586951 ], [ 23.122754, 40.587147 ], [ 23.122561, 40.587297 ], [ 23.122384, 40.587701 ], [ 23.122266, 40.58777 ], [ 23.121874, 40.587856 ], [ 23.121424, 40.588145 ], [ 23.121349, 40.58834 ], [ 23.121418, 40.589485 ], [ 23.121354, 40.589591 ], [ 23.121059, 40.589579 ], [ 23.120807, 40.589489 ], [ 23.120689, 40.589501 ], [ 23.120571, 40.589624 ], [ 23.120463, 40.589848 ], [ 23.120335, 40.590011 ], [ 23.120158, 40.590116 ], [ 23.119323, 40.590147 ], [ 23.11912, 40.5902 ], [ 23.118988, 40.59031 ], [ 23.118294, 40.590624 ], [ 23.117604, 40.590764 ], [ 23.117325, 40.590803 ], [ 23.117001, 40.590732 ], [ 23.116901, 40.590737 ], [ 23.11677, 40.590854 ], [ 23.116678, 40.591198 ], [ 23.11657, 40.591427 ], [ 23.115367, 40.592088 ], [ 23.11555, 40.592194 ], [ 23.115748, 40.592263 ], [ 23.116279, 40.592251 ], [ 23.1172, 40.592103 ], [ 23.117346, 40.592113 ] ] ] } },
{ "type": "Feature", "properties": { }, "geometry": { "type": "MultiLineString", "coordinates": [ [ [ 23.09795, 40.590535 ], [ 23.098026, 40.590418 ], [ 23.098148, 40.590317 ], [ 23.099041, 40.589782 ], [ 23.099263, 40.589583 ], [ 23.099713, 40.589282 ], [ 23.100075, 40.589133 ], [ 23.100286, 40.589103 ], [ 23.100714, 40.589152 ], [ 23.100934, 40.589231 ], [ 23.101068, 40.589236 ], [ 23.101413, 40.589064 ], [ 23.101483, 40.589005 ], [ 23.101545, 40.58888 ], [ 23.101418, 40.588454 ], [ 23.101418, 40.588299 ], [ 23.101493, 40.588197 ], [ 23.101866, 40.588132 ], [ 23.102397, 40.587926 ], [ 23.102732, 40.587863 ], [ 23.103288, 40.587914 ], [ 23.103513, 40.587871 ], [ 23.103942, 40.587847 ], [ 23.104468, 40.587849 ], [ 23.104591, 40.587796 ], [ 23.104629, 40.587743 ], [ 23.104648, 40.587688 ], [ 23.10461, 40.587535 ], [ 23.104286, 40.587109 ], [ 23.104109, 40.58693 ], [ 23.103669, 40.586606 ], [ 23.103604, 40.586515 ], [ 23.103643, 40.586309 ], [ 23.103623, 40.586235 ], [ 23.10351, 40.586174 ], [ 23.103408, 40.58616 ], [ 23.10284, 40.58637 ], [ 23.102621, 40.586382 ], [ 23.10229, 40.586351 ], [ 23.10199, 40.586288 ], [ 23.101606, 40.58614 ], [ 23.101493, 40.586064 ], [ 23.101386, 40.585832 ], [ 23.101169, 40.585641 ], [ 23.100726, 40.585592 ], [ 23.100394, 40.585496 ], [ 23.100249, 40.585425 ], [ 23.100026, 40.585209 ], [ 23.099951, 40.585091 ], [ 23.099986, 40.584964 ], [ 23.100386, 40.584471 ], [ 23.10053, 40.584223 ], [ 23.100938, 40.583133 ], [ 23.100887, 40.583052 ], [ 23.100702, 40.583023 ], [ 23.10034, 40.583056 ], [ 23.09887, 40.583579 ], [ 23.097599, 40.584084 ], [ 23.096285, 40.584365 ], [ 23.095601, 40.584434 ], [ 23.094971, 40.584454 ], [ 23.094713, 40.584394 ], [ 23.094589, 40.584353 ], [ 23.094481, 40.584275 ], [ 23.094412, 40.584139 ], [ 23.0944, 40.583929 ] ] ] } },
{ "type": "Feature", "properties": { }, "geometry": { "type": "MultiLineString", "coordinates": [ [ [ 23.002386, 40.583244 ], [ 23.002358, 40.583434 ], [ 23.002646, 40.584993 ], [ 23.003384, 40.586529 ], [ 23.003597, 40.587321 ], [ 23.00373, 40.587986 ], [ 23.003998, 40.588784 ], [ 23.004048, 40.589395 ], [ 23.00419, 40.589952 ], [ 23.004249, 40.590059 ], [ 23.004415, 40.590171 ] ] ] } },
{ "type": "Feature", "properties": { }, "geometry": { "type": "MultiLineString", "coordinates": [ [ [ 23.113126, 40.589697 ], [ 23.113249, 40.589764 ] ] ] } },
{ "type": "Feature", "properties": { }, "geometry": { "type": "MultiLineString", "coordinates": [ [ [ 23.099894, 40.594736 ], [ 23.101505, 40.594534 ], [ 23.101824, 40.59435 ], [ 23.101966, 40.594141 ], [ 23.102013, 40.593921 ], [ 23.101852, 40.593462 ], [ 23.101874, 40.593334 ], [ 23.102629, 40.592143 ], [ 23.102984, 40.591689 ], [ 23.104015, 40.591041 ], [ 23.104642, 40.590993 ], [ 23.105407, 40.591 ], [ 23.10575, 40.591042 ], [ 23.106053, 40.591026 ], [ 23.106321, 40.590971 ], [ 23.106767, 40.590824 ], [ 23.107394, 40.590425 ], [ 23.107609, 40.590332 ], [ 23.108005, 40.590292 ], [ 23.10852, 40.590185 ], [ 23.109163, 40.590038 ], [ 23.109575, 40.589885 ], [ 23.10982, 40.589833 ], [ 23.110571, 40.589771 ], [ 23.111558, 40.589503 ], [ 23.111838, 40.589472 ], [ 23.112212, 40.589512 ], [ 23.113126, 40.589697 ] ] ] } },
{ "type": "Feature", "properties": { }, "geometry": { "type": "MultiLineString", "coordinates": [ [ [ 23.004474, 40.590164 ], [ 23.005013, 40.590124 ], [ 23.006107, 40.589946 ], [ 23.006435, 40.589923 ], [ 23.006791, 40.589969 ], [ 23.007183, 40.59011 ], [ 23.010157, 40.592571 ], [ 23.011098, 40.593703 ] ] ] } },
{ "type": "Feature", "properties": { }, "geometry": { "type": "MultiLineString", "coordinates": [ [ [ 23.105564, 40.599769 ], [ 23.105036, 40.599859 ], [ 23.104901, 40.599859 ], [ 23.104575, 40.599757 ], [ 23.104319, 40.599779 ], [ 23.103786, 40.600103 ], [ 23.103089, 40.600401 ], [ 23.102773, 40.600431 ], [ 23.102186, 40.600382 ] ] ] } },
{ "type": "Feature", "properties": { }, "geometry": { "type": "MultiLineString", "coordinates": [ [ [ 23.103834, 40.601506 ], [ 23.104045, 40.601347 ], [ 23.104613, 40.601181 ], [ 23.104777, 40.601112 ], [ 23.104886, 40.601018 ], [ 23.105056, 40.600484 ], [ 23.105179, 40.600249 ], [ 23.105564, 40.599769 ] ] ] } },
{ "type": "Feature", "properties": { }, "geometry": { "type": "MultiLineString", "coordinates": [ [ [ 23.110754, 40.597717 ], [ 23.110431, 40.598171 ], [ 23.110219, 40.599277 ], [ 23.109965, 40.599617 ], [ 23.109898, 40.599856 ], [ 23.109329, 40.600575 ], [ 23.10904, 40.600737 ], [ 23.108427, 40.601393 ], [ 23.108414, 40.601463 ], [ 23.108302, 40.601513 ], [ 23.107782, 40.602209 ], [ 23.107643, 40.602307 ], [ 23.107486, 40.60259 ], [ 23.107301, 40.602702 ], [ 23.106927, 40.602755 ], [ 23.106784, 40.602805 ], [ 23.106482, 40.603067 ], [ 23.106274, 40.603347 ], [ 23.105899, 40.603604 ], [ 23.104487, 40.604369 ], [ 23.104124, 40.60466 ], [ 23.10381, 40.604809 ], [ 23.103371, 40.604939 ] ] ] } },
{ "type": "Feature", "properties": { }, "geometry": { "type": "MultiLineString", "coordinates": [ [ [ 23.100312, 40.602657 ], [ 23.1004, 40.602486 ], [ 23.100801, 40.602516 ], [ 23.101163, 40.602419 ], [ 23.101431, 40.602424 ], [ 23.101759, 40.602316 ], [ 23.101946, 40.602346 ], [ 23.102307, 40.602465 ], [ 23.102935, 40.602349 ], [ 23.103018, 40.602295 ], [ 23.103137, 40.602102 ], [ 23.103286, 40.601952 ], [ 23.10341, 40.601865 ], [ 23.103583, 40.6018 ], [ 23.103723, 40.601573 ], [ 23.103834, 40.601506 ] ] ] } },
{ "type": "Feature", "properties": { }, "geometry": { "type": "MultiLineString", "coordinates": [ [ [ 22.986883, 40.595875 ], [ 22.987136, 40.595143 ] ] ] } },
{ "type": "Feature", "properties": { }, "geometry": { "type": "MultiLineString", "coordinates": [ [ [ 22.987873, 40.596169 ], [ 22.988165, 40.595454 ] ] ] } },
{ "type": "Feature", "properties": { }, "geometry": { "type": "MultiLineString", "coordinates": [ [ [ 22.98607, 40.594527 ], [ 22.988595, 40.594767 ], [ 22.98966, 40.595214 ], [ 22.991149, 40.595703 ], [ 22.993223, 40.596558 ], [ 22.99328, 40.596636 ], [ 22.993282, 40.596736 ], [ 22.993055, 40.597148 ] ] ] } },
{ "type": "Feature", "properties": { }, "geometry": { "type": "MultiLineString", "coordinates": [ [ [ 22.987133, 40.596247 ], [ 22.986965, 40.596208 ], [ 22.98688, 40.596146 ], [ 22.986961, 40.595897 ] ] ] } },
{ "type": "Feature", "properties": { }, "geometry": { "type": "MultiLineString", "coordinates": [ [ [ 22.98722, 40.595977 ], [ 22.987133, 40.596247 ] ] ] } },
{ "type": "Feature", "properties": { }, "geometry": { "type": "MultiLineString", "coordinates": [ [ [ 22.985843, 40.595692 ], [ 22.986519, 40.595771 ], [ 22.988552, 40.596351 ], [ 22.990056, 40.596541 ], [ 22.990717, 40.596832 ], [ 22.99077, 40.596822 ], [ 22.99088, 40.596719 ] ] ] } },
{ "type": "Feature", "properties": { }, "geometry": { "type": "MultiLineString", "coordinates": [ [ [ 22.985563, 40.598099 ], [ 22.985816, 40.595831 ], [ 22.98607, 40.594527 ] ] ] } },
{ "type": "Feature", "properties": { }, "geometry": { "type": "MultiLineString", "coordinates": [ [ [ 22.987768, 40.603402 ], [ 22.988521, 40.6035 ], [ 22.989089, 40.603612 ] ] ] } },
{ "type": "Feature", "properties": { }, "geometry": { "type": "MultiLineString", "coordinates": [ [ [ 22.989306, 40.603603 ], [ 22.989089, 40.603612 ] ] ] } },
{ "type": "Feature", "properties": { }, "geometry": { "type": "MultiLineString", "coordinates": [ [ [ 22.986723, 40.603713 ], [ 22.987332, 40.603784 ], [ 22.987683, 40.603694 ], [ 22.987769, 40.603634 ], [ 22.987768, 40.603402 ] ] ] } },
{ "type": "Feature", "properties": { }, "geometry": { "type": "MultiLineString", "coordinates": [ [ [ 22.994428, 40.604458 ], [ 22.99437, 40.604745 ], [ 22.994699, 40.60495 ], [ 22.995057, 40.60508 ], [ 22.995474, 40.605077 ], [ 22.995807, 40.60466 ] ] ] } },
{ "type": "Feature", "properties": { }, "geometry": { "type": "MultiLineString", "coordinates": [ [ [ 22.992931, 40.605022 ], [ 22.992705, 40.605005 ], [ 22.99218, 40.605078 ], [ 22.991641, 40.60505 ], [ 22.991316, 40.60496 ] ] ] } },
{ "type": "Feature", "properties": { }, "geometry": { "type": "MultiLineString", "coordinates": [ [ [ 22.988735, 40.604799 ], [ 22.990396, 40.605942 ] ] ] } },
{ "type": "Feature", "properties": { }, "geometry": { "type": "MultiLineString", "coordinates": [ [ [ 22.990081, 40.606297 ], [ 22.98834, 40.605014 ] ] ] } },
{ "type": "Feature", "properties": { }, "geometry": { "type": "MultiLineString", "coordinates": [ [ [ 22.992287, 40.606691 ], [ 22.992947, 40.607005 ], [ 22.993982, 40.607578 ] ] ] } },
{ "type": "Feature", "properties": { }, "geometry": { "type": "MultiLineString", "coordinates": [ [ [ 22.990032, 40.60798 ], [ 22.990957, 40.606795 ] ] ] } },
{ "type": "Feature", "properties": { }, "geometry": { "type": "MultiLineString", "coordinates": [ [ [ 22.988987, 40.609307 ], [ 22.989949, 40.608075 ] ] ] } },
{ "type": "Feature", "properties": { }, "geometry": { "type": "MultiLineString", "coordinates": [ [ [ 22.991716, 40.611401 ], [ 22.991877, 40.611567 ] ] ] } },
{ "type": "Feature", "properties": { }, "geometry": { "type": "MultiLineString", "coordinates": [ [ [ 22.972507, 40.604322 ], [ 22.972622, 40.604025 ] ] ] } },
{ "type": "Feature", "properties": { }, "geometry": { "type": "MultiLineString", "coordinates": [ [ [ 22.973201, 40.604588 ], [ 22.972894, 40.604664 ] ] ] } },
{ "type": "Feature", "properties": { }, "geometry": { "type": "MultiLineString", "coordinates": [ [ [ 22.979672, 40.610867 ], [ 22.979765, 40.61062 ], [ 22.979945, 40.610388 ], [ 22.981754, 40.608778 ], [ 22.982132, 40.608349 ], [ 22.982314, 40.607969 ], [ 22.983254, 40.605055 ], [ 22.983314, 40.604627 ], [ 22.983235, 40.604461 ], [ 22.983089, 40.604344 ], [ 22.982711, 40.604183 ], [ 22.98189, 40.603677 ], [ 22.981233, 40.603174 ], [ 22.981032, 40.602983 ], [ 22.980721, 40.60259 ], [ 22.980497, 40.601793 ], [ 22.980372, 40.601049 ], [ 22.980237, 40.60077 ], [ 22.98002, 40.600489 ], [ 22.978771, 40.599317 ], [ 22.978583, 40.599017 ], [ 22.978451, 40.598719 ] ] ] } },
{ "type": "Feature", "properties": { }, "geometry": { "type": "MultiLineString", "coordinates": [ [ [ 22.976467, 40.628345 ], [ 22.976333, 40.628386 ], [ 22.976281, 40.628438 ], [ 22.976272, 40.628525 ], [ 22.97606, 40.628823 ], [ 22.976055, 40.628909 ], [ 22.976134, 40.628992 ] ] ] } },
{ "type": "Feature", "properties": { }, "geometry": { "type": "MultiLineString", "coordinates": [ [ [ 22.976134, 40.628992 ], [ 22.976469, 40.629253 ] ] ] } },
{ "type": "Feature", "properties": { }, "geometry": { "type": "MultiLineString", "coordinates": [ [ [ 22.976469, 40.629253 ], [ 22.976618, 40.629331 ] ] ] } },
{ "type": "Feature", "properties": { }, "geometry": { "type": "MultiLineString", "coordinates": [ [ [ 22.973885, 40.631327 ], [ 22.97397, 40.631265 ], [ 22.974312, 40.630764 ], [ 22.974354, 40.630617 ], [ 22.974613, 40.63045 ], [ 22.974872, 40.630164 ], [ 22.975016, 40.630068 ], [ 22.975592, 40.629446 ], [ 22.975664, 40.629212 ], [ 22.975772, 40.629113 ], [ 22.975971, 40.629016 ], [ 22.976134, 40.628992 ] ] ] } },
{ "type": "Feature", "properties": { }, "geometry": { "type": "MultiLineString", "coordinates": [ [ [ 22.970776, 40.629831 ], [ 22.971103, 40.630006 ], [ 22.971465, 40.630337 ], [ 22.97202, 40.630713 ], [ 22.972287, 40.63085 ], [ 22.973474, 40.63117 ], [ 22.973885, 40.631327 ] ] ] } },
{ "type": "Feature", "properties": { }, "geometry": { "type": "MultiLineString", "coordinates": [ [ [ 23.10253, 40.605221 ], [ 23.102496, 40.604891 ] ] ] } },
{ "type": "Feature", "properties": { }, "geometry": { "type": "MultiLineString", "coordinates": [ [ [ 23.103371, 40.604939 ], [ 23.103304, 40.604973 ], [ 23.103294, 40.605044 ], [ 23.103485, 40.605117 ], [ 23.103489, 40.605145 ], [ 23.103434, 40.60516 ], [ 23.102642, 40.60519 ], [ 23.10229, 40.605266 ], [ 23.101704, 40.605252 ], [ 23.101257, 40.605334 ], [ 23.101099, 40.60534 ], [ 23.100986, 40.605314 ] ] ] } },
{ "type": "Feature", "properties": { }, "geometry": { "type": "MultiLineString", "coordinates": [ [ [ 23.017595, 40.61466 ], [ 23.017782, 40.614815 ], [ 23.01782, 40.614926 ], [ 23.017575, 40.615922 ], [ 23.017566, 40.616381 ], [ 23.017427, 40.616792 ], [ 23.017384, 40.617659 ], [ 23.017502, 40.617993 ], [ 23.01777, 40.618123 ], [ 23.019031, 40.618482 ], [ 23.019374, 40.61875 ], [ 23.019643, 40.619097 ], [ 23.020495, 40.619899 ], [ 23.02063, 40.62007 ], [ 23.020705, 40.620396 ], [ 23.020512, 40.621092 ], [ 23.020394, 40.621251 ], [ 23.020217, 40.621601 ], [ 23.019954, 40.622435 ], [ 23.019815, 40.622603 ], [ 23.019541, 40.623246 ], [ 23.019396, 40.624019 ], [ 23.019428, 40.624496 ], [ 23.019508, 40.624854 ], [ 23.019659, 40.625025 ], [ 23.020034, 40.625216 ], [ 23.020812, 40.625505 ], [ 23.021257, 40.625632 ], [ 23.021375, 40.625733 ], [ 23.021847, 40.62724 ], [ 23.021958, 40.627951 ] ] ] } },
{ "type": "Feature", "properties": { }, "geometry": { "type": "MultiLineString", "coordinates": [ [ [ 23.023697, 40.625038 ], [ 23.023725, 40.625215 ], [ 23.023896, 40.625394 ], [ 23.024004, 40.625663 ], [ 23.024111, 40.625809 ], [ 23.024004, 40.626168 ], [ 23.024014, 40.62642 ], [ 23.023489, 40.62712 ], [ 23.023254, 40.62735 ], [ 23.022652, 40.627495 ], [ 23.022147, 40.627576 ], [ 23.021911, 40.627674 ] ] ] } },
{ "type": "Feature", "properties": { }, "geometry": { "type": "MultiLineString", "coordinates": [ [ [ 23.024216, 40.628823 ], [ 23.024107, 40.629028 ], [ 23.023751, 40.629334 ], [ 23.023525, 40.629591 ], [ 23.023251, 40.629684 ], [ 23.023125, 40.629687 ] ] ] } },
{ "type": "Feature", "properties": { }, "geometry": { "type": "MultiLineString", "coordinates": [ [ [ 23.023125, 40.629687 ], [ 23.02297, 40.629717 ], [ 23.022667, 40.629856 ] ] ] } },
{ "type": "Feature", "properties": { }, "geometry": { "type": "MultiLineString", "coordinates": [ [ [ 23.026361, 40.630333 ], [ 23.026035, 40.630121 ], [ 23.025831, 40.629905 ], [ 23.025637, 40.629609 ], [ 23.025579, 40.629452 ] ] ] } },
{ "type": "Feature", "properties": { }, "geometry": { "type": "MultiLineString", "coordinates": [ [ [ 23.022667, 40.629856 ], [ 23.022493, 40.629923 ] ] ] } },
{ "type": "Feature", "properties": { }, "geometry": { "type": "MultiLineString", "coordinates": [ [ [ 23.022493, 40.629923 ], [ 23.022199, 40.62999 ], [ 23.021591, 40.630235 ], [ 23.021488, 40.630318 ], [ 23.021478, 40.630417 ], [ 23.021529, 40.630534 ] ] ] } },
{ "type": "Feature", "properties": { }, "geometry": { "type": "MultiLineString", "coordinates": [ [ [ 23.026635, 40.630443 ], [ 23.026361, 40.630333 ] ] ] } },
{ "type": "Feature", "properties": { }, "geometry": { "type": "MultiLineString", "coordinates": [ [ [ 23.023839, 40.631152 ], [ 23.024185, 40.631007 ], [ 23.024526, 40.630997 ], [ 23.024742, 40.630831 ], [ 23.024909, 40.630817 ], [ 23.025034, 40.63076 ], [ 23.025314, 40.630778 ], [ 23.025509, 40.63072 ], [ 23.0256, 40.630731 ], [ 23.025738, 40.630913 ], [ 23.026241, 40.631228 ], [ 23.02657, 40.631215 ], [ 23.02665, 40.631063 ], [ 23.026683, 40.630552 ], [ 23.026635, 40.630443 ] ] ] } },
{ "type": "Feature", "properties": { }, "geometry": { "type": "MultiLineString", "coordinates": [ [ [ 23.021379, 40.631474 ], [ 23.021419, 40.631391 ], [ 23.021415, 40.631192 ], [ 23.02145, 40.631087 ], [ 23.02167, 40.630929 ], [ 23.021727, 40.630842 ], [ 23.021715, 40.630743 ], [ 23.021529, 40.630534 ] ] ] } },
{ "type": "Feature", "properties": { }, "geometry": { "type": "MultiLineString", "coordinates": [ [ [ 23.679364, 40.631913 ], [ 23.679402, 40.632016 ], [ 23.679382, 40.632235 ], [ 23.679265, 40.632411 ], [ 23.679101, 40.632783 ], [ 23.678891, 40.633056 ] ], [ [ 23.678435, 40.634605 ], [ 23.67874, 40.634971 ], [ 23.678801, 40.635173 ], [ 23.678702, 40.635515 ], [ 23.678723, 40.635718 ], [ 23.678624, 40.635916 ], [ 23.678689, 40.636102 ], [ 23.678427, 40.636706 ], [ 23.678203, 40.63698 ], [ 23.678053, 40.63711 ], [ 23.677748, 40.637531 ], [ 23.677404, 40.637798 ], [ 23.677318, 40.637925 ], [ 23.677284, 40.63803 ], [ 23.677284, 40.638215 ], [ 23.677318, 40.638277 ], [ 23.677602, 40.638323 ], [ 23.677881, 40.638277 ], [ 23.678199, 40.638268 ], [ 23.678685, 40.63863 ], [ 23.679303, 40.638933 ], [ 23.67978, 40.638949 ], [ 23.680202, 40.638923 ], [ 23.680567, 40.638962 ], [ 23.680713, 40.639086 ], [ 23.681316, 40.639245 ] ] ] } },
{ "type": "Feature", "properties": { }, "geometry": { "type": "MultiLineString", "coordinates": [ [ [ 23.019454, 40.632763 ], [ 23.019537, 40.632769 ], [ 23.02017, 40.632625 ], [ 23.020247, 40.632536 ], [ 23.02033, 40.632194 ], [ 23.02046, 40.632032 ], [ 23.020618, 40.631933 ], [ 23.021079, 40.631789 ], [ 23.021302, 40.631593 ], [ 23.021379, 40.631474 ] ] ] } },
{ "type": "Feature", "properties": { }, "geometry": { "type": "MultiLineString", "coordinates": [ [ [ 23.020749, 40.63364 ], [ 23.021087, 40.633313 ], [ 23.021554, 40.63298 ], [ 23.021788, 40.632731 ], [ 23.021903, 40.632678 ], [ 23.022182, 40.63276 ], [ 23.022699, 40.63257 ], [ 23.022797, 40.632419 ], [ 23.022874, 40.632165 ], [ 23.022982, 40.632034 ], [ 23.023523, 40.631604 ], [ 23.02356, 40.631445 ], [ 23.023705, 40.631253 ], [ 23.023839, 40.631152 ] ] ] } },
{ "type": "Feature", "properties": { }, "geometry": { "type": "MultiLineString", "coordinates": [ [ [ 23.013173, 40.635052 ], [ 23.013593, 40.635076 ], [ 23.014087, 40.634901 ], [ 23.014114, 40.634836 ], [ 23.014371, 40.634755 ], [ 23.014554, 40.634588 ], [ 23.014672, 40.63438 ], [ 23.015138, 40.63394 ], [ 23.015262, 40.633716 ], [ 23.015527, 40.633512 ], [ 23.015665, 40.633451 ], [ 23.015952, 40.633473 ], [ 23.016715, 40.63336 ], [ 23.016952, 40.633287 ], [ 23.017126, 40.633297 ], [ 23.017515, 40.633192 ], [ 23.017778, 40.633056 ], [ 23.017954, 40.63304 ], [ 23.018122, 40.633129 ], [ 23.018252, 40.633128 ], [ 23.018467, 40.632948 ], [ 23.0186, 40.63288 ], [ 23.019454, 40.632763 ] ] ] } },
{ "type": "Feature", "properties": { }, "geometry": { "type": "MultiLineString", "coordinates": [ [ [ 23.020165, 40.634767 ], [ 23.020006, 40.634664 ], [ 23.019984, 40.634596 ], [ 23.02003, 40.634385 ], [ 23.019908, 40.63417 ], [ 23.019929, 40.633993 ], [ 23.020008, 40.633881 ] ] ] } },
{ "type": "Feature", "properties": { }, "geometry": { "type": "MultiLineString", "coordinates": [ [ [ 23.019808, 40.633883 ], [ 23.019621, 40.634019 ], [ 23.019332, 40.634345 ], [ 23.018903, 40.634704 ], [ 23.018483, 40.634959 ], [ 23.018071, 40.634962 ], [ 23.017932, 40.635037 ] ] ] } },
{ "type": "Feature", "properties": { }, "geometry": { "type": "MultiLineString", "coordinates": [ [ [ 23.702127, 40.634371 ], [ 23.702067, 40.634726 ], [ 23.702114, 40.634788 ], [ 23.702097, 40.634945 ], [ 23.701943, 40.635235 ], [ 23.701789, 40.635679 ], [ 23.701709, 40.635743 ], [ 23.701626, 40.635765 ], [ 23.701568, 40.635565 ], [ 23.701371, 40.635502 ], [ 23.701148, 40.635352 ], [ 23.700933, 40.635349 ], [ 23.700533, 40.635163 ], [ 23.700383, 40.635144 ], [ 23.700151, 40.635313 ], [ 23.700107, 40.635634 ], [ 23.699852, 40.635857 ], [ 23.699569, 40.635953 ], [ 23.699435, 40.63604 ], [ 23.699119, 40.63634 ], [ 23.69905, 40.636357 ], [ 23.698823, 40.636546 ], [ 23.698371, 40.636843 ], [ 23.698246, 40.637017 ], [ 23.698158, 40.637172 ], [ 23.698318, 40.637413 ], [ 23.698244, 40.637526 ], [ 23.698324, 40.637648 ], [ 23.698252, 40.637865 ], [ 23.698341, 40.637932 ], [ 23.698346, 40.638026 ], [ 23.69829, 40.638144 ], [ 23.698273, 40.6383 ], [ 23.697809, 40.638581 ], [ 23.697723, 40.638718 ], [ 23.697542, 40.638825 ], [ 23.697148, 40.639227 ], [ 23.697084, 40.639347 ], [ 23.69708, 40.639436 ], [ 23.697001, 40.639484 ], [ 23.696921, 40.639595 ], [ 23.696745, 40.640005 ], [ 23.696494, 40.64025 ], [ 23.696326, 40.640641 ], [ 23.696283, 40.640801 ], [ 23.696292, 40.641069 ], [ 23.696386, 40.641326 ], [ 23.696219, 40.641372 ], [ 23.696111, 40.641344 ], [ 23.695969, 40.641643 ], [ 23.695961, 40.641985 ], [ 23.696017, 40.642096 ], [ 23.696017, 40.64219 ], [ 23.69609, 40.642318 ], [ 23.696137, 40.642324 ], [ 23.696283, 40.642503 ], [ 23.696268, 40.642653 ], [ 23.6962, 40.642769 ], [ 23.696205, 40.642871 ] ] ] } },
{ "type": "Feature", "properties": { }, "geometry": { "type": "MultiLineString", "coordinates": [ [ [ 23.020165, 40.634767 ], [ 23.020352, 40.635159 ], [ 23.020359, 40.63546 ] ] ] } },
{ "type": "Feature", "properties": { }, "geometry": { "type": "MultiLineString", "coordinates": [ [ [ 23.681628, 40.639437 ], [ 23.682214, 40.639747 ], [ 23.682346, 40.639722 ], [ 23.68252, 40.63982 ], [ 23.682702, 40.639823 ], [ 23.682886, 40.639866 ], [ 23.682992, 40.639822 ], [ 23.682979, 40.639721 ], [ 23.68286, 40.639622 ], [ 23.682861, 40.639572 ], [ 23.683051, 40.639513 ], [ 23.683296, 40.639569 ], [ 23.68339, 40.639559 ], [ 23.683459, 40.639517 ], [ 23.683463, 40.639386 ], [ 23.683265, 40.639187 ], [ 23.683785, 40.63919 ], [ 23.684146, 40.639106 ], [ 23.684344, 40.639174 ], [ 23.684623, 40.639129 ], [ 23.685057, 40.639321 ] ] ] } },
{ "type": "Feature", "properties": { }, "geometry": { "type": "MultiLineString", "coordinates": [ [ [ 23.014229, 40.637116 ], [ 23.014368, 40.637056 ], [ 23.014538, 40.63706 ], [ 23.014816, 40.636794 ], [ 23.015131, 40.636667 ], [ 23.015406, 40.636466 ], [ 23.015637, 40.636257 ], [ 23.01565, 40.636103 ], [ 23.015877, 40.6358 ], [ 23.016029, 40.635661 ], [ 23.016163, 40.635742 ], [ 23.016279, 40.635994 ], [ 23.016484, 40.63619 ], [ 23.016703, 40.636303 ], [ 23.016846, 40.636454 ], [ 23.017042, 40.63659 ], [ 23.01729, 40.636663 ], [ 23.017991, 40.63664 ], [ 23.018297, 40.636513 ], [ 23.018851, 40.635977 ], [ 23.019033, 40.635913 ], [ 23.019475, 40.636011 ], [ 23.019604, 40.636022 ], [ 23.019824, 40.635976 ], [ 23.019962, 40.63587 ], [ 23.02005, 40.635751 ], [ 23.020234, 40.635637 ], [ 23.020359, 40.63546 ] ] ] } },
{ "type": "Feature", "properties": { }, "geometry": { "type": "MultiLineString", "coordinates": [ [ [ 23.685057, 40.639321 ], [ 23.684855, 40.639504 ], [ 23.684825, 40.639572 ], [ 23.684873, 40.639686 ], [ 23.685113, 40.63997 ], [ 23.685345, 40.640319 ], [ 23.685354, 40.640508 ], [ 23.685444, 40.640707 ], [ 23.685702, 40.640824 ] ] ] } },
{ "type": "Feature", "properties": { }, "geometry": { "type": "MultiLineString", "coordinates": [ [ [ 23.685702, 40.640824 ], [ 23.685861, 40.640821 ], [ 23.686342, 40.640987 ], [ 23.686549, 40.641026 ], [ 23.686716, 40.641023 ], [ 23.686785, 40.641072 ], [ 23.686854, 40.641245 ], [ 23.686901, 40.641274 ], [ 23.686991, 40.641251 ], [ 23.687047, 40.64132 ], [ 23.687099, 40.641502 ], [ 23.687064, 40.641626 ], [ 23.687176, 40.641815 ], [ 23.687288, 40.641894 ], [ 23.687318, 40.641969 ], [ 23.687434, 40.64204 ], [ 23.687425, 40.642324 ], [ 23.687344, 40.642461 ], [ 23.687339, 40.642543 ], [ 23.68743, 40.642781 ], [ 23.68773, 40.642963 ], [ 23.688014, 40.643058 ], [ 23.687971, 40.643205 ], [ 23.688023, 40.643266 ], [ 23.687997, 40.64343 ], [ 23.688134, 40.64384 ], [ 23.688302, 40.644078 ], [ 23.688469, 40.644189 ], [ 23.688929, 40.644613 ], [ 23.689105, 40.644727 ], [ 23.688955, 40.644832 ], [ 23.688934, 40.644894 ], [ 23.689595, 40.645112 ], [ 23.690008, 40.645141 ], [ 23.69012, 40.6452 ], [ 23.690451, 40.645278 ], [ 23.690519, 40.645347 ], [ 23.690614, 40.64537 ], [ 23.690631, 40.645425 ], [ 23.690493, 40.645497 ], [ 23.690558, 40.64567 ], [ 23.690863, 40.645868 ], [ 23.691082, 40.645956 ], [ 23.691112, 40.646009 ], [ 23.691065, 40.646054 ], [ 23.690876, 40.646074 ], [ 23.690811, 40.646142 ], [ 23.69091, 40.646237 ], [ 23.690949, 40.646501 ], [ 23.691258, 40.646664 ], [ 23.691465, 40.64685 ], [ 23.691555, 40.646873 ], [ 23.691602, 40.646984 ], [ 23.691765, 40.647026 ], [ 23.691804, 40.647117 ], [ 23.691959, 40.647166 ], [ 23.692036, 40.647313 ], [ 23.692006, 40.647378 ], [ 23.692096, 40.647486 ], [ 23.692144, 40.647632 ], [ 23.692212, 40.647688 ], [ 23.692204, 40.648108 ], [ 23.692238, 40.648203 ], [ 23.692401, 40.648353 ], [ 23.692423, 40.648461 ], [ 23.692543, 40.648562 ], [ 23.692569, 40.648633 ], [ 23.692621, 40.648659 ], [ 23.692788, 40.64864 ], [ 23.692797, 40.648849 ], [ 23.692848, 40.648884 ], [ 23.692934, 40.648865 ], [ 23.69302, 40.648884 ], [ 23.693136, 40.648832 ], [ 23.693364, 40.64907 ], [ 23.693368, 40.64922 ], [ 23.693493, 40.649285 ], [ 23.693497, 40.649383 ], [ 23.693557, 40.649419 ], [ 23.693781, 40.649432 ], [ 23.694, 40.649328 ], [ 23.694056, 40.649331 ], [ 23.694228, 40.649504 ], [ 23.694872, 40.649807 ], [ 23.694988, 40.649898 ], [ 23.695285, 40.650247 ], [ 23.69547, 40.650586 ], [ 23.695762, 40.650753 ], [ 23.695839, 40.650948 ], [ 23.696187, 40.6513 ], [ 23.696213, 40.651372 ], [ 23.696192, 40.651545 ], [ 23.696376, 40.651688 ], [ 23.696368, 40.651877 ], [ 23.696514, 40.651913 ], [ 23.69681, 40.652288 ], [ 23.697073, 40.652441 ], [ 23.697167, 40.652464 ], [ 23.697214, 40.652562 ], [ 23.697279, 40.652572 ], [ 23.697481, 40.652523 ], [ 23.697716, 40.652626 ], [ 23.697685, 40.652704 ], [ 23.6979, 40.65268 ] ] ] } },
{ "type": "Feature", "properties": { }, "geometry": { "type": "MultiLineString", "coordinates": [ [ [ 23.707151, 40.648572 ], [ 23.707585, 40.648233 ], [ 23.707816, 40.648004 ], [ 23.708164, 40.647821 ], [ 23.708483, 40.64744 ], [ 23.708518, 40.647221 ], [ 23.708489, 40.646634 ], [ 23.708559, 40.646236 ], [ 23.708679, 40.64599 ] ] ] } },
{ "type": "Feature", "properties": { }, "geometry": { "type": "MultiLineString", "coordinates": [ [ [ 23.695835, 40.643091 ], [ 23.695879, 40.643392 ], [ 23.69587, 40.643687 ], [ 23.695802, 40.643889 ], [ 23.695913, 40.644277 ], [ 23.696012, 40.644479 ], [ 23.696021, 40.644607 ], [ 23.696017, 40.644688 ], [ 23.695845, 40.64476 ], [ 23.695849, 40.644809 ], [ 23.696107, 40.644939 ], [ 23.696231, 40.644965 ], [ 23.696266, 40.645004 ], [ 23.696678, 40.645021 ], [ 23.696837, 40.645272 ], [ 23.696915, 40.645301 ], [ 23.697155, 40.645308 ], [ 23.697267, 40.645268 ], [ 23.697439, 40.645324 ], [ 23.697748, 40.645793 ], [ 23.697877, 40.646074 ], [ 23.697886, 40.646263 ], [ 23.697847, 40.646331 ], [ 23.697632, 40.646514 ], [ 23.697392, 40.646837 ], [ 23.697344, 40.647111 ], [ 23.697108, 40.647534 ], [ 23.697112, 40.647704 ], [ 23.697177, 40.647763 ], [ 23.69719, 40.648219 ], [ 23.697366, 40.64846 ], [ 23.697491, 40.648708 ], [ 23.697714, 40.648888 ], [ 23.697791, 40.649184 ], [ 23.698019, 40.649364 ], [ 23.698204, 40.649446 ], [ 23.6982, 40.649487 ], [ 23.698861, 40.64954 ], [ 23.699214, 40.649637 ], [ 23.69927, 40.649703 ], [ 23.699351, 40.650074 ], [ 23.699368, 40.650583 ], [ 23.699347, 40.650951 ], [ 23.699261, 40.65133 ], [ 23.699025, 40.651704 ], [ 23.698763, 40.651939 ], [ 23.698651, 40.651991 ], [ 23.698072, 40.652088 ], [ 23.698001, 40.652129 ], [ 23.697955, 40.652233 ], [ 23.6981, 40.652198 ], [ 23.698154, 40.652295 ] ] ] } },
{ "type": "Feature", "properties": { }, "geometry": { "type": "MultiLineString", "coordinates": [ [ [ 23.707751, 40.650437 ], [ 23.707109, 40.65042 ], [ 23.706601, 40.650309 ], [ 23.706077, 40.650159 ], [ 23.705938, 40.650079 ], [ 23.705893, 40.650003 ], [ 23.705893, 40.649662 ], [ 23.705706, 40.649409 ], [ 23.705688, 40.649307 ], [ 23.705908, 40.648981 ], [ 23.707151, 40.648572 ] ] ] } },
{ "type": "Feature", "properties": { }, "geometry": { "type": "MultiLineString", "coordinates": [ [ [ 23.707865, 40.650658 ], [ 23.707751, 40.650437 ] ] ] } },
{ "type": "Feature", "properties": { }, "geometry": { "type": "MultiLineString", "coordinates": [ [ [ 23.697945, 40.650494 ], [ 23.697992, 40.650781 ], [ 23.697845, 40.650963 ], [ 23.69718, 40.651181 ], [ 23.696939, 40.651297 ], [ 23.696408, 40.651623 ], [ 23.696322, 40.651728 ], [ 23.696241, 40.651767 ], [ 23.696115, 40.651737 ], [ 23.695871, 40.651602 ], [ 23.695804, 40.651356 ], [ 23.695576, 40.651267 ], [ 23.695415, 40.651271 ], [ 23.695297, 40.651071 ], [ 23.695169, 40.651008 ], [ 23.694624, 40.651124 ], [ 23.694407, 40.651087 ], [ 23.694326, 40.650754 ], [ 23.694246, 40.6508 ], [ 23.694219, 40.650919 ], [ 23.69409, 40.651136 ], [ 23.69401, 40.651446 ], [ 23.694055, 40.651537 ], [ 23.694168, 40.651627 ], [ 23.694648, 40.651631 ], [ 23.694691, 40.651684 ], [ 23.69467, 40.651981 ], [ 23.69449, 40.652243 ], [ 23.694388, 40.65229 ], [ 23.694367, 40.652392 ], [ 23.694485, 40.652447 ], [ 23.694683, 40.652418 ], [ 23.694847, 40.6523 ], [ 23.694916, 40.652284 ], [ 23.695187, 40.652418 ], [ 23.695472, 40.6525 ], [ 23.695582, 40.652561 ], [ 23.695842, 40.652805 ], [ 23.696053, 40.653163 ], [ 23.696064, 40.653295 ], [ 23.696142, 40.653373 ], [ 23.696217, 40.653428 ], [ 23.696432, 40.653478 ], [ 23.69659, 40.653552 ] ] ] } },
{ "type": "Feature", "properties": { }, "geometry": { "type": "MultiLineString", "coordinates": [ [ [ 23.6979, 40.65268 ], [ 23.697998, 40.652523 ], [ 23.69802, 40.652421 ], [ 23.697955, 40.652233 ] ] ] } },
{ "type": "Feature", "properties": { }, "geometry": { "type": "MultiLineString", "coordinates": [ [ [ 23.703187, 40.658378 ], [ 23.703486, 40.658484 ], [ 23.703942, 40.658749 ], [ 23.704167, 40.658736 ], [ 23.704584, 40.658525 ], [ 23.705072, 40.658401 ], [ 23.705516, 40.658035 ], [ 23.7055, 40.657963 ], [ 23.705442, 40.657945 ], [ 23.705287, 40.657975 ], [ 23.705144, 40.658068 ], [ 23.705017, 40.658084 ], [ 23.704761, 40.65793 ], [ 23.704682, 40.657831 ], [ 23.70433, 40.657751 ], [ 23.704209, 40.657561 ], [ 23.704076, 40.657165 ], [ 23.70364, 40.656421 ], [ 23.703651, 40.656334 ], [ 23.703667, 40.656222 ], [ 23.703842, 40.656053 ], [ 23.70448, 40.655769 ], [ 23.704577, 40.655688 ], [ 23.704907, 40.655207 ], [ 23.705189, 40.655079 ], [ 23.705748, 40.654917 ], [ 23.705972, 40.654764 ], [ 23.70617, 40.654732 ], [ 23.70675, 40.654733 ], [ 23.707239, 40.654794 ], [ 23.707742, 40.654968 ], [ 23.708107, 40.655029 ], [ 23.708262, 40.655098 ], [ 23.708509, 40.655578 ], [ 23.708793, 40.655834 ], [ 23.709115, 40.655908 ], [ 23.709764, 40.655822 ], [ 23.710226, 40.655725 ], [ 23.710735, 40.655729 ], [ 23.71095, 40.655802 ], [ 23.711159, 40.655932 ], [ 23.711239, 40.655932 ], [ 23.711288, 40.655879 ], [ 23.711234, 40.655806 ], [ 23.710902, 40.655598 ], [ 23.71059, 40.655497 ], [ 23.71021, 40.655436 ], [ 23.709507, 40.655395 ], [ 23.70933, 40.655314 ], [ 23.709185, 40.655126 ], [ 23.709051, 40.654565 ], [ 23.709099, 40.654377 ], [ 23.709281, 40.65419 ], [ 23.70941, 40.653568 ], [ 23.709577, 40.653372 ], [ 23.709641, 40.653242 ], [ 23.709618, 40.653175 ], [ 23.709291, 40.65292 ], [ 23.70855, 40.652853 ], [ 23.707865, 40.652424 ], [ 23.707472, 40.652284 ], [ 23.707255, 40.651836 ], [ 23.707154, 40.651728 ], [ 23.707057, 40.651476 ], [ 23.706788, 40.651317 ], [ 23.706312, 40.651158 ], [ 23.705774, 40.651124 ], [ 23.70522, 40.651189 ], [ 23.705149, 40.651107 ], [ 23.705179, 40.651041 ], [ 23.705314, 40.65099 ], [ 23.706215, 40.650817 ], [ 23.706645, 40.650752 ], [ 23.707588, 40.650797 ], [ 23.707773, 40.650742 ], [ 23.707865, 40.650658 ] ] ] } },
{ "type": "Feature", "properties": { }, "geometry": { "type": "MultiLineString", "coordinates": [ [ [ 23.680398, 40.654255 ], [ 23.680415, 40.654419 ], [ 23.680329, 40.654456 ], [ 23.680337, 40.654493 ], [ 23.680252, 40.654573 ], [ 23.680472, 40.654672 ], [ 23.680772, 40.654752 ], [ 23.680939, 40.65486 ], [ 23.68085, 40.655036 ], [ 23.681024, 40.655255 ], [ 23.681102, 40.65544 ], [ 23.681354, 40.655705 ], [ 23.681455, 40.655721 ], [ 23.681565, 40.655835 ], [ 23.68176, 40.655807 ], [ 23.681919, 40.656038 ], [ 23.682016, 40.656094 ], [ 23.682041, 40.656285 ], [ 23.682346, 40.656621 ], [ 23.682472, 40.656627 ], [ 23.682561, 40.656729 ], [ 23.682809, 40.656655 ], [ 23.682817, 40.656535 ], [ 23.682903, 40.656341 ], [ 23.682854, 40.656159 ], [ 23.682911, 40.656159 ], [ 23.68309, 40.65639 ], [ 23.683078, 40.656473 ], [ 23.683212, 40.656671 ], [ 23.683248, 40.656945 ], [ 23.683545, 40.657115 ], [ 23.683679, 40.657115 ], [ 23.683828, 40.657202 ] ] ] } },
{ "type": "Feature", "properties": { }, "geometry": { "type": "MultiLineString", "coordinates": [ [ [ 23.705037, 40.663973 ], [ 23.704915, 40.663908 ], [ 23.704813, 40.663772 ] ] ] } },
{ "type": "Feature", "properties": { }, "geometry": { "type": "MultiLineString", "coordinates": [ [ [ 23.657357, 40.666102 ], [ 23.657057, 40.666168 ], [ 23.656771, 40.66617 ], [ 23.656494, 40.666229 ], [ 23.656312, 40.666301 ], [ 23.655773, 40.666437 ], [ 23.655378, 40.666659 ], [ 23.655076, 40.666734 ], [ 23.654537, 40.667012 ], [ 23.654361, 40.666872 ], [ 23.654269, 40.666841 ], [ 23.654096, 40.666876 ], [ 23.653693, 40.667082 ], [ 23.653499, 40.667096 ] ] ] } },
{ "type": "Feature", "properties": { }, "geometry": { "type": "MultiLineString", "coordinates": [ [ [ 23.694732, 40.66726 ], [ 23.694531, 40.667495 ] ] ] } },
{ "type": "Feature", "properties": { }, "geometry": { "type": "MultiLineString", "coordinates": [ [ [ 23.694531, 40.667495 ], [ 23.694369, 40.667716 ] ] ] } },
{ "type": "Feature", "properties": { }, "geometry": { "type": "MultiLineString", "coordinates": [ [ [ 23.669117, 40.669078 ], [ 23.668977, 40.669124 ], [ 23.668915, 40.669176 ], [ 23.668902, 40.669346 ], [ 23.668859, 40.66941 ], [ 23.668736, 40.669436 ], [ 23.668661, 40.669405 ], [ 23.668523, 40.669014 ], [ 23.668586, 40.66892 ], [ 23.668667, 40.668895 ], [ 23.668775, 40.668924 ], [ 23.668787, 40.668961 ], [ 23.668678, 40.66916 ], [ 23.668686, 40.669233 ], [ 23.668748, 40.669267 ], [ 23.668969, 40.669027 ], [ 23.66895, 40.668908 ], [ 23.668991, 40.66886 ], [ 23.669595, 40.668802 ], [ 23.6697, 40.668858 ], [ 23.669708, 40.668947 ], [ 23.669656, 40.668984 ], [ 23.66944, 40.668905 ], [ 23.6692, 40.668921 ], [ 23.669168, 40.668955 ], [ 23.669184, 40.668989 ], [ 23.669425, 40.668975 ], [ 23.669451, 40.66903 ], [ 23.669117, 40.669078 ] ] ] } },
{ "type": "Feature", "properties": { }, "geometry": { "type": "MultiLineString", "coordinates": [ [ [ 23.694369, 40.667716 ], [ 23.694195, 40.667928 ], [ 23.693468, 40.669922 ], [ 23.693099, 40.671207 ], [ 23.692944, 40.672468 ] ] ] } },
{ "type": "Feature", "properties": { }, "geometry": { "type": "MultiLineString", "coordinates": [ [ [ 23.692402, 40.67329 ], [ 23.692679, 40.671175 ], [ 23.692823, 40.670696 ], [ 23.692865, 40.670399 ], [ 23.693741, 40.668024 ], [ 23.693983, 40.667661 ] ] ] } },
{ "type": "Feature", "properties": { }, "geometry": { "type": "MultiLineString", "coordinates": [ [ [ 23.692944, 40.672468 ], [ 23.69281, 40.673299 ] ] ] } },
{ "type": "Feature", "properties": { }, "geometry": { "type": "MultiLineString", "coordinates": [ [ [ 23.672028, 40.676752 ], [ 23.671797, 40.676817 ], [ 23.671252, 40.676857 ], [ 23.6714, 40.677149 ], [ 23.671329, 40.677215 ], [ 23.671006, 40.677189 ], [ 23.670223, 40.677224 ], [ 23.669628, 40.677133 ], [ 23.669425, 40.677021 ], [ 23.669209, 40.676668 ], [ 23.669178, 40.676532 ], [ 23.668824, 40.676184 ], [ 23.668692, 40.676109 ], [ 23.667949, 40.675869 ], [ 23.667749, 40.675855 ], [ 23.667388, 40.675939 ], [ 23.667237, 40.676035 ], [ 23.667114, 40.676191 ], [ 23.66709, 40.676355 ], [ 23.667114, 40.676429 ], [ 23.667068, 40.676626 ], [ 23.666976, 40.676773 ], [ 23.666763, 40.676967 ], [ 23.66656, 40.677077 ], [ 23.666489, 40.677063 ], [ 23.66647, 40.676843 ], [ 23.666415, 40.676761 ], [ 23.666122, 40.676605 ], [ 23.665715, 40.675964 ], [ 23.665567, 40.675913 ], [ 23.665478, 40.675946 ], [ 23.665232, 40.67635 ], [ 23.665121, 40.676352 ], [ 23.665031, 40.676292 ], [ 23.665053, 40.676196 ], [ 23.665019, 40.676093 ], [ 23.664856, 40.675885 ], [ 23.664594, 40.675885 ], [ 23.664529, 40.675859 ], [ 23.664437, 40.675609 ], [ 23.664646, 40.675027 ], [ 23.664619, 40.67467 ], [ 23.664535, 40.674345 ], [ 23.664416, 40.674187 ] ] ] } },
{ "type": "Feature", "properties": { }, "geometry": { "type": "MultiLineString", "coordinates": [ [ [ 23.676751, 40.683925 ], [ 23.676606, 40.683729 ] ] ] } },
{ "type": "Feature", "properties": { }, "geometry": { "type": "MultiLineString", "coordinates": [ [ [ 23.08361, 40.734402 ], [ 23.083642, 40.734465 ], [ 23.083717, 40.734489 ], [ 23.086122, 40.734507 ], [ 23.086734, 40.734401 ], [ 23.086854, 40.73435 ], [ 23.086915, 40.734288 ], [ 23.08757, 40.733001 ], [ 23.087592, 40.732856 ], [ 23.087549, 40.732743 ], [ 23.087442, 40.732629 ], [ 23.087067, 40.732401 ], [ 23.086886, 40.732332 ], [ 23.084874, 40.73227 ], [ 23.084566, 40.732317 ], [ 23.084477, 40.732387 ], [ 23.084363, 40.732561 ], [ 23.08361, 40.734402 ] ] ] } },
{ "type": "Feature", "properties": { }, "geometry": { "type": "MultiLineString", "coordinates": [ [ [ 23.113561, 40.894305 ], [ 23.110448, 40.895855 ], [ 23.110318, 40.895914 ], [ 23.110102, 40.895938 ] ] ] } },
{ "type": "Feature", "properties": { }, "geometry": { "type": "MultiLineString", "coordinates": [ [ [ 23.112098, 40.893858 ], [ 23.111131, 40.89469 ], [ 23.110844, 40.895031 ], [ 23.110377, 40.895686 ], [ 23.110041, 40.895985 ], [ 23.107658, 40.897289 ], [ 23.106993, 40.897722 ], [ 23.105752, 40.898654 ], [ 23.105269, 40.898951 ], [ 23.10093, 40.900907 ], [ 23.100261, 40.901247 ], [ 23.099993, 40.901463 ], [ 23.099734, 40.901754 ], [ 23.099204, 40.902773 ], [ 23.098974, 40.903074 ], [ 23.098637, 40.903362 ], [ 23.098165, 40.903635 ] ] ] } },
{ "type": "Feature", "properties": { }, "geometry": { "type": "MultiLineString", "coordinates": [ [ [ 23.096999, 40.898179 ], [ 23.097288, 40.898473 ], [ 23.097671, 40.898622 ], [ 23.098486, 40.89911 ], [ 23.099133, 40.899577 ], [ 23.099194, 40.899792 ], [ 23.09899, 40.899977 ], [ 23.09898, 40.900108 ], [ 23.098115, 40.901208 ], [ 23.098217, 40.901593 ], [ 23.098369, 40.901716 ], [ 23.098593, 40.90207 ], [ 23.09872, 40.902151 ], [ 23.098886, 40.902137 ], [ 23.099199, 40.902051 ], [ 23.099297, 40.902009 ], [ 23.099511, 40.901806 ], [ 23.099613, 40.901755 ], [ 23.099734, 40.901754 ] ] ] } }
]
}
