{
"type": "FeatureCollection",
"name": "bus_stops",
"crs": { "type": "name", "properties": { "name": "urn:ogc:def:crs:OGC:1.3:CRS84" } },
"xy_coordinate_resolution": 1e-06,
"features": [
{ "type": "Feature", "properties": { "code": "Ι-05/231", "onomastasi": "ΔΙΕΘΝΕΣ ΠΑΝΕΠΙΣΤΗΜΙΟ", "type": "ΣΤΑΣΗ", "dimoskal": "ΘΕΡΜΗ", "lines_ejyp": "67Α,67Β,68Α", "stop_type_cat": "Regular Stop", "type_rank": 4, "line_count": 3, "service_level": "Multi-line stop" }, "geometry": { "type": "Point", "coordinates": [ 23.008338, 40.536707 ] } },
{ "type": "Feature", "properties": { "code": "Ι-05/078", "onomastasi": "ΣΤΡΟΦΗ ΘΕΡΜΗΣ", "type": "ΣΤΑΣΗ", "dimoskal": "ΘΕΡΜΗ", "lines_ejyp": "68Β,87Β,87Ε,87Η,87Λ,87Π,87Φ", "stop_type_cat": "Regular Stop", "type_rank": 4, "line_count": 7, "service_level": "Major PT node" }, "geometry": { "type": "Point", "coordinates": [ 23.013851, 40.538661 ] } },
{ "type": "Feature", "properties": { "code": "Ι-05/255", "onomastasi": "ΣΤΡΟΦΗ", "type": "ΣΤΑΣΗ", "dimoskal": "ΘΕΡΜΗ", "lines_ejyp": "68Β,87Ε,87Η,87Λ,87Φ,87Χ", "stop_type_cat": "Regular Stop", "type_rank": 4, "line_count": 6, "service_level": "High-service stop" }, "geometry": { "type": "Point", "coordinates": [ 23.014996, 40.538818 ] } },
{ "type": "Feature", "properties": { "code": "Ι-05/070", "onomastasi": "ΣΤΡΟΦΗ", "type": "ΣΤΑΣΗ", "dimoskal": "ΘΕΡΜΗ", "lines_ejyp": "60Ε", "stop_type_cat": "Regular Stop", "type_rank": 4, "line_count": 1, "service_level": "Local stop" }, "geometry": { "type": "Point", "coordinates": [ 23.012374, 40.538821 ] } },
{ "type": "Feature", "properties": { "code": "Ι-05/046", "onomastasi": "ΣΤΡΟΦΗ", "type": "ΣΤΑΣΗ", "dimoskal": "ΘΕΡΜΗ", "lines_ejyp": "60Ε,67,67Β", "stop_type_cat": "Regular Stop", "type_rank": 4, "line_count": 3, "service_level": "Multi-line stop" }, "geometry": { "type": "Point", "coordinates": [ 23.013683, 40.539189 ] } },
{ "type": "Feature", "properties": { "code": "Ι-05/101", "onomastasi": "ΒΑΣΗ ΣΕΔΕΣ", "type": "ΣΤΑΣΗ", "dimoskal": "ΘΕΡΜΗ", "lines_ejyp": "68Β,87Ε,87Η,87Λ,87Φ,87Χ", "stop_type_cat": "Regular Stop", "type_rank": 4, "line_count": 6, "service_level": "High-service stop" }, "geometry": { "type": "Point", "coordinates": [ 23.018574, 40.53928 ] } },
{ "type": "Feature", "properties": { "code": "Ι-05/256", "onomastasi": "ΣΤΡΟΦΗ", "type": "ΣΤΑΣΗ", "dimoskal": "ΘΕΡΜΗ", "lines_ejyp": "60Ε,67,67Α,67Β", "stop_type_cat": "Regular Stop", "type_rank": 4, "line_count": 4, "service_level": "High-service stop" }, "geometry": { "type": "Point", "coordinates": [ 23.013475, 40.5394 ] } },
{ "type": "Feature", "properties": { "code": "Ι-05/079", "onomastasi": "ΒΑΣΗ ΣΕΔΕΣ", "type": "ΣΤΑΣΗ", "dimoskal": "ΘΕΡΜΗ", "lines_ejyp": "68Β,87Β,87Ε,87Η,87Λ,87Π,87Φ", "stop_type_cat": "Regular Stop", "type_rank": 4, "line_count": 7, "service_level": "Major PT node" }, "geometry": { "type": "Point", "coordinates": [ 23.019791, 40.53963 ] } },
{ "type": "Feature", "properties": { "code": "Ι-05/080", "onomastasi": "ΑΣΤΥΝΟΜΙΑ", "type": "ΣΤΑΣΗ", "dimoskal": "ΘΕΡΜΗ", "lines_ejyp": "68Β,87Β,87Ε,87Η,87Λ,87Π87Φ", "stop_type_cat": "Regular Stop", "type_rank": 4, "line_count": 6, "service_level": "High-service stop" }, "geometry": { "type": "Point", "coordinates": [ 23.023814, 40.540798 ] } },
{ "type": "Feature", "properties": { "code": "Ι-05/100", "onomastasi": "ΑΣΤΥΝΟΜΙΑ", "type": "ΣΤΑΣΗ", "dimoskal": "ΘΕΡΜΗ", "lines_ejyp": "68Β,87Ε,87Η,87Λ,87Φ,87Χ", "stop_type_cat": "Regular Stop", "type_rank": 4, "line_count": 6, "service_level": "High-service stop" }, "geometry": { "type": "Point", "coordinates": [ 23.023406, 40.541051 ] } },
{ "type": "Feature", "properties": { "code": "Ι-05/053", "onomastasi": "ΓΥΜΝΑΣΤΗΡΙΟ", "type": "ΣΤΑΣΗ", "dimoskal": "ΘΕΡΜΗ", "lines_ejyp": "67,67Β", "stop_type_cat": "Regular Stop", "type_rank": 4, "line_count": 2, "service_level": "Multi-line stop" }, "geometry": { "type": "Point", "coordinates": [ 23.033941, 40.544309 ] } },
{ "type": "Feature", "properties": { "code": "Ι-05/052", "onomastasi": "ΕΡΓΟΣΤΑΣΙΟ", "type": "ΣΤΑΣΗ", "dimoskal": "ΘΕΡΜΗ", "lines_ejyp": "67,67Β", "stop_type_cat": "Regular Stop", "type_rank": 4, "line_count": 2, "service_level": "Multi-line stop" }, "geometry": { "type": "Point", "coordinates": [ 23.031966, 40.544447 ] } },
{ "type": "Feature", "properties": { "code": "Ι-05/063", "onomastasi": "ΓΥΜΝΑΣΤΗΡΙΟ", "type": "ΣΤΑΣΗ", "dimoskal": "ΘΕΡΜΗ", "lines_ejyp": "67,67Α,67Β", "stop_type_cat": "Regular Stop", "type_rank": 4, "line_count": 3, "service_level": "Multi-line stop" }, "geometry": { "type": "Point", "coordinates": [ 23.034031, 40.544518 ] } },
{ "type": "Feature", "properties": { "code": "Ι-05/064", "onomastasi": "ΕΡΓΟΣΤΑΣΙΟ", "type": "ΣΤΑΣΗ", "dimoskal": "ΘΕΡΜΗ", "lines_ejyp": "67,67Α,67Β", "stop_type_cat": "Regular Stop", "type_rank": 4, "line_count": 3, "service_level": "Multi-line stop" }, "geometry": { "type": "Point", "coordinates": [ 23.03096, 40.544731 ] } },
{ "type": "Feature", "properties": { "code": "Ι-05/051", "onomastasi": "ΣΤΡΑΤΟΠΕΔΟ", "type": "ΣΤΑΣΗ", "dimoskal": "ΘΕΡΜΗ", "lines_ejyp": "67,67Β", "stop_type_cat": "Regular Stop", "type_rank": 4, "line_count": 2, "service_level": "Multi-line stop" }, "geometry": { "type": "Point", "coordinates": [ 23.029056, 40.544983 ] } },
{ "type": "Feature", "properties": { "code": "Ι-05/054", "onomastasi": "ΣΠΙΘΑ", "type": "ΣΤΑΣΗ", "dimoskal": "ΘΕΡΜΗ", "lines_ejyp": "67,67Β", "stop_type_cat": "Regular Stop", "type_rank": 4, "line_count": 2, "service_level": "Multi-line stop" }, "geometry": { "type": "Point", "coordinates": [ 23.03932, 40.545116 ] } },
{ "type": "Feature", "properties": { "code": "Ι-05/065", "onomastasi": "ΣΤΡΑΤΟΠΕΔΟ", "type": "ΣΤΑΣΗ", "dimoskal": "ΘΕΡΜΗ", "lines_ejyp": "67,67Α,67Β", "stop_type_cat": "Regular Stop", "type_rank": 4, "line_count": 3, "service_level": "Multi-line stop" }, "geometry": { "type": "Point", "coordinates": [ 23.029065, 40.545083 ] } },
{ "type": "Feature", "properties": { "code": "Ι-05/062", "onomastasi": "ΣΠΙΘΑ", "type": "ΣΤΑΣΗ", "dimoskal": "ΘΕΡΜΗ", "lines_ejyp": "67,67Α,67Β", "stop_type_cat": "Regular Stop", "type_rank": 4, "line_count": 3, "service_level": "Multi-line stop" }, "geometry": { "type": "Point", "coordinates": [ 23.038574, 40.545258 ] } },
{ "type": "Feature", "properties": { "code": "Ι-05/055", "onomastasi": "ΩΜΕΓΑ", "type": "ΣΤΑΣΗ", "dimoskal": "ΘΕΡΜΗ", "lines_ejyp": "67,67A,67B", "stop_type_cat": "Regular Stop", "type_rank": 4, "line_count": 3, "service_level": "Multi-line stop" }, "geometry": { "type": "Point", "coordinates": [ 23.041128, 40.546246 ] } },
{ "type": "Feature", "properties": { "code": "Ι-05/061", "onomastasi": "ΩΜΕΓΑ", "type": "ΣΤΑΣΗ", "dimoskal": "ΘΕΡΜΗ", "lines_ejyp": "67,67B", "stop_type_cat": "Regular Stop", "type_rank": 4, "line_count": 2, "service_level": "Multi-line stop" }, "geometry": { "type": "Point", "coordinates": [ 23.040915, 40.54627 ] } },
{ "type": "Feature", "properties": { "code": "Ι-05/047", "onomastasi": "ΓΕΦΥΡΑ", "type": "ΣΤΑΣΗ", "dimoskal": "ΘΕΡΜΗ", "lines_ejyp": "60Ε,67,67Β", "stop_type_cat": "Regular Stop", "type_rank": 4, "line_count": 3, "service_level": "Multi-line stop" }, "geometry": { "type": "Point", "coordinates": [ 23.016257, 40.541268 ] } },
{ "type": "Feature", "properties": { "code": "Ι-05/069", "onomastasi": "ΓΕΦΥΡΑ", "type": "ΣΤΑΣΗ", "dimoskal": "ΘΕΡΜΗ", "lines_ejyp": "60Ε,67,67Α,67Β", "stop_type_cat": "Regular Stop", "type_rank": 4, "line_count": 4, "service_level": "High-service stop" }, "geometry": { "type": "Point", "coordinates": [ 23.016048, 40.541484 ] } },
{ "type": "Feature", "properties": { "code": "Ι-05/048", "onomastasi": "ΜΥΛΟΣ", "type": "ΣΤΑΣΗ", "dimoskal": "ΘΕΡΜΗ", "lines_ejyp": "60Ε,67,67Β", "stop_type_cat": "Regular Stop", "type_rank": 4, "line_count": 3, "service_level": "Multi-line stop" }, "geometry": { "type": "Point", "coordinates": [ 23.019238, 40.543792 ] } },
{ "type": "Feature", "properties": { "code": "Ι-05/068", "onomastasi": "ΜΥΛΟΣ", "type": "ΣΤΑΣΗ", "dimoskal": "ΘΕΡΜΗ", "lines_ejyp": "60Ε,67,67Α,67Β", "stop_type_cat": "Regular Stop", "type_rank": 4, "line_count": 4, "service_level": "High-service stop" }, "geometry": { "type": "Point", "coordinates": [ 23.019068, 40.543815 ] } },
{ "type": "Feature", "properties": { "code": "Ι-05/032", "onomastasi": "ΔΗΜΑΡΧΕΙΟ ΘΕΡΜΗΣ", "type": "ΤΕΣ ΠΛΗΡΟΦΟΡΗΣΗ", "dimoskal": "ΘΕΡΜΗ", "lines_ejyp": "60Ε,67,67Β", "stop_type_cat": "Info Stop", "type_rank": 3, "line_count": 3, "service_level": "Multi-line stop" }, "geometry": { "type": "Point", "coordinates": [ 23.019504, 40.545923 ] } },
{ "type": "Feature", "properties": { "code": "Ι-05/032ΤΣ", "onomastasi": "ΔΗΜΑΡΧΕΙΟ ΘΕΡΜΗΣ", "type": "ΤΕΡΜΑΤΙΚΟΣ ΣΤΑΘΜΟΣ ΤΕΣ", "dimoskal": "ΘΕΡΜΗ", "lines_ejyp": "66", "stop_type_cat": "Terminal Stop", "type_rank": 2, "line_count": 1, "service_level": "Local stop" }, "geometry": { "type": "Point", "coordinates": [ 23.019451, 40.546085 ] } },
{ "type": "Feature", "properties": { "code": "Ι-05/031", "onomastasi": "ΑΓΙΟΥ ΝΙΚΟΛΑΟΥ", "type": "ΣΤΑΣΗ", "dimoskal": "ΘΕΡΜΗ", "lines_ejyp": "60Ε,66,67,67Α,67Β", "stop_type_cat": "Regular Stop", "type_rank": 4, "line_count": 5, "service_level": "High-service stop" }, "geometry": { "type": "Point", "coordinates": [ 23.018161, 40.546721 ] } },
{ "type": "Feature", "properties": { "code": "Ι-05/030", "onomastasi": "ΠΛΑΤΕΙΑ", "type": "ΣΤΑΣΗ", "dimoskal": "ΘΕΡΜΗ", "lines_ejyp": "60Ε,66,67,67Β", "stop_type_cat": "Regular Stop", "type_rank": 4, "line_count": 4, "service_level": "High-service stop" }, "geometry": { "type": "Point", "coordinates": [ 23.020041, 40.54815 ] } },
{ "type": "Feature", "properties": { "code": "Ι-05/033", "onomastasi": "ΠΛΑΤΕΙΑ", "type": "ΣΤΑΣΗ", "dimoskal": "ΘΕΡΜΗ", "lines_ejyp": "60Ε,66,67,67Β", "stop_type_cat": "Regular Stop", "type_rank": 4, "line_count": 4, "service_level": "High-service stop" }, "geometry": { "type": "Point", "coordinates": [ 23.020273, 40.548264 ] } },
{ "type": "Feature", "properties": { "code": "Ι-05/067", "onomastasi": "ΠΟΛΙΤΙΣΤΙΚΟ ΚΕΝΤΡΟ", "type": "ΣΤΑΣΗ", "dimoskal": "ΘΕΡΜΗ", "lines_ejyp": "67,67Α,67Β", "stop_type_cat": "Regular Stop", "type_rank": 4, "line_count": 3, "service_level": "Multi-line stop" }, "geometry": { "type": "Point", "coordinates": [ 23.02344, 40.549123 ] } },
{ "type": "Feature", "properties": { "code": "Ι-05/045", "onomastasi": "ΚΕΝΤΡΟ ΥΓΕΙΑΣ", "type": "ΣΤΑΣΗ", "dimoskal": "ΘΕΡΜΗ", "lines_ejyp": "60Ε,67,67Α,67Β", "stop_type_cat": "Regular Stop", "type_rank": 4, "line_count": 4, "service_level": "High-service stop" }, "geometry": { "type": "Point", "coordinates": [ 23.004033, 40.538831 ] } },
{ "type": "Feature", "properties": { "code": "Ι-05/044", "onomastasi": "ΒΕΛΛΙΔΕΙΟ", "type": "ΣΤΑΣΗ", "dimoskal": "ΘΕΡΜΗ", "lines_ejyp": "36,36Α,36Β,36Ζ,36Χ,60Ε,67,67Β,68Α,68Β,79Χ,87Β,87Ε,87Η,87Λ,87Π,87Φ", "stop_type_cat": "Regular Stop", "type_rank": 4, "line_count": 17, "service_level": "Major PT node" }, "geometry": { "type": "Point", "coordinates": [ 23.000966, 40.538878 ] } },
{ "type": "Feature", "properties": { "code": "Ι-05/071", "onomastasi": "ΚΕΝΤΡΟ ΥΓΕΙΑΣ", "type": "ΣΤΑΣΗ", "dimoskal": "ΘΕΡΜΗ", "lines_ejyp": "60Ε,67,67Β,68Β,79Χ,87Ε,87Η,87Λ,87Φ,87Χ", "stop_type_cat": "Regular Stop", "type_rank": 4, "line_count": 10, "service_level": "Major PT node" }, "geometry": { "type": "Point", "coordinates": [ 23.003961, 40.53894 ] } },
{ "type": "Feature", "properties": { "code": "Ι-05/043", "onomastasi": "ΑΓΡΟΚΤΗΜΑ", "type": "ΣΤΑΣΗ", "dimoskal": "ΘΕΡΜΗ", "lines_ejyp": "36,36Α,36Β,36Ζ,36Χ,60Ε,67,67Β,68Α,68Β,79Χ,87Β,87Ε,87Η,87Λ,87Π,87Φ", "stop_type_cat": "Regular Stop", "type_rank": 4, "line_count": 17, "service_level": "Major PT node" }, "geometry": { "type": "Point", "coordinates": [ 22.997353, 40.538921 ] } },
{ "type": "Feature", "properties": { "code": "Ι-05/072", "onomastasi": "ΒΕΛΛΙΔΕΙΟ", "type": "ΣΤΑΣΗ", "dimoskal": "ΘΕΡΜΗ", "lines_ejyp": "60Ε,67,67Β,68Β,79Χ,97Ε,97Η,97Λ,87Φ,87Χ", "stop_type_cat": "Regular Stop", "type_rank": 4, "line_count": 10, "service_level": "Major PT node" }, "geometry": { "type": "Point", "coordinates": [ 23.000729, 40.538997 ] } },
{ "type": "Feature", "properties": { "code": "Ι-05/073", "onomastasi": "ΑΓΡΟΚΤΗΜΑ", "type": "ΣΤΑΣΗ", "dimoskal": "ΘΕΡΜΗ", "lines_ejyp": "60Ε,67,67Β,68Β,79Χ,87Ε,87Η,87Λ,87Φ,87Χ", "stop_type_cat": "Regular Stop", "type_rank": 4, "line_count": 10, "service_level": "Major PT node" }, "geometry": { "type": "Point", "coordinates": [ 22.997714, 40.539035 ] } },
{ "type": "Feature", "properties": { "code": "Ι-05/042", "onomastasi": "ΓΕΩΡΓΙΚΗ ΣΧΟΛΗ", "type": "ΣΤΑΣΗ", "dimoskal": "ΘΕΡΜΗ", "lines_ejyp": "36,36Α,36Β,36Ζ,36Χ,60Ε,67,67Β,68Α,68Β,79Χ,87Β,87Ε,87Η,87Λ,87Π,87Φ", "stop_type_cat": "Regular Stop", "type_rank": 4, "line_count": 17, "service_level": "Major PT node" }, "geometry": { "type": "Point", "coordinates": [ 22.991965, 40.539039 ] } },
{ "type": "Feature", "properties": { "code": "Ι-05/003", "onomastasi": "ΓΕΩΡΓΙΚΗ ΣΧΟΛΗ", "type": "ΣΤΑΣΗ", "dimoskal": "ΠΥΛΑΙΑ ΧΟΡΤΙΑΤΗΣ", "lines_ejyp": "01Ν,01Χ,1Ν,69Α,69Β,69Η,69Ν,70,70Α,71,71Α,72,72Α,72Β,72Ε,76,79Α,79Κ,87Α,87Μ,87Ν,87Ρ,87Τ,88,88Α,88Β,88Ε,88Η,88Κ,88Μ,88Ν", "stop_type_cat": "Regular Stop", "type_rank": 4, "line_count": 31, "service_level": "Major PT node" }, "geometry": { "type": "Point", "coordinates": [ 22.989979, 40.539744 ] } },
{ "type": "Feature", "properties": { "code": "Ι-05/011", "onomastasi": "ΓΕΩΡΓΙΚΗ ΣΧΟΛΗ", "type": "ΣΤΑΣΗ", "dimoskal": "ΠΥΛΑΙΑ ΧΟΡΤΙΑΤΗΣ", "lines_ejyp": "01Ν,01Χ,1Ν,60Ε,67,67Α,67Β,68Α,68Β,69Α,69Β,69Η,69Ν,70,70Α,71,71Α,72,72Α,76,79Β,79Χ,87Α,87Ε,87Η,87Θ,87Λ,87Μ,87Ν,87Ρ,87Φ,87Χ,88,88Α,88Β,88Ε,88Η,88Κ,88Μ", "stop_type_cat": "Regular Stop", "type_rank": 4, "line_count": 39, "service_level": "Major PT node" }, "geometry": { "type": "Point", "coordinates": [ 22.990066, 40.539975 ] } },
{ "type": "Feature", "properties": { "code": "Ι-05/244", "onomastasi": "ΑΓΙΟΣ ΓΕΩΡΓΙΟΣ", "type": "ΣΤΑΣΗ", "dimoskal": "ΠΥΛΑΙΑ ΧΟΡΤΙΑΤΗΣ", "lines_ejyp": "36,36Α,36Β,36Ζ,36Χ", "stop_type_cat": "Regular Stop", "type_rank": 4, "line_count": 5, "service_level": "High-service stop" }, "geometry": { "type": "Point", "coordinates": [ 22.990974, 40.554173 ] } },
{ "type": "Feature", "properties": { "code": "Ι-05/049", "onomastasi": "ΠΟΛΙΤΙΣΤΙΚΟ ΚΕΝΤΡΟ", "type": "ΣΤΑΣΗ", "dimoskal": "ΘΕΡΜΗ", "lines_ejyp": "67,67Β", "stop_type_cat": "Regular Stop", "type_rank": 4, "line_count": 2, "service_level": "Multi-line stop" }, "geometry": { "type": "Point", "coordinates": [ 23.02315, 40.549199 ] } },
{ "type": "Feature", "properties": { "code": "Ι-05/034", "onomastasi": "ΧΑΝΙ", "type": "ΣΤΑΣΗ", "dimoskal": "ΘΕΡΜΗ", "lines_ejyp": "60Ε,66,67,67Β", "stop_type_cat": "Regular Stop", "type_rank": 4, "line_count": 4, "service_level": "High-service stop" }, "geometry": { "type": "Point", "coordinates": [ 23.020737, 40.549438 ] } },
{ "type": "Feature", "properties": { "code": "Ι-05/029", "onomastasi": "ΧΑΝΙ", "type": "ΣΤΑΣΗ", "dimoskal": "ΘΕΡΜΗ", "lines_ejyp": "60Ε,66,67,67Α,67Β", "stop_type_cat": "Regular Stop", "type_rank": 4, "line_count": 5, "service_level": "High-service stop" }, "geometry": { "type": "Point", "coordinates": [ 23.020895, 40.550039 ] } },
{ "type": "Feature", "properties": { "code": "Ι-05/026", "onomastasi": "Ι.Ε.Κ ΘΕΡΜΗΣ", "type": "ΣΤΑΣΗ", "dimoskal": "ΘΕΡΜΗ", "lines_ejyp": "", "stop_type_cat": "Regular Stop", "type_rank": 4, "line_count": 0, "service_level": "Unknown service" }, "geometry": { "type": "Point", "coordinates": [ 23.014866, 40.550548 ] } },
{ "type": "Feature", "properties": { "code": "Ι-05/035", "onomastasi": "ΔΙΑΣΤΑΥΡΩΣΗ ΠΑΝΟΡΑΜΑΤΟΣ", "type": "ΣΤΑΣΗ", "dimoskal": "ΘΕΡΜΗ", "lines_ejyp": "60Ε,66", "stop_type_cat": "Regular Stop", "type_rank": 4, "line_count": 2, "service_level": "Multi-line stop" }, "geometry": { "type": "Point", "coordinates": [ 23.019012, 40.551774 ] } },
{ "type": "Feature", "properties": { "code": "Ι-05/028", "onomastasi": "ΔΙΑΣΤΑΥΡΩΣΗ ΠΑΝΟΡΑΜΑΤΟΣ", "type": "ΣΤΑΣΗ", "dimoskal": "ΘΕΡΜΗ", "lines_ejyp": "60Ε,66", "stop_type_cat": "Regular Stop", "type_rank": 4, "line_count": 2, "service_level": "Multi-line stop" }, "geometry": { "type": "Point", "coordinates": [ 23.019095, 40.551921 ] } },
{ "type": "Feature", "properties": { "code": "Ι-05/025", "onomastasi": "ΓΟΡΓΟΠΟΤΑΜΟΥ", "type": "ΣΤΑΣΗ", "dimoskal": "ΘΕΡΜΗ", "lines_ejyp": "", "stop_type_cat": "Regular Stop", "type_rank": 4, "line_count": 0, "service_level": "Unknown service" }, "geometry": { "type": "Point", "coordinates": [ 23.017519, 40.551955 ] } },
{ "type": "Feature", "properties": { "code": "Ι-05/254", "onomastasi": "ΑΓΙΟΣ ΤΡΥΦΩΝΑΣ", "type": "ΣΤΑΣΗ", "dimoskal": "ΘΕΡΜΗ", "lines_ejyp": "60Ε", "stop_type_cat": "Regular Stop", "type_rank": 4, "line_count": 1, "service_level": "Local stop" }, "geometry": { "type": "Point", "coordinates": [ 23.018872, 40.554303 ] } },
{ "type": "Feature", "properties": { "code": "Ι-05/253", "onomastasi": "ΑΓΙΟΣ ΤΡΥΦΩΝΑΣ", "type": "ΣΤΑΣΗ", "dimoskal": "ΘΕΡΜΗ", "lines_ejyp": "60Ε", "stop_type_cat": "Regular Stop", "type_rank": 4, "line_count": 1, "service_level": "Local stop" }, "geometry": { "type": "Point", "coordinates": [ 23.018594, 40.554364 ] } },
{ "type": "Feature", "properties": { "code": "Ι-05/036", "onomastasi": "ΕΒΕΚ", "type": "ΣΤΑΣΗ", "dimoskal": "ΘΕΡΜΗ", "lines_ejyp": "66", "stop_type_cat": "Regular Stop", "type_rank": 4, "line_count": 1, "service_level": "Local stop" }, "geometry": { "type": "Point", "coordinates": [ 23.015182, 40.554579 ] } },
{ "type": "Feature", "properties": { "code": "Ι-05/075ΤΣ", "onomastasi": "MEDITERRANEAN COSMOS", "type": "ΤΕΡΜΑΤΙΚΟΣ ΣΤΑΘΜΟΣ ( ΑΦΕΤΗΡΙΑ - ΤΕΡΜΑ )", "dimoskal": "ΠΥΛΑΙΑ ΧΟΡΤΙΑΤΗΣ", "lines_ejyp": "45,45B", "stop_type_cat": "Terminal Stop", "type_rank": 2, "line_count": 2, "service_level": "Multi-line stop" }, "geometry": { "type": "Point", "coordinates": [ 22.993775, 40.55641 ] } },
{ "type": "Feature", "properties": { "code": "Ι-05/075 Α", "onomastasi": "MEDITERRANEAN COSMOS", "type": "ΤΕΣ ΠΛΗΡΟΦΟΡΗΣΗ", "dimoskal": "ΠΥΛΑΙΑ ΧΟΡΤΙΑΤΗΣ", "lines_ejyp": "36,36A,36B,36Z", "stop_type_cat": "Info Stop", "type_rank": 3, "line_count": 4, "service_level": "High-service stop" }, "geometry": { "type": "Point", "coordinates": [ 22.991929, 40.556641 ] } },
{ "type": "Feature", "properties": { "code": "Ι-05/075 Β", "onomastasi": "MEDITERRANEAN COSMOS", "type": "ΤΕΣ ΠΛΗΡΟΦΟΡΗΣΗ", "dimoskal": "ΠΥΛΑΙΑ ΧΟΡΤΙΑΤΗΣ", "lines_ejyp": "36,36A,36B,36E,36Z,36H,36K,36N,36R,36Y,36X,79K", "stop_type_cat": "Info Stop", "type_rank": 3, "line_count": 12, "service_level": "Major PT node" }, "geometry": { "type": "Point", "coordinates": [ 22.992352, 40.556818 ] } },
{ "type": "Feature", "properties": { "code": "Ι-05/226", "onomastasi": "ΑΓΙΑΣ ΑΝΑΣΤΑΣΙΑΣ", "type": "ΣΤΑΣΗ", "dimoskal": "ΠΥΛΑΙΑ ΧΟΡΤΙΑΤΗΣ", "lines_ejyp": "36,36Α,36Β,36Ε,36Ζ,36Η,36Κ,36Ν,36Ρ,36Υ,36Χ,45,45Β", "stop_type_cat": "Regular Stop", "type_rank": 4, "line_count": 13, "service_level": "Major PT node" }, "geometry": { "type": "Point", "coordinates": [ 22.991419, 40.559861 ] } },
{ "type": "Feature", "properties": { "code": "Ι-05/225", "onomastasi": "ΛΑΕΡΤΟΥ", "type": "ΣΤΑΣΗ", "dimoskal": "ΠΥΛΑΙΑ ΧΟΡΤΙΑΤΗΣ", "lines_ejyp": "36,36Α,36Β,36Ζ,36Χ", "stop_type_cat": "Regular Stop", "type_rank": 4, "line_count": 5, "service_level": "High-service stop" }, "geometry": { "type": "Point", "coordinates": [ 22.991542, 40.560236 ] } },
{ "type": "Feature", "properties": { "code": "Ι-05/039", "onomastasi": "ΜΑΝΤΟΥΛΙΔΗ", "type": "ΣΤΑΣΗ", "dimoskal": "ΘΕΡΜΗ", "lines_ejyp": "66", "stop_type_cat": "Regular Stop", "type_rank": 4, "line_count": 1, "service_level": "Local stop" }, "geometry": { "type": "Point", "coordinates": [ 23.0034, 40.561858 ] } },
{ "type": "Feature", "properties": { "code": "Ι-05/021", "onomastasi": "ΜΑΝΤΟΥΛΙΔΗ", "type": "ΣΤΑΣΗ", "dimoskal": "ΘΕΡΜΗ", "lines_ejyp": "66", "stop_type_cat": "Regular Stop", "type_rank": 4, "line_count": 1, "service_level": "Local stop" }, "geometry": { "type": "Point", "coordinates": [ 23.00311, 40.561866 ] } },
{ "type": "Feature", "properties": { "code": "Ι-05/076", "onomastasi": "ΚΕΝΤΡΟ ΔΙΑΔΟΣΗΣ ΕΠΙΣΤΗΜΩΝ", "type": "ΣΤΑΣΗ", "dimoskal": "ΘΕΡΜΗ", "lines_ejyp": "36,36Β,36Ε,36Ζ,36Η,36Κ,36Ρ,36Υ,36Χ", "stop_type_cat": "Regular Stop", "type_rank": 4, "line_count": 9, "service_level": "Major PT node" }, "geometry": { "type": "Point", "coordinates": [ 22.993142, 40.564096 ] } },
{ "type": "Feature", "properties": { "code": "Ι-05/020", "onomastasi": "ΛΗΔΑ-ΜΑΡIA", "type": "ΣΤΑΣΗ", "dimoskal": "ΘΕΡΜΗ", "lines_ejyp": "66", "stop_type_cat": "Regular Stop", "type_rank": 4, "line_count": 1, "service_level": "Local stop" }, "geometry": { "type": "Point", "coordinates": [ 22.999882, 40.564968 ] } },
{ "type": "Feature", "properties": { "code": "Ι-05/040", "onomastasi": "ΛΗΔΑ-ΜΑΡΙΑ", "type": "ΣΤΑΣΗ", "dimoskal": "ΘΕΡΜΗ", "lines_ejyp": "66", "stop_type_cat": "Regular Stop", "type_rank": 4, "line_count": 1, "service_level": "Local stop" }, "geometry": { "type": "Point", "coordinates": [ 22.999027, 40.565496 ] } },
{ "type": "Feature", "properties": { "code": "Ι-05/024", "onomastasi": "ΕΒΕΚ", "type": "ΣΤΑΣΗ", "dimoskal": "ΘΕΡΜΗ", "lines_ejyp": "66", "stop_type_cat": "Regular Stop", "type_rank": 4, "line_count": 1, "service_level": "Local stop" }, "geometry": { "type": "Point", "coordinates": [ 23.014803, 40.554661 ] } },
{ "type": "Feature", "properties": { "code": "Ι-05/227", "onomastasi": "ΑΣΤΥΝΟΜΙΑ", "type": "ΣΤΑΣΗ", "dimoskal": "ΘΕΡΜΗ", "lines_ejyp": "66", "stop_type_cat": "Regular Stop", "type_rank": 4, "line_count": 1, "service_level": "Local stop" }, "geometry": { "type": "Point", "coordinates": [ 23.012382, 40.556559 ] } },
{ "type": "Feature", "properties": { "code": "Ι-05/228", "onomastasi": "ΑΣΤΥΝΟΜΙΑ", "type": "ΣΤΑΣΗ", "dimoskal": "ΘΕΡΜΗ", "lines_ejyp": "66", "stop_type_cat": "Regular Stop", "type_rank": 4, "line_count": 1, "service_level": "Local stop" }, "geometry": { "type": "Point", "coordinates": [ 23.012428, 40.556651 ] } },
{ "type": "Feature", "properties": { "code": "Ι-05/023", "onomastasi": "ΜΑΡΙΝΟΣ", "type": "ΣΤΑΣΗ", "dimoskal": "ΘΕΡΜΗ", "lines_ejyp": "66", "stop_type_cat": "Regular Stop", "type_rank": 4, "line_count": 1, "service_level": "Local stop" }, "geometry": { "type": "Point", "coordinates": [ 23.010588, 40.557838 ] } },
{ "type": "Feature", "properties": { "code": "Ι-05/037", "onomastasi": "ΜΑΡΙΝΟΣ", "type": "ΣΤΑΣΗ", "dimoskal": "ΘΕΡΜΗ", "lines_ejyp": "66", "stop_type_cat": "Regular Stop", "type_rank": 4, "line_count": 1, "service_level": "Local stop" }, "geometry": { "type": "Point", "coordinates": [ 23.010201, 40.558207 ] } },
{ "type": "Feature", "properties": { "code": "Ι-05/229", "onomastasi": "Κ.Ε.Κ. ΙΒΕΠΕ", "type": "ΣΤΑΣΗ", "dimoskal": "ΘΕΡΜΗ", "lines_ejyp": "66", "stop_type_cat": "Regular Stop", "type_rank": 4, "line_count": 1, "service_level": "Local stop" }, "geometry": { "type": "Point", "coordinates": [ 23.008313, 40.559068 ] } },
{ "type": "Feature", "properties": { "code": "Ι-05/233", "onomastasi": "Κ.Ε.Κ. ΙΒΕΠΕ", "type": "ΣΤΑΣΗ", "dimoskal": "ΘΕΡΜΗ", "lines_ejyp": "66", "stop_type_cat": "Regular Stop", "type_rank": 4, "line_count": 1, "service_level": "Local stop" }, "geometry": { "type": "Point", "coordinates": [ 23.007842, 40.559524 ] } },
{ "type": "Feature", "properties": { "code": "Ι-05/022", "onomastasi": "ΕΛΛΗΝΙΚΟ ΚΟΛΛΕΓΙΟ", "type": "ΣΤΑΣΗ", "dimoskal": "ΘΕΡΜΗ", "lines_ejyp": "66", "stop_type_cat": "Regular Stop", "type_rank": 4, "line_count": 1, "service_level": "Local stop" }, "geometry": { "type": "Point", "coordinates": [ 23.00612, 40.560269 ] } },
{ "type": "Feature", "properties": { "code": "Ι-05/038", "onomastasi": "ΕΛΛΗΝΙΚΟ ΚΟΛΛΕΓΙΟ", "type": "ΣΤΑΣΗ", "dimoskal": "ΘΕΡΜΗ", "lines_ejyp": "66", "stop_type_cat": "Regular Stop", "type_rank": 4, "line_count": 1, "service_level": "Local stop" }, "geometry": { "type": "Point", "coordinates": [ 23.005739, 40.56063 ] } },
{ "type": "Feature", "properties": { "code": "Ι-05/251", "onomastasi": "ΠΥΘΑΓΟΡΑ 4", "type": "ΣΤΑΣΗ", "dimoskal": "ΠΥΛΑΙΑ ΧΟΡΤΙΑΤΗΣ", "lines_ejyp": "60Ε", "stop_type_cat": "Regular Stop", "type_rank": 4, "line_count": 1, "service_level": "Local stop" }, "geometry": { "type": "Point", "coordinates": [ 23.024909, 40.572306 ] } },
{ "type": "Feature", "properties": { "code": "Ι-05/050", "onomastasi": "ΕΡΓΟΤΑΞΙΟ ΔΗΜΟΥ ΘΕΡΜΗΣ", "type": "ΣΤΑΣΗ", "dimoskal": "ΘΕΡΜΗ", "lines_ejyp": "67,67Β", "stop_type_cat": "Regular Stop", "type_rank": 4, "line_count": 2, "service_level": "Multi-line stop" }, "geometry": { "type": "Point", "coordinates": [ 23.026359, 40.547172 ] } },
{ "type": "Feature", "properties": { "code": "Ι-05/066", "onomastasi": "ΕΡΓΟΤΑΞΙΟ ΔΗΜΟΥ ΘΕΡΜΗΣ", "type": "ΣΤΑΣΗ", "dimoskal": "ΘΕΡΜΗ", "lines_ejyp": "67,67Α,67Β", "stop_type_cat": "Regular Stop", "type_rank": 4, "line_count": 3, "service_level": "Multi-line stop" }, "geometry": { "type": "Point", "coordinates": [ 23.026378, 40.547243 ] } },
{ "type": "Feature", "properties": { "code": "Ι-05/059", "onomastasi": "ΕΚΚΛΗΣΙΑ", "type": "ΣΤΑΣΗ", "dimoskal": "ΘΕΡΜΗ", "lines_ejyp": "", "stop_type_cat": "Regular Stop", "type_rank": 4, "line_count": 0, "service_level": "Unknown service" }, "geometry": { "type": "Point", "coordinates": [ 23.048634, 40.547466 ] } },
{ "type": "Feature", "properties": { "code": "Ι-05/057", "onomastasi": "ΕΚΚΛΗΣΙΑ", "type": "ΣΤΑΣΗ", "dimoskal": "ΘΕΡΜΗ", "lines_ejyp": "", "stop_type_cat": "Regular Stop", "type_rank": 4, "line_count": 0, "service_level": "Unknown service" }, "geometry": { "type": "Point", "coordinates": [ 23.048734, 40.547523 ] } },
{ "type": "Feature", "properties": { "code": "Ι-05/056", "onomastasi": "ΠΑΡΕΚΚΛΗΣΙ ΑΓΙΑΣ ΤΡΙΑΔΟΣ", "type": "ΣΤΑΣΗ", "dimoskal": "ΘΕΡΜΗ", "lines_ejyp": "67,67Β", "stop_type_cat": "Regular Stop", "type_rank": 4, "line_count": 2, "service_level": "Multi-line stop" }, "geometry": { "type": "Point", "coordinates": [ 23.044604, 40.547509 ] } },
{ "type": "Feature", "properties": { "code": "Ι-05/060", "onomastasi": "ΠΑΡΕΚΚΛΗΣΙ ΑΓΙΑΣ ΤΡΙΑΔΟΣ", "type": "ΣΤΑΣΗ", "dimoskal": "ΘΕΡΜΗ", "lines_ejyp": "67,67Α,67Β", "stop_type_cat": "Regular Stop", "type_rank": 4, "line_count": 3, "service_level": "Multi-line stop" }, "geometry": { "type": "Point", "coordinates": [ 23.044338, 40.547585 ] } },
{ "type": "Feature", "properties": { "code": "Ι-05/058", "onomastasi": "Τ.Σ. ΤΡΙΑΔΙΟΥ", "type": "ΤΕΡΜΑΤΙΚΟΣ ΣΤΑΘΜΟΣ ( ΑΦΕΤΗΡΙΑ - ΤΕΡΜΑ )", "dimoskal": "ΘΕΡΜΗ", "lines_ejyp": "67,67Α,67Β", "stop_type_cat": "Terminal Stop", "type_rank": 2, "line_count": 3, "service_level": "Multi-line stop" }, "geometry": { "type": "Point", "coordinates": [ 23.04789, 40.549821 ] } },
{ "type": "Feature", "properties": { "code": "Ι-05/252", "onomastasi": "ΠΥΘΑΓΟΡΑ 4", "type": "ΣΤΑΣΗ", "dimoskal": "ΠΥΛΑΙΑ ΧΟΡΤΙΑΤΗΣ", "lines_ejyp": "60Ε", "stop_type_cat": "Regular Stop", "type_rank": 4, "line_count": 1, "service_level": "Local stop" }, "geometry": { "type": "Point", "coordinates": [ 23.025205, 40.572313 ] } },
{ "type": "Feature", "properties": { "code": "Ι-05/170", "onomastasi": "ΟΛΥΜΠΟΥ 2", "type": "ΣΤΑΣΗ", "dimoskal": "ΠΥΛΑΙΑ ΧΟΡΤΙΑΤΗΣ", "lines_ejyp": "60Β", "stop_type_cat": "Regular Stop", "type_rank": 4, "line_count": 1, "service_level": "Local stop" }, "geometry": { "type": "Point", "coordinates": [ 23.028216, 40.581607 ] } },
{ "type": "Feature", "properties": { "code": "Ι-05/185", "onomastasi": "ΟΛΥΜΠΟΥ 2", "type": "ΣΤΑΣΗ", "dimoskal": "ΠΥΛΑΙΑ ΧΟΡΤΙΑΤΗΣ", "lines_ejyp": "60Α", "stop_type_cat": "Regular Stop", "type_rank": 4, "line_count": 1, "service_level": "Local stop" }, "geometry": { "type": "Point", "coordinates": [ 23.028131, 40.581714 ] } },
{ "type": "Feature", "properties": { "code": "Ι-05/161", "onomastasi": "ΣΤΡΑΤΗΓΟΥ ΡΟΥΒΑ", "type": "ΣΤΑΣΗ", "dimoskal": "ΠΥΛΑΙΑ ΧΟΡΤΙΑΤΗΣ", "lines_ejyp": "60Α,60Β", "stop_type_cat": "Regular Stop", "type_rank": 4, "line_count": 2, "service_level": "Multi-line stop" }, "geometry": { "type": "Point", "coordinates": [ 23.006259, 40.572857 ] } },
{ "type": "Feature", "properties": { "code": "Ι-05/160", "onomastasi": "ΓΟΥΣΙΔΗ", "type": "ΣΤΑΣΗ", "dimoskal": "ΠΥΛΑΙΑ ΧΟΡΤΙΑΤΗΣ", "lines_ejyp": "60Α,60Β", "stop_type_cat": "Regular Stop", "type_rank": 4, "line_count": 2, "service_level": "Multi-line stop" }, "geometry": { "type": "Point", "coordinates": [ 23.006823, 40.574182 ] } },
{ "type": "Feature", "properties": { "code": "Ι-05/162", "onomastasi": "ΓΟΥΣΙΔΗ", "type": "ΣΤΑΣΗ", "dimoskal": "ΠΥΛΑΙΑ ΧΟΡΤΙΑΤΗΣ", "lines_ejyp": "60Α,60Β", "stop_type_cat": "Regular Stop", "type_rank": 4, "line_count": 2, "service_level": "Multi-line stop" }, "geometry": { "type": "Point", "coordinates": [ 23.007019, 40.574262 ] } },
{ "type": "Feature", "properties": { "code": "Ι-05/243", "onomastasi": "ΟΛΥΜΠΙΑΔΟΣ", "type": "ΣΤΑΣΗ", "dimoskal": "ΠΥΛΑΙΑ ΧΟΡΤΙΑΤΗΣ", "lines_ejyp": "60Α,60Β", "stop_type_cat": "Regular Stop", "type_rank": 4, "line_count": 2, "service_level": "Multi-line stop" }, "geometry": { "type": "Point", "coordinates": [ 23.0241, 40.574712 ] } },
{ "type": "Feature", "properties": { "code": "Ι-05/159", "onomastasi": "ΑΚΡΙΤΑ", "type": "ΣΤΑΣΗ", "dimoskal": "ΠΥΛΑΙΑ ΧΟΡΤΙΑΤΗΣ", "lines_ejyp": "60A,60B", "stop_type_cat": "Regular Stop", "type_rank": 4, "line_count": 2, "service_level": "Multi-line stop" }, "geometry": { "type": "Point", "coordinates": [ 23.00771, 40.575472 ] } },
{ "type": "Feature", "properties": { "code": "Ι-05/163", "onomastasi": "ΑΚΡΙΤΑ", "type": "ΣΤΑΣΗ", "dimoskal": "ΠΥΛΑΙΑ ΧΟΡΤΙΑΤΗΣ", "lines_ejyp": "60A,60B", "stop_type_cat": "Regular Stop", "type_rank": 4, "line_count": 2, "service_level": "Multi-line stop" }, "geometry": { "type": "Point", "coordinates": [ 23.00809, 40.575714 ] } },
{ "type": "Feature", "properties": { "code": "Ι-05/242", "onomastasi": "ΠΥΘΑΓΟΡΑ 3", "type": "ΣΤΑΣΗ", "dimoskal": "ΠΥΛΑΙΑ ΧΟΡΤΙΑΤΗΣ", "lines_ejyp": "60Α,60Β", "stop_type_cat": "Regular Stop", "type_rank": 4, "line_count": 2, "service_level": "Multi-line stop" }, "geometry": { "type": "Point", "coordinates": [ 23.02448, 40.576095 ] } },
{ "type": "Feature", "properties": { "code": "Ι-05/240", "onomastasi": "ΣΤΡΟΦΗ ΠΥΘΑΓΟΡΑ", "type": "ΣΤΑΣΗ", "dimoskal": "ΠΥΛΑΙΑ ΧΟΡΤΙΑΤΗΣ", "lines_ejyp": "60Α,60Β", "stop_type_cat": "Regular Stop", "type_rank": 4, "line_count": 2, "service_level": "Multi-line stop" }, "geometry": { "type": "Point", "coordinates": [ 23.023038, 40.577162 ] } },
{ "type": "Feature", "properties": { "code": "Ι-05/164", "onomastasi": "ΝΙΚΗΦΟΡΟΥ", "type": "ΣΤΑΣΗ", "dimoskal": "ΠΥΛΑΙΑ ΧΟΡΤΙΑΤΗΣ", "lines_ejyp": "60Α,60Β", "stop_type_cat": "Regular Stop", "type_rank": 4, "line_count": 2, "service_level": "Multi-line stop" }, "geometry": { "type": "Point", "coordinates": [ 23.01013, 40.577097 ] } },
{ "type": "Feature", "properties": { "code": "Ι-05/241", "onomastasi": "ΣΤΡΟΦΗ ΠΥΘΑΓΟΡΑ", "type": "ΣΤΑΣΗ", "dimoskal": "ΠΥΛΑΙΑ ΧΟΡΤΙΑΤΗΣ", "lines_ejyp": "60Α,60Β", "stop_type_cat": "Regular Stop", "type_rank": 4, "line_count": 2, "service_level": "Multi-line stop" }, "geometry": { "type": "Point", "coordinates": [ 23.02316, 40.577309 ] } },
{ "type": "Feature", "properties": { "code": "Ι-05/158", "onomastasi": "ΝΙΚΗΦΟΡΟΥ", "type": "ΣΤΑΣΗ", "dimoskal": "ΠΥΛΑΙΑ ΧΟΡΤΙΑΤΗΣ", "lines_ejyp": "60Α,60Β", "stop_type_cat": "Regular Stop", "type_rank": 4, "line_count": 2, "service_level": "Multi-line stop" }, "geometry": { "type": "Point", "coordinates": [ 23.010125, 40.57724 ] } },
{ "type": "Feature", "properties": { "code": "Ι-05/235", "onomastasi": "ΠΥΘΑΓΟΡΑ 2", "type": "ΣΤΑΣΗ", "dimoskal": "ΠΥΛΑΙΑ ΧΟΡΤΙΑΤΗΣ", "lines_ejyp": "60Α,60Β", "stop_type_cat": "Regular Stop", "type_rank": 4, "line_count": 2, "service_level": "Multi-line stop" }, "geometry": { "type": "Point", "coordinates": [ 23.015448, 40.577716 ] } },
{ "type": "Feature", "properties": { "code": "Ι-05/167", "onomastasi": "ΠΥΘΑΓΟΡΑ", "type": "ΣΤΑΣΗ", "dimoskal": "ΠΥΛΑΙΑ ΧΟΡΤΙΑΤΗΣ", "lines_ejyp": "60Α", "stop_type_cat": "Regular Stop", "type_rank": 4, "line_count": 1, "service_level": "Local stop" }, "geometry": { "type": "Point", "coordinates": [ 23.019214, 40.577782 ] } },
{ "type": "Feature", "properties": { "code": "Ι-05/149", "onomastasi": "ΠΥΘΑΓΟΡΑ", "type": "ΣΤΑΣΗ", "dimoskal": "ΠΥΛΑΙΑ ΧΟΡΤΙΑΤΗΣ", "lines_ejyp": "60Α", "stop_type_cat": "Regular Stop", "type_rank": 4, "line_count": 1, "service_level": "Local stop" }, "geometry": { "type": "Point", "coordinates": [ 23.019191, 40.577882 ] } },
{ "type": "Feature", "properties": { "code": "Ι-05/154", "onomastasi": "ΤΕΡΜΑ ΙΩΝΟΣ ΔΡΑΓΟΥΜΗ", "type": "ΣΤΑΣΗ", "dimoskal": "ΠΥΛΑΙΑ ΧΟΡΤΙΑΤΗΣ", "lines_ejyp": "60Α,60Β", "stop_type_cat": "Regular Stop", "type_rank": 4, "line_count": 2, "service_level": "Multi-line stop" }, "geometry": { "type": "Point", "coordinates": [ 23.006282, 40.577788 ] } },
{ "type": "Feature", "properties": { "code": "Ι-05/234", "onomastasi": "ΠΥΘΑΓΟΡΑ 2", "type": "ΣΤΑΣΗ", "dimoskal": "ΠΥΛΑΙΑ ΧΟΡΤΙΑΤΗΣ", "lines_ejyp": "60Α,60Β", "stop_type_cat": "Regular Stop", "type_rank": 4, "line_count": 2, "service_level": "Multi-line stop" }, "geometry": { "type": "Point", "coordinates": [ 23.015055, 40.578047 ] } },
{ "type": "Feature", "properties": { "code": "Ι-05/168", "onomastasi": "ΔΗΜΟΚΡΙΤΟΥ", "type": "ΣΤΑΣΗ", "dimoskal": "ΠΥΛΑΙΑ ΧΟΡΤΙΑΤΗΣ", "lines_ejyp": "60Β", "stop_type_cat": "Regular Stop", "type_rank": 4, "line_count": 1, "service_level": "Local stop" }, "geometry": { "type": "Point", "coordinates": [ 23.021641, 40.578281 ] } },
{ "type": "Feature", "properties": { "code": "Ι-05/187", "onomastasi": "ΔΗΜΟΚΡΙΤΟΥ", "type": "ΣΤΑΣΗ", "dimoskal": "ΠΥΛΑΙΑ ΧΟΡΤΙΑΤΗΣ", "lines_ejyp": "60Α", "stop_type_cat": "Regular Stop", "type_rank": 4, "line_count": 1, "service_level": "Local stop" }, "geometry": { "type": "Point", "coordinates": [ 23.021457, 40.578496 ] } },
{ "type": "Feature", "properties": { "code": "Ι-05/166", "onomastasi": "ΜΙΑΟΥΛΗ", "type": "ΣΤΑΣΗ", "dimoskal": "ΠΥΛΑΙΑ ΧΟΡΤΙΑΤΗΣ", "lines_ejyp": "60Α,60Β", "stop_type_cat": "Regular Stop", "type_rank": 4, "line_count": 2, "service_level": "Multi-line stop" }, "geometry": { "type": "Point", "coordinates": [ 23.013415, 40.578642 ] } },
{ "type": "Feature", "properties": { "code": "Ι-05/150", "onomastasi": "ΜΙΑΟΥΛΗ", "type": "ΣΤΑΣΗ", "dimoskal": "ΠΥΛΑΙΑ ΧΟΡΤΙΑΤΗΣ", "lines_ejyp": "60Α,60Β", "stop_type_cat": "Regular Stop", "type_rank": 4, "line_count": 2, "service_level": "Multi-line stop" }, "geometry": { "type": "Point", "coordinates": [ 23.013446, 40.578757 ] } },
{ "type": "Feature", "properties": { "code": "Ι-05/002", "onomastasi": "ΠΟΛΥΦΩΤΑ", "type": "ΣΤΑΣΗ", "dimoskal": "ΠΥΛΑΙΑ ΧΟΡΤΙΑΤΗΣ", "lines_ejyp": "01N,1N,36,36A,36B,36Z,36X,60E,67,67B,67A,68B,69A,69A,69B,69H,69N,70,70A,71,71A,72,72A,72B,72E,76,79X,87A,87B,87E,87H,87Λ87Μ,87Ν,87Π,87Ρ,87Τ,87Φ,88,88Α,88Β,88Ε,88Η,88Κ,88Μ,88Ν", "stop_type_cat": "Regular Stop", "type_rank": 4, "line_count": 44, "service_level": "Major PT node" }, "geometry": { "type": "Point", "coordinates": [ 22.986424, 40.543325 ] } },
{ "type": "Feature", "properties": { "code": "Ι-05/012", "onomastasi": "ΠΟΛΥΦΩΤΑ", "type": "ΣΤΑΣΗ", "dimoskal": "ΠΥΛΑΙΑ ΧΟΡΤΙΑΤΗΣ", "lines_ejyp": "01Ν,1Ν,60Ε,67,67Α,67Β,68Α,68Β,69Α,69Β,69Η,69Ν,70,70Α,71,71Α,72,72Α,76,79Χ,87Α,87Ε,87Η,87Θ,87Λ,87Μ,87Ν,87Ρ,87Φ,87Χ,88,88Α,88Β,88Ε,88Η,88Κ,88Μ", "stop_type_cat": "Regular Stop", "type_rank": 4, "line_count": 37, "service_level": "Major PT node" }, "geometry": { "type": "Point", "coordinates": [ 22.98611, 40.544056 ] } },
{ "type": "Feature", "properties": { "code": "Ι-05/001ΤΣ", "onomastasi": "ΑΝΑΤΟΛΙΚΟΣ ΣΤΑΘΜΟΣ ΙΚΕΑ", "type": "ΣΤΑΣΗ", "dimoskal": "ΠΥΛΑΙΑ ΧΟΡΤΙΑΤΗΣ", "lines_ejyp": "", "stop_type_cat": "Regular Stop", "type_rank": 4, "line_count": 0, "service_level": "Unknown service" }, "geometry": { "type": "Point", "coordinates": [ 22.984341, 40.548113 ] } },
{ "type": "Feature", "properties": { "code": "Ι-05/001 Β", "onomastasi": "ΑΝΑΤΟΛΙΚΟΣ ΣΤΑΘΜΟΣ ΙΚΕΑ B", "type": "ΣΤΑΘΜΟΣ ΜΕΤΕΠΙΒΙΒΑΣΗΣ", "dimoskal": "ΠΥΛΑΙΑ ΧΟΡΤΙΑΤΗΣ", "lines_ejyp": "36Χ,45Υ,60Ε,67,67Β,68Α,68Β,69Α,69Β,69Η,69Ν,76,79Α,79Κ,79Χ,87Α,87Β,87Ε,87Η,87Λ,87Μ,87Ν,87Π,87Ρ,87Τ,87Φ,88,88Α,88Β,88Ε,88Η,88Κ,88Μ,88Ν", "stop_type_cat": "Transfer Station", "type_rank": 1, "line_count": 34, "service_level": "Major PT node" }, "geometry": { "type": "Point", "coordinates": [ 22.984474, 40.548269 ] } },
{ "type": "Feature", "properties": { "code": "Ι-05/001 Α", "onomastasi": "ΑΝΑΤΟΛΙΚΟΣ ΣΤΑΘΜΟΣ ΙΚΕΑ A", "type": "ΣΤΑΘΜΟΣ ΜΕΤΕΠΙΒΙΒΑΣΗΣ", "dimoskal": "ΠΥΛΑΙΑ ΧΟΡΤΙΑΤΗΣ", "lines_ejyp": "02Κ,03Κ,72,72Α,72Β,72Ε", "stop_type_cat": "Transfer Station", "type_rank": 1, "line_count": 6, "service_level": "High-service stop" }, "geometry": { "type": "Point", "coordinates": [ 22.984474, 40.548269 ] } },
{ "type": "Feature", "properties": { "code": "Ι-05/001 Γ", "onomastasi": "ΑΝΑΤΟΛΙΚΟΣ ΣΤΑΘΜΟΣ ΙΚΕΑ Γ", "type": "ΣΤΑΘΜΟΣ ΜΕΤΕΠΙΒΙΒΑΣΗΣ", "dimoskal": "ΠΥΛΑΙΑ ΧΟΡΤΙΑΤΗΣ", "lines_ejyp": "1Ν,36,36Α,36Β,36Ζ", "stop_type_cat": "Transfer Station", "type_rank": 1, "line_count": 5, "service_level": "High-service stop" }, "geometry": { "type": "Point", "coordinates": [ 22.984474, 40.548269 ] } },
{ "type": "Feature", "properties": { "code": "Ι-05/013", "onomastasi": "ΕΜΠΟΡΙΚΟ ΚΕΝΤΡΟ", "type": "ΣΤΑΣΗ", "dimoskal": "ΠΥΛΑΙΑ ΧΟΡΤΙΑΤΗΣ", "lines_ejyp": "01Ν,01Χ,1Ν", "stop_type_cat": "Regular Stop", "type_rank": 4, "line_count": 3, "service_level": "Multi-line stop" }, "geometry": { "type": "Point", "coordinates": [ 22.983369, 40.548865 ] } },
{ "type": "Feature", "properties": { "code": "Ι-05/018", "onomastasi": "ΕΜΠΟΡΙΚΟ ΚΕΝΤΡΟ", "type": "ΣΤΑΣΗ", "dimoskal": "ΠΥΛΑΙΑ ΧΟΡΤΙΑΤΗΣ", "lines_ejyp": "01Ν,01Χ,1Ν,70,70Α,71,71Α", "stop_type_cat": "Regular Stop", "type_rank": 4, "line_count": 7, "service_level": "Major PT node" }, "geometry": { "type": "Point", "coordinates": [ 22.98296, 40.548938 ] } },
{ "type": "Feature", "properties": { "code": "Ι-05/219", "onomastasi": "ΙΚΕΑ", "type": "ΣΤΑΣΗ", "dimoskal": "ΠΥΛΑΙΑ ΧΟΡΤΙΑΤΗΣ", "lines_ejyp": "01Ν,1Ν,02Κ,03Κ,70,70Α,71,71Α", "stop_type_cat": "Regular Stop", "type_rank": 4, "line_count": 8, "service_level": "Major PT node" }, "geometry": { "type": "Point", "coordinates": [ 22.982261, 40.55083 ] } },
{ "type": "Feature", "properties": { "code": "Ι-05/220", "onomastasi": "ΝΑΥΠΗΓΕΙΑ", "type": "ΤΕΣ ΠΛΗΡΟΦΟΡΗΣΗ", "dimoskal": "ΠΥΛΑΙΑ ΧΟΡΤΙΑΤΗΣ", "lines_ejyp": "01Ν,1Ν,02Κ,03Κ,70,70Α,71,71Α", "stop_type_cat": "Info Stop", "type_rank": 3, "line_count": 8, "service_level": "Major PT node" }, "geometry": { "type": "Point", "coordinates": [ 22.979578, 40.55556 ] } },
{ "type": "Feature", "properties": { "code": "Ι-05/223", "onomastasi": "ΝΑΥΠΗΓΕΙΑ", "type": "ΣΤΑΣΗ", "dimoskal": "ΠΥΛΑΙΑ ΧΟΡΤΙΑΤΗΣ", "lines_ejyp": "02Κ,03Κ,70,70Α,71,71Α", "stop_type_cat": "Regular Stop", "type_rank": 4, "line_count": 6, "service_level": "High-service stop" }, "geometry": { "type": "Point", "coordinates": [ 22.979268, 40.555727 ] } },
{ "type": "Feature", "properties": { "code": "Ι-05/221", "onomastasi": "ΒΙΑΜΥΛ", "type": "ΣΤΑΣΗ", "dimoskal": "ΠΥΛΑΙΑ ΧΟΡΤΙΑΤΗΣ", "lines_ejyp": "01Ν,1Ν,02Κ,03Κ,70,70Α,71,71Α", "stop_type_cat": "Regular Stop", "type_rank": 4, "line_count": 8, "service_level": "Major PT node" }, "geometry": { "type": "Point", "coordinates": [ 22.978003, 40.558104 ] } },
{ "type": "Feature", "properties": { "code": "Ι-05/222", "onomastasi": "ΒΙΑΜΥΛ", "type": "ΣΤΑΣΗ", "dimoskal": "ΠΥΛΑΙΑ ΧΟΡΤΙΑΤΗΣ", "lines_ejyp": "01Ν,1Ν,02Κ,03Κ,70,70Α,71,71Α", "stop_type_cat": "Regular Stop", "type_rank": 4, "line_count": 8, "service_level": "Major PT node" }, "geometry": { "type": "Point", "coordinates": [ 22.977691, 40.558205 ] } },
{ "type": "Feature", "properties": { "code": "Γ-12/009", "onomastasi": "ΚΑΛΑΜΑΡΙ", "type": "ΣΤΑΣΗ", "dimoskal": "ΠΥΛΑΙΑ ΧΟΡΤΙΑΤΗΣ", "lines_ejyp": "01Ν,1Ν,02Κ,03Κ,45Υ,70,70Α,71,71Α", "stop_type_cat": "Regular Stop", "type_rank": 4, "line_count": 9, "service_level": "Major PT node" }, "geometry": { "type": "Point", "coordinates": [ 22.975809, 40.563057 ] } },
{ "type": "Feature", "properties": { "code": "Γ-12/008", "onomastasi": "ΚΑΛΑΜΑΡΙ", "type": "ΣΤΑΣΗ", "dimoskal": "ΠΥΛΑΙΑ ΧΟΡΤΙΑΤΗΣ", "lines_ejyp": "01Ν,1Ν,02Κ,03Κ,45Υ,70,70Α,71,71Α", "stop_type_cat": "Regular Stop", "type_rank": 4, "line_count": 9, "service_level": "Major PT node" }, "geometry": { "type": "Point", "coordinates": [ 22.975995, 40.56313 ] } },
{ "type": "Feature", "properties": { "code": "Γ-12/006", "onomastasi": "ΚΛΕΙΣΤΟ ΓΗΠΕΔΟ ΜΠΑΣΚΕΤ ΠΥΛΑΙΑΣ", "type": "ΣΤΑΣΗ", "dimoskal": "ΠΥΛΑΙΑ ΧΟΡΤΙΑΤΗΣ", "lines_ejyp": "01Ν,1Ν,02Κ,03Κ,70,70Α,71,71Α", "stop_type_cat": "Regular Stop", "type_rank": 4, "line_count": 8, "service_level": "Major PT node" }, "geometry": { "type": "Point", "coordinates": [ 22.975245, 40.565941 ] } },
{ "type": "Feature", "properties": { "code": "Γ-12/007", "onomastasi": "ΚΛΕΙΣΤΟ ΓΗΠΕΔΟ ΜΠΑΣΚΕΤ ΠΥΛΑΙΑΣ", "type": "ΣΤΑΣΗ", "dimoskal": "ΠΥΛΑΙΑ ΧΟΡΤΙΑΤΗΣ", "lines_ejyp": "01Ν,1Ν,02Κ,03Κ,70,70Α,71,71Α", "stop_type_cat": "Regular Stop", "type_rank": 4, "line_count": 8, "service_level": "Major PT node" }, "geometry": { "type": "Point", "coordinates": [ 22.974694, 40.567016 ] } },
{ "type": "Feature", "properties": { "code": "Γ-12/018", "onomastasi": "ΜΑΡΜΑΡΑΔΙΚΟ", "type": "ΣΤΑΣΗ", "dimoskal": "ΠΥΛΑΙΑ ΧΟΡΤΙΑΤΗΣ", "lines_ejyp": "04Β", "stop_type_cat": "Regular Stop", "type_rank": 4, "line_count": 1, "service_level": "Local stop" }, "geometry": { "type": "Point", "coordinates": [ 22.975668, 40.567953 ] } },
{ "type": "Feature", "properties": { "code": "Γ-12/017", "onomastasi": "ΜΑΡΜΑΡΑΔΙΚΟ", "type": "ΣΤΑΣΗ", "dimoskal": "ΠΥΛΑΙΑ ΧΟΡΤΙΑΤΗΣ", "lines_ejyp": "04Α", "stop_type_cat": "Regular Stop", "type_rank": 4, "line_count": 1, "service_level": "Local stop" }, "geometry": { "type": "Point", "coordinates": [ 22.976531, 40.568262 ] } },
{ "type": "Feature", "properties": { "code": "Γ-12/025", "onomastasi": "ΠΡΑΤΗΡΙΟ ΚΑΥΣΙΜΩΝ", "type": "ΣΤΑΣΗ", "dimoskal": "ΠΥΛΑΙΑ ΧΟΡΤΙΑΤΗΣ", "lines_ejyp": "04Β", "stop_type_cat": "Regular Stop", "type_rank": 4, "line_count": 1, "service_level": "Local stop" }, "geometry": { "type": "Point", "coordinates": [ 22.980162, 40.568834 ] } },
{ "type": "Feature", "properties": { "code": "Δ-12/007", "onomastasi": "ΕΘΝΙΚΗ ΣΧΟΛΗ ΔΙΚΑΣΤΩΝ", "type": "ΣΤΑΣΗ", "dimoskal": "ΚΑΛΑΜΑΡΙΑ", "lines_ejyp": "05Α", "stop_type_cat": "Regular Stop", "type_rank": 4, "line_count": 1, "service_level": "Local stop" }, "geometry": { "type": "Point", "coordinates": [ 22.968498, 40.560696 ] } },
{ "type": "Feature", "properties": { "code": "Δ-12/006", "onomastasi": "ΕΘΝΙΚΗ ΣΧΟΛΗ ΔΙΚΑΣΤΩΝ", "type": "ΣΤΑΣΗ", "dimoskal": "ΚΑΛΑΜΑΡΙΑ", "lines_ejyp": "05Α", "stop_type_cat": "Regular Stop", "type_rank": 4, "line_count": 1, "service_level": "Local stop" }, "geometry": { "type": "Point", "coordinates": [ 22.968298, 40.560729 ] } },
{ "type": "Feature", "properties": { "code": "Γ-12/024", "onomastasi": "ΣΤΡΟΦΗ ΕΘΝΙΚΗΣ ΣΧΟΛΗΣ ΔΙΚΑΣΤΩΝ", "type": "ΣΤΑΣΗ", "dimoskal": "ΠΥΛΑΙΑ ΧΟΡΤΙΑΤΗΣ", "lines_ejyp": "04Α,04Β,05,05Α,06,07", "stop_type_cat": "Regular Stop", "type_rank": 4, "line_count": 6, "service_level": "High-service stop" }, "geometry": { "type": "Point", "coordinates": [ 22.97078, 40.56533 ] } },
{ "type": "Feature", "properties": { "code": "Δ-12/004", "onomastasi": "Τ.Σ. ΚΡΗΝΗΣ", "type": "ΣΤΑΘΜΑΡΧΕΙΟ", "dimoskal": "ΚΑΛΑΜΑΡΙΑ", "lines_ejyp": "04Α,04Β,05,05Α,05Β,06,07", "stop_type_cat": "Operational Facility", "type_rank": 5, "line_count": 7, "service_level": "Major PT node" }, "geometry": { "type": "Point", "coordinates": [ 22.968519, 40.565584 ] } },
{ "type": "Feature", "properties": { "code": "Γ-12/001", "onomastasi": "ΓΗΠΕΔΟ ΦΟΙΝΙΚΑ", "type": "ΣΤΑΣΗ", "dimoskal": "ΚΑΛΑΜΑΡΙΑ", "lines_ejyp": "04A,04B,05,05A,05B,06,07", "stop_type_cat": "Regular Stop", "type_rank": 4, "line_count": 7, "service_level": "Major PT node" }, "geometry": { "type": "Point", "coordinates": [ 22.971879, 40.568054 ] } },
{ "type": "Feature", "properties": { "code": "Γ-12/030", "onomastasi": "ΓΗΠΕΔΟ ΦΟΙΝΙΚΑ", "type": "ΣΤΑΣΗ", "dimoskal": "ΚΑΛΑΜΑΡΙΑ", "lines_ejyp": "04B,05,05A,06,07", "stop_type_cat": "Regular Stop", "type_rank": 4, "line_count": 5, "service_level": "High-service stop" }, "geometry": { "type": "Point", "coordinates": [ 22.971216, 40.569026 ] } },
{ "type": "Feature", "properties": { "code": "Γ-12/031", "onomastasi": "ΣΤΡΑΤΗΓΟΥ ΣΤΕΦΑΝΟΥ ΣΑΡΑΦΗ", "type": "ΣΤΑΣΗ", "dimoskal": "ΚΑΛΑΜΑΡΙΑ", "lines_ejyp": "06", "stop_type_cat": "Regular Stop", "type_rank": 4, "line_count": 1, "service_level": "Local stop" }, "geometry": { "type": "Point", "coordinates": [ 22.967945, 40.569699 ] } },
{ "type": "Feature", "properties": { "code": "Γ-12/032", "onomastasi": "ΣΤΡΑΤΗΓΟΥ ΣΤΕΦΑΝΟΥ ΣΑΡΑΦΗ", "type": "ΣΤΑΣΗ", "dimoskal": "ΚΑΛΑΜΑΡΙΑ", "lines_ejyp": "06", "stop_type_cat": "Regular Stop", "type_rank": 4, "line_count": 1, "service_level": "Local stop" }, "geometry": { "type": "Point", "coordinates": [ 22.967596, 40.56979 ] } },
{ "type": "Feature", "properties": { "code": "Γ-12/028", "onomastasi": "ΣΤΡΑΤΗΓΟΥ ΣΤΕΦΑΝΟΥ ΣΑΡΑΦΗ", "type": "ΣΤΑΣΗ", "dimoskal": "ΚΑΛΑΜΑΡΙΑ", "lines_ejyp": "04A,07", "stop_type_cat": "Regular Stop", "type_rank": 4, "line_count": 2, "service_level": "Multi-line stop" }, "geometry": { "type": "Point", "coordinates": [ 22.970466, 40.570712 ] } },
{ "type": "Feature", "properties": { "code": "Γ-12/029", "onomastasi": "ΣΤΡΑΤΗΓΟΥ ΣΤΕΦΑΝΟΥ ΣΑΡΑΦΗ", "type": "ΣΤΑΣΗ", "dimoskal": "ΚΑΛΑΜΑΡΙΑ", "lines_ejyp": "04B,05,05A,07", "stop_type_cat": "Regular Stop", "type_rank": 4, "line_count": 4, "service_level": "High-service stop" }, "geometry": { "type": "Point", "coordinates": [ 22.970259, 40.570796 ] } },
{ "type": "Feature", "properties": { "code": "Ι-05/259", "onomastasi": "Ο.Σ.Ε.Θ", "type": "ΣΤΑΣΗ", "dimoskal": "ΘΕΡΜΗ", "lines_ejyp": "36,36Β,36Ε,36Ζ,36Η,36Κ,36Ρ,36Υ36Χ", "stop_type_cat": "Regular Stop", "type_rank": 4, "line_count": 8, "service_level": "Major PT node" }, "geometry": { "type": "Point", "coordinates": [ 22.995095, 40.566117 ] } },
{ "type": "Feature", "properties": { "code": "Ι-05/077", "onomastasi": "ΕΓΝΑΤΙΑ ΟΔΟΣ", "type": "ΣΤΑΣΗ", "dimoskal": "ΘΕΡΜΗ", "lines_ejyp": "36,36Β,36Ε,36Ζ,36Η,36Κ,36Ρ,36Υ,36Χ", "stop_type_cat": "Regular Stop", "type_rank": 4, "line_count": 9, "service_level": "Major PT node" }, "geometry": { "type": "Point", "coordinates": [ 22.996426, 40.566821 ] } },
{ "type": "Feature", "properties": { "code": "Ι-05/019", "onomastasi": "ΖΩΝΗ ΚΑΙΝΟΤΟΜΙΑΣ", "type": "ΣΤΑΣΗ", "dimoskal": "ΘΕΡΜΗ", "lines_ejyp": "36Χ,66", "stop_type_cat": "Regular Stop", "type_rank": 4, "line_count": 2, "service_level": "Multi-line stop" }, "geometry": { "type": "Point", "coordinates": [ 22.996789, 40.567051 ] } },
{ "type": "Feature", "properties": { "code": "Ι-05/041", "onomastasi": "ΖΩΝΗ ΚΑΙΝΟΤΟΜΙΑΣ", "type": "ΣΤΑΣΗ", "dimoskal": "ΘΕΡΜΗ", "lines_ejyp": "66", "stop_type_cat": "Regular Stop", "type_rank": 4, "line_count": 1, "service_level": "Local stop" }, "geometry": { "type": "Point", "coordinates": [ 22.996923, 40.567231 ] } },
{ "type": "Feature", "properties": { "code": "Γ-12/035", "onomastasi": "ΑΜΕΡΙΚΑΝΙΚΗ ΓΕΩΡΓΙΚΗ ΣΧΟΛΗ", "type": "ΣΤΑΣΗ", "dimoskal": "ΠΥΛΑΙΑ ΧΟΡΤΙΑΤΗΣ", "lines_ejyp": "04Α,04Β,79Κ", "stop_type_cat": "Regular Stop", "type_rank": 4, "line_count": 3, "service_level": "Multi-line stop" }, "geometry": { "type": "Point", "coordinates": [ 22.988094, 40.571762 ] } },
{ "type": "Feature", "properties": { "code": "Γ-12/023 b", "onomastasi": "PRAKTIKER", "type": "ΣΤΑΣΗ", "dimoskal": "ΠΥΛΑΙΑ ΧΟΡΤΙΑΤΗΣ", "lines_ejyp": "04A,36,36B,36E,36H,36K,36Ρ,36Τ,36Υ", "stop_type_cat": "Regular Stop", "type_rank": 4, "line_count": 9, "service_level": "Major PT node" }, "geometry": { "type": "Point", "coordinates": [ 22.987232, 40.572329 ] } },
{ "type": "Feature", "properties": { "code": "Γ-12/023", "onomastasi": "PRAKTIKER", "type": "ΣΤΑΣΗ", "dimoskal": "ΠΥΛΑΙΑ ΧΟΡΤΙΑΤΗΣ", "lines_ejyp": "04Α,36,36Β,36Ε,36Ζ,36Η,36Κ,36Ρ", "stop_type_cat": "Regular Stop", "type_rank": 4, "line_count": 8, "service_level": "Major PT node" }, "geometry": { "type": "Point", "coordinates": [ 22.987366, 40.572447 ] } },
{ "type": "Feature", "properties": { "code": "Β-12/005", "onomastasi": "ΑΜΕΡΙΚΑΝΙΚΗ ΓΕΩΡΓΙΚΗ ΣΧΟΛΗ", "type": "ΣΤΑΣΗ", "dimoskal": "ΠΥΛΑΙΑ ΧΟΡΤΙΑΤΗΣ", "lines_ejyp": "36Χ,66", "stop_type_cat": "Regular Stop", "type_rank": 4, "line_count": 2, "service_level": "Multi-line stop" }, "geometry": { "type": "Point", "coordinates": [ 22.991153, 40.572882 ] } },
{ "type": "Feature", "properties": { "code": "Β-12/006", "onomastasi": "ΑΜΕΡΙΚΑΝΙΚΗ ΓΕΩΡΓΙΚΗ ΣΧΟΛΗ", "type": "ΣΤΑΣΗ", "dimoskal": "ΠΥΛΑΙΑ ΧΟΡΤΙΑΤΗΣ", "lines_ejyp": "36Ε,36Ζ,36Υ,36Χ,66", "stop_type_cat": "Regular Stop", "type_rank": 4, "line_count": 5, "service_level": "High-service stop" }, "geometry": { "type": "Point", "coordinates": [ 22.991407, 40.573061 ] } },
{ "type": "Feature", "properties": { "code": "Β-12/007", "onomastasi": "ΤΕΧΝΟΠΟΛΙΣ", "type": "ΣΤΑΣΗ", "dimoskal": "ΠΥΛΑΙΑ ΧΟΡΤΙΑΤΗΣ", "lines_ejyp": "36Ε,36Ζ,36Η,36Υ", "stop_type_cat": "Regular Stop", "type_rank": 4, "line_count": 4, "service_level": "High-service stop" }, "geometry": { "type": "Point", "coordinates": [ 22.992584, 40.574289 ] } },
{ "type": "Feature", "properties": { "code": "Γ-12/019", "onomastasi": "ΠΡΑΤΗΡΙΟ ΚΑΥΣΙΜΩΝ", "type": "ΣΤΑΣΗ", "dimoskal": "ΠΥΛΑΙΑ ΧΟΡΤΙΑΤΗΣ", "lines_ejyp": "04Α", "stop_type_cat": "Regular Stop", "type_rank": 4, "line_count": 1, "service_level": "Local stop" }, "geometry": { "type": "Point", "coordinates": [ 22.979848, 40.568897 ] } },
{ "type": "Feature", "properties": { "code": "Γ-12/004", "onomastasi": "ΠΡΟΝΟΙΑ", "type": "ΣΤΑΣΗ", "dimoskal": "ΠΥΛΑΙΑ ΧΟΡΤΙΑΤΗΣ", "lines_ejyp": "01Ν,1Ν,02Κ,03Κ,70,70Α,71,71Α", "stop_type_cat": "Regular Stop", "type_rank": 4, "line_count": 8, "service_level": "Major PT node" }, "geometry": { "type": "Point", "coordinates": [ 22.973778, 40.568931 ] } },
{ "type": "Feature", "properties": { "code": "Γ-12/016", "onomastasi": "ΜΑΡΙΝΟΥ ΑΝΤΥΠΑ", "type": "ΣΤΑΣΗ", "dimoskal": "ΠΥΛΑΙΑ ΧΟΡΤΙΑΤΗΣ", "lines_ejyp": "04Β", "stop_type_cat": "Regular Stop", "type_rank": 4, "line_count": 1, "service_level": "Local stop" }, "geometry": { "type": "Point", "coordinates": [ 22.9825, 40.569306 ] } },
{ "type": "Feature", "properties": { "code": "Γ-12/034", "onomastasi": "ΜΟΥΣΧΟΥΝΤΗ", "type": "ΣΤΑΣΗ", "dimoskal": "ΚΑΛΑΜΑΡΙΑ", "lines_ejyp": "04A", "stop_type_cat": "Regular Stop", "type_rank": 4, "line_count": 1, "service_level": "Local stop" }, "geometry": { "type": "Point", "coordinates": [ 22.97255, 40.569246 ] } },
{ "type": "Feature", "properties": { "code": "Γ-12/027", "onomastasi": "ΜΑΡΙΝΟΥ ΑΝΤΥΠΑ", "type": "ΣΤΑΣΗ", "dimoskal": "ΠΥΛΑΙΑ ΧΟΡΤΙΑΤΗΣ", "lines_ejyp": "04Α", "stop_type_cat": "Regular Stop", "type_rank": 4, "line_count": 1, "service_level": "Local stop" }, "geometry": { "type": "Point", "coordinates": [ 22.982323, 40.569391 ] } },
{ "type": "Feature", "properties": { "code": "Γ-12/033", "onomastasi": "ΜΟΥΣΧΟΥΝΤΗ", "type": "ΣΤΑΣΗ", "dimoskal": "ΚΑΛΑΜΑΡΙΑ", "lines_ejyp": "04B", "stop_type_cat": "Regular Stop", "type_rank": 4, "line_count": 1, "service_level": "Local stop" }, "geometry": { "type": "Point", "coordinates": [ 22.973231, 40.569473 ] } },
{ "type": "Feature", "properties": { "code": "Γ-12/003", "onomastasi": "ΠΡΟΝΟΙΑ", "type": "ΤΕΣ ΠΛΗΡΟΦΟΡΗΣΗ", "dimoskal": "ΚΑΛΑΜΑΡΙΑ", "lines_ejyp": "01N,1N,02K,03K,70,70A,71,71A", "stop_type_cat": "Info Stop", "type_rank": 3, "line_count": 8, "service_level": "Major PT node" }, "geometry": { "type": "Point", "coordinates": [ 22.97328, 40.570149 ] } },
{ "type": "Feature", "properties": { "code": "Γ-12/036", "onomastasi": "ΜΥΣΤΡΑ", "type": "ΣΤΑΣΗ", "dimoskal": "ΚΑΛΑΜΑΡΙΑ", "lines_ejyp": "", "stop_type_cat": "Regular Stop", "type_rank": 4, "line_count": 0, "service_level": "Unknown service" }, "geometry": { "type": "Point", "coordinates": [ 22.97334, 40.571562 ] } },
{ "type": "Feature", "properties": { "code": "Γ-12/002", "onomastasi": "ΑΓΟΡΑ", "type": "ΣΤΑΣΗ", "dimoskal": "ΚΑΛΑΜΑΡΙΑ", "lines_ejyp": "01N,01X,1N,02K,03K,45Y,70,70A,71,71A", "stop_type_cat": "Regular Stop", "type_rank": 4, "line_count": 10, "service_level": "Major PT node" }, "geometry": { "type": "Point", "coordinates": [ 22.972246, 40.571602 ] } },
{ "type": "Feature", "properties": { "code": "Ι-05/074 Α", "onomastasi": "ΚΤΕΛ  ΧΑΛΚΙΔΙΚΗΣ A", "type": "ΤΕΣ ΠΛΗΡΟΦΟΡΗΣΗ", "dimoskal": "ΠΥΛΑΙΑ ΧΟΡΤΙΑΤΗΣ", "lines_ejyp": "36,36Ε,36Ζ,36Η,36Κ,36Ρ,45", "stop_type_cat": "Info Stop", "type_rank": 3, "line_count": 7, "service_level": "Major PT node" }, "geometry": { "type": "Point", "coordinates": [ 22.983922, 40.574994 ] } },
{ "type": "Feature", "properties": { "code": "Γ-11/029", "onomastasi": "ΠΑΠΑΖΟΓΛΟΥ", "type": "ΣΤΑΣΗ", "dimoskal": "ΚΑΛΑΜΑΡΙΑ", "lines_ejyp": "06", "stop_type_cat": "Regular Stop", "type_rank": 4, "line_count": 1, "service_level": "Local stop" }, "geometry": { "type": "Point", "coordinates": [ 22.966786, 40.570979 ] } },
{ "type": "Feature", "properties": { "code": "Γ-11/033", "onomastasi": "ΠΑΠΑΖΟΓΛΟΥ", "type": "ΣΤΑΣΗ", "dimoskal": "ΚΑΛΑΜΑΡΙΑ", "lines_ejyp": "06", "stop_type_cat": "Regular Stop", "type_rank": 4, "line_count": 1, "service_level": "Local stop" }, "geometry": { "type": "Point", "coordinates": [ 22.966194, 40.5714 ] } },
{ "type": "Feature", "properties": { "code": "Γ-11/005", "onomastasi": "ΑΓΟΡΑ", "type": "ΣΤΑΣΗ", "dimoskal": "ΚΑΛΑΜΑΡΙΑ", "lines_ejyp": "01N,01X,1N,02K,03K,45Y,70,70A,71,71A", "stop_type_cat": "Regular Stop", "type_rank": 4, "line_count": 10, "service_level": "Major PT node" }, "geometry": { "type": "Point", "coordinates": [ 22.972083, 40.572381 ] } },
{ "type": "Feature", "properties": { "code": "Γ-11/032", "onomastasi": "ΑΝΔΡΕΑ ΠΑΠΑΝΔΡΕΟΥ", "type": "ΣΤΑΣΗ", "dimoskal": "ΚΑΛΑΜΑΡΙΑ", "lines_ejyp": "06", "stop_type_cat": "Regular Stop", "type_rank": 4, "line_count": 1, "service_level": "Local stop" }, "geometry": { "type": "Point", "coordinates": [ 22.965812, 40.572645 ] } },
{ "type": "Feature", "properties": { "code": "Γ-11/026", "onomastasi": "ΗΛΕΚΤΡΑΣ", "type": "ΣΤΑΣΗ", "dimoskal": "ΚΑΛΑΜΑΡΙΑ", "lines_ejyp": "04A,07", "stop_type_cat": "Regular Stop", "type_rank": 4, "line_count": 2, "service_level": "Multi-line stop" }, "geometry": { "type": "Point", "coordinates": [ 22.969359, 40.572744 ] } },
{ "type": "Feature", "properties": { "code": "Γ-11/028", "onomastasi": "ΗΛΕΚΤΡΑΣ", "type": "ΣΤΑΣΗ", "dimoskal": "ΚΑΛΑΜΑΡΙΑ", "lines_ejyp": "04B,05,05A,07", "stop_type_cat": "Regular Stop", "type_rank": 4, "line_count": 4, "service_level": "High-service stop" }, "geometry": { "type": "Point", "coordinates": [ 22.969146, 40.572797 ] } },
{ "type": "Feature", "properties": { "code": "Γ-11/030", "onomastasi": "ΑΝΔΡΕΑ ΠΑΠΑΝΔΡΕΟΥ", "type": "ΣΤΑΣΗ", "dimoskal": "ΚΑΛΑΜΑΡΙΑ", "lines_ejyp": "06", "stop_type_cat": "Regular Stop", "type_rank": 4, "line_count": 1, "service_level": "Local stop" }, "geometry": { "type": "Point", "coordinates": [ 22.965893, 40.573024 ] } },
{ "type": "Feature", "properties": { "code": "Γ-11/025", "onomastasi": "ΕΠΑΛ", "type": "ΣΤΑΣΗ", "dimoskal": "ΚΑΛΑΜΑΡΙΑ", "lines_ejyp": "04A,07", "stop_type_cat": "Regular Stop", "type_rank": 4, "line_count": 2, "service_level": "Multi-line stop" }, "geometry": { "type": "Point", "coordinates": [ 22.967974, 40.574721 ] } },
{ "type": "Feature", "properties": { "code": "Γ-11/027", "onomastasi": "ΕΠΑΛ", "type": "ΣΤΑΣΗ", "dimoskal": "ΚΑΛΑΜΑΡΙΑ", "lines_ejyp": "04B,05,05A,07", "stop_type_cat": "Regular Stop", "type_rank": 4, "line_count": 4, "service_level": "High-service stop" }, "geometry": { "type": "Point", "coordinates": [ 22.967767, 40.574758 ] } },
{ "type": "Feature", "properties": { "code": "Γ-11/024", "onomastasi": "ΜΑΚΕΔΟΝΙΑΣ", "type": "ΣΤΑΣΗ", "dimoskal": "ΚΑΛΑΜΑΡΙΑ", "lines_ejyp": "04B,05,05A,06,07", "stop_type_cat": "Regular Stop", "type_rank": 4, "line_count": 5, "service_level": "High-service stop" }, "geometry": { "type": "Point", "coordinates": [ 22.965442, 40.574963 ] } },
{ "type": "Feature", "properties": { "code": "Γ-11/004", "onomastasi": "ΑΜΑΞΟΣΤΑΣΙΟ", "type": "ΤΕΣ ΠΛΗΡΟΦΟΡΗΣΗ", "dimoskal": "ΚΑΛΑΜΑΡΙΑ", "lines_ejyp": "01N,1N,02K,03K,70,70A,71,71A", "stop_type_cat": "Info Stop", "type_rank": 3, "line_count": 8, "service_level": "Major PT node" }, "geometry": { "type": "Point", "coordinates": [ 22.970675, 40.575192 ] } },
{ "type": "Feature", "properties": { "code": "Γ-11/003", "onomastasi": "ΑΜΑΞΟΣΤΑΣΙΟ", "type": "ΣΤΑΣΗ", "dimoskal": "ΚΑΛΑΜΑΡΙΑ", "lines_ejyp": "01Ν,1Ν,02Κ,03Κ,70,70Α,71,71Α", "stop_type_cat": "Regular Stop", "type_rank": 4, "line_count": 8, "service_level": "Major PT node" }, "geometry": { "type": "Point", "coordinates": [ 22.970368, 40.575261 ] } },
{ "type": "Feature", "properties": { "code": "Γ-11/031", "onomastasi": "ΒΡΥΟΥΛΩΝ", "type": "ΣΤΑΣΗ", "dimoskal": "ΚΑΛΑΜΑΡΙΑ", "lines_ejyp": "06", "stop_type_cat": "Regular Stop", "type_rank": 4, "line_count": 1, "service_level": "Local stop" }, "geometry": { "type": "Point", "coordinates": [ 22.964742, 40.575597 ] } },
{ "type": "Feature", "properties": { "code": "Γ-11/022", "onomastasi": "ΥΔΡΑΓΩΓΕΙΟ", "type": "ΣΤΑΣΗ", "dimoskal": "ΚΑΛΑΜΑΡΙΑ", "lines_ejyp": "04Α,06,07", "stop_type_cat": "Regular Stop", "type_rank": 4, "line_count": 3, "service_level": "Multi-line stop" }, "geometry": { "type": "Point", "coordinates": [ 22.966341, 40.576278 ] } },
{ "type": "Feature", "properties": { "code": "Γ-11/015", "onomastasi": "ΝΟΣΟΚΟΜΕΙΟ ΑΓΙΟΣ ΠΑΥΛΟΣ", "type": "ΤΕΣ ΠΛΗΡΟΦΟΡΗΣΗ", "dimoskal": "ΚΑΛΑΜΑΡΙΑ", "lines_ejyp": "01N,1N,02K,03K,70,70A,71,71A", "stop_type_cat": "Info Stop", "type_rank": 3, "line_count": 8, "service_level": "Major PT node" }, "geometry": { "type": "Point", "coordinates": [ 22.969559, 40.57676 ] } },
{ "type": "Feature", "properties": { "code": "Γ-11/002", "onomastasi": "ΝΟΣΟΚΟΜΕΙΟ ΑΓΙΟΣ ΠΑΥΛΟΣ", "type": "ΤΕΣ ΠΛΗΡΟΦΟΡΗΣΗ", "dimoskal": "ΚΑΛΑΜΑΡΙΑ", "lines_ejyp": "01N,1N,02K,03K,70,70A,71,71A", "stop_type_cat": "Info Stop", "type_rank": 3, "line_count": 8, "service_level": "Major PT node" }, "geometry": { "type": "Point", "coordinates": [ 22.96925, 40.577969 ] } },
{ "type": "Feature", "properties": { "code": "Γ-11/023", "onomastasi": "ΣΤΡΑΤΟΠΕΔΟ 2", "type": "ΣΤΑΣΗ", "dimoskal": "ΚΑΛΑΜΑΡΙΑ", "lines_ejyp": "01N,1N,02K,03K,70,70A,71,71A", "stop_type_cat": "Regular Stop", "type_rank": 4, "line_count": 8, "service_level": "Major PT node" }, "geometry": { "type": "Point", "coordinates": [ 22.968011, 40.579067 ] } },
{ "type": "Feature", "properties": { "code": "Γ-11/006", "onomastasi": "ΣΤΡΑΤΟΠΕΔΟ", "type": "ΣΤΑΣΗ", "dimoskal": "ΚΑΛΑΜΑΡΙΑ", "lines_ejyp": "01N,1N,02K,03K,70,70A,71,71A", "stop_type_cat": "Regular Stop", "type_rank": 4, "line_count": 8, "service_level": "Major PT node" }, "geometry": { "type": "Point", "coordinates": [ 22.966273, 40.581565 ] } },
{ "type": "Feature", "properties": { "code": "Γ-11/021", "onomastasi": "ΔΙΕΥΘΥΝΣΗ ΚΑΘΑΡΙΟΤΗΤΑΣ", "type": "ΣΤΑΣΗ", "dimoskal": "ΠΥΛΑΙΑ ΧΟΡΤΙΑΤΗΣ", "lines_ejyp": "33Α,33Β,39Α,39Β", "stop_type_cat": "Regular Stop", "type_rank": 4, "line_count": 4, "service_level": "High-service stop" }, "geometry": { "type": "Point", "coordinates": [ 22.971284, 40.581699 ] } },
{ "type": "Feature", "properties": { "code": "Γ-11/001", "onomastasi": "ΣΤΡΑΤΟΠΕΔΟ 1", "type": "ΣΤΑΣΗ", "dimoskal": "ΚΑΛΑΜΑΡΙΑ", "lines_ejyp": "01Ν,1Ν,02Κ,03Κ,70,70Α,71,71Α", "stop_type_cat": "Regular Stop", "type_rank": 4, "line_count": 8, "service_level": "Major PT node" }, "geometry": { "type": "Point", "coordinates": [ 22.964616, 40.582049 ] } },
{ "type": "Feature", "properties": { "code": "Ι-05/074 Β", "onomastasi": "ΚΤΕΛ  ΧΑΛΚΙΔΙΚΗΣ B", "type": "ΤΕΣ ΠΛΗΡΟΦΟΡΗΣΗ", "dimoskal": "ΠΥΛΑΙΑ ΧΟΡΤΙΑΤΗΣ", "lines_ejyp": "04Α,04Β,36,36Β,36Ε,36Ζ,36Η,36Κ,36Ρ,36Τ,45Β", "stop_type_cat": "Info Stop", "type_rank": 3, "line_count": 11, "service_level": "Major PT node" }, "geometry": { "type": "Point", "coordinates": [ 22.983888, 40.575048 ] } },
{ "type": "Feature", "properties": { "code": "Ι-05/074ΒΤ", "onomastasi": "Κ.Τ.Ε.Λ. ΧΑΛΚΙΔΙΚΗΣ Β ΤΣ", "type": "ΤΕΡΜΑΤΙΚΟΣ ΣΤΑΘΜΟΣ ΤΕΣ", "dimoskal": "ΠΥΛΑΙΑ ΧΟΡΤΙΑΤΗΣ", "lines_ejyp": "45Α,79Β", "stop_type_cat": "Terminal Stop", "type_rank": 2, "line_count": 2, "service_level": "Multi-line stop" }, "geometry": { "type": "Point", "coordinates": [ 22.984088, 40.575137 ] } },
{ "type": "Feature", "properties": { "code": "Γ-11/004ΤΣ", "onomastasi": "ΑΜΑΞΟΣΤΑΣΙΟ ΦΟΙΝΙΚΑ", "type": "ΑΜΑΞΟΣΤΑΣΙΟ", "dimoskal": "ΚΑΛΑΜΑΡΙΑ", "lines_ejyp": "01Ν,1Ν,02Κ,03Κ,70,70Α,71,71Α", "stop_type_cat": "Operational Facility", "type_rank": 5, "line_count": 8, "service_level": "Major PT node" }, "geometry": { "type": "Point", "coordinates": [ 22.972246, 40.57582 ] } },
{ "type": "Feature", "properties": { "code": "Γ-11/010", "onomastasi": "ΕΜΠΟΡΙΚΟ ΚΕΝΤΡΟ ΜΑΚΕΔΟΝΙΑ", "type": "ΣΤΑΣΗ", "dimoskal": "ΠΥΛΑΙΑ ΧΟΡΤΙΑΤΗΣ", "lines_ejyp": "01Ν,01Χ,1Ν", "stop_type_cat": "Regular Stop", "type_rank": 4, "line_count": 3, "service_level": "Multi-line stop" }, "geometry": { "type": "Point", "coordinates": [ 22.973326, 40.577607 ] } },
{ "type": "Feature", "properties": { "code": "Β-12/001", "onomastasi": "ΚΟΙΜΗΤΗΡΙΑ", "type": "ΣΤΑΣΗ", "dimoskal": "ΠΥΛΑΙΑ ΧΟΡΤΙΑΤΗΣ", "lines_ejyp": "04Β,36Χ,66", "stop_type_cat": "Regular Stop", "type_rank": 4, "line_count": 3, "service_level": "Multi-line stop" }, "geometry": { "type": "Point", "coordinates": [ 22.984646, 40.58073 ] } },
{ "type": "Feature", "properties": { "code": "Β-12/004", "onomastasi": "ΚΟΙΜΗΤΗΡΙΑ", "type": "ΣΤΑΣΗ", "dimoskal": "ΠΥΛΑΙΑ ΧΟΡΤΙΑΤΗΣ", "lines_ejyp": "04Α,36Χ,66", "stop_type_cat": "Regular Stop", "type_rank": 4, "line_count": 3, "service_level": "Multi-line stop" }, "geometry": { "type": "Point", "coordinates": [ 22.98355, 40.581135 ] } },
{ "type": "Feature", "properties": { "code": "Β-11/002", "onomastasi": "ΣΤΕΛΙΟΣ ΚΑΖΑΝΤΖΙΔΗΣ", "type": "ΣΤΑΣΗ", "dimoskal": "ΠΥΛΑΙΑ ΧΟΡΤΙΑΤΗΣ", "lines_ejyp": "04Β,36Χ,66", "stop_type_cat": "Regular Stop", "type_rank": 4, "line_count": 3, "service_level": "Multi-line stop" }, "geometry": { "type": "Point", "coordinates": [ 22.982649, 40.583718 ] } },
{ "type": "Feature", "properties": { "code": "Β-11/001", "onomastasi": "ΣΤΕΛΙΟΣ ΚΑΖΑΝΤΖΙΔΗΣ", "type": "ΣΤΑΣΗ", "dimoskal": "ΠΥΛΑΙΑ ΧΟΡΤΙΑΤΗΣ", "lines_ejyp": "04Α,36Χ,66", "stop_type_cat": "Regular Stop", "type_rank": 4, "line_count": 3, "service_level": "Multi-line stop" }, "geometry": { "type": "Point", "coordinates": [ 22.982289, 40.58398 ] } },
{ "type": "Feature", "properties": { "code": "Γ-11/018", "onomastasi": "ΒΕΝΖΙΝΑΔΙΚΟ", "type": "ΣΤΑΣΗ", "dimoskal": "ΠΥΛΑΙΑ ΧΟΡΤΙΑΤΗΣ", "lines_ejyp": "04Β,36Χ,66", "stop_type_cat": "Regular Stop", "type_rank": 4, "line_count": 3, "service_level": "Multi-line stop" }, "geometry": { "type": "Point", "coordinates": [ 22.976875, 40.585204 ] } },
{ "type": "Feature", "properties": { "code": "Γ-11/019", "onomastasi": "ΒΕΝΖΙΝΑΔΙΚΟ", "type": "ΣΤΑΣΗ", "dimoskal": "ΠΥΛΑΙΑ ΧΟΡΤΙΑΤΗΣ", "lines_ejyp": "04Β,36Χ,66", "stop_type_cat": "Regular Stop", "type_rank": 4, "line_count": 3, "service_level": "Multi-line stop" }, "geometry": { "type": "Point", "coordinates": [ 22.976913, 40.585332 ] } },
{ "type": "Feature", "properties": { "code": "Γ-11/008", "onomastasi": "ΣΧΟΛΕΙΟ", "type": "ΣΤΑΣΗ", "dimoskal": "ΚΑΛΑΜΑΡΙΑ", "lines_ejyp": "33,39,39Α", "stop_type_cat": "Regular Stop", "type_rank": 4, "line_count": 3, "service_level": "Multi-line stop" }, "geometry": { "type": "Point", "coordinates": [ 22.966998, 40.582458 ] } },
{ "type": "Feature", "properties": { "code": "Γ-11/007", "onomastasi": "ΣΧΟΛΕΙΟ", "type": "ΣΤΑΣΗ", "dimoskal": "ΚΑΛΑΜΑΡΙΑ", "lines_ejyp": "33,33Α,33Β,39,39Α,39Β", "stop_type_cat": "Regular Stop", "type_rank": 4, "line_count": 6, "service_level": "High-service stop" }, "geometry": { "type": "Point", "coordinates": [ 22.966869, 40.582584 ] } },
{ "type": "Feature", "properties": { "code": "Γ-11/009ΤΣ", "onomastasi": "Τ.Σ. ΚΗΦΙΣΙΑΣ", "type": "ΣΤΑΘΜΑΡΧΕΙΟ", "dimoskal": "ΠΥΛΑΙΑ ΧΟΡΤΙΑΤΗΣ", "lines_ejyp": "33,33Α,33Β,39,39Α,39Β", "stop_type_cat": "Operational Facility", "type_rank": 5, "line_count": 6, "service_level": "High-service stop" }, "geometry": { "type": "Point", "coordinates": [ 22.971481, 40.583651 ] } },
{ "type": "Feature", "properties": { "code": "Γ-10/022", "onomastasi": "ΑΓΙΟΣ ΠΑΝΤΕΛΕΗΜΩΝ", "type": "ΤΕΣ ΠΛΗΡΟΦΟΡΗΣΗ", "dimoskal": "ΚΑΛΑΜΑΡΙΑ", "lines_ejyp": "01Ν,1Ν,02Κ,03Κ,70,70Α,71,71Α", "stop_type_cat": "Info Stop", "type_rank": 3, "line_count": 8, "service_level": "Major PT node" }, "geometry": { "type": "Point", "coordinates": [ 22.964619, 40.583646 ] } },
{ "type": "Feature", "properties": { "code": "Γ-11/009", "onomastasi": "ΜΑΚΡΟ", "type": "ΣΤΑΣΗ", "dimoskal": "ΠΥΛΑΙΑ ΧΟΡΤΙΑΤΗΣ", "lines_ejyp": "33Α,33Β,39Α,39Β", "stop_type_cat": "Regular Stop", "type_rank": 4, "line_count": 4, "service_level": "High-service stop" }, "geometry": { "type": "Point", "coordinates": [ 22.971256, 40.583706 ] } },
{ "type": "Feature", "properties": { "code": "Γ-10/044", "onomastasi": "ΓΥΜΝΑΣΙΟ", "type": "ΣΤΑΣΗ", "dimoskal": "ΚΑΛΑΜΑΡΙΑ", "lines_ejyp": "33,33A,33B,39,39B", "stop_type_cat": "Regular Stop", "type_rank": 4, "line_count": 5, "service_level": "High-service stop" }, "geometry": { "type": "Point", "coordinates": [ 22.965185, 40.584512 ] } },
{ "type": "Feature", "properties": { "code": "Γ-10/034", "onomastasi": "ΖΗΡΓΑΝΟΥ", "type": "ΣΤΑΣΗ", "dimoskal": "ΚΑΛΑΜΑΡΙΑ", "lines_ejyp": "39,39A,39B", "stop_type_cat": "Regular Stop", "type_rank": 4, "line_count": 3, "service_level": "Multi-line stop" }, "geometry": { "type": "Point", "coordinates": [ 22.96634, 40.585134 ] } },
{ "type": "Feature", "properties": { "code": "Γ-10/035", "onomastasi": "ΖΗΡΓΑΝΟΥ", "type": "ΣΤΑΣΗ", "dimoskal": "ΚΑΛΑΜΑΡΙΑ", "lines_ejyp": "39,39A,39B", "stop_type_cat": "Regular Stop", "type_rank": 4, "line_count": 3, "service_level": "Multi-line stop" }, "geometry": { "type": "Point", "coordinates": [ 22.966246, 40.585156 ] } },
{ "type": "Feature", "properties": { "code": "Γ-10/032", "onomastasi": "ΙΚΟΝΙΟΥ", "type": "ΣΤΑΣΗ", "dimoskal": "ΚΑΛΑΜΑΡΙΑ", "lines_ejyp": "39,39A", "stop_type_cat": "Regular Stop", "type_rank": 4, "line_count": 2, "service_level": "Multi-line stop" }, "geometry": { "type": "Point", "coordinates": [ 22.965277, 40.586651 ] } },
{ "type": "Feature", "properties": { "code": "Γ-10/033", "onomastasi": "ΠΕΡΙΚΛΕΟΥΣ", "type": "ΣΤΑΣΗ", "dimoskal": "ΚΑΛΑΜΑΡΙΑ", "lines_ejyp": "39,39A,39B", "stop_type_cat": "Regular Stop", "type_rank": 4, "line_count": 3, "service_level": "Multi-line stop" }, "geometry": { "type": "Point", "coordinates": [ 22.966369, 40.587165 ] } },
{ "type": "Feature", "properties": { "code": "Β-12/008", "onomastasi": "ΤΕΧΝΟΠΟΛΙΣ", "type": "ΣΤΑΣΗ", "dimoskal": "ΠΥΛΑΙΑ ΧΟΡΤΙΑΤΗΣ", "lines_ejyp": "36Ε,36Ζ,36Η,36Υ", "stop_type_cat": "Regular Stop", "type_rank": 4, "line_count": 4, "service_level": "High-service stop" }, "geometry": { "type": "Point", "coordinates": [ 22.993611, 40.574545 ] } },
{ "type": "Feature", "properties": { "code": "Β-12/010", "onomastasi": "ΓΕΡΜΑΝΙΚΗ ΣΧΟΛΗ", "type": "ΣΤΑΣΗ", "dimoskal": "ΠΥΛΑΙΑ ΧΟΡΤΙΑΤΗΣ", "lines_ejyp": "04Α,04Β,36Η", "stop_type_cat": "Regular Stop", "type_rank": 4, "line_count": 3, "service_level": "Multi-line stop" }, "geometry": { "type": "Point", "coordinates": [ 22.987176, 40.575288 ] } },
{ "type": "Feature", "properties": { "code": "Β-12/003 b", "onomastasi": "ΑΣΥΛΟ", "type": "ΣΤΑΣΗ", "dimoskal": "ΠΥΛΑΙΑ ΧΟΡΤΙΑΤΗΣ", "lines_ejyp": "04Α", "stop_type_cat": "Regular Stop", "type_rank": 4, "line_count": 1, "service_level": "Local stop" }, "geometry": { "type": "Point", "coordinates": [ 22.988782, 40.575496 ] } },
{ "type": "Feature", "properties": { "code": "Β-12/003", "onomastasi": "ΑΣΥΛΟ", "type": "ΣΤΑΣΗ", "dimoskal": "ΠΥΛΑΙΑ ΧΟΡΤΙΑΤΗΣ", "lines_ejyp": "04Α,36Χ,66", "stop_type_cat": "Regular Stop", "type_rank": 4, "line_count": 3, "service_level": "Multi-line stop" }, "geometry": { "type": "Point", "coordinates": [ 22.988674, 40.575554 ] } },
{ "type": "Feature", "properties": { "code": "Β-12/009", "onomastasi": "CEDEFOP", "type": "ΣΤΑΣΗ", "dimoskal": "ΠΥΛΑΙΑ ΧΟΡΤΙΑΤΗΣ", "lines_ejyp": "36E,36Z,36H,36Y", "stop_type_cat": "Regular Stop", "type_rank": 4, "line_count": 4, "service_level": "High-service stop" }, "geometry": { "type": "Point", "coordinates": [ 22.998457, 40.575753 ] } },
{ "type": "Feature", "properties": { "code": "Β-12/002", "onomastasi": "ΑΣΥΛΟ", "type": "ΣΤΑΣΗ", "dimoskal": "ΠΥΛΑΙΑ ΧΟΡΤΙΑΤΗΣ", "lines_ejyp": "36Χ,66", "stop_type_cat": "Regular Stop", "type_rank": 4, "line_count": 2, "service_level": "Multi-line stop" }, "geometry": { "type": "Point", "coordinates": [ 22.988394, 40.576109 ] } },
{ "type": "Feature", "properties": { "code": "Β-10/022", "onomastasi": "Τ.Σ. ΠΥΛΑΙΑΣ", "type": "ΣΤΑΘΜΑΡΧΕΙΟ", "dimoskal": "ΠΥΛΑΙΑ ΧΟΡΤΙΑΤΗΣ", "lines_ejyp": "11,11Β,11Ε,11Μ,11Τ", "stop_type_cat": "Operational Facility", "type_rank": 5, "line_count": 5, "service_level": "High-service stop" }, "geometry": { "type": "Point", "coordinates": [ 22.985966, 40.594056 ] } },
{ "type": "Feature", "properties": { "code": "Α-11/002", "onomastasi": "ΑΓΙΟΣ ΔΗΜΗΤΡΙΟΣ", "type": "ΣΤΑΣΗ", "dimoskal": "ΠΥΛΑΙΑ ΧΟΡΤΙΑΤΗΣ", "lines_ejyp": "58", "stop_type_cat": "Regular Stop", "type_rank": 4, "line_count": 1, "service_level": "Local stop" }, "geometry": { "type": "Point", "coordinates": [ 23.00412, 40.596013 ] } },
{ "type": "Feature", "properties": { "code": "Β-10/026", "onomastasi": "ΠΕΡΔΙΚΑ", "type": "ΣΤΑΣΗ", "dimoskal": "ΠΥΛΑΙΑ ΧΟΡΤΙΑΤΗΣ", "lines_ejyp": "11,11Β,11Ε,11Μ", "stop_type_cat": "Regular Stop", "type_rank": 4, "line_count": 4, "service_level": "High-service stop" }, "geometry": { "type": "Point", "coordinates": [ 22.985796, 40.596537 ] } },
{ "type": "Feature", "properties": { "code": "Α-11/001", "onomastasi": "ΚΟΛΛΕΓΙΟ ΑΝΑΤΟΛΙΑ", "type": "ΤΕΣ ΠΛΗΡΟΦΟΡΗΣΗ", "dimoskal": "ΠΥΛΑΙΑ ΧΟΡΤΙΑΤΗΣ", "lines_ejyp": "58", "stop_type_cat": "Info Stop", "type_rank": 3, "line_count": 1, "service_level": "Local stop" }, "geometry": { "type": "Point", "coordinates": [ 23.001437, 40.596992 ] } },
{ "type": "Feature", "properties": { "code": "Δ-12/002", "onomastasi": "ΑΓΙΟΣ ΠΑΥΛΟΣ", "type": "ΣΤΑΣΗ", "dimoskal": "ΚΑΛΑΜΑΡΙΑ", "lines_ejyp": "", "stop_type_cat": "Regular Stop", "type_rank": 4, "line_count": 0, "service_level": "Unknown service" }, "geometry": { "type": "Point", "coordinates": [ 22.962326, 40.566133 ] } },
{ "type": "Feature", "properties": { "code": "Δ-12/003", "onomastasi": "ΗΣΙΟΔΟΥ", "type": "ΣΤΑΣΗ", "dimoskal": "ΚΑΛΑΜΑΡΙΑ", "lines_ejyp": "", "stop_type_cat": "Regular Stop", "type_rank": 4, "line_count": 0, "service_level": "Unknown service" }, "geometry": { "type": "Point", "coordinates": [ 22.963745, 40.56649 ] } },
{ "type": "Feature", "properties": { "code": "Δ-12/001", "onomastasi": "ΦΟΙΤΗΤΙΚΗ ΕΣΤΙΑ", "type": "ΣΤΑΣΗ", "dimoskal": "ΚΑΛΑΜΑΡΙΑ", "lines_ejyp": "", "stop_type_cat": "Regular Stop", "type_rank": 4, "line_count": 0, "service_level": "Unknown service" }, "geometry": { "type": "Point", "coordinates": [ 22.960448, 40.566975 ] } },
{ "type": "Feature", "properties": { "code": "Δ-12/005", "onomastasi": "ΑΓΝΩΣΤΟΥ ΣΤΡΑΤΙΩΤΗ", "type": "ΣΤΑΣΗ", "dimoskal": "ΚΑΛΑΜΑΡΙΑ", "lines_ejyp": "05,05A,05B", "stop_type_cat": "Regular Stop", "type_rank": 4, "line_count": 3, "service_level": "Multi-line stop" }, "geometry": { "type": "Point", "coordinates": [ 22.963303, 40.567661 ] } },
{ "type": "Feature", "properties": { "code": "Δ-11/009", "onomastasi": "ΠΑΛΙΟ ΤΕΡΜΑ", "type": "ΣΤΑΣΗ", "dimoskal": "ΚΑΛΑΜΑΡΙΑ", "lines_ejyp": "05,05A,05B", "stop_type_cat": "Regular Stop", "type_rank": 4, "line_count": 3, "service_level": "Multi-line stop" }, "geometry": { "type": "Point", "coordinates": [ 22.960234, 40.568917 ] } },
{ "type": "Feature", "properties": { "code": "Δ-12/008", "onomastasi": "3ο ΓΥΜΝΑΣΙΟ", "type": "ΣΤΑΣΗ", "dimoskal": "ΚΑΛΑΜΑΡΙΑ", "lines_ejyp": "", "stop_type_cat": "Regular Stop", "type_rank": 4, "line_count": 0, "service_level": "Unknown service" }, "geometry": { "type": "Point", "coordinates": [ 22.962356, 40.569247 ] } },
{ "type": "Feature", "properties": { "code": "Δ-11/016", "onomastasi": "ΚΑΠΝΑΠΟΘΗΚΕΣ", "type": "ΣΤΑΣΗ", "dimoskal": "ΚΑΛΑΜΑΡΙΑ", "lines_ejyp": "04A,04B,06,07", "stop_type_cat": "Regular Stop", "type_rank": 4, "line_count": 4, "service_level": "High-service stop" }, "geometry": { "type": "Point", "coordinates": [ 22.960105, 40.571926 ] } },
{ "type": "Feature", "properties": { "code": "Δ-11/015", "onomastasi": "ΚΑΠΝΑΠΟΘΗΚΕΣ", "type": "ΣΤΑΣΗ", "dimoskal": "ΚΑΛΑΜΑΡΙΑ", "lines_ejyp": "04B,05,05A,06", "stop_type_cat": "Regular Stop", "type_rank": 4, "line_count": 4, "service_level": "High-service stop" }, "geometry": { "type": "Point", "coordinates": [ 22.960236, 40.572009 ] } },
{ "type": "Feature", "properties": { "code": "Δ-11/017", "onomastasi": "ΕΡΓΑΤΙΚΕΣ ΚΑΤΟΙΚΙΕΣ", "type": "ΤΕΣ ΠΛΗΡΟΦΟΡΗΣΗ", "dimoskal": "ΚΑΛΑΜΑΡΙΑ", "lines_ejyp": "04A,04B,06,07", "stop_type_cat": "Info Stop", "type_rank": 3, "line_count": 4, "service_level": "High-service stop" }, "geometry": { "type": "Point", "coordinates": [ 22.961841, 40.57337 ] } },
{ "type": "Feature", "properties": { "code": "Δ-11/019", "onomastasi": "ΕΡΓΑΤΙΚΕΣ ΚΑΤΟΙΚΙΕΣ", "type": "ΣΤΑΣΗ", "dimoskal": "ΚΑΛΑΜΑΡΙΑ", "lines_ejyp": "04B,05,05A,06", "stop_type_cat": "Regular Stop", "type_rank": 4, "line_count": 4, "service_level": "High-service stop" }, "geometry": { "type": "Point", "coordinates": [ 22.962012, 40.573446 ] } },
{ "type": "Feature", "properties": { "code": "Δ-11/005", "onomastasi": "ΝΟΣΟΚΟΜΕΙΟ ΠΑΝΑΓΙΑ", "type": "ΣΤΑΣΗ", "dimoskal": "ΚΑΛΑΜΑΡΙΑ", "lines_ejyp": "05,05A", "stop_type_cat": "Regular Stop", "type_rank": 4, "line_count": 2, "service_level": "Multi-line stop" }, "geometry": { "type": "Point", "coordinates": [ 22.953857, 40.571538 ] } },
{ "type": "Feature", "properties": { "code": "Δ-11/004", "onomastasi": "ΧΑΜΟΔΡΑΚΑΣ", "type": "ΣΤΑΣΗ", "dimoskal": "ΚΑΛΑΜΑΡΙΑ", "lines_ejyp": "05,05Α", "stop_type_cat": "Regular Stop", "type_rank": 4, "line_count": 2, "service_level": "Multi-line stop" }, "geometry": { "type": "Point", "coordinates": [ 22.952276, 40.572597 ] } },
{ "type": "Feature", "properties": { "code": "Δ-11/003", "onomastasi": "ΧΑΜΟΔΡΑΚΑΣ", "type": "ΤΕΣ ΠΛΗΡΟΦΟΡΗΣΗ", "dimoskal": "ΚΑΛΑΜΑΡΙΑ", "lines_ejyp": "05,05Α,07", "stop_type_cat": "Info Stop", "type_rank": 3, "line_count": 3, "service_level": "Multi-line stop" }, "geometry": { "type": "Point", "coordinates": [ 22.952107, 40.572908 ] } },
{ "type": "Feature", "properties": { "code": "Δ-11/014", "onomastasi": "ΠΛΑΤΑΝΟΣ", "type": "ΣΤΑΣΗ", "dimoskal": "ΚΑΛΑΜΑΡΙΑ", "lines_ejyp": "04B,06", "stop_type_cat": "Regular Stop", "type_rank": 4, "line_count": 2, "service_level": "Multi-line stop" }, "geometry": { "type": "Point", "coordinates": [ 22.954975, 40.572977 ] } },
{ "type": "Feature", "properties": { "code": "Δ-11/011", "onomastasi": "ΠΛΑΤΑΝΟΣ", "type": "ΣΤΑΣΗ", "dimoskal": "ΚΑΛΑΜΑΡΙΑ", "lines_ejyp": "04A,04B,05,05A,05B,06,07", "stop_type_cat": "Regular Stop", "type_rank": 4, "line_count": 7, "service_level": "Major PT node" }, "geometry": { "type": "Point", "coordinates": [ 22.954343, 40.573639 ] } },
{ "type": "Feature", "properties": { "code": "Δ-11/013", "onomastasi": "ΙΔΡΥΜΑ", "type": "ΣΤΑΣΗ", "dimoskal": "ΚΑΛΑΜΑΡΙΑ", "lines_ejyp": "06", "stop_type_cat": "Regular Stop", "type_rank": 4, "line_count": 1, "service_level": "Local stop" }, "geometry": { "type": "Point", "coordinates": [ 22.951784, 40.574811 ] } },
{ "type": "Feature", "properties": { "code": "Δ-11/012", "onomastasi": "ΙΔΡΥΜΑ", "type": "ΣΤΑΣΗ", "dimoskal": "ΚΑΛΑΜΑΡΙΑ", "lines_ejyp": "04A,05B,06", "stop_type_cat": "Regular Stop", "type_rank": 4, "line_count": 3, "service_level": "Multi-line stop" }, "geometry": { "type": "Point", "coordinates": [ 22.951556, 40.575133 ] } },
{ "type": "Feature", "properties": { "code": "Δ-10/031", "onomastasi": "ΓΗΠΕΔΟ", "type": "ΣΤΑΣΗ", "dimoskal": "ΚΑΛΑΜΑΡΙΑ", "lines_ejyp": "04B,07", "stop_type_cat": "Regular Stop", "type_rank": 4, "line_count": 2, "service_level": "Multi-line stop" }, "geometry": { "type": "Point", "coordinates": [ 22.954154, 40.579043 ] } },
{ "type": "Feature", "properties": { "code": "Δ-10/014", "onomastasi": "ΠΑΛΙΟ ΔΗΜΑΡΧΕΙΟ", "type": "ΤΕΣ ΠΛΗΡΟΦΟΡΗΣΗ", "dimoskal": "ΚΑΛΑΜΑΡΙΑ", "lines_ejyp": "05B,06,07", "stop_type_cat": "Info Stop", "type_rank": 3, "line_count": 3, "service_level": "Multi-line stop" }, "geometry": { "type": "Point", "coordinates": [ 22.951187, 40.580824 ] } },
{ "type": "Feature", "properties": { "code": "Δ-10/007", "onomastasi": "ΚΑΥΚΑΣΟΥ 2", "type": "ΣΤΑΣΗ", "dimoskal": "ΚΑΛΑΜΑΡΙΑ", "lines_ejyp": "33,33A,33B", "stop_type_cat": "Regular Stop", "type_rank": 4, "line_count": 3, "service_level": "Multi-line stop" }, "geometry": { "type": "Point", "coordinates": [ 22.954671, 40.581093 ] } },
{ "type": "Feature", "properties": { "code": "Δ-11/008", "onomastasi": "ΠΑΛΙΟ ΤΕΡΜΑ", "type": "ΣΤΑΣΗ", "dimoskal": "ΚΑΛΑΜΑΡΙΑ", "lines_ejyp": "", "stop_type_cat": "Regular Stop", "type_rank": 4, "line_count": 0, "service_level": "Unknown service" }, "geometry": { "type": "Point", "coordinates": [ 22.959516, 40.568571 ] } },
{ "type": "Feature", "properties": { "code": "Δ-11/007", "onomastasi": "ΑΓΙΑ ΠΑΡΑΣΚΕΥΗ", "type": "ΣΤΑΣΗ", "dimoskal": "ΚΑΛΑΜΑΡΙΑ", "lines_ejyp": "04Β,05,05Α,06", "stop_type_cat": "Regular Stop", "type_rank": 4, "line_count": 4, "service_level": "High-service stop" }, "geometry": { "type": "Point", "coordinates": [ 22.957913, 40.570971 ] } },
{ "type": "Feature", "properties": { "code": "Δ-11/006", "onomastasi": "ΠΛΑΤΑΝΟΣ", "type": "ΣΤΑΣΗ", "dimoskal": "ΚΑΛΑΜΑΡΙΑ", "lines_ejyp": "05,05A", "stop_type_cat": "Regular Stop", "type_rank": 4, "line_count": 2, "service_level": "Multi-line stop" }, "geometry": { "type": "Point", "coordinates": [ 22.956557, 40.571995 ] } },
{ "type": "Feature", "properties": { "code": "Δ-11/010", "onomastasi": "ΤΡΕΧΑΝΤΗΡΙΑ", "type": "ΤΕΣ ΠΛΗΡΟΦΟΡΗΣΗ", "dimoskal": "ΚΑΛΑΜΑΡΙΑ", "lines_ejyp": "05,05Α,05Β", "stop_type_cat": "Info Stop", "type_rank": 3, "line_count": 3, "service_level": "Multi-line stop" }, "geometry": { "type": "Point", "coordinates": [ 22.957457, 40.572389 ] } },
{ "type": "Feature", "properties": { "code": "Δ-11/020", "onomastasi": "ΣΧΟΛΕΙΟ", "type": "ΣΤΑΣΗ", "dimoskal": "ΚΑΛΑΜΑΡΙΑ", "lines_ejyp": "04Α,04Β,06,07", "stop_type_cat": "Regular Stop", "type_rank": 4, "line_count": 4, "service_level": "High-service stop" }, "geometry": { "type": "Point", "coordinates": [ 22.956668, 40.57382 ] } },
{ "type": "Feature", "properties": { "code": "Δ-11/018", "onomastasi": "ΤΣΙΓΓΙΡΙΔΟΥ", "type": "ΣΤΑΣΗ", "dimoskal": "ΚΑΛΑΜΑΡΙΑ", "lines_ejyp": "04Β,07", "stop_type_cat": "Regular Stop", "type_rank": 4, "line_count": 2, "service_level": "Multi-line stop" }, "geometry": { "type": "Point", "coordinates": [ 22.957784, 40.578477 ] } },
{ "type": "Feature", "properties": { "code": "Δ-10/006", "onomastasi": "ΔΑΒΑΚΗ", "type": "ΣΤΑΣΗ", "dimoskal": "ΚΑΛΑΜΑΡΙΑ", "lines_ejyp": "33", "stop_type_cat": "Regular Stop", "type_rank": 4, "line_count": 1, "service_level": "Local stop" }, "geometry": { "type": "Point", "coordinates": [ 22.955998, 40.580334 ] } },
{ "type": "Feature", "properties": { "code": "Γ-10/027", "onomastasi": "ΠΑΛΙΟ ΤΕΡΜΑ", "type": "ΣΤΑΣΗ", "dimoskal": "ΚΑΛΑΜΑΡΙΑ", "lines_ejyp": "33", "stop_type_cat": "Regular Stop", "type_rank": 4, "line_count": 1, "service_level": "Local stop" }, "geometry": { "type": "Point", "coordinates": [ 22.958989, 40.580901 ] } },
{ "type": "Feature", "properties": { "code": "Γ-10/026", "onomastasi": "ΚΑΥΚΑΣΟΥ 1", "type": "ΣΤΑΣΗ", "dimoskal": "ΚΑΛΑΜΑΡΙΑ", "lines_ejyp": "33,33A,33B", "stop_type_cat": "Regular Stop", "type_rank": 4, "line_count": 3, "service_level": "Multi-line stop" }, "geometry": { "type": "Point", "coordinates": [ 22.957685, 40.581944 ] } },
{ "type": "Feature", "properties": { "code": "Γ-10/012", "onomastasi": "ΑΙΓΑΙΟΥ", "type": "ΣΤΑΣΗ", "dimoskal": "ΚΑΛΑΜΑΡΙΑ", "lines_ejyp": "33", "stop_type_cat": "Regular Stop", "type_rank": 4, "line_count": 1, "service_level": "Local stop" }, "geometry": { "type": "Point", "coordinates": [ 22.954911, 40.585781 ] } },
{ "type": "Feature", "properties": { "code": "Γ-11/014", "onomastasi": "ΠΑΛΙΟ ΤΕΡΜΑ", "type": "ΣΤΑΣΗ", "dimoskal": "ΚΑΛΑΜΑΡΙΑ", "lines_ejyp": "04B,05,05A,06", "stop_type_cat": "Regular Stop", "type_rank": 4, "line_count": 4, "service_level": "High-service stop" }, "geometry": { "type": "Point", "coordinates": [ 22.963488, 40.574521 ] } },
{ "type": "Feature", "properties": { "code": "Γ-11/012", "onomastasi": "ΠΑΛΙΟ ΤΕΡΜΑ", "type": "ΣΤΑΣΗ", "dimoskal": "ΚΑΛΑΜΑΡΙΑ", "lines_ejyp": "04A,04B,06,07", "stop_type_cat": "Regular Stop", "type_rank": 4, "line_count": 4, "service_level": "High-service stop" }, "geometry": { "type": "Point", "coordinates": [ 22.96323, 40.575174 ] } },
{ "type": "Feature", "properties": { "code": "Γ-11/035", "onomastasi": "ΑΝΔΡΕΑ ΠΑΠΑΝΔΡΕΟΥ 2", "type": "ΣΤΑΣΗ", "dimoskal": "ΚΑΛΑΜΑΡΙΑ", "lines_ejyp": "07", "stop_type_cat": "Regular Stop", "type_rank": 4, "line_count": 1, "service_level": "Local stop" }, "geometry": { "type": "Point", "coordinates": [ 22.963238, 40.575972 ] } },
{ "type": "Feature", "properties": { "code": "Δ-11/022", "onomastasi": "ΑΝΔΡΕΑ ΠΑΠΑΝΔΡΕΟΥ 1", "type": "ΣΤΑΣΗ", "dimoskal": "ΚΑΛΑΜΑΡΙΑ", "lines_ejyp": "07", "stop_type_cat": "Regular Stop", "type_rank": 4, "line_count": 1, "service_level": "Local stop" }, "geometry": { "type": "Point", "coordinates": [ 22.960096, 40.576865 ] } },
{ "type": "Feature", "properties": { "code": "Γ-11/011", "onomastasi": "ΚΟΙΜΗΤΗΡΙΑ", "type": "ΣΤΑΣΗ", "dimoskal": "ΚΑΛΑΜΑΡΙΑ", "lines_ejyp": "04A,04B,06,07", "stop_type_cat": "Regular Stop", "type_rank": 4, "line_count": 4, "service_level": "High-service stop" }, "geometry": { "type": "Point", "coordinates": [ 22.963907, 40.576905 ] } },
{ "type": "Feature", "properties": { "code": "Γ-10/028", "onomastasi": "ΠΑΠΑΦΛΕΣΣΑ", "type": "ΣΤΑΣΗ", "dimoskal": "ΚΑΛΑΜΑΡΙΑ", "lines_ejyp": "33", "stop_type_cat": "Regular Stop", "type_rank": 4, "line_count": 1, "service_level": "Local stop" }, "geometry": { "type": "Point", "coordinates": [ 22.961377, 40.582024 ] } },
{ "type": "Feature", "properties": { "code": "Γ-10/025", "onomastasi": "ΦΙΛΕΛΛΗΝΩΝ", "type": "ΣΤΑΣΗ", "dimoskal": "ΚΑΛΑΜΑΡΙΑ", "lines_ejyp": "33,33Α,33Β", "stop_type_cat": "Regular Stop", "type_rank": 4, "line_count": 3, "service_level": "Multi-line stop" }, "geometry": { "type": "Point", "coordinates": [ 22.960643, 40.582639 ] } },
{ "type": "Feature", "properties": { "code": "Γ-10/029", "onomastasi": "ΑΓΙΟΣ ΠΑΝΤΕΛΕΗΜΩΝ", "type": "ΣΤΑΣΗ", "dimoskal": "ΚΑΛΑΜΑΡΙΑ", "lines_ejyp": "01Ν,1Ν,02Κ,03Κ,70,70Α,71,71Α", "stop_type_cat": "Regular Stop", "type_rank": 4, "line_count": 8, "service_level": "Major PT node" }, "geometry": { "type": "Point", "coordinates": [ 22.962426, 40.582933 ] } },
{ "type": "Feature", "properties": { "code": "Γ-10/024", "onomastasi": "Ι.Κ.Α", "type": "ΣΤΑΣΗ", "dimoskal": "ΚΑΛΑΜΑΡΙΑ", "lines_ejyp": "33,33A,33B", "stop_type_cat": "Regular Stop", "type_rank": 4, "line_count": 3, "service_level": "Multi-line stop" }, "geometry": { "type": "Point", "coordinates": [ 22.962969, 40.583592 ] } },
{ "type": "Feature", "properties": { "code": "Γ-10/030", "onomastasi": "ΚΡΙΚΕΛΑ", "type": "ΤΕΣ ΠΛΗΡΟΦΟΡΗΣΗ", "dimoskal": "ΚΑΛΑΜΑΡΙΑ", "lines_ejyp": "01Ν,01Χ,1Ν,02Κ,03Κ,45Υ,70,70Α,71,71Α", "stop_type_cat": "Info Stop", "type_rank": 3, "line_count": 10, "service_level": "Major PT node" }, "geometry": { "type": "Point", "coordinates": [ 22.959739, 40.583859 ] } },
{ "type": "Feature", "properties": { "code": "Δ-10/008", "onomastasi": "ΑΡΙΣΤΟΤΕΛΗΣ", "type": "ΣΤΑΣΗ", "dimoskal": "ΚΑΛΑΜΑΡΙΑ", "lines_ejyp": "04B,07,33", "stop_type_cat": "Regular Stop", "type_rank": 4, "line_count": 3, "service_level": "Multi-line stop" }, "geometry": { "type": "Point", "coordinates": [ 22.953228, 40.581166 ] } },
{ "type": "Feature", "properties": { "code": "Δ-10/009", "onomastasi": "ΑΡΙΣΤΟΤΕΛΗΣ", "type": "ΣΤΑΣΗ", "dimoskal": "ΚΑΛΑΜΑΡΙΑ", "lines_ejyp": "33,33A,33B", "stop_type_cat": "Regular Stop", "type_rank": 4, "line_count": 3, "service_level": "Multi-line stop" }, "geometry": { "type": "Point", "coordinates": [ 22.953357, 40.581217 ] } },
{ "type": "Feature", "properties": { "code": "Δ-10/010", "onomastasi": "ΠΟΝΤΟΥ", "type": "ΤΕΣ ΠΛΗΡΟΦΟΡΗΣΗ", "dimoskal": "ΚΑΛΑΜΑΡΙΑ", "lines_ejyp": "05B,06,07,33,33A,33B,", "stop_type_cat": "Info Stop", "type_rank": 3, "line_count": 6, "service_level": "High-service stop" }, "geometry": { "type": "Point", "coordinates": [ 22.953268, 40.582662 ] } },
{ "type": "Feature", "properties": { "code": "Δ-10/011", "onomastasi": "ΠΟΝΤΟΥ", "type": "ΣΤΑΣΗ", "dimoskal": "ΚΑΛΑΜΑΡΙΑ", "lines_ejyp": "04B,07,33", "stop_type_cat": "Regular Stop", "type_rank": 4, "line_count": 3, "service_level": "Multi-line stop" }, "geometry": { "type": "Point", "coordinates": [ 22.953066, 40.583878 ] } },
{ "type": "Feature", "properties": { "code": "Δ-10/005", "onomastasi": "ΔΗΜΑΡΧΕΙΟ", "type": "ΣΤΑΣΗ", "dimoskal": "ΚΑΛΑΜΑΡΙΑ", "lines_ejyp": "06", "stop_type_cat": "Regular Stop", "type_rank": 4, "line_count": 1, "service_level": "Local stop" }, "geometry": { "type": "Point", "coordinates": [ 22.951292, 40.584027 ] } },
{ "type": "Feature", "properties": { "code": "Δ-10/012", "onomastasi": "ΠΑΛΙΟ ΤΑΧΥΔΡΟΜΕΙΟ", "type": "ΣΤΑΣΗ", "dimoskal": "ΚΑΛΑΜΑΡΙΑ", "lines_ejyp": "05B,06,07", "stop_type_cat": "Regular Stop", "type_rank": 4, "line_count": 3, "service_level": "Multi-line stop" }, "geometry": { "type": "Point", "coordinates": [ 22.953148, 40.585257 ] } },
{ "type": "Feature", "properties": { "code": "Δ-10/036", "onomastasi": "ΠΑΛΙΟ ΤΑΧΥΔΡΟΜΕΙΟ", "type": "ΣΤΑΣΗ", "dimoskal": "ΚΑΛΑΜΑΡΙΑ", "lines_ejyp": "04B,06,07", "stop_type_cat": "Regular Stop", "type_rank": 4, "line_count": 3, "service_level": "Multi-line stop" }, "geometry": { "type": "Point", "coordinates": [ 22.952947, 40.585376 ] } },
{ "type": "Feature", "properties": { "code": "Γ-10/051", "onomastasi": "ΑΙΓΑΙΟΥ", "type": "ΣΤΑΣΗ", "dimoskal": "ΚΑΛΑΜΑΡΙΑ", "lines_ejyp": "33,33A,33B", "stop_type_cat": "Regular Stop", "type_rank": 4, "line_count": 3, "service_level": "Multi-line stop" }, "geometry": { "type": "Point", "coordinates": [ 22.954615, 40.585409 ] } },
{ "type": "Feature", "properties": { "code": "Γ-10/050", "onomastasi": "ΔΙΩΡΟΦΑ", "type": "ΣΤΑΣΗ", "dimoskal": "ΚΑΛΑΜΑΡΙΑ", "lines_ejyp": "04B,06,07", "stop_type_cat": "Regular Stop", "type_rank": 4, "line_count": 3, "service_level": "Multi-line stop" }, "geometry": { "type": "Point", "coordinates": [ 22.95288, 40.587031 ] } },
{ "type": "Feature", "properties": { "code": "Δ-10/002", "onomastasi": "ΒΡΥΣΑΚΙ", "type": "ΣΤΑΣΗ", "dimoskal": "ΚΑΛΑΜΑΡΙΑ", "lines_ejyp": "", "stop_type_cat": "Regular Stop", "type_rank": 4, "line_count": 0, "service_level": "Unknown service" }, "geometry": { "type": "Point", "coordinates": [ 22.951817, 40.587931 ] } },
{ "type": "Feature", "properties": { "code": "Γ-10/021", "onomastasi": "ΠΕΡΙΠΤΕΡΟ", "type": "ΤΕΣ ΠΛΗΡΟΦΟΡΗΣΗ", "dimoskal": "ΚΑΛΑΜΑΡΙΑ", "lines_ejyp": "01N,1N,02K,03K,39,39B,70,70A,71,71A", "stop_type_cat": "Info Stop", "type_rank": 3, "line_count": 10, "service_level": "Major PT node" }, "geometry": { "type": "Point", "coordinates": [ 22.96315, 40.585728 ] } },
{ "type": "Feature", "properties": { "code": "Γ-10/020", "onomastasi": "ΚΡΙΚΕΛΑ", "type": "ΤΕΣ ΠΛΗΡΟΦΟΡΗΣΗ", "dimoskal": "ΚΑΛΑΜΑΡΙΑ", "lines_ejyp": "01N,01X,1N,02K,03K,39,39B,45Y,70,70A,71", "stop_type_cat": "Info Stop", "type_rank": 3, "line_count": 11, "service_level": "Major PT node" }, "geometry": { "type": "Point", "coordinates": [ 22.961442, 40.587856 ] } },
{ "type": "Feature", "properties": { "code": "Γ-10/036", "onomastasi": "ΙΠΠΟΚΡΑΤΟΥΣ", "type": "ΣΤΑΣΗ", "dimoskal": "ΚΑΛΑΜΑΡΙΑ", "lines_ejyp": "39,39A", "stop_type_cat": "Regular Stop", "type_rank": 4, "line_count": 2, "service_level": "Multi-line stop" }, "geometry": { "type": "Point", "coordinates": [ 22.964101, 40.589675 ] } },
{ "type": "Feature", "properties": { "code": "Γ-10/019", "onomastasi": "ΒΥΖΑΝΤΙΟ", "type": "ΤΕΣ ΠΛΗΡΟΦΟΡΗΣΗ", "dimoskal": "ΚΑΛΑΜΑΡΙΑ", "lines_ejyp": " 1N,01N,02K,03K,08,70,70A,71,71A", "stop_type_cat": "Info Stop", "type_rank": 3, "line_count": 9, "service_level": "Major PT node" }, "geometry": { "type": "Point", "coordinates": [ 22.959777, 40.589702 ] } },
{ "type": "Feature", "properties": { "code": "Γ-10/007", "onomastasi": "ΑΙΓΑΙΟΥ", "type": "ΣΤΑΣΗ", "dimoskal": "ΚΑΛΑΜΑΡΙΑ", "lines_ejyp": "33,33A,33B,39,39B", "stop_type_cat": "Regular Stop", "type_rank": 4, "line_count": 5, "service_level": "High-service stop" }, "geometry": { "type": "Point", "coordinates": [ 22.960691, 40.589839 ] } },
{ "type": "Feature", "properties": { "code": "Γ-10/006", "onomastasi": "ΑΙΓΑΙΟΥ", "type": "ΣΤΑΣΗ", "dimoskal": "ΚΑΛΑΜΑΡΙΑ", "lines_ejyp": "04E,33,33A", "stop_type_cat": "Regular Stop", "type_rank": 4, "line_count": 3, "service_level": "Multi-line stop" }, "geometry": { "type": "Point", "coordinates": [ 22.961095, 40.590282 ] } },
{ "type": "Feature", "properties": { "code": "Γ-10/048", "onomastasi": "ΒΡΥΣΑΚΙ", "type": "ΣΤΑΣΗ", "dimoskal": "ΘΕΣΣΑΛΟΝΙΚΗ", "lines_ejyp": "39,39A", "stop_type_cat": "Regular Stop", "type_rank": 4, "line_count": 2, "service_level": "Multi-line stop" }, "geometry": { "type": "Point", "coordinates": [ 22.962866, 40.591051 ] } },
{ "type": "Feature", "properties": { "code": "Γ-10/005", "onomastasi": "ΒΡΥΣΑΚΙ", "type": "ΣΤΑΣΗ", "dimoskal": "ΘΕΣΣΑΛΟΝΙΚΗ", "lines_ejyp": "04E,33,33A", "stop_type_cat": "Regular Stop", "type_rank": 4, "line_count": 3, "service_level": "Multi-line stop" }, "geometry": { "type": "Point", "coordinates": [ 22.962396, 40.591385 ] } },
{ "type": "Feature", "properties": { "code": "Γ-10/003", "onomastasi": "ΜΙΧΑΗΛ ΨΕΛΛΟΥ", "type": "ΣΤΑΣΗ", "dimoskal": "ΘΕΣΣΑΛΟΝΙΚΗ", "lines_ejyp": "04E", "stop_type_cat": "Regular Stop", "type_rank": 4, "line_count": 1, "service_level": "Local stop" }, "geometry": { "type": "Point", "coordinates": [ 22.959805, 40.591394 ] } },
{ "type": "Feature", "properties": { "code": "Γ-10/004", "onomastasi": "ΒΡΥΣΑΚΙ", "type": "ΣΤΑΣΗ", "dimoskal": "ΘΕΣΣΑΛΟΝΙΚΗ", "lines_ejyp": "33,33A,39,39A", "stop_type_cat": "Regular Stop", "type_rank": 4, "line_count": 4, "service_level": "High-service stop" }, "geometry": { "type": "Point", "coordinates": [ 22.962301, 40.591607 ] } },
{ "type": "Feature", "properties": { "code": "Γ-10/049", "onomastasi": "ΑΙΓΑΙΟΥ", "type": "ΣΤΑΣΗ", "dimoskal": "ΚΑΛΑΜΑΡΙΑ", "lines_ejyp": "01N,1N,02K,03K,70,70A,71,71A", "stop_type_cat": "Regular Stop", "type_rank": 4, "line_count": 8, "service_level": "Major PT node" }, "geometry": { "type": "Point", "coordinates": [ 22.956216, 40.58588 ] } },
{ "type": "Feature", "properties": { "code": "Γ-10/011", "onomastasi": "ΒΥΖΑΝΤΙΟ", "type": "ΣΤΑΣΗ", "dimoskal": "ΚΑΛΑΜΑΡΙΑ", "lines_ejyp": "33", "stop_type_cat": "Regular Stop", "type_rank": 4, "line_count": 1, "service_level": "Local stop" }, "geometry": { "type": "Point", "coordinates": [ 22.956289, 40.586766 ] } },
{ "type": "Feature", "properties": { "code": "Γ-10/010", "onomastasi": "ΒΥΖΑΝΤΙΟ", "type": "ΣΤΑΣΗ", "dimoskal": "ΚΑΛΑΜΑΡΙΑ", "lines_ejyp": "33,33A,33B", "stop_type_cat": "Regular Stop", "type_rank": 4, "line_count": 3, "service_level": "Multi-line stop" }, "geometry": { "type": "Point", "coordinates": [ 22.956581, 40.586842 ] } },
{ "type": "Feature", "properties": { "code": "Γ-10/009", "onomastasi": "ΘΕΡΜΑΙΚΟΥ", "type": "ΣΤΑΣΗ", "dimoskal": "ΚΑΛΑΜΑΡΙΑ", "lines_ejyp": "33", "stop_type_cat": "Regular Stop", "type_rank": 4, "line_count": 1, "service_level": "Local stop" }, "geometry": { "type": "Point", "coordinates": [ 22.958617, 40.588478 ] } },
{ "type": "Feature", "properties": { "code": "Γ-10/008", "onomastasi": "ΘΕΡΜΑΙΚΟΥ", "type": "ΣΤΑΣΗ", "dimoskal": "ΚΑΛΑΜΑΡΙΑ", "lines_ejyp": "33,33A,33B", "stop_type_cat": "Regular Stop", "type_rank": 4, "line_count": 3, "service_level": "Multi-line stop" }, "geometry": { "type": "Point", "coordinates": [ 22.958798, 40.588516 ] } },
{ "type": "Feature", "properties": { "code": "Γ-10/016", "onomastasi": "ΠΕΡΙΦΕΡΕΙΑΚΗ ΕΝΟΤΗΤΑ ΘΕΣΣΑΛΟΝΙΚΗΣ", "type": "ΣΤΑΣΗ", "dimoskal": "ΘΕΣΣΑΛΟΝΙΚΗ", "lines_ejyp": "04B", "stop_type_cat": "Regular Stop", "type_rank": 4, "line_count": 1, "service_level": "Local stop" }, "geometry": { "type": "Point", "coordinates": [ 22.956912, 40.591663 ] } },
{ "type": "Feature", "properties": { "code": "ΦΟΡ-10-18", "onomastasi": "ΠΕΡΙΦΕΡΕΙΑΚΗ ΕΝΟΤΗΤΑ ΘΕΣΣΑΛΟΝΙΚΗΣ", "type": "ΣΤΑΣΗ", "dimoskal": "ΘΕΣΣΑΛΟΝΙΚΗ", "lines_ejyp": "", "stop_type_cat": "Regular Stop", "type_rank": 4, "line_count": 0, "service_level": "Unknown service" }, "geometry": { "type": "Point", "coordinates": [ 22.956108, 40.591882 ] } },
{ "type": "Feature", "properties": { "code": "Γ-10/017", "onomastasi": "ΠΕΡΙΦΕΡΕΙΑΚΗ ΕΝΟΤΗΤΑ ΘΕΣΣΑΛΟΝΙΚΗΣ", "type": "ΣΤΑΣΗ", "dimoskal": "ΘΕΣΣΑΛΟΝΙΚΗ", "lines_ejyp": "02K,04A,07", "stop_type_cat": "Regular Stop", "type_rank": 4, "line_count": 3, "service_level": "Multi-line stop" }, "geometry": { "type": "Point", "coordinates": [ 22.958228, 40.592297 ] } },
{ "type": "Feature", "properties": { "code": "Γ-10/018", "onomastasi": "ΠΕΡΙΦΕΡΕΙΑΚΗ ΕΝΟΤΗΤΑ ΘΕΣΣΑΛΟΝΙΚΗΣ", "type": "ΣΤΑΣΗ", "dimoskal": "ΘΕΣΣΑΛΟΝΙΚΗ", "lines_ejyp": " 1N,01N,02K,07", "stop_type_cat": "Regular Stop", "type_rank": 4, "line_count": 4, "service_level": "High-service stop" }, "geometry": { "type": "Point", "coordinates": [ 22.958057, 40.592424 ] } },
{ "type": "Feature", "properties": { "code": "Γ-09/013", "onomastasi": "ΠΕΡΙΦΕΡΕΙΑΚΗ ΕΝΟΤΗΤΑ ΘΕΣΣΑΛΟΝΙΚΗΣ", "type": "ΤΕΣ ΠΛΗΡΟΦΟΡΗΣΗ", "dimoskal": "ΘΕΣΣΑΛΟΝΙΚΗ", "lines_ejyp": " 1N,01N,03K,70,70A,71,71A", "stop_type_cat": "Info Stop", "type_rank": 3, "line_count": 7, "service_level": "Major PT node" }, "geometry": { "type": "Point", "coordinates": [ 22.956825, 40.593139 ] } },
{ "type": "Feature", "properties": { "code": "Γ-10/043", "onomastasi": "ΔΙΩΡΟΦΑ", "type": "ΤΕΣ ΠΛΗΡΟΦΟΡΗΣΗ", "dimoskal": "ΚΑΛΑΜΑΡΙΑ", "lines_ejyp": "05B,06,07", "stop_type_cat": "Info Stop", "type_rank": 3, "line_count": 3, "service_level": "Multi-line stop" }, "geometry": { "type": "Point", "coordinates": [ 22.952999, 40.587948 ] } },
{ "type": "Feature", "properties": { "code": "Γ-10/013", "onomastasi": "ΒΥΖΑΝΤΙΟ", "type": "ΣΤΑΣΗ", "dimoskal": "ΚΑΛΑΜΑΡΙΑ", "lines_ejyp": "01N,1N,02K,03K,70,70A,71,71A", "stop_type_cat": "Regular Stop", "type_rank": 4, "line_count": 8, "service_level": "Major PT node" }, "geometry": { "type": "Point", "coordinates": [ 22.954233, 40.588733 ] } },
{ "type": "Feature", "properties": { "code": "Γ-10/014", "onomastasi": "ΧΗΛΙΤΗ", "type": "ΣΤΑΣΗ", "dimoskal": "ΚΑΛΑΜΑΡΙΑ", "lines_ejyp": "07", "stop_type_cat": "Regular Stop", "type_rank": 4, "line_count": 1, "service_level": "Local stop" }, "geometry": { "type": "Point", "coordinates": [ 22.953994, 40.589271 ] } },
{ "type": "Feature", "properties": { "code": "Γ-10/015", "onomastasi": "ΧΗΛΙΤΗ", "type": "ΣΤΑΣΗ", "dimoskal": "ΚΑΛΑΜΑΡΙΑ", "lines_ejyp": "04A,07", "stop_type_cat": "Regular Stop", "type_rank": 4, "line_count": 2, "service_level": "Multi-line stop" }, "geometry": { "type": "Point", "coordinates": [ 22.953894, 40.589422 ] } },
{ "type": "Feature", "properties": { "code": "Γ-09/006", "onomastasi": "ΓΑΒΡΙΗΛΙΔΗ", "type": "ΣΤΑΣΗ", "dimoskal": "ΚΑΛΑΜΑΡΙΑ", "lines_ejyp": "04A,06", "stop_type_cat": "Regular Stop", "type_rank": 4, "line_count": 2, "service_level": "Multi-line stop" }, "geometry": { "type": "Point", "coordinates": [ 22.951463, 40.589663 ] } },
{ "type": "Feature", "properties": { "code": "Γ-09/007", "onomastasi": "ΓΑΒΡΙΗΛΙΔΗ", "type": "ΣΤΑΣΗ", "dimoskal": "ΚΑΛΑΜΑΡΙΑ", "lines_ejyp": "05B,06", "stop_type_cat": "Regular Stop", "type_rank": 4, "line_count": 2, "service_level": "Multi-line stop" }, "geometry": { "type": "Point", "coordinates": [ 22.951535, 40.589848 ] } },
{ "type": "Feature", "properties": { "code": "Γ-09/010", "onomastasi": "ΠΕΡΙΦΕΡΕΙΑΚΗ ΕΝΟΤΗΤΑ ΘΕΣΣΑΛΟΝΙΚΗΣ", "type": "ΣΤΑΣΗ", "dimoskal": "ΘΕΣΣΑΛΟΝΙΚΗ", "lines_ejyp": "01X,03K,33,33A,70,70A,71,71A", "stop_type_cat": "Regular Stop", "type_rank": 4, "line_count": 8, "service_level": "Major PT node" }, "geometry": { "type": "Point", "coordinates": [ 22.954221, 40.591232 ] } },
{ "type": "Feature", "properties": { "code": "Γ-09/008", "onomastasi": "ΕΛΛΗΝΙΚΟ ΚΟΛΛΕΓΙΟ", "type": "ΤΕΣ ΠΛΗΡΟΦΟΡΗΣΗ", "dimoskal": "ΚΑΛΑΜΑΡΙΑ", "lines_ejyp": "05,05A,05B,06", "stop_type_cat": "Info Stop", "type_rank": 3, "line_count": 4, "service_level": "High-service stop" }, "geometry": { "type": "Point", "coordinates": [ 22.95166, 40.592534 ] } },
{ "type": "Feature", "properties": { "code": "Γ-09/009", "onomastasi": "ΓΥΜΝΑΣΙΟ", "type": "ΣΤΑΣΗ", "dimoskal": "ΘΕΣΣΑΛΟΝΙΚΗ", "lines_ejyp": "03K,33,33A,70,70A,71,71A", "stop_type_cat": "Regular Stop", "type_rank": 4, "line_count": 7, "service_level": "Major PT node" }, "geometry": { "type": "Point", "coordinates": [ 22.953886, 40.593134 ] } },
{ "type": "Feature", "properties": { "code": "Γ-09/005", "onomastasi": "ΕΛΛΗΝΙΚΟ ΚΟΛΛΕΓΙΟ", "type": "ΣΤΑΣΗ", "dimoskal": "ΘΕΣΣΑΛΟΝΙΚΗ", "lines_ejyp": "05,05A,06", "stop_type_cat": "Regular Stop", "type_rank": 4, "line_count": 3, "service_level": "Multi-line stop" }, "geometry": { "type": "Point", "coordinates": [ 22.951881, 40.594241 ] } },
{ "type": "Feature", "properties": { "code": "Γ-10/047", "onomastasi": "ΜΙΧΑΗΛ ΨΕΛΛΟΥ", "type": "ΣΤΑΣΗ", "dimoskal": "ΘΕΣΣΑΛΟΝΙΚΗ", "lines_ejyp": "36,36A,36B,36E,36H,36K,36N,36P,36T,36Y,36Z", "stop_type_cat": "Regular Stop", "type_rank": 4, "line_count": 11, "service_level": "Major PT node" }, "geometry": { "type": "Point", "coordinates": [ 22.962734, 40.592007 ] } },
{ "type": "Feature", "properties": { "code": "Γ-10/002", "onomastasi": "ΚΗΦΙΣΙΑΣ", "type": "ΣΤΑΣΗ", "dimoskal": "ΘΕΣΣΑΛΟΝΙΚΗ", "lines_ejyp": "33,33A,39,39A", "stop_type_cat": "Regular Stop", "type_rank": 4, "line_count": 4, "service_level": "High-service stop" }, "geometry": { "type": "Point", "coordinates": [ 22.960838, 40.592487 ] } },
{ "type": "Feature", "properties": { "code": "Γ-10/001", "onomastasi": "ΚΗΦΙΣΙΑΣ", "type": "ΣΤΑΣΗ", "dimoskal": "ΘΕΣΣΑΛΟΝΙΚΗ", "lines_ejyp": "33,33A,36,36A,36B,36E,36H,36K,36N,36P,36T,36Y,36Z,39,39A", "stop_type_cat": "Regular Stop", "type_rank": 4, "line_count": 15, "service_level": "Major PT node" }, "geometry": { "type": "Point", "coordinates": [ 22.959713, 40.59336 ] } },
{ "type": "Feature", "properties": { "code": "Γ-09/033", "onomastasi": "ΑΓΙΟΣ  ΕΛΕΥΘΕΡΙΟΣ", "type": "ΣΤΑΣΗ", "dimoskal": "ΘΕΣΣΑΛΟΝΙΚΗ", "lines_ejyp": "02K,04A,07,33,33A,36,36A,36B,36E,36H,36K,36N,36P,36T,36Y,36Z,39,39A", "stop_type_cat": "Regular Stop", "type_rank": 4, "line_count": 18, "service_level": "Major PT node" }, "geometry": { "type": "Point", "coordinates": [ 22.959568, 40.59433 ] } },
{ "type": "Feature", "properties": { "code": "Γ-09/032", "onomastasi": "ΑΓΙΟΣ ΕΛΕΥΘΕΡΙΟΣ", "type": "ΣΤΑΣΗ", "dimoskal": "ΘΕΣΣΑΛΟΝΙΚΗ", "lines_ejyp": " 1N,01N,02K,04B,07,33,33A,39,39A", "stop_type_cat": "Regular Stop", "type_rank": 4, "line_count": 9, "service_level": "Major PT node" }, "geometry": { "type": "Point", "coordinates": [ 22.959699, 40.595241 ] } },
{ "type": "Feature", "properties": { "code": "Γ-09/034", "onomastasi": "ΒΟΥΛΓΑΡΗ", "type": "ΣΤΑΣΗ", "dimoskal": "ΘΕΣΣΑΛΟΝΙΚΗ", "lines_ejyp": "02K,04A", "stop_type_cat": "Regular Stop", "type_rank": 4, "line_count": 2, "service_level": "Multi-line stop" }, "geometry": { "type": "Point", "coordinates": [ 22.963359, 40.596627 ] } },
{ "type": "Feature", "properties": { "code": "Γ-09/035", "onomastasi": "Τ.Σ. ΒΟΥΛΓΑΡΗ", "type": "ΣΤΑΘΜΑΡΧΕΙΟ", "dimoskal": "ΘΕΣΣΑΛΟΝΙΚΗ", "lines_ejyp": "31,32N,36,36A,36B,36E,36H,36K,36N,36P,36T,36Y,36Z", "stop_type_cat": "Operational Facility", "type_rank": 5, "line_count": 13, "service_level": "Major PT node" }, "geometry": { "type": "Point", "coordinates": [ 22.96409, 40.596717 ] } },
{ "type": "Feature", "properties": { "code": "Γ-09/042", "onomastasi": "ΒΟΥΛΓΑΡΗ", "type": "ΣΤΑΣΗ", "dimoskal": "ΘΕΣΣΑΛΟΝΙΚΗ", "lines_ejyp": " 1N,01N,02K,04B", "stop_type_cat": "Regular Stop", "type_rank": 4, "line_count": 4, "service_level": "High-service stop" }, "geometry": { "type": "Point", "coordinates": [ 22.963981, 40.597055 ] } },
{ "type": "Feature", "properties": { "code": "Γ-09/031", "onomastasi": "ΤΖΑΒΕΛΛΑ", "type": "ΣΤΑΣΗ", "dimoskal": "ΘΕΣΣΑΛΟΝΙΚΗ", "lines_ejyp": "07,33,33A,39,39A", "stop_type_cat": "Regular Stop", "type_rank": 4, "line_count": 5, "service_level": "High-service stop" }, "geometry": { "type": "Point", "coordinates": [ 22.960181, 40.597529 ] } },
{ "type": "Feature", "properties": { "code": "Γ-09/030", "onomastasi": "ΤΖΑΒΕΛΛΑ", "type": "ΣΤΑΣΗ", "dimoskal": "ΘΕΣΣΑΛΟΝΙΚΗ", "lines_ejyp": "07,33,33A,39,39A", "stop_type_cat": "Regular Stop", "type_rank": 4, "line_count": 5, "service_level": "High-service stop" }, "geometry": { "type": "Point", "coordinates": [ 22.960072, 40.597568 ] } },
{ "type": "Feature", "properties": { "code": "Γ-09/011", "onomastasi": "ΠΕΡΙΦΕΡΕΙΑΚΗ ΕΝΟΤΗΤΑ ΘΕΣΣΑΛΟΝΙΚΗΣ", "type": "ΣΤΑΣΗ", "dimoskal": "ΘΕΣΣΑΛΟΝΙΚΗ", "lines_ejyp": "05,05A,05B,06", "stop_type_cat": "Regular Stop", "type_rank": 4, "line_count": 4, "service_level": "High-service stop" }, "geometry": { "type": "Point", "coordinates": [ 22.955096, 40.593375 ] } },
{ "type": "Feature", "properties": { "code": "Γ-09/012", "onomastasi": "Τ.Σ. ΑΠΟΘΗΚΗ", "type": "ΤΕΡΜΑΤΙΚΟΣ ΣΤΑΘΜΟΣ ( ΑΦΕΤΗΡΙΑ - ΤΕΡΜΑ )", "dimoskal": "ΘΕΣΣΑΛΟΝΙΚΗ", "lines_ejyp": "30", "stop_type_cat": "Terminal Stop", "type_rank": 2, "line_count": 1, "service_level": "Local stop" }, "geometry": { "type": "Point", "coordinates": [ 22.955596, 40.594114 ] } },
{ "type": "Feature", "properties": { "code": "Γ-09/014", "onomastasi": "CASA BIANCA", "type": "ΤΕΣ ΠΛΗΡΟΦΟΡΗΣΗ", "dimoskal": "ΘΕΣΣΑΛΟΝΙΚΗ", "lines_ejyp": " 1N,01N,03K,05,05A,05B,06,30,70,70A,71,71A", "stop_type_cat": "Info Stop", "type_rank": 3, "line_count": 12, "service_level": "Major PT node" }, "geometry": { "type": "Point", "coordinates": [ 22.956192, 40.596601 ] } },
{ "type": "Feature", "properties": { "code": "Γ-09/015", "onomastasi": "25ΗΣ ΜΑΡΤΙΟΥ", "type": "ΤΕΣ ΠΛΗΡΟΦΟΡΗΣΗ", "dimoskal": "ΘΕΣΣΑΛΟΝΙΚΗ", "lines_ejyp": " 1N,01N,01X,03K,05,05A,05B,06,70,70A,71,71A", "stop_type_cat": "Info Stop", "type_rank": 3, "line_count": 12, "service_level": "Major PT node" }, "geometry": { "type": "Point", "coordinates": [ 22.955042, 40.599014 ] } },
{ "type": "Feature", "properties": { "code": "Γ-09/018", "onomastasi": "ΒΑΣΙΛΙΣΣΗΣ ΟΛΓΑΣ", "type": "ΣΤΑΣΗ", "dimoskal": "ΘΕΣΣΑΛΟΝΙΚΗ", "lines_ejyp": "30", "stop_type_cat": "Regular Stop", "type_rank": 4, "line_count": 1, "service_level": "Local stop" }, "geometry": { "type": "Point", "coordinates": [ 22.955594, 40.599754 ] } },
{ "type": "Feature", "properties": { "code": "Γ-09/019", "onomastasi": "ΒΑΣΙΛΙΣΣΗΣ ΟΛΓΑΣ", "type": "ΣΤΑΣΗ", "dimoskal": "ΘΕΣΣΑΛΟΝΙΚΗ", "lines_ejyp": "30", "stop_type_cat": "Regular Stop", "type_rank": 4, "line_count": 1, "service_level": "Local stop" }, "geometry": { "type": "Point", "coordinates": [ 22.956218, 40.600007 ] } },
{ "type": "Feature", "properties": { "code": "Γ-09/020", "onomastasi": "ΚΡΗΤΗΣ", "type": "ΣΤΑΣΗ", "dimoskal": "ΘΕΣΣΑΛΟΝΙΚΗ", "lines_ejyp": "30", "stop_type_cat": "Regular Stop", "type_rank": 4, "line_count": 1, "service_level": "Local stop" }, "geometry": { "type": "Point", "coordinates": [ 22.957114, 40.600172 ] } },
{ "type": "Feature", "properties": { "code": "Γ-09/027", "onomastasi": "ΓΕΩΡΓΙΟΥ", "type": "ΤΕΣ ΠΛΗΡΟΦΟΡΗΣΗ", "dimoskal": "ΘΕΣΣΑΛΟΝΙΚΗ", "lines_ejyp": "07,33,33A,39,39A", "stop_type_cat": "Info Stop", "type_rank": 3, "line_count": 5, "service_level": "High-service stop" }, "geometry": { "type": "Point", "coordinates": [ 22.959328, 40.601488 ] } },
{ "type": "Feature", "properties": { "code": "Γ-09/026", "onomastasi": "ΓΕΩΡΓΙΟΥ", "type": "ΤΕΣ ΠΛΗΡΟΦΟΡΗΣΗ", "dimoskal": "ΘΕΣΣΑΛΟΝΙΚΗ", "lines_ejyp": "07,33,33A,39,39A", "stop_type_cat": "Info Stop", "type_rank": 3, "line_count": 5, "service_level": "High-service stop" }, "geometry": { "type": "Point", "coordinates": [ 22.959003, 40.602044 ] } },
{ "type": "Feature", "properties": { "code": "Γ-09/041", "onomastasi": "ΓΑΛΑΞΙΑΣ", "type": "ΣΤΑΣΗ", "dimoskal": "ΘΕΣΣΑΛΟΝΙΚΗ", "lines_ejyp": "07,33,33A,39,39A", "stop_type_cat": "Regular Stop", "type_rank": 4, "line_count": 5, "service_level": "High-service stop" }, "geometry": { "type": "Point", "coordinates": [ 22.959281, 40.6036 ] } },
{ "type": "Feature", "properties": { "code": "Β-11/004", "onomastasi": "ΜΑΡΜΑΡΑΔΙΚΟ", "type": "ΣΤΑΣΗ", "dimoskal": "ΠΥΛΑΙΑ ΧΟΡΤΙΑΤΗΣ", "lines_ejyp": "04Α,36Χ,66", "stop_type_cat": "Regular Stop", "type_rank": 4, "line_count": 3, "service_level": "Multi-line stop" }, "geometry": { "type": "Point", "coordinates": [ 22.981538, 40.586495 ] } },
{ "type": "Feature", "properties": { "code": "Β-11/003", "onomastasi": "ΜΑΡΜΑΡΑΔΙΚΟ", "type": "ΣΤΑΣΗ", "dimoskal": "ΠΥΛΑΙΑ ΧΟΡΤΙΑΤΗΣ", "lines_ejyp": "04Β,36Χ,66", "stop_type_cat": "Regular Stop", "type_rank": 4, "line_count": 3, "service_level": "Multi-line stop" }, "geometry": { "type": "Point", "coordinates": [ 22.981658, 40.586608 ] } },
{ "type": "Feature", "properties": { "code": "Γ-11/016", "onomastasi": "ΣΤΑΜΙΩΝ -LIDL", "type": "ΣΤΑΣΗ", "dimoskal": "ΠΥΛΑΙΑ ΧΟΡΤΙΑΤΗΣ", "lines_ejyp": "04Α,36Χ,66", "stop_type_cat": "Regular Stop", "type_rank": 4, "line_count": 3, "service_level": "Multi-line stop" }, "geometry": { "type": "Point", "coordinates": [ 22.973989, 40.586555 ] } },
{ "type": "Feature", "properties": { "code": "Γ-11/017", "onomastasi": "ΣΤΑΜΙΩΝ -LIDL", "type": "ΣΤΑΣΗ", "dimoskal": "ΠΥΛΑΙΑ ΧΟΡΤΙΑΤΗΣ", "lines_ejyp": "04Α,36Χ,66", "stop_type_cat": "Regular Stop", "type_rank": 4, "line_count": 3, "service_level": "Multi-line stop" }, "geometry": { "type": "Point", "coordinates": [ 22.973707, 40.587028 ] } },
{ "type": "Feature", "properties": { "code": "Β-10/028", "onomastasi": "ΞΕΝΩΝΑΣ ΘΕΑΓΕΝΕΙΟΥ", "type": "ΣΤΑΣΗ", "dimoskal": "ΠΥΛΑΙΑ ΧΟΡΤΙΑΤΗΣ", "lines_ejyp": "11Β,11Μ", "stop_type_cat": "Regular Stop", "type_rank": 4, "line_count": 2, "service_level": "Multi-line stop" }, "geometry": { "type": "Point", "coordinates": [ 22.981901, 40.590813 ] } },
{ "type": "Feature", "properties": { "code": "Β-10/028 b", "onomastasi": "ΞΕΝΩΝΑΣ ΘΕΑΓΕΝΕΙΟΥ", "type": "ΣΤΑΣΗ", "dimoskal": "ΠΥΛΑΙΑ ΧΟΡΤΙΑΤΗΣ", "lines_ejyp": "11Β,11Ε", "stop_type_cat": "Regular Stop", "type_rank": 4, "line_count": 2, "service_level": "Multi-line stop" }, "geometry": { "type": "Point", "coordinates": [ 22.981978, 40.590831 ] } },
{ "type": "Feature", "properties": { "code": "Γ-10/038", "onomastasi": "ΑΛΛΑΤΙΝΗ", "type": "ΣΤΑΣΗ", "dimoskal": "ΠΥΛΑΙΑ ΧΟΡΤΙΑΤΗΣ", "lines_ejyp": "04B,66", "stop_type_cat": "Regular Stop", "type_rank": 4, "line_count": 2, "service_level": "Multi-line stop" }, "geometry": { "type": "Point", "coordinates": [ 22.972068, 40.591898 ] } },
{ "type": "Feature", "properties": { "code": "ΦΟΡ 6-16 1", "onomastasi": "Μ ΑΛΛΑΤΙΝΗ", "type": "ΦΟΡΗΤΗ ΣΤΑΣΗ", "dimoskal": "ΠΥΛΑΙΑ ΧΟΡΤΙΑΤΗΣ", "lines_ejyp": "04Β,36Χ,66", "stop_type_cat": "Regular Stop", "type_rank": 4, "line_count": 3, "service_level": "Multi-line stop" }, "geometry": { "type": "Point", "coordinates": [ 22.972037, 40.592196 ] } },
{ "type": "Feature", "properties": { "code": "Γ-10/042", "onomastasi": "ΑΙΓΛΗ", "type": "ΣΤΑΣΗ", "dimoskal": "ΘΕΣΣΑΛΟΝΙΚΗ", "lines_ejyp": "04B,11T,66", "stop_type_cat": "Regular Stop", "type_rank": 4, "line_count": 3, "service_level": "Multi-line stop" }, "geometry": { "type": "Point", "coordinates": [ 22.972185, 40.593515 ] } },
{ "type": "Feature", "properties": { "code": "Β-10/031", "onomastasi": "ΓΗΠΕΔΟ", "type": "ΣΤΑΣΗ", "dimoskal": "ΠΥΛΑΙΑ ΧΟΡΤΙΑΤΗΣ", "lines_ejyp": "11Β,11Ε", "stop_type_cat": "Regular Stop", "type_rank": 4, "line_count": 2, "service_level": "Multi-line stop" }, "geometry": { "type": "Point", "coordinates": [ 22.981542, 40.593655 ] } },
{ "type": "Feature", "properties": { "code": "ΦΟΡ 6-16 2", "onomastasi": "Μ ΓΕΦΥΡΑ", "type": "ΦΟΡΗΤΗ ΣΤΑΣΗ", "dimoskal": "ΘΕΣΣΑΛΟΝΙΚΗ", "lines_ejyp": "", "stop_type_cat": "Regular Stop", "type_rank": 4, "line_count": 0, "service_level": "Unknown service" }, "geometry": { "type": "Point", "coordinates": [ 22.970889, 40.588247 ] } },
{ "type": "Feature", "properties": { "code": "Γ-10/031", "onomastasi": "ΑΓΙΑ ΑΝΑΣΤΑΣΙΑ", "type": "ΣΤΑΣΗ", "dimoskal": "ΘΕΣΣΑΛΟΝΙΚΗ", "lines_ejyp": "39,39A", "stop_type_cat": "Regular Stop", "type_rank": 4, "line_count": 2, "service_level": "Multi-line stop" }, "geometry": { "type": "Point", "coordinates": [ 22.96712, 40.588235 ] } },
{ "type": "Feature", "properties": { "code": "Γ-10/041", "onomastasi": "ΓΕΦΥΡΑ", "type": "ΣΤΑΣΗ", "dimoskal": "ΠΥΛΑΙΑ ΧΟΡΤΙΑΤΗΣ", "lines_ejyp": "04A,66", "stop_type_cat": "Regular Stop", "type_rank": 4, "line_count": 2, "service_level": "Multi-line stop" }, "geometry": { "type": "Point", "coordinates": [ 22.971386, 40.58885 ] } },
{ "type": "Feature", "properties": { "code": "Γ-10/040", "onomastasi": "ΓΕΦΥΡΑ", "type": "ΣΤΑΣΗ", "dimoskal": "ΠΥΛΑΙΑ ΧΟΡΤΙΑΤΗΣ", "lines_ejyp": "04Β,36Χ,66", "stop_type_cat": "Regular Stop", "type_rank": 4, "line_count": 3, "service_level": "Multi-line stop" }, "geometry": { "type": "Point", "coordinates": [ 22.971536, 40.588971 ] } },
{ "type": "Feature", "properties": { "code": "Γ-10/046", "onomastasi": "ΤΑΣΣΟΥ ΙΣΑΑΚ", "type": "ΣΤΑΣΗ", "dimoskal": "ΘΕΣΣΑΛΟΝΙΚΗ", "lines_ejyp": "39,39A", "stop_type_cat": "Regular Stop", "type_rank": 4, "line_count": 2, "service_level": "Multi-line stop" }, "geometry": { "type": "Point", "coordinates": [ 22.965086, 40.589598 ] } },
{ "type": "Feature", "properties": { "code": "Γ-10/039", "onomastasi": "ΑΛΛΑΤΙΝΗ", "type": "ΣΤΑΣΗ", "dimoskal": "ΠΥΛΑΙΑ ΧΟΡΤΙΑΤΗΣ", "lines_ejyp": "04A,66", "stop_type_cat": "Regular Stop", "type_rank": 4, "line_count": 2, "service_level": "Multi-line stop" }, "geometry": { "type": "Point", "coordinates": [ 22.971901, 40.591368 ] } },
{ "type": "Feature", "properties": { "code": "ΦΟΡ 6-16 3", "onomastasi": "Μ ΕΥΡΥΓΕΝΗ-ΜΙΧΑΗΛΙΔΗ", "type": "ΦΟΡΗΤΗ ΣΤΑΣΗ", "dimoskal": "ΘΕΣΣΑΛΟΝΙΚΗ", "lines_ejyp": "", "stop_type_cat": "Regular Stop", "type_rank": 4, "line_count": 0, "service_level": "Unknown service" }, "geometry": { "type": "Point", "coordinates": [ 22.967833, 40.591693 ] } },
{ "type": "Feature", "properties": { "code": "Γ-10/045", "onomastasi": "ΑΙΓΛΗ", "type": "ΣΤΑΣΗ", "dimoskal": "ΘΕΣΣΑΛΟΝΙΚΗ", "lines_ejyp": "04A,11T,66", "stop_type_cat": "Regular Stop", "type_rank": 4, "line_count": 3, "service_level": "Multi-line stop" }, "geometry": { "type": "Point", "coordinates": [ 22.971698, 40.594288 ] } },
{ "type": "Feature", "properties": { "code": "Γ-10/037", "onomastasi": "Τ.Σ. ΧΑΡΙΛΑΟΥ", "type": "ΤΕΣ ΠΛΗΡΟΦΟΡΗΣΗ", "dimoskal": "ΘΕΣΣΑΛΟΝΙΚΗ", "lines_ejyp": "04A,04B", "stop_type_cat": "Info Stop", "type_rank": 3, "line_count": 2, "service_level": "Multi-line stop" }, "geometry": { "type": "Point", "coordinates": [ 22.970648, 40.595922 ] } },
{ "type": "Feature", "properties": { "code": "Γ-10/037ΤΣ", "onomastasi": "Τ.Σ. ΧΑΡΙΛΑΟΥ", "type": "ΣΤΑΘΜΟΣ ΜΕΤΕΠΙΒΙΒΑΣΗΣ ΤΕΣ", "dimoskal": "ΘΕΣΣΑΛΟΝΙΚΗ", "lines_ejyp": "10,11T,66,", "stop_type_cat": "Transfer Station", "type_rank": 1, "line_count": 3, "service_level": "Multi-line stop" }, "geometry": { "type": "Point", "coordinates": [ 22.970919, 40.595964 ] } },
{ "type": "Feature", "properties": { "code": "Β-10/029", "onomastasi": "1o ΓΥΜΑΣΙΟ ΠΥΛΑΙΑΣ", "type": "ΣΤΑΣΗ", "dimoskal": "ΠΥΛΑΙΑ ΧΟΡΤΙΑΤΗΣ", "lines_ejyp": "11B,11E,11M", "stop_type_cat": "Regular Stop", "type_rank": 4, "line_count": 3, "service_level": "Multi-line stop" }, "geometry": { "type": "Point", "coordinates": [ 22.984352, 40.594251 ] } },
{ "type": "Feature", "properties": { "code": "Β-10/027", "onomastasi": "ΠΕΡΔΙΚΑ", "type": "ΣΤΑΣΗ", "dimoskal": "ΠΥΛΑΙΑ ΧΟΡΤΙΑΤΗΣ", "lines_ejyp": "11,11Β,11Ε,11Μ", "stop_type_cat": "Regular Stop", "type_rank": 4, "line_count": 4, "service_level": "High-service stop" }, "geometry": { "type": "Point", "coordinates": [ 22.985598, 40.59685 ] } },
{ "type": "Feature", "properties": { "code": "Β-10/016", "onomastasi": "ΠΛΑΤΕΙΑ ΠΑΛΙΟ ΤΕΡΜΑ ΠΥΛΑΙΑΣ", "type": "ΣΤΑΣΗ", "dimoskal": "ΠΥΛΑΙΑ ΧΟΡΤΙΑΤΗΣ", "lines_ejyp": "11,11Β,11Ε,11Μ,11Τ", "stop_type_cat": "Regular Stop", "type_rank": 4, "line_count": 5, "service_level": "High-service stop" }, "geometry": { "type": "Point", "coordinates": [ 22.985718, 40.598295 ] } },
{ "type": "Feature", "properties": { "code": "Β-10/017", "onomastasi": "ΠΛΑΤΕΙΑ ΠΑΛΙΟ ΤΕΡΜΑ ΠΥΛΑΙΑΣ", "type": "ΣΤΑΣΗ", "dimoskal": "ΠΥΛΑΙΑ ΧΟΡΤΙΑΤΗΣ", "lines_ejyp": "11,11Β,11Ε,11Μ,11Τ", "stop_type_cat": "Regular Stop", "type_rank": 4, "line_count": 5, "service_level": "High-service stop" }, "geometry": { "type": "Point", "coordinates": [ 22.985599, 40.598378 ] } },
{ "type": "Feature", "properties": { "code": "Β-10/003", "onomastasi": "ΓΥΜΝΑΣΙΟ", "type": "ΣΤΑΣΗ", "dimoskal": "ΘΕΣΣΑΛΟΝΙΚΗ", "lines_ejyp": "11,11B", "stop_type_cat": "Regular Stop", "type_rank": 4, "line_count": 2, "service_level": "Multi-line stop" }, "geometry": { "type": "Point", "coordinates": [ 22.97495, 40.598661 ] } },
{ "type": "Feature", "properties": { "code": "Β-10/002", "onomastasi": "ΓΥΜΝΑΣΙΟ", "type": "ΣΤΑΣΗ", "dimoskal": "ΘΕΣΣΑΛΟΝΙΚΗ", "lines_ejyp": "11,11B", "stop_type_cat": "Regular Stop", "type_rank": 4, "line_count": 2, "service_level": "Multi-line stop" }, "geometry": { "type": "Point", "coordinates": [ 22.97412, 40.598737 ] } },
{ "type": "Feature", "properties": { "code": "Β-10/004", "onomastasi": "ΑΓΙΑ ΚΥΡΙΑΚΗ", "type": "ΣΤΑΣΗ", "dimoskal": "ΘΕΣΣΑΛΟΝΙΚΗ", "lines_ejyp": "11,11B", "stop_type_cat": "Regular Stop", "type_rank": 4, "line_count": 2, "service_level": "Multi-line stop" }, "geometry": { "type": "Point", "coordinates": [ 22.975529, 40.599516 ] } },
{ "type": "Feature", "properties": { "code": "Β-10/001", "onomastasi": "ΝΙΚΑΝΟΡΟΣ", "type": "ΣΤΑΣΗ", "dimoskal": "ΘΕΣΣΑΛΟΝΙΚΗ", "lines_ejyp": "11,11B", "stop_type_cat": "Regular Stop", "type_rank": 4, "line_count": 2, "service_level": "Multi-line stop" }, "geometry": { "type": "Point", "coordinates": [ 22.973803, 40.599727 ] } },
{ "type": "Feature", "properties": { "code": "Β-10/005", "onomastasi": "ΑΓΙΑ ΚΥΡΙΑΚΗ", "type": "ΣΤΑΣΗ", "dimoskal": "ΘΕΣΣΑΛΟΝΙΚΗ", "lines_ejyp": "11,11B", "stop_type_cat": "Regular Stop", "type_rank": 4, "line_count": 2, "service_level": "Multi-line stop" }, "geometry": { "type": "Point", "coordinates": [ 22.975481, 40.599801 ] } },
{ "type": "Feature", "properties": { "code": "Β-09/020", "onomastasi": "ΜΥΣΤΑΚΙΔΗ", "type": "ΣΤΑΣΗ", "dimoskal": "ΘΕΣΣΑΛΟΝΙΚΗ", "lines_ejyp": "11,11B", "stop_type_cat": "Regular Stop", "type_rank": 4, "line_count": 2, "service_level": "Multi-line stop" }, "geometry": { "type": "Point", "coordinates": [ 22.972627, 40.600974 ] } },
{ "type": "Feature", "properties": { "code": "Α-10/005", "onomastasi": "ΚΟΛΛΕΓΙΟ ΑΝΑΤΟΛΙΑ", "type": "ΣΤΑΣΗ", "dimoskal": "ΠΥΛΑΙΑ ΧΟΡΤΙΑΤΗΣ", "lines_ejyp": "58", "stop_type_cat": "Regular Stop", "type_rank": 4, "line_count": 1, "service_level": "Local stop" }, "geometry": { "type": "Point", "coordinates": [ 23.000653, 40.597556 ] } },
{ "type": "Feature", "properties": { "code": "Α-10/003", "onomastasi": "ΜΕΓΑΣ ΑΛΕΞΑΝΔΡΟΣ", "type": "ΣΤΑΣΗ", "dimoskal": "ΠΥΛΑΙΑ ΧΟΡΤΙΑΤΗΣ", "lines_ejyp": "58", "stop_type_cat": "Regular Stop", "type_rank": 4, "line_count": 1, "service_level": "Local stop" }, "geometry": { "type": "Point", "coordinates": [ 22.999101, 40.59811 ] } },
{ "type": "Feature", "properties": { "code": "Α-10/004", "onomastasi": "ΜΕΓΑΣ ΑΛΕΞΑΝΔΡΟΣ", "type": "ΣΤΑΣΗ", "dimoskal": "ΠΥΛΑΙΑ ΧΟΡΤΙΑΤΗΣ", "lines_ejyp": "58", "stop_type_cat": "Regular Stop", "type_rank": 4, "line_count": 1, "service_level": "Local stop" }, "geometry": { "type": "Point", "coordinates": [ 22.998006, 40.598785 ] } },
{ "type": "Feature", "properties": { "code": "Β-10/018", "onomastasi": "ΣΤΡΕΨΑ", "type": "ΣΤΑΣΗ", "dimoskal": "ΠΥΛΑΙΑ ΧΟΡΤΙΑΤΗΣ", "lines_ejyp": "11,11Β,11Ε,11Μ", "stop_type_cat": "Regular Stop", "type_rank": 4, "line_count": 4, "service_level": "High-service stop" }, "geometry": { "type": "Point", "coordinates": [ 22.988043, 40.599097 ] } },
{ "type": "Feature", "properties": { "code": "Β-10/019", "onomastasi": "ΟΛΥΜΠΟΥ", "type": "ΣΤΑΣΗ", "dimoskal": "ΠΥΛΑΙΑ ΧΟΡΤΙΑΤΗΣ", "lines_ejyp": "11,11Β,11Ε,11Μ", "stop_type_cat": "Regular Stop", "type_rank": 4, "line_count": 4, "service_level": "High-service stop" }, "geometry": { "type": "Point", "coordinates": [ 22.99124, 40.599127 ] } },
{ "type": "Feature", "properties": { "code": "Α-10/002", "onomastasi": "ΚΟΙΜΗΤΗΡΙΑ ΠΥΛΑΙΑΣ", "type": "ΣΤΑΣΗ", "dimoskal": "ΠΥΛΑΙΑ ΧΟΡΤΙΑΤΗΣ", "lines_ejyp": "58", "stop_type_cat": "Regular Stop", "type_rank": 4, "line_count": 1, "service_level": "Local stop" }, "geometry": { "type": "Point", "coordinates": [ 22.995416, 40.599646 ] } },
{ "type": "Feature", "properties": { "code": "Β-10/015", "onomastasi": "ΣΤΡΕΨΑ", "type": "ΣΤΑΣΗ", "dimoskal": "ΠΥΛΑΙΑ ΧΟΡΤΙΑΤΗΣ", "lines_ejyp": "11,11Β,11Ε,11Μ,11Τ", "stop_type_cat": "Regular Stop", "type_rank": 4, "line_count": 5, "service_level": "High-service stop" }, "geometry": { "type": "Point", "coordinates": [ 22.987312, 40.599604 ] } },
{ "type": "Feature", "properties": { "code": "Β-10/006", "onomastasi": "ΓΡ 11 ΛΑΙΚΗ", "type": "ΣΤΑΣΗ", "dimoskal": "ΠΥΛΑΙΑ ΧΟΡΤΙΑΤΗΣ", "lines_ejyp": "11,11B,11E,11T", "stop_type_cat": "Regular Stop", "type_rank": 4, "line_count": 4, "service_level": "High-service stop" }, "geometry": { "type": "Point", "coordinates": [ 22.986117, 40.599672 ] } },
{ "type": "Feature", "properties": { "code": "Α-10/001", "onomastasi": "ΚΟΙΜΗΤΗΡΙΑ ΠΥΛΑΙΑΣ", "type": "ΣΤΑΣΗ", "dimoskal": "ΠΥΛΑΙΑ ΧΟΡΤΙΑΤΗΣ", "lines_ejyp": "58", "stop_type_cat": "Regular Stop", "type_rank": 4, "line_count": 1, "service_level": "Local stop" }, "geometry": { "type": "Point", "coordinates": [ 22.994182, 40.600153 ] } },
{ "type": "Feature", "properties": { "code": "Β-10/014", "onomastasi": "ΕΚΚΛΗΣΙΑ", "type": "ΣΤΑΣΗ", "dimoskal": "ΠΥΛΑΙΑ ΧΟΡΤΙΑΤΗΣ", "lines_ejyp": "11,11Β,11Ε,11Μ,11Τ", "stop_type_cat": "Regular Stop", "type_rank": 4, "line_count": 5, "service_level": "High-service stop" }, "geometry": { "type": "Point", "coordinates": [ 22.988633, 40.600337 ] } },
{ "type": "Feature", "properties": { "code": "Β-10/025", "onomastasi": "ΒΟΥΛΓΑΡΗ", "type": "ΣΤΑΣΗ", "dimoskal": "ΘΕΣΣΑΛΟΝΙΚΗ", "lines_ejyp": "04A", "stop_type_cat": "Regular Stop", "type_rank": 4, "line_count": 1, "service_level": "Local stop" }, "geometry": { "type": "Point", "coordinates": [ 22.968315, 40.597301 ] } },
{ "type": "Feature", "properties": { "code": "Β-10/024", "onomastasi": "ΒΟΥΛΓΑΡΗ", "type": "ΣΤΑΣΗ", "dimoskal": "ΘΕΣΣΑΛΟΝΙΚΗ", "lines_ejyp": "04B", "stop_type_cat": "Regular Stop", "type_rank": 4, "line_count": 1, "service_level": "Local stop" }, "geometry": { "type": "Point", "coordinates": [ 22.968332, 40.59752 ] } },
{ "type": "Feature", "properties": { "code": "Β-10/023", "onomastasi": "ΠΑΛΙΟ ΤΕΡΜΑ", "type": "ΣΤΑΣΗ", "dimoskal": "ΘΕΣΣΑΛΟΝΙΚΗ", "lines_ejyp": "10", "stop_type_cat": "Regular Stop", "type_rank": 4, "line_count": 1, "service_level": "Local stop" }, "geometry": { "type": "Point", "coordinates": [ 22.971151, 40.598015 ] } },
{ "type": "Feature", "properties": { "code": "Β-09/009", "onomastasi": "ΒΟΥΛΓΑΡΗ", "type": "ΣΤΑΣΗ", "dimoskal": "ΘΕΣΣΑΛΟΝΙΚΗ", "lines_ejyp": "10,36X", "stop_type_cat": "Regular Stop", "type_rank": 4, "line_count": 2, "service_level": "Multi-line stop" }, "geometry": { "type": "Point", "coordinates": [ 22.970883, 40.598433 ] } },
{ "type": "Feature", "properties": { "code": "Β-09/008", "onomastasi": "ΒΟΥΛΓΑΡΗ", "type": "ΣΤΑΣΗ", "dimoskal": "ΘΕΣΣΑΛΟΝΙΚΗ", "lines_ejyp": "10,36X", "stop_type_cat": "Regular Stop", "type_rank": 4, "line_count": 2, "service_level": "Multi-line stop" }, "geometry": { "type": "Point", "coordinates": [ 22.970638, 40.599497 ] } },
{ "type": "Feature", "properties": { "code": "Β-09/007", "onomastasi": "ΓΗΠΕΔΟ ΑΡΗ", "type": "ΣΤΑΣΗ", "dimoskal": "ΘΕΣΣΑΛΟΝΙΚΗ", "lines_ejyp": "10", "stop_type_cat": "Regular Stop", "type_rank": 4, "line_count": 1, "service_level": "Local stop" }, "geometry": { "type": "Point", "coordinates": [ 22.970098, 40.600422 ] } },
{ "type": "Feature", "properties": { "code": "Γ-09/036", "onomastasi": "25ΗΣ ΜΑΡΤΙΟΥ", "type": "ΤΕΣ ΠΛΗΡΟΦΟΡΗΣΗ", "dimoskal": "ΘΕΣΣΑΛΟΝΙΚΗ", "lines_ejyp": " 1N,01N,02K,10,31,32N,45,45A,45B", "stop_type_cat": "Info Stop", "type_rank": 3, "line_count": 9, "service_level": "Major PT node" }, "geometry": { "type": "Point", "coordinates": [ 22.964256, 40.600885 ] } },
{ "type": "Feature", "properties": { "code": "Β-09/006", "onomastasi": "ΓΗΠΕΔΟ ΑΡΗ", "type": "ΣΤΑΣΗ", "dimoskal": "ΘΕΣΣΑΛΟΝΙΚΗ", "lines_ejyp": "10", "stop_type_cat": "Regular Stop", "type_rank": 4, "line_count": 1, "service_level": "Local stop" }, "geometry": { "type": "Point", "coordinates": [ 22.969938, 40.601219 ] } },
{ "type": "Feature", "properties": { "code": "Γ-09/037", "onomastasi": "25ΗΣ ΜΑΡΤΙΟΥ", "type": "ΣΤΑΣΗ", "dimoskal": "ΘΕΣΣΑΛΟΝΙΚΗ", "lines_ejyp": "02K,10,31,32N,45,45A,45B", "stop_type_cat": "Regular Stop", "type_rank": 4, "line_count": 7, "service_level": "Major PT node" }, "geometry": { "type": "Point", "coordinates": [ 22.96446, 40.601172 ] } },
{ "type": "Feature", "properties": { "code": "Β-09/042", "onomastasi": "ΣΤΡΟΦΗ ΠΑΝΟΡΑΜΑΤΟΣ", "type": "ΣΤΑΣΗ", "dimoskal": "ΘΕΣΣΑΛΟΝΙΚΗ", "lines_ejyp": "58", "stop_type_cat": "Regular Stop", "type_rank": 4, "line_count": 1, "service_level": "Local stop" }, "geometry": { "type": "Point", "coordinates": [ 22.970977, 40.601816 ] } },
{ "type": "Feature", "properties": { "code": "Β-10/011", "onomastasi": "ΓΕΦΥΡΑ", "type": "ΣΤΑΣΗ", "dimoskal": "ΠΥΛΑΙΑ ΧΟΡΤΙΑΤΗΣ", "lines_ejyp": "11,11Β,11Ε,11Μ,58", "stop_type_cat": "Regular Stop", "type_rank": 4, "line_count": 5, "service_level": "High-service stop" }, "geometry": { "type": "Point", "coordinates": [ 22.981583, 40.601403 ] } },
{ "type": "Feature", "properties": { "code": "Β-09/019", "onomastasi": "ΜΥΣΤΑΚΙΔΗ", "type": "ΣΤΑΣΗ", "dimoskal": "ΘΕΣΣΑΛΟΝΙΚΗ", "lines_ejyp": "11,11B", "stop_type_cat": "Regular Stop", "type_rank": 4, "line_count": 2, "service_level": "Multi-line stop" }, "geometry": { "type": "Point", "coordinates": [ 22.9725, 40.601512 ] } },
{ "type": "Feature", "properties": { "code": "Β-10/010", "onomastasi": "ΓΕΦΥΡΑ", "type": "ΣΤΑΣΗ", "dimoskal": "ΠΥΛΑΙΑ ΧΟΡΤΙΑΤΗΣ", "lines_ejyp": "11,11Β,11Ε,11Μ,58", "stop_type_cat": "Regular Stop", "type_rank": 4, "line_count": 5, "service_level": "High-service stop" }, "geometry": { "type": "Point", "coordinates": [ 22.98119, 40.6016 ] } },
{ "type": "Feature", "properties": { "code": "Β-09/047", "onomastasi": "ΦΟΡΟΣ", "type": "ΣΤΑΣΗ", "dimoskal": "ΘΕΣΣΑΛΟΝΙΚΗ", "lines_ejyp": "11,11B", "stop_type_cat": "Regular Stop", "type_rank": 4, "line_count": 2, "service_level": "Multi-line stop" }, "geometry": { "type": "Point", "coordinates": [ 22.975357, 40.60162 ] } },
{ "type": "Feature", "properties": { "code": "Β-09/043", "onomastasi": "ΣΤΡΟΦΗ ΠΑΝΟΡΑΜΑΤΟΣ", "type": "ΣΤΑΣΗ", "dimoskal": "ΘΕΣΣΑΛΟΝΙΚΗ", "lines_ejyp": "58", "stop_type_cat": "Regular Stop", "type_rank": 4, "line_count": 1, "service_level": "Local stop" }, "geometry": { "type": "Point", "coordinates": [ 22.97181, 40.602112 ] } },
{ "type": "Feature", "properties": { "code": "Β-09/048", "onomastasi": "ΦΟΡΟΣ", "type": "ΣΤΑΣΗ", "dimoskal": "ΘΕΣΣΑΛΟΝΙΚΗ", "lines_ejyp": "11,11B", "stop_type_cat": "Regular Stop", "type_rank": 4, "line_count": 2, "service_level": "Multi-line stop" }, "geometry": { "type": "Point", "coordinates": [ 22.975273, 40.602158 ] } },
{ "type": "Feature", "properties": { "code": "Β-09/050", "onomastasi": "ΠΑΠΑΝΑΚΛΗ", "type": "ΣΤΑΣΗ", "dimoskal": "ΘΕΣΣΑΛΟΝΙΚΗ", "lines_ejyp": "11,11B,58", "stop_type_cat": "Regular Stop", "type_rank": 4, "line_count": 3, "service_level": "Multi-line stop" }, "geometry": { "type": "Point", "coordinates": [ 22.977729, 40.60239 ] } },
{ "type": "Feature", "properties": { "code": "Β-09/049", "onomastasi": "ΠΑΠΑΝΑΚΛΗ", "type": "ΣΤΑΣΗ", "dimoskal": "ΘΕΣΣΑΛΟΝΙΚΗ", "lines_ejyp": "11,11B,58", "stop_type_cat": "Regular Stop", "type_rank": 4, "line_count": 3, "service_level": "Multi-line stop" }, "geometry": { "type": "Point", "coordinates": [ 22.977685, 40.602467 ] } },
{ "type": "Feature", "properties": { "code": "Β-09/044", "onomastasi": "ΑΓΙΟΥ ΝΙΚΟΛΑΟΥ", "type": "ΣΤΑΣΗ", "dimoskal": "ΘΕΣΣΑΛΟΝΙΚΗ", "lines_ejyp": "11,11B,58", "stop_type_cat": "Regular Stop", "type_rank": 4, "line_count": 3, "service_level": "Multi-line stop" }, "geometry": { "type": "Point", "coordinates": [ 22.973757, 40.602541 ] } },
{ "type": "Feature", "properties": { "code": "Β-09/045", "onomastasi": "ΑΓΙΟΥ ΝΙΚΟΛΑΟΥ", "type": "ΣΤΑΣΗ", "dimoskal": "ΘΕΣΣΑΛΟΝΙΚΗ", "lines_ejyp": "11,11B,58", "stop_type_cat": "Regular Stop", "type_rank": 4, "line_count": 3, "service_level": "Multi-line stop" }, "geometry": { "type": "Point", "coordinates": [ 22.974284, 40.602555 ] } },
{ "type": "Feature", "properties": { "code": "Β-10/021", "onomastasi": "ΕΚΚΛΗΣΙΑ", "type": "ΣΤΑΣΗ", "dimoskal": "ΠΥΛΑΙΑ ΧΟΡΤΙΑΤΗΣ", "lines_ejyp": "58", "stop_type_cat": "Regular Stop", "type_rank": 4, "line_count": 1, "service_level": "Local stop" }, "geometry": { "type": "Point", "coordinates": [ 22.991219, 40.600665 ] } },
{ "type": "Feature", "properties": { "code": "Β-10/012", "onomastasi": "ΓΕΡΑΝΙΟΥ", "type": "ΣΤΑΣΗ", "dimoskal": "ΠΥΛΑΙΑ ΧΟΡΤΙΑΤΗΣ", "lines_ejyp": "11,11Β,11Ε,11Μ,58", "stop_type_cat": "Regular Stop", "type_rank": 4, "line_count": 5, "service_level": "High-service stop" }, "geometry": { "type": "Point", "coordinates": [ 22.985974, 40.600761 ] } },
{ "type": "Feature", "properties": { "code": "Β-10/013", "onomastasi": "ΓΕΡΑΝΙΟΥ", "type": "ΤΕΣ ΠΛΗΡΟΦΟΡΗΣΗ", "dimoskal": "ΠΥΛΑΙΑ ΧΟΡΤΙΑΤΗΣ", "lines_ejyp": "11,11Β,11Ε,11Μ,58", "stop_type_cat": "Info Stop", "type_rank": 3, "line_count": 5, "service_level": "High-service stop" }, "geometry": { "type": "Point", "coordinates": [ 22.986466, 40.600861 ] } },
{ "type": "Feature", "properties": { "code": "Β-10/020", "onomastasi": "ΕΚΚΛΗΣΙΑ", "type": "ΣΤΑΣΗ", "dimoskal": "ΠΥΛΑΙΑ ΧΟΡΤΙΑΤΗΣ", "lines_ejyp": "11,11Β,11Ε,11Μ,11Τ", "stop_type_cat": "Regular Stop", "type_rank": 4, "line_count": 5, "service_level": "High-service stop" }, "geometry": { "type": "Point", "coordinates": [ 22.989738, 40.60097 ] } },
{ "type": "Feature", "properties": { "code": "Α-10/007", "onomastasi": "ΚΛΙΝΙΚΗ ΓΕΝΝΕΣΙΣ", "type": "ΣΤΑΣΗ", "dimoskal": "ΠΥΛΑΙΑ ΧΟΡΤΙΑΤΗΣ", "lines_ejyp": "14Α", "stop_type_cat": "Regular Stop", "type_rank": 4, "line_count": 1, "service_level": "Local stop" }, "geometry": { "type": "Point", "coordinates": [ 23.000717, 40.605226 ] } },
{ "type": "Feature", "properties": { "code": "Α-10/010", "onomastasi": "ΒΙΟΤΕΧΝΙΚΟ ΠΑΡΚΟ", "type": "ΣΤΑΣΗ", "dimoskal": "ΠΥΛΑΙΑ ΧΟΡΤΙΑΤΗΣ", "lines_ejyp": "14Α", "stop_type_cat": "Regular Stop", "type_rank": 4, "line_count": 1, "service_level": "Local stop" }, "geometry": { "type": "Point", "coordinates": [ 22.998168, 40.606155 ] } },
{ "type": "Feature", "properties": { "code": "Α-10/009", "onomastasi": "ΔΙΤΣΙΡΑΠΗ", "type": "ΣΤΑΣΗ", "dimoskal": "ΠΥΛΑΙΑ ΧΟΡΤΙΑΤΗΣ", "lines_ejyp": "14Α", "stop_type_cat": "Regular Stop", "type_rank": 4, "line_count": 1, "service_level": "Local stop" }, "geometry": { "type": "Point", "coordinates": [ 22.996802, 40.606565 ] } },
{ "type": "Feature", "properties": { "code": "Α-10/006", "onomastasi": "ΣΜΥΡΝΗΣ", "type": "ΣΤΑΣΗ", "dimoskal": "ΠΥΛΑΙΑ ΧΟΡΤΙΑΤΗΣ", "lines_ejyp": "14Α", "stop_type_cat": "Regular Stop", "type_rank": 4, "line_count": 1, "service_level": "Local stop" }, "geometry": { "type": "Point", "coordinates": [ 22.994677, 40.6072 ] } },
{ "type": "Feature", "properties": { "code": "Α-10/008", "onomastasi": "ΣΜΥΡΝΗΣ", "type": "ΣΤΑΣΗ", "dimoskal": "ΠΥΛΑΙΑ ΧΟΡΤΙΑΤΗΣ", "lines_ejyp": "14Α", "stop_type_cat": "Regular Stop", "type_rank": 4, "line_count": 1, "service_level": "Local stop" }, "geometry": { "type": "Point", "coordinates": [ 22.994971, 40.607262 ] } },
{ "type": "Feature", "properties": { "code": "Α-09/007", "onomastasi": "ΒΕΝΖΙΝΑΔΙΚΟ", "type": "ΣΤΑΣΗ", "dimoskal": "ΠΥΛΑΙΑ ΧΟΡΤΙΑΤΗΣ", "lines_ejyp": "14Α", "stop_type_cat": "Regular Stop", "type_rank": 4, "line_count": 1, "service_level": "Local stop" }, "geometry": { "type": "Point", "coordinates": [ 22.991399, 40.608873 ] } },
{ "type": "Feature", "properties": { "code": "Γ-09/024", "onomastasi": "ΚΩΝΣΤΑΝΤΙΝΟΥΠΟΛΕΩΣ", "type": "ΣΤΑΣΗ", "dimoskal": "ΘΕΣΣΑΛΟΝΙΚΗ", "lines_ejyp": "30", "stop_type_cat": "Regular Stop", "type_rank": 4, "line_count": 1, "service_level": "Local stop" }, "geometry": { "type": "Point", "coordinates": [ 22.966095, 40.602662 ] } },
{ "type": "Feature", "properties": { "code": "Β-09/010", "onomastasi": "ΚΩΝΣΤΑΝΤΙΝΟΥΠΟΛΕΩΣ", "type": "ΣΤΑΣΗ", "dimoskal": "ΘΕΣΣΑΛΟΝΙΚΗ", "lines_ejyp": "30", "stop_type_cat": "Regular Stop", "type_rank": 4, "line_count": 1, "service_level": "Local stop" }, "geometry": { "type": "Point", "coordinates": [ 22.96612, 40.602752 ] } },
{ "type": "Feature", "properties": { "code": "Β-09/004", "onomastasi": "ΟΣΙΑ ΞΕΝΗ", "type": "ΤΕΣ ΠΛΗΡΟΦΟΡΗΣΗ", "dimoskal": "ΘΕΣΣΑΛΟΝΙΚΗ", "lines_ejyp": "10,30,58", "stop_type_cat": "Info Stop", "type_rank": 3, "line_count": 3, "service_level": "Multi-line stop" }, "geometry": { "type": "Point", "coordinates": [ 22.968739, 40.603857 ] } },
{ "type": "Feature", "properties": { "code": "Β-09/005", "onomastasi": "ΟΣΙΑ ΞΕΝΗ", "type": "ΤΕΣ ΠΛΗΡΟΦΟΡΗΣΗ", "dimoskal": "ΘΕΣΣΑΛΟΝΙΚΗ", "lines_ejyp": "10,30,58", "stop_type_cat": "Info Stop", "type_rank": 3, "line_count": 3, "service_level": "Multi-line stop" }, "geometry": { "type": "Point", "coordinates": [ 22.968838, 40.604067 ] } },
{ "type": "Feature", "properties": { "code": "Γ-09/039", "onomastasi": "ΒΡΥΣΑΚΙ", "type": "ΣΤΑΣΗ", "dimoskal": "ΘΕΣΣΑΛΟΝΙΚΗ", "lines_ejyp": "02K,10,31,32N", "stop_type_cat": "Regular Stop", "type_rank": 4, "line_count": 4, "service_level": "High-service stop" }, "geometry": { "type": "Point", "coordinates": [ 22.964125, 40.605047 ] } },
{ "type": "Feature", "properties": { "code": "Β-09/016", "onomastasi": "ΔΟΥΚΑΚΗ", "type": "ΣΤΑΣΗ", "dimoskal": "ΘΕΣΣΑΛΟΝΙΚΗ", "lines_ejyp": "11,11B", "stop_type_cat": "Regular Stop", "type_rank": 4, "line_count": 2, "service_level": "Multi-line stop" }, "geometry": { "type": "Point", "coordinates": [ 22.970792, 40.606486 ] } },
{ "type": "Feature", "properties": { "code": "Β-09/015", "onomastasi": "ΔΟΥΚΑΚΗ", "type": "ΣΤΑΣΗ", "dimoskal": "ΘΕΣΣΑΛΟΝΙΚΗ", "lines_ejyp": "11,11B", "stop_type_cat": "Regular Stop", "type_rank": 4, "line_count": 2, "service_level": "Multi-line stop" }, "geometry": { "type": "Point", "coordinates": [ 22.970723, 40.606903 ] } },
{ "type": "Feature", "properties": { "code": "Β-09/003", "onomastasi": "ΓΡΑΦΕΙΑ Ο.Α.Σ.Θ.", "type": "ΣΤΑΣΗ", "dimoskal": "ΘΕΣΣΑΛΟΝΙΚΗ", "lines_ejyp": "10,30,58", "stop_type_cat": "Regular Stop", "type_rank": 4, "line_count": 3, "service_level": "Multi-line stop" }, "geometry": { "type": "Point", "coordinates": [ 22.966777, 40.60729 ] } },
{ "type": "Feature", "properties": { "code": "Β-09/002", "onomastasi": "ΓΡΑΦΕΙΑ Ο.Α.Σ.Θ.", "type": "ΤΕΣ ΠΛΗΡΟΦΟΡΗΣΗ", "dimoskal": "ΘΕΣΣΑΛΟΝΙΚΗ", "lines_ejyp": "10,30,58", "stop_type_cat": "Info Stop", "type_rank": 3, "line_count": 3, "service_level": "Multi-line stop" }, "geometry": { "type": "Point", "coordinates": [ 22.966618, 40.607706 ] } },
{ "type": "Feature", "properties": { "code": "Β-09/001", "onomastasi": "ΕΚΚΛΗΣΙΑ", "type": "ΣΤΑΣΗ", "dimoskal": "ΘΕΣΣΑΛΟΝΙΚΗ", "lines_ejyp": "10,58", "stop_type_cat": "Regular Stop", "type_rank": 4, "line_count": 2, "service_level": "Multi-line stop" }, "geometry": { "type": "Point", "coordinates": [ 22.965859, 40.608528 ] } },
{ "type": "Feature", "properties": { "code": "Β-09/018", "onomastasi": "ΑΓΙΟΥ ΝΙΚΟΛΑΟΥ", "type": "ΣΤΑΣΗ", "dimoskal": "ΘΕΣΣΑΛΟΝΙΚΗ", "lines_ejyp": "11,11B", "stop_type_cat": "Regular Stop", "type_rank": 4, "line_count": 2, "service_level": "Multi-line stop" }, "geometry": { "type": "Point", "coordinates": [ 22.971944, 40.602993 ] } },
{ "type": "Feature", "properties": { "code": "Β-09/017", "onomastasi": "ΑΓΙΟΥ ΝΙΚΟΛΑΟΥ", "type": "ΣΤΑΣΗ", "dimoskal": "ΘΕΣΣΑΛΟΝΙΚΗ", "lines_ejyp": "11,11B", "stop_type_cat": "Regular Stop", "type_rank": 4, "line_count": 2, "service_level": "Multi-line stop" }, "geometry": { "type": "Point", "coordinates": [ 22.971888, 40.603457 ] } },
{ "type": "Feature", "properties": { "code": "Β-09/032", "onomastasi": "ΠΥΛΑΙΑΣ 2", "type": "ΣΤΑΣΗ", "dimoskal": "ΘΕΣΣΑΛΟΝΙΚΗ", "lines_ejyp": "", "stop_type_cat": "Regular Stop", "type_rank": 4, "line_count": 0, "service_level": "Unknown service" }, "geometry": { "type": "Point", "coordinates": [ 22.981165, 40.606768 ] } },
{ "type": "Feature", "properties": { "code": "Β-09/052", "onomastasi": "Τ.Σ. ΚΑΤΩ ΤΟΥΜΠΑΣ", "type": "ΤΕΡΜΑΤΙΚΟΣ ΣΤΑΘΜΟΣ ( ΑΦΕΤΗΡΙΑ - ΤΕΡΜΑ )", "dimoskal": "ΘΕΣΣΑΛΟΝΙΚΗ", "lines_ejyp": "12", "stop_type_cat": "Terminal Stop", "type_rank": 2, "line_count": 1, "service_level": "Local stop" }, "geometry": { "type": "Point", "coordinates": [ 22.981638, 40.607294 ] } },
{ "type": "Feature", "properties": { "code": "Β-09/029", "onomastasi": "ΚΛΗΜΑΤΑΡΙΑ", "type": "ΣΤΑΣΗ", "dimoskal": "ΘΕΣΣΑΛΟΝΙΚΗ", "lines_ejyp": "12,30", "stop_type_cat": "Regular Stop", "type_rank": 4, "line_count": 2, "service_level": "Multi-line stop" }, "geometry": { "type": "Point", "coordinates": [ 22.977203, 40.608184 ] } },
{ "type": "Feature", "properties": { "code": "Β-09/030", "onomastasi": "ΚΛΗΜΑΤΑΡΙΑ", "type": "ΤΕΣ ΠΛΗΡΟΦΟΡΗΣΗ", "dimoskal": "ΘΕΣΣΑΛΟΝΙΚΗ", "lines_ejyp": "12,30", "stop_type_cat": "Info Stop", "type_rank": 3, "line_count": 2, "service_level": "Multi-line stop" }, "geometry": { "type": "Point", "coordinates": [ 22.977098, 40.608268 ] } },
{ "type": "Feature", "properties": { "code": "Β-09/031", "onomastasi": "ΠΥΛΑΙΑΣ 1", "type": "ΣΤΑΣΗ", "dimoskal": "ΘΕΣΣΑΛΟΝΙΚΗ", "lines_ejyp": "12", "stop_type_cat": "Regular Stop", "type_rank": 4, "line_count": 1, "service_level": "Local stop" }, "geometry": { "type": "Point", "coordinates": [ 22.979796, 40.608411 ] } },
{ "type": "Feature", "properties": { "code": "Β-09/046", "onomastasi": "ΠΑΡΚΟ", "type": "ΣΤΑΣΗ", "dimoskal": "ΘΕΣΣΑΛΟΝΙΚΗ", "lines_ejyp": "30,36Χ", "stop_type_cat": "Regular Stop", "type_rank": 4, "line_count": 2, "service_level": "Multi-line stop" }, "geometry": { "type": "Point", "coordinates": [ 22.983386, 40.608604 ] } },
{ "type": "Feature", "properties": { "code": "Β-09/027", "onomastasi": "ΑΡΤΑΚΗΣ", "type": "ΣΤΑΣΗ", "dimoskal": "ΘΕΣΣΑΛΟΝΙΚΗ", "lines_ejyp": "30,36X", "stop_type_cat": "Regular Stop", "type_rank": 4, "line_count": 2, "service_level": "Multi-line stop" }, "geometry": { "type": "Point", "coordinates": [ 22.973442, 40.608644 ] } },
{ "type": "Feature", "properties": { "code": "Β-09/028", "onomastasi": "ΑΡΤΑΚΗΣ", "type": "ΣΤΑΣΗ", "dimoskal": "ΘΕΣΣΑΛΟΝΙΚΗ", "lines_ejyp": "30,36X,12", "stop_type_cat": "Regular Stop", "type_rank": 4, "line_count": 3, "service_level": "Multi-line stop" }, "geometry": { "type": "Point", "coordinates": [ 22.973641, 40.608682 ] } },
{ "type": "Feature", "properties": { "code": "Β-09/037", "onomastasi": "ΠΑΡΚΟ", "type": "ΣΤΑΣΗ", "dimoskal": "ΘΕΣΣΑΛΟΝΙΚΗ", "lines_ejyp": "30,36Χ", "stop_type_cat": "Regular Stop", "type_rank": 4, "line_count": 2, "service_level": "Multi-line stop" }, "geometry": { "type": "Point", "coordinates": [ 22.983573, 40.608944 ] } },
{ "type": "Feature", "properties": { "code": "Β-09/033", "onomastasi": "ΕΠΙΔΑΥΡΟΥ", "type": "ΣΤΑΣΗ", "dimoskal": "ΘΕΣΣΑΛΟΝΙΚΗ", "lines_ejyp": "12", "stop_type_cat": "Regular Stop", "type_rank": 4, "line_count": 1, "service_level": "Local stop" }, "geometry": { "type": "Point", "coordinates": [ 22.980291, 40.608974 ] } },
{ "type": "Feature", "properties": { "code": "Β-09/024", "onomastasi": "ΒΟΣΠΟΡΟΥ", "type": "ΣΤΑΣΗ", "dimoskal": "ΘΕΣΣΑΛΟΝΙΚΗ", "lines_ejyp": "12,30", "stop_type_cat": "Regular Stop", "type_rank": 4, "line_count": 2, "service_level": "Multi-line stop" }, "geometry": { "type": "Point", "coordinates": [ 22.974841, 40.609391 ] } },
{ "type": "Feature", "properties": { "code": "Β-09/054", "onomastasi": "ΒΟΣΠΟΡΟΥ", "type": "ΣΤΑΣΗ", "dimoskal": "ΘΕΣΣΑΛΟΝΙΚΗ", "lines_ejyp": "12,30", "stop_type_cat": "Regular Stop", "type_rank": 4, "line_count": 2, "service_level": "Multi-line stop" }, "geometry": { "type": "Point", "coordinates": [ 22.974901, 40.609589 ] } },
{ "type": "Feature", "properties": { "code": "Β-09/056", "onomastasi": "ΕΠΙΔΑΥΡΟΥ", "type": "ΣΤΑΣΗ", "dimoskal": "ΘΕΣΣΑΛΟΝΙΚΗ", "lines_ejyp": "30", "stop_type_cat": "Regular Stop", "type_rank": 4, "line_count": 1, "service_level": "Local stop" }, "geometry": { "type": "Point", "coordinates": [ 22.979687, 40.60975 ] } },
{ "type": "Feature", "properties": { "code": "Β-09/034", "onomastasi": "ΕΠΙΔΑΥΡΟΥ", "type": "ΣΤΑΣΗ", "dimoskal": "ΘΕΣΣΑΛΟΝΙΚΗ", "lines_ejyp": "30", "stop_type_cat": "Regular Stop", "type_rank": 4, "line_count": 1, "service_level": "Local stop" }, "geometry": { "type": "Point", "coordinates": [ 22.979795, 40.609839 ] } },
{ "type": "Feature", "properties": { "code": "Β-09/036", "onomastasi": "ΤΣΕΛΙΟΥ", "type": "ΣΤΑΣΗ", "dimoskal": "ΘΕΣΣΑΛΟΝΙΚΗ", "lines_ejyp": "30", "stop_type_cat": "Regular Stop", "type_rank": 4, "line_count": 1, "service_level": "Local stop" }, "geometry": { "type": "Point", "coordinates": [ 22.98074, 40.610265 ] } },
{ "type": "Feature", "properties": { "code": "Β-09/035", "onomastasi": "ΤΣΕΛΙΟΥ", "type": "ΣΤΑΣΗ", "dimoskal": "ΘΕΣΣΑΛΟΝΙΚΗ", "lines_ejyp": "30", "stop_type_cat": "Regular Stop", "type_rank": 4, "line_count": 1, "service_level": "Local stop" }, "geometry": { "type": "Point", "coordinates": [ 22.980457, 40.61042 ] } },
{ "type": "Feature", "properties": { "code": "Α-09/004", "onomastasi": "ΠΕΡΡΑΙΒΟΥ", "type": "ΣΤΑΣΗ", "dimoskal": "ΘΕΣΣΑΛΟΝΙΚΗ", "lines_ejyp": "30,36Χ", "stop_type_cat": "Regular Stop", "type_rank": 4, "line_count": 2, "service_level": "Multi-line stop" }, "geometry": { "type": "Point", "coordinates": [ 22.985458, 40.610814 ] } },
{ "type": "Feature", "properties": { "code": "Β-09/022", "onomastasi": "ΓΕΦΥΡΑ", "type": "ΣΤΑΣΗ", "dimoskal": "ΘΕΣΣΑΛΟΝΙΚΗ", "lines_ejyp": "12,30", "stop_type_cat": "Regular Stop", "type_rank": 4, "line_count": 2, "service_level": "Multi-line stop" }, "geometry": { "type": "Point", "coordinates": [ 22.97404, 40.610896 ] } },
{ "type": "Feature", "properties": { "code": "Ι-05/165", "onomastasi": "ΣΤΑΥΡΟΝΙΚΗΤΑ", "type": "ΣΤΑΣΗ", "dimoskal": "ΠΥΛΑΙΑ ΧΟΡΤΙΑΤΗΣ", "lines_ejyp": "60Α,60Β", "stop_type_cat": "Regular Stop", "type_rank": 4, "line_count": 2, "service_level": "Multi-line stop" }, "geometry": { "type": "Point", "coordinates": [ 23.010819, 40.579234 ] } },
{ "type": "Feature", "properties": { "code": "Ι-05/169", "onomastasi": "ΟΛΥΜΠΟΥ 1", "type": "ΣΤΑΣΗ", "dimoskal": "ΠΥΛΑΙΑ ΧΟΡΤΙΑΤΗΣ", "lines_ejyp": "60Β", "stop_type_cat": "Regular Stop", "type_rank": 4, "line_count": 1, "service_level": "Local stop" }, "geometry": { "type": "Point", "coordinates": [ 23.02456, 40.57951 ] } },
{ "type": "Feature", "properties": { "code": "Ι-05/157", "onomastasi": "ΣΤΑΥΡΟΝΙΚΗΤΑ", "type": "ΣΤΑΣΗ", "dimoskal": "ΠΥΛΑΙΑ ΧΟΡΤΙΑΤΗΣ", "lines_ejyp": "60Α,60Β", "stop_type_cat": "Regular Stop", "type_rank": 4, "line_count": 2, "service_level": "Multi-line stop" }, "geometry": { "type": "Point", "coordinates": [ 23.010681, 40.579472 ] } },
{ "type": "Feature", "properties": { "code": "Ι-05/186", "onomastasi": "ΟΛΥΜΠΟΥ 1", "type": "ΣΤΑΣΗ", "dimoskal": "ΠΥΛΑΙΑ ΧΟΡΤΙΑΤΗΣ", "lines_ejyp": "60Α", "stop_type_cat": "Regular Stop", "type_rank": 4, "line_count": 1, "service_level": "Local stop" }, "geometry": { "type": "Point", "coordinates": [ 23.024606, 40.579618 ] } },
{ "type": "Feature", "properties": { "code": "Ι-05/155", "onomastasi": "ΟΡΓΑΝΤΖΗ", "type": "ΣΤΑΣΗ", "dimoskal": "ΠΥΛΑΙΑ ΧΟΡΤΙΑΤΗΣ", "lines_ejyp": "60Α,60Β", "stop_type_cat": "Regular Stop", "type_rank": 4, "line_count": 2, "service_level": "Multi-line stop" }, "geometry": { "type": "Point", "coordinates": [ 23.006904, 40.57962 ] } },
{ "type": "Feature", "properties": { "code": "Ι-05/153", "onomastasi": "ΟΡΓΑΝΤΖΗ", "type": "ΣΤΑΣΗ", "dimoskal": "ΠΥΛΑΙΑ ΧΟΡΤΙΑΤΗΣ", "lines_ejyp": "60Α,60Β", "stop_type_cat": "Regular Stop", "type_rank": 4, "line_count": 2, "service_level": "Multi-line stop" }, "geometry": { "type": "Point", "coordinates": [ 23.006731, 40.579712 ] } },
{ "type": "Feature", "properties": { "code": "Ι-05/188", "onomastasi": "ΣΤΑΔΙΟΥ", "type": "ΣΤΑΣΗ", "dimoskal": "ΠΥΛΑΙΑ ΧΟΡΤΙΑΤΗΣ", "lines_ejyp": "60Α", "stop_type_cat": "Regular Stop", "type_rank": 4, "line_count": 1, "service_level": "Local stop" }, "geometry": { "type": "Point", "coordinates": [ 23.020123, 40.580793 ] } },
{ "type": "Feature", "properties": { "code": "Ι-05/156", "onomastasi": "ΜΠΟΥΑ", "type": "ΣΤΑΣΗ", "dimoskal": "ΠΥΛΑΙΑ ΧΟΡΤΙΑΤΗΣ", "lines_ejyp": "60Α,60Β", "stop_type_cat": "Regular Stop", "type_rank": 4, "line_count": 2, "service_level": "Multi-line stop" }, "geometry": { "type": "Point", "coordinates": [ 23.008332, 40.580726 ] } },
{ "type": "Feature", "properties": { "code": "Ι-05/152", "onomastasi": "ΜΠΟΥΑ", "type": "ΣΤΑΣΗ", "dimoskal": "ΠΥΛΑΙΑ ΧΟΡΤΙΑΤΗΣ", "lines_ejyp": "60Β,60Α", "stop_type_cat": "Regular Stop", "type_rank": 4, "line_count": 2, "service_level": "Multi-line stop" }, "geometry": { "type": "Point", "coordinates": [ 23.008303, 40.580878 ] } },
{ "type": "Feature", "properties": { "code": "Ι-05/147", "onomastasi": "ΣΧΟΛΕΙΟ", "type": "ΣΤΑΣΗ", "dimoskal": "ΠΥΛΑΙΑ ΧΟΡΤΙΑΤΗΣ", "lines_ejyp": "60Α,60Β", "stop_type_cat": "Regular Stop", "type_rank": 4, "line_count": 2, "service_level": "Multi-line stop" }, "geometry": { "type": "Point", "coordinates": [ 23.016055, 40.581725 ] } },
{ "type": "Feature", "properties": { "code": "Ι-05/136", "onomastasi": "Τ.Σ. ΠΑΝΟΡΑΜΑ Ν.751", "type": "ΤΕΡΜΑΤΙΚΟΣ ΣΤΑΘΜΟΣ ( ΑΦΕΤΗΡΙΑ - ΤΕΡΜΑ )", "dimoskal": "ΠΥΛΑΙΑ ΧΟΡΤΙΑΤΗΣ", "lines_ejyp": "60Α,60Β,60Ε", "stop_type_cat": "Terminal Stop", "type_rank": 2, "line_count": 3, "service_level": "Multi-line stop" }, "geometry": { "type": "Point", "coordinates": [ 23.033965, 40.582039 ] } },
{ "type": "Feature", "properties": { "code": "Ι-05/179", "onomastasi": "ΣΤΡΟΦΗ", "type": "ΣΤΑΣΗ", "dimoskal": "ΠΥΛΑΙΑ ΧΟΡΤΙΑΤΗΣ", "lines_ejyp": "60Α,60Β,60Ε", "stop_type_cat": "Regular Stop", "type_rank": 4, "line_count": 3, "service_level": "Multi-line stop" }, "geometry": { "type": "Point", "coordinates": [ 23.033107, 40.582449 ] } },
{ "type": "Feature", "properties": { "code": "Ι-05/137", "onomastasi": "ΣΤΡΟΦΗ", "type": "ΣΤΑΣΗ", "dimoskal": "ΠΥΛΑΙΑ ΧΟΡΤΙΑΤΗΣ", "lines_ejyp": "60Α,60Β,60Ε", "stop_type_cat": "Regular Stop", "type_rank": 4, "line_count": 3, "service_level": "Multi-line stop" }, "geometry": { "type": "Point", "coordinates": [ 23.033137, 40.582553 ] } },
{ "type": "Feature", "properties": { "code": "Ι-05/184", "onomastasi": "ΟΛΥΜΠΟΥ 3", "type": "ΣΤΑΣΗ", "dimoskal": "ΠΥΛΑΙΑ ΧΟΡΤΙΑΤΗΣ", "lines_ejyp": "60Α", "stop_type_cat": "Regular Stop", "type_rank": 4, "line_count": 1, "service_level": "Local stop" }, "geometry": { "type": "Point", "coordinates": [ 23.028384, 40.582628 ] } },
{ "type": "Feature", "properties": { "code": "Ι-05/138", "onomastasi": "ΝΕΟ ΔΗΜΑΡΧΕΙΟ", "type": "ΣΤΑΣΗ", "dimoskal": "ΠΥΛΑΙΑ ΧΟΡΤΙΑΤΗΣ", "lines_ejyp": "60Α,60Β,60Ε", "stop_type_cat": "Regular Stop", "type_rank": 4, "line_count": 3, "service_level": "Multi-line stop" }, "geometry": { "type": "Point", "coordinates": [ 23.034365, 40.583992 ] } },
{ "type": "Feature", "properties": { "code": "Ι-05/178", "onomastasi": "ΝΕΟ ΔΗΜΑΡΧΕΙΟ", "type": "ΣΤΑΣΗ", "dimoskal": "ΠΥΛΑΙΑ ΧΟΡΤΙΑΤΗΣ", "lines_ejyp": "60Α,60Β,60Ε", "stop_type_cat": "Regular Stop", "type_rank": 4, "line_count": 3, "service_level": "Multi-line stop" }, "geometry": { "type": "Point", "coordinates": [ 23.034183, 40.584066 ] } },
{ "type": "Feature", "properties": { "code": "Ι-05/172", "onomastasi": "ΟΛΥΜΠΟΥ 4", "type": "ΣΤΑΣΗ", "dimoskal": "ΠΥΛΑΙΑ ΧΟΡΤΙΑΤΗΣ", "lines_ejyp": "60Β", "stop_type_cat": "Regular Stop", "type_rank": 4, "line_count": 1, "service_level": "Local stop" }, "geometry": { "type": "Point", "coordinates": [ 23.026764, 40.584602 ] } },
{ "type": "Feature", "properties": { "code": "Ι-05/183", "onomastasi": "ΟΛΥΜΠΟΥ 4", "type": "ΣΤΑΣΗ", "dimoskal": "ΠΥΛΑΙΑ ΧΟΡΤΙΑΤΗΣ", "lines_ejyp": "60Α", "stop_type_cat": "Regular Stop", "type_rank": 4, "line_count": 1, "service_level": "Local stop" }, "geometry": { "type": "Point", "coordinates": [ 23.025811, 40.585455 ] } },
{ "type": "Feature", "properties": { "code": "Ι-05/139", "onomastasi": "ΑΘΛΗΤΙΚΟ ΚΕΝΤΡΟ", "type": "ΣΤΑΣΗ", "dimoskal": "ΠΥΛΑΙΑ ΧΟΡΤΙΑΤΗΣ", "lines_ejyp": "60Α,60Β,60Ε", "stop_type_cat": "Regular Stop", "type_rank": 4, "line_count": 3, "service_level": "Multi-line stop" }, "geometry": { "type": "Point", "coordinates": [ 23.035502, 40.586726 ] } },
{ "type": "Feature", "properties": { "code": "Ι-05/177", "onomastasi": "ΑΘΛΗΤΙΚΟ ΚΕΝΤΡΟ", "type": "ΣΤΑΣΗ", "dimoskal": "ΠΥΛΑΙΑ ΧΟΡΤΙΑΤΗΣ", "lines_ejyp": "60Α,60Β,60Ε", "stop_type_cat": "Regular Stop", "type_rank": 4, "line_count": 3, "service_level": "Multi-line stop" }, "geometry": { "type": "Point", "coordinates": [ 23.035363, 40.586768 ] } },
{ "type": "Feature", "properties": { "code": "Ι-05/189", "onomastasi": "ΣΧΟΛΕΙΟ", "type": "ΣΤΑΣΗ", "dimoskal": "ΠΥΛΑΙΑ ΧΟΡΤΙΑΤΗΣ", "lines_ejyp": "60Α,60Β", "stop_type_cat": "Regular Stop", "type_rank": 4, "line_count": 2, "service_level": "Multi-line stop" }, "geometry": { "type": "Point", "coordinates": [ 23.016047, 40.58178 ] } },
{ "type": "Feature", "properties": { "code": "Ι-05/144", "onomastasi": "ΔΗΜΟΚΡΑΤΙΑΣ 2", "type": "ΣΤΑΣΗ", "dimoskal": "ΠΥΛΑΙΑ ΧΟΡΤΙΑΤΗΣ", "lines_ejyp": "60Α,60Β", "stop_type_cat": "Regular Stop", "type_rank": 4, "line_count": 2, "service_level": "Multi-line stop" }, "geometry": { "type": "Point", "coordinates": [ 23.024427, 40.58209 ] } },
{ "type": "Feature", "properties": { "code": "Ι-05/145", "onomastasi": "ΠΛΑΤΩΝΟΣ", "type": "ΣΤΑΣΗ", "dimoskal": "ΠΥΛΑΙΑ ΧΟΡΤΙΑΤΗΣ", "lines_ejyp": "60Β", "stop_type_cat": "Regular Stop", "type_rank": 4, "line_count": 1, "service_level": "Local stop" }, "geometry": { "type": "Point", "coordinates": [ 23.021635, 40.582767 ] } },
{ "type": "Feature", "properties": { "code": "Ι-05/190", "onomastasi": "ΔΗΜΟΚΡΑΤΙΑΣ 1", "type": "ΣΤΑΣΗ", "dimoskal": "ΠΥΛΑΙΑ ΧΟΡΤΙΑΤΗΣ", "lines_ejyp": "60Α,60Β", "stop_type_cat": "Regular Stop", "type_rank": 4, "line_count": 2, "service_level": "Multi-line stop" }, "geometry": { "type": "Point", "coordinates": [ 23.018594, 40.583102 ] } },
{ "type": "Feature", "properties": { "code": "Ι-05/146", "onomastasi": "ΔΗΜΟΚΡΑΤΙΑΣ 1", "type": "ΣΤΑΣΗ", "dimoskal": "ΠΥΛΑΙΑ ΧΟΡΤΙΑΤΗΣ", "lines_ejyp": "60Α,60Β", "stop_type_cat": "Regular Stop", "type_rank": 4, "line_count": 2, "service_level": "Multi-line stop" }, "geometry": { "type": "Point", "coordinates": [ 23.018618, 40.583189 ] } },
{ "type": "Feature", "properties": { "code": "Ι-05/246", "onomastasi": "ΣΤΑΔΙΟΥ 2", "type": "ΣΤΑΣΗ", "dimoskal": "ΠΥΛΑΙΑ ΧΟΡΤΙΑΤΗΣ", "lines_ejyp": "60Β", "stop_type_cat": "Regular Stop", "type_rank": 4, "line_count": 1, "service_level": "Local stop" }, "geometry": { "type": "Point", "coordinates": [ 23.022767, 40.584319 ] } },
{ "type": "Feature", "properties": { "code": "Ι-05/245", "onomastasi": "ΣΤΑΔΙΟΥ 2", "type": "ΣΤΑΣΗ", "dimoskal": "ΠΥΛΑΙΑ ΧΟΡΤΙΑΤΗΣ", "lines_ejyp": "60Α", "stop_type_cat": "Regular Stop", "type_rank": 4, "line_count": 1, "service_level": "Local stop" }, "geometry": { "type": "Point", "coordinates": [ 23.022935, 40.584382 ] } },
{ "type": "Feature", "properties": { "code": "Ι-05/143", "onomastasi": "ΛΕΒΑΝΤΗ 1", "type": "ΣΤΑΣΗ", "dimoskal": "ΠΥΛΑΙΑ ΧΟΡΤΙΑΤΗΣ", "lines_ejyp": "60Β", "stop_type_cat": "Regular Stop", "type_rank": 4, "line_count": 1, "service_level": "Local stop" }, "geometry": { "type": "Point", "coordinates": [ 23.021325, 40.586676 ] } },
{ "type": "Feature", "properties": { "code": "Ι-05/191", "onomastasi": "ΛΕΒΑΝΤΗ 1", "type": "ΣΤΑΣΗ", "dimoskal": "ΠΥΛΑΙΑ ΧΟΡΤΙΑΤΗΣ", "lines_ejyp": "60Α", "stop_type_cat": "Regular Stop", "type_rank": 4, "line_count": 1, "service_level": "Local stop" }, "geometry": { "type": "Point", "coordinates": [ 23.021407, 40.586816 ] } },
{ "type": "Feature", "properties": { "code": "Ι-05/182", "onomastasi": "ΟΛΥΜΠΟΥ 5", "type": "ΣΤΑΣΗ", "dimoskal": "ΠΥΛΑΙΑ ΧΟΡΤΙΑΤΗΣ", "lines_ejyp": "60Α", "stop_type_cat": "Regular Stop", "type_rank": 4, "line_count": 1, "service_level": "Local stop" }, "geometry": { "type": "Point", "coordinates": [ 23.023615, 40.58832 ] } },
{ "type": "Feature", "properties": { "code": "Ι-05/174", "onomastasi": "ΚΑΘΗΓΗΤΗΣ ΚΡΑΤΕΡΟΣ ΙΩΑΝΝΟΥ", "type": "ΣΤΑΣΗ", "dimoskal": "ΠΥΛΑΙΑ ΧΟΡΤΙΑΤΗΣ", "lines_ejyp": "60Β", "stop_type_cat": "Regular Stop", "type_rank": 4, "line_count": 1, "service_level": "Local stop" }, "geometry": { "type": "Point", "coordinates": [ 23.026503, 40.589395 ] } },
{ "type": "Feature", "properties": { "code": "Ι-05/176", "onomastasi": "ΠΑΛΑΙΟ ΔΗΜΑΡΧΕΙΟ", "type": "ΣΤΑΣΗ", "dimoskal": "ΠΥΛΑΙΑ ΧΟΡΤΙΑΤΗΣ", "lines_ejyp": "60Α,60Β", "stop_type_cat": "Regular Stop", "type_rank": 4, "line_count": 2, "service_level": "Multi-line stop" }, "geometry": { "type": "Point", "coordinates": [ 23.036633, 40.590033 ] } },
{ "type": "Feature", "properties": { "code": "Ι-05/140", "onomastasi": "ΠΑΛΑΙΟ ΔΗΜΑΡΧΕΙΟ", "type": "ΣΤΑΣΗ", "dimoskal": "ΠΥΛΑΙΑ ΧΟΡΤΙΑΤΗΣ", "lines_ejyp": "60Α,60Β", "stop_type_cat": "Regular Stop", "type_rank": 4, "line_count": 2, "service_level": "Multi-line stop" }, "geometry": { "type": "Point", "coordinates": [ 23.036873, 40.590185 ] } },
{ "type": "Feature", "properties": { "code": "Ι-05/123", "onomastasi": "ΔΗΜΑΡΧΕΙΟ", "type": "ΤΕΣ ΠΛΗΡΟΦΟΡΗΣΗ", "dimoskal": "ΠΥΛΑΙΑ ΧΟΡΤΙΑΤΗΣ", "lines_ejyp": "58", "stop_type_cat": "Info Stop", "type_rank": 3, "line_count": 1, "service_level": "Local stop" }, "geometry": { "type": "Point", "coordinates": [ 23.037213, 40.591017 ] } },
{ "type": "Feature", "properties": { "code": "Ι-05/118", "onomastasi": "ΔΗΜΑΡΧΕΙΟ", "type": "ΤΕΣ ΠΛΗΡΟΦΟΡΗΣΗ", "dimoskal": "ΠΥΛΑΙΑ ΧΟΡΤΙΑΤΗΣ", "lines_ejyp": "58", "stop_type_cat": "Info Stop", "type_rank": 3, "line_count": 1, "service_level": "Local stop" }, "geometry": { "type": "Point", "coordinates": [ 23.036846, 40.591118 ] } },
{ "type": "Feature", "properties": { "code": "Ι-05/180", "onomastasi": "ΓΥΜΝΑΣΙΟ", "type": "ΣΤΑΣΗ", "dimoskal": "ΠΥΛΑΙΑ ΧΟΡΤΙΑΤΗΣ", "lines_ejyp": "60Α", "stop_type_cat": "Regular Stop", "type_rank": 4, "line_count": 1, "service_level": "Local stop" }, "geometry": { "type": "Point", "coordinates": [ 23.027724, 40.591077 ] } },
{ "type": "Feature", "properties": { "code": "Ι-05/124", "onomastasi": "ΑΣΤΥΝΟΜΙΑ", "type": "ΣΤΑΣΗ", "dimoskal": "ΠΥΛΑΙΑ ΧΟΡΤΙΑΤΗΣ", "lines_ejyp": "58", "stop_type_cat": "Regular Stop", "type_rank": 4, "line_count": 1, "service_level": "Local stop" }, "geometry": { "type": "Point", "coordinates": [ 23.039909, 40.591337 ] } },
{ "type": "Feature", "properties": { "code": "Ι-05/122", "onomastasi": "ΑΝΑΛΗΨΗ", "type": "ΣΤΑΣΗ", "dimoskal": "ΠΥΛΑΙΑ ΧΟΡΤΙΑΤΗΣ", "lines_ejyp": "58,60Α,60Β", "stop_type_cat": "Regular Stop", "type_rank": 4, "line_count": 3, "service_level": "Multi-line stop" }, "geometry": { "type": "Point", "coordinates": [ 23.033861, 40.591331 ] } },
{ "type": "Feature", "properties": { "code": "Ι-05/117", "onomastasi": "ΑΣΤΥΝΟΜΙΑ", "type": "ΤΕΣ ΠΛΗΡΟΦΟΡΗΣΗ", "dimoskal": "ΠΥΛΑΙΑ ΧΟΡΤΙΑΤΗΣ", "lines_ejyp": "58", "stop_type_cat": "Info Stop", "type_rank": 3, "line_count": 1, "service_level": "Local stop" }, "geometry": { "type": "Point", "coordinates": [ 23.039864, 40.59139 ] } },
{ "type": "Feature", "properties": { "code": "Ι-05/119", "onomastasi": "ΑΝΑΛΗΨΗ", "type": "ΤΕΣ ΠΛΗΡΟΦΟΡΗΣΗ", "dimoskal": "ΠΥΛΑΙΑ ΧΟΡΤΙΑΤΗΣ", "lines_ejyp": "58,60Α,60Β", "stop_type_cat": "Info Stop", "type_rank": 3, "line_count": 3, "service_level": "Multi-line stop" }, "geometry": { "type": "Point", "coordinates": [ 23.033746, 40.59143 ] } },
{ "type": "Feature", "properties": { "code": "Ι-05/173", "onomastasi": "ΟΛΥΜΠΟΥ 5", "type": "ΣΤΑΣΗ", "dimoskal": "ΠΥΛΑΙΑ ΧΟΡΤΙΑΤΗΣ", "lines_ejyp": "60Β", "stop_type_cat": "Regular Stop", "type_rank": 4, "line_count": 1, "service_level": "Local stop" }, "geometry": { "type": "Point", "coordinates": [ 23.02373, 40.58842 ] } },
{ "type": "Feature", "properties": { "code": "Ι-05/181", "onomastasi": "ΓΥΜΝΑΣΙΟ", "type": "ΣΤΑΣΗ", "dimoskal": "ΠΥΛΑΙΑ ΧΟΡΤΙΑΤΗΣ", "lines_ejyp": "60Α", "stop_type_cat": "Regular Stop", "type_rank": 4, "line_count": 1, "service_level": "Local stop" }, "geometry": { "type": "Point", "coordinates": [ 23.024675, 40.588781 ] } },
{ "type": "Feature", "properties": { "code": "Ι-05/192", "onomastasi": "ΛΕΒΑΝΤΗ 2", "type": "ΣΤΑΣΗ", "dimoskal": "ΠΥΛΑΙΑ ΧΟΡΤΙΑΤΗΣ", "lines_ejyp": "60Α", "stop_type_cat": "Regular Stop", "type_rank": 4, "line_count": 1, "service_level": "Local stop" }, "geometry": { "type": "Point", "coordinates": [ 23.019757, 40.589877 ] } },
{ "type": "Feature", "properties": { "code": "Ι-05/142", "onomastasi": "ΛΕΒΑΝΤΗ 2", "type": "ΣΤΑΣΗ", "dimoskal": "ΠΥΛΑΙΑ ΧΟΡΤΙΑΤΗΣ", "lines_ejyp": "60Β", "stop_type_cat": "Regular Stop", "type_rank": 4, "line_count": 1, "service_level": "Local stop" }, "geometry": { "type": "Point", "coordinates": [ 23.019621, 40.589964 ] } },
{ "type": "Feature", "properties": { "code": "Ι-05/141", "onomastasi": "ΜΑΝΤΖΑΡΙΔΗ", "type": "ΣΤΑΣΗ", "dimoskal": "ΠΥΛΑΙΑ ΧΟΡΤΙΑΤΗΣ", "lines_ejyp": "60Β", "stop_type_cat": "Regular Stop", "type_rank": 4, "line_count": 1, "service_level": "Local stop" }, "geometry": { "type": "Point", "coordinates": [ 23.018976, 40.590641 ] } },
{ "type": "Feature", "properties": { "code": "Α-12/001", "onomastasi": "ΛΥΚΙΔΗ", "type": "ΣΤΑΣΗ", "dimoskal": "ΠΥΛΑΙΑ ΧΟΡΤΙΑΤΗΣ", "lines_ejyp": "58,60Α", "stop_type_cat": "Regular Stop", "type_rank": 4, "line_count": 2, "service_level": "Multi-line stop" }, "geometry": { "type": "Point", "coordinates": [ 23.022637, 40.592004 ] } },
{ "type": "Feature", "properties": { "code": "Α-12/002", "onomastasi": "ΛΥΚΙΔΗ", "type": "ΣΤΑΣΗ", "dimoskal": "ΠΥΛΑΙΑ ΧΟΡΤΙΑΤΗΣ", "lines_ejyp": "58,60Β,", "stop_type_cat": "Regular Stop", "type_rank": 4, "line_count": 2, "service_level": "Multi-line stop" }, "geometry": { "type": "Point", "coordinates": [ 23.022186, 40.592061 ] } },
{ "type": "Feature", "properties": { "code": "Α-11/008", "onomastasi": "ΑΓΙΟΣ ΛΟΥΚΑΣ", "type": "ΤΕΣ ΠΛΗΡΟΦΟΡΗΣΗ", "dimoskal": "ΠΥΛΑΙΑ ΧΟΡΤΙΑΤΗΣ", "lines_ejyp": "58", "stop_type_cat": "Info Stop", "type_rank": 3, "line_count": 1, "service_level": "Local stop" }, "geometry": { "type": "Point", "coordinates": [ 23.017006, 40.592034 ] } },
{ "type": "Feature", "properties": { "code": "Α-11/009", "onomastasi": "ΑΓΙΟΣ ΛΟΥΚΑΣ", "type": "ΤΕΣ ΠΛΗΡΟΦΟΡΗΣΗ", "dimoskal": "ΠΥΛΑΙΑ ΧΟΡΤΙΑΤΗΣ", "lines_ejyp": "58", "stop_type_cat": "Info Stop", "type_rank": 3, "line_count": 1, "service_level": "Local stop" }, "geometry": { "type": "Point", "coordinates": [ 23.016891, 40.592378 ] } },
{ "type": "Feature", "properties": { "code": "Α-11/007", "onomastasi": "ΧΑΡΑΛΑΜΠΟΣ ΠΑΠΑΔΟΠΟΥΛΟΣ", "type": "ΣΤΑΣΗ", "dimoskal": "ΠΥΛΑΙΑ ΧΟΡΤΙΑΤΗΣ", "lines_ejyp": "58", "stop_type_cat": "Regular Stop", "type_rank": 4, "line_count": 1, "service_level": "Local stop" }, "geometry": { "type": "Point", "coordinates": [ 23.012498, 40.593105 ] } },
{ "type": "Feature", "properties": { "code": "Ι-05/121", "onomastasi": "ΓΥΜΝΑΣΙΟ", "type": "ΣΤΑΣΗ", "dimoskal": "ΠΥΛΑΙΑ ΧΟΡΤΙΑΤΗΣ", "lines_ejyp": "58,60Α", "stop_type_cat": "Regular Stop", "type_rank": 4, "line_count": 2, "service_level": "Multi-line stop" }, "geometry": { "type": "Point", "coordinates": [ 23.027166, 40.591555 ] } },
{ "type": "Feature", "properties": { "code": "Ι-05/175", "onomastasi": "ΠΛΑΤΕΙΑ ΠΟΥΛΙΤΣΙΔΗ", "type": "ΣΤΑΣΗ", "dimoskal": "ΠΥΛΑΙΑ ΧΟΡΤΙΑΤΗΣ", "lines_ejyp": "60Β", "stop_type_cat": "Regular Stop", "type_rank": 4, "line_count": 1, "service_level": "Local stop" }, "geometry": { "type": "Point", "coordinates": [ 23.028192, 40.591584 ] } },
{ "type": "Feature", "properties": { "code": "Ι-05/120", "onomastasi": "ΓΥΜΝΑΣΙΟ", "type": "ΣΤΑΣΗ", "dimoskal": "ΠΥΛΑΙΑ ΧΟΡΤΙΑΤΗΣ", "lines_ejyp": "58,60Β", "stop_type_cat": "Regular Stop", "type_rank": 4, "line_count": 2, "service_level": "Multi-line stop" }, "geometry": { "type": "Point", "coordinates": [ 23.028042, 40.591775 ] } },
{ "type": "Feature", "properties": { "code": "Ι-05/125", "onomastasi": "ΤΡΑΠΕΖΑ", "type": "ΣΤΑΣΗ", "dimoskal": "ΠΥΛΑΙΑ ΧΟΡΤΙΑΤΗΣ", "lines_ejyp": "58", "stop_type_cat": "Regular Stop", "type_rank": 4, "line_count": 1, "service_level": "Local stop" }, "geometry": { "type": "Point", "coordinates": [ 23.041495, 40.59204 ] } },
{ "type": "Feature", "properties": { "code": "Ι-05/116", "onomastasi": "ΤΡΑΠΕΖΑ", "type": "ΣΤΑΣΗ", "dimoskal": "ΠΥΛΑΙΑ ΧΟΡΤΙΑΤΗΣ", "lines_ejyp": "58", "stop_type_cat": "Regular Stop", "type_rank": 4, "line_count": 1, "service_level": "Local stop" }, "geometry": { "type": "Point", "coordinates": [ 23.041771, 40.592262 ] } },
{ "type": "Feature", "properties": { "code": "Ι-05/126", "onomastasi": "ΠΛΑΤΑΝΑΚΙΑ", "type": "ΣΤΑΣΗ", "dimoskal": "ΠΥΛΑΙΑ ΧΟΡΤΙΑΤΗΣ", "lines_ejyp": "58", "stop_type_cat": "Regular Stop", "type_rank": 4, "line_count": 1, "service_level": "Local stop" }, "geometry": { "type": "Point", "coordinates": [ 23.045779, 40.593505 ] } },
{ "type": "Feature", "properties": { "code": "Ι-05/115", "onomastasi": "ΠΛΑΤΑΝΑΚΙΑ", "type": "ΣΤΑΣΗ", "dimoskal": "ΠΥΛΑΙΑ ΧΟΡΤΙΑΤΗΣ", "lines_ejyp": "58", "stop_type_cat": "Regular Stop", "type_rank": 4, "line_count": 1, "service_level": "Local stop" }, "geometry": { "type": "Point", "coordinates": [ 23.045599, 40.593525 ] } },
{ "type": "Feature", "properties": { "code": "Ι-05/127", "onomastasi": "ΟΠΩΡΩΝΕΣ", "type": "ΣΤΑΣΗ", "dimoskal": "ΠΥΛΑΙΑ ΧΟΡΤΙΑΤΗΣ", "lines_ejyp": "58", "stop_type_cat": "Regular Stop", "type_rank": 4, "line_count": 1, "service_level": "Local stop" }, "geometry": { "type": "Point", "coordinates": [ 23.046864, 40.59513 ] } },
{ "type": "Feature", "properties": { "code": "Ι-05/128", "onomastasi": "ΣΧΟΛΗ ΚΩΦΩΝ", "type": "ΣΤΑΣΗ", "dimoskal": "ΠΥΛΑΙΑ ΧΟΡΤΙΑΤΗΣ", "lines_ejyp": "58", "stop_type_cat": "Regular Stop", "type_rank": 4, "line_count": 1, "service_level": "Local stop" }, "geometry": { "type": "Point", "coordinates": [ 23.048035, 40.598219 ] } },
{ "type": "Feature", "properties": { "code": "Ι-05/114", "onomastasi": "ΣΧΟΛΗ ΚΩΦΩΝ", "type": "ΣΤΑΣΗ", "dimoskal": "ΠΥΛΑΙΑ ΧΟΡΤΙΑΤΗΣ", "lines_ejyp": "58", "stop_type_cat": "Regular Stop", "type_rank": 4, "line_count": 1, "service_level": "Local stop" }, "geometry": { "type": "Point", "coordinates": [ 23.047795, 40.598318 ] } },
{ "type": "Feature", "properties": { "code": "Ι-05/113", "onomastasi": "ΚΑΤΑΣΚΗΝΩΣΕΙΣ Ο.Σ.Ε", "type": "ΣΤΑΣΗ", "dimoskal": "ΠΥΛΑΙΑ ΧΟΡΤΙΑΤΗΣ", "lines_ejyp": "58", "stop_type_cat": "Regular Stop", "type_rank": 4, "line_count": 1, "service_level": "Local stop" }, "geometry": { "type": "Point", "coordinates": [ 23.048456, 40.599638 ] } },
{ "type": "Feature", "properties": { "code": "Ι-05/129", "onomastasi": "ΚΑΤΑΣΚΗΝΩΣΕΙΣ Ο.Σ.Ε", "type": "ΣΤΑΣΗ", "dimoskal": "ΠΥΛΑΙΑ ΧΟΡΤΙΑΤΗΣ", "lines_ejyp": "58", "stop_type_cat": "Regular Stop", "type_rank": 4, "line_count": 1, "service_level": "Local stop" }, "geometry": { "type": "Point", "coordinates": [ 23.04879, 40.600093 ] } },
{ "type": "Feature", "properties": { "code": "Ι-05/112", "onomastasi": "ΦΙΛΟΘΕΗ", "type": "ΣΤΑΣΗ", "dimoskal": "ΠΥΛΑΙΑ ΧΟΡΤΙΑΤΗΣ", "lines_ejyp": "58", "stop_type_cat": "Regular Stop", "type_rank": 4, "line_count": 1, "service_level": "Local stop" }, "geometry": { "type": "Point", "coordinates": [ 23.049625, 40.603011 ] } },
{ "type": "Feature", "properties": { "code": "Ι-05/130", "onomastasi": "ΦΙΛΟΘΕΗ", "type": "ΣΤΑΣΗ", "dimoskal": "ΠΥΛΑΙΑ ΧΟΡΤΙΑΤΗΣ", "lines_ejyp": "58", "stop_type_cat": "Regular Stop", "type_rank": 4, "line_count": 1, "service_level": "Local stop" }, "geometry": { "type": "Point", "coordinates": [ 23.050211, 40.603317 ] } },
{ "type": "Feature", "properties": { "code": "Ι-05/131", "onomastasi": "ΜΟΝΑΣΤΗΡΑΚΙ", "type": "ΣΤΑΣΗ", "dimoskal": "ΠΥΛΑΙΑ ΧΟΡΤΙΑΤΗΣ", "lines_ejyp": "58", "stop_type_cat": "Regular Stop", "type_rank": 4, "line_count": 1, "service_level": "Local stop" }, "geometry": { "type": "Point", "coordinates": [ 23.051419, 40.606166 ] } },
{ "type": "Feature", "properties": { "code": "Ι-05/111", "onomastasi": "ΜΟΝΑΣΤΗΡΑΚΙ", "type": "ΣΤΑΣΗ", "dimoskal": "ΠΥΛΑΙΑ ΧΟΡΤΙΑΤΗΣ", "lines_ejyp": "58", "stop_type_cat": "Regular Stop", "type_rank": 4, "line_count": 1, "service_level": "Local stop" }, "geometry": { "type": "Point", "coordinates": [ 23.05137, 40.606236 ] } },
{ "type": "Feature", "properties": { "code": "Ι-05/206", "onomastasi": "Τ.Σ. ΧΟΡΤΙΑΤΗ", "type": "ΤΕΡΜΑΤΙΚΟΣ ΣΤΑΘΜΟΣ ( ΑΦΕΤΗΡΙΑ - ΤΕΡΜΑ )", "dimoskal": "ΠΥΛΑΙΑ ΧΟΡΤΙΑΤΗΣ", "lines_ejyp": "61", "stop_type_cat": "Terminal Stop", "type_rank": 2, "line_count": 1, "service_level": "Local stop" }, "geometry": { "type": "Point", "coordinates": [ 23.100324, 40.608345 ] } },
{ "type": "Feature", "properties": { "code": "Ι-05/132", "onomastasi": "ΣΤΡΑΤΟΠΕΔΟ ΠΑΠΑΠΑΣΧΑΛΗ", "type": "ΣΤΑΣΗ", "dimoskal": "ΠΥΛΑΙΑ ΧΟΡΤΙΑΤΗΣ", "lines_ejyp": "58", "stop_type_cat": "Regular Stop", "type_rank": 4, "line_count": 1, "service_level": "Local stop" }, "geometry": { "type": "Point", "coordinates": [ 23.054765, 40.608499 ] } },
{ "type": "Feature", "properties": { "code": "Ι-05/110", "onomastasi": "ΣΤΡΑΤΟΠΕΔΟ ΠΑΠΑΠΑΣΧΑΛΗ", "type": "ΣΤΑΣΗ", "dimoskal": "ΠΥΛΑΙΑ ΧΟΡΤΙΑΤΗΣ", "lines_ejyp": "58", "stop_type_cat": "Regular Stop", "type_rank": 4, "line_count": 1, "service_level": "Local stop" }, "geometry": { "type": "Point", "coordinates": [ 23.054675, 40.608942 ] } },
{ "type": "Feature", "properties": { "code": "Ι-05/207", "onomastasi": "ΠΕΡΙΠΤΕΡΟ", "type": "ΣΤΑΣΗ", "dimoskal": "ΠΥΛΑΙΑ ΧΟΡΤΙΑΤΗΣ", "lines_ejyp": "61", "stop_type_cat": "Regular Stop", "type_rank": 4, "line_count": 1, "service_level": "Local stop" }, "geometry": { "type": "Point", "coordinates": [ 23.100357, 40.60984 ] } },
{ "type": "Feature", "properties": { "code": "Ι-05/205", "onomastasi": "ΠΕΡΙΠΤΕΡΟ", "type": "ΣΤΑΣΗ", "dimoskal": "ΠΥΛΑΙΑ ΧΟΡΤΙΑΤΗΣ", "lines_ejyp": "61", "stop_type_cat": "Regular Stop", "type_rank": 4, "line_count": 1, "service_level": "Local stop" }, "geometry": { "type": "Point", "coordinates": [ 23.100217, 40.609894 ] } },
{ "type": "Feature", "properties": { "code": "Ι-05/204", "onomastasi": "ΠΑΛΙΑ ΑΣΤΥΝΟΜΙΑ", "type": "ΣΤΑΣΗ", "dimoskal": "ΠΥΛΑΙΑ ΧΟΡΤΙΑΤΗΣ", "lines_ejyp": "61", "stop_type_cat": "Regular Stop", "type_rank": 4, "line_count": 1, "service_level": "Local stop" }, "geometry": { "type": "Point", "coordinates": [ 23.099474, 40.611381 ] } },
{ "type": "Feature", "properties": { "code": "Ι-05/208", "onomastasi": "ΠΑΛΙΑ ΑΣΤΥΝΟΜΙΑ", "type": "ΣΤΑΣΗ", "dimoskal": "ΠΥΛΑΙΑ ΧΟΡΤΙΑΤΗΣ", "lines_ejyp": "61", "stop_type_cat": "Regular Stop", "type_rank": 4, "line_count": 1, "service_level": "Local stop" }, "geometry": { "type": "Point", "coordinates": [ 23.099515, 40.61147 ] } },
{ "type": "Feature", "properties": { "code": "Ι-05/133", "onomastasi": "ΣΠΙΤΙΑ", "type": "ΣΤΑΣΗ", "dimoskal": "ΠΥΛΑΙΑ ΧΟΡΤΙΑΤΗΣ", "lines_ejyp": "58", "stop_type_cat": "Regular Stop", "type_rank": 4, "line_count": 1, "service_level": "Local stop" }, "geometry": { "type": "Point", "coordinates": [ 23.056062, 40.611479 ] } },
{ "type": "Feature", "properties": { "code": "Ι-05/109", "onomastasi": "ΣΠΙΤΙΑ", "type": "ΣΤΑΣΗ", "dimoskal": "ΠΥΛΑΙΑ ΧΟΡΤΙΑΤΗΣ", "lines_ejyp": "58", "stop_type_cat": "Regular Stop", "type_rank": 4, "line_count": 1, "service_level": "Local stop" }, "geometry": { "type": "Point", "coordinates": [ 23.056006, 40.611521 ] } },
{ "type": "Feature", "properties": { "code": "Ι-05/203", "onomastasi": "ΚΑΡΥΔΙΕΣ", "type": "ΣΤΑΣΗ", "dimoskal": "ΠΥΛΑΙΑ ΧΟΡΤΙΑΤΗΣ", "lines_ejyp": "61", "stop_type_cat": "Regular Stop", "type_rank": 4, "line_count": 1, "service_level": "Local stop" }, "geometry": { "type": "Point", "coordinates": [ 23.098866, 40.613877 ] } },
{ "type": "Feature", "properties": { "code": "Ι-05/209", "onomastasi": "ΚΑΡΥΔΙΕΣ", "type": "ΣΤΑΣΗ", "dimoskal": "ΠΥΛΑΙΑ ΧΟΡΤΙΑΤΗΣ", "lines_ejyp": "61", "stop_type_cat": "Regular Stop", "type_rank": 4, "line_count": 1, "service_level": "Local stop" }, "geometry": { "type": "Point", "coordinates": [ 23.098793, 40.613983 ] } },
{ "type": "Feature", "properties": { "code": "Ι-05/202", "onomastasi": "ΓΥΜΝΑΣΙΟ", "type": "ΣΤΑΣΗ", "dimoskal": "ΠΥΛΑΙΑ ΧΟΡΤΙΑΤΗΣ", "lines_ejyp": "61", "stop_type_cat": "Regular Stop", "type_rank": 4, "line_count": 1, "service_level": "Local stop" }, "geometry": { "type": "Point", "coordinates": [ 23.097953, 40.614557 ] } },
{ "type": "Feature", "properties": { "code": "Ι-05/210", "onomastasi": "ΔΙΑΣΤΑΥΡΩΣΗ ΑΡΔΑΜΕΡΙΟΥ", "type": "ΣΤΑΣΗ", "dimoskal": "ΠΥΛΑΙΑ ΧΟΡΤΙΑΤΗΣ", "lines_ejyp": "61", "stop_type_cat": "Regular Stop", "type_rank": 4, "line_count": 1, "service_level": "Local stop" }, "geometry": { "type": "Point", "coordinates": [ 23.095171, 40.616361 ] } },
{ "type": "Feature", "properties": { "code": "Ι-05/201", "onomastasi": "ΔΙΑΣΤΑΥΡΩΣΗ ΑΡΔΑΜΕΡΙΟΥ", "type": "ΣΤΑΣΗ", "dimoskal": "ΠΥΛΑΙΑ ΧΟΡΤΙΑΤΗΣ", "lines_ejyp": "61", "stop_type_cat": "Regular Stop", "type_rank": 4, "line_count": 1, "service_level": "Local stop" }, "geometry": { "type": "Point", "coordinates": [ 23.094941, 40.616398 ] } },
{ "type": "Feature", "properties": { "code": "Ι-05/200", "onomastasi": "ΚΙΣΣΟΣ", "type": "ΣΤΑΣΗ", "dimoskal": "ΠΥΛΑΙΑ ΧΟΡΤΙΑΤΗΣ", "lines_ejyp": "61", "stop_type_cat": "Regular Stop", "type_rank": 4, "line_count": 1, "service_level": "Local stop" }, "geometry": { "type": "Point", "coordinates": [ 23.091657, 40.617378 ] } },
{ "type": "Feature", "properties": { "code": "Ι-05/211", "onomastasi": "ΚΙΣΣΟΣ", "type": "ΣΤΑΣΗ", "dimoskal": "ΠΥΛΑΙΑ ΧΟΡΤΙΑΤΗΣ", "lines_ejyp": "61", "stop_type_cat": "Regular Stop", "type_rank": 4, "line_count": 1, "service_level": "Local stop" }, "geometry": { "type": "Point", "coordinates": [ 23.091906, 40.617382 ] } },
{ "type": "Feature", "properties": { "code": "Ι-05/134", "onomastasi": "ΑΝΘΟΚΗΠΟΣ", "type": "ΣΤΑΣΗ", "dimoskal": "ΠΥΛΑΙΑ ΧΟΡΤΙΑΤΗΣ", "lines_ejyp": "58", "stop_type_cat": "Regular Stop", "type_rank": 4, "line_count": 1, "service_level": "Local stop" }, "geometry": { "type": "Point", "coordinates": [ 23.062547, 40.61757 ] } },
{ "type": "Feature", "properties": { "code": "Ι-05/108", "onomastasi": "ΑΝΘΟΚΗΠΟΣ", "type": "ΣΤΑΣΗ", "dimoskal": "ΠΥΛΑΙΑ ΧΟΡΤΙΑΤΗΣ", "lines_ejyp": "58", "stop_type_cat": "Regular Stop", "type_rank": 4, "line_count": 1, "service_level": "Local stop" }, "geometry": { "type": "Point", "coordinates": [ 23.062029, 40.617618 ] } },
{ "type": "Feature", "properties": { "code": "Ι-05/199", "onomastasi": "ΡΩΜΑΙΚΟ ΥΔΡΑΓΩΓΕΙΟ", "type": "ΣΤΑΣΗ", "dimoskal": "ΠΥΛΑΙΑ ΧΟΡΤΙΑΤΗΣ", "lines_ejyp": "61", "stop_type_cat": "Regular Stop", "type_rank": 4, "line_count": 1, "service_level": "Local stop" }, "geometry": { "type": "Point", "coordinates": [ 23.089099, 40.617989 ] } },
{ "type": "Feature", "properties": { "code": "Ι-05/212", "onomastasi": "ΡΩΜΑΙΚΟ ΥΔΡΑΓΩΓΕΙΟ", "type": "ΣΤΑΣΗ", "dimoskal": "ΠΥΛΑΙΑ ΧΟΡΤΙΑΤΗΣ", "lines_ejyp": "61", "stop_type_cat": "Regular Stop", "type_rank": 4, "line_count": 1, "service_level": "Local stop" }, "geometry": { "type": "Point", "coordinates": [ 23.089008, 40.618059 ] } },
{ "type": "Feature", "properties": { "code": "Ι-05/236", "onomastasi": "ΔΗΜΟΤΙΚΟ ΣΧΟΛΕΙΟ", "type": "ΣΤΑΣΗ", "dimoskal": "ΠΥΛΑΙΑ ΧΟΡΤΙΑΤΗΣ", "lines_ejyp": "", "stop_type_cat": "Regular Stop", "type_rank": 4, "line_count": 0, "service_level": "Unknown service" }, "geometry": { "type": "Point", "coordinates": [ 23.098445, 40.618278 ] } },
{ "type": "Feature", "properties": { "code": "Ι-05/198", "onomastasi": "ΠΑΡΑΓΚΕΣ", "type": "ΣΤΑΣΗ", "dimoskal": "ΠΥΛΑΙΑ ΧΟΡΤΙΑΤΗΣ", "lines_ejyp": "61", "stop_type_cat": "Regular Stop", "type_rank": 4, "line_count": 1, "service_level": "Local stop" }, "geometry": { "type": "Point", "coordinates": [ 23.085523, 40.619232 ] } },
{ "type": "Feature", "properties": { "code": "Ι-05/213", "onomastasi": "ΠΑΡΑΓΚΕΣ", "type": "ΣΤΑΣΗ", "dimoskal": "ΠΥΛΑΙΑ ΧΟΡΤΙΑΤΗΣ", "lines_ejyp": "61", "stop_type_cat": "Regular Stop", "type_rank": 4, "line_count": 1, "service_level": "Local stop" }, "geometry": { "type": "Point", "coordinates": [ 23.085452, 40.6193 ] } },
{ "type": "Feature", "properties": { "code": "Ι-05/107", "onomastasi": "ΔΑΣΥΛΛΙΟ", "type": "ΣΤΑΣΗ", "dimoskal": "ΠΥΛΑΙΑ ΧΟΡΤΙΑΤΗΣ", "lines_ejyp": "58", "stop_type_cat": "Regular Stop", "type_rank": 4, "line_count": 1, "service_level": "Local stop" }, "geometry": { "type": "Point", "coordinates": [ 23.064408, 40.619184 ] } },
{ "type": "Feature", "properties": { "code": "Α-11/006", "onomastasi": "ΧΑΡΑΛΑΜΠΟΣ ΠΑΠΑΔΟΠΟΥΛΟΣ", "type": "ΣΤΑΣΗ", "dimoskal": "ΠΥΛΑΙΑ ΧΟΡΤΙΑΤΗΣ", "lines_ejyp": "58", "stop_type_cat": "Regular Stop", "type_rank": 4, "line_count": 1, "service_level": "Local stop" }, "geometry": { "type": "Point", "coordinates": [ 23.011923, 40.593301 ] } },
{ "type": "Feature", "properties": { "code": "Α-11/004", "onomastasi": "ΕΚΠΑΙΔΕΥΤΗΡΙΑ ΑΠΟΣΤΟΛΟΣ ΠΑΥΛΟΣ", "type": "ΣΤΑΣΗ", "dimoskal": "ΠΥΛΑΙΑ ΧΟΡΤΙΑΤΗΣ", "lines_ejyp": "58", "stop_type_cat": "Regular Stop", "type_rank": 4, "line_count": 1, "service_level": "Local stop" }, "geometry": { "type": "Point", "coordinates": [ 23.007718, 40.594109 ] } },
{ "type": "Feature", "properties": { "code": "Α-11/005", "onomastasi": "ΕΚΠΑΙΔΕΥΤΗΡΙΑ ΑΠΟΣΤΟΛΟΣ ΠΑΥΛΟΣ", "type": "ΣΤΑΣΗ", "dimoskal": "ΠΥΛΑΙΑ ΧΟΡΤΙΑΤΗΣ", "lines_ejyp": "58", "stop_type_cat": "Regular Stop", "type_rank": 4, "line_count": 1, "service_level": "Local stop" }, "geometry": { "type": "Point", "coordinates": [ 23.007889, 40.594124 ] } },
{ "type": "Feature", "properties": { "code": "Α-11/003", "onomastasi": "ΑΓΙΟΣ ΔΗΜΗΤΡΙΟΣ", "type": "ΣΤΑΣΗ", "dimoskal": "ΠΥΛΑΙΑ ΧΟΡΤΙΑΤΗΣ", "lines_ejyp": "58", "stop_type_cat": "Regular Stop", "type_rank": 4, "line_count": 1, "service_level": "Local stop" }, "geometry": { "type": "Point", "coordinates": [ 23.004906, 40.595794 ] } },
{ "type": "Feature", "properties": { "code": "Θ-05/044", "onomastasi": "ΠΑΡΚΟ ΑΣΒΕΣΤΟΧΩΡΙΟΥ", "type": "ΣΤΑΣΗ", "dimoskal": "ΠΥΛΑΙΑ ΧΟΡΤΙΑΤΗΣ", "lines_ejyp": "57", "stop_type_cat": "Regular Stop", "type_rank": 4, "line_count": 1, "service_level": "Local stop" }, "geometry": { "type": "Point", "coordinates": [ 23.022412, 40.641574 ] } },
{ "type": "Feature", "properties": { "code": "Θ-05/043", "onomastasi": "ΙΔΡΥΜΑ", "type": "ΣΤΑΣΗ", "dimoskal": "ΠΥΛΑΙΑ ΧΟΡΤΙΑΤΗΣ", "lines_ejyp": "57", "stop_type_cat": "Regular Stop", "type_rank": 4, "line_count": 1, "service_level": "Local stop" }, "geometry": { "type": "Point", "coordinates": [ 23.019713, 40.641905 ] } },
{ "type": "Feature", "properties": { "code": "Θ-05/012", "onomastasi": "ΙΔΡΥΜΑ", "type": "ΣΤΑΣΗ", "dimoskal": "ΠΥΛΑΙΑ ΧΟΡΤΙΑΤΗΣ", "lines_ejyp": "57", "stop_type_cat": "Regular Stop", "type_rank": 4, "line_count": 1, "service_level": "Local stop" }, "geometry": { "type": "Point", "coordinates": [ 23.019486, 40.641922 ] } },
{ "type": "Feature", "properties": { "code": "Θ-05/011", "onomastasi": "ΠΝΕΥΜΑΤΙΚΟ ΚΕΝΤΡΟ", "type": "ΤΕΣ ΠΛΗΡΟΦΟΡΗΣΗ", "dimoskal": "ΠΥΛΑΙΑ ΧΟΡΤΙΑΤΗΣ", "lines_ejyp": "57", "stop_type_cat": "Info Stop", "type_rank": 3, "line_count": 1, "service_level": "Local stop" }, "geometry": { "type": "Point", "coordinates": [ 23.022632, 40.64198 ] } },
{ "type": "Feature", "properties": { "code": "Θ-05/042", "onomastasi": "ΓΗΡΟΚΟΜΕΙΟ 2", "type": "ΣΤΑΣΗ", "dimoskal": "ΠΥΛΑΙΑ ΧΟΡΤΙΑΤΗΣ", "lines_ejyp": "57", "stop_type_cat": "Regular Stop", "type_rank": 4, "line_count": 1, "service_level": "Local stop" }, "geometry": { "type": "Point", "coordinates": [ 23.016593, 40.642608 ] } },
{ "type": "Feature", "properties": { "code": "Θ-05/013", "onomastasi": "ΓΗΡΟΚΟΜΕΙΟ 2", "type": "ΣΤΑΣΗ", "dimoskal": "ΠΥΛΑΙΑ ΧΟΡΤΙΑΤΗΣ", "lines_ejyp": "57", "stop_type_cat": "Regular Stop", "type_rank": 4, "line_count": 1, "service_level": "Local stop" }, "geometry": { "type": "Point", "coordinates": [ 23.016593, 40.64271 ] } },
{ "type": "Feature", "properties": { "code": "Β-09/012", "onomastasi": "ΠΑΠΑΦΗ", "type": "ΣΤΑΣΗ", "dimoskal": "ΘΕΣΣΑΛΟΝΙΚΗ", "lines_ejyp": "30", "stop_type_cat": "Regular Stop", "type_rank": 4, "line_count": 1, "service_level": "Local stop" }, "geometry": { "type": "Point", "coordinates": [ 22.967936, 40.608622 ] } },
{ "type": "Feature", "properties": { "code": "Β-09/011", "onomastasi": "ΠΑΠΑΦΗ", "type": "ΣΤΑΣΗ", "dimoskal": "ΘΕΣΣΑΛΟΝΙΚΗ", "lines_ejyp": "30", "stop_type_cat": "Regular Stop", "type_rank": 4, "line_count": 1, "service_level": "Local stop" }, "geometry": { "type": "Point", "coordinates": [ 22.967516, 40.608689 ] } },
{ "type": "Feature", "properties": { "code": "Β-09/025", "onomastasi": "ΑΓΙΟΣ ΘΕΡΑΠΟΝΤΑΣ", "type": "ΣΤΑΣΗ", "dimoskal": "ΘΕΣΣΑΛΟΝΙΚΗ", "lines_ejyp": "30", "stop_type_cat": "Regular Stop", "type_rank": 4, "line_count": 1, "service_level": "Local stop" }, "geometry": { "type": "Point", "coordinates": [ 22.970613, 40.609278 ] } },
{ "type": "Feature", "properties": { "code": "Β-09/014", "onomastasi": "ΜΠΟΤΣΑΡΗ", "type": "ΣΤΑΣΗ", "dimoskal": "ΘΕΣΣΑΛΟΝΙΚΗ", "lines_ejyp": "11,11B", "stop_type_cat": "Regular Stop", "type_rank": 4, "line_count": 2, "service_level": "Multi-line stop" }, "geometry": { "type": "Point", "coordinates": [ 22.969447, 40.609349 ] } },
{ "type": "Feature", "properties": { "code": "Β-09/026", "onomastasi": "ΑΓΙΟΣ ΘΕΡΑΠΟΝΤΑΣ", "type": "ΣΤΑΣΗ", "dimoskal": "ΘΕΣΣΑΛΟΝΙΚΗ", "lines_ejyp": "30", "stop_type_cat": "Regular Stop", "type_rank": 4, "line_count": 1, "service_level": "Local stop" }, "geometry": { "type": "Point", "coordinates": [ 22.97079, 40.609424 ] } },
{ "type": "Feature", "properties": { "code": "Β-09/013", "onomastasi": "ΜΠΟΤΣΑΡΗ", "type": "ΣΤΑΣΗ", "dimoskal": "ΘΕΣΣΑΛΟΝΙΚΗ", "lines_ejyp": "11,11B", "stop_type_cat": "Regular Stop", "type_rank": 4, "line_count": 2, "service_level": "Multi-line stop" }, "geometry": { "type": "Point", "coordinates": [ 22.969193, 40.610052 ] } },
{ "type": "Feature", "properties": { "code": "Β-09/021", "onomastasi": "ΠΑΡΚΟ", "type": "ΣΤΑΣΗ", "dimoskal": "ΘΕΣΣΑΛΟΝΙΚΗ", "lines_ejyp": "12", "stop_type_cat": "Regular Stop", "type_rank": 4, "line_count": 1, "service_level": "Local stop" }, "geometry": { "type": "Point", "coordinates": [ 22.971133, 40.610265 ] } },
{ "type": "Feature", "properties": { "code": "Β-08/008", "onomastasi": "ΔΗΜΟΤΙΚΟ ΒΡΕΦΟΚΟΜΕΙΟ", "type": "ΣΤΑΣΗ", "dimoskal": "ΘΕΣΣΑΛΟΝΙΚΗ", "lines_ejyp": "10,58", "stop_type_cat": "Regular Stop", "type_rank": 4, "line_count": 2, "service_level": "Multi-line stop" }, "geometry": { "type": "Point", "coordinates": [ 22.964409, 40.611135 ] } },
{ "type": "Feature", "properties": { "code": "Β-08/007", "onomastasi": "ΔΗΜΟΤΙΚΟ ΒΡΕΦΟΚΟΜΕΙΟ", "type": "ΤΕΣ ΠΛΗΡΟΦΟΡΗΣΗ", "dimoskal": "ΘΕΣΣΑΛΟΝΙΚΗ", "lines_ejyp": "10,58", "stop_type_cat": "Info Stop", "type_rank": 3, "line_count": 2, "service_level": "Multi-line stop" }, "geometry": { "type": "Point", "coordinates": [ 22.964376, 40.611743 ] } },
{ "type": "Feature", "properties": { "code": "Β-08/033", "onomastasi": "Ο.Τ.Ε.", "type": "ΣΤΑΣΗ", "dimoskal": "ΘΕΣΣΑΛΟΝΙΚΗ", "lines_ejyp": "11,11B", "stop_type_cat": "Regular Stop", "type_rank": 4, "line_count": 2, "service_level": "Multi-line stop" }, "geometry": { "type": "Point", "coordinates": [ 22.967785, 40.612528 ] } },
{ "type": "Feature", "properties": { "code": "Β-08/015", "onomastasi": "ΔΗΜΗΤΡΙΟΥ ΜΗΤΡΟΠΟΥΛΟΥ", "type": "ΤΕΣ ΠΛΗΡΟΦΟΡΗΣΗ", "dimoskal": "ΘΕΣΣΑΛΟΝΙΚΗ", "lines_ejyp": "31", "stop_type_cat": "Info Stop", "type_rank": 3, "line_count": 1, "service_level": "Local stop" }, "geometry": { "type": "Point", "coordinates": [ 22.962769, 40.608989 ] } },
{ "type": "Feature", "properties": { "code": "Β-08/025", "onomastasi": "ΔΗΜΗΤΡΙΟΥ ΜΗΤΡΟΠΟΥΛΟΥ", "type": "ΣΤΑΣΗ", "dimoskal": "ΘΕΣΣΑΛΟΝΙΚΗ", "lines_ejyp": " 1N,01N,02K,10,31,32N", "stop_type_cat": "Regular Stop", "type_rank": 4, "line_count": 6, "service_level": "High-service stop" }, "geometry": { "type": "Point", "coordinates": [ 22.963383, 40.609592 ] } },
{ "type": "Feature", "properties": { "code": "Β-08/014", "onomastasi": "ΙΠΠΟΚΡΑΤΕΙΟ", "type": "ΣΤΑΣΗ", "dimoskal": "ΘΕΣΣΑΛΟΝΙΚΗ", "lines_ejyp": "31", "stop_type_cat": "Regular Stop", "type_rank": 4, "line_count": 1, "service_level": "Local stop" }, "geometry": { "type": "Point", "coordinates": [ 22.961226, 40.612175 ] } },
{ "type": "Feature", "properties": { "code": "Β-08/006", "onomastasi": "ΙΠΠΟΚΡΑΤΕΙΟ", "type": "ΤΕΣ ΠΛΗΡΟΦΟΡΗΣΗ", "dimoskal": "ΘΕΣΣΑΛΟΝΙΚΗ", "lines_ejyp": "10,58", "stop_type_cat": "Info Stop", "type_rank": 3, "line_count": 2, "service_level": "Multi-line stop" }, "geometry": { "type": "Point", "coordinates": [ 22.9638, 40.612585 ] } },
{ "type": "Feature", "properties": { "code": "Β-08/013", "onomastasi": "ΙΠΠΟΚΡΑΤΕΙΟ", "type": "ΤΕΣ ΠΛΗΡΟΦΟΡΗΣΗ", "dimoskal": "ΘΕΣΣΑΛΟΝΙΚΗ", "lines_ejyp": "31", "stop_type_cat": "Info Stop", "type_rank": 3, "line_count": 1, "service_level": "Local stop" }, "geometry": { "type": "Point", "coordinates": [ 22.961063, 40.612784 ] } },
{ "type": "Feature", "properties": { "code": "Β-08/024", "onomastasi": "ΙΠΠΟΚΡΑΤΕΙΟ", "type": "ΤΕΣ ΠΛΗΡΟΦΟΡΗΣΗ", "dimoskal": "ΘΕΣΣΑΛΟΝΙΚΗ", "lines_ejyp": "02K,10,32N,45,45A,45B", "stop_type_cat": "Info Stop", "type_rank": 3, "line_count": 6, "service_level": "High-service stop" }, "geometry": { "type": "Point", "coordinates": [ 22.963407, 40.612809 ] } },
{ "type": "Feature", "properties": { "code": "Β-08/005", "onomastasi": "ΙΠΠΟΚΡΑΤΕΙΟ", "type": "ΤΕΣ ΠΛΗΡΟΦΟΡΗΣΗ", "dimoskal": "ΘΕΣΣΑΛΟΝΙΚΗ", "lines_ejyp": "10,11,11B,58", "stop_type_cat": "Info Stop", "type_rank": 3, "line_count": 4, "service_level": "High-service stop" }, "geometry": { "type": "Point", "coordinates": [ 22.963699, 40.613383 ] } },
{ "type": "Feature", "properties": { "code": "Β-08/023", "onomastasi": "ΙΠΠΟΚΡΑΤΕΙΟ", "type": "ΤΕΣ ΠΛΗΡΟΦΟΡΗΣΗ", "dimoskal": "ΘΕΣΣΑΛΟΝΙΚΗ", "lines_ejyp": " 1N,01N,02K,10,11,11B,32N,45,45A,45B", "stop_type_cat": "Info Stop", "type_rank": 3, "line_count": 10, "service_level": "Major PT node" }, "geometry": { "type": "Point", "coordinates": [ 22.962917, 40.613898 ] } },
{ "type": "Feature", "properties": { "code": "Β-08/012", "onomastasi": "ΚΥΒΕΛΕΙΑ", "type": "ΣΤΑΣΗ", "dimoskal": "ΘΕΣΣΑΛΟΝΙΚΗ", "lines_ejyp": "31", "stop_type_cat": "Regular Stop", "type_rank": 4, "line_count": 1, "service_level": "Local stop" }, "geometry": { "type": "Point", "coordinates": [ 22.960375, 40.6142 ] } },
{ "type": "Feature", "properties": { "code": "Β-08/011", "onomastasi": "ΚΥΒΕΛΕΙΑ", "type": "ΣΤΑΣΗ", "dimoskal": "ΘΕΣΣΑΛΟΝΙΚΗ", "lines_ejyp": "31", "stop_type_cat": "Regular Stop", "type_rank": 4, "line_count": 1, "service_level": "Local stop" }, "geometry": { "type": "Point", "coordinates": [ 22.960066, 40.614974 ] } },
{ "type": "Feature", "properties": { "code": "Β-09/055", "onomastasi": "ΠΑΡΚΟ", "type": "ΣΤΑΣΗ", "dimoskal": "ΘΕΣΣΑΛΟΝΙΚΗ", "lines_ejyp": "12,30", "stop_type_cat": "Regular Stop", "type_rank": 4, "line_count": 2, "service_level": "Multi-line stop" }, "geometry": { "type": "Point", "coordinates": [ 22.971716, 40.610939 ] } },
{ "type": "Feature", "properties": { "code": "Α-09/002", "onomastasi": "ΒΑΡΝΑΒΑ", "type": "ΤΕΣ ΠΛΗΡΟΦΟΡΗΣΗ", "dimoskal": "ΘΕΣΣΑΛΟΝΙΚΗ", "lines_ejyp": "14,14A,30", "stop_type_cat": "Info Stop", "type_rank": 3, "line_count": 3, "service_level": "Multi-line stop" }, "geometry": { "type": "Point", "coordinates": [ 22.985153, 40.611816 ] } },
{ "type": "Feature", "properties": { "code": "Α-09/001", "onomastasi": "ΒΑΡΝΑΒΑ", "type": "ΣΤΑΣΗ", "dimoskal": "ΘΕΣΣΑΛΟΝΙΚΗ", "lines_ejyp": "", "stop_type_cat": "Regular Stop", "type_rank": 4, "line_count": 0, "service_level": "Unknown service" }, "geometry": { "type": "Point", "coordinates": [ 22.984529, 40.611834 ] } },
{ "type": "Feature", "properties": { "code": "Β-09/038", "onomastasi": "ΟΡΦΑΝΟΤΡΟΦΕΙΟ", "type": "ΣΤΑΣΗ", "dimoskal": "ΘΕΣΣΑΛΟΝΙΚΗ", "lines_ejyp": "14,14A,30", "stop_type_cat": "Regular Stop", "type_rank": 4, "line_count": 3, "service_level": "Multi-line stop" }, "geometry": { "type": "Point", "coordinates": [ 22.98098, 40.613193 ] } },
{ "type": "Feature", "properties": { "code": "Β-09/039", "onomastasi": "ΟΡΦΑΝΟΤΡΟΦΕΙΟ", "type": "ΤΕΣ ΠΛΗΡΟΦΟΡΗΣΗ", "dimoskal": "ΘΕΣΣΑΛΟΝΙΚΗ", "lines_ejyp": "14,14A,30", "stop_type_cat": "Info Stop", "type_rank": 3, "line_count": 3, "service_level": "Multi-line stop" }, "geometry": { "type": "Point", "coordinates": [ 22.980727, 40.613438 ] } },
{ "type": "Feature", "properties": { "code": "Β-09/040", "onomastasi": "ΓΗΡΟΚΟΜΕΙΟ", "type": "ΣΤΑΣΗ", "dimoskal": "ΘΕΣΣΑΛΟΝΙΚΗ", "lines_ejyp": "14,14A,30", "stop_type_cat": "Regular Stop", "type_rank": 4, "line_count": 3, "service_level": "Multi-line stop" }, "geometry": { "type": "Point", "coordinates": [ 22.979236, 40.613976 ] } },
{ "type": "Feature", "properties": { "code": "Β-09/041", "onomastasi": "ΓΗΡΟΚΟΜΕΙΟ", "type": "ΣΤΑΣΗ", "dimoskal": "ΘΕΣΣΑΛΟΝΙΚΗ", "lines_ejyp": "14,14A,30", "stop_type_cat": "Regular Stop", "type_rank": 4, "line_count": 3, "service_level": "Multi-line stop" }, "geometry": { "type": "Point", "coordinates": [ 22.979161, 40.614172 ] } },
{ "type": "Feature", "properties": { "code": "Β-08/049", "onomastasi": "ΔΙΑΓΟΡΑ", "type": "ΣΤΑΣΗ", "dimoskal": "ΘΕΣΣΑΛΟΝΙΚΗ", "lines_ejyp": "14,14A,30", "stop_type_cat": "Regular Stop", "type_rank": 4, "line_count": 3, "service_level": "Multi-line stop" }, "geometry": { "type": "Point", "coordinates": [ 22.976797, 40.614897 ] } },
{ "type": "Feature", "properties": { "code": "Β-08/048", "onomastasi": "ΔΙΑΓΟΡΑ", "type": "ΤΕΣ ΠΛΗΡΟΦΟΡΗΣΗ", "dimoskal": "ΘΕΣΣΑΛΟΝΙΚΗ", "lines_ejyp": "14,14A,30,37", "stop_type_cat": "Info Stop", "type_rank": 3, "line_count": 4, "service_level": "High-service stop" }, "geometry": { "type": "Point", "coordinates": [ 22.9758, 40.615395 ] } },
{ "type": "Feature", "properties": { "code": "Β-08/047", "onomastasi": "ΑΓΙΑ ΒΑΡΒΑΡΑ", "type": "ΣΤΑΣΗ", "dimoskal": "ΘΕΣΣΑΛΟΝΙΚΗ", "lines_ejyp": "14,14A,30", "stop_type_cat": "Regular Stop", "type_rank": 4, "line_count": 3, "service_level": "Multi-line stop" }, "geometry": { "type": "Point", "coordinates": [ 22.97403, 40.615905 ] } },
{ "type": "Feature", "properties": { "code": "Β-08/032", "onomastasi": "Ο.Τ.Ε.", "type": "ΣΤΑΣΗ", "dimoskal": "ΘΕΣΣΑΛΟΝΙΚΗ", "lines_ejyp": "11,11B", "stop_type_cat": "Regular Stop", "type_rank": 4, "line_count": 2, "service_level": "Multi-line stop" }, "geometry": { "type": "Point", "coordinates": [ 22.967801, 40.612657 ] } },
{ "type": "Feature", "properties": { "code": "Β-08/034", "onomastasi": "ΚΛΕΑΝΘΟΥΣ", "type": "ΣΤΑΣΗ", "dimoskal": "ΘΕΣΣΑΛΟΝΙΚΗ", "lines_ejyp": "11,11B", "stop_type_cat": "Regular Stop", "type_rank": 4, "line_count": 2, "service_level": "Multi-line stop" }, "geometry": { "type": "Point", "coordinates": [ 22.965834, 40.612689 ] } },
{ "type": "Feature", "properties": { "code": "Β-08/038", "onomastasi": "ΑΝΑΤΟΛΙΚΗΣ ΘΡΑΚΗΣ", "type": "ΣΤΑΣΗ", "dimoskal": "ΘΕΣΣΑΛΟΝΙΚΗ", "lines_ejyp": "12", "stop_type_cat": "Regular Stop", "type_rank": 4, "line_count": 1, "service_level": "Local stop" }, "geometry": { "type": "Point", "coordinates": [ 22.969805, 40.612783 ] } },
{ "type": "Feature", "properties": { "code": "Β-08/035", "onomastasi": "ΚΛΕΑΝΘΟΥΣ", "type": "ΣΤΑΣΗ", "dimoskal": "ΘΕΣΣΑΛΟΝΙΚΗ", "lines_ejyp": "11,11B", "stop_type_cat": "Regular Stop", "type_rank": 4, "line_count": 2, "service_level": "Multi-line stop" }, "geometry": { "type": "Point", "coordinates": [ 22.965741, 40.612804 ] } },
{ "type": "Feature", "properties": { "code": "Β-08/039", "onomastasi": "ΓΗΠΕΔΟ Π.Α.Ο.Κ.", "type": "ΣΤΑΣΗ", "dimoskal": "ΘΕΣΣΑΛΟΝΙΚΗ", "lines_ejyp": "12", "stop_type_cat": "Regular Stop", "type_rank": 4, "line_count": 1, "service_level": "Local stop" }, "geometry": { "type": "Point", "coordinates": [ 22.971454, 40.613009 ] } },
{ "type": "Feature", "properties": { "code": "Β-08/036", "onomastasi": "ΚΛΕΑΝΘΟΥΣ", "type": "ΣΤΑΣΗ", "dimoskal": "ΘΕΣΣΑΛΟΝΙΚΗ", "lines_ejyp": "12", "stop_type_cat": "Regular Stop", "type_rank": 4, "line_count": 1, "service_level": "Local stop" }, "geometry": { "type": "Point", "coordinates": [ 22.968165, 40.613506 ] } },
{ "type": "Feature", "properties": { "code": "Β-08/037", "onomastasi": "ΚΛΕΑΝΘΟΥΣ", "type": "ΣΤΑΣΗ", "dimoskal": "ΘΕΣΣΑΛΟΝΙΚΗ", "lines_ejyp": "12", "stop_type_cat": "Regular Stop", "type_rank": 4, "line_count": 1, "service_level": "Local stop" }, "geometry": { "type": "Point", "coordinates": [ 22.968656, 40.61382 ] } },
{ "type": "Feature", "properties": { "code": "Β-08/031", "onomastasi": "ΑΓΙΟΣ ΦΑΝΟΥΡΙΟΣ", "type": "ΣΤΑΣΗ", "dimoskal": "ΘΕΣΣΑΛΟΝΙΚΗ", "lines_ejyp": "12", "stop_type_cat": "Regular Stop", "type_rank": 4, "line_count": 1, "service_level": "Local stop" }, "geometry": { "type": "Point", "coordinates": [ 22.966095, 40.615503 ] } },
{ "type": "Feature", "properties": { "code": "Β-08/030", "onomastasi": "ΑΓΙΟΣ ΦΑΝΟΥΡΙΟΣ", "type": "ΣΤΑΣΗ", "dimoskal": "ΘΕΣΣΑΛΟΝΙΚΗ", "lines_ejyp": "12", "stop_type_cat": "Regular Stop", "type_rank": 4, "line_count": 1, "service_level": "Local stop" }, "geometry": { "type": "Point", "coordinates": [ 22.965911, 40.616063 ] } },
{ "type": "Feature", "properties": { "code": "Β-08/045", "onomastasi": "Ι.Κ.Α. ΤΟΥΜΠΑΣ", "type": "ΣΤΑΣΗ", "dimoskal": "ΘΕΣΣΑΛΟΝΙΚΗ", "lines_ejyp": "14,14A,30,37", "stop_type_cat": "Regular Stop", "type_rank": 4, "line_count": 4, "service_level": "High-service stop" }, "geometry": { "type": "Point", "coordinates": [ 22.969809, 40.617091 ] } },
{ "type": "Feature", "properties": { "code": "Β-08/029", "onomastasi": "ΥΦΑΝΕΤ", "type": "ΣΤΑΣΗ", "dimoskal": "ΘΕΣΣΑΛΟΝΙΚΗ", "lines_ejyp": "12", "stop_type_cat": "Regular Stop", "type_rank": 4, "line_count": 1, "service_level": "Local stop" }, "geometry": { "type": "Point", "coordinates": [ 22.964104, 40.617676 ] } },
{ "type": "Feature", "properties": { "code": "Β-08/028", "onomastasi": "ΥΦΑΝΕΤ", "type": "ΤΕΣ ΠΛΗΡΟΦΟΡΗΣΗ", "dimoskal": "ΘΕΣΣΑΛΟΝΙΚΗ", "lines_ejyp": "12", "stop_type_cat": "Info Stop", "type_rank": 3, "line_count": 1, "service_level": "Local stop" }, "geometry": { "type": "Point", "coordinates": [ 22.964194, 40.61786 ] } },
{ "type": "Feature", "properties": { "code": "Β-08/044", "onomastasi": "ΛΟΦΙΣΚΟΣ", "type": "ΣΤΑΣΗ", "dimoskal": "ΘΕΣΣΑΛΟΝΙΚΗ", "lines_ejyp": "14,14A,30,37", "stop_type_cat": "Regular Stop", "type_rank": 4, "line_count": 4, "service_level": "High-service stop" }, "geometry": { "type": "Point", "coordinates": [ 22.969572, 40.617915 ] } },
{ "type": "Feature", "properties": { "code": "Β-08/065", "onomastasi": "ΠΑΠΑΦΕΙΟ", "type": "ΣΤΑΣΗ", "dimoskal": "ΘΕΣΣΑΛΟΝΙΚΗ", "lines_ejyp": "15A", "stop_type_cat": "Regular Stop", "type_rank": 4, "line_count": 1, "service_level": "Local stop" }, "geometry": { "type": "Point", "coordinates": [ 22.964323, 40.619412 ] } },
{ "type": "Feature", "properties": { "code": "Β-08/043", "onomastasi": "ΣΤΡΟΦΗ ΤΡΙΑΝΔΡΙΑΣ", "type": "ΣΤΑΣΗ", "dimoskal": "ΘΕΣΣΑΛΟΝΙΚΗ", "lines_ejyp": "14,14A", "stop_type_cat": "Regular Stop", "type_rank": 4, "line_count": 2, "service_level": "Multi-line stop" }, "geometry": { "type": "Point", "coordinates": [ 22.966761, 40.62003 ] } },
{ "type": "Feature", "properties": { "code": "Β-08/042", "onomastasi": "ΣΤΡΟΦΗ ΤΡΙΑΝΔΡΙΑΣ", "type": "ΣΤΑΣΗ", "dimoskal": "ΘΕΣΣΑΛΟΝΙΚΗ", "lines_ejyp": "14,14A,30,37", "stop_type_cat": "Regular Stop", "type_rank": 4, "line_count": 4, "service_level": "High-service stop" }, "geometry": { "type": "Point", "coordinates": [ 22.966437, 40.620046 ] } },
{ "type": "Feature", "properties": { "code": "Β-08/055", "onomastasi": "ΠΑΡΚΟ ΤΡΙΑΝΔΡΙΑΣ", "type": "ΣΤΑΣΗ", "dimoskal": "ΘΕΣΣΑΛΟΝΙΚΗ", "lines_ejyp": "30,36Χ,37", "stop_type_cat": "Regular Stop", "type_rank": 4, "line_count": 3, "service_level": "Multi-line stop" }, "geometry": { "type": "Point", "coordinates": [ 22.97047, 40.620191 ] } },
{ "type": "Feature", "properties": { "code": "Β-08/054", "onomastasi": "ΠΑΡΚΟ ΤΡΙΑΝΔΡΙΑΣ", "type": "ΣΤΑΣΗ", "dimoskal": "ΘΕΣΣΑΛΟΝΙΚΗ", "lines_ejyp": "30,36Χ,37", "stop_type_cat": "Regular Stop", "type_rank": 4, "line_count": 3, "service_level": "Multi-line stop" }, "geometry": { "type": "Point", "coordinates": [ 22.970168, 40.620364 ] } },
{ "type": "Feature", "properties": { "code": "Β-08/041", "onomastasi": "ΛΟΙΜΩΔΩΝ", "type": "ΣΤΑΣΗ", "dimoskal": "ΘΕΣΣΑΛΟΝΙΚΗ", "lines_ejyp": "14,14A", "stop_type_cat": "Regular Stop", "type_rank": 4, "line_count": 2, "service_level": "Multi-line stop" }, "geometry": { "type": "Point", "coordinates": [ 22.964599, 40.620856 ] } },
{ "type": "Feature", "properties": { "code": "Β-08/064", "onomastasi": "ΓΥΜΝΑΣΙΟ", "type": "ΣΤΑΣΗ", "dimoskal": "ΘΕΣΣΑΛΟΝΙΚΗ", "lines_ejyp": "15A", "stop_type_cat": "Regular Stop", "type_rank": 4, "line_count": 1, "service_level": "Local stop" }, "geometry": { "type": "Point", "coordinates": [ 22.966478, 40.621187 ] } },
{ "type": "Feature", "properties": { "code": "Β-08/046", "onomastasi": "ΑΓΙΑ ΒΑΡΒΑΡΑ-Ι.Κ.Α ΤΟΥΜΠΑΣ", "type": "ΤΕΣ ΠΛΗΡΟΦΟΡΗΣΗ", "dimoskal": "ΘΕΣΣΑΛΟΝΙΚΗ", "lines_ejyp": "14,14A,30,37", "stop_type_cat": "Info Stop", "type_rank": 3, "line_count": 4, "service_level": "High-service stop" }, "geometry": { "type": "Point", "coordinates": [ 22.972689, 40.616402 ] } },
{ "type": "Feature", "properties": { "code": "Β-08/050", "onomastasi": "ΑΓΙΑ ΒΑΡΒΑΡΑ", "type": "ΣΤΑΣΗ", "dimoskal": "ΘΕΣΣΑΛΟΝΙΚΗ", "lines_ejyp": "37", "stop_type_cat": "Regular Stop", "type_rank": 4, "line_count": 1, "service_level": "Local stop" }, "geometry": { "type": "Point", "coordinates": [ 22.973557, 40.616683 ] } },
{ "type": "Feature", "properties": { "code": "Β-08/053", "onomastasi": "ΣΧΟΛΕΙΟ", "type": "ΣΤΑΣΗ", "dimoskal": "ΘΕΣΣΑΛΟΝΙΚΗ", "lines_ejyp": "37", "stop_type_cat": "Regular Stop", "type_rank": 4, "line_count": 1, "service_level": "Local stop" }, "geometry": { "type": "Point", "coordinates": [ 22.977669, 40.617183 ] } },
{ "type": "Feature", "properties": { "code": "Β-08/052", "onomastasi": "Τ.Σ. ΚΡΥΟΝΕΡΙΟΥ", "type": "ΤΕΡΜΑΤΙΚΟΣ ΣΤΑΘΜΟΣ ( ΑΦΕΤΗΡΙΑ - ΤΕΡΜΑ )", "dimoskal": "ΘΕΣΣΑΛΟΝΙΚΗ", "lines_ejyp": "37", "stop_type_cat": "Terminal Stop", "type_rank": 2, "line_count": 1, "service_level": "Local stop" }, "geometry": { "type": "Point", "coordinates": [ 22.978206, 40.618662 ] } },
{ "type": "Feature", "properties": { "code": "Β-08/051", "onomastasi": "ΑΓΙΑΣ ΜΑΡΙΝΗΣ", "type": "ΣΤΑΣΗ", "dimoskal": "ΘΕΣΣΑΛΟΝΙΚΗ", "lines_ejyp": "37", "stop_type_cat": "Regular Stop", "type_rank": 4, "line_count": 1, "service_level": "Local stop" }, "geometry": { "type": "Point", "coordinates": [ 22.974814, 40.618649 ] } },
{ "type": "Feature", "properties": { "code": "Β-08/063", "onomastasi": "ΠΑΛΙΟ ΤΕΡΜΑ", "type": "ΣΤΑΣΗ", "dimoskal": "ΘΕΣΣΑΛΟΝΙΚΗ", "lines_ejyp": "17,30,36Χ", "stop_type_cat": "Regular Stop", "type_rank": 4, "line_count": 3, "service_level": "Multi-line stop" }, "geometry": { "type": "Point", "coordinates": [ 22.974712, 40.622801 ] } },
{ "type": "Feature", "properties": { "code": "Β-08/060Φ", "onomastasi": "ΑΓΙΟΣ ΣΠΥΡΙΔΩΝΑΣ", "type": "ΦΟΡΗΤΗ ΣΤΑΣΗ", "dimoskal": "ΘΕΣΣΑΛΟΝΙΚΗ", "lines_ejyp": "17,30,36X", "stop_type_cat": "Regular Stop", "type_rank": 4, "line_count": 3, "service_level": "Multi-line stop" }, "geometry": { "type": "Point", "coordinates": [ 22.973123, 40.623346 ] } },
{ "type": "Feature", "properties": { "code": "Β-08/062", "onomastasi": "ΠΑΛΙΟ ΤΕΡΜΑ", "type": "ΣΤΑΣΗ", "dimoskal": "ΘΕΣΣΑΛΟΝΙΚΗ", "lines_ejyp": "17,30,36Χ", "stop_type_cat": "Regular Stop", "type_rank": 4, "line_count": 3, "service_level": "Multi-line stop" }, "geometry": { "type": "Point", "coordinates": [ 22.973726, 40.623396 ] } },
{ "type": "Feature", "properties": { "code": "Β-08/061", "onomastasi": "ΑΓΙΟΣ ΣΠΥΡΙΔΩΝΑΣ", "type": "ΤΕΣ ΠΛΗΡΟΦΟΡΗΣΗ", "dimoskal": "ΘΕΣΣΑΛΟΝΙΚΗ", "lines_ejyp": "17,30,36X", "stop_type_cat": "Info Stop", "type_rank": 3, "line_count": 3, "service_level": "Multi-line stop" }, "geometry": { "type": "Point", "coordinates": [ 22.971931, 40.623455 ] } },
{ "type": "Feature", "properties": { "code": "Α-08/003", "onomastasi": "ΡΗΓΑ ΦΕΡΑΙΟΥ", "type": "ΣΤΑΣΗ", "dimoskal": "ΘΕΣΣΑΛΟΝΙΚΗ", "lines_ejyp": "", "stop_type_cat": "Regular Stop", "type_rank": 4, "line_count": 0, "service_level": "Unknown service" }, "geometry": { "type": "Point", "coordinates": [ 22.974833, 40.624116 ] } },
{ "type": "Feature", "properties": { "code": "Β-08/056", "onomastasi": "ΝΗΣΑΚΙ", "type": "ΣΤΑΣΗ", "dimoskal": "ΘΕΣΣΑΛΟΝΙΚΗ", "lines_ejyp": "17,37", "stop_type_cat": "Regular Stop", "type_rank": 4, "line_count": 2, "service_level": "Multi-line stop" }, "geometry": { "type": "Point", "coordinates": [ 22.968086, 40.621362 ] } },
{ "type": "Feature", "properties": { "code": "Β-08/057", "onomastasi": "ΝΗΣΑΚΙ", "type": "ΤΕΣ ΠΛΗΡΟΦΟΡΗΣΗ", "dimoskal": "ΘΕΣΣΑΛΟΝΙΚΗ", "lines_ejyp": "17,30,36Χ,37", "stop_type_cat": "Info Stop", "type_rank": 3, "line_count": 4, "service_level": "High-service stop" }, "geometry": { "type": "Point", "coordinates": [ 22.969008, 40.621589 ] } },
{ "type": "Feature", "properties": { "code": "Β-08/058", "onomastasi": "ΔΗΜΑΡΧΕΙΟ", "type": "ΣΤΑΣΗ", "dimoskal": "ΘΕΣΣΑΛΟΝΙΚΗ", "lines_ejyp": "17,30,36X", "stop_type_cat": "Regular Stop", "type_rank": 4, "line_count": 3, "service_level": "Multi-line stop" }, "geometry": { "type": "Point", "coordinates": [ 22.969802, 40.622192 ] } },
{ "type": "Feature", "properties": { "code": "Β-08/059", "onomastasi": "ΔΗΜΑΡΧΕΙΟ", "type": "ΣΤΑΣΗ", "dimoskal": "ΘΕΣΣΑΛΟΝΙΚΗ", "lines_ejyp": "17,30,36X", "stop_type_cat": "Regular Stop", "type_rank": 4, "line_count": 3, "service_level": "Multi-line stop" }, "geometry": { "type": "Point", "coordinates": [ 22.970018, 40.622882 ] } },
{ "type": "Feature", "properties": { "code": "Β-07/030", "onomastasi": "ΜΗΧΑΝΟΥΡΓΕΙΟ", "type": "ΣΤΑΣΗ", "dimoskal": "ΘΕΣΣΑΛΟΝΙΚΗ", "lines_ejyp": "17,37", "stop_type_cat": "Regular Stop", "type_rank": 4, "line_count": 2, "service_level": "Multi-line stop" }, "geometry": { "type": "Point", "coordinates": [ 22.966327, 40.623733 ] } },
{ "type": "Feature", "properties": { "code": "Β-07/031", "onomastasi": "ΜΗΧΑΝΟΥΡΓΕΙΟ", "type": "ΣΤΑΣΗ", "dimoskal": "ΘΕΣΣΑΛΟΝΙΚΗ", "lines_ejyp": "17,37", "stop_type_cat": "Regular Stop", "type_rank": 4, "line_count": 2, "service_level": "Multi-line stop" }, "geometry": { "type": "Point", "coordinates": [ 22.965716, 40.624214 ] } },
{ "type": "Feature", "properties": { "code": "Β-07/033", "onomastasi": "ΚΑΥΤΑΝΖΟΓΛΕΙΟ", "type": "ΣΤΑΣΗ", "dimoskal": "ΘΕΣΣΑΛΟΝΙΚΗ", "lines_ejyp": "17,37", "stop_type_cat": "Regular Stop", "type_rank": 4, "line_count": 2, "service_level": "Multi-line stop" }, "geometry": { "type": "Point", "coordinates": [ 22.96451, 40.626061 ] } },
{ "type": "Feature", "properties": { "code": "Β-07/032", "onomastasi": "ΚΑΥΤΑΝΖΟΓΛΕΙΟ", "type": "ΣΤΑΣΗ", "dimoskal": "ΘΕΣΣΑΛΟΝΙΚΗ", "lines_ejyp": "17,37", "stop_type_cat": "Regular Stop", "type_rank": 4, "line_count": 2, "service_level": "Multi-line stop" }, "geometry": { "type": "Point", "coordinates": [ 22.964695, 40.626131 ] } },
{ "type": "Feature", "properties": { "code": "Β-07/044", "onomastasi": "ΘΕΑΤΡΟ ΓΗΣ", "type": "ΣΤΑΣΗ", "dimoskal": "ΘΕΣΣΑΛΟΝΙΚΗ", "lines_ejyp": "15,15A,16", "stop_type_cat": "Regular Stop", "type_rank": 4, "line_count": 3, "service_level": "Multi-line stop" }, "geometry": { "type": "Point", "coordinates": [ 22.969587, 40.626876 ] } },
{ "type": "Feature", "properties": { "code": "Β-07/049", "onomastasi": "Τ.Σ. 40 ΕΚΚΛΗΣΙΩΝ", "type": "ΣΤΑΘΜΑΡΧΕΙΟ", "dimoskal": "ΘΕΣΣΑΛΟΝΙΚΗ", "lines_ejyp": "15,15A,16", "stop_type_cat": "Operational Facility", "type_rank": 5, "line_count": 3, "service_level": "Multi-line stop" }, "geometry": { "type": "Point", "coordinates": [ 22.966729, 40.627229 ] } },
{ "type": "Feature", "properties": { "code": "Β-07/017", "onomastasi": "ΠΟΛΕΜΙΚΟ ΜΟΥΣΕΙΟ", "type": "ΣΤΑΣΗ", "dimoskal": "ΘΕΣΣΑΛΟΝΙΚΗ", "lines_ejyp": "12", "stop_type_cat": "Regular Stop", "type_rank": 4, "line_count": 1, "service_level": "Local stop" }, "geometry": { "type": "Point", "coordinates": [ 22.960797, 40.622971 ] } },
{ "type": "Feature", "properties": { "code": "Β-07/016", "onomastasi": "ΠΟΛΕΜΙΚΟ ΜΟΥΣΕΙΟ", "type": "ΣΤΑΣΗ", "dimoskal": "ΘΕΣΣΑΛΟΝΙΚΗ", "lines_ejyp": "07,12", "stop_type_cat": "Regular Stop", "type_rank": 4, "line_count": 2, "service_level": "Multi-line stop" }, "geometry": { "type": "Point", "coordinates": [ 22.960405, 40.623059 ] } },
{ "type": "Feature", "properties": { "code": "Β-07/020", "onomastasi": "ΣΧΟΛΗ ΑΞΙΩΜΑΤΙΚΩΝ", "type": "ΣΤΑΣΗ", "dimoskal": "ΘΕΣΣΑΛΟΝΙΚΗ", "lines_ejyp": "02K,14,14A,15A,32N", "stop_type_cat": "Regular Stop", "type_rank": 4, "line_count": 5, "service_level": "High-service stop" }, "geometry": { "type": "Point", "coordinates": [ 22.961685, 40.624375 ] } },
{ "type": "Feature", "properties": { "code": "Β-07/021", "onomastasi": "ΠΑΝΕΠΙΣΤΗΜΙΟ ΜΑΚΕΔΟΝΙΑΣ", "type": "ΣΤΑΣΗ", "dimoskal": "ΘΕΣΣΑΛΟΝΙΚΗ", "lines_ejyp": " 1N,01N,02K,07,14,14A,32N,58", "stop_type_cat": "Regular Stop", "type_rank": 4, "line_count": 8, "service_level": "Major PT node" }, "geometry": { "type": "Point", "coordinates": [ 22.960792, 40.625039 ] } },
{ "type": "Feature", "properties": { "code": "Β-07/024", "onomastasi": "ΦΟΙΤΗΤΙΚΗ ΛΕΣΧΗ", "type": "ΣΤΑΣΗ", "dimoskal": "ΘΕΣΣΑΛΟΝΙΚΗ", "lines_ejyp": "15A,17,24,32N,37", "stop_type_cat": "Regular Stop", "type_rank": 4, "line_count": 5, "service_level": "High-service stop" }, "geometry": { "type": "Point", "coordinates": [ 22.96168, 40.626659 ] } },
{ "type": "Feature", "properties": { "code": "Β-07/025", "onomastasi": "ΠΑΝΕΠΙΣΤΗΜΙΟ ΜΑΚΕΔΟΝΙΑΣ", "type": "ΣΤΑΣΗ", "dimoskal": "ΘΕΣΣΑΛΟΝΙΚΗ", "lines_ejyp": " 1N,01N,01X,02K,14,14A,32N", "stop_type_cat": "Regular Stop", "type_rank": 4, "line_count": 7, "service_level": "Major PT node" }, "geometry": { "type": "Point", "coordinates": [ 22.959412, 40.626947 ] } },
{ "type": "Feature", "properties": { "code": "Β-07/034", "onomastasi": "Α.Χ.Ε.Π.Α", "type": "ΣΤΑΣΗ", "dimoskal": "ΘΕΣΣΑΛΟΝΙΚΗ", "lines_ejyp": "17,24,32N,37", "stop_type_cat": "Regular Stop", "type_rank": 4, "line_count": 4, "service_level": "High-service stop" }, "geometry": { "type": "Point", "coordinates": [ 22.962198, 40.629889 ] } },
{ "type": "Feature", "properties": { "code": "Β-07/039", "onomastasi": "ΠΛΑΤΕΙΑ ΠΑΥΛΟΥ ΜΕΛΑ", "type": "ΣΤΑΣΗ", "dimoskal": "ΘΕΣΣΑΛΟΝΙΚΗ", "lines_ejyp": "15,16", "stop_type_cat": "Regular Stop", "type_rank": 4, "line_count": 2, "service_level": "Multi-line stop" }, "geometry": { "type": "Point", "coordinates": [ 22.963258, 40.632415 ] } },
{ "type": "Feature", "properties": { "code": "Β-07/036", "onomastasi": "ΤΕΛΛΟΓΛΕΙΟ", "type": "ΣΤΑΣΗ", "dimoskal": "ΘΕΣΣΑΛΟΝΙΚΗ", "lines_ejyp": "17,24,32N,37", "stop_type_cat": "Regular Stop", "type_rank": 4, "line_count": 4, "service_level": "High-service stop" }, "geometry": { "type": "Point", "coordinates": [ 22.959614, 40.632716 ] } },
{ "type": "Feature", "properties": { "code": "Β-07/038", "onomastasi": "ΠΛΑΤΕΙΑ ΠΑΥΛΟΥ ΜΕΛΑ", "type": "ΣΤΑΣΗ", "dimoskal": "ΘΕΣΣΑΛΟΝΙΚΗ", "lines_ejyp": "15,16", "stop_type_cat": "Regular Stop", "type_rank": 4, "line_count": 2, "service_level": "Multi-line stop" }, "geometry": { "type": "Point", "coordinates": [ 22.962762, 40.632756 ] } },
{ "type": "Feature", "properties": { "code": "Β-07/046", "onomastasi": "ΕΣΤΙΕΣ", "type": "ΣΤΑΣΗ", "dimoskal": "ΘΕΣΣΑΛΟΝΙΚΗ", "lines_ejyp": "15,16", "stop_type_cat": "Regular Stop", "type_rank": 4, "line_count": 2, "service_level": "Multi-line stop" }, "geometry": { "type": "Point", "coordinates": [ 22.965512, 40.628955 ] } },
{ "type": "Feature", "properties": { "code": "Β-07/043", "onomastasi": "ΠΛΑΤΕΙΑ", "type": "ΣΤΑΣΗ", "dimoskal": "ΘΕΣΣΑΛΟΝΙΚΗ", "lines_ejyp": "15,16", "stop_type_cat": "Regular Stop", "type_rank": 4, "line_count": 2, "service_level": "Multi-line stop" }, "geometry": { "type": "Point", "coordinates": [ 22.968311, 40.629346 ] } },
{ "type": "Feature", "properties": { "code": "Β-07/041", "onomastasi": "ΕΚΚΛΗΣΙΑ", "type": "ΣΤΑΣΗ", "dimoskal": "ΘΕΣΣΑΛΟΝΙΚΗ", "lines_ejyp": "15,16", "stop_type_cat": "Regular Stop", "type_rank": 4, "line_count": 2, "service_level": "Multi-line stop" }, "geometry": { "type": "Point", "coordinates": [ 22.966809, 40.631247 ] } },
{ "type": "Feature", "properties": { "code": "Β-07/042", "onomastasi": "ΕΚΚΛΗΣΙΑ", "type": "ΤΕΣ ΠΛΗΡΟΦΟΡΗΣΗ", "dimoskal": "ΘΕΣΣΑΛΟΝΙΚΗ", "lines_ejyp": "15,16", "stop_type_cat": "Info Stop", "type_rank": 3, "line_count": 2, "service_level": "Multi-line stop" }, "geometry": { "type": "Point", "coordinates": [ 22.966674, 40.631337 ] } },
{ "type": "Feature", "properties": { "code": "Β-07/050", "onomastasi": "ΚΑΒΑΦΗ", "type": "ΣΤΑΣΗ", "dimoskal": "ΘΕΣΣΑΛΟΝΙΚΗ", "lines_ejyp": "15,16", "stop_type_cat": "Regular Stop", "type_rank": 4, "line_count": 2, "service_level": "Multi-line stop" }, "geometry": { "type": "Point", "coordinates": [ 22.964376, 40.631998 ] } },
{ "type": "Feature", "properties": { "code": "Β-07/040", "onomastasi": "ΚΑΒΑΦΗ", "type": "ΣΤΑΣΗ", "dimoskal": "ΘΕΣΣΑΛΟΝΙΚΗ", "lines_ejyp": "15,16", "stop_type_cat": "Regular Stop", "type_rank": 4, "line_count": 2, "service_level": "Multi-line stop" }, "geometry": { "type": "Point", "coordinates": [ 22.965481, 40.632367 ] } },
{ "type": "Feature", "properties": { "code": "Β-07/052", "onomastasi": "ΑΓΑΘΟΥΠΟΛΕΩΣ", "type": "ΣΤΑΣΗ", "dimoskal": "ΘΕΣΣΑΛΟΝΙΚΗ", "lines_ejyp": "15,16", "stop_type_cat": "Regular Stop", "type_rank": 4, "line_count": 2, "service_level": "Multi-line stop" }, "geometry": { "type": "Point", "coordinates": [ 22.964588, 40.633208 ] } },
{ "type": "Feature", "properties": { "code": "Β-07/051", "onomastasi": "ΣΑΜΑΚΟΒΙΟΥ", "type": "ΣΤΑΣΗ", "dimoskal": "ΘΕΣΣΑΛΟΝΙΚΗ", "lines_ejyp": "15,16", "stop_type_cat": "Regular Stop", "type_rank": 4, "line_count": 2, "service_level": "Multi-line stop" }, "geometry": { "type": "Point", "coordinates": [ 22.967337, 40.63326 ] } },
{ "type": "Feature", "properties": { "code": "Α-07/001", "onomastasi": "Τ.Σ. ΧΙΛΙΩΝ ΔΕΝΔΡΩΝ", "type": "ΤΕΡΜΑΤΙΚΟΣ ΣΤΑΘΜΟΣ ( ΑΦΕΤΗΡΙΑ - ΤΕΡΜΑ )", "dimoskal": "ΝΕΑΠΟΛΗ ΣΥΚΙΕΣ", "lines_ejyp": "24", "stop_type_cat": "Terminal Stop", "type_rank": 2, "line_count": 1, "service_level": "Local stop" }, "geometry": { "type": "Point", "coordinates": [ 22.967892, 40.635918 ] } },
{ "type": "Feature", "properties": { "code": "Β-06/065", "onomastasi": "ΠΛΑΤΕΙΑ ΧΙΛΙΩΝ ΔΕΝΔΡΩΝ", "type": "ΣΤΑΣΗ", "dimoskal": "ΝΕΑΠΟΛΗ ΣΥΚΙΕΣ", "lines_ejyp": "24", "stop_type_cat": "Regular Stop", "type_rank": 4, "line_count": 1, "service_level": "Local stop" }, "geometry": { "type": "Point", "coordinates": [ 22.964582, 40.637154 ] } },
{ "type": "Feature", "properties": { "code": "Β-06/033", "onomastasi": "ΑΓΩΝΙΣΤΩΝ ΠΑΝΕΠΙΣΤΗΜΙΟΥ", "type": "ΣΤΑΣΗ", "dimoskal": "ΘΕΣΣΑΛΟΝΙΚΗ", "lines_ejyp": "15,16", "stop_type_cat": "Regular Stop", "type_rank": 4, "line_count": 2, "service_level": "Multi-line stop" }, "geometry": { "type": "Point", "coordinates": [ 22.96053, 40.633513 ] } },
{ "type": "Feature", "properties": { "code": "Β-06/034", "onomastasi": "ΑΓΩΝΙΣΤΩΝ ΠΑΝΕΠΙΣΤΗΜΙΟΥ", "type": "ΣΤΑΣΗ", "dimoskal": "ΘΕΣΣΑΛΟΝΙΚΗ", "lines_ejyp": "15,16", "stop_type_cat": "Regular Stop", "type_rank": 4, "line_count": 2, "service_level": "Multi-line stop" }, "geometry": { "type": "Point", "coordinates": [ 22.960594, 40.63359 ] } },
{ "type": "Feature", "properties": { "code": "Β-06/074 Ε", "onomastasi": "ΚΑΡΑΟΛΗ (προς 40 Εκκλησιες)", "type": "ΣΤΑΣΗ", "dimoskal": "ΝΕΑΠΟΛΗ ΣΥΚΙΕΣ", "lines_ejyp": "16", "stop_type_cat": "Regular Stop", "type_rank": 4, "line_count": 1, "service_level": "Local stop" }, "geometry": { "type": "Point", "coordinates": [ 22.959924, 40.635798 ] } },
{ "type": "Feature", "properties": { "code": "Β-06/068", "onomastasi": "ΑΓΙΟΣ ΠΑΥΛΟΣ", "type": "ΣΤΑΣΗ", "dimoskal": "ΝΕΑΠΟΛΗ ΣΥΚΙΕΣ", "lines_ejyp": "24", "stop_type_cat": "Regular Stop", "type_rank": 4, "line_count": 1, "service_level": "Local stop" }, "geometry": { "type": "Point", "coordinates": [ 22.960724, 40.639126 ] } },
{ "type": "Feature", "properties": { "code": "Β-06/069", "onomastasi": "ΑΓΙΟΣ ΠΑΥΛΟΣ", "type": "ΤΕΣ ΠΛΗΡΟΦΟΡΗΣΗ", "dimoskal": "ΘΕΣΣΑΛΟΝΙΚΗ", "lines_ejyp": "24,50", "stop_type_cat": "Info Stop", "type_rank": 3, "line_count": 2, "service_level": "Multi-line stop" }, "geometry": { "type": "Point", "coordinates": [ 22.960055, 40.639297 ] } },
{ "type": "Feature", "properties": { "code": "Β-06/059", "onomastasi": "ΑΓΙΟΙ ΑΝΑΡΓΥΡΟΙ", "type": "ΣΤΑΣΗ", "dimoskal": "ΘΕΣΣΑΛΟΝΙΚΗ", "lines_ejyp": "23", "stop_type_cat": "Regular Stop", "type_rank": 4, "line_count": 1, "service_level": "Local stop" }, "geometry": { "type": "Point", "coordinates": [ 22.959809, 40.641559 ] } },
{ "type": "Feature", "properties": { "code": "Β-06/060", "onomastasi": "ΑΓΙΟΙ ΑΝΑΡΓΥΡΟΙ", "type": "ΤΕΣ ΠΛΗΡΟΦΟΡΗΣΗ", "dimoskal": "ΘΕΣΣΑΛΟΝΙΚΗ", "lines_ejyp": "23,50", "stop_type_cat": "Info Stop", "type_rank": 3, "line_count": 2, "service_level": "Multi-line stop" }, "geometry": { "type": "Point", "coordinates": [ 22.959152, 40.641809 ] } },
{ "type": "Feature", "properties": { "code": "Α-06/007", "onomastasi": "ΠΑΛΙΟ ΤΕΡΜΑ", "type": "ΣΤΑΣΗ", "dimoskal": "ΘΕΣΣΑΛΟΝΙΚΗ", "lines_ejyp": "23", "stop_type_cat": "Regular Stop", "type_rank": 4, "line_count": 1, "service_level": "Local stop" }, "geometry": { "type": "Point", "coordinates": [ 22.962686, 40.642579 ] } },
{ "type": "Feature", "properties": { "code": "Α-06/004", "onomastasi": "ΠΑΛΙΟ ΤΕΡΜΑ", "type": "ΣΤΑΣΗ", "dimoskal": "ΘΕΣΣΑΛΟΝΙΚΗ", "lines_ejyp": "23", "stop_type_cat": "Regular Stop", "type_rank": 4, "line_count": 1, "service_level": "Local stop" }, "geometry": { "type": "Point", "coordinates": [ 22.962366, 40.642604 ] } },
{ "type": "Feature", "properties": { "code": "Α-06/005", "onomastasi": "ΕΠΤΑΠΥΡΓΙΟΥ", "type": "ΣΤΑΣΗ", "dimoskal": "ΝΕΑΠΟΛΗ ΣΥΚΙΕΣ", "lines_ejyp": "23", "stop_type_cat": "Regular Stop", "type_rank": 4, "line_count": 1, "service_level": "Local stop" }, "geometry": { "type": "Point", "coordinates": [ 22.963343, 40.644166 ] } },
{ "type": "Feature", "properties": { "code": "Ι-05/135", "onomastasi": "ΔΑΣΥΛΛΙΟ", "type": "ΣΤΑΣΗ", "dimoskal": "ΠΥΛΑΙΑ ΧΟΡΤΙΑΤΗΣ", "lines_ejyp": "58", "stop_type_cat": "Regular Stop", "type_rank": 4, "line_count": 1, "service_level": "Local stop" }, "geometry": { "type": "Point", "coordinates": [ 23.064855, 40.619585 ] } },
{ "type": "Feature", "properties": { "code": "Ι-05/232", "onomastasi": "ΛΥΚΕΙΟ", "type": "ΣΤΑΣΗ", "dimoskal": "ΠΥΛΑΙΑ ΧΟΡΤΙΑΤΗΣ", "lines_ejyp": "", "stop_type_cat": "Regular Stop", "type_rank": 4, "line_count": 0, "service_level": "Unknown service" }, "geometry": { "type": "Point", "coordinates": [ 23.095821, 40.619904 ] } },
{ "type": "Feature", "properties": { "code": "Ι-05/197", "onomastasi": "ΠΑΛΙΟ ΤΥΡΟΚΟΜΕΙΟ", "type": "ΣΤΑΣΗ", "dimoskal": "ΠΥΛΑΙΑ ΧΟΡΤΙΑΤΗΣ", "lines_ejyp": "61", "stop_type_cat": "Regular Stop", "type_rank": 4, "line_count": 1, "service_level": "Local stop" }, "geometry": { "type": "Point", "coordinates": [ 23.082774, 40.620229 ] } },
{ "type": "Feature", "properties": { "code": "Ι-05/214", "onomastasi": "ΠΑΛΙΟ ΤΥΡΟΚΟΜΕΙΟ", "type": "ΣΤΑΣΗ", "dimoskal": "ΠΥΛΑΙΑ ΧΟΡΤΙΑΤΗΣ", "lines_ejyp": "61", "stop_type_cat": "Regular Stop", "type_rank": 4, "line_count": 1, "service_level": "Local stop" }, "geometry": { "type": "Point", "coordinates": [ 23.082685, 40.620303 ] } },
{ "type": "Feature", "properties": { "code": "Ι-05/196", "onomastasi": "ΣΤΑΣΗ ΠΑΠΑ", "type": "ΣΤΑΣΗ", "dimoskal": "ΠΥΛΑΙΑ ΧΟΡΤΙΑΤΗΣ", "lines_ejyp": "61", "stop_type_cat": "Regular Stop", "type_rank": 4, "line_count": 1, "service_level": "Local stop" }, "geometry": { "type": "Point", "coordinates": [ 23.079926, 40.621262 ] } },
{ "type": "Feature", "properties": { "code": "Ι-05/215", "onomastasi": "ΣΤΑΣΗ ΠΑΠΑ", "type": "ΣΤΑΣΗ", "dimoskal": "ΠΥΛΑΙΑ ΧΟΡΤΙΑΤΗΣ", "lines_ejyp": "61", "stop_type_cat": "Regular Stop", "type_rank": 4, "line_count": 1, "service_level": "Local stop" }, "geometry": { "type": "Point", "coordinates": [ 23.07985, 40.621331 ] } },
{ "type": "Feature", "properties": { "code": "Ι-05/195", "onomastasi": "1Η ΒΡΥΣΗ", "type": "ΣΤΑΣΗ", "dimoskal": "ΠΥΛΑΙΑ ΧΟΡΤΙΑΤΗΣ", "lines_ejyp": "61", "stop_type_cat": "Regular Stop", "type_rank": 4, "line_count": 1, "service_level": "Local stop" }, "geometry": { "type": "Point", "coordinates": [ 23.076689, 40.622426 ] } },
{ "type": "Feature", "properties": { "code": "Ι-05/216", "onomastasi": "1Η ΒΡΥΣΗ", "type": "ΣΤΑΣΗ", "dimoskal": "ΠΥΛΑΙΑ ΧΟΡΤΙΑΤΗΣ", "lines_ejyp": "61", "stop_type_cat": "Regular Stop", "type_rank": 4, "line_count": 1, "service_level": "Local stop" }, "geometry": { "type": "Point", "coordinates": [ 23.076669, 40.622515 ] } },
{ "type": "Feature", "properties": { "code": "Ι-05/257", "onomastasi": "ΠΑΙΔΙΚΟΣ ΣΤΑΘΜΟΣ", "type": "ΣΤΑΣΗ", "dimoskal": "ΠΥΛΑΙΑ ΧΟΡΤΙΑΤΗΣ", "lines_ejyp": "61", "stop_type_cat": "Regular Stop", "type_rank": 4, "line_count": 1, "service_level": "Local stop" }, "geometry": { "type": "Point", "coordinates": [ 23.073697, 40.62349 ] } },
{ "type": "Feature", "properties": { "code": "Ι-05/258", "onomastasi": "ΠΑΙΔΙΚΟΣ ΣΤΑΘΜΟΣ", "type": "ΣΤΑΣΗ", "dimoskal": "ΠΥΛΑΙΑ ΧΟΡΤΙΑΤΗΣ", "lines_ejyp": "61", "stop_type_cat": "Regular Stop", "type_rank": 4, "line_count": 1, "service_level": "Local stop" }, "geometry": { "type": "Point", "coordinates": [ 23.073667, 40.623649 ] } },
{ "type": "Feature", "properties": { "code": "Ι-05/194", "onomastasi": "ΔΙΑΣΤΑΥΡΩΣΗ ΑΓΙΟΥ ΒΑΣΙΛΕΙΟΥ", "type": "ΣΤΑΣΗ", "dimoskal": "ΠΥΛΑΙΑ ΧΟΡΤΙΑΤΗΣ", "lines_ejyp": "61", "stop_type_cat": "Regular Stop", "type_rank": 4, "line_count": 1, "service_level": "Local stop" }, "geometry": { "type": "Point", "coordinates": [ 23.071815, 40.62419 ] } },
{ "type": "Feature", "properties": { "code": "Ι-05/217", "onomastasi": "ΔΙΑΣΤΑΥΡΩΣΗ ΑΓΙΟΥ ΒΑΣΙΛΕΙΟΥ", "type": "ΣΤΑΣΗ", "dimoskal": "ΠΥΛΑΙΑ ΧΟΡΤΙΑΤΗΣ", "lines_ejyp": "61", "stop_type_cat": "Regular Stop", "type_rank": 4, "line_count": 1, "service_level": "Local stop" }, "geometry": { "type": "Point", "coordinates": [ 23.071743, 40.624274 ] } },
{ "type": "Feature", "properties": { "code": "Ι-05/102", "onomastasi": "ΣΤΑΘΜΟΣ ΜΕΤΕΠΙΒΙΒΑΣΗΣ ΔΙΑΣΤΑΥΡΩΣΗ ΧΟΡΤΙΑΤΗ", "type": "ΣΤΑΘΜΟΣ ΜΕΤΕΠΙΒΙΒΑΣΗΣ ΤΕΣ", "dimoskal": "ΠΥΛΑΙΑ ΧΟΡΤΙΑΤΗΣ", "lines_ejyp": "57,58,61", "stop_type_cat": "Transfer Station", "type_rank": 1, "line_count": 3, "service_level": "Multi-line stop" }, "geometry": { "type": "Point", "coordinates": [ 23.062771, 40.624428 ] } },
{ "type": "Feature", "properties": { "code": "Ι-05/237", "onomastasi": "ΔΙΟΝΥΣΙΟΥ ΣΟΛΟΜΟΥ", "type": "ΣΤΑΣΗ", "dimoskal": "ΠΥΛΑΙΑ ΧΟΡΤΙΑΤΗΣ", "lines_ejyp": "", "stop_type_cat": "Regular Stop", "type_rank": 4, "line_count": 0, "service_level": "Unknown service" }, "geometry": { "type": "Point", "coordinates": [ 23.090567, 40.62544 ] } },
{ "type": "Feature", "properties": { "code": "Ι-05/238", "onomastasi": "ΠΡΑΤΗΡΙΟ ΚΑΥΣΙΜΩΝ", "type": "ΣΤΑΣΗ", "dimoskal": "ΠΥΛΑΙΑ ΧΟΡΤΙΑΤΗΣ", "lines_ejyp": "", "stop_type_cat": "Regular Stop", "type_rank": 4, "line_count": 0, "service_level": "Unknown service" }, "geometry": { "type": "Point", "coordinates": [ 23.078761, 40.625492 ] } },
{ "type": "Feature", "properties": { "code": "Ι-05/193", "onomastasi": "ΜΑΚΕΔΟΝΙΚΗ ΑΣΒΕΣΤΟΠΟΙΙΑ", "type": "ΣΤΑΣΗ", "dimoskal": "ΠΥΛΑΙΑ ΧΟΡΤΙΑΤΗΣ", "lines_ejyp": "61", "stop_type_cat": "Regular Stop", "type_rank": 4, "line_count": 1, "service_level": "Local stop" }, "geometry": { "type": "Point", "coordinates": [ 23.065289, 40.625537 ] } },
{ "type": "Feature", "properties": { "code": "Ι-05/218", "onomastasi": "ΜΑΚΕΔΟΝΙΚΗ ΑΣΒΕΣΤΟΠΟΙΙΑ", "type": "ΣΤΑΣΗ", "dimoskal": "ΠΥΛΑΙΑ ΧΟΡΤΙΑΤΗΣ", "lines_ejyp": "61", "stop_type_cat": "Regular Stop", "type_rank": 4, "line_count": 1, "service_level": "Local stop" }, "geometry": { "type": "Point", "coordinates": [ 23.065213, 40.625579 ] } },
{ "type": "Feature", "properties": { "code": "Ι-05/106", "onomastasi": "Ο. Τ. Ε", "type": "ΣΤΑΣΗ", "dimoskal": "ΠΥΛΑΙΑ ΧΟΡΤΙΑΤΗΣ", "lines_ejyp": "57", "stop_type_cat": "Regular Stop", "type_rank": 4, "line_count": 1, "service_level": "Local stop" }, "geometry": { "type": "Point", "coordinates": [ 23.058832, 40.626474 ] } },
{ "type": "Feature", "properties": { "code": "Ι-05/103", "onomastasi": "Ο. Τ. Ε", "type": "ΣΤΑΣΗ", "dimoskal": "ΠΥΛΑΙΑ ΧΟΡΤΙΑΤΗΣ", "lines_ejyp": "57", "stop_type_cat": "Regular Stop", "type_rank": 4, "line_count": 1, "service_level": "Local stop" }, "geometry": { "type": "Point", "coordinates": [ 23.058757, 40.626527 ] } },
{ "type": "Feature", "properties": { "code": "Ι-05/105", "onomastasi": "ΚΛΙΝΙΚΗ ΓΑΛΗΝΗ", "type": "ΣΤΑΣΗ", "dimoskal": "ΠΥΛΑΙΑ ΧΟΡΤΙΑΤΗΣ", "lines_ejyp": "57", "stop_type_cat": "Regular Stop", "type_rank": 4, "line_count": 1, "service_level": "Local stop" }, "geometry": { "type": "Point", "coordinates": [ 23.053918, 40.627245 ] } },
{ "type": "Feature", "properties": { "code": "Ι-05/104", "onomastasi": "ΚΛΙΝΙΚΗ ΓΑΛΗΝΗ", "type": "ΣΤΑΣΗ", "dimoskal": "ΠΥΛΑΙΑ ΧΟΡΤΙΑΤΗΣ", "lines_ejyp": "57", "stop_type_cat": "Regular Stop", "type_rank": 4, "line_count": 1, "service_level": "Local stop" }, "geometry": { "type": "Point", "coordinates": [ 23.053851, 40.627295 ] } },
{ "type": "Feature", "properties": { "code": "Θ-05/054", "onomastasi": "ΠΑΛΙΟ ΤΕΡΜΑ", "type": "ΣΤΑΣΗ", "dimoskal": "ΠΥΛΑΙΑ ΧΟΡΤΙΑΤΗΣ", "lines_ejyp": "57", "stop_type_cat": "Regular Stop", "type_rank": 4, "line_count": 1, "service_level": "Local stop" }, "geometry": { "type": "Point", "coordinates": [ 23.050625, 40.627982 ] } },
{ "type": "Feature", "properties": { "code": "Θ-05/001", "onomastasi": "ΠΑΛΙΟ ΤΕΡΜΑ", "type": "ΣΤΑΣΗ", "dimoskal": "ΠΥΛΑΙΑ ΧΟΡΤΙΑΤΗΣ", "lines_ejyp": "57", "stop_type_cat": "Regular Stop", "type_rank": 4, "line_count": 1, "service_level": "Local stop" }, "geometry": { "type": "Point", "coordinates": [ 23.050839, 40.628004 ] } },
{ "type": "Feature", "properties": { "code": "Θ-05/002", "onomastasi": "ΠΟΡΓΑΝΤΟΥΛΙΔΗ", "type": "ΣΤΑΣΗ", "dimoskal": "ΠΥΛΑΙΑ ΧΟΡΤΙΑΤΗΣ", "lines_ejyp": "", "stop_type_cat": "Regular Stop", "type_rank": 4, "line_count": 0, "service_level": "Unknown service" }, "geometry": { "type": "Point", "coordinates": [ 23.047056, 40.628981 ] } },
{ "type": "Feature", "properties": { "code": "Θ-05/053", "onomastasi": "ΓΙΟΡΓΑΝΤΟΥΛΙΔΗ", "type": "ΣΤΑΣΗ", "dimoskal": "ΠΥΛΑΙΑ ΧΟΡΤΙΑΤΗΣ", "lines_ejyp": "57", "stop_type_cat": "Regular Stop", "type_rank": 4, "line_count": 1, "service_level": "Local stop" }, "geometry": { "type": "Point", "coordinates": [ 23.046846, 40.628984 ] } },
{ "type": "Feature", "properties": { "code": "Θ-05/003", "onomastasi": "ΝΟΣΟΚΟΜΕΙΟ ΠΑΠΑΝΙΚΟΛΑΟΥ", "type": "ΤΕΣ ΠΛΗΡΟΦΟΡΗΣΗ", "dimoskal": "ΠΥΛΑΙΑ ΧΟΡΤΙΑΤΗΣ", "lines_ejyp": "57", "stop_type_cat": "Info Stop", "type_rank": 3, "line_count": 1, "service_level": "Local stop" }, "geometry": { "type": "Point", "coordinates": [ 23.044966, 40.629888 ] } },
{ "type": "Feature", "properties": { "code": "Θ-05/052", "onomastasi": "ΝΟΣΟΚΟΜΕΙΟ ΠΑΠΑΝΙΚΟΛΑΟΥ", "type": "ΤΕΣ ΠΛΗΡΟΦΟΡΗΣΗ", "dimoskal": "ΠΥΛΑΙΑ ΧΟΡΤΙΑΤΗΣ", "lines_ejyp": "57", "stop_type_cat": "Info Stop", "type_rank": 3, "line_count": 1, "service_level": "Local stop" }, "geometry": { "type": "Point", "coordinates": [ 23.043266, 40.630157 ] } },
{ "type": "Feature", "properties": { "code": "Θ-05/004", "onomastasi": "ΠΑΛΙΑ ΠΥΛΗ", "type": "ΣΤΑΣΗ", "dimoskal": "ΠΥΛΑΙΑ ΧΟΡΤΙΑΤΗΣ", "lines_ejyp": "57", "stop_type_cat": "Regular Stop", "type_rank": 4, "line_count": 1, "service_level": "Local stop" }, "geometry": { "type": "Point", "coordinates": [ 23.042588, 40.630928 ] } },
{ "type": "Feature", "properties": { "code": "Θ-05/051", "onomastasi": "ΠΑΛΙΑ ΠΥΛΗ", "type": "ΣΤΑΣΗ", "dimoskal": "ΠΥΛΑΙΑ ΧΟΡΤΙΑΤΗΣ", "lines_ejyp": "57", "stop_type_cat": "Regular Stop", "type_rank": 4, "line_count": 1, "service_level": "Local stop" }, "geometry": { "type": "Point", "coordinates": [ 23.042254, 40.63099 ] } },
{ "type": "Feature", "properties": { "code": "Θ-05/005", "onomastasi": "ΕΚΚΛΗΣΑΚΙ", "type": "ΣΤΑΣΗ", "dimoskal": "ΠΥΛΑΙΑ ΧΟΡΤΙΑΤΗΣ", "lines_ejyp": "57", "stop_type_cat": "Regular Stop", "type_rank": 4, "line_count": 1, "service_level": "Local stop" }, "geometry": { "type": "Point", "coordinates": [ 23.040335, 40.631857 ] } },
{ "type": "Feature", "properties": { "code": "Α-09/008", "onomastasi": "ΔΟΜΝΑΣ ΒΙΣΒΙΖΗ", "type": "ΣΤΑΣΗ", "dimoskal": "ΠΥΛΑΙΑ ΧΟΡΤΙΑΤΗΣ", "lines_ejyp": "14Α", "stop_type_cat": "Regular Stop", "type_rank": 4, "line_count": 1, "service_level": "Local stop" }, "geometry": { "type": "Point", "coordinates": [ 22.993379, 40.609276 ] } },
{ "type": "Feature", "properties": { "code": "Α-09/010", "onomastasi": "ΓΕΩΡΓΙΟΥ ΣΕΦΕΡΗ", "type": "ΣΤΑΣΗ", "dimoskal": "ΠΥΛΑΙΑ ΧΟΡΤΙΑΤΗΣ", "lines_ejyp": "14", "stop_type_cat": "Regular Stop", "type_rank": 4, "line_count": 1, "service_level": "Local stop" }, "geometry": { "type": "Point", "coordinates": [ 22.991447, 40.609682 ] } },
{ "type": "Feature", "properties": { "code": "Α-09/011", "onomastasi": "ΔΗΜΟΚΡΑΤΙΑΣ", "type": "ΣΤΑΣΗ", "dimoskal": "ΠΥΛΑΙΑ ΧΟΡΤΙΑΤΗΣ", "lines_ejyp": "14", "stop_type_cat": "Regular Stop", "type_rank": 4, "line_count": 1, "service_level": "Local stop" }, "geometry": { "type": "Point", "coordinates": [ 22.989844, 40.609836 ] } },
{ "type": "Feature", "properties": { "code": "Α-09/012", "onomastasi": "ΔΗΜΟΚΡΑΤΙΑΣ", "type": "ΣΤΑΣΗ", "dimoskal": "ΠΥΛΑΙΑ ΧΟΡΤΙΑΤΗΣ", "lines_ejyp": "14Α", "stop_type_cat": "Regular Stop", "type_rank": 4, "line_count": 1, "service_level": "Local stop" }, "geometry": { "type": "Point", "coordinates": [ 22.98935, 40.609982 ] } },
{ "type": "Feature", "properties": { "code": "Α-09/006", "onomastasi": "ΑΓΙΟΣ ΧΡΙΣΤΟΦΟΡΟΣ", "type": "ΣΤΑΣΗ", "dimoskal": "ΠΥΛΑΙΑ ΧΟΡΤΙΑΤΗΣ", "lines_ejyp": "14,14Α", "stop_type_cat": "Regular Stop", "type_rank": 4, "line_count": 2, "service_level": "Multi-line stop" }, "geometry": { "type": "Point", "coordinates": [ 22.987602, 40.61084 ] } },
{ "type": "Feature", "properties": { "code": "Α-09/009", "onomastasi": "Τ.Σ. ΑΝΩ ΤΟΥΜΠΑΣ", "type": "ΣΤΑΘΜΑΡΧΕΙΟ", "dimoskal": "ΠΥΛΑΙΑ ΧΟΡΤΙΑΤΗΣ", "lines_ejyp": "14", "stop_type_cat": "Operational Facility", "type_rank": 5, "line_count": 1, "service_level": "Local stop" }, "geometry": { "type": "Point", "coordinates": [ 22.993774, 40.610926 ] } },
{ "type": "Feature", "properties": { "code": "Α-09/003", "onomastasi": "ΠΕΡΡΑΙΒΟΥ", "type": "ΣΤΑΣΗ", "dimoskal": "ΘΕΣΣΑΛΟΝΙΚΗ", "lines_ejyp": "30,36Χ", "stop_type_cat": "Regular Stop", "type_rank": 4, "line_count": 2, "service_level": "Multi-line stop" }, "geometry": { "type": "Point", "coordinates": [ 22.985735, 40.610916 ] } },
{ "type": "Feature", "properties": { "code": "Α-09/005", "onomastasi": "ΑΓΙΟΣ ΧΡΙΣΤΟΦΟΡΟΣ", "type": "ΣΤΑΣΗ", "dimoskal": "ΠΥΛΑΙΑ ΧΟΡΤΙΑΤΗΣ", "lines_ejyp": "14,14A", "stop_type_cat": "Regular Stop", "type_rank": 4, "line_count": 2, "service_level": "Multi-line stop" }, "geometry": { "type": "Point", "coordinates": [ 22.987626, 40.610962 ] } },
{ "type": "Feature", "properties": { "code": "Θ-05/037", "onomastasi": "ΑΝΑΤΟΛΗ", "type": "ΣΤΑΣΗ", "dimoskal": "ΠΥΛΑΙΑ ΧΟΡΤΙΑΤΗΣ", "lines_ejyp": "57", "stop_type_cat": "Regular Stop", "type_rank": 4, "line_count": 1, "service_level": "Local stop" }, "geometry": { "type": "Point", "coordinates": [ 23.003758, 40.649206 ] } },
{ "type": "Feature", "properties": { "code": "Θ-05/018", "onomastasi": "ΑΝΑΤΟΛΗ", "type": "ΣΤΑΣΗ", "dimoskal": "ΠΥΛΑΙΑ ΧΟΡΤΙΑΤΗΣ", "lines_ejyp": "57", "stop_type_cat": "Regular Stop", "type_rank": 4, "line_count": 1, "service_level": "Local stop" }, "geometry": { "type": "Point", "coordinates": [ 23.003891, 40.649218 ] } },
{ "type": "Feature", "properties": { "code": "Θ-05/050", "onomastasi": "ΕΚΚΛΗΣΑΚΙ", "type": "ΣΤΑΣΗ", "dimoskal": "ΠΥΛΑΙΑ ΧΟΡΤΙΑΤΗΣ", "lines_ejyp": "57", "stop_type_cat": "Regular Stop", "type_rank": 4, "line_count": 1, "service_level": "Local stop" }, "geometry": { "type": "Point", "coordinates": [ 23.039273, 40.632138 ] } },
{ "type": "Feature", "properties": { "code": "Θ-05/006", "onomastasi": "ΠΕΝΤΙΚΟΥ", "type": "ΣΤΑΣΗ", "dimoskal": "ΠΥΛΑΙΑ ΧΟΡΤΙΑΤΗΣ", "lines_ejyp": "57", "stop_type_cat": "Regular Stop", "type_rank": 4, "line_count": 1, "service_level": "Local stop" }, "geometry": { "type": "Point", "coordinates": [ 23.037965, 40.634984 ] } },
{ "type": "Feature", "properties": { "code": "Θ-05/049", "onomastasi": "ΠΕΝΤΙΚΟΥ", "type": "ΣΤΑΣΗ", "dimoskal": "ΠΥΛΑΙΑ ΧΟΡΤΙΑΤΗΣ", "lines_ejyp": "57", "stop_type_cat": "Regular Stop", "type_rank": 4, "line_count": 1, "service_level": "Local stop" }, "geometry": { "type": "Point", "coordinates": [ 23.037631, 40.635118 ] } },
{ "type": "Feature", "properties": { "code": "Θ-05/048", "onomastasi": "ΚΟΥΡΙ", "type": "ΣΤΑΣΗ", "dimoskal": "ΠΥΛΑΙΑ ΧΟΡΤΙΑΤΗΣ", "lines_ejyp": "57", "stop_type_cat": "Regular Stop", "type_rank": 4, "line_count": 1, "service_level": "Local stop" }, "geometry": { "type": "Point", "coordinates": [ 23.033325, 40.638074 ] } },
{ "type": "Feature", "properties": { "code": "Θ-05/007", "onomastasi": "ΚΟΥΡΙ", "type": "ΣΤΑΣΗ", "dimoskal": "ΠΥΛΑΙΑ ΧΟΡΤΙΑΤΗΣ", "lines_ejyp": "57", "stop_type_cat": "Regular Stop", "type_rank": 4, "line_count": 1, "service_level": "Local stop" }, "geometry": { "type": "Point", "coordinates": [ 23.033414, 40.638141 ] } },
{ "type": "Feature", "properties": { "code": "Θ-05/047", "onomastasi": "ΒΙΛΛΑ ΑΝΝΑ", "type": "ΣΤΑΣΗ", "dimoskal": "ΠΥΛΑΙΑ ΧΟΡΤΙΑΤΗΣ", "lines_ejyp": "57", "stop_type_cat": "Regular Stop", "type_rank": 4, "line_count": 1, "service_level": "Local stop" }, "geometry": { "type": "Point", "coordinates": [ 23.029672, 40.639743 ] } },
{ "type": "Feature", "properties": { "code": "Θ-05/008", "onomastasi": "ΒΙΛΛΑ ΑΝΝΑ", "type": "ΣΤΑΣΗ", "dimoskal": "ΠΥΛΑΙΑ ΧΟΡΤΙΑΤΗΣ", "lines_ejyp": "57", "stop_type_cat": "Regular Stop", "type_rank": 4, "line_count": 1, "service_level": "Local stop" }, "geometry": { "type": "Point", "coordinates": [ 23.029629, 40.639835 ] } },
{ "type": "Feature", "properties": { "code": "Θ-05/046", "onomastasi": "ΠΟΛΥΚΑΤΟΙΚΙΕΣ", "type": "ΣΤΑΣΗ", "dimoskal": "ΠΥΛΑΙΑ ΧΟΡΤΙΑΤΗΣ", "lines_ejyp": "57", "stop_type_cat": "Regular Stop", "type_rank": 4, "line_count": 1, "service_level": "Local stop" }, "geometry": { "type": "Point", "coordinates": [ 23.02715, 40.640456 ] } },
{ "type": "Feature", "properties": { "code": "Θ-05/045", "onomastasi": "ΑΓΟΡΑ", "type": "ΣΤΑΣΗ", "dimoskal": "ΠΥΛΑΙΑ ΧΟΡΤΙΑΤΗΣ", "lines_ejyp": "57", "stop_type_cat": "Regular Stop", "type_rank": 4, "line_count": 1, "service_level": "Local stop" }, "geometry": { "type": "Point", "coordinates": [ 23.024842, 40.640441 ] } },
{ "type": "Feature", "properties": { "code": "Θ-05/009", "onomastasi": "ΠΟΛΥΚΑΤΟΙΚΙΕΣ", "type": "ΣΤΑΣΗ", "dimoskal": "ΠΥΛΑΙΑ ΧΟΡΤΙΑΤΗΣ", "lines_ejyp": "57", "stop_type_cat": "Regular Stop", "type_rank": 4, "line_count": 1, "service_level": "Local stop" }, "geometry": { "type": "Point", "coordinates": [ 23.026951, 40.640534 ] } },
{ "type": "Feature", "properties": { "code": "Θ-05/010", "onomastasi": "ΠΑΡΚΟ ΑΣΒΕΣΤΟΧΩΡΙΟΥ", "type": "ΤΕΣ ΠΛΗΡΟΦΟΡΗΣΗ", "dimoskal": "ΠΥΛΑΙΑ ΧΟΡΤΙΑΤΗΣ", "lines_ejyp": "57", "stop_type_cat": "Info Stop", "type_rank": 3, "line_count": 1, "service_level": "Local stop" }, "geometry": { "type": "Point", "coordinates": [ 23.025008, 40.641125 ] } },
{ "type": "Feature", "properties": { "code": "Θ-05/041", "onomastasi": "ΠΥΡΟΤΟΥΒΛΑ", "type": "ΣΤΑΣΗ", "dimoskal": "ΠΥΛΑΙΑ ΧΟΡΤΙΑΤΗΣ", "lines_ejyp": "57", "stop_type_cat": "Regular Stop", "type_rank": 4, "line_count": 1, "service_level": "Local stop" }, "geometry": { "type": "Point", "coordinates": [ 23.01361, 40.644075 ] } },
{ "type": "Feature", "properties": { "code": "Θ-05/014", "onomastasi": "ΠΥΡΟΤΟΥΒΛΑ", "type": "ΣΤΑΣΗ", "dimoskal": "ΠΥΛΑΙΑ ΧΟΡΤΙΑΤΗΣ", "lines_ejyp": "57", "stop_type_cat": "Regular Stop", "type_rank": 4, "line_count": 1, "service_level": "Local stop" }, "geometry": { "type": "Point", "coordinates": [ 23.013656, 40.644159 ] } },
{ "type": "Feature", "properties": { "code": "Θ-05/040", "onomastasi": "ΑΣΒΕΣΤΟΠΟΙΙΑ", "type": "ΣΤΑΣΗ", "dimoskal": "ΠΥΛΑΙΑ ΧΟΡΤΙΑΤΗΣ", "lines_ejyp": "57", "stop_type_cat": "Regular Stop", "type_rank": 4, "line_count": 1, "service_level": "Local stop" }, "geometry": { "type": "Point", "coordinates": [ 23.011099, 40.645149 ] } },
{ "type": "Feature", "properties": { "code": "Θ-05/015", "onomastasi": "ΑΣΒΕΣΤΟΠΟΙΙΑ", "type": "ΣΤΑΣΗ", "dimoskal": "ΠΥΛΑΙΑ ΧΟΡΤΙΑΤΗΣ", "lines_ejyp": "57", "stop_type_cat": "Regular Stop", "type_rank": 4, "line_count": 1, "service_level": "Local stop" }, "geometry": { "type": "Point", "coordinates": [ 23.011113, 40.645224 ] } },
{ "type": "Feature", "properties": { "code": "Θ-05/039", "onomastasi": "ΠΑΡΕΚΚΛΗΣΙ", "type": "ΣΤΑΣΗ", "dimoskal": "ΠΥΛΑΙΑ ΧΟΡΤΙΑΤΗΣ", "lines_ejyp": "57", "stop_type_cat": "Regular Stop", "type_rank": 4, "line_count": 1, "service_level": "Local stop" }, "geometry": { "type": "Point", "coordinates": [ 23.008367, 40.64674 ] } },
{ "type": "Feature", "properties": { "code": "Θ-05/016", "onomastasi": "ΠΑΡΕΚΚΛΗΣΙ", "type": "ΣΤΑΣΗ", "dimoskal": "ΠΥΛΑΙΑ ΧΟΡΤΙΑΤΗΣ", "lines_ejyp": "57", "stop_type_cat": "Regular Stop", "type_rank": 4, "line_count": 1, "service_level": "Local stop" }, "geometry": { "type": "Point", "coordinates": [ 23.008329, 40.646824 ] } },
{ "type": "Feature", "properties": { "code": "Θ-05/038", "onomastasi": "ΓΗΡΟΚΟΜΕΙΟ 1", "type": "ΣΤΑΣΗ", "dimoskal": "ΠΥΛΑΙΑ ΧΟΡΤΙΑΤΗΣ", "lines_ejyp": "57", "stop_type_cat": "Regular Stop", "type_rank": 4, "line_count": 1, "service_level": "Local stop" }, "geometry": { "type": "Point", "coordinates": [ 23.006092, 40.647952 ] } },
{ "type": "Feature", "properties": { "code": "Θ-05/017", "onomastasi": "ΓΗΡΟΚΟΜΕΙΟ 1", "type": "ΣΤΑΣΗ", "dimoskal": "ΠΥΛΑΙΑ ΧΟΡΤΙΑΤΗΣ", "lines_ejyp": "57", "stop_type_cat": "Regular Stop", "type_rank": 4, "line_count": 1, "service_level": "Local stop" }, "geometry": { "type": "Point", "coordinates": [ 23.005921, 40.648123 ] } },
{ "type": "Feature", "properties": { "code": "Θ-05/236", "onomastasi": "ΥΨΙΚΑΜΙΝΟΣ", "type": "ΣΤΑΣΗ", "dimoskal": "ΝΕΑΠΟΛΗ ΣΥΚΙΕΣ", "lines_ejyp": "59,59Κ", "stop_type_cat": "Regular Stop", "type_rank": 4, "line_count": 2, "service_level": "Multi-line stop" }, "geometry": { "type": "Point", "coordinates": [ 23.004816, 40.65622 ] } },
{ "type": "Feature", "properties": { "code": "Θ-05/235", "onomastasi": "ΑΓΙΑ ΤΡΙΑΔΑ", "type": "ΣΤΑΣΗ", "dimoskal": "ΝΕΑΠΟΛΗ ΣΥΚΙΕΣ", "lines_ejyp": "59,59Κ", "stop_type_cat": "Regular Stop", "type_rank": 4, "line_count": 2, "service_level": "Multi-line stop" }, "geometry": { "type": "Point", "coordinates": [ 23.00447, 40.657685 ] } },
{ "type": "Feature", "properties": { "code": "Θ-05/036", "onomastasi": "ΠΡΟΤΥΠΟ", "type": "ΣΤΑΣΗ", "dimoskal": "ΠΥΛΑΙΑ ΧΟΡΤΙΑΤΗΣ", "lines_ejyp": "57", "stop_type_cat": "Regular Stop", "type_rank": 4, "line_count": 1, "service_level": "Local stop" }, "geometry": { "type": "Point", "coordinates": [ 23.001605, 40.650019 ] } },
{ "type": "Feature", "properties": { "code": "Θ-05/019", "onomastasi": "ΠΡΟΤΥΠΟ", "type": "ΣΤΑΣΗ", "dimoskal": "ΠΥΛΑΙΑ ΧΟΡΤΙΑΤΗΣ", "lines_ejyp": "57", "stop_type_cat": "Regular Stop", "type_rank": 4, "line_count": 1, "service_level": "Local stop" }, "geometry": { "type": "Point", "coordinates": [ 23.001492, 40.6501 ] } },
{ "type": "Feature", "properties": { "code": "Θ-05/020", "onomastasi": "7,5 ΧΙΛΙΟΜΕΤΡΟ", "type": "ΣΤΑΣΗ", "dimoskal": "ΝΕΑΠΟΛΗ ΣΥΚΙΕΣ", "lines_ejyp": "57", "stop_type_cat": "Regular Stop", "type_rank": 4, "line_count": 1, "service_level": "Local stop" }, "geometry": { "type": "Point", "coordinates": [ 22.999203, 40.651071 ] } },
{ "type": "Feature", "properties": { "code": "Θ-05/035", "onomastasi": "7,5 ΧΙΛΙΟΜΕΤΡΟ", "type": "ΣΤΑΣΗ", "dimoskal": "ΝΕΑΠΟΛΗ ΣΥΚΙΕΣ", "lines_ejyp": "57", "stop_type_cat": "Regular Stop", "type_rank": 4, "line_count": 1, "service_level": "Local stop" }, "geometry": { "type": "Point", "coordinates": [ 22.998986, 40.651093 ] } },
{ "type": "Feature", "properties": { "code": "Θ-05/034", "onomastasi": "ΔΕΛΑΣΑΛ", "type": "ΣΤΑΣΗ", "dimoskal": "ΝΕΑΠΟΛΗ ΣΥΚΙΕΣ", "lines_ejyp": "57", "stop_type_cat": "Regular Stop", "type_rank": 4, "line_count": 1, "service_level": "Local stop" }, "geometry": { "type": "Point", "coordinates": [ 22.99487, 40.653207 ] } },
{ "type": "Feature", "properties": { "code": "Θ-05/021", "onomastasi": "ΔΕΛΑΣΑΛ", "type": "ΣΤΑΣΗ", "dimoskal": "ΝΕΑΠΟΛΗ ΣΥΚΙΕΣ", "lines_ejyp": "57", "stop_type_cat": "Regular Stop", "type_rank": 4, "line_count": 1, "service_level": "Local stop" }, "geometry": { "type": "Point", "coordinates": [ 22.994822, 40.653324 ] } },
{ "type": "Feature", "properties": { "code": "Θ-05/241", "onomastasi": "ΑΓΙΑΣ ΤΡΙΑΔΟΣ", "type": "ΣΤΑΣΗ", "dimoskal": "ΝΕΑΠΟΛΗ ΣΥΚΙΕΣ", "lines_ejyp": "59,59Κ", "stop_type_cat": "Regular Stop", "type_rank": 4, "line_count": 2, "service_level": "Multi-line stop" }, "geometry": { "type": "Point", "coordinates": [ 22.997526, 40.654177 ] } },
{ "type": "Feature", "properties": { "code": "Θ-05/240", "onomastasi": "ΠΑΡΚΟ ΑΓΙΟΥ ΓΕΩΡΓΙΟΥ", "type": "ΣΤΑΣΗ", "dimoskal": "ΝΕΑΠΟΛΗ ΣΥΚΙΕΣ", "lines_ejyp": "59,59Κ", "stop_type_cat": "Regular Stop", "type_rank": 4, "line_count": 2, "service_level": "Multi-line stop" }, "geometry": { "type": "Point", "coordinates": [ 22.999807, 40.654914 ] } },
{ "type": "Feature", "properties": { "code": "Θ-05/033", "onomastasi": "ΒΕΝΖΙΝΑΔΙΚΟ", "type": "ΣΤΑΣΗ", "dimoskal": "ΝΕΑΠΟΛΗ ΣΥΚΙΕΣ", "lines_ejyp": "57", "stop_type_cat": "Regular Stop", "type_rank": 4, "line_count": 1, "service_level": "Local stop" }, "geometry": { "type": "Point", "coordinates": [ 22.991691, 40.655602 ] } },
{ "type": "Feature", "properties": { "code": "Θ-05/022", "onomastasi": "ΦΥΤΩΡΙΟ", "type": "ΣΤΑΣΗ", "dimoskal": "ΝΕΑΠΟΛΗ ΣΥΚΙΕΣ", "lines_ejyp": "57,59,59Κ", "stop_type_cat": "Regular Stop", "type_rank": 4, "line_count": 3, "service_level": "Multi-line stop" }, "geometry": { "type": "Point", "coordinates": [ 22.991596, 40.655928 ] } },
{ "type": "Feature", "properties": { "code": "Θ-05/246", "onomastasi": "ΠΕΝΤΗΚΟΣΤΗΣ", "type": "ΣΤΑΣΗ", "dimoskal": "ΝΕΑΠΟΛΗ ΣΥΚΙΕΣ", "lines_ejyp": "59,59Κ", "stop_type_cat": "Regular Stop", "type_rank": 4, "line_count": 2, "service_level": "Multi-line stop" }, "geometry": { "type": "Point", "coordinates": [ 23.003441, 40.65625 ] } },
{ "type": "Feature", "properties": { "code": "Θ-05/237", "onomastasi": "ΠΕΝΤΗΚΟΣΤΗΣ", "type": "ΣΤΑΣΗ", "dimoskal": "ΝΕΑΠΟΛΗ ΣΥΚΙΕΣ", "lines_ejyp": "59,59Κ", "stop_type_cat": "Regular Stop", "type_rank": 4, "line_count": 2, "service_level": "Multi-line stop" }, "geometry": { "type": "Point", "coordinates": [ 23.003536, 40.656324 ] } },
{ "type": "Feature", "properties": { "code": "Θ-05/239", "onomastasi": "ΓΥΜΝΑΣΙΟ", "type": "ΣΤΑΣΗ", "dimoskal": "ΝΕΑΠΟΛΗ ΣΥΚΙΕΣ", "lines_ejyp": "59,59Κ", "stop_type_cat": "Regular Stop", "type_rank": 4, "line_count": 2, "service_level": "Multi-line stop" }, "geometry": { "type": "Point", "coordinates": [ 22.99825, 40.656678 ] } },
{ "type": "Feature", "properties": { "code": "Θ-05/208", "onomastasi": "ΓΥΜΝΑΣΙΟ ΠΕΥΚΩΝ", "type": "ΣΤΑΣΗ", "dimoskal": "ΝΕΑΠΟΛΗ ΣΥΚΙΕΣ", "lines_ejyp": "59,59Κ", "stop_type_cat": "Regular Stop", "type_rank": 4, "line_count": 2, "service_level": "Multi-line stop" }, "geometry": { "type": "Point", "coordinates": [ 22.998417, 40.65668 ] } },
{ "type": "Feature", "properties": { "code": "Θ-05/225", "onomastasi": "ΣΙΝΤΡΙΒΑΝΙ", "type": "ΣΤΑΣΗ", "dimoskal": "ΝΕΑΠΟΛΗ ΣΥΚΙΕΣ", "lines_ejyp": "59,59Κ", "stop_type_cat": "Regular Stop", "type_rank": 4, "line_count": 2, "service_level": "Multi-line stop" }, "geometry": { "type": "Point", "coordinates": [ 22.991674, 40.656721 ] } },
{ "type": "Feature", "properties": { "code": "Θ-05/032", "onomastasi": "ΠΕΡΙΠΤΕΡΟ", "type": "ΣΤΑΣΗ", "dimoskal": "ΝΕΑΠΟΛΗ ΣΥΚΙΕΣ", "lines_ejyp": "57,59,59Κ", "stop_type_cat": "Regular Stop", "type_rank": 4, "line_count": 3, "service_level": "Multi-line stop" }, "geometry": { "type": "Point", "coordinates": [ 22.988728, 40.656848 ] } },
{ "type": "Feature", "properties": { "code": "Θ-05/023", "onomastasi": "ΠΕΡΙΠΤΕΡΟ", "type": "ΣΤΑΣΗ", "dimoskal": "ΝΕΑΠΟΛΗ ΣΥΚΙΕΣ", "lines_ejyp": "57", "stop_type_cat": "Regular Stop", "type_rank": 4, "line_count": 1, "service_level": "Local stop" }, "geometry": { "type": "Point", "coordinates": [ 22.988509, 40.656938 ] } },
{ "type": "Feature", "properties": { "code": "Θ-05/031", "onomastasi": "ΠΥΘΑΡΙΑ", "type": "ΣΤΑΣΗ", "dimoskal": "ΝΕΑΠΟΛΗ ΣΥΚΙΕΣ", "lines_ejyp": "57,59,59Κ", "stop_type_cat": "Regular Stop", "type_rank": 4, "line_count": 3, "service_level": "Multi-line stop" }, "geometry": { "type": "Point", "coordinates": [ 22.98537, 40.657385 ] } },
{ "type": "Feature", "properties": { "code": "Θ-05/226", "onomastasi": "ΔΗΜΑΡΧΕΙΟ", "type": "ΣΤΑΣΗ", "dimoskal": "ΝΕΑΠΟΛΗ ΣΥΚΙΕΣ", "lines_ejyp": "59,59Κ", "stop_type_cat": "Regular Stop", "type_rank": 4, "line_count": 2, "service_level": "Multi-line stop" }, "geometry": { "type": "Point", "coordinates": [ 22.994531, 40.657549 ] } },
{ "type": "Feature", "properties": { "code": "Θ-05/245", "onomastasi": "ΛΟΥΤΡΟ", "type": "ΣΤΑΣΗ", "dimoskal": "ΝΕΑΠΟΛΗ ΣΥΚΙΕΣ", "lines_ejyp": "59,59K", "stop_type_cat": "Regular Stop", "type_rank": 4, "line_count": 2, "service_level": "Multi-line stop" }, "geometry": { "type": "Point", "coordinates": [ 23.002226, 40.657622 ] } },
{ "type": "Feature", "properties": { "code": "Θ-05/024", "onomastasi": "ΠΥΘΑΡΙΑ", "type": "ΣΤΑΣΗ", "dimoskal": "ΝΕΑΠΟΛΗ ΣΥΚΙΕΣ", "lines_ejyp": "57", "stop_type_cat": "Regular Stop", "type_rank": 4, "line_count": 1, "service_level": "Local stop" }, "geometry": { "type": "Point", "coordinates": [ 22.985249, 40.657475 ] } },
{ "type": "Feature", "properties": { "code": "Θ-05/238", "onomastasi": "ΛΟΥΤΡΟ", "type": "ΣΤΑΣΗ", "dimoskal": "ΝΕΑΠΟΛΗ ΣΥΚΙΕΣ", "lines_ejyp": "59,59Κ", "stop_type_cat": "Regular Stop", "type_rank": 4, "line_count": 2, "service_level": "Multi-line stop" }, "geometry": { "type": "Point", "coordinates": [ 23.002164, 40.657696 ] } },
{ "type": "Feature", "properties": { "code": "Θ-05/211", "onomastasi": "ΛΑΪΚΗ", "type": "ΣΤΑΣΗ", "dimoskal": "ΝΕΑΠΟΛΗ ΣΥΚΙΕΣ", "lines_ejyp": "59,59Κ", "stop_type_cat": "Regular Stop", "type_rank": 4, "line_count": 2, "service_level": "Multi-line stop" }, "geometry": { "type": "Point", "coordinates": [ 22.994248, 40.65838 ] } },
{ "type": "Feature", "properties": { "code": "Θ-05/242", "onomastasi": "ΕΚΚΛΗΣΙΑ", "type": "ΣΤΑΣΗ", "dimoskal": "ΝΕΑΠΟΛΗ ΣΥΚΙΕΣ", "lines_ejyp": "59,59Κ", "stop_type_cat": "Regular Stop", "type_rank": 4, "line_count": 2, "service_level": "Multi-line stop" }, "geometry": { "type": "Point", "coordinates": [ 22.991846, 40.659023 ] } },
{ "type": "Feature", "properties": { "code": "Θ-05/247", "onomastasi": "ΟΛΥΜΠΙΑΔΟΣ", "type": "ΣΤΑΣΗ", "dimoskal": "ΝΕΑΠΟΛΗ ΣΥΚΙΕΣ", "lines_ejyp": "59,59Κ", "stop_type_cat": "Regular Stop", "type_rank": 4, "line_count": 2, "service_level": "Multi-line stop" }, "geometry": { "type": "Point", "coordinates": [ 23.003739, 40.659349 ] } },
{ "type": "Feature", "properties": { "code": "Θ-05/234", "onomastasi": "ΟΛΥΜΠΙΑΔΟΣ", "type": "ΣΤΑΣΗ", "dimoskal": "ΝΕΑΠΟΛΗ ΣΥΚΙΕΣ", "lines_ejyp": "59,59Κ", "stop_type_cat": "Regular Stop", "type_rank": 4, "line_count": 2, "service_level": "Multi-line stop" }, "geometry": { "type": "Point", "coordinates": [ 23.003712, 40.659409 ] } },
{ "type": "Feature", "properties": { "code": "Θ-05/227", "onomastasi": "ΛΥΚΕΙΟ", "type": "ΣΤΑΣΗ", "dimoskal": "ΝΕΑΠΟΛΗ ΣΥΚΙΕΣ", "lines_ejyp": "59,59Κ", "stop_type_cat": "Regular Stop", "type_rank": 4, "line_count": 2, "service_level": "Multi-line stop" }, "geometry": { "type": "Point", "coordinates": [ 22.994889, 40.659898 ] } },
{ "type": "Feature", "properties": { "code": "Θ-05/228", "onomastasi": "ΜΑΚΕΔΟΝΙΑΣ", "type": "ΣΤΑΣΗ", "dimoskal": "ΝΕΑΠΟΛΗ ΣΥΚΙΕΣ", "lines_ejyp": "59,59Κ", "stop_type_cat": "Regular Stop", "type_rank": 4, "line_count": 2, "service_level": "Multi-line stop" }, "geometry": { "type": "Point", "coordinates": [ 22.995834, 40.660048 ] } },
{ "type": "Feature", "properties": { "code": "Θ-05/212", "onomastasi": "ΑΝΘΕΩΝ", "type": "ΣΤΑΣΗ", "dimoskal": "ΝΕΑΠΟΛΗ ΣΥΚΙΕΣ", "lines_ejyp": "59,59Κ", "stop_type_cat": "Regular Stop", "type_rank": 4, "line_count": 2, "service_level": "Multi-line stop" }, "geometry": { "type": "Point", "coordinates": [ 22.990699, 40.660059 ] } },
{ "type": "Feature", "properties": { "code": "Θ-05/229", "onomastasi": "ΚΟΛΟΚΟΤΡΩΝΗ", "type": "ΣΤΑΣΗ", "dimoskal": "ΝΕΑΠΟΛΗ ΣΥΚΙΕΣ", "lines_ejyp": "59,59Κ", "stop_type_cat": "Regular Stop", "type_rank": 4, "line_count": 2, "service_level": "Multi-line stop" }, "geometry": { "type": "Point", "coordinates": [ 22.998636, 40.66014 ] } },
{ "type": "Feature", "properties": { "code": "Α-08/002", "onomastasi": "ΡΗΓΑ ΦΕΡΑΙΟΥ", "type": "ΣΤΑΣΗ", "dimoskal": "ΘΕΣΣΑΛΟΝΙΚΗ", "lines_ejyp": "", "stop_type_cat": "Regular Stop", "type_rank": 4, "line_count": 0, "service_level": "Unknown service" }, "geometry": { "type": "Point", "coordinates": [ 22.975511, 40.624315 ] } },
{ "type": "Feature", "properties": { "code": "Α-08/001", "onomastasi": "Τ.Σ. ΤΡΙΑΝΔΡΙΑΣ", "type": "ΣΤΑΘΜΑΡΧΕΙΟ", "dimoskal": "ΘΕΣΣΑΛΟΝΙΚΗ", "lines_ejyp": "17,30,36Χ", "stop_type_cat": "Operational Facility", "type_rank": 5, "line_count": 3, "service_level": "Multi-line stop" }, "geometry": { "type": "Point", "coordinates": [ 22.97566, 40.625325 ] } },
{ "type": "Feature", "properties": { "code": "Θ-05/198", "onomastasi": "ΓΕΦΥΡΑΚΙ", "type": "ΣΤΑΣΗ", "dimoskal": "ΝΕΑΠΟΛΗ ΣΥΚΙΕΣ", "lines_ejyp": "57,59,59Κ", "stop_type_cat": "Regular Stop", "type_rank": 4, "line_count": 3, "service_level": "Multi-line stop" }, "geometry": { "type": "Point", "coordinates": [ 22.98303, 40.658528 ] } },
{ "type": "Feature", "properties": { "code": "Θ-05/025", "onomastasi": "ΓΕΦΥΡΑΚΙ", "type": "ΣΤΑΣΗ", "dimoskal": "ΝΕΑΠΟΛΗ ΣΥΚΙΕΣ", "lines_ejyp": "57", "stop_type_cat": "Regular Stop", "type_rank": 4, "line_count": 1, "service_level": "Local stop" }, "geometry": { "type": "Point", "coordinates": [ 22.982551, 40.658979 ] } },
{ "type": "Feature", "properties": { "code": "Θ-05/028", "onomastasi": "ΓΗΠΕΔΟ", "type": "ΣΤΑΣΗ", "dimoskal": "ΝΕΑΠΟΛΗ ΣΥΚΙΕΣ", "lines_ejyp": "57,59,59Κ,64,64Α,64Β", "stop_type_cat": "Regular Stop", "type_rank": 4, "line_count": 6, "service_level": "High-service stop" }, "geometry": { "type": "Point", "coordinates": [ 22.974435, 40.659303 ] } },
{ "type": "Feature", "properties": { "code": "Α-05/016", "onomastasi": "ΒΕΝΖΙΝΑΔΙΚΟ", "type": "ΣΤΑΣΗ", "dimoskal": "ΠΑΥΛΟΣ ΜΕΛΑΣ", "lines_ejyp": "57,59,59Κ,64,64Α,64Β", "stop_type_cat": "Regular Stop", "type_rank": 4, "line_count": 6, "service_level": "High-service stop" }, "geometry": { "type": "Point", "coordinates": [ 22.971886, 40.659324 ] } },
{ "type": "Feature", "properties": { "code": "Θ-05/027", "onomastasi": "ΓΗΠΕΔΟ", "type": "ΣΤΑΣΗ", "dimoskal": "ΝΕΑΠΟΛΗ ΣΥΚΙΕΣ", "lines_ejyp": "57,59,59Κ,64,64Α,64Β", "stop_type_cat": "Regular Stop", "type_rank": 4, "line_count": 6, "service_level": "High-service stop" }, "geometry": { "type": "Point", "coordinates": [ 22.974431, 40.659367 ] } },
{ "type": "Feature", "properties": { "code": "Θ-05/029", "onomastasi": "ΣΤΡΟΦΗ ΦΙΛΥΡΟΥ", "type": "ΣΤΑΣΗ", "dimoskal": "ΝΕΑΠΟΛΗ ΣΥΚΙΕΣ", "lines_ejyp": "57,59,59Κ", "stop_type_cat": "Regular Stop", "type_rank": 4, "line_count": 3, "service_level": "Multi-line stop" }, "geometry": { "type": "Point", "coordinates": [ 22.979197, 40.65941 ] } },
{ "type": "Feature", "properties": { "code": "Θ-05/026", "onomastasi": "ΣΤΡΟΦΗ ΦΙΛΥΡΟΥ", "type": "ΣΤΑΣΗ", "dimoskal": "ΝΕΑΠΟΛΗ ΣΥΚΙΕΣ", "lines_ejyp": "57,59,59Κ", "stop_type_cat": "Regular Stop", "type_rank": 4, "line_count": 3, "service_level": "Multi-line stop" }, "geometry": { "type": "Point", "coordinates": [ 22.979015, 40.659438 ] } },
{ "type": "Feature", "properties": { "code": "Α-05/015", "onomastasi": "ΒΕΝΖΙΝΑΔΙΚΟ", "type": "ΣΤΑΣΗ", "dimoskal": "ΠΑΥΛΟΣ ΜΕΛΑΣ", "lines_ejyp": "57,59,59Κ,64,64Α,64Β", "stop_type_cat": "Regular Stop", "type_rank": 4, "line_count": 6, "service_level": "High-service stop" }, "geometry": { "type": "Point", "coordinates": [ 22.970901, 40.659416 ] } },
{ "type": "Feature", "properties": { "code": "Α-06/008", "onomastasi": "ΕΠΤΑΠΥΡΓΙΟΥ", "type": "ΣΤΑΣΗ", "dimoskal": "ΝΕΑΠΟΛΗ ΣΥΚΙΕΣ", "lines_ejyp": "23", "stop_type_cat": "Regular Stop", "type_rank": 4, "line_count": 1, "service_level": "Local stop" }, "geometry": { "type": "Point", "coordinates": [ 22.963195, 40.644167 ] } },
{ "type": "Feature", "properties": { "code": "Α-06/010", "onomastasi": "Τ.Σ. ΟΔΟΥ ΜΠΟΣΝΑΚΗ (ΕΠΤΑΠΥΡΓΙΟ)", "type": "ΤΕΡΜΑΤΙΚΟΣ ΣΤΑΘΜΟΣ ( ΑΦΕΤΗΡΙΑ - ΤΕΡΜΑ )", "dimoskal": "ΝΕΑΠΟΛΗ ΣΥΚΙΕΣ", "lines_ejyp": "18", "stop_type_cat": "Terminal Stop", "type_rank": 2, "line_count": 1, "service_level": "Local stop" }, "geometry": { "type": "Point", "coordinates": [ 22.96165, 40.645049 ] } },
{ "type": "Feature", "properties": { "code": "Α-06/009", "onomastasi": "ΣΧΟΛΕΙΟ", "type": "ΣΤΑΣΗ", "dimoskal": "ΝΕΑΠΟΛΗ ΣΥΚΙΕΣ", "lines_ejyp": "18,23", "stop_type_cat": "Regular Stop", "type_rank": 4, "line_count": 2, "service_level": "Multi-line stop" }, "geometry": { "type": "Point", "coordinates": [ 22.962766, 40.645542 ] } },
{ "type": "Feature", "properties": { "code": "Α-06/003", "onomastasi": "ΣΧΟΛΕΙΟ", "type": "ΣΤΑΣΗ", "dimoskal": "ΝΕΑΠΟΛΗ ΣΥΚΙΕΣ", "lines_ejyp": "23", "stop_type_cat": "Regular Stop", "type_rank": 4, "line_count": 1, "service_level": "Local stop" }, "geometry": { "type": "Point", "coordinates": [ 22.962913, 40.645545 ] } },
{ "type": "Feature", "properties": { "code": "Α-06/011", "onomastasi": "ΜΠΟΣΝΑΚΗ", "type": "ΣΤΑΣΗ", "dimoskal": "ΝΕΑΠΟΛΗ ΣΥΚΙΕΣ", "lines_ejyp": "18", "stop_type_cat": "Regular Stop", "type_rank": 4, "line_count": 1, "service_level": "Local stop" }, "geometry": { "type": "Point", "coordinates": [ 22.960861, 40.646774 ] } },
{ "type": "Feature", "properties": { "code": "Α-06/002", "onomastasi": "ΟΔΥΣΣΕΑ ΕΛΥΤΗ", "type": "ΣΤΑΣΗ", "dimoskal": "ΝΕΑΠΟΛΗ ΣΥΚΙΕΣ", "lines_ejyp": "18,23", "stop_type_cat": "Regular Stop", "type_rank": 4, "line_count": 2, "service_level": "Multi-line stop" }, "geometry": { "type": "Point", "coordinates": [ 22.96168, 40.647318 ] } },
{ "type": "Feature", "properties": { "code": "Α-05/030", "onomastasi": "ΠΕΡΙΠΤΕΡΟ", "type": "ΣΤΑΣΗ", "dimoskal": "ΝΕΑΠΟΛΗ ΣΥΚΙΕΣ", "lines_ejyp": "28", "stop_type_cat": "Regular Stop", "type_rank": 4, "line_count": 1, "service_level": "Local stop" }, "geometry": { "type": "Point", "coordinates": [ 22.960252, 40.647339 ] } },
{ "type": "Feature", "properties": { "code": "Α-06/001", "onomastasi": "ΟΔΥΣΣΕΑ ΕΛΥΤΗ", "type": "ΣΤΑΣΗ", "dimoskal": "ΝΕΑΠΟΛΗ ΣΥΚΙΕΣ", "lines_ejyp": "23", "stop_type_cat": "Regular Stop", "type_rank": 4, "line_count": 1, "service_level": "Local stop" }, "geometry": { "type": "Point", "coordinates": [ 22.961736, 40.647411 ] } },
{ "type": "Feature", "properties": { "code": "Α-05/029", "onomastasi": "ΠΕΡΙΠΤΕΡΟ", "type": "ΣΤΑΣΗ", "dimoskal": "ΝΕΑΠΟΛΗ ΣΥΚΙΕΣ", "lines_ejyp": "28", "stop_type_cat": "Regular Stop", "type_rank": 4, "line_count": 1, "service_level": "Local stop" }, "geometry": { "type": "Point", "coordinates": [ 22.960198, 40.647467 ] } },
{ "type": "Feature", "properties": { "code": "Α-05/024", "onomastasi": "ΑΓΙΟΣ ΧΑΡΑΛΑΜΠΟΣ", "type": "ΣΤΑΣΗ", "dimoskal": "ΝΕΑΠΟΛΗ ΣΥΚΙΕΣ", "lines_ejyp": "18,23,28", "stop_type_cat": "Regular Stop", "type_rank": 4, "line_count": 3, "service_level": "Multi-line stop" }, "geometry": { "type": "Point", "coordinates": [ 22.959551, 40.649055 ] } },
{ "type": "Feature", "properties": { "code": "Β-06/064", "onomastasi": "ΠΛΑΤΕΙΑ ΧΙΛΙΩΝ ΔΕΝΔΡΩΝ", "type": "ΣΤΑΣΗ", "dimoskal": "ΝΕΑΠΟΛΗ ΣΥΚΙΕΣ", "lines_ejyp": "24", "stop_type_cat": "Regular Stop", "type_rank": 4, "line_count": 1, "service_level": "Local stop" }, "geometry": { "type": "Point", "coordinates": [ 22.964731, 40.637237 ] } },
{ "type": "Feature", "properties": { "code": "Β-06/067", "onomastasi": "ΣΧΟΛΕΙΟ", "type": "ΣΤΑΣΗ", "dimoskal": "ΝΕΑΠΟΛΗ ΣΥΚΙΕΣ", "lines_ejyp": "24", "stop_type_cat": "Regular Stop", "type_rank": 4, "line_count": 1, "service_level": "Local stop" }, "geometry": { "type": "Point", "coordinates": [ 22.963599, 40.637901 ] } },
{ "type": "Feature", "properties": { "code": "Β-06/066", "onomastasi": "ΣΧΟΛΕΙΟ", "type": "ΣΤΑΣΗ", "dimoskal": "ΝΕΑΠΟΛΗ ΣΥΚΙΕΣ", "lines_ejyp": "24", "stop_type_cat": "Regular Stop", "type_rank": 4, "line_count": 1, "service_level": "Local stop" }, "geometry": { "type": "Point", "coordinates": [ 22.963654, 40.637997 ] } },
{ "type": "Feature", "properties": { "code": "Α-05/013ΤΣ", "onomastasi": "Τ.Σ. ΝΕΑΠΟΛΕΩΣ", "type": "ΣΤΑΘΜΑΡΧΕΙΟ", "dimoskal": "ΠΑΥΛΟΣ ΜΕΛΑΣ", "lines_ejyp": "25,59,59Κ", "stop_type_cat": "Operational Facility", "type_rank": 5, "line_count": 3, "service_level": "Multi-line stop" }, "geometry": { "type": "Point", "coordinates": [ 22.964853, 40.657603 ] } },
{ "type": "Feature", "properties": { "code": "Α-05/014", "onomastasi": "ΑΕΡΟΓΕΦΥΡΑ", "type": "ΣΤΑΣΗ", "dimoskal": "ΠΑΥΛΟΣ ΜΕΛΑΣ", "lines_ejyp": "28,57,59,59Κ,64,64Α,64Β", "stop_type_cat": "Regular Stop", "type_rank": 4, "line_count": 7, "service_level": "Major PT node" }, "geometry": { "type": "Point", "coordinates": [ 22.967163, 40.658567 ] } },
{ "type": "Feature", "properties": { "code": "Α-04/001", "onomastasi": "Τ.Σ. ΠΟΛΙΧΝΗΣ", "type": "ΣΤΑΘΜΑΡΧΕΙΟ ΤΕΣ", "dimoskal": "ΠΑΥΛΟΣ ΜΕΛΑΣ", "lines_ejyp": "29,29Α", "stop_type_cat": "Operational Facility", "type_rank": 5, "line_count": 2, "service_level": "Multi-line stop" }, "geometry": { "type": "Point", "coordinates": [ 22.965455, 40.66176 ] } },
{ "type": "Feature", "properties": { "code": "Α-04/042", "onomastasi": "ΛΥΚΕΙΟ", "type": "ΣΤΑΣΗ", "dimoskal": "ΠΑΥΛΟΣ ΜΕΛΑΣ", "lines_ejyp": "29", "stop_type_cat": "Regular Stop", "type_rank": 4, "line_count": 1, "service_level": "Local stop" }, "geometry": { "type": "Point", "coordinates": [ 22.964319, 40.662298 ] } },
{ "type": "Feature", "properties": { "code": "Α-04/041", "onomastasi": "ΛΥΚΕΙΟ", "type": "ΣΤΑΣΗ", "dimoskal": "ΠΑΥΛΟΣ ΜΕΛΑΣ", "lines_ejyp": "29,29Α", "stop_type_cat": "Regular Stop", "type_rank": 4, "line_count": 2, "service_level": "Multi-line stop" }, "geometry": { "type": "Point", "coordinates": [ 22.964405, 40.662348 ] } },
{ "type": "Feature", "properties": { "code": "Α-04/040", "onomastasi": "ΒΥΖΑΝΤΙΝΟΙ ΝΕΡΟΜΥΛΟΙ", "type": "ΣΤΑΣΗ", "dimoskal": "ΠΑΥΛΟΣ ΜΕΛΑΣ", "lines_ejyp": "", "stop_type_cat": "Regular Stop", "type_rank": 4, "line_count": 0, "service_level": "Unknown service" }, "geometry": { "type": "Point", "coordinates": [ 22.963218, 40.666939 ] } },
{ "type": "Feature", "properties": { "code": "Α-05/023", "onomastasi": "ΑΓΙΟΣ ΧΑΡΑΛΑΜΠΟΣ", "type": "ΣΤΑΣΗ", "dimoskal": "ΝΕΑΠΟΛΗ ΣΥΚΙΕΣ", "lines_ejyp": "18,23,28", "stop_type_cat": "Regular Stop", "type_rank": 4, "line_count": 3, "service_level": "Multi-line stop" }, "geometry": { "type": "Point", "coordinates": [ 22.959604, 40.649257 ] } },
{ "type": "Feature", "properties": { "code": "Α-05/018", "onomastasi": "ΔΗΜΗΤΣΑΝΑΣ", "type": "ΣΤΑΣΗ", "dimoskal": "ΝΕΑΠΟΛΗ ΣΥΚΙΕΣ", "lines_ejyp": "23", "stop_type_cat": "Regular Stop", "type_rank": 4, "line_count": 1, "service_level": "Local stop" }, "geometry": { "type": "Point", "coordinates": [ 22.959425, 40.652526 ] } },
{ "type": "Feature", "properties": { "code": "Α-05/017", "onomastasi": "ΜΑΝΟΛΗ ΑΝΔΡΟΝΙΚΟΥ", "type": "ΣΤΑΣΗ", "dimoskal": "ΝΕΑΠΟΛΗ ΣΥΚΙΕΣ", "lines_ejyp": "23", "stop_type_cat": "Regular Stop", "type_rank": 4, "line_count": 1, "service_level": "Local stop" }, "geometry": { "type": "Point", "coordinates": [ 22.958862, 40.653255 ] } },
{ "type": "Feature", "properties": { "code": "Α-05/010", "onomastasi": "ΣΚΟΡΠΙΟΣ", "type": "ΣΤΑΣΗ", "dimoskal": "ΝΕΑΠΟΛΗ ΣΥΚΙΕΣ", "lines_ejyp": "25,28,57,64,64Α,64Β", "stop_type_cat": "Regular Stop", "type_rank": 4, "line_count": 6, "service_level": "High-service stop" }, "geometry": { "type": "Point", "coordinates": [ 22.95977, 40.654735 ] } },
{ "type": "Feature", "properties": { "code": "Α-05/009", "onomastasi": "ΣΚΟΡΠΙΟΣ", "type": "ΣΤΑΣΗ", "dimoskal": "ΝΕΑΠΟΛΗ ΣΥΚΙΕΣ", "lines_ejyp": "25,28,57,64,64Α,64Β", "stop_type_cat": "Regular Stop", "type_rank": 4, "line_count": 6, "service_level": "High-service stop" }, "geometry": { "type": "Point", "coordinates": [ 22.959316, 40.654796 ] } },
{ "type": "Feature", "properties": { "code": "Α-05/012", "onomastasi": "ΚΑΝ-ΚΑΝ", "type": "ΣΤΑΣΗ", "dimoskal": "ΠΑΥΛΟΣ ΜΕΛΑΣ", "lines_ejyp": "25,28,57,64,64Α,64Β", "stop_type_cat": "Regular Stop", "type_rank": 4, "line_count": 6, "service_level": "High-service stop" }, "geometry": { "type": "Point", "coordinates": [ 22.962028, 40.65619 ] } },
{ "type": "Feature", "properties": { "code": "Α-05/011", "onomastasi": "ΚΑΝ-ΚΑΝ", "type": "ΣΤΑΣΗ", "dimoskal": "ΠΑΥΛΟΣ ΜΕΛΑΣ", "lines_ejyp": "25,28,57,64,64Α,64Β", "stop_type_cat": "Regular Stop", "type_rank": 4, "line_count": 6, "service_level": "High-service stop" }, "geometry": { "type": "Point", "coordinates": [ 22.961892, 40.656281 ] } },
{ "type": "Feature", "properties": { "code": "Α-05/001", "onomastasi": "Τ.Σ. ΜΕΤΕΩΡΩΝ", "type": "ΤΕΡΜΑΤΙΚΟΣ ΣΤΑΘΜΟΣ ( ΑΦΕΤΗΡΙΑ - ΤΕΡΜΑ )", "dimoskal": "ΠΑΥΛΟΣ ΜΕΛΑΣ", "lines_ejyp": "35", "stop_type_cat": "Terminal Stop", "type_rank": 2, "line_count": 1, "service_level": "Local stop" }, "geometry": { "type": "Point", "coordinates": [ 22.963185, 40.660095 ] } },
{ "type": "Feature", "properties": { "code": "Α-04/010", "onomastasi": "ΣΑΡΑΝΤΑ ΕΚΚΛΗΣΙΩΝ", "type": "ΣΤΑΣΗ", "dimoskal": "ΠΑΥΛΟΣ ΜΕΛΑΣ", "lines_ejyp": "35", "stop_type_cat": "Regular Stop", "type_rank": 4, "line_count": 1, "service_level": "Local stop" }, "geometry": { "type": "Point", "coordinates": [ 22.958537, 40.660217 ] } },
{ "type": "Feature", "properties": { "code": "Α-04/015", "onomastasi": "ΚΗΦΙΣΙΑΣ", "type": "ΣΤΑΣΗ", "dimoskal": "ΠΑΥΛΟΣ ΜΕΛΑΣ", "lines_ejyp": "35", "stop_type_cat": "Regular Stop", "type_rank": 4, "line_count": 1, "service_level": "Local stop" }, "geometry": { "type": "Point", "coordinates": [ 22.963084, 40.660494 ] } },
{ "type": "Feature", "properties": { "code": "Θ-05/030", "onomastasi": "ΕΚΚΛΗΣΑΚΙ", "type": "ΣΤΑΣΗ", "dimoskal": "ΝΕΑΠΟΛΗ ΣΥΚΙΕΣ", "lines_ejyp": "57,59,59Κ", "stop_type_cat": "Regular Stop", "type_rank": 4, "line_count": 3, "service_level": "Multi-line stop" }, "geometry": { "type": "Point", "coordinates": [ 22.98172, 40.659569 ] } },
{ "type": "Feature", "properties": { "code": "Θ-05/221", "onomastasi": "ΕΚΚΛΗΣΑΚΙ", "type": "ΣΤΑΣΗ", "dimoskal": "ΝΕΑΠΟΛΗ ΣΥΚΙΕΣ", "lines_ejyp": "57", "stop_type_cat": "Regular Stop", "type_rank": 4, "line_count": 1, "service_level": "Local stop" }, "geometry": { "type": "Point", "coordinates": [ 22.981827, 40.659636 ] } },
{ "type": "Feature", "properties": { "code": "Θ-05/055", "onomastasi": "ΣΤΡΟΦΗ ΦΙΛΥΡΟΥ", "type": "ΣΤΑΣΗ", "dimoskal": "ΝΕΑΠΟΛΗ ΣΥΚΙΕΣ", "lines_ejyp": "64,64Α,64Β", "stop_type_cat": "Regular Stop", "type_rank": 4, "line_count": 3, "service_level": "Multi-line stop" }, "geometry": { "type": "Point", "coordinates": [ 22.979107, 40.660017 ] } },
{ "type": "Feature", "properties": { "code": "Θ-05/094", "onomastasi": "ΤΟ ΚΑΤΙ ΑΛΛΟ", "type": "ΣΤΑΣΗ", "dimoskal": "ΝΕΑΠΟΛΗ ΣΥΚΙΕΣ", "lines_ejyp": "59,59Κ,64,64Α,64Β", "stop_type_cat": "Regular Stop", "type_rank": 4, "line_count": 5, "service_level": "High-service stop" }, "geometry": { "type": "Point", "coordinates": [ 22.979793, 40.662434 ] } },
{ "type": "Feature", "properties": { "code": "Θ-05/056", "onomastasi": "ΤΟ ΚΑΤΙ ΑΛΛΟ", "type": "ΣΤΑΣΗ", "dimoskal": "ΝΕΑΠΟΛΗ ΣΥΚΙΕΣ", "lines_ejyp": "64,64Α,64Β", "stop_type_cat": "Regular Stop", "type_rank": 4, "line_count": 3, "service_level": "Multi-line stop" }, "geometry": { "type": "Point", "coordinates": [ 22.980084, 40.662467 ] } },
{ "type": "Feature", "properties": { "code": "Θ-05/244", "onomastasi": "ΝΗΠΙΑΓΩΓΕΙΑ", "type": "ΣΤΑΣΗ", "dimoskal": "ΝΕΑΠΟΛΗ ΣΥΚΙΕΣ", "lines_ejyp": "59,59Κ", "stop_type_cat": "Regular Stop", "type_rank": 4, "line_count": 2, "service_level": "Multi-line stop" }, "geometry": { "type": "Point", "coordinates": [ 22.984727, 40.66284 ] } },
{ "type": "Feature", "properties": { "code": "Θ-05/214", "onomastasi": "ΠΑΡΚΟ ΚΥΚΛΟΦΟΡΙΑΚΗΣ ΑΓΩΓΗΣ", "type": "ΣΤΑΣΗ", "dimoskal": "ΝΕΑΠΟΛΗ ΣΥΚΙΕΣ", "lines_ejyp": "59,59Κ", "stop_type_cat": "Regular Stop", "type_rank": 4, "line_count": 2, "service_level": "Multi-line stop" }, "geometry": { "type": "Point", "coordinates": [ 22.982356, 40.663639 ] } },
{ "type": "Feature", "properties": { "code": "Θ-05/057", "onomastasi": "ΨΥΧΟΛΟΓΙΚΟ ΚΕΝΤΡΟ", "type": "ΣΤΑΣΗ", "dimoskal": "ΝΕΑΠΟΛΗ ΣΥΚΙΕΣ", "lines_ejyp": "64,64A,64B", "stop_type_cat": "Regular Stop", "type_rank": 4, "line_count": 3, "service_level": "Multi-line stop" }, "geometry": { "type": "Point", "coordinates": [ 22.984037, 40.664489 ] } },
{ "type": "Feature", "properties": { "code": "Θ-05/093", "onomastasi": "ΨΥΧΟΛΟΓΙΚΟ ΚΕΝΤΡΟ", "type": "ΣΤΑΣΗ", "dimoskal": "ΝΕΑΠΟΛΗ ΣΥΚΙΕΣ", "lines_ejyp": "64,64A,64B", "stop_type_cat": "Regular Stop", "type_rank": 4, "line_count": 3, "service_level": "Multi-line stop" }, "geometry": { "type": "Point", "coordinates": [ 22.98394, 40.664555 ] } },
{ "type": "Feature", "properties": { "code": "Α-04/016", "onomastasi": "ΚΗΦΙΣΙΑΣ", "type": "ΣΤΑΣΗ", "dimoskal": "ΠΑΥΛΟΣ ΜΕΛΑΣ", "lines_ejyp": "35", "stop_type_cat": "Regular Stop", "type_rank": 4, "line_count": 1, "service_level": "Local stop" }, "geometry": { "type": "Point", "coordinates": [ 22.961602, 40.661212 ] } },
{ "type": "Feature", "properties": { "code": "Α-04/038", "onomastasi": "Β΄ ΠΑΡΟΔΟΣ ΚΗΦΙΣΙΑΣ", "type": "ΣΤΑΣΗ", "dimoskal": "ΠΑΥΛΟΣ ΜΕΛΑΣ", "lines_ejyp": "35", "stop_type_cat": "Regular Stop", "type_rank": 4, "line_count": 1, "service_level": "Local stop" }, "geometry": { "type": "Point", "coordinates": [ 22.961238, 40.661251 ] } },
{ "type": "Feature", "properties": { "code": "Α-04/011", "onomastasi": "ΔΑΣΥΛΛΙΟΥ", "type": "ΣΤΑΣΗ", "dimoskal": "ΠΑΥΛΟΣ ΜΕΛΑΣ", "lines_ejyp": "35", "stop_type_cat": "Regular Stop", "type_rank": 4, "line_count": 1, "service_level": "Local stop" }, "geometry": { "type": "Point", "coordinates": [ 22.959536, 40.661511 ] } },
{ "type": "Feature", "properties": { "code": "Α-04/012", "onomastasi": "ΔΑΣΥΛΛΙΟΥ", "type": "ΣΤΑΣΗ", "dimoskal": "ΠΑΥΛΟΣ ΜΕΛΑΣ", "lines_ejyp": "35", "stop_type_cat": "Regular Stop", "type_rank": 4, "line_count": 1, "service_level": "Local stop" }, "geometry": { "type": "Point", "coordinates": [ 22.959342, 40.661541 ] } },
{ "type": "Feature", "properties": { "code": "Α-04/013", "onomastasi": "ΣΧΟΛΕΙΟ", "type": "ΣΤΑΣΗ", "dimoskal": "ΠΑΥΛΟΣ ΜΕΛΑΣ", "lines_ejyp": "35", "stop_type_cat": "Regular Stop", "type_rank": 4, "line_count": 1, "service_level": "Local stop" }, "geometry": { "type": "Point", "coordinates": [ 22.960015, 40.662395 ] } },
{ "type": "Feature", "properties": { "code": "Α-04/014", "onomastasi": "ΣΧΟΛΕΙΟ", "type": "ΣΤΑΣΗ", "dimoskal": "ΠΑΥΛΟΣ ΜΕΛΑΣ", "lines_ejyp": "35", "stop_type_cat": "Regular Stop", "type_rank": 4, "line_count": 1, "service_level": "Local stop" }, "geometry": { "type": "Point", "coordinates": [ 22.960037, 40.662556 ] } },
{ "type": "Feature", "properties": { "code": "Α-04/026", "onomastasi": "ΓΗΠΕΔΟ", "type": "ΣΤΑΣΗ", "dimoskal": "ΠΑΥΛΟΣ ΜΕΛΑΣ", "lines_ejyp": "29", "stop_type_cat": "Regular Stop", "type_rank": 4, "line_count": 1, "service_level": "Local stop" }, "geometry": { "type": "Point", "coordinates": [ 22.961358, 40.663756 ] } },
{ "type": "Feature", "properties": { "code": "Α-04/027", "onomastasi": "ΓΗΠΕΔΟ", "type": "ΣΤΑΣΗ", "dimoskal": "ΠΑΥΛΟΣ ΜΕΛΑΣ", "lines_ejyp": "29,29Α", "stop_type_cat": "Regular Stop", "type_rank": 4, "line_count": 2, "service_level": "Multi-line stop" }, "geometry": { "type": "Point", "coordinates": [ 22.961374, 40.663943 ] } },
{ "type": "Feature", "properties": { "code": "Α-04/039", "onomastasi": "ΒΥΖΑΝΤΙΝΟΙ ΝΕΡΟΜΥΛΟΙ", "type": "ΣΤΑΣΗ", "dimoskal": "ΠΑΥΛΟΣ ΜΕΛΑΣ", "lines_ejyp": "", "stop_type_cat": "Regular Stop", "type_rank": 4, "line_count": 0, "service_level": "Unknown service" }, "geometry": { "type": "Point", "coordinates": [ 22.96279, 40.66608 ] } },
{ "type": "Feature", "properties": { "code": "ΦΟΡ 29-1", "onomastasi": "ΦΟΡΗΤΗ ΓΡ 29-1", "type": "ΣΤΑΣΗ", "dimoskal": "ΠΑΥΛΟΣ ΜΕΛΑΣ", "lines_ejyp": "01,01A", "stop_type_cat": "Regular Stop", "type_rank": 4, "line_count": 2, "service_level": "Multi-line stop" }, "geometry": { "type": "Point", "coordinates": [ 22.960344, 40.666514 ] } },
{ "type": "Feature", "properties": { "code": "Θ-05/230", "onomastasi": "ΜΕΓΑΛΟΥ ΑΛΕΞΑΝΔΡΟΥ", "type": "ΣΤΑΣΗ", "dimoskal": "ΝΕΑΠΟΛΗ ΣΥΚΙΕΣ", "lines_ejyp": "59,59Κ", "stop_type_cat": "Regular Stop", "type_rank": 4, "line_count": 2, "service_level": "Multi-line stop" }, "geometry": { "type": "Point", "coordinates": [ 23.000562, 40.66112 ] } },
{ "type": "Feature", "properties": { "code": "Θ-05/243", "onomastasi": "ΡΟΔΩΝ", "type": "ΣΤΑΣΗ", "dimoskal": "ΝΕΑΠΟΛΗ ΣΥΚΙΕΣ", "lines_ejyp": "59,59Κ", "stop_type_cat": "Regular Stop", "type_rank": 4, "line_count": 2, "service_level": "Multi-line stop" }, "geometry": { "type": "Point", "coordinates": [ 22.987473, 40.661933 ] } },
{ "type": "Feature", "properties": { "code": "Θ-05/213", "onomastasi": "ΠΗΓΕΣ", "type": "ΣΤΑΣΗ", "dimoskal": "ΝΕΑΠΟΛΗ ΣΥΚΙΕΣ", "lines_ejyp": "59,59Κ", "stop_type_cat": "Regular Stop", "type_rank": 4, "line_count": 2, "service_level": "Multi-line stop" }, "geometry": { "type": "Point", "coordinates": [ 22.989836, 40.662041 ] } },
{ "type": "Feature", "properties": { "code": "Θ-05/231", "onomastasi": "ΠΡΟΠΥΛΑΙΩΝ", "type": "ΣΤΑΣΗ", "dimoskal": "ΝΕΑΠΟΛΗ ΣΥΚΙΕΣ", "lines_ejyp": "59,59Κ", "stop_type_cat": "Regular Stop", "type_rank": 4, "line_count": 2, "service_level": "Multi-line stop" }, "geometry": { "type": "Point", "coordinates": [ 23.001957, 40.662181 ] } },
{ "type": "Feature", "properties": { "code": "Θ-05/255", "onomastasi": "ΚΑΛΛΙΡΡΟΗΣ", "type": "ΣΤΑΣΗ", "dimoskal": "ΝΕΑΠΟΛΗ ΣΥΚΙΕΣ", "lines_ejyp": "59,59Κ", "stop_type_cat": "Regular Stop", "type_rank": 4, "line_count": 2, "service_level": "Multi-line stop" }, "geometry": { "type": "Point", "coordinates": [ 22.985601, 40.662109 ] } },
{ "type": "Feature", "properties": { "code": "Θ-05/253", "onomastasi": "ΚΟΙΜΗΤΗΡΙΑ", "type": "ΣΤΑΣΗ", "dimoskal": "ΝΕΑΠΟΛΗ ΣΥΚΙΕΣ", "lines_ejyp": "59Κ", "stop_type_cat": "Regular Stop", "type_rank": 4, "line_count": 1, "service_level": "Local stop" }, "geometry": { "type": "Point", "coordinates": [ 22.988778, 40.665476 ] } },
{ "type": "Feature", "properties": { "code": "Θ-05/092", "onomastasi": "ΒΙΟΤΕΧΝΙΑ", "type": "ΣΤΑΣΗ", "dimoskal": "ΠΥΛΑΙΑ ΧΟΡΤΙΑΤΗΣ", "lines_ejyp": "64,64Α,64Β", "stop_type_cat": "Regular Stop", "type_rank": 4, "line_count": 3, "service_level": "Multi-line stop" }, "geometry": { "type": "Point", "coordinates": [ 22.988838, 40.671974 ] } },
{ "type": "Feature", "properties": { "code": "Θ-05/058", "onomastasi": "ΒΙΟΤΕΧΝΙΑ", "type": "ΣΤΑΣΗ", "dimoskal": "ΠΥΛΑΙΑ ΧΟΡΤΙΑΤΗΣ", "lines_ejyp": "64,64Α,64Β", "stop_type_cat": "Regular Stop", "type_rank": 4, "line_count": 3, "service_level": "Multi-line stop" }, "geometry": { "type": "Point", "coordinates": [ 22.988827, 40.672079 ] } },
{ "type": "Feature", "properties": { "code": "Θ-05/091", "onomastasi": "ΑΓΝΑΝΤΙ", "type": "ΣΤΑΣΗ", "dimoskal": "ΠΥΛΑΙΑ ΧΟΡΤΙΑΤΗΣ", "lines_ejyp": "64,64Α,64Β", "stop_type_cat": "Regular Stop", "type_rank": 4, "line_count": 3, "service_level": "Multi-line stop" }, "geometry": { "type": "Point", "coordinates": [ 22.990926, 40.6795 ] } },
{ "type": "Feature", "properties": { "code": "Θ-05/059", "onomastasi": "ΑΓΝΑΝΤΙ", "type": "ΣΤΑΣΗ", "dimoskal": "ΠΥΛΑΙΑ ΧΟΡΤΙΑΤΗΣ", "lines_ejyp": "64,64Α,64Β", "stop_type_cat": "Regular Stop", "type_rank": 4, "line_count": 3, "service_level": "Multi-line stop" }, "geometry": { "type": "Point", "coordinates": [ 22.990988, 40.679523 ] } },
{ "type": "Feature", "properties": { "code": "Θ-05/248", "onomastasi": "ΑΚΡΟΠΟΛΕΩΣ", "type": "ΣΤΑΣΗ", "dimoskal": "ΝΕΑΠΟΛΗ ΣΥΚΙΕΣ", "lines_ejyp": "59,59Κ", "stop_type_cat": "Regular Stop", "type_rank": 4, "line_count": 2, "service_level": "Multi-line stop" }, "geometry": { "type": "Point", "coordinates": [ 23.005232, 40.660084 ] } },
{ "type": "Feature", "properties": { "code": "Θ-05/233", "onomastasi": "ΑΚΡΟΠΟΛΕΩΣ", "type": "ΣΤΑΣΗ", "dimoskal": "ΝΕΑΠΟΛΗ ΣΥΚΙΕΣ", "lines_ejyp": "59,59Κ", "stop_type_cat": "Regular Stop", "type_rank": 4, "line_count": 2, "service_level": "Multi-line stop" }, "geometry": { "type": "Point", "coordinates": [ 23.005139, 40.660152 ] } },
{ "type": "Feature", "properties": { "code": "Θ-05/254", "onomastasi": "ΠΑΡΘΕΝΩΝΟΣ", "type": "ΣΤΑΣΗ", "dimoskal": "ΝΕΑΠΟΛΗ ΣΥΚΙΕΣ", "lines_ejyp": "59,59Κ", "stop_type_cat": "Regular Stop", "type_rank": 4, "line_count": 2, "service_level": "Multi-line stop" }, "geometry": { "type": "Point", "coordinates": [ 23.006167, 40.66124 ] } },
{ "type": "Feature", "properties": { "code": "Θ-05/232", "onomastasi": "ΚΑΡΥΑΤΙΔΩΝ", "type": "ΣΤΑΣΗ", "dimoskal": "ΝΕΑΠΟΛΗ ΣΥΚΙΕΣ", "lines_ejyp": "59,59Κ", "stop_type_cat": "Regular Stop", "type_rank": 4, "line_count": 2, "service_level": "Multi-line stop" }, "geometry": { "type": "Point", "coordinates": [ 23.004551, 40.661535 ] } },
{ "type": "Feature", "properties": { "code": "Θ-05/249", "onomastasi": "ΠΑΝΑΘΗΝΑΙΩΝ", "type": "ΣΤΑΣΗ", "dimoskal": "ΝΕΑΠΟΛΗ ΣΥΚΙΕΣ", "lines_ejyp": "59,59Κ", "stop_type_cat": "Regular Stop", "type_rank": 4, "line_count": 2, "service_level": "Multi-line stop" }, "geometry": { "type": "Point", "coordinates": [ 23.004504, 40.661659 ] } },
{ "type": "Feature", "properties": { "code": "Θ-05/066", "onomastasi": "ΤΡΙΑ ΠΛΑΤΑΝΙΑ", "type": "ΣΤΑΣΗ", "dimoskal": "ΠΥΛΑΙΑ ΧΟΡΤΙΑΤΗΣ", "lines_ejyp": "64Α", "stop_type_cat": "Regular Stop", "type_rank": 4, "line_count": 1, "service_level": "Local stop" }, "geometry": { "type": "Point", "coordinates": [ 23.010783, 40.667579 ] } },
{ "type": "Feature", "properties": { "code": "Θ-05/064", "onomastasi": "ΕΙΣΟΔΟΣ ΠΑΙΔΙΚΟΥ ΧΩΡΙΟΥ", "type": "ΣΤΑΣΗ", "dimoskal": "ΠΥΛΑΙΑ ΧΟΡΤΙΑΤΗΣ", "lines_ejyp": "64Α", "stop_type_cat": "Regular Stop", "type_rank": 4, "line_count": 1, "service_level": "Local stop" }, "geometry": { "type": "Point", "coordinates": [ 23.004685, 40.667703 ] } },
{ "type": "Feature", "properties": { "code": "Θ-05/067", "onomastasi": "16 ΓΟΥΡΝΕΣ", "type": "ΣΤΑΣΗ", "dimoskal": "ΠΥΛΑΙΑ ΧΟΡΤΙΑΤΗΣ", "lines_ejyp": "64Α", "stop_type_cat": "Regular Stop", "type_rank": 4, "line_count": 1, "service_level": "Local stop" }, "geometry": { "type": "Point", "coordinates": [ 23.012832, 40.668182 ] } },
{ "type": "Feature", "properties": { "code": "Θ-05/065", "onomastasi": "ΠΑΥΛΟΥ ΜΕΛΑ", "type": "ΣΤΑΣΗ", "dimoskal": "ΠΥΛΑΙΑ ΧΟΡΤΙΑΤΗΣ", "lines_ejyp": "64Α", "stop_type_cat": "Regular Stop", "type_rank": 4, "line_count": 1, "service_level": "Local stop" }, "geometry": { "type": "Point", "coordinates": [ 23.007749, 40.668197 ] } },
{ "type": "Feature", "properties": { "code": "Θ-05/063", "onomastasi": "ΜΑΚΕΔΟΝΙΑΣ", "type": "ΣΤΑΣΗ", "dimoskal": "ΠΥΛΑΙΑ ΧΟΡΤΙΑΤΗΣ", "lines_ejyp": "64Α", "stop_type_cat": "Regular Stop", "type_rank": 4, "line_count": 1, "service_level": "Local stop" }, "geometry": { "type": "Point", "coordinates": [ 23.005664, 40.671224 ] } },
{ "type": "Feature", "properties": { "code": "Θ-05/068", "onomastasi": "ΒΙΛΛΕΣ ΔΕΡΜΕΤΖΟΓΛΟΥ", "type": "ΣΤΑΣΗ", "dimoskal": "ΠΥΛΑΙΑ ΧΟΡΤΙΑΤΗΣ", "lines_ejyp": "64Α", "stop_type_cat": "Regular Stop", "type_rank": 4, "line_count": 1, "service_level": "Local stop" }, "geometry": { "type": "Point", "coordinates": [ 23.010517, 40.671604 ] } },
{ "type": "Feature", "properties": { "code": "Θ-05/069", "onomastasi": "ΠΡΟΦΗΤΗΣ ΗΛΙΑΣ", "type": "ΣΤΑΣΗ", "dimoskal": "ΠΥΛΑΙΑ ΧΟΡΤΙΑΤΗΣ", "lines_ejyp": "", "stop_type_cat": "Regular Stop", "type_rank": 4, "line_count": 0, "service_level": "Unknown service" }, "geometry": { "type": "Point", "coordinates": [ 23.00939, 40.674695 ] } },
{ "type": "Feature", "properties": { "code": "Θ-05/062", "onomastasi": "ΔΙΑΣΤΑΥΡΩΣΗ ΠΡΟΦΗΤΗ ΗΛΙΑ", "type": "ΣΤΑΣΗ", "dimoskal": "ΠΥΛΑΙΑ ΧΟΡΤΙΑΤΗΣ", "lines_ejyp": "64Α", "stop_type_cat": "Regular Stop", "type_rank": 4, "line_count": 1, "service_level": "Local stop" }, "geometry": { "type": "Point", "coordinates": [ 23.005042, 40.677483 ] } },
{ "type": "Feature", "properties": { "code": "Θ-05/071", "onomastasi": "ΔΙΑΣΤΑΥΡΩΣΗ ΠΡΟΦΗΤΗ ΗΛΙΑ", "type": "ΣΤΑΣΗ", "dimoskal": "ΠΥΛΑΙΑ ΧΟΡΤΙΑΤΗΣ", "lines_ejyp": "64Α", "stop_type_cat": "Regular Stop", "type_rank": 4, "line_count": 1, "service_level": "Local stop" }, "geometry": { "type": "Point", "coordinates": [ 23.005051, 40.677513 ] } },
{ "type": "Feature", "properties": { "code": "Θ-05/070", "onomastasi": "ΥΔΡΑΓΩΓΕΙΟ", "type": "ΣΤΑΣΗ", "dimoskal": "ΠΥΛΑΙΑ ΧΟΡΤΙΑΤΗΣ", "lines_ejyp": "64Α", "stop_type_cat": "Regular Stop", "type_rank": 4, "line_count": 1, "service_level": "Local stop" }, "geometry": { "type": "Point", "coordinates": [ 23.006929, 40.677749 ] } },
{ "type": "Feature", "properties": { "code": "Θ-05/076", "onomastasi": "ΑΡΤΟΠΟΙΕΙΟ", "type": "ΣΤΑΣΗ", "dimoskal": "ΠΥΛΑΙΑ ΧΟΡΤΙΑΤΗΣ", "lines_ejyp": "64,64Α,64Β", "stop_type_cat": "Regular Stop", "type_rank": 4, "line_count": 3, "service_level": "Multi-line stop" }, "geometry": { "type": "Point", "coordinates": [ 23.003739, 40.68959 ] } },
{ "type": "Feature", "properties": { "code": "Θ-05/086", "onomastasi": "ΑΡΤΟΠΟΙΕΙΟ", "type": "ΣΤΑΣΗ", "dimoskal": "ΠΥΛΑΙΑ ΧΟΡΤΙΑΤΗΣ", "lines_ejyp": "64,64Α,64Β", "stop_type_cat": "Regular Stop", "type_rank": 4, "line_count": 3, "service_level": "Multi-line stop" }, "geometry": { "type": "Point", "coordinates": [ 23.003717, 40.689607 ] } },
{ "type": "Feature", "properties": { "code": "Θ-05/085", "onomastasi": "ΠΛΑΤΕΙΑ ΦΙΛΥΡΟΥ", "type": "ΣΤΑΣΗ", "dimoskal": "ΠΥΛΑΙΑ ΧΟΡΤΙΑΤΗΣ", "lines_ejyp": "", "stop_type_cat": "Regular Stop", "type_rank": 4, "line_count": 0, "service_level": "Unknown service" }, "geometry": { "type": "Point", "coordinates": [ 23.004197, 40.690866 ] } },
{ "type": "Feature", "properties": { "code": "Θ-05/077", "onomastasi": "ΠΛΑΤΕΙΑ ΦΙΛΥΡΟΥ", "type": "ΣΤΑΣΗ", "dimoskal": "ΠΥΛΑΙΑ ΧΟΡΤΙΑΤΗΣ", "lines_ejyp": "", "stop_type_cat": "Regular Stop", "type_rank": 4, "line_count": 0, "service_level": "Unknown service" }, "geometry": { "type": "Point", "coordinates": [ 23.004211, 40.690874 ] } },
{ "type": "Feature", "properties": { "code": "Θ-05/061", "onomastasi": "ΧΡΙΣΤΙΑΝΙΚΗ ΕΛΠΙΔΑ", "type": "ΣΤΑΣΗ", "dimoskal": "ΠΥΛΑΙΑ ΧΟΡΤΙΑΤΗΣ", "lines_ejyp": "64A,64B", "stop_type_cat": "Regular Stop", "type_rank": 4, "line_count": 2, "service_level": "Multi-line stop" }, "geometry": { "type": "Point", "coordinates": [ 23.000769, 40.680447 ] } },
{ "type": "Feature", "properties": { "code": "Θ-05/072", "onomastasi": "ΧΡΙΣΤΙΑΝΙΚΗ ΕΛΠΙΔΑ", "type": "ΣΤΑΣΗ", "dimoskal": "ΠΥΛΑΙΑ ΧΟΡΤΙΑΤΗΣ", "lines_ejyp": "64A,64B", "stop_type_cat": "Regular Stop", "type_rank": 4, "line_count": 2, "service_level": "Multi-line stop" }, "geometry": { "type": "Point", "coordinates": [ 23.000763, 40.680482 ] } },
{ "type": "Feature", "properties": { "code": "Θ-05/256", "onomastasi": "ΦΙΛΥΡΑ", "type": "ΣΤΑΣΗ", "dimoskal": "ΠΥΛΑΙΑ ΧΟΡΤΙΑΤΗΣ", "lines_ejyp": "64Α,64Β", "stop_type_cat": "Regular Stop", "type_rank": 4, "line_count": 2, "service_level": "Multi-line stop" }, "geometry": { "type": "Point", "coordinates": [ 22.994561, 40.680956 ] } },
{ "type": "Feature", "properties": { "code": "Θ-05/090", "onomastasi": "ΔΙΑΣΤΑΥΡΩΣΗ ΠΑΙΔΙΚΟΥ ΧΩΡΙΟΥ", "type": "ΣΤΑΣΗ", "dimoskal": "ΠΥΛΑΙΑ ΧΟΡΤΙΑΤΗΣ", "lines_ejyp": "64,64Α,64Β", "stop_type_cat": "Regular Stop", "type_rank": 4, "line_count": 3, "service_level": "Multi-line stop" }, "geometry": { "type": "Point", "coordinates": [ 22.993968, 40.681091 ] } },
{ "type": "Feature", "properties": { "code": "Θ-05/060", "onomastasi": "ΔΙΑΣΤΑΥΡΩΣΗ ΠΑΙΔΙΚΟΥ ΧΩΡΙΟΥ", "type": "ΣΤΑΣΗ", "dimoskal": "ΠΥΛΑΙΑ ΧΟΡΤΙΑΤΗΣ", "lines_ejyp": "64,64Α,64Β", "stop_type_cat": "Regular Stop", "type_rank": 4, "line_count": 3, "service_level": "Multi-line stop" }, "geometry": { "type": "Point", "coordinates": [ 22.993954, 40.681099 ] } },
{ "type": "Feature", "properties": { "code": "Θ-05/089", "onomastasi": "ΤΥΠΟΓΡΑΦΕΙΟ", "type": "ΣΤΑΣΗ", "dimoskal": "ΠΥΛΑΙΑ ΧΟΡΤΙΑΤΗΣ", "lines_ejyp": "64,64Α,64Β", "stop_type_cat": "Regular Stop", "type_rank": 4, "line_count": 3, "service_level": "Multi-line stop" }, "geometry": { "type": "Point", "coordinates": [ 22.996558, 40.683783 ] } },
{ "type": "Feature", "properties": { "code": "Θ-05/073", "onomastasi": "ΤΥΠΟΓΡΑΦΕΙΟ", "type": "ΣΤΑΣΗ", "dimoskal": "ΠΥΛΑΙΑ ΧΟΡΤΙΑΤΗΣ", "lines_ejyp": "64,64Α,64Β", "stop_type_cat": "Regular Stop", "type_rank": 4, "line_count": 3, "service_level": "Multi-line stop" }, "geometry": { "type": "Point", "coordinates": [ 22.996653, 40.683843 ] } },
{ "type": "Feature", "properties": { "code": "Θ-05/224", "onomastasi": "ΛΥΚΕΙΟ", "type": "ΣΤΑΣΗ", "dimoskal": "ΠΥΛΑΙΑ ΧΟΡΤΙΑΤΗΣ", "lines_ejyp": "", "stop_type_cat": "Regular Stop", "type_rank": 4, "line_count": 0, "service_level": "Unknown service" }, "geometry": { "type": "Point", "coordinates": [ 22.996762, 40.685482 ] } },
{ "type": "Feature", "properties": { "code": "Θ-05/088", "onomastasi": "ΜΕΖΑΡΙΑ", "type": "ΣΤΑΣΗ", "dimoskal": "ΠΥΛΑΙΑ ΧΟΡΤΙΑΤΗΣ", "lines_ejyp": "64,64Α,64Β", "stop_type_cat": "Regular Stop", "type_rank": 4, "line_count": 3, "service_level": "Multi-line stop" }, "geometry": { "type": "Point", "coordinates": [ 22.998378, 40.687291 ] } },
{ "type": "Feature", "properties": { "code": "Θ-05/074", "onomastasi": "ΜΕΖΑΡΙΑ", "type": "ΣΤΑΣΗ", "dimoskal": "ΠΥΛΑΙΑ ΧΟΡΤΙΑΤΗΣ", "lines_ejyp": "64,64Α,64Β", "stop_type_cat": "Regular Stop", "type_rank": 4, "line_count": 3, "service_level": "Multi-line stop" }, "geometry": { "type": "Point", "coordinates": [ 22.99841, 40.687299 ] } },
{ "type": "Feature", "properties": { "code": "Θ-05/075", "onomastasi": "ΓΕΦΥΡΑ", "type": "ΣΤΑΣΗ", "dimoskal": "ΠΥΛΑΙΑ ΧΟΡΤΙΑΤΗΣ", "lines_ejyp": "64,64Α,64Β", "stop_type_cat": "Regular Stop", "type_rank": 4, "line_count": 3, "service_level": "Multi-line stop" }, "geometry": { "type": "Point", "coordinates": [ 22.999837, 40.690528 ] } },
{ "type": "Feature", "properties": { "code": "Θ-05/087", "onomastasi": "ΓΕΦΥΡΑ", "type": "ΣΤΑΣΗ", "dimoskal": "ΠΥΛΑΙΑ ΧΟΡΤΙΑΤΗΣ", "lines_ejyp": "64,64Α,64Β", "stop_type_cat": "Regular Stop", "type_rank": 4, "line_count": 3, "service_level": "Multi-line stop" }, "geometry": { "type": "Point", "coordinates": [ 22.999827, 40.690554 ] } },
{ "type": "Feature", "properties": { "code": "Θ-05/084", "onomastasi": "ΕΚΚΛΗΣΙΑ", "type": "ΣΤΑΣΗ", "dimoskal": "ΠΥΛΑΙΑ ΧΟΡΤΙΑΤΗΣ", "lines_ejyp": "64,64Α,64Β", "stop_type_cat": "Regular Stop", "type_rank": 4, "line_count": 3, "service_level": "Multi-line stop" }, "geometry": { "type": "Point", "coordinates": [ 23.002654, 40.691934 ] } },
{ "type": "Feature", "properties": { "code": "Θ-05/078", "onomastasi": "ΕΚΚΛΗΣΙΑ", "type": "ΣΤΑΣΗ", "dimoskal": "ΠΥΛΑΙΑ ΧΟΡΤΙΑΤΗΣ", "lines_ejyp": "64,64Α,64Β", "stop_type_cat": "Regular Stop", "type_rank": 4, "line_count": 3, "service_level": "Multi-line stop" }, "geometry": { "type": "Point", "coordinates": [ 23.002669, 40.691971 ] } },
{ "type": "Feature", "properties": { "code": "Θ-05/083", "onomastasi": "ΝΗΠΙΑΓΩΓΕΙΟ", "type": "ΣΤΑΣΗ", "dimoskal": "ΠΥΛΑΙΑ ΧΟΡΤΙΑΤΗΣ", "lines_ejyp": "64,64Α,64Β", "stop_type_cat": "Regular Stop", "type_rank": 4, "line_count": 3, "service_level": "Multi-line stop" }, "geometry": { "type": "Point", "coordinates": [ 23.001888, 40.693038 ] } },
{ "type": "Feature", "properties": { "code": "Θ-05/079", "onomastasi": "ΝΗΠΙΑΓΩΓΕΙΟ", "type": "ΣΤΑΣΗ", "dimoskal": "ΠΥΛΑΙΑ ΧΟΡΤΙΑΤΗΣ", "lines_ejyp": "64,64Α,64Β", "stop_type_cat": "Regular Stop", "type_rank": 4, "line_count": 3, "service_level": "Multi-line stop" }, "geometry": { "type": "Point", "coordinates": [ 23.001902, 40.693087 ] } },
{ "type": "Feature", "properties": { "code": "Θ-05/082", "onomastasi": "ΠΑΛΙΟ ΤΕΡΜΑ", "type": "ΣΤΑΣΗ", "dimoskal": "ΠΥΛΑΙΑ ΧΟΡΤΙΑΤΗΣ", "lines_ejyp": "", "stop_type_cat": "Regular Stop", "type_rank": 4, "line_count": 0, "service_level": "Unknown service" }, "geometry": { "type": "Point", "coordinates": [ 23.000537, 40.69477 ] } },
{ "type": "Feature", "properties": { "code": "Θ-05/080", "onomastasi": "ΠΑΛΙΟ ΤΕΡΜΑ", "type": "ΣΤΑΣΗ", "dimoskal": "ΠΥΛΑΙΑ ΧΟΡΤΙΑΤΗΣ", "lines_ejyp": "64,64Α,64Β", "stop_type_cat": "Regular Stop", "type_rank": 4, "line_count": 3, "service_level": "Multi-line stop" }, "geometry": { "type": "Point", "coordinates": [ 23.000565, 40.694789 ] } },
{ "type": "Feature", "properties": { "code": "Θ-05/081", "onomastasi": "Τ.Σ. ΦΙΛΥΡΟΥ", "type": "ΤΕΡΜΑΤΙΚΟΣ ΣΤΑΘΜΟΣ ( ΑΦΕΤΗΡΙΑ - ΤΕΡΜΑ )", "dimoskal": "ΠΥΛΑΙΑ ΧΟΡΤΙΑΤΗΣ", "lines_ejyp": "64,64Α,64Β", "stop_type_cat": "Terminal Stop", "type_rank": 2, "line_count": 3, "service_level": "Multi-line stop" }, "geometry": { "type": "Point", "coordinates": [ 23.000667, 40.699716 ] } },
{ "type": "Feature", "properties": { "code": "Α-05/006", "onomastasi": "ΣΤΡΟΦΗ ΜΕΤΕΩΡΩΝ", "type": "ΤΕΣ ΠΛΗΡΟΦΟΡΗΣΗ", "dimoskal": "ΠΑΥΛΟΣ ΜΕΛΑΣ", "lines_ejyp": "25,28,35,57,64,64Α,64Β", "stop_type_cat": "Info Stop", "type_rank": 3, "line_count": 7, "service_level": "Major PT node" }, "geometry": { "type": "Point", "coordinates": [ 22.955679, 40.654735 ] } },
{ "type": "Feature", "properties": { "code": "Α-05/005", "onomastasi": "ΜΕΓΑΛΟΥ ΑΛΕΞΑΝΔΡΟΥ", "type": "ΣΤΑΣΗ", "dimoskal": "ΠΑΥΛΟΣ ΜΕΛΑΣ", "lines_ejyp": "35", "stop_type_cat": "Regular Stop", "type_rank": 4, "line_count": 1, "service_level": "Local stop" }, "geometry": { "type": "Point", "coordinates": [ 22.956677, 40.656316 ] } },
{ "type": "Feature", "properties": { "code": "Α-05/004", "onomastasi": "ΜΕΓΑΛΟΥ ΑΛΕΞΑΝΔΡΟΥ", "type": "ΣΤΑΣΗ", "dimoskal": "ΠΑΥΛΟΣ ΜΕΛΑΣ", "lines_ejyp": "35", "stop_type_cat": "Regular Stop", "type_rank": 4, "line_count": 1, "service_level": "Local stop" }, "geometry": { "type": "Point", "coordinates": [ 22.956886, 40.656361 ] } },
{ "type": "Feature", "properties": { "code": "Α-05/003", "onomastasi": "ΠΛΑΤΕΙΑ ΜΕΤΕΩΡΩΝ", "type": "ΤΕΣ ΠΛΗΡΟΦΟΡΗΣΗ", "dimoskal": "ΠΑΥΛΟΣ ΜΕΛΑΣ", "lines_ejyp": "35", "stop_type_cat": "Info Stop", "type_rank": 3, "line_count": 1, "service_level": "Local stop" }, "geometry": { "type": "Point", "coordinates": [ 22.956842, 40.657784 ] } },
{ "type": "Feature", "properties": { "code": "Α-05/002", "onomastasi": "ΠΛΑΤΕΙΑ ΜΕΤΕΩΡΩΝ", "type": "ΣΤΑΣΗ", "dimoskal": "ΠΑΥΛΟΣ ΜΕΛΑΣ", "lines_ejyp": "35", "stop_type_cat": "Regular Stop", "type_rank": 4, "line_count": 1, "service_level": "Local stop" }, "geometry": { "type": "Point", "coordinates": [ 22.956792, 40.65802 ] } },
{ "type": "Feature", "properties": { "code": "Α-04/009", "onomastasi": "ΒΟΥΛΓΑΡΟΚΤΟΝΟΥ", "type": "ΣΤΑΣΗ", "dimoskal": "ΠΑΥΛΟΣ ΜΕΛΑΣ", "lines_ejyp": "35", "stop_type_cat": "Regular Stop", "type_rank": 4, "line_count": 1, "service_level": "Local stop" }, "geometry": { "type": "Point", "coordinates": [ 22.954955, 40.658966 ] } },
{ "type": "Feature", "properties": { "code": "Α-04/008", "onomastasi": "ΒΟΓΑΤΣΙΚΟΥ", "type": "ΣΤΑΣΗ", "dimoskal": "ΠΑΥΛΟΣ ΜΕΛΑΣ", "lines_ejyp": "35", "stop_type_cat": "Regular Stop", "type_rank": 4, "line_count": 1, "service_level": "Local stop" }, "geometry": { "type": "Point", "coordinates": [ 22.956153, 40.660179 ] } },
{ "type": "Feature", "properties": { "code": "Α-04/024", "onomastasi": "ΜΕΡΙΜΝΑ", "type": "ΣΤΑΣΗ", "dimoskal": "ΠΑΥΛΟΣ ΜΕΛΑΣ", "lines_ejyp": "01,01Α,29,29Α", "stop_type_cat": "Regular Stop", "type_rank": 4, "line_count": 4, "service_level": "High-service stop" }, "geometry": { "type": "Point", "coordinates": [ 22.956522, 40.665507 ] } },
{ "type": "Feature", "properties": { "code": "Α-04/025", "onomastasi": "ΜΕΡΙΜΝΑ", "type": "ΣΤΑΣΗ", "dimoskal": "ΠΑΥΛΟΣ ΜΕΛΑΣ", "lines_ejyp": "01,01Α,29,29Α", "stop_type_cat": "Regular Stop", "type_rank": 4, "line_count": 4, "service_level": "High-service stop" }, "geometry": { "type": "Point", "coordinates": [ 22.956487, 40.665599 ] } },
{ "type": "Feature", "properties": { "code": "Α-04/035", "onomastasi": "ΔΙΑΜΑΝΤΙΔΕΙΟΣ ΣΤΕΓΗ", "type": "ΣΤΑΣΗ", "dimoskal": "ΠΑΥΛΟΣ ΜΕΛΑΣ", "lines_ejyp": "01,01Α", "stop_type_cat": "Regular Stop", "type_rank": 4, "line_count": 2, "service_level": "Multi-line stop" }, "geometry": { "type": "Point", "coordinates": [ 22.957043, 40.666222 ] } },
{ "type": "Feature", "properties": { "code": "Α-04/007", "onomastasi": "ΠΡΩΗΝ ΔΗΜΑΡΧΕΙΟ ΠΟΛΙΧΝΗΣ", "type": "ΤΕΣ ΠΛΗΡΟΦΟΡΗΣΗ", "dimoskal": "ΠΑΥΛΟΣ ΜΕΛΑΣ", "lines_ejyp": "01,01Α,29,29Α", "stop_type_cat": "Info Stop", "type_rank": 3, "line_count": 4, "service_level": "High-service stop" }, "geometry": { "type": "Point", "coordinates": [ 22.946324, 40.661709 ] } },
{ "type": "Feature", "properties": { "code": "Α-04/033", "onomastasi": "ΠΡΩΗΝ ΔΗΜΑΡΧΕΙΟ ΠΟΛΙΧΝΗΣ", "type": "ΣΤΑΣΗ", "dimoskal": "ΠΑΥΛΟΣ ΜΕΛΑΣ", "lines_ejyp": "01,01Α", "stop_type_cat": "Regular Stop", "type_rank": 4, "line_count": 2, "service_level": "Multi-line stop" }, "geometry": { "type": "Point", "coordinates": [ 22.946782, 40.662123 ] } },
{ "type": "Feature", "properties": { "code": "Α-04/004", "onomastasi": "ΠΑΛΙΟ ΤΕΡΜΑ", "type": "ΣΤΑΣΗ", "dimoskal": "ΠΑΥΛΟΣ ΜΕΛΑΣ", "lines_ejyp": "29", "stop_type_cat": "Regular Stop", "type_rank": 4, "line_count": 1, "service_level": "Local stop" }, "geometry": { "type": "Point", "coordinates": [ 22.948026, 40.66266 ] } },
{ "type": "Feature", "properties": { "code": "Α-04/005", "onomastasi": "ΠΑΛΙΟ ΤΕΡΜΑ", "type": "ΣΤΑΣΗ", "dimoskal": "ΠΑΥΛΟΣ ΜΕΛΑΣ", "lines_ejyp": "01,01Α,29,29Α", "stop_type_cat": "Regular Stop", "type_rank": 4, "line_count": 4, "service_level": "High-service stop" }, "geometry": { "type": "Point", "coordinates": [ 22.9474, 40.662923 ] } },
{ "type": "Feature", "properties": { "code": "Α-04/002", "onomastasi": "ΠΑΡΚΟ", "type": "ΣΤΑΣΗ", "dimoskal": "ΠΑΥΛΟΣ ΜΕΛΑΣ", "lines_ejyp": "29,29Α", "stop_type_cat": "Regular Stop", "type_rank": 4, "line_count": 2, "service_level": "Multi-line stop" }, "geometry": { "type": "Point", "coordinates": [ 22.947274, 40.663876 ] } },
{ "type": "Feature", "properties": { "code": "Α-04/003", "onomastasi": "ΠΑΡΚΟ", "type": "ΣΤΑΣΗ", "dimoskal": "ΠΑΥΛΟΣ ΜΕΛΑΣ", "lines_ejyp": "29,29Α", "stop_type_cat": "Regular Stop", "type_rank": 4, "line_count": 2, "service_level": "Multi-line stop" }, "geometry": { "type": "Point", "coordinates": [ 22.947047, 40.66443 ] } },
{ "type": "Feature", "properties": { "code": "Α-03/016", "onomastasi": "ΤΑΒΕΡΝΑ", "type": "ΣΤΑΣΗ", "dimoskal": "ΠΑΥΛΟΣ ΜΕΛΑΣ", "lines_ejyp": "29,29Α", "stop_type_cat": "Regular Stop", "type_rank": 4, "line_count": 2, "service_level": "Multi-line stop" }, "geometry": { "type": "Point", "coordinates": [ 22.946279, 40.666796 ] } },
{ "type": "Feature", "properties": { "code": "Α-03/017", "onomastasi": "ΤΑΒΕΡΝΑ", "type": "ΣΤΑΣΗ", "dimoskal": "ΠΑΥΛΟΣ ΜΕΛΑΣ", "lines_ejyp": "29,29Α", "stop_type_cat": "Regular Stop", "type_rank": 4, "line_count": 2, "service_level": "Multi-line stop" }, "geometry": { "type": "Point", "coordinates": [ 22.946321, 40.666949 ] } },
{ "type": "Feature", "properties": { "code": "Α-03/019", "onomastasi": "ΓΥΜΝΑΣΙΑ", "type": "ΣΤΑΣΗ", "dimoskal": "ΠΑΥΛΟΣ ΜΕΛΑΣ", "lines_ejyp": "", "stop_type_cat": "Regular Stop", "type_rank": 4, "line_count": 0, "service_level": "Unknown service" }, "geometry": { "type": "Point", "coordinates": [ 22.945749, 40.668899 ] } },
{ "type": "Feature", "properties": { "code": "Α-03/018", "onomastasi": "ΓΥΜΝΑΣΙΑ", "type": "ΣΤΑΣΗ", "dimoskal": "ΠΑΥΛΟΣ ΜΕΛΑΣ", "lines_ejyp": "", "stop_type_cat": "Regular Stop", "type_rank": 4, "line_count": 0, "service_level": "Unknown service" }, "geometry": { "type": "Point", "coordinates": [ 22.945878, 40.668945 ] } },
{ "type": "Feature", "properties": { "code": "ΦΟΡ 29-6", "onomastasi": "ΦΟΡΗΤΗ ΓΡ 29-6", "type": "ΣΤΑΣΗ", "dimoskal": "ΠΑΥΛΟΣ ΜΕΛΑΣ", "lines_ejyp": "01,01A", "stop_type_cat": "Regular Stop", "type_rank": 4, "line_count": 2, "service_level": "Multi-line stop" }, "geometry": { "type": "Point", "coordinates": [ 22.960204, 40.66672 ] } },
{ "type": "Feature", "properties": { "code": "Α-04/036", "onomastasi": "ΒΥΖΑΝΤΙΟ", "type": "ΣΤΑΣΗ", "dimoskal": "ΠΑΥΛΟΣ ΜΕΛΑΣ", "lines_ejyp": "", "stop_type_cat": "Regular Stop", "type_rank": 4, "line_count": 0, "service_level": "Unknown service" }, "geometry": { "type": "Point", "coordinates": [ 22.962258, 40.669415 ] } },
{ "type": "Feature", "properties": { "code": "Α-04/037", "onomastasi": "ΒΥΖΑΝΤΙΟ", "type": "ΣΤΑΣΗ", "dimoskal": "ΠΑΥΛΟΣ ΜΕΛΑΣ", "lines_ejyp": "", "stop_type_cat": "Regular Stop", "type_rank": 4, "line_count": 0, "service_level": "Unknown service" }, "geometry": { "type": "Point", "coordinates": [ 22.962308, 40.669437 ] } },
{ "type": "Feature", "properties": { "code": "Α-04/030", "onomastasi": "424 ΣΤΡΑΤΙΩΤΙΚΟ ΝΟΣΟΚΟΜΕΙΟ", "type": "ΣΤΑΣΗ", "dimoskal": "ΠΑΥΛΟΣ ΜΕΛΑΣ", "lines_ejyp": "01,01Α,28", "stop_type_cat": "Regular Stop", "type_rank": 4, "line_count": 3, "service_level": "Multi-line stop" }, "geometry": { "type": "Point", "coordinates": [ 22.961117, 40.67332 ] } },
{ "type": "Feature", "properties": { "code": "Α-04/032", "onomastasi": "424 ΣΤΡΑΤΙΩΤΙΚΟ ΝΟΣΟΚΟΜΕΙΟ", "type": "ΣΤΑΣΗ", "dimoskal": "ΠΑΥΛΟΣ ΜΕΛΑΣ", "lines_ejyp": "01,01Α,28", "stop_type_cat": "Regular Stop", "type_rank": 4, "line_count": 3, "service_level": "Multi-line stop" }, "geometry": { "type": "Point", "coordinates": [ 22.960363, 40.674553 ] } },
{ "type": "Feature", "properties": { "code": "Α-04/017", "onomastasi": "ΝΟΣΟΚΟΜΕΙΟ ΠΑΠΑΓΕΩΡΓΙΟΥ", "type": "ΣΤΑΣΗ", "dimoskal": "ΠΑΥΛΟΣ ΜΕΛΑΣ", "lines_ejyp": "01,01Α,28", "stop_type_cat": "Regular Stop", "type_rank": 4, "line_count": 3, "service_level": "Multi-line stop" }, "geometry": { "type": "Point", "coordinates": [ 22.960111, 40.676274 ] } },
{ "type": "Feature", "properties": { "code": "Α-04/031", "onomastasi": "ΝΟΣΟΚΟΜΕΙΟ ΠΑΠΑΓΕΩΡΓΙΟΥ", "type": "ΣΤΑΣΗ", "dimoskal": "ΠΑΥΛΟΣ ΜΕΛΑΣ", "lines_ejyp": "01,01Α,28", "stop_type_cat": "Regular Stop", "type_rank": 4, "line_count": 3, "service_level": "Multi-line stop" }, "geometry": { "type": "Point", "coordinates": [ 22.959849, 40.676543 ] } },
{ "type": "Feature", "properties": { "code": "Α-03/031", "onomastasi": "ΣΩΚΡΑΤΟΥΣ", "type": "ΣΤΑΣΗ", "dimoskal": "ΠΑΥΛΟΣ ΜΕΛΑΣ", "lines_ejyp": "01,01Α,2Β", "stop_type_cat": "Regular Stop", "type_rank": 4, "line_count": 3, "service_level": "Multi-line stop" }, "geometry": { "type": "Point", "coordinates": [ 22.958905, 40.67914 ] } },
{ "type": "Feature", "properties": { "code": "Α-03/041", "onomastasi": "ΣΩΚΡΑΤΟΥΣ", "type": "ΣΤΑΣΗ", "dimoskal": "ΠΑΥΛΟΣ ΜΕΛΑΣ", "lines_ejyp": "01,01Α,2Β", "stop_type_cat": "Regular Stop", "type_rank": 4, "line_count": 3, "service_level": "Multi-line stop" }, "geometry": { "type": "Point", "coordinates": [ 22.958268, 40.679818 ] } },
{ "type": "Feature", "properties": { "code": "Α-04/034", "onomastasi": "ΔΙΑΜΑΝΤΙΔΕΙΟΣ ΣΤΕΓΗ", "type": "ΣΤΑΣΗ", "dimoskal": "ΠΑΥΛΟΣ ΜΕΛΑΣ", "lines_ejyp": "01,01Α", "stop_type_cat": "Regular Stop", "type_rank": 4, "line_count": 2, "service_level": "Multi-line stop" }, "geometry": { "type": "Point", "coordinates": [ 22.957459, 40.666442 ] } },
{ "type": "Feature", "properties": { "code": "Α-03/040", "onomastasi": "Τ.Σ. ΕΥΚΑΡΠΙΑΣ - ΣΚΛΑΒΕΝΙΤΗΣ", "type": "ΤΕΡΜΑΤΙΚΟΣ ΣΤΑΘΜΟΣ ( ΑΦΕΤΗΡΙΑ - ΤΕΡΜΑ )", "dimoskal": "ΠΑΥΛΟΣ ΜΕΛΑΣ", "lines_ejyp": "01,01Α,2Β", "stop_type_cat": "Terminal Stop", "type_rank": 2, "line_count": 3, "service_level": "Multi-line stop" }, "geometry": { "type": "Point", "coordinates": [ 22.957476, 40.679442 ] } },
{ "type": "Feature", "properties": { "code": "Α-03/043", "onomastasi": "ΑΝΟΙΞΗΣ", "type": "ΣΤΑΣΗ", "dimoskal": "ΠΑΥΛΟΣ ΜΕΛΑΣ", "lines_ejyp": "28", "stop_type_cat": "Regular Stop", "type_rank": 4, "line_count": 1, "service_level": "Local stop" }, "geometry": { "type": "Point", "coordinates": [ 22.953521, 40.681333 ] } },
{ "type": "Feature", "properties": { "code": "Α-03/033", "onomastasi": "ΓΙΑΝΝΗ ΡΙΤΣΟΥ", "type": "ΣΤΑΣΗ", "dimoskal": "ΠΑΥΛΟΣ ΜΕΛΑΣ", "lines_ejyp": "01,01Α", "stop_type_cat": "Regular Stop", "type_rank": 4, "line_count": 2, "service_level": "Multi-line stop" }, "geometry": { "type": "Point", "coordinates": [ 22.95507, 40.681496 ] } },
{ "type": "Feature", "properties": { "code": "Α-03/039", "onomastasi": "ΟΜΗΡΟΥ", "type": "ΣΤΑΣΗ", "dimoskal": "ΠΑΥΛΟΣ ΜΕΛΑΣ", "lines_ejyp": "01,01Α,28", "stop_type_cat": "Regular Stop", "type_rank": 4, "line_count": 3, "service_level": "Multi-line stop" }, "geometry": { "type": "Point", "coordinates": [ 22.957595, 40.68158 ] } },
{ "type": "Feature", "properties": { "code": "Α-03/038", "onomastasi": "ΓΙΑΝΝΗ ΡΙΤΣΟΥ", "type": "ΣΤΑΣΗ", "dimoskal": "ΠΑΥΛΟΣ ΜΕΛΑΣ", "lines_ejyp": "01,01Α", "stop_type_cat": "Regular Stop", "type_rank": 4, "line_count": 2, "service_level": "Multi-line stop" }, "geometry": { "type": "Point", "coordinates": [ 22.955191, 40.681775 ] } },
{ "type": "Feature", "properties": { "code": "Α-03/032", "onomastasi": "ΟΜΗΡΟΥ", "type": "ΣΤΑΣΗ", "dimoskal": "ΠΑΥΛΟΣ ΜΕΛΑΣ", "lines_ejyp": "01,01Α,28", "stop_type_cat": "Regular Stop", "type_rank": 4, "line_count": 3, "service_level": "Multi-line stop" }, "geometry": { "type": "Point", "coordinates": [ 22.957758, 40.681923 ] } },
{ "type": "Feature", "properties": { "code": "Α-03/036", "onomastasi": "ΡΟΔΩΝ", "type": "ΣΤΑΣΗ", "dimoskal": "ΠΑΥΛΟΣ ΜΕΛΑΣ", "lines_ejyp": "28,38", "stop_type_cat": "Regular Stop", "type_rank": 4, "line_count": 2, "service_level": "Multi-line stop" }, "geometry": { "type": "Point", "coordinates": [ 22.954595, 40.681924 ] } },
{ "type": "Feature", "properties": { "code": "Α-03/035", "onomastasi": "ΡΟΔΩΝ", "type": "ΣΤΑΣΗ", "dimoskal": "ΠΑΥΛΟΣ ΜΕΛΑΣ", "lines_ejyp": "28,38", "stop_type_cat": "Regular Stop", "type_rank": 4, "line_count": 2, "service_level": "Multi-line stop" }, "geometry": { "type": "Point", "coordinates": [ 22.954571, 40.682003 ] } },
{ "type": "Feature", "properties": { "code": "Θ-04/156", "onomastasi": "ΙΚΑ ΕΥΚΑΡΠΙΑΣ", "type": "ΣΤΑΣΗ", "dimoskal": "ΠΑΥΛΟΣ ΜΕΛΑΣ", "lines_ejyp": "38", "stop_type_cat": "Regular Stop", "type_rank": 4, "line_count": 1, "service_level": "Local stop" }, "geometry": { "type": "Point", "coordinates": [ 22.95354, 40.686137 ] } },
{ "type": "Feature", "properties": { "code": "Α-03/029", "onomastasi": "ΑΓΙΟΥ ΑΝΤΩΝΙΟΥ", "type": "ΣΤΑΣΗ", "dimoskal": "ΠΑΥΛΟΣ ΜΕΛΑΣ", "lines_ejyp": "38", "stop_type_cat": "Regular Stop", "type_rank": 4, "line_count": 1, "service_level": "Local stop" }, "geometry": { "type": "Point", "coordinates": [ 22.950428, 40.680281 ] } },
{ "type": "Feature", "properties": { "code": "Α-02/024", "onomastasi": "ΘΗΣΕΩΣ", "type": "ΣΤΑΣΗ", "dimoskal": "ΠΑΥΛΟΣ ΜΕΛΑΣ", "lines_ejyp": "38", "stop_type_cat": "Regular Stop", "type_rank": 4, "line_count": 1, "service_level": "Local stop" }, "geometry": { "type": "Point", "coordinates": [ 22.952518, 40.68035 ] } },
{ "type": "Feature", "properties": { "code": "Α-03/034", "onomastasi": "ΘΗΣΕΩΣ", "type": "ΣΤΑΣΗ", "dimoskal": "ΠΑΥΛΟΣ ΜΕΛΑΣ", "lines_ejyp": "38", "stop_type_cat": "Regular Stop", "type_rank": 4, "line_count": 1, "service_level": "Local stop" }, "geometry": { "type": "Point", "coordinates": [ 22.952489, 40.68043 ] } },
{ "type": "Feature", "properties": { "code": "Α-03/042", "onomastasi": "ΑΝΟΙΞΗΣ", "type": "ΣΤΑΣΗ", "dimoskal": "ΠΑΥΛΟΣ ΜΕΛΑΣ", "lines_ejyp": "28", "stop_type_cat": "Regular Stop", "type_rank": 4, "line_count": 1, "service_level": "Local stop" }, "geometry": { "type": "Point", "coordinates": [ 22.95339, 40.680993 ] } },
{ "type": "Feature", "properties": { "code": "Α-03/027", "onomastasi": "ΣΧΟΛΕΙΟ", "type": "ΣΤΑΣΗ", "dimoskal": "ΠΑΥΛΟΣ ΜΕΛΑΣ", "lines_ejyp": "38", "stop_type_cat": "Regular Stop", "type_rank": 4, "line_count": 1, "service_level": "Local stop" }, "geometry": { "type": "Point", "coordinates": [ 22.949394, 40.681312 ] } },
{ "type": "Feature", "properties": { "code": "Α-03/028", "onomastasi": "ΣΧΟΛΕΙΟ", "type": "ΣΤΑΣΗ", "dimoskal": "ΠΑΥΛΟΣ ΜΕΛΑΣ", "lines_ejyp": "38", "stop_type_cat": "Regular Stop", "type_rank": 4, "line_count": 1, "service_level": "Local stop" }, "geometry": { "type": "Point", "coordinates": [ 22.949544, 40.681427 ] } },
{ "type": "Feature", "properties": { "code": "Α-03/026", "onomastasi": "ΕΡΓΑΤΙΚΕΣ ΚΑΤΟΙΚΙΕΣ Β", "type": "ΣΤΑΣΗ", "dimoskal": "ΠΑΥΛΟΣ ΜΕΛΑΣ", "lines_ejyp": "38", "stop_type_cat": "Regular Stop", "type_rank": 4, "line_count": 1, "service_level": "Local stop" }, "geometry": { "type": "Point", "coordinates": [ 22.950576, 40.682286 ] } },
{ "type": "Feature", "properties": { "code": "Α-03/025", "onomastasi": "ΕΡΓΑΤΙΚΕΣ ΚΑΤΟΙΚΙΕΣ Β", "type": "ΣΤΑΣΗ", "dimoskal": "ΠΑΥΛΟΣ ΜΕΛΑΣ", "lines_ejyp": "38", "stop_type_cat": "Regular Stop", "type_rank": 4, "line_count": 1, "service_level": "Local stop" }, "geometry": { "type": "Point", "coordinates": [ 22.950499, 40.682359 ] } },
{ "type": "Feature", "properties": { "code": "Α-03/024", "onomastasi": "ΜΗΧΑΝΟΥΡΓΕΙΟ", "type": "ΣΤΑΣΗ", "dimoskal": "ΠΑΥΛΟΣ ΜΕΛΑΣ", "lines_ejyp": "38", "stop_type_cat": "Regular Stop", "type_rank": 4, "line_count": 1, "service_level": "Local stop" }, "geometry": { "type": "Point", "coordinates": [ 22.949509, 40.683097 ] } },
{ "type": "Feature", "properties": { "code": "Α-02/025", "onomastasi": "ΜΗΧΑΝΟΥΡΓΕΙΟ", "type": "ΣΤΑΣΗ", "dimoskal": "ΠΑΥΛΟΣ ΜΕΛΑΣ", "lines_ejyp": "38", "stop_type_cat": "Regular Stop", "type_rank": 4, "line_count": 1, "service_level": "Local stop" }, "geometry": { "type": "Point", "coordinates": [ 22.949458, 40.683192 ] } },
{ "type": "Feature", "properties": { "code": "Α-02/027", "onomastasi": "ΠΑΛΑΙΩΝ ΠΑΤΡΩΝ ΓΕΡΜΑΝΟΥ", "type": "ΣΤΑΣΗ", "dimoskal": "ΠΑΥΛΟΣ ΜΕΛΑΣ", "lines_ejyp": "38", "stop_type_cat": "Regular Stop", "type_rank": 4, "line_count": 1, "service_level": "Local stop" }, "geometry": { "type": "Point", "coordinates": [ 22.951072, 40.684628 ] } },
{ "type": "Feature", "properties": { "code": "Α-02/026", "onomastasi": "ΠΑΛΑΙΩΝ ΠΑΤΡΩΝ ΓΕΡΜΑΝΟΥ", "type": "ΣΤΑΣΗ", "dimoskal": "ΠΑΥΛΟΣ ΜΕΛΑΣ", "lines_ejyp": "38", "stop_type_cat": "Regular Stop", "type_rank": 4, "line_count": 1, "service_level": "Local stop" }, "geometry": { "type": "Point", "coordinates": [ 22.951007, 40.684706 ] } },
{ "type": "Feature", "properties": { "code": "Θ-04/160", "onomastasi": "Τ.Σ. ΕΥΚΑΡΠΙΑΣ", "type": "ΤΕΡΜΑΤΙΚΟΣ ΣΤΑΘΜΟΣ ( ΑΦΕΤΗΡΙΑ - ΤΕΡΜΑ )", "dimoskal": "ΠΑΥΛΟΣ ΜΕΛΑΣ", "lines_ejyp": "38", "stop_type_cat": "Terminal Stop", "type_rank": 2, "line_count": 1, "service_level": "Local stop" }, "geometry": { "type": "Point", "coordinates": [ 22.951799, 40.692152 ] } },
{ "type": "Feature", "properties": { "code": "Θ-04/197", "onomastasi": "EURO - HOUSE", "type": "ΣΤΑΣΗ", "dimoskal": "ΠΑΥΛΟΣ ΜΕΛΑΣ", "lines_ejyp": "83Ν,84Α,84Β,85,85Β,85Ζ,85Κ,85Ν,85Τ,85Χ,86Α,86Β,86Ε,86Κ,86Μ,86Ν,86Ρ", "stop_type_cat": "Regular Stop", "type_rank": 4, "line_count": 17, "service_level": "Major PT node" }, "geometry": { "type": "Point", "coordinates": [ 22.949905, 40.699761 ] } },
{ "type": "Feature", "properties": { "code": "Θ-04/175", "onomastasi": "EURO - HOUSE", "type": "ΣΤΑΣΗ", "dimoskal": "ΠΑΥΛΟΣ ΜΕΛΑΣ", "lines_ejyp": "55Ε,83Ν,84Α,84Β,85,85Β,85Ζ,85Κ,85Μ,85Ν,85Τ,86,86Τ", "stop_type_cat": "Regular Stop", "type_rank": 4, "line_count": 13, "service_level": "Major PT node" }, "geometry": { "type": "Point", "coordinates": [ 22.949421, 40.699845 ] } },
{ "type": "Feature", "properties": { "code": "Θ-04/198", "onomastasi": "ΠΑΝΤΑΖΟΠΟΥΛΟΙ", "type": "ΣΤΑΣΗ", "dimoskal": "ΠΑΥΛΟΣ ΜΕΛΑΣ", "lines_ejyp": "83Ν,84Α,84Β,85,85Α,85Β,85Ζ,85Κ,85Ν,85Τ,85Χ,86Α,86Β,86Ε,86Κ,86Μ,86Ν,86Ρ", "stop_type_cat": "Regular Stop", "type_rank": 4, "line_count": 18, "service_level": "Major PT node" }, "geometry": { "type": "Point", "coordinates": [ 22.950644, 40.702016 ] } },
{ "type": "Feature", "properties": { "code": "Θ-04/174", "onomastasi": "ΠΑΝΤΑΖΟΠΟΥΛΟΙ", "type": "ΣΤΑΣΗ", "dimoskal": "ΠΑΥΛΟΣ ΜΕΛΑΣ", "lines_ejyp": "55Ε,83Ν,84Α,84Β,85,85Β,85Ζ,85Κ,85Μ,85Ν,85Τ,86,86Τ", "stop_type_cat": "Regular Stop", "type_rank": 4, "line_count": 13, "service_level": "Major PT node" }, "geometry": { "type": "Point", "coordinates": [ 22.950877, 40.702267 ] } },
{ "type": "Feature", "properties": { "code": "Θ-04/180", "onomastasi": "ΠΑΝΤΑΖΟΠΟΥΛΟΙ", "type": "ΣΤΑΣΗ", "dimoskal": "ΠΑΥΛΟΣ ΜΕΛΑΣ", "lines_ejyp": "", "stop_type_cat": "Regular Stop", "type_rank": 4, "line_count": 0, "service_level": "Unknown service" }, "geometry": { "type": "Point", "coordinates": [ 22.950653, 40.702341 ] } },
{ "type": "Feature", "properties": { "code": "Θ-04/173", "onomastasi": "ΕΠΙΠΛΟ - ΚΑΤΟΙΚΙΑ", "type": "ΣΤΑΣΗ", "dimoskal": "ΠΑΥΛΟΣ ΜΕΛΑΣ", "lines_ejyp": "83Ν,84Α,84Β,85,85Β,85Ζ,85Κ,85Μ,85Ν,85Τ,86,86Τ", "stop_type_cat": "Regular Stop", "type_rank": 4, "line_count": 12, "service_level": "Major PT node" }, "geometry": { "type": "Point", "coordinates": [ 22.951682, 40.704485 ] } },
{ "type": "Feature", "properties": { "code": "Θ-04/164", "onomastasi": "ΠΑΡΚΟ", "type": "ΣΤΑΣΗ", "dimoskal": "ΠΑΥΛΟΣ ΜΕΛΑΣ", "lines_ejyp": "38", "stop_type_cat": "Regular Stop", "type_rank": 4, "line_count": 1, "service_level": "Local stop" }, "geometry": { "type": "Point", "coordinates": [ 22.953436, 40.686156 ] } },
{ "type": "Feature", "properties": { "code": "Θ-04/163", "onomastasi": "ΙΚΑ ΕΥΚΑΡΠΙΑΣ", "type": "ΤΕΣ ΠΛΗΡΟΦΟΡΗΣΗ", "dimoskal": "ΠΑΥΛΟΣ ΜΕΛΑΣ", "lines_ejyp": "38", "stop_type_cat": "Info Stop", "type_rank": 3, "line_count": 1, "service_level": "Local stop" }, "geometry": { "type": "Point", "coordinates": [ 22.953987, 40.687433 ] } },
{ "type": "Feature", "properties": { "code": "Θ-04/157", "onomastasi": "ΠΛΑΤΕΙΑ - ΕΚΚΛΗΣΙΑ", "type": "ΣΤΑΣΗ", "dimoskal": "ΠΑΥΛΟΣ ΜΕΛΑΣ", "lines_ejyp": "38", "stop_type_cat": "Regular Stop", "type_rank": 4, "line_count": 1, "service_level": "Local stop" }, "geometry": { "type": "Point", "coordinates": [ 22.95443, 40.688175 ] } },
{ "type": "Feature", "properties": { "code": "Θ-04/162", "onomastasi": "ΠΛΑΤΕΙΑ - ΕΚΚΛΗΣΙΑ", "type": "ΣΤΑΣΗ", "dimoskal": "ΠΑΥΛΟΣ ΜΕΛΑΣ", "lines_ejyp": "38", "stop_type_cat": "Regular Stop", "type_rank": 4, "line_count": 1, "service_level": "Local stop" }, "geometry": { "type": "Point", "coordinates": [ 22.954623, 40.688887 ] } },
{ "type": "Feature", "properties": { "code": "Θ-04/158", "onomastasi": "ΠΑΙΔΙΚΟΣ ΣΤΑΘΜΟΣ", "type": "ΣΤΑΣΗ", "dimoskal": "ΠΑΥΛΟΣ ΜΕΛΑΣ", "lines_ejyp": "38", "stop_type_cat": "Regular Stop", "type_rank": 4, "line_count": 1, "service_level": "Local stop" }, "geometry": { "type": "Point", "coordinates": [ 22.955153, 40.68986 ] } },
{ "type": "Feature", "properties": { "code": "Θ-04/159", "onomastasi": "ΠΑΛΙΟ ΤΕΡΜΑ", "type": "ΣΤΑΣΗ", "dimoskal": "ΠΑΥΛΟΣ ΜΕΛΑΣ", "lines_ejyp": "38", "stop_type_cat": "Regular Stop", "type_rank": 4, "line_count": 1, "service_level": "Local stop" }, "geometry": { "type": "Point", "coordinates": [ 22.954117, 40.690996 ] } },
{ "type": "Feature", "properties": { "code": "Θ-04/161", "onomastasi": "ΠΑΛΙΟ ΤΕΡΜΑ", "type": "ΣΤΑΣΗ", "dimoskal": "ΠΑΥΛΟΣ ΜΕΛΑΣ", "lines_ejyp": "38", "stop_type_cat": "Regular Stop", "type_rank": 4, "line_count": 1, "service_level": "Local stop" }, "geometry": { "type": "Point", "coordinates": [ 22.953485, 40.691221 ] } },
{ "type": "Feature", "properties": { "code": "Θ-04/187", "onomastasi": "ΑΓΙΟΣ ΠΑΝΤΕΛΕΗΜΩΝ", "type": "ΣΤΑΣΗ", "dimoskal": "ΠΑΥΛΟΣ ΜΕΛΑΣ", "lines_ejyp": "83Ν,84Α,84Β,85,85Α,85Β,85Ζ,85Κ,85Ν,85Τ,85Χ,86Α,86Β,86Ε,86Κ,86Μ,86Ν,86Ρ", "stop_type_cat": "Regular Stop", "type_rank": 4, "line_count": 18, "service_level": "Major PT node" }, "geometry": { "type": "Point", "coordinates": [ 22.954757, 40.708285 ] } },
{ "type": "Feature", "properties": { "code": "Θ-04/172", "onomastasi": "ΑΓΙΟΣ ΠΑΝΤΕΛΕΗΜΩΝ", "type": "ΣΤΑΣΗ", "dimoskal": "ΠΑΥΛΟΣ ΜΕΛΑΣ", "lines_ejyp": "83Ν,84Α,84Β,85,85Β,85Ζ,85Κ,85Μ,85Ν,85Τ,86,86Τ", "stop_type_cat": "Regular Stop", "type_rank": 4, "line_count": 12, "service_level": "Major PT node" }, "geometry": { "type": "Point", "coordinates": [ 22.954508, 40.708284 ] } },
{ "type": "Feature", "properties": { "code": "Δ-11/002", "onomastasi": "ΑΚΤΑΙΟΝ", "type": "ΣΤΑΣΗ", "dimoskal": "ΚΑΛΑΜΑΡΙΑ", "lines_ejyp": "05,05A", "stop_type_cat": "Regular Stop", "type_rank": 4, "line_count": 2, "service_level": "Multi-line stop" }, "geometry": { "type": "Point", "coordinates": [ 22.94957, 40.574289 ] } },
{ "type": "Feature", "properties": { "code": "Δ-11/001", "onomastasi": "ΑΚΤΑΙΟΝ", "type": "ΣΤΑΣΗ", "dimoskal": "ΚΑΛΑΜΑΡΙΑ", "lines_ejyp": "05,05A,07", "stop_type_cat": "Regular Stop", "type_rank": 4, "line_count": 3, "service_level": "Multi-line stop" }, "geometry": { "type": "Point", "coordinates": [ 22.948896, 40.574881 ] } },
{ "type": "Feature", "properties": { "code": "Δ-10/028", "onomastasi": "ΚΑΜΙΝΙΚΙΑ", "type": "ΣΤΑΣΗ", "dimoskal": "ΚΑΛΑΜΑΡΙΑ", "lines_ejyp": "05,05A", "stop_type_cat": "Regular Stop", "type_rank": 4, "line_count": 2, "service_level": "Multi-line stop" }, "geometry": { "type": "Point", "coordinates": [ 22.947161, 40.575788 ] } },
{ "type": "Feature", "properties": { "code": "Δ-10/033", "onomastasi": "ΠΛΑΤΕΙΑ ΣΚΡΑ", "type": "ΣΤΑΣΗ", "dimoskal": "ΚΑΛΑΜΑΡΙΑ", "lines_ejyp": "04A,05B,06", "stop_type_cat": "Regular Stop", "type_rank": 4, "line_count": 3, "service_level": "Multi-line stop" }, "geometry": { "type": "Point", "coordinates": [ 22.948861, 40.57663 ] } },
{ "type": "Feature", "properties": { "code": "Δ-10/032", "onomastasi": "ΠΛΑΤΕΙΑ ΣΚΡΑ", "type": "ΣΤΑΣΗ", "dimoskal": "ΚΑΛΑΜΑΡΙΑ", "lines_ejyp": "04A,05B,06", "stop_type_cat": "Regular Stop", "type_rank": 4, "line_count": 3, "service_level": "Multi-line stop" }, "geometry": { "type": "Point", "coordinates": [ 22.948861, 40.576742 ] } },
{ "type": "Feature", "properties": { "code": "Δ-10/029", "onomastasi": "ΑΠΟΛΥΜΑΝΤΗΡΙΑ", "type": "ΤΕΣ ΠΛΗΡΟΦΟΡΗΣΗ", "dimoskal": "ΚΑΛΑΜΑΡΙΑ", "lines_ejyp": "05,05A,07", "stop_type_cat": "Info Stop", "type_rank": 3, "line_count": 3, "service_level": "Multi-line stop" }, "geometry": { "type": "Point", "coordinates": [ 22.945539, 40.576992 ] } },
{ "type": "Feature", "properties": { "code": "Δ-10/030", "onomastasi": "ΑΠΟΛΥΜΑΝΤΗΡΙΑ", "type": "ΣΤΑΣΗ", "dimoskal": "ΚΑΛΑΜΑΡΙΑ", "lines_ejyp": "06,05A", "stop_type_cat": "Regular Stop", "type_rank": 4, "line_count": 2, "service_level": "Multi-line stop" }, "geometry": { "type": "Point", "coordinates": [ 22.944873, 40.577212 ] } },
{ "type": "Feature", "properties": { "code": "Δ-10/016", "onomastasi": "Χ.Α.Ν. ΚΑΛΑΜΑΡΙΑΣ", "type": "ΣΤΑΣΗ", "dimoskal": "ΚΑΛΑΜΑΡΙΑ", "lines_ejyp": "06", "stop_type_cat": "Regular Stop", "type_rank": 4, "line_count": 1, "service_level": "Local stop" }, "geometry": { "type": "Point", "coordinates": [ 22.946065, 40.578397 ] } },
{ "type": "Feature", "properties": { "code": "Δ-10/015", "onomastasi": "ΤΑΧΥΔΡΟΜΕΙΟ", "type": "ΣΤΑΣΗ", "dimoskal": "ΚΑΛΑΜΑΡΙΑ", "lines_ejyp": "05Β,06,07", "stop_type_cat": "Regular Stop", "type_rank": 4, "line_count": 3, "service_level": "Multi-line stop" }, "geometry": { "type": "Point", "coordinates": [ 22.948009, 40.579226 ] } },
{ "type": "Feature", "properties": { "code": "Δ-10/018", "onomastasi": "ΠΛΑΖ", "type": "ΣΤΑΣΗ", "dimoskal": "ΚΑΛΑΜΑΡΙΑ", "lines_ejyp": "05,05A", "stop_type_cat": "Regular Stop", "type_rank": 4, "line_count": 2, "service_level": "Multi-line stop" }, "geometry": { "type": "Point", "coordinates": [ 22.943747, 40.579292 ] } },
{ "type": "Feature", "properties": { "code": "Δ-10/019", "onomastasi": "ΓΗΠΕΔΟ ΑΠΟΛΛΩΝΑ ΚΑΛΑΜΑΡΙΑΣ", "type": "ΣΤΑΣΗ", "dimoskal": "ΚΑΛΑΜΑΡΙΑ", "lines_ejyp": "04A,05,05A", "stop_type_cat": "Regular Stop", "type_rank": 4, "line_count": 3, "service_level": "Multi-line stop" }, "geometry": { "type": "Point", "coordinates": [ 22.944932, 40.579976 ] } },
{ "type": "Feature", "properties": { "code": "Δ-10/020", "onomastasi": "ΓΗΠΕΔΟ ΑΠΟΛΛΩΝΑ ΚΑΛΑΜΑΡΙΑΣ", "type": "ΣΤΑΣΗ", "dimoskal": "ΚΑΛΑΜΑΡΙΑ", "lines_ejyp": "05,05A,06", "stop_type_cat": "Regular Stop", "type_rank": 4, "line_count": 3, "service_level": "Multi-line stop" }, "geometry": { "type": "Point", "coordinates": [ 22.94523, 40.580336 ] } },
{ "type": "Feature", "properties": { "code": "Δ-10/021", "onomastasi": "ΓΥΜΝΑΣΙΟ", "type": "ΣΤΑΣΗ", "dimoskal": "ΚΑΛΑΜΑΡΙΑ", "lines_ejyp": "04A,05,05A", "stop_type_cat": "Regular Stop", "type_rank": 4, "line_count": 3, "service_level": "Multi-line stop" }, "geometry": { "type": "Point", "coordinates": [ 22.94711, 40.58155 ] } },
{ "type": "Feature", "properties": { "code": "Δ-10/022", "onomastasi": "ΙΕΡΑ ΜΗΤΡΟΠΟΛΗ Ν. ΚΡΗΝΗΣ ΚΑΙ ΚΑΛΑΜΑΡΙΑΣ", "type": "ΤΕΣ ΠΛΗΡΟΦΟΡΗΣΗ", "dimoskal": "ΚΑΛΑΜΑΡΙΑ", "lines_ejyp": "05,05A,06", "stop_type_cat": "Info Stop", "type_rank": 3, "line_count": 3, "service_level": "Multi-line stop" }, "geometry": { "type": "Point", "coordinates": [ 22.948123, 40.582446 ] } },
{ "type": "Feature", "properties": { "code": "Δ-10/024", "onomastasi": "ΙΕΡΑ ΜΗΤΡΟΠΟΛΗ Ν. ΚΡΗΝΗΣ ΚΑΙ ΚΑΛΑΜΑΡΙΑΣ", "type": "ΤΕΣ ΠΛΗΡΟΦΟΡΗΣΗ", "dimoskal": "ΚΑΛΑΜΑΡΙΑ", "lines_ejyp": "04A,05,05A", "stop_type_cat": "Info Stop", "type_rank": 3, "line_count": 3, "service_level": "Multi-line stop" }, "geometry": { "type": "Point", "coordinates": [ 22.948605, 40.583288 ] } },
{ "type": "Feature", "properties": { "code": "Δ-10/026", "onomastasi": "ΠΑΡΚΟ", "type": "ΣΤΑΣΗ", "dimoskal": "ΚΑΛΑΜΑΡΙΑ", "lines_ejyp": "05,05Α", "stop_type_cat": "Regular Stop", "type_rank": 4, "line_count": 2, "service_level": "Multi-line stop" }, "geometry": { "type": "Point", "coordinates": [ 22.946751, 40.584526 ] } },
{ "type": "Feature", "properties": { "code": "Δ-10/025", "onomastasi": "ΠΑΡΚΟ", "type": "ΣΤΑΣΗ", "dimoskal": "ΚΑΛΑΜΑΡΙΑ", "lines_ejyp": "04A,05,05A", "stop_type_cat": "Regular Stop", "type_rank": 4, "line_count": 3, "service_level": "Multi-line stop" }, "geometry": { "type": "Point", "coordinates": [ 22.946038, 40.585358 ] } },
{ "type": "Feature", "properties": { "code": "Δ-10/003", "onomastasi": "ΜΙΚΡΑΣΙΑ", "type": "ΣΤΑΣΗ", "dimoskal": "ΚΑΛΑΜΑΡΙΑ", "lines_ejyp": "", "stop_type_cat": "Regular Stop", "type_rank": 4, "line_count": 0, "service_level": "Unknown service" }, "geometry": { "type": "Point", "coordinates": [ 22.947332, 40.585862 ] } },
{ "type": "Feature", "properties": { "code": "Δ-10/027", "onomastasi": "ΝΑΥΤΙΚΟΣ ΟΜΙΛΟΣ", "type": "ΣΤΑΣΗ", "dimoskal": "ΚΑΛΑΜΑΡΙΑ", "lines_ejyp": "05,05A", "stop_type_cat": "Regular Stop", "type_rank": 4, "line_count": 2, "service_level": "Multi-line stop" }, "geometry": { "type": "Point", "coordinates": [ 22.944373, 40.586487 ] } },
{ "type": "Feature", "properties": { "code": "Δ-09/004", "onomastasi": "ΝΑΥΤΙΚΟΣ ΟΜΙΛΟΣ", "type": "ΤΕΣ ΠΛΗΡΟΦΟΡΗΣΗ", "dimoskal": "ΚΑΛΑΜΑΡΙΑ", "lines_ejyp": "", "stop_type_cat": "Info Stop", "type_rank": 3, "line_count": 0, "service_level": "Unknown service" }, "geometry": { "type": "Point", "coordinates": [ 22.944876, 40.587651 ] } },
{ "type": "Feature", "properties": { "code": "Δ-10/017", "onomastasi": "ΠΛΑΖ", "type": "ΣΤΑΣΗ", "dimoskal": "ΚΑΛΑΜΑΡΙΑ", "lines_ejyp": "05,05A", "stop_type_cat": "Regular Stop", "type_rank": 4, "line_count": 2, "service_level": "Multi-line stop" }, "geometry": { "type": "Point", "coordinates": [ 22.943351, 40.57876 ] } },
{ "type": "Feature", "properties": { "code": "Γ-06/014", "onomastasi": "ΠΛΑΤΕΙΑ ΑΡΙΣΤΟΤΕΛΟΥΣ", "type": "ΤΕΣ ΠΛΗΡΟΦΟΡΗΣΗ", "dimoskal": "ΘΕΣΣΑΛΟΝΙΚΗ", "lines_ejyp": "03K,05,05A,06,12,33,33A,39,39A", "stop_type_cat": "Info Stop", "type_rank": 3, "line_count": 9, "service_level": "Major PT node" }, "geometry": { "type": "Point", "coordinates": [ 22.941283, 40.632666 ] } },
{ "type": "Feature", "properties": { "code": "Γ-06/011", "onomastasi": "ΠΛΑΤΕΙΑ ΕΛΕΥΘΕΡΙΑΣ", "type": "ΤΕΣ ΠΛΗΡΟΦΟΡΗΣΗ", "dimoskal": "ΘΕΣΣΑΛΟΝΙΚΗ", "lines_ejyp": "15,23", "stop_type_cat": "Info Stop", "type_rank": 3, "line_count": 2, "service_level": "Multi-line stop" }, "geometry": { "type": "Point", "coordinates": [ 22.938349, 40.63351 ] } },
{ "type": "Feature", "properties": { "code": "Γ-06/011ΤΣ", "onomastasi": "Τ.Σ. ΒΕΝΙΖΕΛΟΥ ΓΡ24", "type": "ΤΕΡΜΑΤΙΚΟΣ ΣΤΑΘΜΟΣ ΤΕΣ", "dimoskal": "ΘΕΣΣΑΛΟΝΙΚΗ", "lines_ejyp": "24", "stop_type_cat": "Terminal Stop", "type_rank": 2, "line_count": 1, "service_level": "Local stop" }, "geometry": { "type": "Point", "coordinates": [ 22.938552, 40.633724 ] } },
{ "type": "Feature", "properties": { "code": "Γ-06/013", "onomastasi": "ΒΕΝΙΖΕΛΟΥ", "type": "ΤΕΣ ΠΛΗΡΟΦΟΡΗΣΗ", "dimoskal": "ΘΕΣΣΑΛΟΝΙΚΗ", "lines_ejyp": "03K,12,39,39A", "stop_type_cat": "Info Stop", "type_rank": 3, "line_count": 4, "service_level": "High-service stop" }, "geometry": { "type": "Point", "coordinates": [ 22.939305, 40.633807 ] } },
{ "type": "Feature", "properties": { "code": "Γ-06/002", "onomastasi": "ΠΛΑΤΕΙΑ ΑΡΙΣΤΟΤΕΛΟΥΣ", "type": "ΤΕΣ ΠΛΗΡΟΦΟΡΗΣΗ", "dimoskal": "ΘΕΣΣΑΛΟΝΙΚΗ", "lines_ejyp": "03K,05,05A,05B,06,12,33,33A,39,39A,58,70,70A", "stop_type_cat": "Info Stop", "type_rank": 3, "line_count": 13, "service_level": "Major PT node" }, "geometry": { "type": "Point", "coordinates": [ 22.941198, 40.633837 ] } },
{ "type": "Feature", "properties": { "code": "Γ-06/008ΤΣ", "onomastasi": "Τ.Σ. ΠΛΑΤΕΙΑ ΕΛΕΥΘΕΡΙΑΣ", "type": "ΣΤΑΘΜΑΡΧΕΙΟ ΤΕΣ", "dimoskal": "ΘΕΣΣΑΛΟΝΙΚΗ", "lines_ejyp": "05,05A,05B,06,33,33A,35", "stop_type_cat": "Operational Facility", "type_rank": 5, "line_count": 7, "service_level": "Major PT node" }, "geometry": { "type": "Point", "coordinates": [ 22.938506, 40.63428 ] } },
{ "type": "Feature", "properties": { "code": "Γ-06/010ΤΣ", "onomastasi": "Τ.Σ. ΒΕΝΙΖΕΛΟΥ ΓΡ25", "type": "ΤΕΡΜΑΤΙΚΟΣ ΣΤΑΘΜΟΣ ΤΕΣ", "dimoskal": "ΘΕΣΣΑΛΟΝΙΚΗ", "lines_ejyp": "25,26", "stop_type_cat": "Terminal Stop", "type_rank": 2, "line_count": 2, "service_level": "Multi-line stop" }, "geometry": { "type": "Point", "coordinates": [ 22.939157, 40.634338 ] } },
{ "type": "Feature", "properties": { "code": "Γ-06/010 Α", "onomastasi": "Τ.Σ. ΒΕΝΙΖΕΛΟΥ ΓΡ25Α", "type": "ΤΕΡΜΑΤΙΚΟΣ ΣΤΑΘΜΟΣ ( ΑΦΕΤΗΡΙΑ - ΤΕΡΜΑ )", "dimoskal": "ΘΕΣΣΑΛΟΝΙΚΗ", "lines_ejyp": "25,26", "stop_type_cat": "Terminal Stop", "type_rank": 2, "line_count": 2, "service_level": "Multi-line stop" }, "geometry": { "type": "Point", "coordinates": [ 22.939157, 40.634338 ] } },
{ "type": "Feature", "properties": { "code": "Γ-06/007ΤΣ", "onomastasi": "Τ.Σ. ΒΕΝΙΖΕΛΟΥ", "type": "ΤΕΡΜΑΤΙΚΟΣ ΣΤΑΘΜΟΣ ΤΕΣ", "dimoskal": "ΘΕΣΣΑΛΟΝΙΚΗ", "lines_ejyp": "58", "stop_type_cat": "Terminal Stop", "type_rank": 2, "line_count": 1, "service_level": "Local stop" }, "geometry": { "type": "Point", "coordinates": [ 22.939863, 40.634961 ] } },
{ "type": "Feature", "properties": { "code": "Β-06/003", "onomastasi": "ΔΙΑΓΩΝΙΟΣ", "type": "ΣΤΑΣΗ", "dimoskal": "ΘΕΣΣΑΛΟΝΙΚΗ", "lines_ejyp": "15", "stop_type_cat": "Regular Stop", "type_rank": 4, "line_count": 1, "service_level": "Local stop" }, "geometry": { "type": "Point", "coordinates": [ 22.947281, 40.631146 ] } },
{ "type": "Feature", "properties": { "code": "Β-06/004", "onomastasi": "ΕΣΠΕΡΟΣ", "type": "ΣΤΑΣΗ", "dimoskal": "ΘΕΣΣΑΛΟΝΙΚΗ", "lines_ejyp": "16,24,50", "stop_type_cat": "Regular Stop", "type_rank": 4, "line_count": 3, "service_level": "Multi-line stop" }, "geometry": { "type": "Point", "coordinates": [ 22.949756, 40.631337 ] } },
{ "type": "Feature", "properties": { "code": "Γ-06/001", "onomastasi": "ΑΓΙΑΣ ΣΟΦΙΑΣ", "type": "ΤΕΣ ΠΛΗΡΟΦΟΡΗΣΗ", "dimoskal": "ΘΕΣΣΑΛΟΝΙΚΗ", "lines_ejyp": "03K,05,05A,05B,06,12,33,33A,39,39A,58,70,70A", "stop_type_cat": "Info Stop", "type_rank": 3, "line_count": 13, "service_level": "Major PT node" }, "geometry": { "type": "Point", "coordinates": [ 22.943597, 40.632407 ] } },
{ "type": "Feature", "properties": { "code": "Β-06/006", "onomastasi": "ΑΓΙΑΣ ΣΟΦΙΑΣ", "type": "ΤΕΣ ΠΛΗΡΟΦΟΡΗΣΗ", "dimoskal": "ΘΕΣΣΑΛΟΝΙΚΗ", "lines_ejyp": "16,24,50", "stop_type_cat": "Info Stop", "type_rank": 3, "line_count": 3, "service_level": "Multi-line stop" }, "geometry": { "type": "Point", "coordinates": [ 22.946938, 40.633205 ] } },
{ "type": "Feature", "properties": { "code": "Β-06/007", "onomastasi": "ΑΓΙΑΣ ΣΟΦΙΑΣ", "type": "ΤΕΣ ΠΛΗΡΟΦΟΡΗΣΗ", "dimoskal": "ΘΕΣΣΑΛΟΝΙΚΗ", "lines_ejyp": "15", "stop_type_cat": "Info Stop", "type_rank": 3, "line_count": 1, "service_level": "Local stop" }, "geometry": { "type": "Point", "coordinates": [ 22.945348, 40.63348 ] } },
{ "type": "Feature", "properties": { "code": "Β-06/024", "onomastasi": "ΑΓΙΑΣ ΣΟΦΙΑΣ", "type": "ΤΕΣ ΠΛΗΡΟΦΟΡΗΣΗ", "dimoskal": "ΘΕΣΣΑΛΟΝΙΚΗ", "lines_ejyp": " 1N,01N,02K,05,10,11,11B,14,14A,17,24,27,28A,31,33,33A,37,39,39A,58,70,70A,71,71A", "stop_type_cat": "Info Stop", "type_rank": 3, "line_count": 24, "service_level": "Major PT node" }, "geometry": { "type": "Point", "coordinates": [ 22.948423, 40.63358 ] } },
{ "type": "Feature", "properties": { "code": "Β-06/023", "onomastasi": "ΑΓΙΑΣ ΣΟΦΙΑΣ", "type": "ΤΕΣ ΠΛΗΡΟΦΟΡΗΣΗ", "dimoskal": "ΘΕΣΣΑΛΟΝΙΚΗ", "lines_ejyp": " 1N,01N,02K,10,11,11B,14,14A,17,27,28B,31,37,39,39A,71,71A", "stop_type_cat": "Info Stop", "type_rank": 3, "line_count": 17, "service_level": "Major PT node" }, "geometry": { "type": "Point", "coordinates": [ 22.947685, 40.634228 ] } },
{ "type": "Feature", "properties": { "code": "Β-06/008", "onomastasi": "ΑΡΙΣΤΟΤΕΛΟΥΣ", "type": "ΣΤΑΣΗ", "dimoskal": "ΘΕΣΣΑΛΟΝΙΚΗ", "lines_ejyp": "16,24,50", "stop_type_cat": "Regular Stop", "type_rank": 4, "line_count": 3, "service_level": "Multi-line stop" }, "geometry": { "type": "Point", "coordinates": [ 22.943649, 40.634568 ] } },
{ "type": "Feature", "properties": { "code": "Β-06/022", "onomastasi": "ΜΗΤΡΟΠΟΛΙΤΟΥ ΓΕΝΝΑΔΙΟΥ", "type": "ΣΤΑΣΗ", "dimoskal": "ΘΕΣΣΑΛΟΝΙΚΗ", "lines_ejyp": " 1N,01N,02K,05,10,11,11B,14,14A,17,24,27,28A,31,33,33A,37,39,39A,58,70,70A,71,71A", "stop_type_cat": "Regular Stop", "type_rank": 4, "line_count": 24, "service_level": "Major PT node" }, "geometry": { "type": "Point", "coordinates": [ 22.9458, 40.634924 ] } },
{ "type": "Feature", "properties": { "code": "Β-06/009", "onomastasi": "ΑΡΙΣΤΟΤΕΛΟΥΣ", "type": "ΣΤΑΣΗ", "dimoskal": "ΘΕΣΣΑΛΟΝΙΚΗ", "lines_ejyp": "15", "stop_type_cat": "Regular Stop", "type_rank": 4, "line_count": 1, "service_level": "Local stop" }, "geometry": { "type": "Point", "coordinates": [ 22.942623, 40.634926 ] } },
{ "type": "Feature", "properties": { "code": "Γ-06/006", "onomastasi": "ΔΥΤΙΚΟΜΑΚΕΔΟΝΩΝ", "type": "ΣΤΑΣΗ", "dimoskal": "ΘΕΣΣΑΛΟΝΙΚΗ", "lines_ejyp": "15,25,26,35", "stop_type_cat": "Regular Stop", "type_rank": 4, "line_count": 4, "service_level": "High-service stop" }, "geometry": { "type": "Point", "coordinates": [ 22.940474, 40.63553 ] } },
{ "type": "Feature", "properties": { "code": "Β-06/010", "onomastasi": "ΑΓΟΡΑ", "type": "ΣΤΑΣΗ", "dimoskal": "ΘΕΣΣΑΛΟΝΙΚΗ", "lines_ejyp": "16,24", "stop_type_cat": "Regular Stop", "type_rank": 4, "line_count": 2, "service_level": "Multi-line stop" }, "geometry": { "type": "Point", "coordinates": [ 22.941416, 40.635696 ] } },
{ "type": "Feature", "properties": { "code": "Γ-05/039", "onomastasi": "ΛΙΜΑΝΙ", "type": "ΣΤΑΣΗ", "dimoskal": "ΘΕΣΣΑΛΟΝΙΚΗ", "lines_ejyp": "03K,15,23,39,39A", "stop_type_cat": "Regular Stop", "type_rank": 4, "line_count": 5, "service_level": "High-service stop" }, "geometry": { "type": "Point", "coordinates": [ 22.935431, 40.63565 ] } },
{ "type": "Feature", "properties": { "code": "Γ-06/003", "onomastasi": "ΠΛΑΤΕΙΑ ΕΜΠΟΡΙΟΥ", "type": "ΤΕΣ ΠΛΗΡΟΦΟΡΗΣΗ", "dimoskal": "ΘΕΣΣΑΛΟΝΙΚΗ", "lines_ejyp": "03K,05,12,16,23,26,33,33A,35,39,39A,58,70,70A", "stop_type_cat": "Info Stop", "type_rank": 3, "line_count": 14, "service_level": "Major PT node" }, "geometry": { "type": "Point", "coordinates": [ 22.937402, 40.635915 ] } },
{ "type": "Feature", "properties": { "code": "Γ-06/004", "onomastasi": "ΑΓΙΟΣ ΜΗΝΑΣ", "type": "ΣΤΑΣΗ", "dimoskal": "ΘΕΣΣΑΛΟΝΙΚΗ", "lines_ejyp": "12,16,23,24", "stop_type_cat": "Regular Stop", "type_rank": 4, "line_count": 4, "service_level": "High-service stop" }, "geometry": { "type": "Point", "coordinates": [ 22.939608, 40.636309 ] } },
{ "type": "Feature", "properties": { "code": "Γ-06/005ΤΣ", "onomastasi": "Τ.Σ. ΕΡΜΟΥ", "type": "ΤΕΡΜΑΤΙΚΟΣ ΣΤΑΘΜΟΣ ΤΕΣ", "dimoskal": "ΘΕΣΣΑΛΟΝΙΚΗ", "lines_ejyp": "20,29,29A,32,32A,57", "stop_type_cat": "Terminal Stop", "type_rank": 2, "line_count": 6, "service_level": "High-service stop" }, "geometry": { "type": "Point", "coordinates": [ 22.940291, 40.636317 ] } },
{ "type": "Feature", "properties": { "code": "Β-06/014", "onomastasi": "ΑΓΟΡΑ", "type": "ΤΕΣ ΠΛΗΡΟΦΟΡΗΣΗ", "dimoskal": "ΘΕΣΣΑΛΟΝΙΚΗ", "lines_ejyp": "23,24,58", "stop_type_cat": "Info Stop", "type_rank": 3, "line_count": 3, "service_level": "Multi-line stop" }, "geometry": { "type": "Point", "coordinates": [ 22.941522, 40.636487 ] } },
{ "type": "Feature", "properties": { "code": "Β-06/011", "onomastasi": "ΙΩΝΟΣ ΔΡΑΓΟΥΜΗ", "type": "ΣΤΑΣΗ", "dimoskal": "ΘΕΣΣΑΛΟΝΙΚΗ", "lines_ejyp": "25,25A,26,35", "stop_type_cat": "Regular Stop", "type_rank": 4, "line_count": 4, "service_level": "High-service stop" }, "geometry": { "type": "Point", "coordinates": [ 22.940312, 40.637037 ] } },
{ "type": "Feature", "properties": { "code": "Γ-05/005", "onomastasi": "ΔΗΜΟΚΡΙΤΟΣ", "type": "ΤΕΣ ΠΛΗΡΟΦΟΡΗΣΗ", "dimoskal": "ΘΕΣΣΑΛΟΝΙΚΗ", "lines_ejyp": "03K,15,23", "stop_type_cat": "Info Stop", "type_rank": 3, "line_count": 3, "service_level": "Multi-line stop" }, "geometry": { "type": "Point", "coordinates": [ 22.936161, 40.637767 ] } },
{ "type": "Feature", "properties": { "code": "Β-05/073", "onomastasi": "ΑΝΤΙΓΟΝΙΔΩΝ", "type": "ΣΤΑΣΗ", "dimoskal": "ΘΕΣΣΑΛΟΝΙΚΗ", "lines_ejyp": " 1N,01N,02K,05,10,11,11B,12,14,14A,17,20,21,21A,23,25,25A,27,29,29A,31,32,32A,33,33A,34,35,37,38,39,39A,45,45A,45B,57,57Y,58,68,70,70A,71,71A,83,83B,83T", "stop_type_cat": "Regular Stop", "type_rank": 4, "line_count": 45, "service_level": "Major PT node" }, "geometry": { "type": "Point", "coordinates": [ 22.939329, 40.638255 ] } },
{ "type": "Feature", "properties": { "code": "Β-06/019", "onomastasi": "Τ.Σ. ΑΡΙΣΤΟΤΕΛΟΥΣ ΤΕΡΜΑ ΠΕΤΑΛΟ", "type": "ΤΕΡΜΑΤΙΚΟΣ ΣΤΑΘΜΟΣ ΤΕΣ", "dimoskal": "ΘΕΣΣΑΛΟΝΙΚΗ", "lines_ejyp": "20,21,21A,25,25A,29,29A,32,32A,34,38,57,57Y,68", "stop_type_cat": "Terminal Stop", "type_rank": 2, "line_count": 14, "service_level": "Major PT node" }, "geometry": { "type": "Point", "coordinates": [ 22.944047, 40.635334 ] } },
{ "type": "Feature", "properties": { "code": "Β-06/021", "onomastasi": "ΠΛΑΤΕΙΑ ΑΡΙΣΤΟΤΕΛΟΥΣ", "type": "ΤΕΣ ΠΛΗΡΟΦΟΡΗΣΗ", "dimoskal": "ΘΕΣΣΑΛΟΝΙΚΗ", "lines_ejyp": " 1N,01N,01X,02K,10,11,11B,14,14A,17,22,27,28B,31,37,39,39A,50,71,71A,83,83B,83M,83T", "stop_type_cat": "Info Stop", "type_rank": 3, "line_count": 24, "service_level": "Major PT node" }, "geometry": { "type": "Point", "coordinates": [ 22.944863, 40.635664 ] } },
{ "type": "Feature", "properties": { "code": "Β-06/017", "onomastasi": "ΠΛΑΤΕΙΑ ΑΡΙΣΤΟΤΕΛΟΥΣ", "type": "ΤΕΣ ΠΛΗΡΟΦΟΡΗΣΗ", "dimoskal": "ΘΕΣΣΑΛΟΝΙΚΗ", "lines_ejyp": " 1N,01N,01X,02K,05,10,11,11B,14,14A,17,21,21A,24,27,28A,29,29A,31,32,32A,33,33A,34,37,38,39,39A,45,45A,45B,58,70,70A,71,71A,83,83A,83B,83T,83X", "stop_type_cat": "Info Stop", "type_rank": 3, "line_count": 41, "service_level": "Major PT node" }, "geometry": { "type": "Point", "coordinates": [ 22.943258, 40.636208 ] } },
{ "type": "Feature", "properties": { "code": "Β-06/016", "onomastasi": "ΑΛΚΑΖΑΡ", "type": "ΣΤΑΣΗ", "dimoskal": "ΘΕΣΣΑΛΟΝΙΚΗ", "lines_ejyp": " 1N,01N,02K,10,11,11B,14,14A,17,22,27,28B,31,37,39,39A,45,45A,45B,71,71A", "stop_type_cat": "Regular Stop", "type_rank": 4, "line_count": 21, "service_level": "Major PT node" }, "geometry": { "type": "Point", "coordinates": [ 22.943413, 40.636376 ] } },
{ "type": "Feature", "properties": { "code": "Β-06/103", "onomastasi": "ΦΙΛΙΠΠΟΥ", "type": "ΣΤΑΣΗ", "dimoskal": "ΘΕΣΣΑΛΟΝΙΚΗ", "lines_ejyp": "22", "stop_type_cat": "Regular Stop", "type_rank": 4, "line_count": 1, "service_level": "Local stop" }, "geometry": { "type": "Point", "coordinates": [ 22.945429, 40.637224 ] } },
{ "type": "Feature", "properties": { "code": "Β-06/040", "onomastasi": "ΑΓΙΟΣ ΔΗΜΗΤΡΙΟΣ", "type": "ΤΕΣ ΠΛΗΡΟΦΟΡΗΣΗ", "dimoskal": "ΘΕΣΣΑΛΟΝΙΚΗ", "lines_ejyp": "16,22,23,24,32N,50", "stop_type_cat": "Info Stop", "type_rank": 3, "line_count": 6, "service_level": "High-service stop" }, "geometry": { "type": "Point", "coordinates": [ 22.948167, 40.63816 ] } },
{ "type": "Feature", "properties": { "code": "Β-06/102", "onomastasi": "ΕΡΓΑΤΙΚΟ ΚΕΝΤΡΟ ΘΕΣΣΑΛΟΝΙΚΗΣ", "type": "ΣΤΑΣΗ", "dimoskal": "ΘΕΣΣΑΛΟΝΙΚΗ", "lines_ejyp": "22", "stop_type_cat": "Regular Stop", "type_rank": 4, "line_count": 1, "service_level": "Local stop" }, "geometry": { "type": "Point", "coordinates": [ 22.946359, 40.638243 ] } },
{ "type": "Feature", "properties": { "code": "Β-06/043", "onomastasi": "ΑΙΓΛΗ", "type": "ΤΕΣ ΠΛΗΡΟΦΟΡΗΣΗ", "dimoskal": "ΘΕΣΣΑΛΟΝΙΚΗ", "lines_ejyp": "15,22,23,24,32N,50", "stop_type_cat": "Info Stop", "type_rank": 3, "line_count": 6, "service_level": "High-service stop" }, "geometry": { "type": "Point", "coordinates": [ 22.949389, 40.638884 ] } },
{ "type": "Feature", "properties": { "code": "Β-06/041", "onomastasi": "ΔΙΟΙΚΗΤΗΡΙΟ", "type": "ΤΕΣ ΠΛΗΡΟΦΟΡΗΣΗ", "dimoskal": "ΘΕΣΣΑΛΟΝΙΚΗ", "lines_ejyp": "16,23,24,32N,50", "stop_type_cat": "Info Stop", "type_rank": 3, "line_count": 5, "service_level": "High-service stop" }, "geometry": { "type": "Point", "coordinates": [ 22.945175, 40.639656 ] } },
{ "type": "Feature", "properties": { "code": "Β-06/042", "onomastasi": "ΔΙΟΙΚΗΤΗΡΙΟ", "type": "ΣΤΑΣΗ", "dimoskal": "ΘΕΣΣΑΛΟΝΙΚΗ", "lines_ejyp": "15,23,24,32N", "stop_type_cat": "Regular Stop", "type_rank": 4, "line_count": 4, "service_level": "High-service stop" }, "geometry": { "type": "Point", "coordinates": [ 22.946107, 40.64055 ] } },
{ "type": "Feature", "properties": { "code": "Γ-05/029", "onomastasi": "ΔΙΟΙΚΗΤΙΚΑ ΔΙΚΑΣΤΗΡΙΑ", "type": "ΤΕΣ ΠΛΗΡΟΦΟΡΗΣΗ", "dimoskal": "ΘΕΣΣΑΛΟΝΙΚΗ", "lines_ejyp": "03K,05,12,16,23,26,31,33,33A,35,39,39A,40,40A,58,70,70A", "stop_type_cat": "Info Stop", "type_rank": 3, "line_count": 17, "service_level": "Major PT node" }, "geometry": { "type": "Point", "coordinates": [ 22.935058, 40.637171 ] } },
{ "type": "Feature", "properties": { "code": "Γ-05/004", "onomastasi": "Ι.Κ.Α", "type": "ΣΤΑΣΗ", "dimoskal": "ΘΕΣΣΑΛΟΝΙΚΗ", "lines_ejyp": "03K,05,12,16,23,26,33,33A,35,39,39A,58,70,70A", "stop_type_cat": "Regular Stop", "type_rank": 4, "line_count": 14, "service_level": "Major PT node" }, "geometry": { "type": "Point", "coordinates": [ 22.9324, 40.638625 ] } },
{ "type": "Feature", "properties": { "code": "Γ-05/028", "onomastasi": "ΓΕΦΥΡΑΚΙΑ", "type": "ΣΤΑΣΗ", "dimoskal": "ΘΕΣΣΑΛΟΝΙΚΗ", "lines_ejyp": "31,40,40A", "stop_type_cat": "Regular Stop", "type_rank": 4, "line_count": 3, "service_level": "Multi-line stop" }, "geometry": { "type": "Point", "coordinates": [ 22.929615, 40.63966 ] } },
{ "type": "Feature", "properties": { "code": "Γ-05/027", "onomastasi": "ΚΕΝΤΡΟ ΔΙΕΡΧΟΜΕΝΩΝ", "type": "ΣΤΑΣΗ", "dimoskal": "ΘΕΣΣΑΛΟΝΙΚΗ", "lines_ejyp": "31,40,40A,40K", "stop_type_cat": "Regular Stop", "type_rank": 4, "line_count": 4, "service_level": "High-service stop" }, "geometry": { "type": "Point", "coordinates": [ 22.925991, 40.639807 ] } },
{ "type": "Feature", "properties": { "code": "Γ-05/030ΤΣ", "onomastasi": "Τ.Σ. ΝΕΑ ΔΙΚΑΣΤΗΡΙΑ", "type": "ΤΕΡΜΑΤΙΚΟΣ ΣΤΑΘΜΟΣ ΤΕΣ", "dimoskal": "ΘΕΣΣΑΛΟΝΙΚΗ", "lines_ejyp": "39,39A,58", "stop_type_cat": "Terminal Stop", "type_rank": 2, "line_count": 3, "service_level": "Multi-line stop" }, "geometry": { "type": "Point", "coordinates": [ 22.932974, 40.640031 ] } },
{ "type": "Feature", "properties": { "code": "Γ-05/030", "onomastasi": "ΝΕΑ ΔΙΚΑΣΤΗΡΙΑ", "type": "ΤΕΣ ΠΛΗΡΟΦΟΡΗΣΗ", "dimoskal": "ΘΕΣΣΑΛΟΝΙΚΗ", "lines_ejyp": "05,12,16,26,31,33,33A,35,40,40A,40K", "stop_type_cat": "Info Stop", "type_rank": 3, "line_count": 11, "service_level": "Major PT node" }, "geometry": { "type": "Point", "coordinates": [ 22.933818, 40.64005 ] } },
{ "type": "Feature", "properties": { "code": "Γ-05/026", "onomastasi": "ΚΕΝΤΡΟ ΔΙΕΡΧΟΜΕΝΩΝ", "type": "ΣΤΑΣΗ", "dimoskal": "ΘΕΣΣΑΛΟΝΙΚΗ", "lines_ejyp": "31,40,40A", "stop_type_cat": "Regular Stop", "type_rank": 4, "line_count": 3, "service_level": "Multi-line stop" }, "geometry": { "type": "Point", "coordinates": [ 22.926006, 40.63998 ] } },
{ "type": "Feature", "properties": { "code": null, "onomastasi": "ΠΛΑΤΕΙΑ ΔΗΜΟΚΡΑΤΙΑΣ", "type": "ΣΤΑΣΗ", "dimoskal": "ΘΕΣΣΑΛΟΝΙΚΗ", "lines_ejyp": "01Ν,1Ν,02Κ,03Κ,10,14Α,21,23,37,40,40Α,45,45Α,45Β,70,70Α,71,71Α", "stop_type_cat": "Regular Stop", "type_rank": 4, "line_count": 18, "service_level": "Major PT node" }, "geometry": { "type": "Point", "coordinates": [ 22.933771, 40.641115 ] } },
{ "type": "Feature", "properties": { "code": "Γ-05/041", "onomastasi": "ΠΛΑΤΕΙΑ ΔΗΜΟΚΡΑΤΙΑΣ", "type": "ΣΤΑΣΗ", "dimoskal": "ΘΕΣΣΑΛΟΝΙΚΗ", "lines_ejyp": " 1N,01N,02K,10,11,11B,14,14A,17,21,21A,37,40,40A,40K,71,71A", "stop_type_cat": "Regular Stop", "type_rank": 4, "line_count": 17, "service_level": "Major PT node" }, "geometry": { "type": "Point", "coordinates": [ 22.933629, 40.641487 ] } },
{ "type": "Feature", "properties": { "code": "Γ-05/020", "onomastasi": "ΠΑΛΙΟΣ ΣΙΔΗΡΟΔΡΟΜΙΚΟΣ ΣΤΑΘΜΟΣ", "type": "ΣΤΑΣΗ", "dimoskal": "ΘΕΣΣΑΛΟΝΙΚΗ", "lines_ejyp": "12", "stop_type_cat": "Regular Stop", "type_rank": 4, "line_count": 1, "service_level": "Local stop" }, "geometry": { "type": "Point", "coordinates": [ 22.925782, 40.641468 ] } },
{ "type": "Feature", "properties": { "code": "Β-06/012", "onomastasi": "ΙΩΝΟΣ ΔΡΑΓΟΥΜΗ", "type": "ΣΤΑΣΗ", "dimoskal": "ΘΕΣΣΑΛΟΝΙΚΗ", "lines_ejyp": "23", "stop_type_cat": "Regular Stop", "type_rank": 4, "line_count": 1, "service_level": "Local stop" }, "geometry": { "type": "Point", "coordinates": [ 22.94165, 40.638479 ] } },
{ "type": "Feature", "properties": { "code": "Β-05/067", "onomastasi": "ΑΝΤΙΓΟΝΙΔΩΝ", "type": "ΤΕΣ ΠΛΗΡΟΦΟΡΗΣΗ", "dimoskal": "ΘΕΣΣΑΛΟΝΙΚΗ", "lines_ejyp": " 1N,01N,02K,10,11,11B,14,14A,17,20,21,21A,22,25,26,27,28B,29,31,32,32A,34,35,37,38,39,39A,57,57Y,68,71,71A,83,83B,83M,83T", "stop_type_cat": "Info Stop", "type_rank": 3, "line_count": 36, "service_level": "Major PT node" }, "geometry": { "type": "Point", "coordinates": [ 22.93944, 40.638473 ] } },
{ "type": "Feature", "properties": { "code": "Γ-05/038", "onomastasi": "ΦΡΑΓΚΩΝ", "type": "ΣΤΑΣΗ", "dimoskal": "ΘΕΣΣΑΛΟΝΙΚΗ", "lines_ejyp": "31,39,39A,39Β,40,40A,44,45Υ", "stop_type_cat": "Regular Stop", "type_rank": 4, "line_count": 8, "service_level": "Major PT node" }, "geometry": { "type": "Point", "coordinates": [ 22.935994, 40.638657 ] } },
{ "type": "Feature", "properties": { "code": "Γ-05/007", "onomastasi": "ΚΟΛΟΜΒΟΥ", "type": "ΤΕΣ ΠΛΗΡΟΦΟΡΗΣΗ", "dimoskal": "ΘΕΣΣΑΛΟΝΙΚΗ", "lines_ejyp": " 1N,01N,01X,02K,05,10,11,11B,12,14,14A,17,20,21,21A,23,25,25A,27,29,29A,31,32,32A,33,33A,34,35,37,38,39,39A,45,45A,45B,57,57Y,58,70,70A,71,71A,83A,83B,83T,83X", "stop_type_cat": "Info Stop", "type_rank": 3, "line_count": 46, "service_level": "Major PT node" }, "geometry": { "type": "Point", "coordinates": [ 22.93786, 40.639095 ] } },
{ "type": "Feature", "properties": { "code": "Β-05/001", "onomastasi": "ΑΝΤΙΓΟΝΙΔΩΝ", "type": "ΣΤΑΣΗ", "dimoskal": "ΘΕΣΣΑΛΟΝΙΚΗ", "lines_ejyp": "15,26,28A", "stop_type_cat": "Regular Stop", "type_rank": 4, "line_count": 3, "service_level": "Multi-line stop" }, "geometry": { "type": "Point", "coordinates": [ 22.938948, 40.639115 ] } },
{ "type": "Feature", "properties": { "code": "Γ-05/006", "onomastasi": "ΚΟΛΟΜΒΟΥ", "type": "ΤΕΣ ΠΛΗΡΟΦΟΡΗΣΗ", "dimoskal": "ΘΕΣΣΑΛΟΝΙΚΗ", "lines_ejyp": " 1N,01N,01X,02K,10,11,11B,14,14A,17,20,21,21A,25,26,27,29,32,32A,34,35,37,38,45,45A,45B,57,57Y,71,71A,83B,83M,83T", "stop_type_cat": "Info Stop", "type_rank": 3, "line_count": 33, "service_level": "Major PT node" }, "geometry": { "type": "Point", "coordinates": [ 22.937032, 40.639729 ] } },
{ "type": "Feature", "properties": { "code": "Γ-05/001", "onomastasi": "ΠΛΑΤΕΙΑ ΔΗΜΟΚΡΑΤΙΑΣ", "type": "ΣΤΑΣΗ", "dimoskal": "ΘΕΣΣΑΛΟΝΙΚΗ", "lines_ejyp": "", "stop_type_cat": "Regular Stop", "type_rank": 4, "line_count": 0, "service_level": "Unknown service" }, "geometry": { "type": "Point", "coordinates": [ 22.935641, 40.639929 ] } },
{ "type": "Feature", "properties": { "code": "Β-05/002", "onomastasi": "ΠΛΑΤΕΙΑ ΔΗΜΟΚΡΑΤΙΑΣ", "type": "ΣΤΑΣΗ", "dimoskal": "ΘΕΣΣΑΛΟΝΙΚΗ", "lines_ejyp": "16", "stop_type_cat": "Regular Stop", "type_rank": 4, "line_count": 1, "service_level": "Local stop" }, "geometry": { "type": "Point", "coordinates": [ 22.938121, 40.640253 ] } },
{ "type": "Feature", "properties": { "code": "Β-05/004", "onomastasi": "ΠΛΑΤΕΙΑ ΑΝΤΙΓΟΝΙΔΩΝ", "type": "ΣΤΑΣΗ", "dimoskal": "ΘΕΣΣΑΛΟΝΙΚΗ", "lines_ejyp": "16,22,23,28B", "stop_type_cat": "Regular Stop", "type_rank": 4, "line_count": 4, "service_level": "High-service stop" }, "geometry": { "type": "Point", "coordinates": [ 22.940849, 40.640439 ] } },
{ "type": "Feature", "properties": { "code": "Β-05/005", "onomastasi": "ΠΛΑΤΕΙΑ ΑΝΤΙΓΟΝΙΔΩΝ", "type": "ΣΤΑΣΗ", "dimoskal": "ΘΕΣΣΑΛΟΝΙΚΗ", "lines_ejyp": "15", "stop_type_cat": "Regular Stop", "type_rank": 4, "line_count": 1, "service_level": "Local stop" }, "geometry": { "type": "Point", "coordinates": [ 22.941215, 40.640543 ] } },
{ "type": "Feature", "properties": { "code": "Β-06/106", "onomastasi": "ΔΙΟΙΚΗΤΗΡΙΟ", "type": "ΣΤΑΣΗ", "dimoskal": "ΘΕΣΣΑΛΟΝΙΚΗ", "lines_ejyp": "22", "stop_type_cat": "Regular Stop", "type_rank": 4, "line_count": 1, "service_level": "Local stop" }, "geometry": { "type": "Point", "coordinates": [ 22.945128, 40.64066 ] } },
{ "type": "Feature", "properties": { "code": "Β-06/106 b", "onomastasi": "ΔΙΟΙΚΗΤΗΡΙΟ", "type": "ΣΤΑΣΗ", "dimoskal": "ΘΕΣΣΑΛΟΝΙΚΗ", "lines_ejyp": "22", "stop_type_cat": "Regular Stop", "type_rank": 4, "line_count": 1, "service_level": "Local stop" }, "geometry": { "type": "Point", "coordinates": [ 22.945131, 40.640704 ] } },
{ "type": "Feature", "properties": { "code": "Β-06/105", "onomastasi": "ΠΡΟΞΕΝΩΝ", "type": "ΣΤΑΣΗ", "dimoskal": "ΘΕΣΣΑΛΟΝΙΚΗ", "lines_ejyp": "15,22,23,24", "stop_type_cat": "Regular Stop", "type_rank": 4, "line_count": 4, "service_level": "High-service stop" }, "geometry": { "type": "Point", "coordinates": [ 22.943917, 40.640969 ] } },
{ "type": "Feature", "properties": { "code": "Β-05/074", "onomastasi": "ΣΤΡΑΤΗΓΟΥ ΔΟΥΜΠΙΩΤΗ", "type": "ΣΤΑΣΗ", "dimoskal": "ΘΕΣΣΑΛΟΝΙΚΗ", "lines_ejyp": "28B", "stop_type_cat": "Regular Stop", "type_rank": 4, "line_count": 1, "service_level": "Local stop" }, "geometry": { "type": "Point", "coordinates": [ 22.942762, 40.641565 ] } },
{ "type": "Feature", "properties": { "code": "Β-06/108", "onomastasi": "ΠΑΙΣΙΟΥ ΜΟΝΑΧΟΥ", "type": "ΣΤΑΣΗ", "dimoskal": "ΘΕΣΣΑΛΟΝΙΚΗ", "lines_ejyp": "22", "stop_type_cat": "Regular Stop", "type_rank": 4, "line_count": 1, "service_level": "Local stop" }, "geometry": { "type": "Point", "coordinates": [ 22.946382, 40.642043 ] } },
{ "type": "Feature", "properties": { "code": "Β-06/107", "onomastasi": "ΑΘΩΝΟΣ", "type": "ΣΤΑΣΗ", "dimoskal": "ΘΕΣΣΑΛΟΝΙΚΗ", "lines_ejyp": "22", "stop_type_cat": "Regular Stop", "type_rank": 4, "line_count": 1, "service_level": "Local stop" }, "geometry": { "type": "Point", "coordinates": [ 22.947117, 40.642121 ] } },
{ "type": "Feature", "properties": { "code": "Β-06/104 b", "onomastasi": "ΡΑΚΤΙΒΑΝ 2", "type": "ΣΤΑΣΗ", "dimoskal": "ΘΕΣΣΑΛΟΝΙΚΗ", "lines_ejyp": "22", "stop_type_cat": "Regular Stop", "type_rank": 4, "line_count": 1, "service_level": "Local stop" }, "geometry": { "type": "Point", "coordinates": [ 22.945418, 40.6424 ] } },
{ "type": "Feature", "properties": { "code": "Β-06/104", "onomastasi": "ΡΑΚΤΙΒΑΝ 2", "type": "ΣΤΑΣΗ", "dimoskal": "ΘΕΣΣΑΛΟΝΙΚΗ", "lines_ejyp": "22", "stop_type_cat": "Regular Stop", "type_rank": 4, "line_count": 1, "service_level": "Local stop" }, "geometry": { "type": "Point", "coordinates": [ 22.945463, 40.642442 ] } },
{ "type": "Feature", "properties": { "code": "Β-06/081", "onomastasi": "ΤΣΙΝΑΡΙ", "type": "ΣΤΑΣΗ", "dimoskal": "ΘΕΣΣΑΛΟΝΙΚΗ", "lines_ejyp": "22", "stop_type_cat": "Regular Stop", "type_rank": 4, "line_count": 1, "service_level": "Local stop" }, "geometry": { "type": "Point", "coordinates": [ 22.948216, 40.642656 ] } },
{ "type": "Feature", "properties": { "code": "Β-06/110", "onomastasi": "ΠΗΛΕΩΣ", "type": "ΣΤΑΣΗ", "dimoskal": "ΘΕΣΣΑΛΟΝΙΚΗ", "lines_ejyp": "22", "stop_type_cat": "Regular Stop", "type_rank": 4, "line_count": 1, "service_level": "Local stop" }, "geometry": { "type": "Point", "coordinates": [ 22.94917, 40.642802 ] } },
{ "type": "Feature", "properties": { "code": "Γ-05/009", "onomastasi": "ΠΛΑΤΕΙΑ ΔΗΜΟΚΡΑΤΙΑΣ", "type": "ΤΕΣ ΠΛΗΡΟΦΟΡΗΣΗ", "dimoskal": "ΘΕΣΣΑΛΟΝΙΚΗ", "lines_ejyp": "20,25,25A,27,29,29A,32,32A,34,35,38,57,57Y,83,83A,83B,83T,83X", "stop_type_cat": "Info Stop", "type_rank": 3, "line_count": 18, "service_level": "Major PT node" }, "geometry": { "type": "Point", "coordinates": [ 22.935089, 40.64187 ] } },
{ "type": "Feature", "properties": { "code": "Γ-05/040", "onomastasi": "ΖΩΓΡΑΦΟΥ", "type": "ΣΤΑΣΗ", "dimoskal": "ΘΕΣΣΑΛΟΝΙΚΗ", "lines_ejyp": "37,38,40,40A,56,56A,64,64A,64E,64K", "stop_type_cat": "Regular Stop", "type_rank": 4, "line_count": 10, "service_level": "Major PT node" }, "geometry": { "type": "Point", "coordinates": [ 22.931222, 40.642292 ] } },
{ "type": "Feature", "properties": { "code": "Γ-05/017", "onomastasi": "ΖΩΓΡΑΦΟΥ", "type": "ΣΤΑΣΗ", "dimoskal": "ΘΕΣΣΑΛΟΝΙΚΗ", "lines_ejyp": " 1N,01N,01X,02K,03K,08,10,11,11B,14,14A,17,23,37,68,70,70A,71,71A", "stop_type_cat": "Regular Stop", "type_rank": 4, "line_count": 19, "service_level": "Major PT node" }, "geometry": { "type": "Point", "coordinates": [ 22.930793, 40.642525 ] } },
{ "type": "Feature", "properties": { "code": "Γ-05/035", "onomastasi": "ΑΝΑΓΕΝΝΗΣΕΩΣ", "type": "ΣΤΑΣΗ", "dimoskal": "ΘΕΣΣΑΛΟΝΙΚΗ", "lines_ejyp": "03K,12,23,70,70A", "stop_type_cat": "Regular Stop", "type_rank": 4, "line_count": 5, "service_level": "High-service stop" }, "geometry": { "type": "Point", "coordinates": [ 22.927982, 40.642806 ] } },
{ "type": "Feature", "properties": { "code": "Γ-05/014", "onomastasi": "ΜΙΧΑΗΛ ΚΑΛΟΥ", "type": "ΣΤΑΣΗ", "dimoskal": "ΘΕΣΣΑΛΟΝΙΚΗ", "lines_ejyp": "09A,21,21A,38,56,56A,64,64A,64B,64E,64K,84,84A,84B", "stop_type_cat": "Regular Stop", "type_rank": 4, "line_count": 14, "service_level": "Major PT node" }, "geometry": { "type": "Point", "coordinates": [ 22.9322, 40.643609 ] } },
{ "type": "Feature", "properties": { "code": "Γ-05/013", "onomastasi": "ΜΙΧΑΗΛ ΚΑΛΟΥ", "type": "ΣΤΑΣΗ", "dimoskal": "ΘΕΣΣΑΛΟΝΙΚΗ", "lines_ejyp": "09A,21,21A,38,56,56A,64,64A,64B,64E,64K,84,84A,84B", "stop_type_cat": "Regular Stop", "type_rank": 4, "line_count": 14, "service_level": "Major PT node" }, "geometry": { "type": "Point", "coordinates": [ 22.932038, 40.643669 ] } },
{ "type": "Feature", "properties": { "code": "Γ-05/019", "onomastasi": "ΝΕΟΣ ΣΙΔΗΡΟΔΡΟΜΙΚΟΣ ΣΤΑΘΜΟΣ", "type": "ΣΤΑΣΗ", "dimoskal": "ΘΕΣΣΑΛΟΝΙΚΗ", "lines_ejyp": "01Χ,02Κ,45,45Α,45Β", "stop_type_cat": "Regular Stop", "type_rank": 4, "line_count": 5, "service_level": "High-service stop" }, "geometry": { "type": "Point", "coordinates": [ 22.928678, 40.643645 ] } },
{ "type": "Feature", "properties": { "code": "Γ-05/036", "onomastasi": "ΚΤΗΝΙΑΤΡΕΙΟ", "type": "ΣΤΑΣΗ", "dimoskal": "ΘΕΣΣΑΛΟΝΙΚΗ", "lines_ejyp": "12", "stop_type_cat": "Regular Stop", "type_rank": 4, "line_count": 1, "service_level": "Local stop" }, "geometry": { "type": "Point", "coordinates": [ 22.926509, 40.644325 ] } },
{ "type": "Feature", "properties": { "code": "Γ-05/010", "onomastasi": "ΔΡΑΓΟΥΜΑΝΟΥ", "type": "ΣΤΑΣΗ", "dimoskal": "ΘΕΣΣΑΛΟΝΙΚΗ", "lines_ejyp": "20,32,32A,32N,34,84,84A,84B", "stop_type_cat": "Regular Stop", "type_rank": 4, "line_count": 8, "service_level": "Major PT node" }, "geometry": { "type": "Point", "coordinates": [ 22.93464, 40.644572 ] } },
{ "type": "Feature", "properties": { "code": "Γ-05/037 Κ", "onomastasi": "ΝΕΟΣ ΣΙΔΗΡΟΔΡΟΜΙΚΟΣ ΣΤΑΘΜΟΣ", "type": "ΣΤΑΣΗ", "dimoskal": "ΘΕΣΣΑΛΟΝΙΚΗ", "lines_ejyp": " 1N,01N,01X,02K,45,45A,45B", "stop_type_cat": "Regular Stop", "type_rank": 4, "line_count": 7, "service_level": "Major PT node" }, "geometry": { "type": "Point", "coordinates": [ 22.92804, 40.644648 ] } },
{ "type": "Feature", "properties": { "code": "Γ-09/004", "onomastasi": "ΒΑΦΟΠΟΥΛΕΙΟ", "type": "ΤΕΣ ΠΛΗΡΟΦΟΡΗΣΗ", "dimoskal": "ΘΕΣΣΑΛΟΝΙΚΗ", "lines_ejyp": "03K,05,05A,06,30,33,33A,70,70A,71,71A", "stop_type_cat": "Info Stop", "type_rank": 3, "line_count": 11, "service_level": "Major PT node" }, "geometry": { "type": "Point", "coordinates": [ 22.952982, 40.596295 ] } },
{ "type": "Feature", "properties": { "code": "Γ-09/003", "onomastasi": "25ΗΣ ΜΑΡΤΙΟΥ", "type": "ΣΤΑΣΗ", "dimoskal": "ΘΕΣΣΑΛΟΝΙΚΗ", "lines_ejyp": "30", "stop_type_cat": "Regular Stop", "type_rank": 4, "line_count": 1, "service_level": "Local stop" }, "geometry": { "type": "Point", "coordinates": [ 22.952115, 40.598246 ] } },
{ "type": "Feature", "properties": { "code": "Γ-09/017", "onomastasi": "ΑΚΤΙΝΟΛΟΓΙΚΟ ΙΚΑ", "type": "ΣΤΑΣΗ", "dimoskal": "ΘΕΣΣΑΛΟΝΙΚΗ", "lines_ejyp": "30", "stop_type_cat": "Regular Stop", "type_rank": 4, "line_count": 1, "service_level": "Local stop" }, "geometry": { "type": "Point", "coordinates": [ 22.953569, 40.599273 ] } },
{ "type": "Feature", "properties": { "code": "Γ-09/002", "onomastasi": "ΜΕΓΑΡΟ ΜΟΥΣΙΚΗΣ-25ΗΣ ΜΑΡΤΙΟΥ", "type": "ΤΕΣ ΠΛΗΡΟΦΟΡΗΣΗ", "dimoskal": "ΘΕΣΣΑΛΟΝΙΚΗ", "lines_ejyp": "01X,03K,05,05A,06,33,33A,70,70A,71,71A", "stop_type_cat": "Info Stop", "type_rank": 3, "line_count": 11, "service_level": "Major PT node" }, "geometry": { "type": "Point", "coordinates": [ 22.951484, 40.599651 ] } },
{ "type": "Feature", "properties": { "code": "Γ-09/016", "onomastasi": "ΓΕΩΡΓΙΟΥ", "type": "ΤΕΣ ΠΛΗΡΟΦΟΡΗΣΗ", "dimoskal": "ΘΕΣΣΑΛΟΝΙΚΗ", "lines_ejyp": " 1N,01N,03K,05,05A,05B,06,70,70A,71,71A", "stop_type_cat": "Info Stop", "type_rank": 3, "line_count": 11, "service_level": "Major PT node" }, "geometry": { "type": "Point", "coordinates": [ 22.953583, 40.601704 ] } },
{ "type": "Feature", "properties": { "code": "Γ-09/001", "onomastasi": "ΓΕΩΡΓΙΟΥ", "type": "ΤΕΣ ΠΛΗΡΟΦΟΡΗΣΗ", "dimoskal": "ΘΕΣΣΑΛΟΝΙΚΗ", "lines_ejyp": "03K,05,05A,06,33,33A,70,70A,71,71A", "stop_type_cat": "Info Stop", "type_rank": 3, "line_count": 10, "service_level": "Major PT node" }, "geometry": { "type": "Point", "coordinates": [ 22.950684, 40.601693 ] } },
{ "type": "Feature", "properties": { "code": "Γ-08/001", "onomastasi": "ΑΝΑΛΗΨΗ", "type": "ΤΕΣ ΠΛΗΡΟΦΟΡΗΣΗ", "dimoskal": "ΘΕΣΣΑΛΟΝΙΚΗ", "lines_ejyp": " 1N,01N,03K,05,05A,05B,06,70,70A,71,71A", "stop_type_cat": "Info Stop", "type_rank": 3, "line_count": 11, "service_level": "Major PT node" }, "geometry": { "type": "Point", "coordinates": [ 22.952912, 40.605586 ] } },
{ "type": "Feature", "properties": { "code": "Γ-08/018", "onomastasi": "ΠΕΤΡΟΥ ΣΥΝΔΙΚΑ", "type": "ΣΤΑΣΗ", "dimoskal": "ΘΕΣΣΑΛΟΝΙΚΗ", "lines_ejyp": "03K,05,05A,06,33,33A,70,70A,71,71A", "stop_type_cat": "Regular Stop", "type_rank": 4, "line_count": 10, "service_level": "Major PT node" }, "geometry": { "type": "Point", "coordinates": [ 22.950693, 40.605863 ] } },
{ "type": "Feature", "properties": { "code": "Γ-08/009", "onomastasi": "ΜΠΟΤΣΑΡΗ", "type": "ΣΤΑΣΗ", "dimoskal": "ΘΕΣΣΑΛΟΝΙΚΗ", "lines_ejyp": "03K,05,05A,06,33,33A,70,70A,71,71A", "stop_type_cat": "Regular Stop", "type_rank": 4, "line_count": 10, "service_level": "Major PT node" }, "geometry": { "type": "Point", "coordinates": [ 22.951076, 40.607467 ] } },
{ "type": "Feature", "properties": { "code": "Γ-08/002", "onomastasi": "ΜΠΟΤΣΑΡΗ", "type": "ΤΕΣ ΠΛΗΡΟΦΟΡΗΣΗ", "dimoskal": "ΘΕΣΣΑΛΟΝΙΚΗ", "lines_ejyp": " 1N,01N,03K,05,05A,05B,06,70,70A,71,71A", "stop_type_cat": "Info Stop", "type_rank": 3, "line_count": 11, "service_level": "Major PT node" }, "geometry": { "type": "Point", "coordinates": [ 22.953439, 40.60766 ] } },
{ "type": "Feature", "properties": { "code": "Γ-09/029", "onomastasi": "25ΗΣ ΜΑΡΤΙΟΥ", "type": "ΤΕΣ ΠΛΗΡΟΦΟΡΗΣΗ", "dimoskal": "ΘΕΣΣΑΛΟΝΙΚΗ", "lines_ejyp": "07,33,33A,39,39A", "stop_type_cat": "Info Stop", "type_rank": 3, "line_count": 5, "service_level": "High-service stop" }, "geometry": { "type": "Point", "coordinates": [ 22.959957, 40.599076 ] } },
{ "type": "Feature", "properties": { "code": "Γ-09/028", "onomastasi": "25ΗΣ ΜΑΡΤΙΟΥ", "type": "ΣΤΑΣΗ", "dimoskal": "ΘΕΣΣΑΛΟΝΙΚΗ", "lines_ejyp": "07,33,33A,39,39A", "stop_type_cat": "Regular Stop", "type_rank": 4, "line_count": 5, "service_level": "High-service stop" }, "geometry": { "type": "Point", "coordinates": [ 22.959713, 40.599436 ] } },
{ "type": "Feature", "properties": { "code": "Γ-09/021", "onomastasi": "ΣΤΡΑΤΩΝΕΣ", "type": "ΣΤΑΣΗ", "dimoskal": "ΘΕΣΣΑΛΟΝΙΚΗ", "lines_ejyp": "30", "stop_type_cat": "Regular Stop", "type_rank": 4, "line_count": 1, "service_level": "Local stop" }, "geometry": { "type": "Point", "coordinates": [ 22.959919, 40.601048 ] } },
{ "type": "Feature", "properties": { "code": "Γ-09/022", "onomastasi": "ΜΑΚΕΔΟΝΙΑΣ", "type": "ΣΤΑΣΗ", "dimoskal": "ΘΕΣΣΑΛΟΝΙΚΗ", "lines_ejyp": "30", "stop_type_cat": "Regular Stop", "type_rank": 4, "line_count": 1, "service_level": "Local stop" }, "geometry": { "type": "Point", "coordinates": [ 22.961901, 40.601475 ] } },
{ "type": "Feature", "properties": { "code": "Γ-09/023", "onomastasi": "ΜΑΚΕΔΟΝΙΑΣ", "type": "ΣΤΑΣΗ", "dimoskal": "ΘΕΣΣΑΛΟΝΙΚΗ", "lines_ejyp": "30", "stop_type_cat": "Regular Stop", "type_rank": 4, "line_count": 1, "service_level": "Local stop" }, "geometry": { "type": "Point", "coordinates": [ 22.962537, 40.601761 ] } },
{ "type": "Feature", "properties": { "code": "Γ-09/038", "onomastasi": "ΒΡΥΣΑΚΙ", "type": "ΣΤΑΣΗ", "dimoskal": "ΘΕΣΣΑΛΟΝΙΚΗ", "lines_ejyp": " 1N,01N,02K,10,31,32N", "stop_type_cat": "Regular Stop", "type_rank": 4, "line_count": 6, "service_level": "High-service stop" }, "geometry": { "type": "Point", "coordinates": [ 22.963969, 40.603648 ] } },
{ "type": "Feature", "properties": { "code": "Γ-09/040", "onomastasi": "ΑΝΑΛΗΨΗ", "type": "ΤΕΣ ΠΛΗΡΟΦΟΡΗΣΗ", "dimoskal": "ΘΕΣΣΑΛΟΝΙΚΗ", "lines_ejyp": "07,33,33A,39,39A", "stop_type_cat": "Info Stop", "type_rank": 3, "line_count": 5, "service_level": "High-service stop" }, "geometry": { "type": "Point", "coordinates": [ 22.959891, 40.605753 ] } },
{ "type": "Feature", "properties": { "code": "Β-09/053", "onomastasi": "ΜΠΟΤΣΑΡΗ", "type": "ΤΕΣ ΠΛΗΡΟΦΟΡΗΣΗ", "dimoskal": "ΘΕΣΣΑΛΟΝΙΚΗ", "lines_ejyp": " 1N,01N,02K,10,31,32N", "stop_type_cat": "Info Stop", "type_rank": 3, "line_count": 6, "service_level": "High-service stop" }, "geometry": { "type": "Point", "coordinates": [ 22.963702, 40.606703 ] } },
{ "type": "Feature", "properties": { "code": "Β-08/026", "onomastasi": "ΓΥΜΝΑΣΙΟ", "type": "ΣΤΑΣΗ", "dimoskal": "ΘΕΣΣΑΛΟΝΙΚΗ", "lines_ejyp": "02K,10,32N", "stop_type_cat": "Regular Stop", "type_rank": 4, "line_count": 3, "service_level": "Multi-line stop" }, "geometry": { "type": "Point", "coordinates": [ 22.963826, 40.608384 ] } },
{ "type": "Feature", "properties": { "code": "Γ-08/015", "onomastasi": "ΜΠΟΤΣΑΡΗ", "type": "ΤΕΣ ΠΛΗΡΟΦΟΡΗΣΗ", "dimoskal": "ΘΕΣΣΑΛΟΝΙΚΗ", "lines_ejyp": "33,33A,39,39A", "stop_type_cat": "Info Stop", "type_rank": 3, "line_count": 4, "service_level": "High-service stop" }, "geometry": { "type": "Point", "coordinates": [ 22.959305, 40.608468 ] } },
{ "type": "Feature", "properties": { "code": "Δ-09/003", "onomastasi": "ΒΕΡΒΕΛΙΔΗ", "type": "ΣΤΑΣΗ", "dimoskal": "ΚΑΛΑΜΑΡΙΑ", "lines_ejyp": "05,05A", "stop_type_cat": "Regular Stop", "type_rank": 4, "line_count": 2, "service_level": "Multi-line stop" }, "geometry": { "type": "Point", "coordinates": [ 22.944462, 40.588873 ] } },
{ "type": "Feature", "properties": { "code": "Δ-09/005", "onomastasi": "ΑΡΓΟΝΑΥΤΩΝ", "type": "ΣΤΑΣΗ", "dimoskal": "ΚΑΛΑΜΑΡΙΑ", "lines_ejyp": "04A,05,05A", "stop_type_cat": "Regular Stop", "type_rank": 4, "line_count": 3, "service_level": "Multi-line stop" }, "geometry": { "type": "Point", "coordinates": [ 22.948232, 40.58999 ] } },
{ "type": "Feature", "properties": { "code": "Δ-09/001", "onomastasi": "ΓΕΦΥΡΑ", "type": "ΣΤΑΣΗ", "dimoskal": "ΚΑΛΑΜΑΡΙΑ", "lines_ejyp": "05,05A", "stop_type_cat": "Regular Stop", "type_rank": 4, "line_count": 2, "service_level": "Multi-line stop" }, "geometry": { "type": "Point", "coordinates": [ 22.948116, 40.591549 ] } },
{ "type": "Feature", "properties": { "code": "Δ-09/002", "onomastasi": "ΚΑΠΕΤΑΝ ΓΚΟΝΗ", "type": "ΣΤΑΣΗ", "dimoskal": "ΚΑΛΑΜΑΡΙΑ", "lines_ejyp": "06", "stop_type_cat": "Regular Stop", "type_rank": 4, "line_count": 1, "service_level": "Local stop" }, "geometry": { "type": "Point", "coordinates": [ 22.949055, 40.591669 ] } },
{ "type": "Feature", "properties": { "code": "Β-07/054", "onomastasi": "ΛΕΥΚΟΣ ΠΥΡΓΟΣ", "type": "ΤΕΡΜΑΤΙΚΟΣ ΣΤΑΘΜΟΣ ( ΑΦΕΤΗΡΙΑ - ΤΕΡΜΑ )", "dimoskal": "ΘΕΣΣΑΛΟΝΙΚΗ", "lines_ejyp": "50", "stop_type_cat": "Terminal Stop", "type_rank": 2, "line_count": 1, "service_level": "Local stop" }, "geometry": { "type": "Point", "coordinates": [ 22.949573, 40.625789 ] } },
{ "type": "Feature", "properties": { "code": "Β-07/004", "onomastasi": "ΛΕΥΚΟΣ ΠΥΡΓΟΣ", "type": "ΤΕΣ ΠΛΗΡΟΦΟΡΗΣΗ", "dimoskal": "ΘΕΣΣΑΛΟΝΙΚΗ", "lines_ejyp": "03K,05,05A,06,15,33,33A,39,39A,78AA", "stop_type_cat": "Info Stop", "type_rank": 3, "line_count": 10, "service_level": "Major PT node" }, "geometry": { "type": "Point", "coordinates": [ 22.948327, 40.627265 ] } },
{ "type": "Feature", "properties": { "code": "Β-07/048", "onomastasi": "ΚΕΝΤΡΟ ΙΣΤΟΡΙΑΣ ΘΕΣΣΑΛΟΝΙΚΗΣ", "type": "ΤΕΣ ΠΛΗΡΟΦΟΡΗΣΗ", "dimoskal": "ΘΕΣΣΑΛΟΝΙΚΗ", "lines_ejyp": "03K,05,05A,05B,06,12,33,33A,39,39A,58,70,70A", "stop_type_cat": "Info Stop", "type_rank": 3, "line_count": 13, "service_level": "Major PT node" }, "geometry": { "type": "Point", "coordinates": [ 22.949677, 40.628674 ] } },
{ "type": "Feature", "properties": { "code": "Β-06/001", "onomastasi": "ΔΙΑΓΩΝΙΟΣ", "type": "ΤΕΣ ΠΛΗΡΟΦΟΡΗΣΗ", "dimoskal": "ΘΕΣΣΑΛΟΝΙΚΗ", "lines_ejyp": "03K,05,05A,06,12,33,33A,39,39A", "stop_type_cat": "Info Stop", "type_rank": 3, "line_count": 9, "service_level": "Major PT node" }, "geometry": { "type": "Point", "coordinates": [ 22.946149, 40.629866 ] } },
{ "type": "Feature", "properties": { "code": "Β-06/002", "onomastasi": "ΔΙΑΓΩΝΙΟΣ", "type": "ΤΕΣ ΠΛΗΡΟΦΟΡΗΣΗ", "dimoskal": "ΘΕΣΣΑΛΟΝΙΚΗ", "lines_ejyp": "03K,05,05A,05B,06,12,33,33A,39,39A,58,70,70A", "stop_type_cat": "Info Stop", "type_rank": 3, "line_count": 13, "service_level": "Major PT node" }, "geometry": { "type": "Point", "coordinates": [ 22.946896, 40.630348 ] } },
{ "type": "Feature", "properties": { "code": "Γ-06/015", "onomastasi": "ΜΗΤΡΟΠΟΛΗ", "type": "ΤΕΣ ΠΛΗΡΟΦΟΡΗΣΗ", "dimoskal": "ΘΕΣΣΑΛΟΝΙΚΗ", "lines_ejyp": "03K,05,05A,06,12,33,33A,39,39A", "stop_type_cat": "Info Stop", "type_rank": 3, "line_count": 9, "service_level": "Major PT node" }, "geometry": { "type": "Point", "coordinates": [ 22.94428, 40.631013 ] } },
{ "type": "Feature", "properties": { "code": "ΦΟΡ 7-1η", "onomastasi": "ΑΝΑΛΗΨΗ", "type": "ΦΟΡΗΤΗ ΣΤΑΣΗ", "dimoskal": "ΘΕΣΣΑΛΟΝΙΚΗ", "lines_ejyp": "", "stop_type_cat": "Regular Stop", "type_rank": 4, "line_count": 0, "service_level": "Unknown service" }, "geometry": { "type": "Point", "coordinates": [ 22.958535, 40.604223 ] } },
{ "type": "Feature", "properties": { "code": "ΦΟΡΗΤΗ", "onomastasi": "ΦΟΡΗΤΗ ΣΤΑΣΗ", "type": "ΣΤΑΣΗ", "dimoskal": "ΘΕΣΣΑΛΟΝΙΚΗ", "lines_ejyp": "07,33,39,39A", "stop_type_cat": "Regular Stop", "type_rank": 4, "line_count": 4, "service_level": "High-service stop" }, "geometry": { "type": "Point", "coordinates": [ 22.958092, 40.604892 ] } },
{ "type": "Feature", "properties": { "code": "Γ-08/014", "onomastasi": "ΜΠΟΤΣΑΡΗ", "type": "ΣΤΑΣΗ", "dimoskal": "ΘΕΣΣΑΛΟΝΙΚΗ", "lines_ejyp": "07,33,33A,39,39A", "stop_type_cat": "Regular Stop", "type_rank": 4, "line_count": 5, "service_level": "High-service stop" }, "geometry": { "type": "Point", "coordinates": [ 22.957551, 40.607944 ] } },
{ "type": "Feature", "properties": { "code": "ΦΟΡ 7-2η", "onomastasi": "ΜΠΟΤΣΑΡΗ", "type": "ΦΟΡΗΤΗ ΣΤΑΣΗ", "dimoskal": "ΘΕΣΣΑΛΟΝΙΚΗ", "lines_ejyp": "07", "stop_type_cat": "Regular Stop", "type_rank": 4, "line_count": 1, "service_level": "Local stop" }, "geometry": { "type": "Point", "coordinates": [ 22.957695, 40.608677 ] } },
{ "type": "Feature", "properties": { "code": "Γ-08/017", "onomastasi": "28ης ΟΚΤΩΒΡΙΟΥ", "type": "ΣΤΑΣΗ", "dimoskal": "ΘΕΣΣΑΛΟΝΙΚΗ", "lines_ejyp": "33,33A,39,39A", "stop_type_cat": "Regular Stop", "type_rank": 4, "line_count": 4, "service_level": "High-service stop" }, "geometry": { "type": "Point", "coordinates": [ 22.956527, 40.610403 ] } },
{ "type": "Feature", "properties": { "code": "Γ-08/013", "onomastasi": "ΜΕΤΑΜΟΡΦΩΣΗ ΤΟΥ ΣΩΤΗΡΟΣ", "type": "ΣΤΑΣΗ", "dimoskal": "ΘΕΣΣΑΛΟΝΙΚΗ", "lines_ejyp": "07,33,33A,39,39A", "stop_type_cat": "Regular Stop", "type_rank": 4, "line_count": 5, "service_level": "High-service stop" }, "geometry": { "type": "Point", "coordinates": [ 22.957385, 40.610748 ] } },
{ "type": "Feature", "properties": { "code": "ΦΟΡ 7-3η", "onomastasi": "ΦΛΕΜΙΝΓΚ", "type": "ΦΟΡΗΤΗ ΣΤΑΣΗ", "dimoskal": "ΘΕΣΣΑΛΟΝΙΚΗ", "lines_ejyp": "07", "stop_type_cat": "Regular Stop", "type_rank": 4, "line_count": 1, "service_level": "Local stop" }, "geometry": { "type": "Point", "coordinates": [ 22.957486, 40.610852 ] } },
{ "type": "Feature", "properties": { "code": "Β-08/019", "onomastasi": "ΚΑΡΑΙΣΚΑΚΗ", "type": "ΣΤΑΣΗ", "dimoskal": "ΘΕΣΣΑΛΟΝΙΚΗ", "lines_ejyp": "07", "stop_type_cat": "Regular Stop", "type_rank": 4, "line_count": 1, "service_level": "Local stop" }, "geometry": { "type": "Point", "coordinates": [ 22.957771, 40.613878 ] } },
{ "type": "Feature", "properties": { "code": "Β-08/018", "onomastasi": "ΚΑΡΑΙΣΚΑΚΗ", "type": "ΣΤΑΣΗ", "dimoskal": "ΘΕΣΣΑΛΟΝΙΚΗ", "lines_ejyp": "07,33,33A,39,39A", "stop_type_cat": "Regular Stop", "type_rank": 4, "line_count": 5, "service_level": "High-service stop" }, "geometry": { "type": "Point", "coordinates": [ 22.957833, 40.614711 ] } },
{ "type": "Feature", "properties": { "code": "Β-08/016", "onomastasi": "ΦΑΛΗΡΟ", "type": "ΣΤΑΣΗ", "dimoskal": "ΘΕΣΣΑΛΟΝΙΚΗ", "lines_ejyp": "07", "stop_type_cat": "Regular Stop", "type_rank": 4, "line_count": 1, "service_level": "Local stop" }, "geometry": { "type": "Point", "coordinates": [ 22.958707, 40.616824 ] } },
{ "type": "Feature", "properties": { "code": "Γ-08/008", "onomastasi": "ΛΑΟΓΡΑΦΙΚΟ ΜΟΥΣΕΙΟ", "type": "ΤΕΣ ΠΛΗΡΟΦΟΡΗΣΗ", "dimoskal": "ΘΕΣΣΑΛΟΝΙΚΗ", "lines_ejyp": "01X,03K,05,05A,06,33,33A,70,70A,71,71A", "stop_type_cat": "Info Stop", "type_rank": 3, "line_count": 11, "service_level": "Major PT node" }, "geometry": { "type": "Point", "coordinates": [ 22.951545, 40.610055 ] } },
{ "type": "Feature", "properties": { "code": "Γ-08/003", "onomastasi": "ΛΑΟΓΡΑΦΙΚΟ ΜΟΥΣΕΙΟ", "type": "ΤΕΣ ΠΛΗΡΟΦΟΡΗΣΗ", "dimoskal": "ΘΕΣΣΑΛΟΝΙΚΗ", "lines_ejyp": " 1N,01N,01X,03K,05,05A,05B,06,33,33A,39,39A,70,70A,71,71A", "stop_type_cat": "Info Stop", "type_rank": 3, "line_count": 16, "service_level": "Major PT node" }, "geometry": { "type": "Point", "coordinates": [ 22.9538, 40.610905 ] } },
{ "type": "Feature", "properties": { "code": "Γ-08/004", "onomastasi": "ΣΧΟΛΗ ΤΥΦΛΩΝ", "type": "ΤΕΣ ΠΛΗΡΟΦΟΡΗΣΗ", "dimoskal": "ΘΕΣΣΑΛΟΝΙΚΗ", "lines_ejyp": " 1N,01N,01X,03K,05,05A,05B,06,33,33A,39,39A,70,70A,71,71A", "stop_type_cat": "Info Stop", "type_rank": 3, "line_count": 16, "service_level": "Major PT node" }, "geometry": { "type": "Point", "coordinates": [ 22.954168, 40.614055 ] } },
{ "type": "Feature", "properties": { "code": "Γ-08/007", "onomastasi": "ΣΧΟΛΗ ΤΥΦΛΩΝ", "type": "ΣΤΑΣΗ", "dimoskal": "ΘΕΣΣΑΛΟΝΙΚΗ", "lines_ejyp": "01X,03K,05,05A,06,33,33A,70,70A,71,71A", "stop_type_cat": "Regular Stop", "type_rank": 4, "line_count": 11, "service_level": "Major PT node" }, "geometry": { "type": "Point", "coordinates": [ 22.952406, 40.614525 ] } },
{ "type": "Feature", "properties": { "code": "Γ-08/006", "onomastasi": "ΦΑΛΗΡΟ", "type": "ΣΤΑΣΗ", "dimoskal": "ΘΕΣΣΑΛΟΝΙΚΗ", "lines_ejyp": "01X,03K,05,05A,06,33,33A,70,70A,71,71A", "stop_type_cat": "Regular Stop", "type_rank": 4, "line_count": 11, "service_level": "Major PT node" }, "geometry": { "type": "Point", "coordinates": [ 22.952697, 40.61637 ] } },
{ "type": "Feature", "properties": { "code": "Γ-07/001", "onomastasi": "ΕΥΖΩΝΩΝ", "type": "ΣΤΑΣΗ", "dimoskal": "ΘΕΣΣΑΛΟΝΙΚΗ", "lines_ejyp": "03K,05,05A,06,33,33A,70,70A,71,71A", "stop_type_cat": "Regular Stop", "type_rank": 4, "line_count": 10, "service_level": "Major PT node" }, "geometry": { "type": "Point", "coordinates": [ 22.9526, 40.619926 ] } },
{ "type": "Feature", "properties": { "code": "Β-07/001", "onomastasi": "ΕΥΖΩΝΩΝ", "type": "ΤΕΣ ΠΛΗΡΟΦΟΡΗΣΗ", "dimoskal": "ΘΕΣΣΑΛΟΝΙΚΗ", "lines_ejyp": " 1N,01N,03K,05,05A,05B,06,33,33A,39,39A,70,70A,71,71A", "stop_type_cat": "Info Stop", "type_rank": 3, "line_count": 15, "service_level": "Major PT node" }, "geometry": { "type": "Point", "coordinates": [ 22.953998, 40.620803 ] } },
{ "type": "Feature", "properties": { "code": "Β-07/007", "onomastasi": "ΔΗΜΑΡΧΙΑΚΟ ΜΕΓΑΡΟ", "type": "ΤΕΣ ΠΛΗΡΟΦΟΡΗΣΗ", "dimoskal": "ΘΕΣΣΑΛΟΝΙΚΗ", "lines_ejyp": "01X,03K,05,05A,06,33,33A,70,70A,71,71A,78AA", "stop_type_cat": "Info Stop", "type_rank": 3, "line_count": 12, "service_level": "Major PT node" }, "geometry": { "type": "Point", "coordinates": [ 22.951836, 40.62255 ] } },
{ "type": "Feature", "properties": { "code": "Β-07/057", "onomastasi": "ΔΗΜΑΡΧΙΑΚΟ ΜΕΓΑΡΟ", "type": "ΤΕΣ ΠΛΗΡΟΦΟΡΗΣΗ", "dimoskal": "ΘΕΣΣΑΛΟΝΙΚΗ", "lines_ejyp": " 1N,01N,01X,03K,05,05A,05B,06,33,33A,39,39A,70,70A,71,71A", "stop_type_cat": "Info Stop", "type_rank": 3, "line_count": 16, "service_level": "Major PT node" }, "geometry": { "type": "Point", "coordinates": [ 22.953227, 40.623111 ] } },
{ "type": "Feature", "properties": { "code": "Β-07/055", "onomastasi": "ΜΟΥΣΕΙΑ", "type": "ΣΤΑΣΗ", "dimoskal": "ΘΕΣΣΑΛΟΝΙΚΗ", "lines_ejyp": "50", "stop_type_cat": "Regular Stop", "type_rank": 4, "line_count": 1, "service_level": "Local stop" }, "geometry": { "type": "Point", "coordinates": [ 22.952981, 40.625055 ] } },
{ "type": "Feature", "properties": { "code": "Β-08/004", "onomastasi": "ΕΥΚΛΕΙΔΗΣ", "type": "ΣΤΑΣΗ", "dimoskal": "ΘΕΣΣΑΛΟΝΙΚΗ", "lines_ejyp": "10,11,11B,58", "stop_type_cat": "Regular Stop", "type_rank": 4, "line_count": 4, "service_level": "High-service stop" }, "geometry": { "type": "Point", "coordinates": [ 22.961797, 40.615686 ] } },
{ "type": "Feature", "properties": { "code": "Β-08/003", "onomastasi": "ΕΥΚΛΕΙΔΗΣ", "type": "ΣΤΑΣΗ", "dimoskal": "ΘΕΣΣΑΛΟΝΙΚΗ", "lines_ejyp": "10,11,11B", "stop_type_cat": "Regular Stop", "type_rank": 4, "line_count": 3, "service_level": "Multi-line stop" }, "geometry": { "type": "Point", "coordinates": [ 22.961198, 40.616054 ] } },
{ "type": "Feature", "properties": { "code": "Β-08/022", "onomastasi": "ΘΕΑΓΕΝΕΙΟ", "type": "ΣΤΑΣΗ", "dimoskal": "ΘΕΣΣΑΛΟΝΙΚΗ", "lines_ejyp": "02K,32N", "stop_type_cat": "Regular Stop", "type_rank": 4, "line_count": 2, "service_level": "Multi-line stop" }, "geometry": { "type": "Point", "coordinates": [ 22.963036, 40.616385 ] } },
{ "type": "Feature", "properties": { "code": "Β-08/021", "onomastasi": "ΘΕΑΓΕΝΕΙΟ", "type": "ΤΕΣ ΠΛΗΡΟΦΟΡΗΣΗ", "dimoskal": "ΘΕΣΣΑΛΟΝΙΚΗ", "lines_ejyp": " 1N,01N,02K,32N,58", "stop_type_cat": "Info Stop", "type_rank": 3, "line_count": 5, "service_level": "High-service stop" }, "geometry": { "type": "Point", "coordinates": [ 22.962689, 40.616948 ] } },
{ "type": "Feature", "properties": { "code": "Β-08/010", "onomastasi": "ΘΕΑΓΕΝΕΙΟ", "type": "ΣΤΑΣΗ", "dimoskal": "ΘΕΣΣΑΛΟΝΙΚΗ", "lines_ejyp": "31", "stop_type_cat": "Regular Stop", "type_rank": 4, "line_count": 1, "service_level": "Local stop" }, "geometry": { "type": "Point", "coordinates": [ 22.959129, 40.617052 ] } },
{ "type": "Feature", "properties": { "code": "Β-08/027", "onomastasi": "ΠΑΠΑΦΕΙΟ", "type": "ΣΤΑΣΗ", "dimoskal": "ΘΕΣΣΑΛΟΝΙΚΗ", "lines_ejyp": "12", "stop_type_cat": "Regular Stop", "type_rank": 4, "line_count": 1, "service_level": "Local stop" }, "geometry": { "type": "Point", "coordinates": [ 22.963012, 40.618999 ] } },
{ "type": "Feature", "properties": { "code": "Β-08/020", "onomastasi": "ΠΑΠΑΦΕΙΟ", "type": "ΣΤΑΣΗ", "dimoskal": "ΘΕΣΣΑΛΟΝΙΚΗ", "lines_ejyp": "02K,12,15A,32N", "stop_type_cat": "Regular Stop", "type_rank": 4, "line_count": 4, "service_level": "High-service stop" }, "geometry": { "type": "Point", "coordinates": [ 22.962625, 40.62022 ] } },
{ "type": "Feature", "properties": { "code": "Β-08/040", "onomastasi": "ΛΟΙΜΩΔΩΝ", "type": "ΤΕΣ ΠΛΗΡΟΦΟΡΗΣΗ", "dimoskal": "ΘΕΣΣΑΛΟΝΙΚΗ", "lines_ejyp": "14,14A", "stop_type_cat": "Info Stop", "type_rank": 3, "line_count": 2, "service_level": "Multi-line stop" }, "geometry": { "type": "Point", "coordinates": [ 22.963749, 40.621382 ] } },
{ "type": "Feature", "properties": { "code": "Β-07/018", "onomastasi": "424 ΣΤΡΑΤΙΩΤΙΚΟ ΝΟΣΟΚΟΜΕΙΟ", "type": "ΣΤΑΣΗ", "dimoskal": "ΘΕΣΣΑΛΟΝΙΚΗ", "lines_ejyp": "02K,14,14A,15A,32N", "stop_type_cat": "Regular Stop", "type_rank": 4, "line_count": 5, "service_level": "High-service stop" }, "geometry": { "type": "Point", "coordinates": [ 22.962522, 40.622689 ] } },
{ "type": "Feature", "properties": { "code": "Β-07/019", "onomastasi": "424 ΣΤΡΑΤΙΩΤΙΚΟ ΝΟΣΟΚΟΜΕΙΟ", "type": "ΣΤΑΣΗ", "dimoskal": "ΘΕΣΣΑΛΟΝΙΚΗ", "lines_ejyp": " 1N,01N,02K,12,32N,58", "stop_type_cat": "Regular Stop", "type_rank": 4, "line_count": 6, "service_level": "High-service stop" }, "geometry": { "type": "Point", "coordinates": [ 22.962158, 40.622864 ] } },
{ "type": "Feature", "properties": { "code": "Β-08/017", "onomastasi": "ΦΑΛΗΡΟ", "type": "ΣΤΑΣΗ", "dimoskal": "ΘΕΣΣΑΛΟΝΙΚΗ", "lines_ejyp": "07,33,33A,39,39A", "stop_type_cat": "Regular Stop", "type_rank": 4, "line_count": 5, "service_level": "High-service stop" }, "geometry": { "type": "Point", "coordinates": [ 22.958476, 40.61688 ] } },
{ "type": "Feature", "properties": { "code": "Β-08/009", "onomastasi": "ΘΕΑΓΕΝΕΙΟ", "type": "ΣΤΑΣΗ", "dimoskal": "ΘΕΣΣΑΛΟΝΙΚΗ", "lines_ejyp": "31", "stop_type_cat": "Regular Stop", "type_rank": 4, "line_count": 1, "service_level": "Local stop" }, "geometry": { "type": "Point", "coordinates": [ 22.959004, 40.617039 ] } },
{ "type": "Feature", "properties": { "code": "Γ-08/005", "onomastasi": "ΦΑΛΗΡΟ", "type": "ΤΕΣ ΠΛΗΡΟΦΟΡΗΣΗ", "dimoskal": "ΘΕΣΣΑΛΟΝΙΚΗ", "lines_ejyp": " 1N,01N,01X,03K,05,05A,05B,06,33,33A,39,39A,70,70A,71,71A", "stop_type_cat": "Info Stop", "type_rank": 3, "line_count": 16, "service_level": "Major PT node" }, "geometry": { "type": "Point", "coordinates": [ 22.954741, 40.617123 ] } },
{ "type": "Feature", "properties": { "code": "Β-08/002", "onomastasi": "ΑΓΙΑ ΤΡΙΑΔΑ-ΘΕΑΓΕΝΕΙΟ", "type": "ΤΕΣ ΠΛΗΡΟΦΟΡΗΣΗ", "dimoskal": "ΘΕΣΣΑΛΟΝΙΚΗ", "lines_ejyp": "10,11,11B", "stop_type_cat": "Info Stop", "type_rank": 3, "line_count": 3, "service_level": "Multi-line stop" }, "geometry": { "type": "Point", "coordinates": [ 22.959063, 40.61784 ] } },
{ "type": "Feature", "properties": { "code": "Β-08/001", "onomastasi": "ΑΓΙΑ ΤΡΙΑΔΑ-ΘΕΑΓΕΝΕΙΟ", "type": "ΤΕΣ ΠΛΗΡΟΦΟΡΗΣΗ", "dimoskal": "ΘΕΣΣΑΛΟΝΙΚΗ", "lines_ejyp": "10,11,11B,58", "stop_type_cat": "Info Stop", "type_rank": 3, "line_count": 4, "service_level": "High-service stop" }, "geometry": { "type": "Point", "coordinates": [ 22.958991, 40.618089 ] } },
{ "type": "Feature", "properties": { "code": "Β-07/013", "onomastasi": "ΕΥΖΩΝΩΝ-ΓΑΛΛΙΚΟ ΙΝΣΤΙΤΟΥΤΟ", "type": "ΤΕΣ ΠΛΗΡΟΦΟΡΗΣΗ", "dimoskal": "ΘΕΣΣΑΛΟΝΙΚΗ", "lines_ejyp": "07,10,11,11B,31,58", "stop_type_cat": "Info Stop", "type_rank": 3, "line_count": 6, "service_level": "High-service stop" }, "geometry": { "type": "Point", "coordinates": [ 22.957304, 40.621194 ] } },
{ "type": "Feature", "properties": { "code": "Β-07/012", "onomastasi": "ΕΥΖΩΝΩΝ-ΓΑΛΛΙΚΟ ΙΝΣΤΙΤΟΥΤΟ", "type": "ΤΕΣ ΠΛΗΡΟΦΟΡΗΣΗ", "dimoskal": "ΘΕΣΣΑΛΟΝΙΚΗ", "lines_ejyp": "07,10,11,11B,31,33,33A,39,39A", "stop_type_cat": "Info Stop", "type_rank": 3, "line_count": 9, "service_level": "Major PT node" }, "geometry": { "type": "Point", "coordinates": [ 22.957082, 40.621219 ] } },
{ "type": "Feature", "properties": { "code": "Β-07/014", "onomastasi": "ΣΤΡΑΤΟΔΙΚΕΙΟ", "type": "ΣΤΑΣΗ", "dimoskal": "ΘΕΣΣΑΛΟΝΙΚΗ", "lines_ejyp": "12", "stop_type_cat": "Regular Stop", "type_rank": 4, "line_count": 1, "service_level": "Local stop" }, "geometry": { "type": "Point", "coordinates": [ 22.957828, 40.622058 ] } },
{ "type": "Feature", "properties": { "code": "Β-07/015", "onomastasi": "ΣΤΡΑΤΟΔΙΚΕΙΟ", "type": "ΣΤΑΣΗ", "dimoskal": "ΘΕΣΣΑΛΟΝΙΚΗ", "lines_ejyp": "12", "stop_type_cat": "Regular Stop", "type_rank": 4, "line_count": 1, "service_level": "Local stop" }, "geometry": { "type": "Point", "coordinates": [ 22.958016, 40.622314 ] } },
{ "type": "Feature", "properties": { "code": "Β-07/011", "onomastasi": "ΣΤΡΑΤΗΓΕΙΟ  ΜΟΥΣΕΙΟ ΒΥΖΑΝΤΙΝΟΥ ΠΟΛΙΤΙΣΜΟΥ", "type": "ΤΕΣ ΠΛΗΡΟΦΟΡΗΣΗ", "dimoskal": "ΘΕΣΣΑΛΟΝΙΚΗ", "lines_ejyp": "10,11,11B,12,31,33,33A,39,39A", "stop_type_cat": "Info Stop", "type_rank": 3, "line_count": 9, "service_level": "Major PT node" }, "geometry": { "type": "Point", "coordinates": [ 22.955956, 40.623678 ] } },
{ "type": "Feature", "properties": { "code": "Β-07/010", "onomastasi": "ΣΤΡΑΤΗΓΕΙΟ  ΜΟΥΣΕΙΟ ΒΥΖΑΝΤΙΝΟΥ ΠΟΛΙΤΙΣΜΟΥ", "type": "ΤΕΣ ΠΛΗΡΟΦΟΡΗΣΗ", "dimoskal": "ΘΕΣΣΑΛΟΝΙΚΗ", "lines_ejyp": "07,10,11,11B,12,31,58", "stop_type_cat": "Info Stop", "type_rank": 3, "line_count": 7, "service_level": "Major PT node" }, "geometry": { "type": "Point", "coordinates": [ 22.95606, 40.624067 ] } },
{ "type": "Feature", "properties": { "code": "Β-07/053", "onomastasi": "ΜΟΥΣΕΙΟ ΒΥΖΑΝΤΙΝΟΥ ΠΟΛΙΤΙΣΜΟΥ", "type": "ΣΤΑΣΗ", "dimoskal": "ΘΕΣΣΑΛΟΝΙΚΗ", "lines_ejyp": " 1N,01N,33,33A", "stop_type_cat": "Regular Stop", "type_rank": 4, "line_count": 4, "service_level": "High-service stop" }, "geometry": { "type": "Point", "coordinates": [ 22.954628, 40.624507 ] } },
{ "type": "Feature", "properties": { "code": "Β-07/022", "onomastasi": "Τ.Σ. ΠΑΝΕΠΙΣΤΗΜΙΑ", "type": "ΤΕΡΜΑΤΙΚΟΣ ΣΤΑΘΜΟΣ ( ΑΦΕΤΗΡΙΑ - ΤΕΡΜΑ )", "dimoskal": "ΘΕΣΣΑΛΟΝΙΚΗ", "lines_ejyp": "27,28A,28B,83,83A,83B,83M,83T,83X", "stop_type_cat": "Terminal Stop", "type_rank": 2, "line_count": 9, "service_level": "Major PT node" }, "geometry": { "type": "Point", "coordinates": [ 22.958714, 40.625871 ] } },
{ "type": "Feature", "properties": { "code": "Β-07/023", "onomastasi": "ΑΓΙΑ ΦΩΤΕΙΝΗ-ΠΑΝΕΠΙΣΤΗΜΙΟ ΜΑΚΕΔΟΝΙΑΣ", "type": "ΤΕΣ ΠΛΗΡΟΦΟΡΗΣΗ", "dimoskal": "ΘΕΣΣΑΛΟΝΙΚΗ", "lines_ejyp": "01X,05,10,31,33,33A,39,39A", "stop_type_cat": "Info Stop", "type_rank": 3, "line_count": 8, "service_level": "Major PT node" }, "geometry": { "type": "Point", "coordinates": [ 22.958532, 40.625892 ] } },
{ "type": "Feature", "properties": { "code": "Β-07/027", "onomastasi": "Α.Χ.Ε.Π.Α.", "type": "ΣΤΑΣΗ", "dimoskal": "ΘΕΣΣΑΛΟΝΙΚΗ", "lines_ejyp": " 1N,01N,02K,05,07,10,14,14A,27,28A,31,32N,33,33A,39,39A,45,45A,45B,58,83A,83B,83T,83X", "stop_type_cat": "Regular Stop", "type_rank": 4, "line_count": 24, "service_level": "Major PT node" }, "geometry": { "type": "Point", "coordinates": [ 22.957121, 40.628739 ] } },
{ "type": "Feature", "properties": { "code": "Β-07/026", "onomastasi": "Α.Χ.Ε.Π.Α", "type": "ΣΤΑΣΗ", "dimoskal": "ΘΕΣΣΑΛΟΝΙΚΗ", "lines_ejyp": " 1N,01N,02K,14,14A,45,45A,45B", "stop_type_cat": "Regular Stop", "type_rank": 4, "line_count": 8, "service_level": "Major PT node" }, "geometry": { "type": "Point", "coordinates": [ 22.957188, 40.629004 ] } },
{ "type": "Feature", "properties": { "code": "Β-07/028", "onomastasi": "ΣΙΝΤΡΙΒΑΝΙ", "type": "ΣΤΑΣΗ", "dimoskal": "ΘΕΣΣΑΛΟΝΙΚΗ", "lines_ejyp": " 1N,01N,02K,14,14A,17,24,27,27AA,28,28A,32N,37", "stop_type_cat": "Regular Stop", "type_rank": 4, "line_count": 13, "service_level": "Major PT node" }, "geometry": { "type": "Point", "coordinates": [ 22.95439, 40.630435 ] } },
{ "type": "Feature", "properties": { "code": "Β-07/029", "onomastasi": "ΣΙΝΤΡΙΒΑΝΙ", "type": "ΣΤΑΣΗ", "dimoskal": "ΘΕΣΣΑΛΟΝΙΚΗ", "lines_ejyp": " 1N,01N,02K,14,14A", "stop_type_cat": "Regular Stop", "type_rank": 4, "line_count": 5, "service_level": "High-service stop" }, "geometry": { "type": "Point", "coordinates": [ 22.954436, 40.630679 ] } },
{ "type": "Feature", "properties": { "code": "Β-06/029", "onomastasi": "ΠΑΝΕΠΙΣΤΗΜΙΟ", "type": "ΣΤΑΣΗ", "dimoskal": "ΘΕΣΣΑΛΟΝΙΚΗ", "lines_ejyp": "15,32N", "stop_type_cat": "Regular Stop", "type_rank": 4, "line_count": 2, "service_level": "Multi-line stop" }, "geometry": { "type": "Point", "coordinates": [ 22.954281, 40.631934 ] } },
{ "type": "Feature", "properties": { "code": "Β-06/030", "onomastasi": "ΠΑΝΕΠΙΣΤΗΜΙΟ", "type": "ΣΤΑΣΗ", "dimoskal": "ΘΕΣΣΑΛΟΝΙΚΗ", "lines_ejyp": "16,17,24,32N,37,50", "stop_type_cat": "Regular Stop", "type_rank": 4, "line_count": 6, "service_level": "High-service stop" }, "geometry": { "type": "Point", "coordinates": [ 22.95452, 40.632592 ] } },
{ "type": "Feature", "properties": { "code": "Β-07/009", "onomastasi": "ΜΟΥΣΕΙΑ", "type": "ΣΤΑΣΗ", "dimoskal": "ΘΕΣΣΑΛΟΝΙΚΗ", "lines_ejyp": "11,11B,12,39,39A", "stop_type_cat": "Regular Stop", "type_rank": 4, "line_count": 5, "service_level": "High-service stop" }, "geometry": { "type": "Point", "coordinates": [ 22.954289, 40.625418 ] } },
{ "type": "Feature", "properties": { "code": "Β-07/008", "onomastasi": "ΜΟΥΣΕΙΑ", "type": "ΣΤΑΣΗ", "dimoskal": "ΘΕΣΣΑΛΟΝΙΚΗ", "lines_ejyp": "07,10,11,11B,12,27,28B,31,58,83B,83M,83T", "stop_type_cat": "Regular Stop", "type_rank": 4, "line_count": 12, "service_level": "Major PT node" }, "geometry": { "type": "Point", "coordinates": [ 22.953833, 40.625969 ] } },
{ "type": "Feature", "properties": { "code": "Β-07/006", "onomastasi": "ΕΤΑΙΡΕΙΑ ΜΑΚΕΔΟΝΙΚΩΝ ΣΠΟΥΔΩΝ", "type": "ΤΕΣ ΠΛΗΡΟΦΟΡΗΣΗ", "dimoskal": "ΘΕΣΣΑΛΟΝΙΚΗ", "lines_ejyp": "11,11B,12,15,39,39A", "stop_type_cat": "Info Stop", "type_rank": 3, "line_count": 6, "service_level": "High-service stop" }, "geometry": { "type": "Point", "coordinates": [ 22.950573, 40.626265 ] } },
{ "type": "Feature", "properties": { "code": "Β-07/047", "onomastasi": "Χ.Α.Ν.Θ.", "type": "ΤΕΣ ΠΛΗΡΟΦΟΡΗΣΗ", "dimoskal": "ΘΕΣΣΑΛΟΝΙΚΗ", "lines_ejyp": "03K,05,05A,05B,06,12,33,33A,39,39A,58,70,70A", "stop_type_cat": "Info Stop", "type_rank": 3, "line_count": 13, "service_level": "Major PT node" }, "geometry": { "type": "Point", "coordinates": [ 22.952293, 40.626996 ] } },
{ "type": "Feature", "properties": { "code": "Β-07/003", "onomastasi": "ΕΘΝΙΚΗΣ ΑΜΥΝΗΣ", "type": "ΣΤΑΣΗ", "dimoskal": "ΘΕΣΣΑΛΟΝΙΚΗ", "lines_ejyp": "11,11B,70,70A,71,71A", "stop_type_cat": "Regular Stop", "type_rank": 4, "line_count": 6, "service_level": "High-service stop" }, "geometry": { "type": "Point", "coordinates": [ 22.951423, 40.629052 ] } },
{ "type": "Feature", "properties": { "code": "Β-07/002", "onomastasi": "ΑΓΓΕΛΑΚΗ", "type": "ΤΕΣ ΠΛΗΡΟΦΟΡΗΣΗ", "dimoskal": "ΘΕΣΣΑΛΟΝΙΚΗ", "lines_ejyp": "07,10,11,11B,15,27,28B,31,39,39A,71,71A", "stop_type_cat": "Info Stop", "type_rank": 3, "line_count": 12, "service_level": "Major PT node" }, "geometry": { "type": "Point", "coordinates": [ 22.95338, 40.629594 ] } },
{ "type": "Feature", "properties": { "code": "Β-06/005", "onomastasi": "ΙΠΠΟΔΡΟΜΙΟΥ", "type": "ΣΤΑΣΗ", "dimoskal": "ΘΕΣΣΑΛΟΝΙΚΗ", "lines_ejyp": "16,24", "stop_type_cat": "Regular Stop", "type_rank": 4, "line_count": 2, "service_level": "Multi-line stop" }, "geometry": { "type": "Point", "coordinates": [ 22.951746, 40.630252 ] } },
{ "type": "Feature", "properties": { "code": "Β-07/028ΤΣ", "onomastasi": "Τ.Σ. ΣΙΝΤΡΙΒΑΝΙ", "type": "ΤΕΡΜΑΤΙΚΟΣ ΣΤΑΘΜΟΣ ( ΑΦΕΤΗΡΙΑ - ΤΕΡΜΑ )", "dimoskal": "ΘΕΣΣΑΛΟΝΙΚΗ", "lines_ejyp": "07", "stop_type_cat": "Terminal Stop", "type_rank": 2, "line_count": 1, "service_level": "Local stop" }, "geometry": { "type": "Point", "coordinates": [ 22.954149, 40.630491 ] } },
{ "type": "Feature", "properties": { "code": "Β-06/028", "onomastasi": "ΚΑΜΑΡΑ", "type": "ΤΕΣ ΠΛΗΡΟΦΟΡΗΣΗ", "dimoskal": "ΘΕΣΣΑΛΟΝΙΚΗ", "lines_ejyp": " 1N,01N,01X,02K,05,10,11,11B,14,14A,17,24,27,28A,31,33,33A,37,39,39A,45,45A,45B,58,70,70A,71,71A,83,83A,83B,83T,83X", "stop_type_cat": "Info Stop", "type_rank": 3, "line_count": 33, "service_level": "Major PT node" }, "geometry": { "type": "Point", "coordinates": [ 22.952526, 40.631471 ] } },
{ "type": "Feature", "properties": { "code": "Β-06/027", "onomastasi": "ΚΑΜΑΡΑ", "type": "ΤΕΣ ΠΛΗΡΟΦΟΡΗΣΗ", "dimoskal": "ΘΕΣΣΑΛΟΝΙΚΗ", "lines_ejyp": " 1N,01N,01X,02K,10,11,11B,14,14A,17,27,28B,31,37,39,39A,45,45A,45B,71,71A,83,83B,83M,83T", "stop_type_cat": "Info Stop", "type_rank": 3, "line_count": 25, "service_level": "Major PT node" }, "geometry": { "type": "Point", "coordinates": [ 22.952683, 40.63159 ] } },
{ "type": "Feature", "properties": { "code": "Β-06/113", "onomastasi": "ΝΟΣΟΚΟΜΕΙΟ ΓΕΝΝΗΜΑΤΑ", "type": "ΣΤΑΣΗ", "dimoskal": "ΘΕΣΣΑΛΟΝΙΚΗ", "lines_ejyp": "16,17,24,32N,37", "stop_type_cat": "Regular Stop", "type_rank": 4, "line_count": 5, "service_level": "High-service stop" }, "geometry": { "type": "Point", "coordinates": [ 22.955703, 40.633728 ] } },
{ "type": "Feature", "properties": { "code": "Β-06/031", "onomastasi": "ΝΟΣΟΚΟΜΕΙΟ ΓΕΝΝΗΜΑΤΑ", "type": "ΣΤΑΣΗ", "dimoskal": "ΘΕΣΣΑΛΟΝΙΚΗ", "lines_ejyp": "15,32N", "stop_type_cat": "Regular Stop", "type_rank": 4, "line_count": 2, "service_level": "Multi-line stop" }, "geometry": { "type": "Point", "coordinates": [ 22.955798, 40.633744 ] } },
{ "type": "Feature", "properties": { "code": "Β-06/032", "onomastasi": "ΓΕΩΡΓΙΟΥ ΒΙΖΥΗΝΟΥ", "type": "ΣΤΑΣΗ", "dimoskal": "ΘΕΣΣΑΛΟΝΙΚΗ", "lines_ejyp": "15,16", "stop_type_cat": "Regular Stop", "type_rank": 4, "line_count": 2, "service_level": "Multi-line stop" }, "geometry": { "type": "Point", "coordinates": [ 22.957305, 40.6342 ] } },
{ "type": "Feature", "properties": { "code": "Β-06/035 Μ", "onomastasi": "ΠΑΝΟΡΜΟΥ", "type": "ΣΤΑΣΗ", "dimoskal": "ΘΕΣΣΑΛΟΝΙΚΗ", "lines_ejyp": "16", "stop_type_cat": "Regular Stop", "type_rank": 4, "line_count": 1, "service_level": "Local stop" }, "geometry": { "type": "Point", "coordinates": [ 22.957409, 40.63456 ] } },
{ "type": "Feature", "properties": { "code": "Β-06/073 Ε", "onomastasi": "ΠΑΝΟΡΜΟΥ", "type": "ΣΤΑΣΗ", "dimoskal": "ΝΕΑΠΟΛΗ ΣΥΚΙΕΣ", "lines_ejyp": "16", "stop_type_cat": "Regular Stop", "type_rank": 4, "line_count": 1, "service_level": "Local stop" }, "geometry": { "type": "Point", "coordinates": [ 22.958571, 40.634688 ] } },
{ "type": "Feature", "properties": { "code": "Β-06/036", "onomastasi": "ΕΥΑΓΓΕΛΙΣΤΡΙΑ", "type": "ΣΤΑΣΗ", "dimoskal": "ΘΕΣΣΑΛΟΝΙΚΗ", "lines_ejyp": "15,24,32N", "stop_type_cat": "Regular Stop", "type_rank": 4, "line_count": 3, "service_level": "Multi-line stop" }, "geometry": { "type": "Point", "coordinates": [ 22.956027, 40.634685 ] } },
{ "type": "Feature", "properties": { "code": "Β-06/037", "onomastasi": "ΤΟΥΡΚΙΚΟ ΠΡΟΞΕΝΕΙΟ", "type": "ΣΤΑΣΗ", "dimoskal": "ΘΕΣΣΑΛΟΝΙΚΗ", "lines_ejyp": "24,32N", "stop_type_cat": "Regular Stop", "type_rank": 4, "line_count": 2, "service_level": "Multi-line stop" }, "geometry": { "type": "Point", "coordinates": [ 22.955061, 40.635757 ] } },
{ "type": "Feature", "properties": { "code": "Β-06/090", "onomastasi": "ΤΟΥΡΚΙΚΟ ΠΡΟΞΕΝΕΙΟ", "type": "ΣΤΑΣΗ", "dimoskal": "ΘΕΣΣΑΛΟΝΙΚΗ", "lines_ejyp": "22", "stop_type_cat": "Regular Stop", "type_rank": 4, "line_count": 1, "service_level": "Local stop" }, "geometry": { "type": "Point", "coordinates": [ 22.954212, 40.636886 ] } },
{ "type": "Feature", "properties": { "code": "Β-06/071", "onomastasi": "ΝΟΣΟΚΟΜΕΙΟ", "type": "ΣΤΑΣΗ", "dimoskal": "ΘΕΣΣΑΛΟΝΙΚΗ", "lines_ejyp": "24", "stop_type_cat": "Regular Stop", "type_rank": 4, "line_count": 1, "service_level": "Local stop" }, "geometry": { "type": "Point", "coordinates": [ 22.957292, 40.636984 ] } },
{ "type": "Feature", "properties": { "code": "Β-06/087", "onomastasi": "ΠΡΩΤΗ ΑΘΗΝΑΣ", "type": "ΣΤΑΣΗ", "dimoskal": "ΘΕΣΣΑΛΟΝΙΚΗ", "lines_ejyp": "22", "stop_type_cat": "Regular Stop", "type_rank": 4, "line_count": 1, "service_level": "Local stop" }, "geometry": { "type": "Point", "coordinates": [ 22.954958, 40.637102 ] } },
{ "type": "Feature", "properties": { "code": "Β-06/025", "onomastasi": "ΙΑΣΩΝΙΔΟΥ", "type": "ΤΕΣ ΠΛΗΡΟΦΟΡΗΣΗ", "dimoskal": "ΘΕΣΣΑΛΟΝΙΚΗ", "lines_ejyp": " 1N,01N,02K,05,10,11,11B,14,14A,17,24,27,28A,31,33,33A,37,39,39A,58", "stop_type_cat": "Info Stop", "type_rank": 3, "line_count": 20, "service_level": "Major PT node" }, "geometry": { "type": "Point", "coordinates": [ 22.950248, 40.632661 ] } },
{ "type": "Feature", "properties": { "code": "Β-06/026", "onomastasi": "ΙΑΣΩΝΙΔΟΥ", "type": "ΤΕΣ ΠΛΗΡΟΦΟΡΗΣΗ", "dimoskal": "ΘΕΣΣΑΛΟΝΙΚΗ", "lines_ejyp": " 1N,01N,02K,10,11,11B,14,14A,17,27,28B,31,37,39,39A,71,71A", "stop_type_cat": "Info Stop", "type_rank": 3, "line_count": 17, "service_level": "Major PT node" }, "geometry": { "type": "Point", "coordinates": [ 22.95015, 40.632891 ] } },
{ "type": "Feature", "properties": { "code": "Β-06/038", "onomastasi": "ΤΟΥΡΚΙΚΟ ΠΡΟΞΕΝΕΙΟ", "type": "ΣΤΑΣΗ", "dimoskal": "ΘΕΣΣΑΛΟΝΙΚΗ", "lines_ejyp": "16,24,32N", "stop_type_cat": "Regular Stop", "type_rank": 4, "line_count": 3, "service_level": "Multi-line stop" }, "geometry": { "type": "Point", "coordinates": [ 22.953229, 40.635713 ] } },
{ "type": "Feature", "properties": { "code": "Β-06/075", "onomastasi": "ΤΟΥΡΚΙΚΟ ΠΡΟΞΕΝΕΙΟ", "type": "ΣΤΑΣΗ", "dimoskal": "ΘΕΣΣΑΛΟΝΙΚΗ", "lines_ejyp": "15,24,32N", "stop_type_cat": "Regular Stop", "type_rank": 4, "line_count": 3, "service_level": "Multi-line stop" }, "geometry": { "type": "Point", "coordinates": [ 22.953874, 40.636588 ] } },
{ "type": "Feature", "properties": { "code": "Β-06/039", "onomastasi": "ΑΧΙΛΛΕΙΟ", "type": "ΣΤΑΣΗ", "dimoskal": "ΘΕΣΣΑΛΟΝΙΚΗ", "lines_ejyp": "16,23,24,32N", "stop_type_cat": "Regular Stop", "type_rank": 4, "line_count": 4, "service_level": "High-service stop" }, "geometry": { "type": "Point", "coordinates": [ 22.950318, 40.637116 ] } },
{ "type": "Feature", "properties": { "code": "Β-06/045", "onomastasi": "ΛΑΟΔΗΓΗΤΡΙΑ", "type": "ΣΤΑΣΗ", "dimoskal": "ΘΕΣΣΑΛΟΝΙΚΗ", "lines_ejyp": "23", "stop_type_cat": "Regular Stop", "type_rank": 4, "line_count": 1, "service_level": "Local stop" }, "geometry": { "type": "Point", "coordinates": [ 22.953116, 40.637528 ] } },
{ "type": "Feature", "properties": { "code": "Β-06/044", "onomastasi": "ΑΧΙΛΛΕΙΟ", "type": "ΣΤΑΣΗ", "dimoskal": "ΘΕΣΣΑΛΟΝΙΚΗ", "lines_ejyp": "15,24,32N", "stop_type_cat": "Regular Stop", "type_rank": 4, "line_count": 3, "service_level": "Multi-line stop" }, "geometry": { "type": "Point", "coordinates": [ 22.951684, 40.637674 ] } },
{ "type": "Feature", "properties": { "code": "Β-06/091", "onomastasi": "ΛΑΟΔΗΓΗΤΡΙΑ", "type": "ΣΤΑΣΗ", "dimoskal": "ΘΕΣΣΑΛΟΝΙΚΗ", "lines_ejyp": "22", "stop_type_cat": "Regular Stop", "type_rank": 4, "line_count": 1, "service_level": "Local stop" }, "geometry": { "type": "Point", "coordinates": [ 22.95348, 40.63777 ] } },
{ "type": "Feature", "properties": { "code": "Β-06/101", "onomastasi": "ΔΕΥΤΕΡΗ ΑΘΗΝΑΣ", "type": "ΣΤΑΣΗ", "dimoskal": "ΘΕΣΣΑΛΟΝΙΚΗ", "lines_ejyp": "22", "stop_type_cat": "Regular Stop", "type_rank": 4, "line_count": 1, "service_level": "Local stop" }, "geometry": { "type": "Point", "coordinates": [ 22.954066, 40.637934 ] } },
{ "type": "Feature", "properties": { "code": "Β-06/049", "onomastasi": "ΚΑΣΣΑΝΔΡΟΥ", "type": "ΣΤΑΣΗ", "dimoskal": "ΘΕΣΣΑΛΟΝΙΚΗ", "lines_ejyp": "22,23", "stop_type_cat": "Regular Stop", "type_rank": 4, "line_count": 2, "service_level": "Multi-line stop" }, "geometry": { "type": "Point", "coordinates": [ 22.950528, 40.638504 ] } },
{ "type": "Feature", "properties": { "code": "Β-06/070", "onomastasi": "ΝΟΣΟΚΟΜΕΙΟ", "type": "ΣΤΑΣΗ", "dimoskal": "ΘΕΣΣΑΛΟΝΙΚΗ", "lines_ejyp": "24,50", "stop_type_cat": "Regular Stop", "type_rank": 4, "line_count": 2, "service_level": "Multi-line stop" }, "geometry": { "type": "Point", "coordinates": [ 22.957372, 40.637411 ] } },
{ "type": "Feature", "properties": { "code": "Β-06/088", "onomastasi": "ΠΛΑΤΕΙΑ ΚΑΛΛΙΘΕΑΣ", "type": "ΣΤΑΣΗ", "dimoskal": "ΘΕΣΣΑΛΟΝΙΚΗ", "lines_ejyp": "22", "stop_type_cat": "Regular Stop", "type_rank": 4, "line_count": 1, "service_level": "Local stop" }, "geometry": { "type": "Point", "coordinates": [ 22.956858, 40.638172 ] } },
{ "type": "Feature", "properties": { "code": "Β-06/089", "onomastasi": "ΑΓΙΟΣ ΝΙΚΟΛΑΟΣ ΟΡΦΑΝΟΣ", "type": "ΣΤΑΣΗ", "dimoskal": "ΘΕΣΣΑΛΟΝΙΚΗ", "lines_ejyp": "22", "stop_type_cat": "Regular Stop", "type_rank": 4, "line_count": 1, "service_level": "Local stop" }, "geometry": { "type": "Point", "coordinates": [ 22.955148, 40.638505 ] } },
{ "type": "Feature", "properties": { "code": "Β-06/099", "onomastasi": "ΗΡΟΔΟΤΟΥ", "type": "ΣΤΑΣΗ", "dimoskal": "ΘΕΣΣΑΛΟΝΙΚΗ", "lines_ejyp": "22", "stop_type_cat": "Regular Stop", "type_rank": 4, "line_count": 1, "service_level": "Local stop" }, "geometry": { "type": "Point", "coordinates": [ 22.956716, 40.638596 ] } },
{ "type": "Feature", "properties": { "code": "Β-06/052", "onomastasi": "ΑΓΙΟΣ ΠΑΥΛΟΣ", "type": "ΣΤΑΣΗ", "dimoskal": "ΘΕΣΣΑΛΟΝΙΚΗ", "lines_ejyp": "23", "stop_type_cat": "Regular Stop", "type_rank": 4, "line_count": 1, "service_level": "Local stop" }, "geometry": { "type": "Point", "coordinates": [ 22.957992, 40.640049 ] } },
{ "type": "Feature", "properties": { "code": "Β-06/050", "onomastasi": "ΤΑΞΙΑΡΧΩΝ", "type": "ΣΤΑΣΗ", "dimoskal": "ΘΕΣΣΑΛΟΝΙΚΗ", "lines_ejyp": "23,50", "stop_type_cat": "Regular Stop", "type_rank": 4, "line_count": 2, "service_level": "Multi-line stop" }, "geometry": { "type": "Point", "coordinates": [ 22.955074, 40.640189 ] } },
{ "type": "Feature", "properties": { "code": "Β-06/051", "onomastasi": "ΤΑΞΙΑΡΧΩΝ", "type": "ΣΤΑΣΗ", "dimoskal": "ΘΕΣΣΑΛΟΝΙΚΗ", "lines_ejyp": "23,50", "stop_type_cat": "Regular Stop", "type_rank": 4, "line_count": 2, "service_level": "Multi-line stop" }, "geometry": { "type": "Point", "coordinates": [ 22.955933, 40.640242 ] } },
{ "type": "Feature", "properties": { "code": "Β-06/053", "onomastasi": "ΑΓΙΟΣ ΠΑΥΛΟΣ", "type": "ΣΤΑΣΗ", "dimoskal": "ΘΕΣΣΑΛΟΝΙΚΗ", "lines_ejyp": "23", "stop_type_cat": "Regular Stop", "type_rank": 4, "line_count": 1, "service_level": "Local stop" }, "geometry": { "type": "Point", "coordinates": [ 22.958367, 40.640401 ] } },
{ "type": "Feature", "properties": { "code": "Β-06/076", "onomastasi": "ΚΕΛΑΔΗΣ", "type": "ΣΤΑΣΗ", "dimoskal": "ΘΕΣΣΑΛΟΝΙΚΗ", "lines_ejyp": "23,50", "stop_type_cat": "Regular Stop", "type_rank": 4, "line_count": 2, "service_level": "Multi-line stop" }, "geometry": { "type": "Point", "coordinates": [ 22.957121, 40.641017 ] } },
{ "type": "Feature", "properties": { "code": "Β-06/054", "onomastasi": "ΚΕΛΑΔΗΣ", "type": "ΣΤΑΣΗ", "dimoskal": "ΘΕΣΣΑΛΟΝΙΚΗ", "lines_ejyp": "23", "stop_type_cat": "Regular Stop", "type_rank": 4, "line_count": 1, "service_level": "Local stop" }, "geometry": { "type": "Point", "coordinates": [ 22.956851, 40.641093 ] } },
{ "type": "Feature", "properties": { "code": "Β-06/046", "onomastasi": "ΚΟΥΛΕ-ΚΑΦΕ", "type": "ΣΤΑΣΗ", "dimoskal": "ΘΕΣΣΑΛΟΝΙΚΗ", "lines_ejyp": "23,50", "stop_type_cat": "Regular Stop", "type_rank": 4, "line_count": 2, "service_level": "Multi-line stop" }, "geometry": { "type": "Point", "coordinates": [ 22.952572, 40.639277 ] } },
{ "type": "Feature", "properties": { "code": "Β-06/086", "onomastasi": "ΚΟΥΛΕ ΚΑΦΕ", "type": "ΣΤΑΣΗ", "dimoskal": "ΘΕΣΣΑΛΟΝΙΚΗ", "lines_ejyp": "22", "stop_type_cat": "Regular Stop", "type_rank": 4, "line_count": 1, "service_level": "Local stop" }, "geometry": { "type": "Point", "coordinates": [ 22.951854, 40.639362 ] } },
{ "type": "Feature", "properties": { "code": "Β-06/092", "onomastasi": "ΚΟΥΛΕ ΚΑΦΕ", "type": "ΣΤΑΣΗ", "dimoskal": "ΘΕΣΣΑΛΟΝΙΚΗ", "lines_ejyp": "22,23", "stop_type_cat": "Regular Stop", "type_rank": 4, "line_count": 2, "service_level": "Multi-line stop" }, "geometry": { "type": "Point", "coordinates": [ 22.951752, 40.639601 ] } },
{ "type": "Feature", "properties": { "code": "Β-06/048", "onomastasi": "ΚΟΥΛΕ-ΚΑΦΕ", "type": "ΣΤΑΣΗ", "dimoskal": "ΘΕΣΣΑΛΟΝΙΚΗ", "lines_ejyp": "23", "stop_type_cat": "Regular Stop", "type_rank": 4, "line_count": 1, "service_level": "Local stop" }, "geometry": { "type": "Point", "coordinates": [ 22.951827, 40.639895 ] } },
{ "type": "Feature", "properties": { "code": "Β-06/047", "onomastasi": "ΙΔΡΥΜΑ", "type": "ΣΤΑΣΗ", "dimoskal": "ΘΕΣΣΑΛΟΝΙΚΗ", "lines_ejyp": "23", "stop_type_cat": "Regular Stop", "type_rank": 4, "line_count": 1, "service_level": "Local stop" }, "geometry": { "type": "Point", "coordinates": [ 22.953527, 40.640354 ] } },
{ "type": "Feature", "properties": { "code": "Β-06/085", "onomastasi": "ΔΙΕΥΘΥΝΣΗ ΠΟΛΙΤΙΣΜΟΥ", "type": "ΣΤΑΣΗ", "dimoskal": "ΘΕΣΣΑΛΟΝΙΚΗ", "lines_ejyp": "22", "stop_type_cat": "Regular Stop", "type_rank": 4, "line_count": 1, "service_level": "Local stop" }, "geometry": { "type": "Point", "coordinates": [ 22.95182, 40.64036 ] } },
{ "type": "Feature", "properties": { "code": "Β-06/100", "onomastasi": "ΘΕΟΦΙΛΟΥ", "type": "ΣΤΑΣΗ", "dimoskal": "ΘΕΣΣΑΛΟΝΙΚΗ", "lines_ejyp": "22", "stop_type_cat": "Regular Stop", "type_rank": 4, "line_count": 1, "service_level": "Local stop" }, "geometry": { "type": "Point", "coordinates": [ 22.950607, 40.640927 ] } },
{ "type": "Feature", "properties": { "code": "Β-06/084", "onomastasi": "ΠΛΑΤΕΙΑ ΤΕΡΨΙΘΕΑΣ", "type": "ΣΤΑΣΗ", "dimoskal": "ΘΕΣΣΑΛΟΝΙΚΗ", "lines_ejyp": "22", "stop_type_cat": "Regular Stop", "type_rank": 4, "line_count": 1, "service_level": "Local stop" }, "geometry": { "type": "Point", "coordinates": [ 22.950092, 40.642122 ] } },
{ "type": "Feature", "properties": { "code": "Β-06/083", "onomastasi": "ΠΛΑΤΕΙΑ ΤΣΙΤΣΑΝΗ", "type": "ΣΤΑΣΗ", "dimoskal": "ΘΕΣΣΑΛΟΝΙΚΗ", "lines_ejyp": "22", "stop_type_cat": "Regular Stop", "type_rank": 4, "line_count": 1, "service_level": "Local stop" }, "geometry": { "type": "Point", "coordinates": [ 22.953209, 40.64243 ] } },
{ "type": "Feature", "properties": { "code": "Β-06/082", "onomastasi": "ΠΡΩΤΗ ΟΣΙΟΣ ΔΑΥΙΔ", "type": "ΣΤΑΣΗ", "dimoskal": "ΘΕΣΣΑΛΟΝΙΚΗ", "lines_ejyp": "22", "stop_type_cat": "Regular Stop", "type_rank": 4, "line_count": 1, "service_level": "Local stop" }, "geometry": { "type": "Point", "coordinates": [ 22.951204, 40.64259 ] } },
{ "type": "Feature", "properties": { "code": "Β-06/109", "onomastasi": "ΕΥΔΟΞΙΑΣ", "type": "ΣΤΑΣΗ", "dimoskal": "ΘΕΣΣΑΛΟΝΙΚΗ", "lines_ejyp": "22", "stop_type_cat": "Regular Stop", "type_rank": 4, "line_count": 1, "service_level": "Local stop" }, "geometry": { "type": "Point", "coordinates": [ 22.948933, 40.642883 ] } },
{ "type": "Feature", "properties": { "code": "Β-06/096", "onomastasi": "ΠΡΩΤΗ ΔΗΜΗΤΡΙΟΥ ΠΟΛΙΟΡΚΗΤΟΥ", "type": "ΣΤΑΣΗ", "dimoskal": "ΘΕΣΣΑΛΟΝΙΚΗ", "lines_ejyp": "22", "stop_type_cat": "Regular Stop", "type_rank": 4, "line_count": 1, "service_level": "Local stop" }, "geometry": { "type": "Point", "coordinates": [ 22.949762, 40.64294 ] } },
{ "type": "Feature", "properties": { "code": "Β-06/097", "onomastasi": "ΔΕΥΤΕΡΗ ΔΗΜΗΤΡΙΟΥ ΠΟΛΙΟΡΚΗΤΟΥ", "type": "ΣΤΑΣΗ", "dimoskal": "ΘΕΣΣΑΛΟΝΙΚΗ", "lines_ejyp": "22", "stop_type_cat": "Regular Stop", "type_rank": 4, "line_count": 1, "service_level": "Local stop" }, "geometry": { "type": "Point", "coordinates": [ 22.949812, 40.643017 ] } },
{ "type": "Feature", "properties": { "code": "Β-06/095", "onomastasi": "ΡΑΚΤΙΒΑΝ", "type": "ΣΤΑΣΗ", "dimoskal": "ΘΕΣΣΑΛΟΝΙΚΗ", "lines_ejyp": "22", "stop_type_cat": "Regular Stop", "type_rank": 4, "line_count": 1, "service_level": "Local stop" }, "geometry": { "type": "Point", "coordinates": [ 22.946229, 40.64303 ] } },
{ "type": "Feature", "properties": { "code": "Β-06/078", "onomastasi": "ΑΓΙΑ ΑΙΚΑΤΕΡΙΝΗ", "type": "ΣΤΑΣΗ", "dimoskal": "ΘΕΣΣΑΛΟΝΙΚΗ", "lines_ejyp": "22", "stop_type_cat": "Regular Stop", "type_rank": 4, "line_count": 1, "service_level": "Local stop" }, "geometry": { "type": "Point", "coordinates": [ 22.943901, 40.643768 ] } },
{ "type": "Feature", "properties": { "code": "Β-06/079", "onomastasi": "ΑΛΕΞΑΝΔΡΑΣ ΠΑΠΑΔΟΠΟΥΛΟΥ", "type": "ΣΤΑΣΗ", "dimoskal": "ΘΕΣΣΑΛΟΝΙΚΗ", "lines_ejyp": "22", "stop_type_cat": "Regular Stop", "type_rank": 4, "line_count": 1, "service_level": "Local stop" }, "geometry": { "type": "Point", "coordinates": [ 22.946321, 40.643793 ] } },
{ "type": "Feature", "properties": { "code": "Β-05/044", "onomastasi": "ΑΣΤΥΝΟΜΙΑ", "type": "ΣΤΑΣΗ", "dimoskal": "ΘΕΣΣΑΛΟΝΙΚΗ", "lines_ejyp": "28", "stop_type_cat": "Regular Stop", "type_rank": 4, "line_count": 1, "service_level": "Local stop" }, "geometry": { "type": "Point", "coordinates": [ 22.948131, 40.644329 ] } },
{ "type": "Feature", "properties": { "code": "Β-05/040", "onomastasi": "ΥΔΡΑΓΩΓΕΙΟ", "type": "ΣΤΑΣΗ", "dimoskal": "ΘΕΣΣΑΛΟΝΙΚΗ", "lines_ejyp": "28", "stop_type_cat": "Regular Stop", "type_rank": 4, "line_count": 1, "service_level": "Local stop" }, "geometry": { "type": "Point", "coordinates": [ 22.943296, 40.644521 ] } },
{ "type": "Feature", "properties": { "code": "Β-05/043", "onomastasi": "ΑΣΤΥΝΟΜΙΑ", "type": "ΣΤΑΣΗ", "dimoskal": "ΘΕΣΣΑΛΟΝΙΚΗ", "lines_ejyp": "28", "stop_type_cat": "Regular Stop", "type_rank": 4, "line_count": 1, "service_level": "Local stop" }, "geometry": { "type": "Point", "coordinates": [ 22.947035, 40.644992 ] } },
{ "type": "Feature", "properties": { "code": "Β-05/045", "onomastasi": "ΑΚΡΙΤΕΣ", "type": "ΣΤΑΣΗ", "dimoskal": "ΝΕΑΠΟΛΗ ΣΥΚΙΕΣ", "lines_ejyp": "28", "stop_type_cat": "Regular Stop", "type_rank": 4, "line_count": 1, "service_level": "Local stop" }, "geometry": { "type": "Point", "coordinates": [ 22.949522, 40.645486 ] } },
{ "type": "Feature", "properties": { "code": "Β-06/114", "onomastasi": "ΑΚΡΟΠΟΛΗ", "type": "ΣΤΑΣΗ", "dimoskal": "ΘΕΣΣΑΛΟΝΙΚΗ", "lines_ejyp": "22", "stop_type_cat": "Regular Stop", "type_rank": 4, "line_count": 1, "service_level": "Local stop" }, "geometry": { "type": "Point", "coordinates": [ 22.953382, 40.642646 ] } },
{ "type": "Feature", "properties": { "code": "Β-06/098", "onomastasi": "ΔΕΥΤΕΡΗ ΟΣΙΟΣ ΔΑΥΙΔ", "type": "ΣΤΑΣΗ", "dimoskal": "ΘΕΣΣΑΛΟΝΙΚΗ", "lines_ejyp": "22", "stop_type_cat": "Regular Stop", "type_rank": 4, "line_count": 1, "service_level": "Local stop" }, "geometry": { "type": "Point", "coordinates": [ 22.951228, 40.642669 ] } },
{ "type": "Feature", "properties": { "code": "Β-06/111", "onomastasi": "ΦΙΛΟΠΑΠΠΟΥ", "type": "ΣΤΑΣΗ", "dimoskal": "ΘΕΣΣΑΛΟΝΙΚΗ", "lines_ejyp": "22", "stop_type_cat": "Regular Stop", "type_rank": 4, "line_count": 1, "service_level": "Local stop" }, "geometry": { "type": "Point", "coordinates": [ 22.950669, 40.642675 ] } },
{ "type": "Feature", "properties": { "code": "Β-06/112", "onomastasi": "ΣΠΑΡΤΑΚΟΥ", "type": "ΣΤΑΣΗ", "dimoskal": "ΘΕΣΣΑΛΟΝΙΚΗ", "lines_ejyp": "22", "stop_type_cat": "Regular Stop", "type_rank": 4, "line_count": 1, "service_level": "Local stop" }, "geometry": { "type": "Point", "coordinates": [ 22.950628, 40.642746 ] } },
{ "type": "Feature", "properties": { "code": "Β-05/066", "onomastasi": "ΑΝΑΣΤΡΟΦΗ", "type": "ΣΤΑΣΗ", "dimoskal": "ΘΕΣΣΑΛΟΝΙΚΗ", "lines_ejyp": "22", "stop_type_cat": "Regular Stop", "type_rank": 4, "line_count": 1, "service_level": "Local stop" }, "geometry": { "type": "Point", "coordinates": [ 22.952193, 40.643834 ] } },
{ "type": "Feature", "properties": { "code": "Β-05/050", "onomastasi": "ΒΡΥΣΑΚΙ", "type": "ΣΤΑΣΗ", "dimoskal": "ΝΕΑΠΟΛΗ ΣΥΚΙΕΣ", "lines_ejyp": "28", "stop_type_cat": "Regular Stop", "type_rank": 4, "line_count": 1, "service_level": "Local stop" }, "geometry": { "type": "Point", "coordinates": [ 22.95385, 40.644649 ] } },
{ "type": "Feature", "properties": { "code": "Β-05/048", "onomastasi": "ΣΚΑΛΑΚΙΑ", "type": "ΣΤΑΣΗ", "dimoskal": "ΝΕΑΠΟΛΗ ΣΥΚΙΕΣ", "lines_ejyp": "28", "stop_type_cat": "Regular Stop", "type_rank": 4, "line_count": 1, "service_level": "Local stop" }, "geometry": { "type": "Point", "coordinates": [ 22.952431, 40.645645 ] } },
{ "type": "Feature", "properties": { "code": "Β-05/046", "onomastasi": "ΚΕΦΑΛΑ", "type": "ΣΤΑΣΗ", "dimoskal": "ΝΕΑΠΟΛΗ ΣΥΚΙΕΣ", "lines_ejyp": "28", "stop_type_cat": "Regular Stop", "type_rank": 4, "line_count": 1, "service_level": "Local stop" }, "geometry": { "type": "Point", "coordinates": [ 22.950464, 40.645668 ] } },
{ "type": "Feature", "properties": { "code": "Β-05/047", "onomastasi": "ΣΚΑΛΑΚΙΑ", "type": "ΣΤΑΣΗ", "dimoskal": "ΝΕΑΠΟΛΗ ΣΥΚΙΕΣ", "lines_ejyp": "28", "stop_type_cat": "Regular Stop", "type_rank": 4, "line_count": 1, "service_level": "Local stop" }, "geometry": { "type": "Point", "coordinates": [ 22.952003, 40.64615 ] } },
{ "type": "Feature", "properties": { "code": "Β-05/056", "onomastasi": "ΤΖΙΤΖΙΦΙΕΣ", "type": "ΣΤΑΣΗ", "dimoskal": "ΝΕΑΠΟΛΗ ΣΥΚΙΕΣ", "lines_ejyp": "26", "stop_type_cat": "Regular Stop", "type_rank": 4, "line_count": 1, "service_level": "Local stop" }, "geometry": { "type": "Point", "coordinates": [ 22.950877, 40.647658 ] } },
{ "type": "Feature", "properties": { "code": "Β-06/058", "onomastasi": "ΠΛΑΤΑΝΟΣ", "type": "ΣΤΑΣΗ", "dimoskal": "ΘΕΣΣΑΛΟΝΙΚΗ", "lines_ejyp": "23", "stop_type_cat": "Regular Stop", "type_rank": 4, "line_count": 1, "service_level": "Local stop" }, "geometry": { "type": "Point", "coordinates": [ 22.955883, 40.642117 ] } },
{ "type": "Feature", "properties": { "code": "Β-06/062", "onomastasi": "ΠΛΑΤΑΝΟΣ", "type": "ΣΤΑΣΗ", "dimoskal": "ΘΕΣΣΑΛΟΝΙΚΗ", "lines_ejyp": "23,50", "stop_type_cat": "Regular Stop", "type_rank": 4, "line_count": 2, "service_level": "Multi-line stop" }, "geometry": { "type": "Point", "coordinates": [ 22.955572, 40.642469 ] } },
{ "type": "Feature", "properties": { "code": "Β-06/061", "onomastasi": "ΤΑΧΥΔΡΟΜΕΙΟ", "type": "ΣΤΑΣΗ", "dimoskal": "ΘΕΣΣΑΛΟΝΙΚΗ", "lines_ejyp": "23", "stop_type_cat": "Regular Stop", "type_rank": 4, "line_count": 1, "service_level": "Local stop" }, "geometry": { "type": "Point", "coordinates": [ 22.957076, 40.642648 ] } },
{ "type": "Feature", "properties": { "code": "Β-05/049", "onomastasi": "ΒΡΥΣΑΚΙ", "type": "ΣΤΑΣΗ", "dimoskal": "ΝΕΑΠΟΛΗ ΣΥΚΙΕΣ", "lines_ejyp": "28", "stop_type_cat": "Regular Stop", "type_rank": 4, "line_count": 1, "service_level": "Local stop" }, "geometry": { "type": "Point", "coordinates": [ 22.954098, 40.6447 ] } },
{ "type": "Feature", "properties": { "code": "Β-05/054", "onomastasi": "ΣΧΟΛΕΙΟ", "type": "ΣΤΑΣΗ", "dimoskal": "ΝΕΑΠΟΛΗ ΣΥΚΙΕΣ", "lines_ejyp": "28", "stop_type_cat": "Regular Stop", "type_rank": 4, "line_count": 1, "service_level": "Local stop" }, "geometry": { "type": "Point", "coordinates": [ 22.958188, 40.646517 ] } },
{ "type": "Feature", "properties": { "code": "Β-05/051", "onomastasi": "ΔΕΝΔΡΟΦΥΤΕΙΑ", "type": "ΣΤΑΣΗ", "dimoskal": "ΝΕΑΠΟΛΗ ΣΥΚΙΕΣ", "lines_ejyp": "28", "stop_type_cat": "Regular Stop", "type_rank": 4, "line_count": 1, "service_level": "Local stop" }, "geometry": { "type": "Point", "coordinates": [ 22.954614, 40.646604 ] } },
{ "type": "Feature", "properties": { "code": "Β-05/053", "onomastasi": "ΣΧΟΛΕΙΟ", "type": "ΣΤΑΣΗ", "dimoskal": "ΝΕΑΠΟΛΗ ΣΥΚΙΕΣ", "lines_ejyp": "28", "stop_type_cat": "Regular Stop", "type_rank": 4, "line_count": 1, "service_level": "Local stop" }, "geometry": { "type": "Point", "coordinates": [ 22.955945, 40.647117 ] } },
{ "type": "Feature", "properties": { "code": "Β-05/052", "onomastasi": "ΔΕΝΔΡΟΦΥΤΕΙΑ", "type": "ΣΤΑΣΗ", "dimoskal": "ΝΕΑΠΟΛΗ ΣΥΚΙΕΣ", "lines_ejyp": "28", "stop_type_cat": "Regular Stop", "type_rank": 4, "line_count": 1, "service_level": "Local stop" }, "geometry": { "type": "Point", "coordinates": [ 22.955099, 40.647115 ] } },
{ "type": "Feature", "properties": { "code": "Α-05/025", "onomastasi": "ΝΗΠΙΑΓΩΓΕΙΟ", "type": "ΣΤΑΣΗ", "dimoskal": "ΝΕΑΠΟΛΗ ΣΥΚΙΕΣ", "lines_ejyp": "18", "stop_type_cat": "Regular Stop", "type_rank": 4, "line_count": 1, "service_level": "Local stop" }, "geometry": { "type": "Point", "coordinates": [ 22.957666, 40.650368 ] } },
{ "type": "Feature", "properties": { "code": "Α-05/022", "onomastasi": "ΔΕΔΕΟΓΛΟΥ", "type": "ΣΤΑΣΗ", "dimoskal": "ΝΕΑΠΟΛΗ ΣΥΚΙΕΣ", "lines_ejyp": "23,28", "stop_type_cat": "Regular Stop", "type_rank": 4, "line_count": 2, "service_level": "Multi-line stop" }, "geometry": { "type": "Point", "coordinates": [ 22.957769, 40.650928 ] } },
{ "type": "Feature", "properties": { "code": "Β-05/055", "onomastasi": "ΤΖΙΤΖΙΦΙΕΣ", "type": "ΣΤΑΣΗ", "dimoskal": "ΝΕΑΠΟΛΗ ΣΥΚΙΕΣ", "lines_ejyp": "26", "stop_type_cat": "Regular Stop", "type_rank": 4, "line_count": 1, "service_level": "Local stop" }, "geometry": { "type": "Point", "coordinates": [ 22.950715, 40.647762 ] } },
{ "type": "Feature", "properties": { "code": "Β-05/057", "onomastasi": "ΑΓΙΟΣ ΔΗΜΗΤΡΙΟΣ", "type": "ΣΤΑΣΗ", "dimoskal": "ΝΕΑΠΟΛΗ ΣΥΚΙΕΣ", "lines_ejyp": "26", "stop_type_cat": "Regular Stop", "type_rank": 4, "line_count": 1, "service_level": "Local stop" }, "geometry": { "type": "Point", "coordinates": [ 22.952162, 40.649682 ] } },
{ "type": "Feature", "properties": { "code": "Β-05/058", "onomastasi": "ΑΓΙΟΣ ΔΗΜΗΤΡΙΟΣ", "type": "ΣΤΑΣΗ", "dimoskal": "ΝΕΑΠΟΛΗ ΣΥΚΙΕΣ", "lines_ejyp": "26", "stop_type_cat": "Regular Stop", "type_rank": 4, "line_count": 1, "service_level": "Local stop" }, "geometry": { "type": "Point", "coordinates": [ 22.951414, 40.649799 ] } },
{ "type": "Feature", "properties": { "code": "Β-05/023", "onomastasi": "ΙΠΠΟΚΡΑΤΟΥΣ", "type": "ΣΤΑΣΗ", "dimoskal": "ΝΕΑΠΟΛΗ ΣΥΚΙΕΣ", "lines_ejyp": "26", "stop_type_cat": "Regular Stop", "type_rank": 4, "line_count": 1, "service_level": "Local stop" }, "geometry": { "type": "Point", "coordinates": [ 22.950942, 40.650366 ] } },
{ "type": "Feature", "properties": { "code": "Β-05/068", "onomastasi": "ΚΥΠΡΟΥ", "type": "ΣΤΑΣΗ", "dimoskal": "ΝΕΑΠΟΛΗ ΣΥΚΙΕΣ", "lines_ejyp": "26", "stop_type_cat": "Regular Stop", "type_rank": 4, "line_count": 1, "service_level": "Local stop" }, "geometry": { "type": "Point", "coordinates": [ 22.951037, 40.651032 ] } },
{ "type": "Feature", "properties": { "code": "Β-05/022", "onomastasi": "ΡΗΓΑ ΦΕΡΑΙΟΥ 2", "type": "ΣΤΑΣΗ", "dimoskal": "ΝΕΑΠΟΛΗ ΣΥΚΙΕΣ", "lines_ejyp": "26", "stop_type_cat": "Regular Stop", "type_rank": 4, "line_count": 1, "service_level": "Local stop" }, "geometry": { "type": "Point", "coordinates": [ 22.952443, 40.651268 ] } },
{ "type": "Feature", "properties": { "code": "Β-05/027", "onomastasi": "ΚΥΠΡΟΥ", "type": "ΣΤΑΣΗ", "dimoskal": "ΝΕΑΠΟΛΗ ΣΥΚΙΕΣ", "lines_ejyp": "18", "stop_type_cat": "Regular Stop", "type_rank": 4, "line_count": 1, "service_level": "Local stop" }, "geometry": { "type": "Point", "coordinates": [ 22.951004, 40.651354 ] } },
{ "type": "Feature", "properties": { "code": "Β-05/024", "onomastasi": "ΡΗΓΑ ΦΕΡΑΙΟΥ 2", "type": "ΣΤΑΣΗ", "dimoskal": "ΝΕΑΠΟΛΗ ΣΥΚΙΕΣ", "lines_ejyp": "26", "stop_type_cat": "Regular Stop", "type_rank": 4, "line_count": 1, "service_level": "Local stop" }, "geometry": { "type": "Point", "coordinates": [ 22.952117, 40.651376 ] } },
{ "type": "Feature", "properties": { "code": "Β-05/069", "onomastasi": "ΚΟΚΚΟΡΑΣ", "type": "ΣΤΑΣΗ", "dimoskal": "ΝΕΑΠΟΛΗ ΣΥΚΙΕΣ", "lines_ejyp": "25,57,64,64Α,64Β", "stop_type_cat": "Regular Stop", "type_rank": 4, "line_count": 5, "service_level": "High-service stop" }, "geometry": { "type": "Point", "coordinates": [ 22.950894, 40.65406 ] } },
{ "type": "Feature", "properties": { "code": "Β-05/028", "onomastasi": "ΚΟΚΚΟΡΑΣ", "type": "ΣΤΑΣΗ", "dimoskal": "ΝΕΑΠΟΛΗ ΣΥΚΙΕΣ", "lines_ejyp": "18,25,57,64,64Α,64Β", "stop_type_cat": "Regular Stop", "type_rank": 4, "line_count": 6, "service_level": "High-service stop" }, "geometry": { "type": "Point", "coordinates": [ 22.951512, 40.654417 ] } },
{ "type": "Feature", "properties": { "code": "Α-05/021", "onomastasi": "ΔΕΔΕΟΓΛΟΥ", "type": "ΣΤΑΣΗ", "dimoskal": "ΝΕΑΠΟΛΗ ΣΥΚΙΕΣ", "lines_ejyp": "18,28", "stop_type_cat": "Regular Stop", "type_rank": 4, "line_count": 2, "service_level": "Multi-line stop" }, "geometry": { "type": "Point", "coordinates": [ 22.957898, 40.651028 ] } },
{ "type": "Feature", "properties": { "code": "Β-05/026", "onomastasi": "ΡΗΓΑ ΦΕΡΑΙΟΥ 3", "type": "ΣΤΑΣΗ", "dimoskal": "ΝΕΑΠΟΛΗ ΣΥΚΙΕΣ", "lines_ejyp": "26", "stop_type_cat": "Regular Stop", "type_rank": 4, "line_count": 1, "service_level": "Local stop" }, "geometry": { "type": "Point", "coordinates": [ 22.954779, 40.651009 ] } },
{ "type": "Feature", "properties": { "code": "Β-05/025", "onomastasi": "ΡΗΓΑ ΦΕΡΑΙΟΥ 3", "type": "ΣΤΑΣΗ", "dimoskal": "ΝΕΑΠΟΛΗ ΣΥΚΙΕΣ", "lines_ejyp": "26", "stop_type_cat": "Regular Stop", "type_rank": 4, "line_count": 1, "service_level": "Local stop" }, "geometry": { "type": "Point", "coordinates": [ 22.953894, 40.651014 ] } },
{ "type": "Feature", "properties": { "code": "Α-05/019", "onomastasi": "ΑΡΓΥΡΟΚΑΣΤΡΟΥ", "type": "ΣΤΑΣΗ", "dimoskal": "ΝΕΑΠΟΛΗ ΣΥΚΙΕΣ", "lines_ejyp": "23", "stop_type_cat": "Regular Stop", "type_rank": 4, "line_count": 1, "service_level": "Local stop" }, "geometry": { "type": "Point", "coordinates": [ 22.957248, 40.651698 ] } },
{ "type": "Feature", "properties": { "code": "Α-05/020", "onomastasi": "ΒΙΤΣΙ", "type": "ΣΤΑΣΗ", "dimoskal": "ΝΕΑΠΟΛΗ ΣΥΚΙΕΣ", "lines_ejyp": "23", "stop_type_cat": "Regular Stop", "type_rank": 4, "line_count": 1, "service_level": "Local stop" }, "geometry": { "type": "Point", "coordinates": [ 22.958262, 40.65172 ] } },
{ "type": "Feature", "properties": { "code": "Α-05/033", "onomastasi": "ΜΕΓΑΡΩΝ", "type": "ΣΤΑΣΗ", "dimoskal": "ΝΕΑΠΟΛΗ ΣΥΚΙΕΣ", "lines_ejyp": "28", "stop_type_cat": "Regular Stop", "type_rank": 4, "line_count": 1, "service_level": "Local stop" }, "geometry": { "type": "Point", "coordinates": [ 22.956096, 40.652007 ] } },
{ "type": "Feature", "properties": { "code": "Α-05/034", "onomastasi": "ΜΕΓΑΡΩΝ", "type": "ΣΤΑΣΗ", "dimoskal": "ΝΕΑΠΟΛΗ ΣΥΚΙΕΣ", "lines_ejyp": "28", "stop_type_cat": "Regular Stop", "type_rank": 4, "line_count": 1, "service_level": "Local stop" }, "geometry": { "type": "Point", "coordinates": [ 22.956406, 40.652036 ] } },
{ "type": "Feature", "properties": { "code": "Α-05/031", "onomastasi": "ΜΥΚΗΝΩΝ", "type": "ΣΤΑΣΗ", "dimoskal": "ΝΕΑΠΟΛΗ ΣΥΚΙΕΣ", "lines_ejyp": "28", "stop_type_cat": "Regular Stop", "type_rank": 4, "line_count": 1, "service_level": "Local stop" }, "geometry": { "type": "Point", "coordinates": [ 22.954445, 40.652941 ] } },
{ "type": "Feature", "properties": { "code": "Α-05/026", "onomastasi": "ΜΥΚΗΝΩΝ", "type": "ΣΤΑΣΗ", "dimoskal": "ΝΕΑΠΟΛΗ ΣΥΚΙΕΣ", "lines_ejyp": "18,28", "stop_type_cat": "Regular Stop", "type_rank": 4, "line_count": 2, "service_level": "Multi-line stop" }, "geometry": { "type": "Point", "coordinates": [ 22.953955, 40.653367 ] } },
{ "type": "Feature", "properties": { "code": "Α-05/007", "onomastasi": "ΣΤΡΟΦΗ ΜΕΤΕΩΡΩΝ", "type": "ΣΤΑΣΗ", "dimoskal": "ΠΑΥΛΟΣ ΜΕΛΑΣ", "lines_ejyp": "25,28,35,57,64,64Α,64Β", "stop_type_cat": "Regular Stop", "type_rank": 4, "line_count": 7, "service_level": "Major PT node" }, "geometry": { "type": "Point", "coordinates": [ 22.956043, 40.654659 ] } },
{ "type": "Feature", "properties": { "code": "Β-05/021", "onomastasi": "ΓΥΜΝΑΣΙΟ", "type": "ΣΤΑΣΗ", "dimoskal": "ΝΕΑΠΟΛΗ ΣΥΚΙΕΣ", "lines_ejyp": "26", "stop_type_cat": "Regular Stop", "type_rank": 4, "line_count": 1, "service_level": "Local stop" }, "geometry": { "type": "Point", "coordinates": [ 22.9491, 40.649888 ] } },
{ "type": "Feature", "properties": { "code": "Β-05/019", "onomastasi": "ΑΡΑΒΗΣΣΟΥ", "type": "ΣΤΑΣΗ", "dimoskal": "ΝΕΑΠΟΛΗ ΣΥΚΙΕΣ", "lines_ejyp": "26", "stop_type_cat": "Regular Stop", "type_rank": 4, "line_count": 1, "service_level": "Local stop" }, "geometry": { "type": "Point", "coordinates": [ 22.946646, 40.649898 ] } },
{ "type": "Feature", "properties": { "code": "Β-05/020", "onomastasi": "ΑΡΑΒΗΣΣΟΥ", "type": "ΣΤΑΣΗ", "dimoskal": "ΝΕΑΠΟΛΗ ΣΥΚΙΕΣ", "lines_ejyp": "26", "stop_type_cat": "Regular Stop", "type_rank": 4, "line_count": 1, "service_level": "Local stop" }, "geometry": { "type": "Point", "coordinates": [ 22.947093, 40.649986 ] } },
{ "type": "Feature", "properties": { "code": "Β-05/018", "onomastasi": "ΜΑΥΡΟΣ ΓΑΤΟΣ", "type": "ΣΤΑΣΗ", "dimoskal": "ΝΕΑΠΟΛΗ ΣΥΚΙΕΣ", "lines_ejyp": "26", "stop_type_cat": "Regular Stop", "type_rank": 4, "line_count": 1, "service_level": "Local stop" }, "geometry": { "type": "Point", "coordinates": [ 22.944748, 40.650167 ] } },
{ "type": "Feature", "properties": { "code": "Β-05/017", "onomastasi": "ΜΑΥΡΟΣ ΓΑΤΟΣ", "type": "ΣΤΑΣΗ", "dimoskal": "ΝΕΑΠΟΛΗ ΣΥΚΙΕΣ", "lines_ejyp": "26", "stop_type_cat": "Regular Stop", "type_rank": 4, "line_count": 1, "service_level": "Local stop" }, "geometry": { "type": "Point", "coordinates": [ 22.944765, 40.650292 ] } },
{ "type": "Feature", "properties": { "code": "Β-05/031", "onomastasi": "ΒΑΛΣΑΜΗ", "type": "ΣΤΑΣΗ", "dimoskal": "ΝΕΑΠΟΛΗ ΣΥΚΙΕΣ", "lines_ejyp": "18,25,57,64,64Α,64Β", "stop_type_cat": "Regular Stop", "type_rank": 4, "line_count": 6, "service_level": "High-service stop" }, "geometry": { "type": "Point", "coordinates": [ 22.944997, 40.651182 ] } },
{ "type": "Feature", "properties": { "code": "Β-05/032", "onomastasi": "ΒΑΛΣΑΜΗ", "type": "ΣΤΑΣΗ", "dimoskal": "ΝΕΑΠΟΛΗ ΣΥΚΙΕΣ", "lines_ejyp": "18,25,57,64,64Α,64Β", "stop_type_cat": "Regular Stop", "type_rank": 4, "line_count": 6, "service_level": "High-service stop" }, "geometry": { "type": "Point", "coordinates": [ 22.944918, 40.651229 ] } },
{ "type": "Feature", "properties": { "code": "Β-05/030", "onomastasi": "ΠΑΛΙΟ ΤΕΡΜΑ", "type": "ΣΤΑΣΗ", "dimoskal": "ΝΕΑΠΟΛΗ ΣΥΚΙΕΣ", "lines_ejyp": "18,25,57,64,64Α,64Β", "stop_type_cat": "Regular Stop", "type_rank": 4, "line_count": 6, "service_level": "High-service stop" }, "geometry": { "type": "Point", "coordinates": [ 22.94877, 40.652459 ] } },
{ "type": "Feature", "properties": { "code": "Β-05/029", "onomastasi": "ΠΑΛΙΟ ΤΕΡΜΑ", "type": "ΣΤΑΣΗ", "dimoskal": "ΝΕΑΠΟΛΗ ΣΥΚΙΕΣ", "lines_ejyp": "18,25,57,64,64Α,64Β", "stop_type_cat": "Regular Stop", "type_rank": 4, "line_count": 6, "service_level": "High-service stop" }, "geometry": { "type": "Point", "coordinates": [ 22.948769, 40.652659 ] } },
{ "type": "Feature", "properties": { "code": "Β-04/019", "onomastasi": "ΤΡΙΓΩΝΟ", "type": "ΣΤΑΣΗ", "dimoskal": "ΠΑΥΛΟΣ ΜΕΛΑΣ", "lines_ejyp": "35", "stop_type_cat": "Regular Stop", "type_rank": 4, "line_count": 1, "service_level": "Local stop" }, "geometry": { "type": "Point", "coordinates": [ 22.943847, 40.658502 ] } },
{ "type": "Feature", "properties": { "code": "Α-05/008", "onomastasi": "ΚΟΝΤΟΣΟΓΛΟΥ", "type": "ΣΤΑΣΗ", "dimoskal": "ΝΕΑΠΟΛΗ ΣΥΚΙΕΣ", "lines_ejyp": "25,28,35,57,64,64Α,64Β", "stop_type_cat": "Regular Stop", "type_rank": 4, "line_count": 7, "service_level": "Major PT node" }, "geometry": { "type": "Point", "coordinates": [ 22.953436, 40.654477 ] } },
{ "type": "Feature", "properties": { "code": "Α-05/032", "onomastasi": "ΚΟΝΤΟΣΟΓΛΟΥ", "type": "ΣΤΑΣΗ", "dimoskal": "ΝΕΑΠΟΛΗ ΣΥΚΙΕΣ", "lines_ejyp": "28", "stop_type_cat": "Regular Stop", "type_rank": 4, "line_count": 1, "service_level": "Local stop" }, "geometry": { "type": "Point", "coordinates": [ 22.953415, 40.654622 ] } },
{ "type": "Feature", "properties": { "code": "Α-05/028", "onomastasi": "ΠΑΛΙΟ ΤΕΡΜΑ", "type": "ΣΤΑΣΗ", "dimoskal": "ΝΕΑΠΟΛΗ ΣΥΚΙΕΣ", "lines_ejyp": "35", "stop_type_cat": "Regular Stop", "type_rank": 4, "line_count": 1, "service_level": "Local stop" }, "geometry": { "type": "Point", "coordinates": [ 22.952305, 40.655283 ] } },
{ "type": "Feature", "properties": { "code": "Α-05/027", "onomastasi": "ΠΑΛΙΟ ΤΕΡΜΑ", "type": "ΣΤΑΣΗ", "dimoskal": "ΝΕΑΠΟΛΗ ΣΥΚΙΕΣ", "lines_ejyp": "35", "stop_type_cat": "Regular Stop", "type_rank": 4, "line_count": 1, "service_level": "Local stop" }, "geometry": { "type": "Point", "coordinates": [ 22.952478, 40.655343 ] } },
{ "type": "Feature", "properties": { "code": "Α-04/019", "onomastasi": "ΦΕΙΔΙΟΥ", "type": "ΣΤΑΣΗ", "dimoskal": "ΠΑΥΛΟΣ ΜΕΛΑΣ", "lines_ejyp": "35", "stop_type_cat": "Regular Stop", "type_rank": 4, "line_count": 1, "service_level": "Local stop" }, "geometry": { "type": "Point", "coordinates": [ 22.950404, 40.657499 ] } },
{ "type": "Feature", "properties": { "code": "Α-04/018", "onomastasi": "ΦΕΙΔΙΟΥ", "type": "ΣΤΑΣΗ", "dimoskal": "ΠΑΥΛΟΣ ΜΕΛΑΣ", "lines_ejyp": "35", "stop_type_cat": "Regular Stop", "type_rank": 4, "line_count": 1, "service_level": "Local stop" }, "geometry": { "type": "Point", "coordinates": [ 22.950376, 40.65765 ] } },
{ "type": "Feature", "properties": { "code": "Α-04/020", "onomastasi": "ΠΛΑΤΕΙΑ ΜΑΥΡΟΛΕΥΚΗΣ", "type": "ΣΤΑΣΗ", "dimoskal": "ΠΑΥΛΟΣ ΜΕΛΑΣ", "lines_ejyp": "01,01Α,29", "stop_type_cat": "Regular Stop", "type_rank": 4, "line_count": 3, "service_level": "Multi-line stop" }, "geometry": { "type": "Point", "coordinates": [ 22.949655, 40.664733 ] } },
{ "type": "Feature", "properties": { "code": "Α-04/021", "onomastasi": "ΠΛΑΤΕΙΑ ΜΑΥΡΟΛΕΥΚΗΣ", "type": "ΣΤΑΣΗ", "dimoskal": "ΠΑΥΛΟΣ ΜΕΛΑΣ", "lines_ejyp": "01,01Α,29,29Α", "stop_type_cat": "Regular Stop", "type_rank": 4, "line_count": 4, "service_level": "High-service stop" }, "geometry": { "type": "Point", "coordinates": [ 22.949544, 40.66477 ] } },
{ "type": "Feature", "properties": { "code": "Α-04/023", "onomastasi": "ΔΑΣΥΛΛΙΟ", "type": "ΣΤΑΣΗ", "dimoskal": "ΠΑΥΛΟΣ ΜΕΛΑΣ", "lines_ejyp": "01,01Α,29", "stop_type_cat": "Regular Stop", "type_rank": 4, "line_count": 3, "service_level": "Multi-line stop" }, "geometry": { "type": "Point", "coordinates": [ 22.951472, 40.665 ] } },
{ "type": "Feature", "properties": { "code": "Α-04/022", "onomastasi": "ΔΑΣΥΛΛΙΟ", "type": "ΣΤΑΣΗ", "dimoskal": "ΠΑΥΛΟΣ ΜΕΛΑΣ", "lines_ejyp": "01,01Α,29,29Α", "stop_type_cat": "Regular Stop", "type_rank": 4, "line_count": 4, "service_level": "High-service stop" }, "geometry": { "type": "Point", "coordinates": [ 22.952556, 40.665306 ] } },
{ "type": "Feature", "properties": { "code": "Β-05/003", "onomastasi": "ΠΑΠΑΖΩΛΗ", "type": "ΣΤΑΣΗ", "dimoskal": "ΘΕΣΣΑΛΟΝΙΚΗ", "lines_ejyp": "26,28A", "stop_type_cat": "Regular Stop", "type_rank": 4, "line_count": 2, "service_level": "Multi-line stop" }, "geometry": { "type": "Point", "coordinates": [ 22.939771, 40.641795 ] } },
{ "type": "Feature", "properties": { "code": "Γ-05/008", "onomastasi": "ΠΛΑΤΕΙΑ ΔΗΜΟΚΡΑΤΙΑΣ", "type": "ΤΕΣ ΠΛΗΡΟΦΟΡΗΣΗ", "dimoskal": "ΘΕΣΣΑΛΟΝΙΚΗ", "lines_ejyp": "20,25,26,27,29,32,32A,34,35,38,56,56A,57,57Y,64,64A,64E,64K,83,83B,83M,83T", "stop_type_cat": "Info Stop", "type_rank": 3, "line_count": 22, "service_level": "Major PT node" }, "geometry": { "type": "Point", "coordinates": [ 22.935329, 40.642491 ] } },
{ "type": "Feature", "properties": { "code": "Β-06/077", "onomastasi": "ΠΛΑΤΕΙΑ ΜΟΥΣΧΟΥΝΤΗ", "type": "ΤΕΡΜΑΤΙΚΟΣ ΣΤΑΘΜΟΣ ( ΑΦΕΤΗΡΙΑ - ΤΕΡΜΑ )", "dimoskal": "ΘΕΣΣΑΛΟΝΙΚΗ", "lines_ejyp": "22", "stop_type_cat": "Terminal Stop", "type_rank": 2, "line_count": 1, "service_level": "Local stop" }, "geometry": { "type": "Point", "coordinates": [ 22.94219, 40.642874 ] } },
{ "type": "Feature", "properties": { "code": "Β-05/006", "onomastasi": "ΠΑΛΙΑ ΛΑΧΑΝΑΓΟΡΑ", "type": "ΣΤΑΣΗ", "dimoskal": "ΘΕΣΣΑΛΟΝΙΚΗ", "lines_ejyp": "2,28A,32N", "stop_type_cat": "Regular Stop", "type_rank": 4, "line_count": 3, "service_level": "Multi-line stop" }, "geometry": { "type": "Point", "coordinates": [ 22.940295, 40.642918 ] } },
{ "type": "Feature", "properties": { "code": "Β-05/007", "onomastasi": "ΠΑΛΙΑ ΛΑΧΑΝΑΓΟΡΑ", "type": "ΣΤΑΣΗ", "dimoskal": "ΘΕΣΣΑΛΟΝΙΚΗ", "lines_ejyp": "23,28B", "stop_type_cat": "Regular Stop", "type_rank": 4, "line_count": 2, "service_level": "Multi-line stop" }, "geometry": { "type": "Point", "coordinates": [ 22.941606, 40.643068 ] } },
{ "type": "Feature", "properties": { "code": "Β-05/008", "onomastasi": "ΥΔΡΑΓΩΓΕΙΟ", "type": "ΣΤΑΣΗ", "dimoskal": "ΘΕΣΣΑΛΟΝΙΚΗ", "lines_ejyp": "26,28A", "stop_type_cat": "Regular Stop", "type_rank": 4, "line_count": 2, "service_level": "Multi-line stop" }, "geometry": { "type": "Point", "coordinates": [ 22.940826, 40.644202 ] } },
{ "type": "Feature", "properties": { "code": "Β-05/009", "onomastasi": "ΚΑΦΑΝΤΑΡΗ", "type": "ΣΤΑΣΗ", "dimoskal": "ΘΕΣΣΑΛΟΝΙΚΗ", "lines_ejyp": "26", "stop_type_cat": "Regular Stop", "type_rank": 4, "line_count": 1, "service_level": "Local stop" }, "geometry": { "type": "Point", "coordinates": [ 22.937456, 40.644272 ] } },
{ "type": "Feature", "properties": { "code": "Β-05/065", "onomastasi": "ΠΡΟΝΟΙΑ", "type": "ΣΤΑΣΗ", "dimoskal": "ΘΕΣΣΑΛΟΝΙΚΗ", "lines_ejyp": "28A", "stop_type_cat": "Regular Stop", "type_rank": 4, "line_count": 1, "service_level": "Local stop" }, "geometry": { "type": "Point", "coordinates": [ 22.942144, 40.645034 ] } },
{ "type": "Feature", "properties": { "code": "Β-05/070", "onomastasi": "ΥΔΡΑΓΩΓΕΙΟ", "type": "ΤΕΣ ΠΛΗΡΟΦΟΡΗΣΗ", "dimoskal": "ΘΕΣΣΑΛΟΝΙΚΗ", "lines_ejyp": "26", "stop_type_cat": "Info Stop", "type_rank": 3, "line_count": 1, "service_level": "Local stop" }, "geometry": { "type": "Point", "coordinates": [ 22.939204, 40.645293 ] } },
{ "type": "Feature", "properties": { "code": "Β-05/039", "onomastasi": "ΕΡΓΑΤΙΚΕΣ ΚΑΤΟΙΚΙΕΣ", "type": "ΣΤΑΣΗ", "dimoskal": "ΘΕΣΣΑΛΟΝΙΚΗ", "lines_ejyp": "25,27,29,35,38,56,56A,57,57Y,64,64A,64B,64E,64K,84,84A,84B", "stop_type_cat": "Regular Stop", "type_rank": 4, "line_count": 17, "service_level": "Major PT node" }, "geometry": { "type": "Point", "coordinates": [ 22.935465, 40.645492 ] } },
{ "type": "Feature", "properties": { "code": "Γ-05/037 Ι", "onomastasi": "ΝΕΟΣ ΣΙΔΗΡΟΔΡΟΜΙΚΟΣ ΣΤΑΘΜΟΣ", "type": "ΣΤΑΣΗ", "dimoskal": "ΘΕΣΣΑΛΟΝΙΚΗ", "lines_ejyp": " 1N,01N,02K,45,45A,45B,84,84A,84B", "stop_type_cat": "Regular Stop", "type_rank": 4, "line_count": 9, "service_level": "Major PT node" }, "geometry": { "type": "Point", "coordinates": [ 22.928009, 40.644652 ] } },
{ "type": "Feature", "properties": { "code": "Γ-05/037 Μ", "onomastasi": "ΝΕΟΣ ΣΙΔΗΡΟΔΡΟΜΙΚΟΣ ΣΤΑΘΜΟΣ (ΜΑΡΓΑΡΟΠΟΥΛΟΥ)", "type": "ΣΤΑΘΜΟΣ ΜΕΤΕΠΙΒΙΒΑΣΗΣ", "dimoskal": "ΘΕΣΣΑΛΟΝΙΚΗ", "lines_ejyp": "09,09A,09B,09E,37,38,40,40A,40K", "stop_type_cat": "Transfer Station", "type_rank": 1, "line_count": 9, "service_level": "Major PT node" }, "geometry": { "type": "Point", "coordinates": [ 22.931312, 40.6447 ] } },
{ "type": "Feature", "properties": { "code": "Γ-05/037 Α", "onomastasi": "Τ.Σ. ΣΤΑΘΜΟΣ Α", "type": "ΣΤΑΘΜΟΣ ΜΕΤΕΠΙΒΙΒΑΣΗΣ", "dimoskal": "ΘΕΣΣΑΛΟΝΙΚΗ", "lines_ejyp": "19,19A,23,54,54A,55X,56,56A,64,64A,64B,64E,64K,70,70A,71,71A", "stop_type_cat": "Transfer Station", "type_rank": 1, "line_count": 17, "service_level": "Major PT node" }, "geometry": { "type": "Point", "coordinates": [ 22.928066, 40.644925 ] } },
{ "type": "Feature", "properties": { "code": "Γ-05/037 Β", "onomastasi": "Τ.Σ. ΣΤΑΘΜΟΣ Β", "type": "ΣΤΑΘΜΟΣ ΜΕΤΕΠΙΒΙΒΑΣΗΣ", "dimoskal": "ΘΕΣΣΑΛΟΝΙΚΗ", "lines_ejyp": "11,11B,17", "stop_type_cat": "Transfer Station", "type_rank": 1, "line_count": 3, "service_level": "Multi-line stop" }, "geometry": { "type": "Point", "coordinates": [ 22.927902, 40.644968 ] } },
{ "type": "Feature", "properties": { "code": "Γ-05/037β", "onomastasi": "Τ.Σ. Ν.Σ. ΣΤΑΘΜΟΣ β", "type": "ΣΤΑΘΜΟΣ ΜΕΤΕΠΙΒΙΒΑΣΗΣ", "dimoskal": "ΘΕΣΣΑΛΟΝΙΚΗ", "lines_ejyp": "51,52,52A", "stop_type_cat": "Transfer Station", "type_rank": 1, "line_count": 3, "service_level": "Multi-line stop" }, "geometry": { "type": "Point", "coordinates": [ 22.927858, 40.644968 ] } },
{ "type": "Feature", "properties": { "code": "Β-05/072", "onomastasi": "ΔΡΑΓΟΥΜΑΝΟΥ", "type": "ΣΤΑΣΗ", "dimoskal": "ΘΕΣΣΑΛΟΝΙΚΗ", "lines_ejyp": "38,56,56A,64,64A,64B,64E,64K,84,84A,84B", "stop_type_cat": "Regular Stop", "type_rank": 4, "line_count": 11, "service_level": "Major PT node" }, "geometry": { "type": "Point", "coordinates": [ 22.935029, 40.645097 ] } },
{ "type": "Feature", "properties": { "code": "Γ-05/012", "onomastasi": "ΑΓΙΟΣ ΝΙΚΟΛΑΟΣ", "type": "ΣΤΑΣΗ", "dimoskal": "ΘΕΣΣΑΛΟΝΙΚΗ", "lines_ejyp": "20,21,21A,32,32A,32N,34", "stop_type_cat": "Regular Stop", "type_rank": 4, "line_count": 7, "service_level": "Major PT node" }, "geometry": { "type": "Point", "coordinates": [ 22.932704, 40.645509 ] } },
{ "type": "Feature", "properties": { "code": "Γ-05/037 Γ", "onomastasi": "Τ.Σ. ΣΤΑΘΜΟΣ Γ", "type": "ΣΤΑΘΜΟΣ ΜΕΤΕΠΙΒΙΒΑΣΗΣ ΤΕΣ", "dimoskal": "ΘΕΣΣΑΛΟΝΙΚΗ", "lines_ejyp": "02,03,03K,10,14,14A,37", "stop_type_cat": "Transfer Station", "type_rank": 1, "line_count": 7, "service_level": "Major PT node" }, "geometry": { "type": "Point", "coordinates": [ 22.927602, 40.64557 ] } },
{ "type": "Feature", "properties": { "code": "Γ-05/011", "onomastasi": "ΑΓΙΟΣ ΝΙΚΟΛΑΟΣ", "type": "ΤΕΣ ΠΛΗΡΟΦΟΡΗΣΗ", "dimoskal": "ΘΕΣΣΑΛΟΝΙΚΗ", "lines_ejyp": "20,21,21A,32,32A,32N,34", "stop_type_cat": "Info Stop", "type_rank": 3, "line_count": 7, "service_level": "Major PT node" }, "geometry": { "type": "Point", "coordinates": [ 22.932871, 40.645682 ] } },
{ "type": "Feature", "properties": { "code": "Γ-04/052", "onomastasi": "ΑΓΙΩΝ ΠΑΝΤΩΝ", "type": "ΣΤΑΣΗ", "dimoskal": "ΘΕΣΣΑΛΟΝΙΚΗ", "lines_ejyp": " 1N,01N,02K,09,09A,09B,09E,19,40,40A,40K,45,45A,45B,51,54,54A,55X", "stop_type_cat": "Regular Stop", "type_rank": 4, "line_count": 18, "service_level": "Major PT node" }, "geometry": { "type": "Point", "coordinates": [ 22.925996, 40.645948 ] } },
{ "type": "Feature", "properties": { "code": "Β-05/041", "onomastasi": "ΒΑΟ", "type": "ΣΤΑΣΗ", "dimoskal": "ΘΕΣΣΑΛΟΝΙΚΗ", "lines_ejyp": "28", "stop_type_cat": "Regular Stop", "type_rank": 4, "line_count": 1, "service_level": "Local stop" }, "geometry": { "type": "Point", "coordinates": [ 22.944943, 40.645564 ] } },
{ "type": "Feature", "properties": { "code": "Β-05/042", "onomastasi": "ΒΑΟ", "type": "ΣΤΑΣΗ", "dimoskal": "ΘΕΣΣΑΛΟΝΙΚΗ", "lines_ejyp": "28", "stop_type_cat": "Regular Stop", "type_rank": 4, "line_count": 1, "service_level": "Local stop" }, "geometry": { "type": "Point", "coordinates": [ 22.945003, 40.645763 ] } },
{ "type": "Feature", "properties": { "code": "Β-05/059", "onomastasi": "ΣΧΟΛΕΙΟ", "type": "ΣΤΑΣΗ", "dimoskal": "ΝΕΑΠΟΛΗ ΣΥΚΙΕΣ", "lines_ejyp": "26", "stop_type_cat": "Regular Stop", "type_rank": 4, "line_count": 1, "service_level": "Local stop" }, "geometry": { "type": "Point", "coordinates": [ 22.949246, 40.646761 ] } },
{ "type": "Feature", "properties": { "code": "Β-05/060", "onomastasi": "ΣΧΟΛΕΙΟ", "type": "ΣΤΑΣΗ", "dimoskal": "ΝΕΑΠΟΛΗ ΣΥΚΙΕΣ", "lines_ejyp": "26", "stop_type_cat": "Regular Stop", "type_rank": 4, "line_count": 1, "service_level": "Local stop" }, "geometry": { "type": "Point", "coordinates": [ 22.949239, 40.646829 ] } },
{ "type": "Feature", "properties": { "code": "Β-05/064", "onomastasi": "Τ.Σ. ΚΑΛΛΙΘΕΑΣ", "type": "ΤΕΡΜΑΤΙΚΟΣ ΣΤΑΘΜΟΣ ( ΑΦΕΤΗΡΙΑ - ΤΕΡΜΑ )", "dimoskal": "ΝΕΑΠΟΛΗ ΣΥΚΙΕΣ", "lines_ejyp": "26", "stop_type_cat": "Terminal Stop", "type_rank": 2, "line_count": 1, "service_level": "Local stop" }, "geometry": { "type": "Point", "coordinates": [ 22.942516, 40.646954 ] } },
{ "type": "Feature", "properties": { "code": "Β-05/061", "onomastasi": "ΑΓΙΩΝ ΘΕΟΔΩΡΩΝ", "type": "ΣΤΑΣΗ", "dimoskal": "ΝΕΑΠΟΛΗ ΣΥΚΙΕΣ", "lines_ejyp": "26", "stop_type_cat": "Regular Stop", "type_rank": 4, "line_count": 1, "service_level": "Local stop" }, "geometry": { "type": "Point", "coordinates": [ 22.946105, 40.647189 ] } },
{ "type": "Feature", "properties": { "code": "Β-05/062", "onomastasi": "ΑΓΙΩΝ ΘΕΟΔΩΡΩΝ", "type": "ΣΤΑΣΗ", "dimoskal": "ΝΕΑΠΟΛΗ ΣΥΚΙΕΣ", "lines_ejyp": "26", "stop_type_cat": "Regular Stop", "type_rank": 4, "line_count": 1, "service_level": "Local stop" }, "geometry": { "type": "Point", "coordinates": [ 22.945444, 40.647249 ] } },
{ "type": "Feature", "properties": { "code": "Β-05/063", "onomastasi": "ΑΦΕΤΗΡΙΑ", "type": "ΣΤΑΣΗ", "dimoskal": "ΝΕΑΠΟΛΗ ΣΥΚΙΕΣ", "lines_ejyp": "26", "stop_type_cat": "Regular Stop", "type_rank": 4, "line_count": 1, "service_level": "Local stop" }, "geometry": { "type": "Point", "coordinates": [ 22.943288, 40.647242 ] } },
{ "type": "Feature", "properties": { "code": "Β-05/016", "onomastasi": "ΣΚΑΛΑΚΙΑ", "type": "ΣΤΑΣΗ", "dimoskal": "ΝΕΑΠΟΛΗ ΣΥΚΙΕΣ", "lines_ejyp": "26", "stop_type_cat": "Regular Stop", "type_rank": 4, "line_count": 1, "service_level": "Local stop" }, "geometry": { "type": "Point", "coordinates": [ 22.942735, 40.649513 ] } },
{ "type": "Feature", "properties": { "code": "Β-05/015", "onomastasi": "ΣΚΑΛΑΚΙΑ", "type": "ΣΤΑΣΗ", "dimoskal": "ΝΕΑΠΟΛΗ ΣΥΚΙΕΣ", "lines_ejyp": "26", "stop_type_cat": "Regular Stop", "type_rank": 4, "line_count": 1, "service_level": "Local stop" }, "geometry": { "type": "Point", "coordinates": [ 22.94272, 40.649825 ] } },
{ "type": "Feature", "properties": { "code": "Β-05/010", "onomastasi": "ΙΚΟΝΙΟΥ ΠΡΟΚΟΠΙΟΥ", "type": "ΣΤΑΣΗ", "dimoskal": "ΘΕΣΣΑΛΟΝΙΚΗ", "lines_ejyp": "26", "stop_type_cat": "Regular Stop", "type_rank": 4, "line_count": 1, "service_level": "Local stop" }, "geometry": { "type": "Point", "coordinates": [ 22.937745, 40.646206 ] } },
{ "type": "Feature", "properties": { "code": "Β-05/071", "onomastasi": "ΝΑΥΑΡΙΝΟΥ", "type": "ΣΤΑΣΗ", "dimoskal": "ΝΕΑΠΟΛΗ ΣΥΚΙΕΣ", "lines_ejyp": "26", "stop_type_cat": "Regular Stop", "type_rank": 4, "line_count": 1, "service_level": "Local stop" }, "geometry": { "type": "Point", "coordinates": [ 22.942297, 40.646754 ] } },
{ "type": "Feature", "properties": { "code": "Β-05/011", "onomastasi": "ΠΑΝΑΓΙΑΣ ΦΑΝΕΡΩΜΕΝΗΣ", "type": "ΣΤΑΣΗ", "dimoskal": "ΘΕΣΣΑΛΟΝΙΚΗ", "lines_ejyp": "26", "stop_type_cat": "Regular Stop", "type_rank": 4, "line_count": 1, "service_level": "Local stop" }, "geometry": { "type": "Point", "coordinates": [ 22.938344, 40.646729 ] } },
{ "type": "Feature", "properties": { "code": "Β-05/038", "onomastasi": "ΕΡΓΑΤΙΚΕΣ ΚΑΤΟΙΚΙΕΣ", "type": "ΤΕΣ ΠΛΗΡΟΦΟΡΗΣΗ", "dimoskal": "ΘΕΣΣΑΛΟΝΙΚΗ", "lines_ejyp": "25,25A,27,29,29A,35,38,56,56A,57,57Y,64,64A,64B,64E,64K,84,84A,84B", "stop_type_cat": "Info Stop", "type_rank": 3, "line_count": 19, "service_level": "Major PT node" }, "geometry": { "type": "Point", "coordinates": [ 22.935157, 40.646865 ] } },
{ "type": "Feature", "properties": { "code": "Β-05/012", "onomastasi": "ΓΕΦΥΡΑ ΑΝΑΣΤΕΝΑΓΜΩΝ", "type": "ΣΤΑΣΗ", "dimoskal": "ΝΕΑΠΟΛΗ ΣΥΚΙΕΣ", "lines_ejyp": "26", "stop_type_cat": "Regular Stop", "type_rank": 4, "line_count": 1, "service_level": "Local stop" }, "geometry": { "type": "Point", "coordinates": [ 22.937196, 40.648328 ] } },
{ "type": "Feature", "properties": { "code": "Β-05/037", "onomastasi": "ΓΕΦΥΡΑ", "type": "ΣΤΑΣΗ", "dimoskal": "ΝΕΑΠΟΛΗ ΣΥΚΙΕΣ", "lines_ejyp": "57,64,64Α,64Β", "stop_type_cat": "Regular Stop", "type_rank": 4, "line_count": 4, "service_level": "High-service stop" }, "geometry": { "type": "Point", "coordinates": [ 22.936209, 40.64872 ] } },
{ "type": "Feature", "properties": { "code": "Β-05/036", "onomastasi": "ΓΕΦΥΡΑ", "type": "ΣΤΑΣΗ", "dimoskal": "ΝΕΑΠΟΛΗ ΣΥΚΙΕΣ", "lines_ejyp": "35,57,64,64Α,64Β", "stop_type_cat": "Regular Stop", "type_rank": 4, "line_count": 5, "service_level": "High-service stop" }, "geometry": { "type": "Point", "coordinates": [ 22.936227, 40.648951 ] } },
{ "type": "Feature", "properties": { "code": "Β-04/001", "onomastasi": "ΓΕΦΥΡΑ", "type": "ΣΤΑΣΗ", "dimoskal": "ΝΕΑΠΟΛΗ ΣΥΚΙΕΣ", "lines_ejyp": "25,27,29,35,38,56,84Α,84Β", "stop_type_cat": "Regular Stop", "type_rank": 4, "line_count": 8, "service_level": "Major PT node" }, "geometry": { "type": "Point", "coordinates": [ 22.935571, 40.648947 ] } },
{ "type": "Feature", "properties": { "code": "Β-04/002", "onomastasi": "ΓΕΦΥΡΑ", "type": "ΣΤΑΣΗ", "dimoskal": "ΘΕΣΣΑΛΟΝΙΚΗ", "lines_ejyp": "25,25A,27,29,29A,38,56,56A,84,84A,84B", "stop_type_cat": "Regular Stop", "type_rank": 4, "line_count": 11, "service_level": "Major PT node" }, "geometry": { "type": "Point", "coordinates": [ 22.935344, 40.648947 ] } },
{ "type": "Feature", "properties": { "code": "Β-05/013", "onomastasi": "ΡΗΓΑ ΦΕΡΑΙΟΥ 1", "type": "ΣΤΑΣΗ", "dimoskal": "ΝΕΑΠΟΛΗ ΣΥΚΙΕΣ", "lines_ejyp": "26", "stop_type_cat": "Regular Stop", "type_rank": 4, "line_count": 1, "service_level": "Local stop" }, "geometry": { "type": "Point", "coordinates": [ 22.939071, 40.649133 ] } },
{ "type": "Feature", "properties": { "code": "Γ-04/018", "onomastasi": "ΣΤΡΟΦΗ ΞΗΡΟΚΡΗΝΗΣ", "type": "ΣΤΑΣΗ", "dimoskal": "ΘΕΣΣΑΛΟΝΙΚΗ", "lines_ejyp": "20,21,21A,32,32A,32N,34", "stop_type_cat": "Regular Stop", "type_rank": 4, "line_count": 7, "service_level": "Major PT node" }, "geometry": { "type": "Point", "coordinates": [ 22.931493, 40.647197 ] } },
{ "type": "Feature", "properties": { "code": "Γ-04/038", "onomastasi": "ΑΓΑΘΩΝΟΣ 2", "type": "ΣΤΑΣΗ", "dimoskal": "ΑΜΠΕΛΟΚΗΠΟΙ ΜΕΝΕΜΕΝΗ", "lines_ejyp": "20,21,21A", "stop_type_cat": "Regular Stop", "type_rank": 4, "line_count": 3, "service_level": "Multi-line stop" }, "geometry": { "type": "Point", "coordinates": [ 22.926357, 40.647767 ] } },
{ "type": "Feature", "properties": { "code": "Γ-04/017", "onomastasi": "ΣΤΡΟΦΗ ΞΗΡΟΚΡΗΝΗΣ", "type": "ΤΕΣ ΠΛΗΡΟΦΟΡΗΣΗ", "dimoskal": "ΑΜΠΕΛΟΚΗΠΟΙ ΜΕΝΕΜΕΝΗ", "lines_ejyp": "20,21,21A,32,32A,32N,34", "stop_type_cat": "Info Stop", "type_rank": 3, "line_count": 7, "service_level": "Major PT node" }, "geometry": { "type": "Point", "coordinates": [ 22.931082, 40.647848 ] } },
{ "type": "Feature", "properties": { "code": "Γ-04/015", "onomastasi": "ΑΓΙΩΝ ΠΑΝΤΩΝ", "type": "ΣΤΑΣΗ", "dimoskal": "ΑΜΠΕΛΟΚΗΠΟΙ ΜΕΝΕΜΕΝΗ", "lines_ejyp": "20,21,21A", "stop_type_cat": "Regular Stop", "type_rank": 4, "line_count": 3, "service_level": "Multi-line stop" }, "geometry": { "type": "Point", "coordinates": [ 22.929417, 40.648176 ] } },
{ "type": "Feature", "properties": { "code": "Γ-04/016", "onomastasi": "ΑΓΙΩΝ ΠΑΝΤΩΝ", "type": "ΣΤΑΣΗ", "dimoskal": "ΑΜΠΕΛΟΚΗΠΟΙ ΜΕΝΕΜΕΝΗ", "lines_ejyp": "20,21,21A", "stop_type_cat": "Regular Stop", "type_rank": 4, "line_count": 3, "service_level": "Multi-line stop" }, "geometry": { "type": "Point", "coordinates": [ 22.929034, 40.64819 ] } },
{ "type": "Feature", "properties": { "code": "Γ-04/037", "onomastasi": "ΧΑΡΙΛΑΟΥ", "type": "ΣΤΑΣΗ", "dimoskal": "ΑΜΠΕΛΟΚΗΠΟΙ ΜΕΝΕΜΕΝΗ", "lines_ejyp": "20,21,21A", "stop_type_cat": "Regular Stop", "type_rank": 4, "line_count": 3, "service_level": "Multi-line stop" }, "geometry": { "type": "Point", "coordinates": [ 22.92729, 40.648556 ] } },
{ "type": "Feature", "properties": { "code": "Γ-04/036", "onomastasi": "ΚΑΛΛΙΘΕΑΣ 2", "type": "ΣΤΑΣΗ", "dimoskal": "ΑΜΠΕΛΟΚΗΠΟΙ ΜΕΝΕΜΕΝΗ", "lines_ejyp": "21", "stop_type_cat": "Regular Stop", "type_rank": 4, "line_count": 1, "service_level": "Local stop" }, "geometry": { "type": "Point", "coordinates": [ 22.926136, 40.64941 ] } },
{ "type": "Feature", "properties": { "code": "Γ-04/044", "onomastasi": "ΚΑΛΛΙΘΕΑΣ", "type": "ΣΤΑΣΗ", "dimoskal": "ΑΜΠΕΛΟΚΗΠΟΙ ΜΕΝΕΜΕΝΗ", "lines_ejyp": "32,32Α,32Ν", "stop_type_cat": "Regular Stop", "type_rank": 4, "line_count": 3, "service_level": "Multi-line stop" }, "geometry": { "type": "Point", "coordinates": [ 22.930378, 40.650055 ] } },
{ "type": "Feature", "properties": { "code": "Β-04/050", "onomastasi": "ΚΑΛΛΙΘΕΑΣ", "type": "ΣΤΑΣΗ", "dimoskal": "ΑΜΠΕΛΟΚΗΠΟΙ ΜΕΝΕΜΕΝΗ", "lines_ejyp": "34,34Α", "stop_type_cat": "Regular Stop", "type_rank": 4, "line_count": 2, "service_level": "Multi-line stop" }, "geometry": { "type": "Point", "coordinates": [ 22.931794, 40.650116 ] } },
{ "type": "Feature", "properties": { "code": "Γ-04/045", "onomastasi": "ΚΑΛΛΙΘΕΑΣ", "type": "ΣΤΑΣΗ", "dimoskal": "ΑΜΠΕΛΟΚΗΠΟΙ ΜΕΝΕΜΕΝΗ", "lines_ejyp": "32,32Α,32Ν", "stop_type_cat": "Regular Stop", "type_rank": 4, "line_count": 3, "service_level": "Multi-line stop" }, "geometry": { "type": "Point", "coordinates": [ 22.930411, 40.650209 ] } },
{ "type": "Feature", "properties": { "code": "Γ-04/035", "onomastasi": "ΑΓΑΘΩΝΟΣ 1", "type": "ΣΤΑΣΗ", "dimoskal": "ΑΜΠΕΛΟΚΗΠΟΙ ΜΕΝΕΜΕΝΗ", "lines_ejyp": "20", "stop_type_cat": "Regular Stop", "type_rank": 4, "line_count": 1, "service_level": "Local stop" }, "geometry": { "type": "Point", "coordinates": [ 22.923502, 40.649343 ] } },
{ "type": "Feature", "properties": { "code": "Γ-04/009", "onomastasi": "ΜΠΑΛΤΑ", "type": "ΣΤΑΣΗ", "dimoskal": "ΘΕΣΣΑΛΟΝΙΚΗ", "lines_ejyp": " 1N,01N,02K,09,09A,09B,09E,19,51,52,52A,54,54A,55X", "stop_type_cat": "Regular Stop", "type_rank": 4, "line_count": 14, "service_level": "Major PT node" }, "geometry": { "type": "Point", "coordinates": [ 22.91782, 40.649517 ] } },
{ "type": "Feature", "properties": { "code": "Γ-04/010", "onomastasi": "ΜΠΑΛΤΑ", "type": "ΣΤΑΣΗ", "dimoskal": "ΘΕΣΣΑΛΟΝΙΚΗ", "lines_ejyp": " 1N,01N,02K,09,09A,09B,09E,19,19A,51,52,52A,54,54A,55X", "stop_type_cat": "Regular Stop", "type_rank": 4, "line_count": 15, "service_level": "Major PT node" }, "geometry": { "type": "Point", "coordinates": [ 22.918257, 40.649567 ] } },
{ "type": "Feature", "properties": { "code": "Γ-04/042 Φ", "onomastasi": "ΓΕΝΝΗΜΑΤΑ 1", "type": "ΦΟΡΗΤΗ ΣΤΑΣΗ", "dimoskal": "ΑΜΠΕΛΟΚΗΠΟΙ ΜΕΝΕΜΕΝΗ", "lines_ejyp": "20", "stop_type_cat": "Regular Stop", "type_rank": 4, "line_count": 1, "service_level": "Local stop" }, "geometry": { "type": "Point", "coordinates": [ 22.921199, 40.649957 ] } },
{ "type": "Feature", "properties": { "code": "Γ-04/033", "onomastasi": "ΠΛΑΤΕΙΑ ΕΠΤΑΛΟΦΟΥ", "type": "ΣΤΑΣΗ", "dimoskal": "ΑΜΠΕΛΟΚΗΠΟΙ ΜΕΝΕΜΕΝΗ", "lines_ejyp": "20,42Β", "stop_type_cat": "Regular Stop", "type_rank": 4, "line_count": 2, "service_level": "Multi-line stop" }, "geometry": { "type": "Point", "coordinates": [ 22.922973, 40.650554 ] } },
{ "type": "Feature", "properties": { "code": "Γ-04/048", "onomastasi": "ΒΟΣΠΟΡΟΣ", "type": "ΣΤΑΣΗ", "dimoskal": "ΑΜΠΕΛΟΚΗΠΟΙ ΜΕΝΕΜΕΝΗ", "lines_ejyp": "12", "stop_type_cat": "Regular Stop", "type_rank": 4, "line_count": 1, "service_level": "Local stop" }, "geometry": { "type": "Point", "coordinates": [ 22.914493, 40.650511 ] } },
{ "type": "Feature", "properties": { "code": "Γ-04/053", "onomastasi": "ΒΟΣΠΟΡΟΣ", "type": "ΣΤΑΣΗ", "dimoskal": "ΑΜΠΕΛΟΚΗΠΟΙ ΜΕΝΕΜΕΝΗ", "lines_ejyp": "12", "stop_type_cat": "Regular Stop", "type_rank": 4, "line_count": 1, "service_level": "Local stop" }, "geometry": { "type": "Point", "coordinates": [ 22.914565, 40.650594 ] } },
{ "type": "Feature", "properties": { "code": "Γ-04/007", "onomastasi": "ΒΟΣΠΟΡΟΣ", "type": "ΣΤΑΣΗ", "dimoskal": "ΑΜΠΕΛΟΚΗΠΟΙ ΜΕΝΕΜΕΝΗ", "lines_ejyp": "01N,1N,02K,09,19,51,52,54,55X", "stop_type_cat": "Regular Stop", "type_rank": 4, "line_count": 9, "service_level": "Major PT node" }, "geometry": { "type": "Point", "coordinates": [ 22.915154, 40.650935 ] } },
{ "type": "Feature", "properties": { "code": "Γ-04/043", "onomastasi": "ΕΣΠΕΡΙΝΟ ΓΥΜΝΑΣΙΟ ΑΜΠΕΛΟΚΗΠΩΝ", "type": "ΣΤΑΣΗ", "dimoskal": "ΑΜΠΕΛΟΚΗΠΟΙ ΜΕΝΕΜΕΝΗ", "lines_ejyp": "20", "stop_type_cat": "Regular Stop", "type_rank": 4, "line_count": 1, "service_level": "Local stop" }, "geometry": { "type": "Point", "coordinates": [ 22.919336, 40.651055 ] } },
{ "type": "Feature", "properties": { "code": "Γ-04/034", "onomastasi": "ΠΛΑΤΕΙΑ ΕΠΤΑΛΟΦΟΥ", "type": "ΣΤΑΣΗ", "dimoskal": "ΑΜΠΕΛΟΚΗΠΟΙ ΜΕΝΕΜΕΝΗ", "lines_ejyp": "20,42Β", "stop_type_cat": "Regular Stop", "type_rank": 4, "line_count": 2, "service_level": "Multi-line stop" }, "geometry": { "type": "Point", "coordinates": [ 22.922535, 40.651177 ] } },
{ "type": "Feature", "properties": { "code": "Β-05/014", "onomastasi": "ΡΗΓΑ ΦΕΡΑΙΟΥ 1", "type": "ΣΤΑΣΗ", "dimoskal": "ΝΕΑΠΟΛΗ ΣΥΚΙΕΣ", "lines_ejyp": "26", "stop_type_cat": "Regular Stop", "type_rank": 4, "line_count": 1, "service_level": "Local stop" }, "geometry": { "type": "Point", "coordinates": [ 22.940381, 40.649362 ] } },
{ "type": "Feature", "properties": { "code": "Β-05/034", "onomastasi": "ΡΟΥΜΑΝΙΚΑ", "type": "ΣΤΑΣΗ", "dimoskal": "ΝΕΑΠΟΛΗ ΣΥΚΙΕΣ", "lines_ejyp": "57,64,64Α,64Β", "stop_type_cat": "Regular Stop", "type_rank": 4, "line_count": 4, "service_level": "High-service stop" }, "geometry": { "type": "Point", "coordinates": [ 22.93784, 40.650252 ] } },
{ "type": "Feature", "properties": { "code": "Β-05/035", "onomastasi": "ΡΟΥΜΑΝΙΚΑ", "type": "ΣΤΑΣΗ", "dimoskal": "ΝΕΑΠΟΛΗ ΣΥΚΙΕΣ", "lines_ejyp": "57,64,64Α,64Β", "stop_type_cat": "Regular Stop", "type_rank": 4, "line_count": 4, "service_level": "High-service stop" }, "geometry": { "type": "Point", "coordinates": [ 22.937739, 40.650403 ] } },
{ "type": "Feature", "properties": { "code": "Β-04/003", "onomastasi": "ΑΓΙΑ ΠΑΡΑΣΚΕΥΗ", "type": "ΤΕΣ ΠΛΗΡΟΦΟΡΗΣΗ", "dimoskal": "ΝΕΑΠΟΛΗ ΣΥΚΙΕΣ", "lines_ejyp": "25,25A,27,29,29A,38,56,56A,83,83A,83B,83T,83X,84,84A,84B", "stop_type_cat": "Info Stop", "type_rank": 3, "line_count": 16, "service_level": "Major PT node" }, "geometry": { "type": "Point", "coordinates": [ 22.935314, 40.650793 ] } },
{ "type": "Feature", "properties": { "code": "Β-04/004", "onomastasi": "ΑΓΙΑ ΠΑΡΑΣΚΕΥΗ", "type": "ΣΤΑΣΗ", "dimoskal": "ΝΕΑΠΟΛΗ ΣΥΚΙΕΣ", "lines_ejyp": "25,25A,27,29,29A,38,56,56A,83,83A,83B,83T,83X,84,84A,84B", "stop_type_cat": "Regular Stop", "type_rank": 4, "line_count": 16, "service_level": "Major PT node" }, "geometry": { "type": "Point", "coordinates": [ 22.935419, 40.651477 ] } },
{ "type": "Feature", "properties": { "code": "Β-04/013", "onomastasi": "ΡΟΥΜΑΝΙΚΑ", "type": "ΣΤΑΣΗ", "dimoskal": "ΝΕΑΠΟΛΗ ΣΥΚΙΕΣ", "lines_ejyp": "35", "stop_type_cat": "Regular Stop", "type_rank": 4, "line_count": 1, "service_level": "Local stop" }, "geometry": { "type": "Point", "coordinates": [ 22.93766, 40.651539 ] } },
{ "type": "Feature", "properties": { "code": "Β-04/012", "onomastasi": "ΣΧΟΛΕΙΟ", "type": "ΣΤΑΣΗ", "dimoskal": "ΝΕΑΠΟΛΗ ΣΥΚΙΕΣ", "lines_ejyp": "57,64,64Α,64Β", "stop_type_cat": "Regular Stop", "type_rank": 4, "line_count": 4, "service_level": "High-service stop" }, "geometry": { "type": "Point", "coordinates": [ 22.940239, 40.65181 ] } },
{ "type": "Feature", "properties": { "code": "Β-05/033", "onomastasi": "ΡΟΛΟΙ", "type": "ΣΤΑΣΗ", "dimoskal": "ΝΕΑΠΟΛΗ ΣΥΚΙΕΣ", "lines_ejyp": "18,25,57,64,64Α,64Β", "stop_type_cat": "Regular Stop", "type_rank": 4, "line_count": 6, "service_level": "High-service stop" }, "geometry": { "type": "Point", "coordinates": [ 22.941903, 40.651866 ] } },
{ "type": "Feature", "properties": { "code": "Β-04/011", "onomastasi": "ΣΧΟΛΕΙΟ", "type": "ΣΤΑΣΗ", "dimoskal": "ΝΕΑΠΟΛΗ ΣΥΚΙΕΣ", "lines_ejyp": "18,25", "stop_type_cat": "Regular Stop", "type_rank": 4, "line_count": 2, "service_level": "Multi-line stop" }, "geometry": { "type": "Point", "coordinates": [ 22.94053, 40.652246 ] } },
{ "type": "Feature", "properties": { "code": "Β-04/009", "onomastasi": "ΣΤΡΟΦΗ ΝΕΑΠΟΛΗΣ", "type": "ΣΤΑΣΗ", "dimoskal": "ΝΕΑΠΟΛΗ ΣΥΚΙΕΣ", "lines_ejyp": "25,35", "stop_type_cat": "Regular Stop", "type_rank": 4, "line_count": 2, "service_level": "Multi-line stop" }, "geometry": { "type": "Point", "coordinates": [ 22.936207, 40.65278 ] } },
{ "type": "Feature", "properties": { "code": "Γ-04/032", "onomastasi": "ΤΑΧΥΔΡΟΜΕΙΟ", "type": "ΣΤΑΣΗ", "dimoskal": "ΑΜΠΕΛΟΚΗΠΟΙ ΜΕΝΕΜΕΝΗ", "lines_ejyp": "20,42Β", "stop_type_cat": "Regular Stop", "type_rank": 4, "line_count": 2, "service_level": "Multi-line stop" }, "geometry": { "type": "Point", "coordinates": [ 22.925242, 40.650534 ] } },
{ "type": "Feature", "properties": { "code": "Γ-04/030", "onomastasi": "ΠΑΛΙΟ ΤΑΧΥΔΡΟΜΕΙΟ", "type": "ΣΤΑΣΗ", "dimoskal": "ΑΜΠΕΛΟΚΗΠΟΙ ΜΕΝΕΜΕΝΗ", "lines_ejyp": "21,42Β", "stop_type_cat": "Regular Stop", "type_rank": 4, "line_count": 2, "service_level": "Multi-line stop" }, "geometry": { "type": "Point", "coordinates": [ 22.926779, 40.650738 ] } },
{ "type": "Feature", "properties": { "code": "Γ-04/031", "onomastasi": "ΠΑΛΙΟ ΤΑΧΥΔΡΟΜΕΙΟ", "type": "ΣΤΑΣΗ", "dimoskal": "ΑΜΠΕΛΟΚΗΠΟΙ ΜΕΝΕΜΕΝΗ", "lines_ejyp": "21,42Β", "stop_type_cat": "Regular Stop", "type_rank": 4, "line_count": 2, "service_level": "Multi-line stop" }, "geometry": { "type": "Point", "coordinates": [ 22.926614, 40.650765 ] } },
{ "type": "Feature", "properties": { "code": "Γ-04/019", "onomastasi": "ΑΓΙΟΣ ΠΑΝΤΕΛΕΗΜΟΝΑΣ", "type": "ΣΤΑΣΗ", "dimoskal": "ΑΜΠΕΛΟΚΗΠΟΙ ΜΕΝΕΜΕΝΗ", "lines_ejyp": "32,32A,32N", "stop_type_cat": "Regular Stop", "type_rank": 4, "line_count": 3, "service_level": "Multi-line stop" }, "geometry": { "type": "Point", "coordinates": [ 22.928553, 40.650932 ] } },
{ "type": "Feature", "properties": { "code": "Γ-04/029", "onomastasi": "ΑΓΙΟΣ ΠΑΝΤΕΛΕΗΜΟΝΑΣ", "type": "ΣΤΑΣΗ", "dimoskal": "ΑΜΠΕΛΟΚΗΠΟΙ ΜΕΝΕΜΕΝΗ", "lines_ejyp": "32,32A,32N", "stop_type_cat": "Regular Stop", "type_rank": 4, "line_count": 3, "service_level": "Multi-line stop" }, "geometry": { "type": "Point", "coordinates": [ 22.9275, 40.651046 ] } },
{ "type": "Feature", "properties": { "code": "Β-04/048", "onomastasi": "ΚΑΡΑΜΑΝΟΓΛΟΥ", "type": "ΣΤΑΣΗ", "dimoskal": "ΑΜΠΕΛΟΚΗΠΟΙ ΜΕΝΕΜΕΝΗ", "lines_ejyp": "34", "stop_type_cat": "Regular Stop", "type_rank": 4, "line_count": 1, "service_level": "Local stop" }, "geometry": { "type": "Point", "coordinates": [ 22.931256, 40.651327 ] } },
{ "type": "Feature", "properties": { "code": "Β-04/049", "onomastasi": "ΚΑΡΑΜΑΝΟΓΛΟΥ", "type": "ΣΤΑΣΗ", "dimoskal": "ΑΜΠΕΛΟΚΗΠΟΙ ΜΕΝΕΜΕΝΗ", "lines_ejyp": "34,34Α", "stop_type_cat": "Regular Stop", "type_rank": 4, "line_count": 2, "service_level": "Multi-line stop" }, "geometry": { "type": "Point", "coordinates": [ 22.931438, 40.651361 ] } },
{ "type": "Feature", "properties": { "code": "Γ-04/020", "onomastasi": "ΣΧΟΛΕΙΟ", "type": "ΣΤΑΣΗ", "dimoskal": "ΑΜΠΕΛΟΚΗΠΟΙ ΜΕΝΕΜΕΝΗ", "lines_ejyp": "21,32,32Α,32Ν", "stop_type_cat": "Regular Stop", "type_rank": 4, "line_count": 4, "service_level": "High-service stop" }, "geometry": { "type": "Point", "coordinates": [ 22.926785, 40.6524 ] } },
{ "type": "Feature", "properties": { "code": "Β-04/047", "onomastasi": "ΔΗΜΟΤΙΚΟ ΠΟΛΥΙΑΤΡΕΙΟ", "type": "ΣΤΑΣΗ", "dimoskal": "ΑΜΠΕΛΟΚΗΠΟΙ ΜΕΝΕΜΕΝΗ", "lines_ejyp": "34,34Α", "stop_type_cat": "Regular Stop", "type_rank": 4, "line_count": 2, "service_level": "Multi-line stop" }, "geometry": { "type": "Point", "coordinates": [ 22.930253, 40.653641 ] } },
{ "type": "Feature", "properties": { "code": "Β-04/046", "onomastasi": "ΔΗΜΟΤΙΚΟ ΠΟΛΥΙΑΤΡΕΙΟ", "type": "ΣΤΑΣΗ", "dimoskal": "ΑΜΠΕΛΟΚΗΠΟΙ ΜΕΝΕΜΕΝΗ", "lines_ejyp": "34", "stop_type_cat": "Regular Stop", "type_rank": 4, "line_count": 1, "service_level": "Local stop" }, "geometry": { "type": "Point", "coordinates": [ 22.930383, 40.653704 ] } },
{ "type": "Feature", "properties": { "code": "Β-04/005", "onomastasi": "ΣΤΡΟΦΗ ΝΕΑΠΟΛΗΣ", "type": "ΤΕΣ ΠΛΗΡΟΦΟΡΗΣΗ", "dimoskal": "ΑΜΠΕΛΟΚΗΠΟΙ ΜΕΝΕΜΕΝΗ", "lines_ejyp": "25,25A,27,29,29A,38,56,56A,84,84A,84B", "stop_type_cat": "Info Stop", "type_rank": 3, "line_count": 11, "service_level": "Major PT node" }, "geometry": { "type": "Point", "coordinates": [ 22.935014, 40.652843 ] } },
{ "type": "Feature", "properties": { "code": "Β-04/051", "onomastasi": "ΑΓΑΘΟΥΠΟΛΕΩΣ", "type": "ΣΤΑΣΗ", "dimoskal": "ΝΕΑΠΟΛΗ ΣΥΚΙΕΣ", "lines_ejyp": "25,35", "stop_type_cat": "Regular Stop", "type_rank": 4, "line_count": 2, "service_level": "Multi-line stop" }, "geometry": { "type": "Point", "coordinates": [ 22.938495, 40.65302 ] } },
{ "type": "Feature", "properties": { "code": "Β-04/008", "onomastasi": "ΑΥΣΤΡΑΛΙΑΣ", "type": "ΣΤΑΣΗ", "dimoskal": "ΝΕΑΠΟΛΗ ΣΥΚΙΕΣ", "lines_ejyp": "25", "stop_type_cat": "Regular Stop", "type_rank": 4, "line_count": 1, "service_level": "Local stop" }, "geometry": { "type": "Point", "coordinates": [ 22.93608, 40.653404 ] } },
{ "type": "Feature", "properties": { "code": "Β-04/010", "onomastasi": "ΑΓΙΟΣ ΓΕΩΡΓΙΟΣ", "type": "ΣΤΑΣΗ", "dimoskal": "ΝΕΑΠΟΛΗ ΣΥΚΙΕΣ", "lines_ejyp": "25", "stop_type_cat": "Regular Stop", "type_rank": 4, "line_count": 1, "service_level": "Local stop" }, "geometry": { "type": "Point", "coordinates": [ 22.938659, 40.653608 ] } },
{ "type": "Feature", "properties": { "code": "Β-04/014", "onomastasi": "ΑΓΙΟΣ ΓΕΩΡΓΙΟΣ", "type": "ΣΤΑΣΗ", "dimoskal": "ΝΕΑΠΟΛΗ ΣΥΚΙΕΣ", "lines_ejyp": "18,35", "stop_type_cat": "Regular Stop", "type_rank": 4, "line_count": 2, "service_level": "Multi-line stop" }, "geometry": { "type": "Point", "coordinates": [ 22.939086, 40.654101 ] } },
{ "type": "Feature", "properties": { "code": "Β-04/015", "onomastasi": "ΑΓΙΟΣ ΓΕΩΡΓΙΟΣ", "type": "ΣΤΑΣΗ", "dimoskal": "ΝΕΑΠΟΛΗ ΣΥΚΙΕΣ", "lines_ejyp": "18,35", "stop_type_cat": "Regular Stop", "type_rank": 4, "line_count": 2, "service_level": "Multi-line stop" }, "geometry": { "type": "Point", "coordinates": [ 22.939266, 40.654161 ] } },
{ "type": "Feature", "properties": { "code": "Β-04/052", "onomastasi": "ΚΕΝΤΡΟ ΝΕΟΤΗΤΑΣ", "type": "ΣΤΑΣΗ", "dimoskal": "ΠΑΥΛΟΣ ΜΕΛΑΣ", "lines_ejyp": "01,01Α,18,29", "stop_type_cat": "Regular Stop", "type_rank": 4, "line_count": 4, "service_level": "High-service stop" }, "geometry": { "type": "Point", "coordinates": [ 22.938557, 40.656787 ] } },
{ "type": "Feature", "properties": { "code": "Β-04/028", "onomastasi": "ΔΑΒΑΚΗ", "type": "ΣΤΑΣΗ", "dimoskal": "ΠΑΥΛΟΣ ΜΕΛΑΣ", "lines_ejyp": "01,01Α,18,29", "stop_type_cat": "Regular Stop", "type_rank": 4, "line_count": 4, "service_level": "High-service stop" }, "geometry": { "type": "Point", "coordinates": [ 22.935663, 40.656809 ] } },
{ "type": "Feature", "properties": { "code": "Β-04/026", "onomastasi": "ΚΕΝΤΡΟ ΝΕΟΤΗΤΑΣ", "type": "ΣΤΑΣΗ", "dimoskal": "ΠΑΥΛΟΣ ΜΕΛΑΣ", "lines_ejyp": "01,01Α,18,29,29Α", "stop_type_cat": "Regular Stop", "type_rank": 4, "line_count": 5, "service_level": "High-service stop" }, "geometry": { "type": "Point", "coordinates": [ 22.936755, 40.656951 ] } },
{ "type": "Feature", "properties": { "code": "Β-04/016", "onomastasi": "ΞΕΝΩΝΕΣ 1", "type": "ΣΤΑΣΗ", "dimoskal": "ΠΑΥΛΟΣ ΜΕΛΑΣ", "lines_ejyp": "18,35", "stop_type_cat": "Regular Stop", "type_rank": 4, "line_count": 2, "service_level": "Multi-line stop" }, "geometry": { "type": "Point", "coordinates": [ 22.941109, 40.657001 ] } },
{ "type": "Feature", "properties": { "code": "Γ-03/037", "onomastasi": "ΔΑΒΑΚΗ", "type": "ΣΤΑΣΗ", "dimoskal": "ΑΜΠΕΛΟΚΗΠΟΙ ΜΕΝΕΜΕΝΗ", "lines_ejyp": "20", "stop_type_cat": "Regular Stop", "type_rank": 4, "line_count": 1, "service_level": "Local stop" }, "geometry": { "type": "Point", "coordinates": [ 22.916946, 40.654748 ] } },
{ "type": "Feature", "properties": { "code": "Γ-04/023", "onomastasi": "ΠΑΝΤΑΖΟΠΟΥΛΟΥ", "type": "ΣΤΑΣΗ", "dimoskal": "ΑΜΠΕΛΟΚΗΠΟΙ ΜΕΝΕΜΕΝΗ", "lines_ejyp": "01Α,18,21,42Β", "stop_type_cat": "Regular Stop", "type_rank": 4, "line_count": 4, "service_level": "High-service stop" }, "geometry": { "type": "Point", "coordinates": [ 22.922696, 40.655055 ] } },
{ "type": "Feature", "properties": { "code": "Γ-03/021", "onomastasi": "ΕΡΓΑΤΙΚΕΣ ΚΑΤΟΙΚΙΕΣ", "type": "ΤΕΣ ΠΛΗΡΟΦΟΡΗΣΗ", "dimoskal": "ΑΜΠΕΛΟΚΗΠΟΙ ΜΕΝΕΜΕΝΗ", "lines_ejyp": "01Α,18,20,21,42Β", "stop_type_cat": "Info Stop", "type_rank": 3, "line_count": 5, "service_level": "High-service stop" }, "geometry": { "type": "Point", "coordinates": [ 22.918085, 40.65521 ] } },
{ "type": "Feature", "properties": { "code": "Γ-03/020", "onomastasi": "ΕΡΓΑΤΙΚΕΣ ΚΑΤΟΙΚΙΕΣ", "type": "ΣΤΑΣΗ", "dimoskal": "ΑΜΠΕΛΟΚΗΠΟΙ ΜΕΝΕΜΕΝΗ", "lines_ejyp": "01Α,18,20,21,42Β", "stop_type_cat": "Regular Stop", "type_rank": 4, "line_count": 5, "service_level": "High-service stop" }, "geometry": { "type": "Point", "coordinates": [ 22.917199, 40.655863 ] } },
{ "type": "Feature", "properties": { "code": "Γ-03/019", "onomastasi": "ΣΤΡΟΦΗ", "type": "ΣΤΑΣΗ", "dimoskal": "ΑΜΠΕΛΟΚΗΠΟΙ ΜΕΝΕΜΕΝΗ", "lines_ejyp": "20,42Α,42Β", "stop_type_cat": "Regular Stop", "type_rank": 4, "line_count": 3, "service_level": "Multi-line stop" }, "geometry": { "type": "Point", "coordinates": [ 22.914394, 40.656324 ] } },
{ "type": "Feature", "properties": { "code": "Γ-03/023", "onomastasi": "ΓΕΥΓΕΛΗΣ", "type": "ΣΤΑΣΗ", "dimoskal": "ΑΜΠΕΛΟΚΗΠΟΙ ΜΕΝΕΜΕΝΗ", "lines_ejyp": "01A,18,21,42B", "stop_type_cat": "Regular Stop", "type_rank": 4, "line_count": 4, "service_level": "High-service stop" }, "geometry": { "type": "Point", "coordinates": [ 22.920464, 40.656532 ] } },
{ "type": "Feature", "properties": { "code": "Γ-04/025", "onomastasi": "ΠΑΙΔΙΚΟΣ ΣΤΑΘΜΟΣ", "type": "ΣΤΑΣΗ", "dimoskal": "ΑΜΠΕΛΟΚΗΠΟΙ ΜΕΝΕΜΕΝΗ", "lines_ejyp": "01Α,18,32,32Α,32Ν,42Β", "stop_type_cat": "Regular Stop", "type_rank": 4, "line_count": 6, "service_level": "High-service stop" }, "geometry": { "type": "Point", "coordinates": [ 22.92415, 40.65658 ] } },
{ "type": "Feature", "properties": { "code": "Γ-03/018", "onomastasi": "ΣΤΡΟΦΗ", "type": "ΣΤΑΣΗ", "dimoskal": "ΑΜΠΕΛΟΚΗΠΟΙ ΜΕΝΕΜΕΝΗ", "lines_ejyp": "20,42Α,42Β", "stop_type_cat": "Regular Stop", "type_rank": 4, "line_count": 3, "service_level": "Multi-line stop" }, "geometry": { "type": "Point", "coordinates": [ 22.914094, 40.656555 ] } },
{ "type": "Feature", "properties": { "code": "Γ-03/025", "onomastasi": "ΣΤΡΑΤΟΠΕΔΟ", "type": "ΣΤΑΣΗ", "dimoskal": "ΑΜΠΕΛΟΚΗΠΟΙ ΜΕΝΕΜΕΝΗ", "lines_ejyp": "01Α,18,21,42Α,42Β", "stop_type_cat": "Regular Stop", "type_rank": 4, "line_count": 5, "service_level": "High-service stop" }, "geometry": { "type": "Point", "coordinates": [ 22.914716, 40.657239 ] } },
{ "type": "Feature", "properties": { "code": "Γ-03/026", "onomastasi": "ΣΤΡΑΤΟΠΕΔΟ", "type": "ΣΤΑΣΗ", "dimoskal": "ΑΜΠΕΛΟΚΗΠΟΙ ΜΕΝΕΜΕΝΗ", "lines_ejyp": "01Α,18,21,42Α,42Β", "stop_type_cat": "Regular Stop", "type_rank": 4, "line_count": 5, "service_level": "High-service stop" }, "geometry": { "type": "Point", "coordinates": [ 22.914862, 40.657338 ] } },
{ "type": "Feature", "properties": { "code": "Ι-03/008", "onomastasi": "ΔΑΒΑΚΗ 1", "type": "ΣΤΑΣΗ", "dimoskal": "ΔΕΛΤΑ", "lines_ejyp": "40,40A", "stop_type_cat": "Regular Stop", "type_rank": 4, "line_count": 2, "service_level": "Multi-line stop" }, "geometry": { "type": "Point", "coordinates": [ 22.853103, 40.638228 ] } },
{ "type": "Feature", "properties": { "code": "Ι-03/009", "onomastasi": "ΔΑΒΑΚΗ 2", "type": "ΣΤΑΣΗ", "dimoskal": "ΔΕΛΤΑ", "lines_ejyp": "40,40A", "stop_type_cat": "Regular Stop", "type_rank": 4, "line_count": 2, "service_level": "Multi-line stop" }, "geometry": { "type": "Point", "coordinates": [ 22.856124, 40.638439 ] } },
{ "type": "Feature", "properties": { "code": "Ι-03/007", "onomastasi": "ΜΙΛΤΙΑΔΗ 2", "type": "ΣΤΑΣΗ", "dimoskal": "ΔΕΛΤΑ", "lines_ejyp": "40,40Α", "stop_type_cat": "Regular Stop", "type_rank": 4, "line_count": 2, "service_level": "Multi-line stop" }, "geometry": { "type": "Point", "coordinates": [ 22.85083, 40.638798 ] } },
{ "type": "Feature", "properties": { "code": "Ι-03/010", "onomastasi": "ΜΕΓΑΛΟΥ ΑΛΕΞΑΝΔΡΟΥ", "type": "ΣΤΑΣΗ", "dimoskal": "ΔΕΛΤΑ", "lines_ejyp": "40,40Α", "stop_type_cat": "Regular Stop", "type_rank": 4, "line_count": 2, "service_level": "Multi-line stop" }, "geometry": { "type": "Point", "coordinates": [ 22.855929, 40.639918 ] } },
{ "type": "Feature", "properties": { "code": "Ι-03/011", "onomastasi": "Τ.Σ. ΚΑΛΟΧΩΡΙΟΥ", "type": "ΤΕΡΜΑΤΙΚΟΣ ΣΤΑΘΜΟΣ ΤΕΣ", "dimoskal": "ΔΕΛΤΑ", "lines_ejyp": "40,40Κ", "stop_type_cat": "Terminal Stop", "type_rank": 2, "line_count": 2, "service_level": "Multi-line stop" }, "geometry": { "type": "Point", "coordinates": [ 22.857153, 40.641199 ] } },
{ "type": "Feature", "properties": { "code": "Ι-03/006", "onomastasi": "ΔΗΜΟΤΙΚΟ ΣΧΟΛΕΙΟ", "type": "ΣΤΑΣΗ", "dimoskal": "ΔΕΛΤΑ", "lines_ejyp": "40,40A", "stop_type_cat": "Regular Stop", "type_rank": 4, "line_count": 2, "service_level": "Multi-line stop" }, "geometry": { "type": "Point", "coordinates": [ 22.850438, 40.641339 ] } },
{ "type": "Feature", "properties": { "code": "Ι-03/012", "onomastasi": "28ης ΟΚΤΩΒΡΙΟΥ", "type": "ΣΤΑΣΗ", "dimoskal": "ΔΕΛΤΑ", "lines_ejyp": "40,40K", "stop_type_cat": "Regular Stop", "type_rank": 4, "line_count": 2, "service_level": "Multi-line stop" }, "geometry": { "type": "Point", "coordinates": [ 22.859567, 40.641748 ] } },
{ "type": "Feature", "properties": { "code": "Ι-03/005", "onomastasi": "ΥΨΗΛΑΝΤΟΥ", "type": "ΣΤΑΣΗ", "dimoskal": "ΔΕΛΤΑ", "lines_ejyp": "40", "stop_type_cat": "Regular Stop", "type_rank": 4, "line_count": 1, "service_level": "Local stop" }, "geometry": { "type": "Point", "coordinates": [ 22.852528, 40.641773 ] } },
{ "type": "Feature", "properties": { "code": "Ι-03/013", "onomastasi": "ΚΩΝΣΤΑΝΤΙΝΟΥ ΠΑΛΑΙΟΛΟΓΟΥ", "type": "ΣΤΑΣΗ", "dimoskal": "ΔΕΛΤΑ", "lines_ejyp": "40,40Κ", "stop_type_cat": "Regular Stop", "type_rank": 4, "line_count": 2, "service_level": "Multi-line stop" }, "geometry": { "type": "Point", "coordinates": [ 22.862381, 40.641983 ] } },
{ "type": "Feature", "properties": { "code": "Ι-03/004", "onomastasi": "ΑΓΙΟΣ ΓΕΩΡΓΙΟΣ", "type": "ΣΤΑΣΗ", "dimoskal": "ΔΕΛΤΑ", "lines_ejyp": "40", "stop_type_cat": "Regular Stop", "type_rank": 4, "line_count": 1, "service_level": "Local stop" }, "geometry": { "type": "Point", "coordinates": [ 22.856285, 40.642101 ] } },
{ "type": "Feature", "properties": { "code": "Γ-05/025", "onomastasi": "ΜΕΓΑΡΑ", "type": "ΣΤΑΣΗ", "dimoskal": "ΘΕΣΣΑΛΟΝΙΚΗ", "lines_ejyp": "31,40,40A,40K", "stop_type_cat": "Regular Stop", "type_rank": 4, "line_count": 4, "service_level": "High-service stop" }, "geometry": { "type": "Point", "coordinates": [ 22.923423, 40.640042 ] } },
{ "type": "Feature", "properties": { "code": "Γ-05/024", "onomastasi": "ΜΕΓΑΡΑ", "type": "ΣΤΑΣΗ", "dimoskal": "ΘΕΣΣΑΛΟΝΙΚΗ", "lines_ejyp": "31,40,40A", "stop_type_cat": "Regular Stop", "type_rank": 4, "line_count": 3, "service_level": "Multi-line stop" }, "geometry": { "type": "Point", "coordinates": [ 22.922905, 40.64022 ] } },
{ "type": "Feature", "properties": { "code": "Γ-05/023", "onomastasi": "ΚΤΙΡΙΑ ΠΕΡΙΦΕΡΕΙΑΣ ΚΕΝΤΡΙΚΗΣ ΜΑΚΕΔΟΝΙΑΣ", "type": "ΣΤΑΣΗ", "dimoskal": "ΘΕΣΣΑΛΟΝΙΚΗ", "lines_ejyp": "31,40,40A,40K", "stop_type_cat": "Regular Stop", "type_rank": 4, "line_count": 4, "service_level": "High-service stop" }, "geometry": { "type": "Point", "coordinates": [ 22.918765, 40.640763 ] } },
{ "type": "Feature", "properties": { "code": "Γ-05/022", "onomastasi": "ΚΤΙΡΙΑ ΠΕΡΙΦΕΡΕΙΑΣ ΚΕΝΤΡΙΚΗΣ ΜΑΚΕΔΟΝΙΑΣ", "type": "ΣΤΑΣΗ", "dimoskal": "ΘΕΣΣΑΛΟΝΙΚΗ", "lines_ejyp": "31,40,40A", "stop_type_cat": "Regular Stop", "type_rank": 4, "line_count": 3, "service_level": "Multi-line stop" }, "geometry": { "type": "Point", "coordinates": [ 22.918781, 40.640965 ] } },
{ "type": "Feature", "properties": { "code": "Γ-04/001", "onomastasi": "ΦΙΞ", "type": "ΣΤΑΣΗ", "dimoskal": "ΘΕΣΣΑΛΟΝΙΚΗ", "lines_ejyp": "31,40,40A", "stop_type_cat": "Regular Stop", "type_rank": 4, "line_count": 3, "service_level": "Multi-line stop" }, "geometry": { "type": "Point", "coordinates": [ 22.915468, 40.641905 ] } },
{ "type": "Feature", "properties": { "code": "Γ-04/002", "onomastasi": "ΦΙΞ", "type": "ΣΤΑΣΗ", "dimoskal": "ΘΕΣΣΑΛΟΝΙΚΗ", "lines_ejyp": "31,40,40A,40K", "stop_type_cat": "Regular Stop", "type_rank": 4, "line_count": 4, "service_level": "High-service stop" }, "geometry": { "type": "Point", "coordinates": [ 22.914141, 40.642181 ] } },
{ "type": "Feature", "properties": { "code": "Γ-04/004", "onomastasi": "ΣΦΑΓΕΙΑ", "type": "ΣΤΑΣΗ", "dimoskal": "ΘΕΣΣΑΛΟΝΙΚΗ", "lines_ejyp": "31,40,40A,40K", "stop_type_cat": "Regular Stop", "type_rank": 4, "line_count": 4, "service_level": "High-service stop" }, "geometry": { "type": "Point", "coordinates": [ 22.911613, 40.642998 ] } },
{ "type": "Feature", "properties": { "code": "Γ-04/003", "onomastasi": "ΣΦΑΓΕΙΑ", "type": "ΣΤΑΣΗ", "dimoskal": "ΘΕΣΣΑΛΟΝΙΚΗ", "lines_ejyp": "31,40,40A", "stop_type_cat": "Regular Stop", "type_rank": 4, "line_count": 3, "service_level": "Multi-line stop" }, "geometry": { "type": "Point", "coordinates": [ 22.911913, 40.643025 ] } },
{ "type": "Feature", "properties": { "code": "Γ-04/041", "onomastasi": "ΤΣΟΡΛΙΝΗ", "type": "ΣΤΑΣΗ", "dimoskal": "ΘΕΣΣΑΛΟΝΙΚΗ", "lines_ejyp": "12", "stop_type_cat": "Regular Stop", "type_rank": 4, "line_count": 1, "service_level": "Local stop" }, "geometry": { "type": "Point", "coordinates": [ 22.920987, 40.643422 ] } },
{ "type": "Feature", "properties": { "code": "Γ-04/006", "onomastasi": "ΒΥΡΣΟΔΕΨΕΙΟ", "type": "ΣΤΑΣΗ", "dimoskal": "ΘΕΣΣΑΛΟΝΙΚΗ", "lines_ejyp": "31,40,40A,40K", "stop_type_cat": "Regular Stop", "type_rank": 4, "line_count": 4, "service_level": "High-service stop" }, "geometry": { "type": "Point", "coordinates": [ 22.90897, 40.645275 ] } },
{ "type": "Feature", "properties": { "code": "Ι-03/003", "onomastasi": "ΜΑΚΕΔΟΝΟΜΑΧΩΝ", "type": "ΣΤΑΣΗ", "dimoskal": "ΔΕΛΤΑ", "lines_ejyp": "40", "stop_type_cat": "Regular Stop", "type_rank": 4, "line_count": 1, "service_level": "Local stop" }, "geometry": { "type": "Point", "coordinates": [ 22.859206, 40.642412 ] } },
{ "type": "Feature", "properties": { "code": "Ι-03/002", "onomastasi": "28ης ΟΚΤΩΒΡΙΟΥ", "type": "ΣΤΑΣΗ", "dimoskal": "ΔΕΛΤΑ", "lines_ejyp": "40", "stop_type_cat": "Regular Stop", "type_rank": 4, "line_count": 1, "service_level": "Local stop" }, "geometry": { "type": "Point", "coordinates": [ 22.862084, 40.642705 ] } },
{ "type": "Feature", "properties": { "code": "Ι-03/020", "onomastasi": "ΓΥΜΝΑΣΤΗΡΙΟ", "type": "ΣΤΑΣΗ", "dimoskal": "ΔΕΛΤΑ", "lines_ejyp": "40A", "stop_type_cat": "Regular Stop", "type_rank": 4, "line_count": 1, "service_level": "Local stop" }, "geometry": { "type": "Point", "coordinates": [ 22.849111, 40.643413 ] } },
{ "type": "Feature", "properties": { "code": "Ι-03/014", "onomastasi": "ΜΑΛΑΜΑΤΙΝΑ", "type": "ΣΤΑΣΗ", "dimoskal": "ΔΕΛΤΑ", "lines_ejyp": "40,40Κ", "stop_type_cat": "Regular Stop", "type_rank": 4, "line_count": 2, "service_level": "Multi-line stop" }, "geometry": { "type": "Point", "coordinates": [ 22.86482, 40.643635 ] } },
{ "type": "Feature", "properties": { "code": "Ι-03/001", "onomastasi": "ΜΑΛΑΜΑΤΙΝΑ", "type": "ΣΤΑΣΗ", "dimoskal": "ΔΕΛΤΑ", "lines_ejyp": "40,40Κ", "stop_type_cat": "Regular Stop", "type_rank": 4, "line_count": 2, "service_level": "Multi-line stop" }, "geometry": { "type": "Point", "coordinates": [ 22.864749, 40.643706 ] } },
{ "type": "Feature", "properties": { "code": "Θ-04/003", "onomastasi": "DORAL", "type": "ΣΤΑΣΗ", "dimoskal": "ΔΕΛΤΑ", "lines_ejyp": "40,40K", "stop_type_cat": "Regular Stop", "type_rank": 4, "line_count": 2, "service_level": "Multi-line stop" }, "geometry": { "type": "Point", "coordinates": [ 22.867986, 40.646617 ] } },
{ "type": "Feature", "properties": { "code": "Θ-04/002", "onomastasi": "DORAL", "type": "ΣΤΑΣΗ", "dimoskal": "ΔΕΛΤΑ", "lines_ejyp": "40,40K", "stop_type_cat": "Regular Stop", "type_rank": 4, "line_count": 2, "service_level": "Multi-line stop" }, "geometry": { "type": "Point", "coordinates": [ 22.867927, 40.646663 ] } },
{ "type": "Feature", "properties": { "code": "Ι-03/019", "onomastasi": "ΑΡΓΟΣ", "type": "ΣΤΑΣΗ", "dimoskal": "ΔΕΛΤΑ", "lines_ejyp": "40Α", "stop_type_cat": "Regular Stop", "type_rank": 4, "line_count": 1, "service_level": "Local stop" }, "geometry": { "type": "Point", "coordinates": [ 22.849148, 40.647362 ] } },
{ "type": "Feature", "properties": { "code": "Ι-03/018", "onomastasi": "Σ.Δ.Ο.Ε", "type": "ΣΤΑΣΗ", "dimoskal": "ΔΕΛΤΑ", "lines_ejyp": "40Α", "stop_type_cat": "Regular Stop", "type_rank": 4, "line_count": 1, "service_level": "Local stop" }, "geometry": { "type": "Point", "coordinates": [ 22.852694, 40.648078 ] } },
{ "type": "Feature", "properties": { "code": "Ι-03/017", "onomastasi": "Ε.Υ.Α.Θ", "type": "ΣΤΑΣΗ", "dimoskal": "ΔΕΛΤΑ", "lines_ejyp": "40A", "stop_type_cat": "Regular Stop", "type_rank": 4, "line_count": 1, "service_level": "Local stop" }, "geometry": { "type": "Point", "coordinates": [ 22.860718, 40.64873 ] } },
{ "type": "Feature", "properties": { "code": "Γ-04/005", "onomastasi": "ΒΥΡΣΟΔΕΨΕΙΟ", "type": "ΣΤΑΣΗ", "dimoskal": "ΘΕΣΣΑΛΟΝΙΚΗ", "lines_ejyp": "31,40,40A", "stop_type_cat": "Regular Stop", "type_rank": 4, "line_count": 3, "service_level": "Multi-line stop" }, "geometry": { "type": "Point", "coordinates": [ 22.90915, 40.645511 ] } },
{ "type": "Feature", "properties": { "code": "Γ-04/039", "onomastasi": "ΓΙΑΝΝΙΤΣΩΝ", "type": "ΣΤΑΣΗ", "dimoskal": "ΘΕΣΣΑΛΟΝΙΚΗ", "lines_ejyp": "12", "stop_type_cat": "Regular Stop", "type_rank": 4, "line_count": 1, "service_level": "Local stop" }, "geometry": { "type": "Point", "coordinates": [ 22.923028, 40.646072 ] } },
{ "type": "Feature", "properties": { "code": "Γ-04/014", "onomastasi": "ΑΓΙΩΝ ΠΑΝΤΩΝ", "type": "ΣΤΑΣΗ", "dimoskal": "ΘΕΣΣΑΛΟΝΙΚΗ", "lines_ejyp": " 1N,01N,02K,09,09A,09B,09E,19,19A,51,52,52A,54,54A,55X", "stop_type_cat": "Regular Stop", "type_rank": 4, "line_count": 15, "service_level": "Major PT node" }, "geometry": { "type": "Point", "coordinates": [ 22.924506, 40.646133 ] } },
{ "type": "Feature", "properties": { "code": "Γ-04/047", "onomastasi": "ΟΠΑΠ (ΠΡΟΣ Κ.ΤΟΥΜΠΑ)", "type": "ΣΤΑΣΗ", "dimoskal": "ΘΕΣΣΑΛΟΝΙΚΗ", "lines_ejyp": "12", "stop_type_cat": "Regular Stop", "type_rank": 4, "line_count": 1, "service_level": "Local stop" }, "geometry": { "type": "Point", "coordinates": [ 22.919409, 40.646578 ] } },
{ "type": "Feature", "properties": { "code": "Γ-04/050", "onomastasi": "ΟΠΑΠ (ΠΡΟΣ ΚΤΕΛ)", "type": "ΣΤΑΣΗ", "dimoskal": "ΘΕΣΣΑΛΟΝΙΚΗ", "lines_ejyp": "12", "stop_type_cat": "Regular Stop", "type_rank": 4, "line_count": 1, "service_level": "Local stop" }, "geometry": { "type": "Point", "coordinates": [ 22.920853, 40.647151 ] } },
{ "type": "Feature", "properties": { "code": "Γ-04/012", "onomastasi": "ΣΤΡΟΦΗ ΕΠΤΑΛΟΦΟΥ", "type": "ΣΤΑΣΗ", "dimoskal": "ΘΕΣΣΑΛΟΝΙΚΗ", "lines_ejyp": " 1N,01N,01X,02K,09,09A,09B,09E,19,51,52,52A,54,54A,55X", "stop_type_cat": "Regular Stop", "type_rank": 4, "line_count": 15, "service_level": "Major PT node" }, "geometry": { "type": "Point", "coordinates": [ 22.921886, 40.64729 ] } },
{ "type": "Feature", "properties": { "code": "Γ-04/013", "onomastasi": "ΣΤΡΟΦΗ ΕΠΤΑΛΟΦΟΥ", "type": "ΣΤΑΣΗ", "dimoskal": "ΘΕΣΣΑΛΟΝΙΚΗ", "lines_ejyp": " 1N,01N,01X,02K,09,09A,09B,09E,19,19A,51,52,52A,54,54A,55X", "stop_type_cat": "Regular Stop", "type_rank": 4, "line_count": 16, "service_level": "Major PT node" }, "geometry": { "type": "Point", "coordinates": [ 22.922044, 40.647479 ] } },
{ "type": "Feature", "properties": { "code": "Γ-04/011", "onomastasi": "ΚΩΛΕΤΗ", "type": "ΣΤΑΣΗ", "dimoskal": "ΘΕΣΣΑΛΟΝΙΚΗ", "lines_ejyp": " 1N,01N,02K,09,09A,09B,09E,19,51,52,52A,54,54A,55X", "stop_type_cat": "Regular Stop", "type_rank": 4, "line_count": 14, "service_level": "Major PT node" }, "geometry": { "type": "Point", "coordinates": [ 22.920167, 40.648224 ] } },
{ "type": "Feature", "properties": { "code": "Γ-04/049", "onomastasi": "ΜΠΑΛΤΑ", "type": "ΣΤΑΣΗ", "dimoskal": "ΘΕΣΣΑΛΟΝΙΚΗ", "lines_ejyp": "12", "stop_type_cat": "Regular Stop", "type_rank": 4, "line_count": 1, "service_level": "Local stop" }, "geometry": { "type": "Point", "coordinates": [ 22.917358, 40.648788 ] } },
{ "type": "Feature", "properties": { "code": "Γ-04/054", "onomastasi": "ΜΠΑΛΤΑ", "type": "ΣΤΑΣΗ", "dimoskal": "ΘΕΣΣΑΛΟΝΙΚΗ", "lines_ejyp": "12", "stop_type_cat": "Regular Stop", "type_rank": 4, "line_count": 1, "service_level": "Local stop" }, "geometry": { "type": "Point", "coordinates": [ 22.917479, 40.648918 ] } },
{ "type": "Feature", "properties": { "code": "Δ-03/006", "onomastasi": "ΓΗΠΕΔΟ ΘΕΡΜΑΙΚΟΥ", "type": "ΣΤΑΣΗ", "dimoskal": "ΘΕΣΣΑΛΟΝΙΚΗ", "lines_ejyp": "31,40,40A,40K", "stop_type_cat": "Regular Stop", "type_rank": 4, "line_count": 4, "service_level": "High-service stop" }, "geometry": { "type": "Point", "coordinates": [ 22.907445, 40.64683 ] } },
{ "type": "Feature", "properties": { "code": "Δ-03/005", "onomastasi": "ΓΗΠΕΔΟ ΘΕΡΜΑΙΚΟΥ", "type": "ΣΤΑΣΗ", "dimoskal": "ΘΕΣΣΑΛΟΝΙΚΗ", "lines_ejyp": "31,40,40A", "stop_type_cat": "Regular Stop", "type_rank": 4, "line_count": 3, "service_level": "Multi-line stop" }, "geometry": { "type": "Point", "coordinates": [ 22.905916, 40.647912 ] } },
{ "type": "Feature", "properties": { "code": "Δ-03/004", "onomastasi": "ΧΑΡΤΟΠΟΙΙΑ", "type": "ΣΤΑΣΗ", "dimoskal": "ΘΕΣΣΑΛΟΝΙΚΗ", "lines_ejyp": "31,40,40A,40K", "stop_type_cat": "Regular Stop", "type_rank": 4, "line_count": 4, "service_level": "High-service stop" }, "geometry": { "type": "Point", "coordinates": [ 22.904222, 40.648552 ] } },
{ "type": "Feature", "properties": { "code": "Δ-03/003", "onomastasi": "ΧΑΡΤΟΠΟΙΪΑ", "type": "ΣΤΑΣΗ", "dimoskal": "ΘΕΣΣΑΛΟΝΙΚΗ", "lines_ejyp": "31,40,40A,40K", "stop_type_cat": "Regular Stop", "type_rank": 4, "line_count": 4, "service_level": "High-service stop" }, "geometry": { "type": "Point", "coordinates": [ 22.904037, 40.648912 ] } },
{ "type": "Feature", "properties": { "code": "Δ-03/012", "onomastasi": "ΠΑΛΑΓΚΑΣ", "type": "ΣΤΑΣΗ", "dimoskal": "ΑΜΠΕΛΟΚΗΠΟΙ ΜΕΝΕΜΕΝΗ", "lines_ejyp": "40,40Κ", "stop_type_cat": "Regular Stop", "type_rank": 4, "line_count": 2, "service_level": "Multi-line stop" }, "geometry": { "type": "Point", "coordinates": [ 22.880421, 40.650257 ] } },
{ "type": "Feature", "properties": { "code": "Δ-03/011", "onomastasi": "ΠΑΛΑΓΚΑΣ", "type": "ΣΤΑΣΗ", "dimoskal": "ΑΜΠΕΛΟΚΗΠΟΙ ΜΕΝΕΜΕΝΗ", "lines_ejyp": "40,40Α", "stop_type_cat": "Regular Stop", "type_rank": 4, "line_count": 2, "service_level": "Multi-line stop" }, "geometry": { "type": "Point", "coordinates": [ 22.880237, 40.6504 ] } },
{ "type": "Feature", "properties": { "code": "Δ-03/015", "onomastasi": "ΤΖΕΤ ΟΙΛ", "type": "ΣΤΑΣΗ", "dimoskal": "ΑΜΠΕΛΟΚΗΠΟΙ ΜΕΝΕΜΕΝΗ", "lines_ejyp": "40", "stop_type_cat": "Regular Stop", "type_rank": 4, "line_count": 1, "service_level": "Local stop" }, "geometry": { "type": "Point", "coordinates": [ 22.883498, 40.650497 ] } },
{ "type": "Feature", "properties": { "code": "Δ-03/017", "onomastasi": "ΜΑΝΔΥΛΑΣ", "type": "ΣΤΑΣΗ", "dimoskal": "ΑΜΠΕΛΟΚΗΠΟΙ ΜΕΝΕΜΕΝΗ", "lines_ejyp": "40", "stop_type_cat": "Regular Stop", "type_rank": 4, "line_count": 1, "service_level": "Local stop" }, "geometry": { "type": "Point", "coordinates": [ 22.886134, 40.650639 ] } },
{ "type": "Feature", "properties": { "code": "Δ-03/016", "onomastasi": "ΤΖΕΤ ΟΙΛ", "type": "ΣΤΑΣΗ", "dimoskal": "ΑΜΠΕΛΟΚΗΠΟΙ ΜΕΝΕΜΕΝΗ", "lines_ejyp": "40,40Α", "stop_type_cat": "Regular Stop", "type_rank": 4, "line_count": 2, "service_level": "Multi-line stop" }, "geometry": { "type": "Point", "coordinates": [ 22.882495, 40.65068 ] } },
{ "type": "Feature", "properties": { "code": "Δ-03/018", "onomastasi": "ΜΑΝΔΥΛΑΣ", "type": "ΣΤΑΣΗ", "dimoskal": "ΑΜΠΕΛΟΚΗΠΟΙ ΜΕΝΕΜΕΝΗ", "lines_ejyp": "40,40Α", "stop_type_cat": "Regular Stop", "type_rank": 4, "line_count": 2, "service_level": "Multi-line stop" }, "geometry": { "type": "Point", "coordinates": [ 22.886296, 40.650726 ] } },
{ "type": "Feature", "properties": { "code": "Γ-04/008", "onomastasi": "ΒΟΣΠΟΡΟΣ", "type": "ΣΤΑΣΗ", "dimoskal": "ΑΜΠΕΛΟΚΗΠΟΙ ΜΕΝΕΜΕΝΗ", "lines_ejyp": "01N,1N,02K,09,19,19A,51,51B,52,54,54A,55X", "stop_type_cat": "Regular Stop", "type_rank": 4, "line_count": 12, "service_level": "Major PT node" }, "geometry": { "type": "Point", "coordinates": [ 22.914419, 40.651532 ] } },
{ "type": "Feature", "properties": { "code": "Γ-04/027", "onomastasi": "ΠΛΑΤΕΙΑ ΕΠΤΑΛΟΦΟΥ", "type": "ΣΤΑΣΗ", "dimoskal": "ΑΜΠΕΛΟΚΗΠΟΙ ΜΕΝΕΜΕΝΗ", "lines_ejyp": "21,32,32Α,32Ν", "stop_type_cat": "Regular Stop", "type_rank": 4, "line_count": 4, "service_level": "High-service stop" }, "geometry": { "type": "Point", "coordinates": [ 22.923815, 40.652162 ] } },
{ "type": "Feature", "properties": { "code": "Γ-03/002", "onomastasi": "ΜΗΧΑΝΟΥΡΓΕΙΟ Ο.Σ.Ε", "type": "ΣΤΑΣΗ", "dimoskal": "ΑΜΠΕΛΟΚΗΠΟΙ ΜΕΝΕΜΕΝΗ", "lines_ejyp": "01N,1N,02K,09,12,19,51,52,54,55X", "stop_type_cat": "Regular Stop", "type_rank": 4, "line_count": 10, "service_level": "Major PT node" }, "geometry": { "type": "Point", "coordinates": [ 22.911507, 40.65249 ] } },
{ "type": "Feature", "properties": { "code": "Γ-03/001", "onomastasi": "ΜΗΧΑΝΟΥΡΓΕΙΟ Ο.Σ.Ε", "type": "ΣΤΑΣΗ", "dimoskal": "ΑΜΠΕΛΟΚΗΠΟΙ ΜΕΝΕΜΕΝΗ", "lines_ejyp": "01Ν,1Ν,02Κ,09,12,19,19Α,45,45Α,45Β,51,51Β,52,54,54Α,55Χ", "stop_type_cat": "Regular Stop", "type_rank": 4, "line_count": 16, "service_level": "Major PT node" }, "geometry": { "type": "Point", "coordinates": [ 22.911023, 40.652909 ] } },
{ "type": "Feature", "properties": { "code": "Γ-04/046", "onomastasi": "ΓΕΝΝΗΜΑΤΑ 3", "type": "ΣΤΑΣΗ", "dimoskal": "ΑΜΠΕΛΟΚΗΠΟΙ ΜΕΝΕΜΕΝΗ", "lines_ejyp": "20", "stop_type_cat": "Regular Stop", "type_rank": 4, "line_count": 1, "service_level": "Local stop" }, "geometry": { "type": "Point", "coordinates": [ 22.917566, 40.65304 ] } },
{ "type": "Feature", "properties": { "code": "Γ-04/028", "onomastasi": "ΠΙΕΡΡΑΚΟΥ", "type": "ΤΕΣ ΠΛΗΡΟΦΟΡΗΣΗ", "dimoskal": "ΑΜΠΕΛΟΚΗΠΟΙ ΜΕΝΕΜΕΝΗ", "lines_ejyp": "01Α,1Β,20,21,42Β", "stop_type_cat": "Info Stop", "type_rank": 3, "line_count": 5, "service_level": "High-service stop" }, "geometry": { "type": "Point", "coordinates": [ 22.921071, 40.653355 ] } },
{ "type": "Feature", "properties": { "code": "Γ-03/003", "onomastasi": "ΟΡΥΖΟΜΥΛΟΙ", "type": "ΣΤΑΣΗ", "dimoskal": "ΑΜΠΕΛΟΚΗΠΟΙ ΜΕΝΕΜΕΝΗ", "lines_ejyp": "", "stop_type_cat": "Regular Stop", "type_rank": 4, "line_count": 0, "service_level": "Unknown service" }, "geometry": { "type": "Point", "coordinates": [ 22.909443, 40.653291 ] } },
{ "type": "Feature", "properties": { "code": "Γ-04/022", "onomastasi": "ΦΙΛΙΠΠΟΥ", "type": "ΣΤΑΣΗ", "dimoskal": "ΑΜΠΕΛΟΚΗΠΟΙ ΜΕΝΕΜΕΝΗ", "lines_ejyp": "01Α,18,32,32Α,32Ν,42Β", "stop_type_cat": "Regular Stop", "type_rank": 4, "line_count": 6, "service_level": "High-service stop" }, "geometry": { "type": "Point", "coordinates": [ 22.923169, 40.653894 ] } },
{ "type": "Feature", "properties": { "code": "Γ-04/026", "onomastasi": "ΦΙΛΙΠΠΟΥ", "type": "ΤΕΣ ΠΛΗΡΟΦΟΡΗΣΗ", "dimoskal": "ΑΜΠΕΛΟΚΗΠΟΙ ΜΕΝΕΜΕΝΗ", "lines_ejyp": "01Α,18,32,32Α,32Ν,42Β", "stop_type_cat": "Info Stop", "type_rank": 3, "line_count": 6, "service_level": "High-service stop" }, "geometry": { "type": "Point", "coordinates": [ 22.923063, 40.653929 ] } },
{ "type": "Feature", "properties": { "code": "Γ-04/021", "onomastasi": "ΦΙΛΙΠΠΟΥΠΟΛΕΩΣ", "type": "ΤΕΣ ΠΛΗΡΟΦΟΡΗΣΗ", "dimoskal": "ΑΜΠΕΛΟΚΗΠΟΙ ΜΕΝΕΜΕΝΗ", "lines_ejyp": "21,32,32Α,32Ν", "stop_type_cat": "Info Stop", "type_rank": 3, "line_count": 4, "service_level": "High-service stop" }, "geometry": { "type": "Point", "coordinates": [ 22.924197, 40.65414 ] } },
{ "type": "Feature", "properties": { "code": "Θ-04/001", "onomastasi": "ΑΓΙΑ ΦΩΤΕΙΝΗ", "type": "ΣΤΑΣΗ", "dimoskal": "ΔΕΛΤΑ", "lines_ejyp": "40", "stop_type_cat": "Regular Stop", "type_rank": 4, "line_count": 1, "service_level": "Local stop" }, "geometry": { "type": "Point", "coordinates": [ 22.8709, 40.649061 ] } },
{ "type": "Feature", "properties": { "code": "Θ-04/004", "onomastasi": "ΑΓΙΑ ΦΩΤΕΙΝΗ", "type": "ΣΤΑΣΗ", "dimoskal": "ΔΕΛΤΑ", "lines_ejyp": "40,40Κ", "stop_type_cat": "Regular Stop", "type_rank": 4, "line_count": 2, "service_level": "Multi-line stop" }, "geometry": { "type": "Point", "coordinates": [ 22.871081, 40.649087 ] } },
{ "type": "Feature", "properties": { "code": "Ι-03/016", "onomastasi": "Β΄ ΠΑΡΟΔΟΣ ΟΛΥΜΠΟΥ", "type": "ΣΤΑΣΗ", "dimoskal": "ΔΕΛΤΑ", "lines_ejyp": "40A", "stop_type_cat": "Regular Stop", "type_rank": 4, "line_count": 1, "service_level": "Local stop" }, "geometry": { "type": "Point", "coordinates": [ 22.864765, 40.649081 ] } },
{ "type": "Feature", "properties": { "code": "Ι-03/015", "onomastasi": "ΑΓΙΑ ΦΩΤΕΙΝΗ", "type": "ΣΤΑΣΗ", "dimoskal": "ΔΕΛΤΑ", "lines_ejyp": "40Α", "stop_type_cat": "Regular Stop", "type_rank": 4, "line_count": 1, "service_level": "Local stop" }, "geometry": { "type": "Point", "coordinates": [ 22.871112, 40.649591 ] } },
{ "type": "Feature", "properties": { "code": "Δ-03/014", "onomastasi": "ΔΕΡΜΟΠΛΑΣΤ", "type": "ΣΤΑΣΗ", "dimoskal": "ΑΜΠΕΛΟΚΗΠΟΙ ΜΕΝΕΜΕΝΗ", "lines_ejyp": "40,40Κ", "stop_type_cat": "Regular Stop", "type_rank": 4, "line_count": 2, "service_level": "Multi-line stop" }, "geometry": { "type": "Point", "coordinates": [ 22.876425, 40.649959 ] } },
{ "type": "Feature", "properties": { "code": "Δ-03/013", "onomastasi": "ΔΕΡΜΟΠΛΑΣΤ", "type": "ΣΤΑΣΗ", "dimoskal": "ΔΕΛΤΑ", "lines_ejyp": "40,40Α", "stop_type_cat": "Regular Stop", "type_rank": 4, "line_count": 2, "service_level": "Multi-line stop" }, "geometry": { "type": "Point", "coordinates": [ 22.876238, 40.65003 ] } },
{ "type": "Feature", "properties": { "code": "Δ-02/018", "onomastasi": "ΝΙΣΣΑΝ", "type": "ΣΤΑΣΗ", "dimoskal": "ΔΕΛΤΑ", "lines_ejyp": "09", "stop_type_cat": "Regular Stop", "type_rank": 4, "line_count": 1, "service_level": "Local stop" }, "geometry": { "type": "Point", "coordinates": [ 22.852885, 40.654452 ] } },
{ "type": "Feature", "properties": { "code": "Δ-02/035", "onomastasi": "ΕΚΘΕΣΗ ΑΓΡΟΤΙΚΩΝ ΜΗΧΑΝΗΜΑΤΩΝ", "type": "ΣΤΑΣΗ", "dimoskal": "ΔΕΛΤΑ", "lines_ejyp": "09", "stop_type_cat": "Regular Stop", "type_rank": 4, "line_count": 1, "service_level": "Local stop" }, "geometry": { "type": "Point", "coordinates": [ 22.857065, 40.654894 ] } },
{ "type": "Feature", "properties": { "code": "Δ-02/015", "onomastasi": "ΤΑΛΩΣ", "type": "ΣΤΑΣΗ", "dimoskal": "ΔΕΛΤΑ", "lines_ejyp": "09", "stop_type_cat": "Regular Stop", "type_rank": 4, "line_count": 1, "service_level": "Local stop" }, "geometry": { "type": "Point", "coordinates": [ 22.861529, 40.655149 ] } },
{ "type": "Feature", "properties": { "code": "Δ-02/020", "onomastasi": "ΜΗΧΑΝΟΥΡΓΕΙΟ", "type": "ΣΤΑΣΗ", "dimoskal": "ΔΕΛΤΑ", "lines_ejyp": "09", "stop_type_cat": "Regular Stop", "type_rank": 4, "line_count": 1, "service_level": "Local stop" }, "geometry": { "type": "Point", "coordinates": [ 22.849514, 40.655503 ] } },
{ "type": "Feature", "properties": { "code": "Δ-03/019", "onomastasi": "ΑΓΙΑ ΒΑΡΒΑΡΑ", "type": "ΣΤΑΣΗ", "dimoskal": "ΑΜΠΕΛΟΚΗΠΟΙ ΜΕΝΕΜΕΝΗ", "lines_ejyp": "40", "stop_type_cat": "Regular Stop", "type_rank": 4, "line_count": 1, "service_level": "Local stop" }, "geometry": { "type": "Point", "coordinates": [ 22.890341, 40.651269 ] } },
{ "type": "Feature", "properties": { "code": "Δ-03/020", "onomastasi": "ΑΓΙΑ ΒΑΡΒΑΡΑ", "type": "ΣΤΑΣΗ", "dimoskal": "ΑΜΠΕΛΟΚΗΠΟΙ ΜΕΝΕΜΕΝΗ", "lines_ejyp": "40,40A", "stop_type_cat": "Regular Stop", "type_rank": 4, "line_count": 2, "service_level": "Multi-line stop" }, "geometry": { "type": "Point", "coordinates": [ 22.890561, 40.651516 ] } },
{ "type": "Feature", "properties": { "code": "Δ-03/021", "onomastasi": "ΜΑΜΙΔΑΚΗ", "type": "ΣΤΑΣΗ", "dimoskal": "ΑΜΠΕΛΟΚΗΠΟΙ ΜΕΝΕΜΕΝΗ", "lines_ejyp": "40,40Α", "stop_type_cat": "Regular Stop", "type_rank": 4, "line_count": 2, "service_level": "Multi-line stop" }, "geometry": { "type": "Point", "coordinates": [ 22.89769, 40.652013 ] } },
{ "type": "Feature", "properties": { "code": "Δ-03/022", "onomastasi": "ΜΑΜΙΔΑΚΗ", "type": "ΣΤΑΣΗ", "dimoskal": "ΑΜΠΕΛΟΚΗΠΟΙ ΜΕΝΕΜΕΝΗ", "lines_ejyp": "40,40Κ", "stop_type_cat": "Regular Stop", "type_rank": 4, "line_count": 2, "service_level": "Multi-line stop" }, "geometry": { "type": "Point", "coordinates": [ 22.897669, 40.65231 ] } },
{ "type": "Feature", "properties": { "code": "Δ-03/023", "onomastasi": "ΜΑΝ", "type": "ΣΤΑΣΗ", "dimoskal": "ΑΜΠΕΛΟΚΗΠΟΙ ΜΕΝΕΜΕΝΗ", "lines_ejyp": "40Κ", "stop_type_cat": "Regular Stop", "type_rank": 4, "line_count": 1, "service_level": "Local stop" }, "geometry": { "type": "Point", "coordinates": [ 22.893137, 40.653685 ] } },
{ "type": "Feature", "properties": { "code": "Γ-03/008 Β", "onomastasi": "Τ.Σ. Κ.Τ.Ε.Λ  B", "type": "ΣΤΑΘΜΟΣ ΜΕΤΕΠΙΒΙΒΑΣΗΣ", "dimoskal": "ΑΜΠΕΛΟΚΗΠΟΙ ΜΕΝΕΜΕΝΗ", "lines_ejyp": "80,80Α,80Ζ,81Α,81Ε,82Α,82Β,82Ε,82Μ,89Α,89Β,89Κ", "stop_type_cat": "Transfer Station", "type_rank": 1, "line_count": 12, "service_level": "Major PT node" }, "geometry": { "type": "Point", "coordinates": [ 22.901729, 40.654037 ] } },
{ "type": "Feature", "properties": { "code": "Γ-03/008 Α", "onomastasi": "Τ.Σ. Κ.Τ.Ε.Λ  A", "type": "ΣΤΑΘΜΟΣ ΜΕΤΕΠΙΒΙΒΑΣΗΣ", "dimoskal": "ΑΜΠΕΛΟΚΗΠΟΙ ΜΕΝΕΜΕΝΗ", "lines_ejyp": "01,01Ν,01Α,01Χ,1Ν,02Κ,12,31,45,45Α,45Β,45Υ", "stop_type_cat": "Transfer Station", "type_rank": 1, "line_count": 12, "service_level": "Major PT node" }, "geometry": { "type": "Point", "coordinates": [ 22.901772, 40.654059 ] } },
{ "type": "Feature", "properties": { "code": "Γ-03/005", "onomastasi": "ΟΜΟΣΠΟΝΔΙΑ", "type": "ΣΤΑΣΗ", "dimoskal": "ΑΜΠΕΛΟΚΗΠΟΙ ΜΕΝΕΜΕΝΗ", "lines_ejyp": "01Ν,01Χ,1Ν,02Κ,09,12,19,19Α,51,51Β,52,54,54Α,55Υ,55Χ", "stop_type_cat": "Regular Stop", "type_rank": 4, "line_count": 15, "service_level": "Major PT node" }, "geometry": { "type": "Point", "coordinates": [ 22.906699, 40.654632 ] } },
{ "type": "Feature", "properties": { "code": "Γ-03/006", "onomastasi": "ΟΜΟΣΠΟΝΔΙΑ", "type": "ΣΤΑΣΗ", "dimoskal": "ΑΜΠΕΛΟΚΗΠΟΙ ΜΕΝΕΜΕΝΗ", "lines_ejyp": "01Ν,1Ν,02Κ,09,12,19,51,52,54,55Χ", "stop_type_cat": "Regular Stop", "type_rank": 4, "line_count": 10, "service_level": "Major PT node" }, "geometry": { "type": "Point", "coordinates": [ 22.905237, 40.654991 ] } },
{ "type": "Feature", "properties": { "code": "Δ-03/010", "onomastasi": "ΡΟΜΠΟΠΟΥΛΟΣ", "type": "ΣΤΑΣΗ", "dimoskal": "ΑΜΠΕΛΟΚΗΠΟΙ ΜΕΝΕΜΕΝΗ", "lines_ejyp": "40Κ", "stop_type_cat": "Regular Stop", "type_rank": 4, "line_count": 1, "service_level": "Local stop" }, "geometry": { "type": "Point", "coordinates": [ 22.886003, 40.655156 ] } },
{ "type": "Feature", "properties": { "code": "Γ-03/024", "onomastasi": "Κ.Τ.Ε.Λ", "type": "ΣΤΑΣΗ", "dimoskal": "ΑΜΠΕΛΟΚΗΠΟΙ ΜΕΝΕΜΕΝΗ", "lines_ejyp": "09,52,55Υ", "stop_type_cat": "Regular Stop", "type_rank": 4, "line_count": 3, "service_level": "Multi-line stop" }, "geometry": { "type": "Point", "coordinates": [ 22.901785, 40.655318 ] } },
{ "type": "Feature", "properties": { "code": "Δ-02/013", "onomastasi": "Α' Κ.Τ.Ε.Ο", "type": "ΣΤΑΣΗ", "dimoskal": "ΑΜΠΕΛΟΚΗΠΟΙ ΜΕΝΕΜΕΝΗ", "lines_ejyp": "09", "stop_type_cat": "Regular Stop", "type_rank": 4, "line_count": 1, "service_level": "Local stop" }, "geometry": { "type": "Point", "coordinates": [ 22.878214, 40.655784 ] } },
{ "type": "Feature", "properties": { "code": "Γ-03/009", "onomastasi": "ΓΕΦΥΡΑ", "type": "ΣΤΑΣΗ", "dimoskal": "ΑΜΠΕΛΟΚΗΠΟΙ ΜΕΝΕΜΕΝΗ", "lines_ejyp": "01,01Ν,01Α,1Ν,02Κ,09,12,31,52,80,80Α,80Ε,81Β,81Κ,82Α,82Β,82Κ,82Ν,89Α,89Ε,89Ν", "stop_type_cat": "Regular Stop", "type_rank": 4, "line_count": 21, "service_level": "Major PT node" }, "geometry": { "type": "Point", "coordinates": [ 22.902014, 40.656323 ] } },
{ "type": "Feature", "properties": { "code": "Γ-03/007", "onomastasi": "ΑΓΙΟΣ ΠΟΛΥΚΑΡΠΟΣ", "type": "ΣΤΑΣΗ", "dimoskal": "ΑΜΠΕΛΟΚΗΠΟΙ ΜΕΝΕΜΕΝΗ", "lines_ejyp": "19,51,54,55X", "stop_type_cat": "Regular Stop", "type_rank": 4, "line_count": 4, "service_level": "High-service stop" }, "geometry": { "type": "Point", "coordinates": [ 22.903267, 40.656431 ] } },
{ "type": "Feature", "properties": { "code": "Δ-03/002", "onomastasi": "ΑΓΙΟΥ ΝΕΚΤΑΡΙΟΥ", "type": "ΣΤΑΣΗ", "dimoskal": "ΑΜΠΕΛΟΚΗΠΟΙ ΜΕΝΕΜΕΝΗ", "lines_ejyp": "42A,42B", "stop_type_cat": "Regular Stop", "type_rank": 4, "line_count": 2, "service_level": "Multi-line stop" }, "geometry": { "type": "Point", "coordinates": [ 22.899582, 40.656549 ] } },
{ "type": "Feature", "properties": { "code": "Γ-03/033", "onomastasi": "ΑΓΙΟΣ ΠΟΛΥΚΑΡΠΟΣ", "type": "ΣΤΑΣΗ", "dimoskal": "ΑΜΠΕΛΟΚΗΠΟΙ ΜΕΝΕΜΕΝΗ", "lines_ejyp": "19,19A,51,51B,54,54A,55X", "stop_type_cat": "Regular Stop", "type_rank": 4, "line_count": 7, "service_level": "Major PT node" }, "geometry": { "type": "Point", "coordinates": [ 22.903447, 40.656591 ] } },
{ "type": "Feature", "properties": { "code": "Γ-03/034", "onomastasi": "ΓΕΦΥΡΑ", "type": "ΣΤΑΣΗ", "dimoskal": "ΑΜΠΕΛΟΚΗΠΟΙ ΜΕΝΕΜΕΝΗ", "lines_ejyp": "09", "stop_type_cat": "Regular Stop", "type_rank": 4, "line_count": 1, "service_level": "Local stop" }, "geometry": { "type": "Point", "coordinates": [ 22.902227, 40.657068 ] } },
{ "type": "Feature", "properties": { "code": "Δ-02/036", "onomastasi": "ΔΙΑΣΤΑΥΡΩΣΗ", "type": "ΣΤΑΣΗ", "dimoskal": "ΑΜΠΕΛΟΚΗΠΟΙ ΜΕΝΕΜΕΝΗ", "lines_ejyp": "", "stop_type_cat": "Regular Stop", "type_rank": 4, "line_count": 0, "service_level": "Unknown service" }, "geometry": { "type": "Point", "coordinates": [ 22.878137, 40.657559 ] } },
{ "type": "Feature", "properties": { "code": "Δ-02/011", "onomastasi": "ΔΙΑΣΤΑΥΡΩΣΗ", "type": "ΣΤΑΣΗ", "dimoskal": "ΑΜΠΕΛΟΚΗΠΟΙ ΜΕΝΕΜΕΝΗ", "lines_ejyp": "", "stop_type_cat": "Regular Stop", "type_rank": 4, "line_count": 0, "service_level": "Unknown service" }, "geometry": { "type": "Point", "coordinates": [ 22.878174, 40.657677 ] } },
{ "type": "Feature", "properties": { "code": "Δ-02/021", "onomastasi": "ΑΝΑΨΥΚΤΗΡΙΟ", "type": "ΣΤΑΣΗ", "dimoskal": "ΑΜΠΕΛΟΚΗΠΟΙ ΜΕΝΕΜΕΝΗ", "lines_ejyp": "", "stop_type_cat": "Regular Stop", "type_rank": 4, "line_count": 0, "service_level": "Unknown service" }, "geometry": { "type": "Point", "coordinates": [ 22.877927, 40.658243 ] } },
{ "type": "Feature", "properties": { "code": "Δ-02/023", "onomastasi": "ΠΥΛΗ ΚΕΝΤΡΙΚΗΣ ΑΓΟΡΑΣ", "type": "ΣΤΑΣΗ", "dimoskal": "ΑΜΠΕΛΟΚΗΠΟΙ ΜΕΝΕΜΕΝΗ", "lines_ejyp": "", "stop_type_cat": "Regular Stop", "type_rank": 4, "line_count": 0, "service_level": "Unknown service" }, "geometry": { "type": "Point", "coordinates": [ 22.888882, 40.65855 ] } },
{ "type": "Feature", "properties": { "code": "Γ-03/010 b", "onomastasi": "ΕΛΕΥΘΕΡΙΟΥ ΒΕΝΙΖΕΛΟΥ", "type": "ΣΤΑΣΗ", "dimoskal": "ΑΜΠΕΛΟΚΗΠΟΙ ΜΕΝΕΜΕΝΗ", "lines_ejyp": "", "stop_type_cat": "Regular Stop", "type_rank": 4, "line_count": 0, "service_level": "Unknown service" }, "geometry": { "type": "Point", "coordinates": [ 22.899601, 40.658786 ] } },
{ "type": "Feature", "properties": { "code": "Γ-03/010", "onomastasi": "ΕΛΕΥΘΕΡΙΟΥ ΒΕΝΙΖΕΛΟΥ", "type": "ΣΤΑΣΗ", "dimoskal": "ΑΜΠΕΛΟΚΗΠΟΙ ΜΕΝΕΜΕΝΗ", "lines_ejyp": "", "stop_type_cat": "Regular Stop", "type_rank": 4, "line_count": 0, "service_level": "Unknown service" }, "geometry": { "type": "Point", "coordinates": [ 22.899655, 40.658833 ] } },
{ "type": "Feature", "properties": { "code": "Δ-02/010", "onomastasi": "ΜΕΒΓΑΛ", "type": "ΣΤΑΣΗ", "dimoskal": "ΑΜΠΕΛΟΚΗΠΟΙ ΜΕΝΕΜΕΝΗ", "lines_ejyp": "9", "stop_type_cat": "Regular Stop", "type_rank": 4, "line_count": 1, "service_level": "Local stop" }, "geometry": { "type": "Point", "coordinates": [ 22.886306, 40.658962 ] } },
{ "type": "Feature", "properties": { "code": "Δ-03/007", "onomastasi": "Κ.Α.Π.Η", "type": "ΣΤΑΣΗ", "dimoskal": "ΑΜΠΕΛΟΚΗΠΟΙ ΜΕΝΕΜΕΝΗ", "lines_ejyp": "", "stop_type_cat": "Regular Stop", "type_rank": 4, "line_count": 0, "service_level": "Unknown service" }, "geometry": { "type": "Point", "coordinates": [ 22.897484, 40.659077 ] } },
{ "type": "Feature", "properties": { "code": "Δ-03/007 b", "onomastasi": "Κ.Α.Π.Η", "type": "ΣΤΑΣΗ", "dimoskal": "ΑΜΠΕΛΟΚΗΠΟΙ ΜΕΝΕΜΕΝΗ", "lines_ejyp": "", "stop_type_cat": "Regular Stop", "type_rank": 4, "line_count": 0, "service_level": "Unknown service" }, "geometry": { "type": "Point", "coordinates": [ 22.89755, 40.659121 ] } },
{ "type": "Feature", "properties": { "code": "Γ-02/045", "onomastasi": "ΕΒΑΜ", "type": "ΣΤΑΣΗ", "dimoskal": "ΚΟΡΔΕΛΙΟ ΕΥΟΣΜΟΣ", "lines_ejyp": "01,01Α,19,51,54,55Χ,80Ε,81Β,81Κ,82Α,82Β,82Κ,82Ν,89Α,89Ε,89Ν", "stop_type_cat": "Regular Stop", "type_rank": 4, "line_count": 16, "service_level": "Major PT node" }, "geometry": { "type": "Point", "coordinates": [ 22.90081, 40.659473 ] } },
{ "type": "Feature", "properties": { "code": "Γ-02/046", "onomastasi": "ΕΒΑΜ", "type": "ΣΤΑΣΗ", "dimoskal": "ΚΟΡΔΕΛΙΟ ΕΥΟΣΜΟΣ", "lines_ejyp": "01,01Α,19,51,54,55Χ,80Ε,81Β,81Κ,82Α,82Β,82Κ,82Ν,89Α,89Ε,89Ν", "stop_type_cat": "Regular Stop", "type_rank": 4, "line_count": 16, "service_level": "Major PT node" }, "geometry": { "type": "Point", "coordinates": [ 22.900228, 40.659835 ] } },
{ "type": "Feature", "properties": { "code": "Γ-03/014", "onomastasi": "ΠΑΛΙΟ ΤΕΡΜΑ", "type": "ΣΤΑΣΗ", "dimoskal": "ΚΟΡΔΕΛΙΟ ΕΥΟΣΜΟΣ", "lines_ejyp": "20", "stop_type_cat": "Regular Stop", "type_rank": 4, "line_count": 1, "service_level": "Local stop" }, "geometry": { "type": "Point", "coordinates": [ 22.908241, 40.660047 ] } },
{ "type": "Feature", "properties": { "code": "Γ-03/015", "onomastasi": "ΠΑΛΙΟ ΤΕΡΜΑ", "type": "ΣΤΑΣΗ", "dimoskal": "ΚΟΡΔΕΛΙΟ ΕΥΟΣΜΟΣ", "lines_ejyp": "20", "stop_type_cat": "Regular Stop", "type_rank": 4, "line_count": 1, "service_level": "Local stop" }, "geometry": { "type": "Point", "coordinates": [ 22.908442, 40.660054 ] } },
{ "type": "Feature", "properties": { "code": "Δ-02/012", "onomastasi": "ΞΕΝΟΣ", "type": "ΣΤΑΣΗ", "dimoskal": "ΔΕΛΤΑ", "lines_ejyp": "09", "stop_type_cat": "Regular Stop", "type_rank": 4, "line_count": 1, "service_level": "Local stop" }, "geometry": { "type": "Point", "coordinates": [ 22.868446, 40.655731 ] } },
{ "type": "Feature", "properties": { "code": "Δ-02/034", "onomastasi": "ΥΠΕΡΑΓΟΡΑ", "type": "ΣΤΑΣΗ", "dimoskal": "ΔΕΛΤΑ", "lines_ejyp": "09", "stop_type_cat": "Regular Stop", "type_rank": 4, "line_count": 1, "service_level": "Local stop" }, "geometry": { "type": "Point", "coordinates": [ 22.871652, 40.655889 ] } },
{ "type": "Feature", "properties": { "code": "Δ-02/022", "onomastasi": "ΖΑΚΟΣ", "type": "ΣΤΑΣΗ", "dimoskal": "ΔΕΛΤΑ", "lines_ejyp": "09", "stop_type_cat": "Regular Stop", "type_rank": 4, "line_count": 1, "service_level": "Local stop" }, "geometry": { "type": "Point", "coordinates": [ 22.849272, 40.65826 ] } },
{ "type": "Feature", "properties": { "code": "Δ-02/019", "onomastasi": "ΜΙΚΡΑΣ ΑΣΙΑΣ", "type": "ΣΤΑΣΗ", "dimoskal": "ΑΜΠΕΛΟΚΗΠΟΙ ΜΕΝΕΜΕΝΗ", "lines_ejyp": "09", "stop_type_cat": "Regular Stop", "type_rank": 4, "line_count": 1, "service_level": "Local stop" }, "geometry": { "type": "Point", "coordinates": [ 22.872226, 40.659557 ] } },
{ "type": "Feature", "properties": { "code": "Δ-02/017", "onomastasi": "ΠΟΝΤΟΥ", "type": "ΣΤΑΣΗ", "dimoskal": "ΑΜΠΕΛΟΚΗΠΟΙ ΜΕΝΕΜΕΝΗ", "lines_ejyp": "09", "stop_type_cat": "Regular Stop", "type_rank": 4, "line_count": 1, "service_level": "Local stop" }, "geometry": { "type": "Point", "coordinates": [ 22.865917, 40.660972 ] } },
{ "type": "Feature", "properties": { "code": "Δ-02/014", "onomastasi": "ΔΙΑΣΤΑΥΡΩΣΗ ΦΥΛΑΚΩΝ", "type": "ΣΤΑΣΗ", "dimoskal": "ΑΜΠΕΛΟΚΗΠΟΙ ΜΕΝΕΜΕΝΗ", "lines_ejyp": "09", "stop_type_cat": "Regular Stop", "type_rank": 4, "line_count": 1, "service_level": "Local stop" }, "geometry": { "type": "Point", "coordinates": [ 22.861966, 40.661866 ] } },
{ "type": "Feature", "properties": { "code": "Δ-02/028", "onomastasi": "ΣΥΓΓΕΝΙΔΗΣ", "type": "ΣΤΑΣΗ", "dimoskal": "ΑΜΠΕΛΟΚΗΠΟΙ ΜΕΝΕΜΕΝΗ", "lines_ejyp": "", "stop_type_cat": "Regular Stop", "type_rank": 4, "line_count": 0, "service_level": "Unknown service" }, "geometry": { "type": "Point", "coordinates": [ 22.858168, 40.66276 ] } },
{ "type": "Feature", "properties": { "code": "Δ-02/026", "onomastasi": "ΝΑΤΣΙΟΣ", "type": "ΣΤΑΣΗ", "dimoskal": "ΔΕΛΤΑ", "lines_ejyp": "09", "stop_type_cat": "Regular Stop", "type_rank": 4, "line_count": 1, "service_level": "Local stop" }, "geometry": { "type": "Point", "coordinates": [ 22.849236, 40.663366 ] } },
{ "type": "Feature", "properties": { "code": "Δ-02/001", "onomastasi": "ΜΑΚΡΟ", "type": "ΣΤΑΣΗ", "dimoskal": "ΔΕΛΤΑ", "lines_ejyp": "09", "stop_type_cat": "Regular Stop", "type_rank": 4, "line_count": 1, "service_level": "Local stop" }, "geometry": { "type": "Point", "coordinates": [ 22.854983, 40.663465 ] } },
{ "type": "Feature", "properties": { "code": "Δ-02/027", "onomastasi": "ΚΟΜΒΟΣ ΙΩΝΙΑΣ", "type": "ΣΤΑΣΗ", "dimoskal": "ΔΕΛΤΑ", "lines_ejyp": "09", "stop_type_cat": "Regular Stop", "type_rank": 4, "line_count": 1, "service_level": "Local stop" }, "geometry": { "type": "Point", "coordinates": [ 22.852058, 40.664135 ] } },
{ "type": "Feature", "properties": { "code": "Γ-03/016", "onomastasi": "ΑΓΙΑ ΠΑΡΑΣΚΕΥΗ", "type": "ΤΕΣ ΠΛΗΡΟΦΟΡΗΣΗ", "dimoskal": "ΑΜΠΕΛΟΚΗΠΟΙ ΜΕΝΕΜΕΝΗ", "lines_ejyp": "20,42A,42B", "stop_type_cat": "Info Stop", "type_rank": 3, "line_count": 3, "service_level": "Multi-line stop" }, "geometry": { "type": "Point", "coordinates": [ 22.911637, 40.657851 ] } },
{ "type": "Feature", "properties": { "code": "Γ-03/017", "onomastasi": "ΑΓΙΑ ΠΑΡΑΣΚΕΥΗ", "type": "ΣΤΑΣΗ", "dimoskal": "ΑΜΠΕΛΟΚΗΠΟΙ ΜΕΝΕΜΕΝΗ", "lines_ejyp": "20,42A,42B", "stop_type_cat": "Regular Stop", "type_rank": 4, "line_count": 3, "service_level": "Multi-line stop" }, "geometry": { "type": "Point", "coordinates": [ 22.911367, 40.658085 ] } },
{ "type": "Feature", "properties": { "code": "Γ-03/027", "onomastasi": "ΔΗΜΑΡΧΕΙΟ ΜΕΝΕΜΕΝΗΣ", "type": "ΤΕΣ ΠΛΗΡΟΦΟΡΗΣΗ", "dimoskal": "ΑΜΠΕΛΟΚΗΠΟΙ ΜΕΝΕΜΕΝΗ", "lines_ejyp": "01Α,18,21,42Α,42Β", "stop_type_cat": "Info Stop", "type_rank": 3, "line_count": 5, "service_level": "High-service stop" }, "geometry": { "type": "Point", "coordinates": [ 22.913617, 40.65855 ] } },
{ "type": "Feature", "properties": { "code": "Γ-03/028", "onomastasi": "ΔΗΜΑΡΧΕΙΟ ΜΕΝΕΜΕΝΗΣ", "type": "ΤΕΣ ΠΛΗΡΟΦΟΡΗΣΗ", "dimoskal": "ΑΜΠΕΛΟΚΗΠΟΙ ΜΕΝΕΜΕΝΗ", "lines_ejyp": "01Α,18,21,42Α", "stop_type_cat": "Info Stop", "type_rank": 3, "line_count": 4, "service_level": "High-service stop" }, "geometry": { "type": "Point", "coordinates": [ 22.913155, 40.659544 ] } },
{ "type": "Feature", "properties": { "code": "Γ-03/030", "onomastasi": "ΚΕΡΑΜΙΔΑ", "type": "ΣΤΑΣΗ", "dimoskal": "ΚΟΡΔΕΛΙΟ ΕΥΟΣΜΟΣ", "lines_ejyp": "01Α,18,21,42Α,42Β", "stop_type_cat": "Regular Stop", "type_rank": 4, "line_count": 5, "service_level": "High-service stop" }, "geometry": { "type": "Point", "coordinates": [ 22.911782, 40.662505 ] } },
{ "type": "Feature", "properties": { "code": "Γ-03/029", "onomastasi": "ΚΕΡΑΜΙΔΑ", "type": "ΣΤΑΣΗ", "dimoskal": "ΚΟΡΔΕΛΙΟ ΕΥΟΣΜΟΣ", "lines_ejyp": "01Α,18,21,42Α,42Β", "stop_type_cat": "Regular Stop", "type_rank": 4, "line_count": 5, "service_level": "High-service stop" }, "geometry": { "type": "Point", "coordinates": [ 22.911666, 40.66251 ] } },
{ "type": "Feature", "properties": { "code": "Γ-03/032", "onomastasi": "ΜΠΑΡΙΩΤΗ", "type": "ΣΤΑΣΗ", "dimoskal": "ΚΟΡΔΕΛΙΟ ΕΥΟΣΜΟΣ", "lines_ejyp": "01A,18,21,42A,42B", "stop_type_cat": "Regular Stop", "type_rank": 4, "line_count": 5, "service_level": "High-service stop" }, "geometry": { "type": "Point", "coordinates": [ 22.911859, 40.663967 ] } },
{ "type": "Feature", "properties": { "code": "Γ-03/031", "onomastasi": "ΜΠΑΡΙΩΤΗ", "type": "ΣΤΑΣΗ", "dimoskal": "ΚΟΡΔΕΛΙΟ ΕΥΟΣΜΟΣ", "lines_ejyp": "01A,18,21,42A,42B", "stop_type_cat": "Regular Stop", "type_rank": 4, "line_count": 5, "service_level": "High-service stop" }, "geometry": { "type": "Point", "coordinates": [ 22.911718, 40.664002 ] } },
{ "type": "Feature", "properties": { "code": "Γ-02/001", "onomastasi": "ΔΙΑΣΤΑΥΡΩΣΗ", "type": "ΣΤΑΣΗ", "dimoskal": "ΚΟΡΔΕΛΙΟ ΕΥΟΣΜΟΣ", "lines_ejyp": "01Α,18,21,42Α,42Β", "stop_type_cat": "Regular Stop", "type_rank": 4, "line_count": 5, "service_level": "High-service stop" }, "geometry": { "type": "Point", "coordinates": [ 22.91192, 40.665919 ] } },
{ "type": "Feature", "properties": { "code": "Γ-02/002", "onomastasi": "ΑΡΙΣΤΟΤΕΛΟΥΣ", "type": "ΤΕΣ ΠΛΗΡΟΦΟΡΗΣΗ", "dimoskal": "ΚΟΡΔΕΛΙΟ ΕΥΟΣΜΟΣ", "lines_ejyp": "01Α,18,21,42Α,42Β", "stop_type_cat": "Info Stop", "type_rank": 3, "line_count": 5, "service_level": "High-service stop" }, "geometry": { "type": "Point", "coordinates": [ 22.911822, 40.665941 ] } },
{ "type": "Feature", "properties": { "code": "Γ-02/052 b", "onomastasi": "ΜΕΓΑΛΟΥ ΑΛΕΞΑΝΔΡΟΥ", "type": "ΣΤΑΣΗ", "dimoskal": "ΑΜΠΕΛΟΚΗΠΟΙ ΜΕΝΕΜΕΝΗ", "lines_ejyp": "09,42Α,42Β", "stop_type_cat": "Regular Stop", "type_rank": 4, "line_count": 3, "service_level": "Multi-line stop" }, "geometry": { "type": "Point", "coordinates": [ 22.898692, 40.660425 ] } },
{ "type": "Feature", "properties": { "code": "Γ-02/052", "onomastasi": "ΜΕΓΑΛΟΥ ΑΛΕΞΑΝΔΡΟΥ", "type": "ΣΤΑΣΗ", "dimoskal": "ΑΜΠΕΛΟΚΗΠΟΙ ΜΕΝΕΜΕΝΗ", "lines_ejyp": "09,42Α,42Β", "stop_type_cat": "Regular Stop", "type_rank": 4, "line_count": 3, "service_level": "Multi-line stop" }, "geometry": { "type": "Point", "coordinates": [ 22.898721, 40.660426 ] } },
{ "type": "Feature", "properties": { "code": "Δ-02/009", "onomastasi": "ΓΗΠΕΔΟ", "type": "ΣΤΑΣΗ", "dimoskal": "ΑΜΠΕΛΟΚΗΠΟΙ ΜΕΝΕΜΕΝΗ", "lines_ejyp": "09", "stop_type_cat": "Regular Stop", "type_rank": 4, "line_count": 1, "service_level": "Local stop" }, "geometry": { "type": "Point", "coordinates": [ 22.889991, 40.660662 ] } },
{ "type": "Feature", "properties": { "code": "Δ-02/004", "onomastasi": "ΣΤΡΑΤΩΝΕΣ", "type": "ΣΤΑΣΗ", "dimoskal": "ΑΜΠΕΛΟΚΗΠΟΙ ΜΕΝΕΜΕΝΗ", "lines_ejyp": "09", "stop_type_cat": "Regular Stop", "type_rank": 4, "line_count": 1, "service_level": "Local stop" }, "geometry": { "type": "Point", "coordinates": [ 22.894852, 40.661082 ] } },
{ "type": "Feature", "properties": { "code": "Δ-02/003", "onomastasi": "ΣΤΡΑΤΩΝΕΣ", "type": "ΣΤΑΣΗ", "dimoskal": "ΑΜΠΕΛΟΚΗΠΟΙ ΜΕΝΕΜΕΝΗ", "lines_ejyp": "09", "stop_type_cat": "Regular Stop", "type_rank": 4, "line_count": 1, "service_level": "Local stop" }, "geometry": { "type": "Point", "coordinates": [ 22.895067, 40.661227 ] } },
{ "type": "Feature", "properties": { "code": "Δ-02/008", "onomastasi": "ΓΗΠΕΔΟ (ΓΕΦΥΡΑ)", "type": "ΣΤΑΣΗ", "dimoskal": "ΑΜΠΕΛΟΚΗΠΟΙ ΜΕΝΕΜΕΝΗ", "lines_ejyp": "09", "stop_type_cat": "Regular Stop", "type_rank": 4, "line_count": 1, "service_level": "Local stop" }, "geometry": { "type": "Point", "coordinates": [ 22.891905, 40.661264 ] } },
{ "type": "Feature", "properties": { "code": "Γ-03/012", "onomastasi": "ΚΟΣΜΑ ΑΙΤΩΛΟΥ", "type": "ΣΤΑΣΗ", "dimoskal": "ΚΟΡΔΕΛΙΟ ΕΥΟΣΜΟΣ", "lines_ejyp": "20", "stop_type_cat": "Regular Stop", "type_rank": 4, "line_count": 1, "service_level": "Local stop" }, "geometry": { "type": "Point", "coordinates": [ 22.90634, 40.661523 ] } },
{ "type": "Feature", "properties": { "code": "Γ-03/013", "onomastasi": "ΚΟΣΜΑ ΑΙΤΩΛΟΥ", "type": "ΣΤΑΣΗ", "dimoskal": "ΚΟΡΔΕΛΙΟ ΕΥΟΣΜΟΣ", "lines_ejyp": "20", "stop_type_cat": "Regular Stop", "type_rank": 4, "line_count": 1, "service_level": "Local stop" }, "geometry": { "type": "Point", "coordinates": [ 22.905655, 40.6619 ] } },
{ "type": "Feature", "properties": { "code": "Γ-02/032", "onomastasi": "Τ.Σ. ΜΕΝΕΜΕΝΗΣ - ΚΟΡΔΕΛΙΟ", "type": "ΣΤΑΘΜΑΡΧΕΙΟ", "dimoskal": "ΚΟΡΔΕΛΙΟ ΕΥΟΣΜΟΣ", "lines_ejyp": "18,20,42,42Α,42Β", "stop_type_cat": "Operational Facility", "type_rank": 5, "line_count": 5, "service_level": "High-service stop" }, "geometry": { "type": "Point", "coordinates": [ 22.902325, 40.662677 ] } },
{ "type": "Feature", "properties": { "code": "Γ-02/030", "onomastasi": "ΑΕΡΟΓΕΦΥΡΑ", "type": "ΣΤΑΣΗ", "dimoskal": "ΚΟΡΔΕΛΙΟ ΕΥΟΣΜΟΣ", "lines_ejyp": "18,42,42Α,42Β", "stop_type_cat": "Regular Stop", "type_rank": 4, "line_count": 4, "service_level": "High-service stop" }, "geometry": { "type": "Point", "coordinates": [ 22.899443, 40.663143 ] } },
{ "type": "Feature", "properties": { "code": "Γ-02/029", "onomastasi": "ΑΕΡΟΓΕΦΥΡΑ", "type": "ΣΤΑΣΗ", "dimoskal": "ΚΟΡΔΕΛΙΟ ΕΥΟΣΜΟΣ", "lines_ejyp": "18,42,42Α,42Β", "stop_type_cat": "Regular Stop", "type_rank": 4, "line_count": 4, "service_level": "High-service stop" }, "geometry": { "type": "Point", "coordinates": [ 22.899464, 40.663242 ] } },
{ "type": "Feature", "properties": { "code": "Δ-02/005", "onomastasi": "ΕΜΜΑΝΟΥΗΛ ΠΑΠΠΑ 1", "type": "ΣΤΑΣΗ", "dimoskal": "ΚΟΡΔΕΛΙΟ ΕΥΟΣΜΟΣ", "lines_ejyp": "09", "stop_type_cat": "Regular Stop", "type_rank": 4, "line_count": 1, "service_level": "Local stop" }, "geometry": { "type": "Point", "coordinates": [ 22.889413, 40.663499 ] } },
{ "type": "Feature", "properties": { "code": "Γ-02/042", "onomastasi": "ΜΥΤΙΛΗΝΑΚΙΑ", "type": "ΤΕΣ ΠΛΗΡΟΦΟΡΗΣΗ", "dimoskal": "ΚΟΡΔΕΛΙΟ ΕΥΟΣΜΟΣ", "lines_ejyp": "01,01Α,18,19,42,42Α,42Β,51,54,55Χ,80Ε,81Β,81Κ,82Α,82Β,82Κ,82Ν,89Α,89Ε,89Ν", "stop_type_cat": "Info Stop", "type_rank": 3, "line_count": 20, "service_level": "Major PT node" }, "geometry": { "type": "Point", "coordinates": [ 22.895761, 40.664058 ] } },
{ "type": "Feature", "properties": { "code": "Γ-02/043", "onomastasi": "ΜΥΤΙΛΗΝΑΚΙΑ", "type": "ΤΕΣ ΠΛΗΡΟΦΟΡΗΣΗ", "dimoskal": "ΚΟΡΔΕΛΙΟ ΕΥΟΣΜΟΣ", "lines_ejyp": "01,18,51,51Β,54,54Α,55Χ,80Ζ,81Α,81Ε,82Α,82Β,82Ε,82Μ,89Α,89Β,89Κ", "stop_type_cat": "Info Stop", "type_rank": 3, "line_count": 17, "service_level": "Major PT node" }, "geometry": { "type": "Point", "coordinates": [ 22.89593, 40.664211 ] } },
{ "type": "Feature", "properties": { "code": "Δ-02/024", "onomastasi": "ΠΕΡΙΦΕΡEΙΑΚΗ ΟΔΟΣ 1", "type": "ΣΤΑΣΗ", "dimoskal": "ΚΟΡΔΕΛΙΟ ΕΥΟΣΜΟΣ", "lines_ejyp": "09", "stop_type_cat": "Regular Stop", "type_rank": 4, "line_count": 1, "service_level": "Local stop" }, "geometry": { "type": "Point", "coordinates": [ 22.881917, 40.664135 ] } },
{ "type": "Feature", "properties": { "code": "Γ-02/033", "onomastasi": "ΜΥΤΙΛΗΝΑΚΙΑ", "type": "ΣΤΑΣΗ", "dimoskal": "ΚΟΡΔΕΛΙΟ ΕΥΟΣΜΟΣ", "lines_ejyp": "19,19Α,42,42Α,42Β", "stop_type_cat": "Regular Stop", "type_rank": 4, "line_count": 5, "service_level": "High-service stop" }, "geometry": { "type": "Point", "coordinates": [ 22.89644, 40.664565 ] } },
{ "type": "Feature", "properties": { "code": "Δ-02/006", "onomastasi": "ΕΜΜΑΝΟΥΗΛ  ΠΑΠΠΑ 2", "type": "ΣΤΑΣΗ", "dimoskal": "ΚΟΡΔΕΛΙΟ ΕΥΟΣΜΟΣ", "lines_ejyp": "09", "stop_type_cat": "Regular Stop", "type_rank": 4, "line_count": 1, "service_level": "Local stop" }, "geometry": { "type": "Point", "coordinates": [ 22.887001, 40.664895 ] } },
{ "type": "Feature", "properties": { "code": "Γ-02/040", "onomastasi": "ΤΕΡΜΑ 19", "type": "ΣΤΑΣΗ", "dimoskal": "ΚΟΡΔΕΛΙΟ ΕΥΟΣΜΟΣ", "lines_ejyp": "01Α,01Α,1Β,42,42Α,42Β", "stop_type_cat": "Regular Stop", "type_rank": 4, "line_count": 5, "service_level": "High-service stop" }, "geometry": { "type": "Point", "coordinates": [ 22.894582, 40.665488 ] } },
{ "type": "Feature", "properties": { "code": "Γ-02/053", "onomastasi": "ΕΛΕΥΘΕΡΙΑ", "type": "ΣΤΑΣΗ", "dimoskal": "ΚΟΡΔΕΛΙΟ ΕΥΟΣΜΟΣ", "lines_ejyp": "51,54,55Χ,80Ε,82Α,82Β,82Β,82Κ,82Ν", "stop_type_cat": "Regular Stop", "type_rank": 4, "line_count": 8, "service_level": "Major PT node" }, "geometry": { "type": "Point", "coordinates": [ 22.893258, 40.665696 ] } },
{ "type": "Feature", "properties": { "code": "Γ-02/054", "onomastasi": "ΕΛΕΥΘΕΡΙΑ", "type": "ΣΤΑΣΗ", "dimoskal": "ΚΟΡΔΕΛΙΟ ΕΥΟΣΜΟΣ", "lines_ejyp": "51,51Β,54,54Α,55Χ,80Ζ,82Α,82Β,82Ε,82Μ", "stop_type_cat": "Regular Stop", "type_rank": 4, "line_count": 10, "service_level": "Major PT node" }, "geometry": { "type": "Point", "coordinates": [ 22.893496, 40.665798 ] } },
{ "type": "Feature", "properties": { "code": "Γ-02/004", "onomastasi": "ΓΗΠΕΔΟ ΑΓΡΟΤΙΚΟΥ ΑΣΤΕΡΑ", "type": "ΣΤΑΣΗ", "dimoskal": "ΚΟΡΔΕΛΙΟ ΕΥΟΣΜΟΣ", "lines_ejyp": "01Α,21", "stop_type_cat": "Regular Stop", "type_rank": 4, "line_count": 2, "service_level": "Multi-line stop" }, "geometry": { "type": "Point", "coordinates": [ 22.90863, 40.666236 ] } },
{ "type": "Feature", "properties": { "code": "Β-03/013", "onomastasi": "ΠΡΑΣΙΝΟΣ ΚΗΠΟΣ", "type": "ΣΤΑΣΗ", "dimoskal": "ΠΑΥΛΟΣ ΜΕΛΑΣ", "lines_ejyp": "01,32,32Α,42,42Α,42Β,32Ν", "stop_type_cat": "Regular Stop", "type_rank": 4, "line_count": 7, "service_level": "Major PT node" }, "geometry": { "type": "Point", "coordinates": [ 22.922367, 40.666453 ] } },
{ "type": "Feature", "properties": { "code": "Γ-02/005", "onomastasi": "ΓΗΠΕΔΟ ΑΓΡΟΤΙΚΟΥ ΑΣΤΕΡΑ", "type": "ΣΤΑΣΗ", "dimoskal": "ΚΟΡΔΕΛΙΟ ΕΥΟΣΜΟΣ", "lines_ejyp": "01Α,21", "stop_type_cat": "Regular Stop", "type_rank": 4, "line_count": 2, "service_level": "Multi-line stop" }, "geometry": { "type": "Point", "coordinates": [ 22.908724, 40.666342 ] } },
{ "type": "Feature", "properties": { "code": "Β-03/014", "onomastasi": "ΠΡΑΣΙΝΟΣ ΚΗΠΟΣ", "type": "ΣΤΑΣΗ", "dimoskal": "ΠΑΥΛΟΣ ΜΕΛΑΣ", "lines_ejyp": "01,32,32Α,42,42Α,42Β", "stop_type_cat": "Regular Stop", "type_rank": 4, "line_count": 6, "service_level": "High-service stop" }, "geometry": { "type": "Point", "coordinates": [ 22.922087, 40.666536 ] } },
{ "type": "Feature", "properties": { "code": "Β-03/015", "onomastasi": "ΑΣΒΕΣΤΑΡΙΑ", "type": "ΤΕΣ ΠΛΗΡΟΦΟΡΗΣΗ", "dimoskal": "ΚΟΡΔΕΛΙΟ ΕΥΟΣΜΟΣ", "lines_ejyp": "01,18,32,42,42Α,42Β", "stop_type_cat": "Info Stop", "type_rank": 3, "line_count": 6, "service_level": "High-service stop" }, "geometry": { "type": "Point", "coordinates": [ 22.918597, 40.666638 ] } },
{ "type": "Feature", "properties": { "code": "Β-03/016", "onomastasi": "ΑΣΒΕΣΤΑΡΙΑ", "type": "ΣΤΑΣΗ", "dimoskal": "ΚΟΡΔΕΛΙΟ ΕΥΟΣΜΟΣ", "lines_ejyp": "01,18,32,42,42Α,42Β", "stop_type_cat": "Regular Stop", "type_rank": 4, "line_count": 6, "service_level": "High-service stop" }, "geometry": { "type": "Point", "coordinates": [ 22.918346, 40.666745 ] } },
{ "type": "Feature", "properties": { "code": "Γ-02/003", "onomastasi": "ΑΡΓΥΡΟΚΑΣΤΡΟΥ", "type": "ΣΤΑΣΗ", "dimoskal": "ΚΟΡΔΕΛΙΟ ΕΥΟΣΜΟΣ", "lines_ejyp": "18", "stop_type_cat": "Regular Stop", "type_rank": 4, "line_count": 1, "service_level": "Local stop" }, "geometry": { "type": "Point", "coordinates": [ 22.913574, 40.666899 ] } },
{ "type": "Feature", "properties": { "code": "Γ-02/007", "onomastasi": "ΚΑΒΑΣΗ", "type": "ΣΤΑΣΗ", "dimoskal": "ΚΟΡΔΕΛΙΟ ΕΥΟΣΜΟΣ", "lines_ejyp": "01,32,42", "stop_type_cat": "Regular Stop", "type_rank": 4, "line_count": 3, "service_level": "Multi-line stop" }, "geometry": { "type": "Point", "coordinates": [ 22.914105, 40.667377 ] } },
{ "type": "Feature", "properties": { "code": "Γ-02/008", "onomastasi": "ΚΑΒΑΣΗ", "type": "ΣΤΑΣΗ", "dimoskal": "ΚΟΡΔΕΛΙΟ ΕΥΟΣΜΟΣ", "lines_ejyp": "01,32,42", "stop_type_cat": "Regular Stop", "type_rank": 4, "line_count": 3, "service_level": "Multi-line stop" }, "geometry": { "type": "Point", "coordinates": [ 22.914112, 40.667504 ] } },
{ "type": "Feature", "properties": { "code": "Γ-02/010", "onomastasi": "ΕΚΚΛΗΣΙΑ", "type": "ΤΕΣ ΠΛΗΡΟΦΟΡΗΣΗ", "dimoskal": "ΚΟΡΔΕΛΙΟ ΕΥΟΣΜΟΣ", "lines_ejyp": "01,32,42", "stop_type_cat": "Info Stop", "type_rank": 3, "line_count": 3, "service_level": "Multi-line stop" }, "geometry": { "type": "Point", "coordinates": [ 22.912149, 40.668302 ] } },
{ "type": "Feature", "properties": { "code": "Γ-02/034", "onomastasi": "ΑΓΙΟΣ ΓΕΩΡΓΙΟΣ", "type": "ΣΤΑΣΗ", "dimoskal": "ΚΟΡΔΕΛΙΟ ΕΥΟΣΜΟΣ", "lines_ejyp": "19,19Α,42,42Α,42Β", "stop_type_cat": "Regular Stop", "type_rank": 4, "line_count": 5, "service_level": "High-service stop" }, "geometry": { "type": "Point", "coordinates": [ 22.897891, 40.666466 ] } },
{ "type": "Feature", "properties": { "code": "Γ-02/040ΤΣ", "onomastasi": "Τ.Σ. ΚΟΡΔΕΛΙΟ", "type": "ΤΕΡΜΑΤΙΚΟΣ ΣΤΑΘΜΟΣ ( ΑΦΕΤΗΡΙΑ - ΤΕΡΜΑ )", "dimoskal": "ΚΟΡΔΕΛΙΟ ΕΥΟΣΜΟΣ", "lines_ejyp": "19", "stop_type_cat": "Terminal Stop", "type_rank": 2, "line_count": 1, "service_level": "Local stop" }, "geometry": { "type": "Point", "coordinates": [ 22.894664, 40.666688 ] } },
{ "type": "Feature", "properties": { "code": "Δ-02/007", "onomastasi": "ΠΛΑΤΕΙΑ ΔΙΑΛΟΓΗΣ", "type": "ΣΤΑΣΗ", "dimoskal": "ΚΟΡΔΕΛΙΟ ΕΥΟΣΜΟΣ", "lines_ejyp": "09", "stop_type_cat": "Regular Stop", "type_rank": 4, "line_count": 1, "service_level": "Local stop" }, "geometry": { "type": "Point", "coordinates": [ 22.885132, 40.666683 ] } },
{ "type": "Feature", "properties": { "code": "Δ-01/001", "onomastasi": "ΣΙΔΗΡΟΔΡΟΜΙΚΟ ΜΟΥΣΕΙΟ", "type": "ΤΕΣ ΠΛΗΡΟΦΟΡΗΣΗ", "dimoskal": "ΚΟΡΔΕΛΙΟ ΕΥΟΣΜΟΣ", "lines_ejyp": "", "stop_type_cat": "Info Stop", "type_rank": 3, "line_count": 0, "service_level": "Unknown service" }, "geometry": { "type": "Point", "coordinates": [ 22.891612, 40.666798 ] } },
{ "type": "Feature", "properties": { "code": "Δ-01/002", "onomastasi": "ΣΙΔΗΡΟΔΡΟΜΙΚΟ ΜΟΥΣΕΙΟ", "type": "ΣΤΑΣΗ", "dimoskal": "ΚΟΡΔΕΛΙΟ ΕΥΟΣΜΟΣ", "lines_ejyp": "51,51Β,54,54Α,55Χ,80Ζ,81Α,81Ε,82Α,82Β,82Ε,82Μ,89Α,89Β,89Κ", "stop_type_cat": "Regular Stop", "type_rank": 4, "line_count": 15, "service_level": "Major PT node" }, "geometry": { "type": "Point", "coordinates": [ 22.891134, 40.666848 ] } },
{ "type": "Feature", "properties": { "code": "Γ-02/039", "onomastasi": "ΠΛΑΤΕΙΑ ΕΛΕΥΘΕΡΙΑΣ", "type": "ΤΕΣ ΠΛΗΡΟΦΟΡΗΣΗ", "dimoskal": "ΚΟΡΔΕΛΙΟ ΕΥΟΣΜΟΣ", "lines_ejyp": "01,01Α,18,19,19Α,42,42Β", "stop_type_cat": "Info Stop", "type_rank": 3, "line_count": 7, "service_level": "Major PT node" }, "geometry": { "type": "Point", "coordinates": [ 22.894582, 40.667757 ] } },
{ "type": "Feature", "properties": { "code": "Γ-02/060", "onomastasi": "Κ.Α.Π.Η", "type": "ΣΤΑΣΗ", "dimoskal": "ΚΟΡΔΕΛΙΟ ΕΥΟΣΜΟΣ", "lines_ejyp": "01,01Α,18", "stop_type_cat": "Regular Stop", "type_rank": 4, "line_count": 3, "service_level": "Multi-line stop" }, "geometry": { "type": "Point", "coordinates": [ 22.896407, 40.667808 ] } },
{ "type": "Feature", "properties": { "code": "Δ-01/003", "onomastasi": "ΦΙΛΙΠΠΟΥ", "type": "ΣΤΑΣΗ", "dimoskal": "ΚΟΡΔΕΛΙΟ ΕΥΟΣΜΟΣ", "lines_ejyp": "51,54,55Χ,80Ε,82Α,82Β,82Κ,82Ν", "stop_type_cat": "Regular Stop", "type_rank": 4, "line_count": 8, "service_level": "Major PT node" }, "geometry": { "type": "Point", "coordinates": [ 22.888094, 40.66853 ] } },
{ "type": "Feature", "properties": { "code": "Γ-02/036", "onomastasi": "ΠΑΡΚΟ", "type": "ΣΤΑΣΗ", "dimoskal": "ΚΟΡΔΕΛΙΟ ΕΥΟΣΜΟΣ", "lines_ejyp": "19,19Α,42,42Α,42Β", "stop_type_cat": "Regular Stop", "type_rank": 4, "line_count": 5, "service_level": "High-service stop" }, "geometry": { "type": "Point", "coordinates": [ 22.899838, 40.668673 ] } },
{ "type": "Feature", "properties": { "code": "Δ-01/004", "onomastasi": "ΦΙΛΙΠΠΟΥ", "type": "ΣΤΑΣΗ", "dimoskal": "ΚΟΡΔΕΛΙΟ ΕΥΟΣΜΟΣ", "lines_ejyp": "51,51Β,54,54Α,55Χ,80Ζ,82Α,82Β,82Ε,82Μ", "stop_type_cat": "Regular Stop", "type_rank": 4, "line_count": 10, "service_level": "Major PT node" }, "geometry": { "type": "Point", "coordinates": [ 22.88824, 40.668691 ] } },
{ "type": "Feature", "properties": { "code": "Γ-02/038", "onomastasi": "ΜΕΛΙΝΑ ΜΕΡΚΟΥΡΗ", "type": "ΣΤΑΣΗ", "dimoskal": "ΚΟΡΔΕΛΙΟ ΕΥΟΣΜΟΣ", "lines_ejyp": "01,01Α,18,19,19Α,42", "stop_type_cat": "Regular Stop", "type_rank": 4, "line_count": 6, "service_level": "High-service stop" }, "geometry": { "type": "Point", "coordinates": [ 22.892717, 40.668806 ] } },
{ "type": "Feature", "properties": { "code": "Γ-02/050", "onomastasi": "ΔΗΜΑΡΧΕΙΟ", "type": "ΣΤΑΣΗ", "dimoskal": "ΚΟΡΔΕΛΙΟ ΕΥΟΣΜΟΣ", "lines_ejyp": "01,01Α,18,19,42,42Β", "stop_type_cat": "Regular Stop", "type_rank": 4, "line_count": 6, "service_level": "High-service stop" }, "geometry": { "type": "Point", "coordinates": [ 22.894444, 40.66915 ] } },
{ "type": "Feature", "properties": { "code": "Γ-02/058", "onomastasi": "ΚΑΤΣΑΝΤΩΝΗ", "type": "ΣΤΑΣΗ", "dimoskal": "ΚΟΡΔΕΛΙΟ ΕΥΟΣΜΟΣ", "lines_ejyp": "01,01Α,18", "stop_type_cat": "Regular Stop", "type_rank": 4, "line_count": 3, "service_level": "Multi-line stop" }, "geometry": { "type": "Point", "coordinates": [ 22.897495, 40.669289 ] } },
{ "type": "Feature", "properties": { "code": "Γ-02/047", "onomastasi": "ΠΑΛΙΟ ΔΗΜΑΡΧΕΙΟ", "type": "ΣΤΑΣΗ", "dimoskal": "ΚΟΡΔΕΛΙΟ ΕΥΟΣΜΟΣ", "lines_ejyp": "01,01Α,21,42", "stop_type_cat": "Regular Stop", "type_rank": 4, "line_count": 4, "service_level": "High-service stop" }, "geometry": { "type": "Point", "coordinates": [ 22.907943, 40.669716 ] } },
{ "type": "Feature", "properties": { "code": "Γ-01/015", "onomastasi": "ΣΙΑΤΙΣΤΗΣ", "type": "ΣΤΑΣΗ", "dimoskal": "ΚΟΡΔΕΛΙΟ ΕΥΟΣΜΟΣ", "lines_ejyp": "01,01Α,18,19,19Α,42", "stop_type_cat": "Regular Stop", "type_rank": 4, "line_count": 6, "service_level": "High-service stop" }, "geometry": { "type": "Point", "coordinates": [ 22.89207, 40.669819 ] } },
{ "type": "Feature", "properties": { "code": "Δ-01/005", "onomastasi": "ΣΑΡΑΚΑΚΗ", "type": "ΣΤΑΣΗ", "dimoskal": "ΚΟΡΔΕΛΙΟ ΕΥΟΣΜΟΣ", "lines_ejyp": "51,54,55Χ,80Ε,81Β,81Κ,82Α,82Β,82Κ,82Ν,89Α,89Ε,89Ν", "stop_type_cat": "Regular Stop", "type_rank": 4, "line_count": 13, "service_level": "Major PT node" }, "geometry": { "type": "Point", "coordinates": [ 22.886142, 40.669943 ] } },
{ "type": "Feature", "properties": { "code": "Γ-02/026", "onomastasi": "ΜΕΣΟΛΟΓΓΙΟΥ", "type": "ΣΤΑΣΗ", "dimoskal": "ΚΟΡΔΕΛΙΟ ΕΥΟΣΜΟΣ", "lines_ejyp": "01,01Α,18,21,42", "stop_type_cat": "Regular Stop", "type_rank": 4, "line_count": 5, "service_level": "High-service stop" }, "geometry": { "type": "Point", "coordinates": [ 22.904344, 40.670347 ] } },
{ "type": "Feature", "properties": { "code": "Γ-02/048", "onomastasi": "ΜΕΣΟΛΟΓΓΙΟΥ", "type": "ΣΤΑΣΗ", "dimoskal": "ΚΟΡΔΕΛΙΟ ΕΥΟΣΜΟΣ", "lines_ejyp": "01,01Α,21,42", "stop_type_cat": "Regular Stop", "type_rank": 4, "line_count": 4, "service_level": "High-service stop" }, "geometry": { "type": "Point", "coordinates": [ 22.904386, 40.670443 ] } },
{ "type": "Feature", "properties": { "code": "Γ-02/037", "onomastasi": "Δ.Ε.Η", "type": "ΣΤΑΣΗ", "dimoskal": "ΚΟΡΔΕΛΙΟ ΕΥΟΣΜΟΣ", "lines_ejyp": "19,19Α,42Α,42Β", "stop_type_cat": "Regular Stop", "type_rank": 4, "line_count": 4, "service_level": "High-service stop" }, "geometry": { "type": "Point", "coordinates": [ 22.901127, 40.670846 ] } },
{ "type": "Feature", "properties": { "code": "Γ-02/027", "onomastasi": "ΦΙΛΙΠΠΟΥ ΦΛΩΡΟΥ", "type": "ΣΤΑΣΗ", "dimoskal": "ΚΟΡΔΕΛΙΟ ΕΥΟΣΜΟΣ", "lines_ejyp": "01,01Α,18,42", "stop_type_cat": "Regular Stop", "type_rank": 4, "line_count": 4, "service_level": "High-service stop" }, "geometry": { "type": "Point", "coordinates": [ 22.90216, 40.670932 ] } },
{ "type": "Feature", "properties": { "code": "Γ-02/009", "onomastasi": "ΕΚΚΛΗΣΙΑ", "type": "ΣΤΑΣΗ", "dimoskal": "ΚΟΡΔΕΛΙΟ ΕΥΟΣΜΟΣ", "lines_ejyp": "01,32,42", "stop_type_cat": "Regular Stop", "type_rank": 4, "line_count": 3, "service_level": "Multi-line stop" }, "geometry": { "type": "Point", "coordinates": [ 22.912192, 40.668431 ] } },
{ "type": "Feature", "properties": { "code": "Β-03/017", "onomastasi": "ΠΑΠΑΓΟΥ 2", "type": "ΣΤΑΣΗ", "dimoskal": "ΚΟΡΔΕΛΙΟ ΕΥΟΣΜΟΣ", "lines_ejyp": "18,32Α", "stop_type_cat": "Regular Stop", "type_rank": 4, "line_count": 2, "service_level": "Multi-line stop" }, "geometry": { "type": "Point", "coordinates": [ 22.920405, 40.668856 ] } },
{ "type": "Feature", "properties": { "code": "Γ-02/006", "onomastasi": "ΠΑΛΙΟ ΔΗΜΑΡΧΕΙΟ", "type": "ΣΤΑΣΗ", "dimoskal": "ΚΟΡΔΕΛΙΟ ΕΥΟΣΜΟΣ", "lines_ejyp": "01Α,21", "stop_type_cat": "Regular Stop", "type_rank": 4, "line_count": 2, "service_level": "Multi-line stop" }, "geometry": { "type": "Point", "coordinates": [ 22.908361, 40.668929 ] } },
{ "type": "Feature", "properties": { "code": "Β-03/018", "onomastasi": "ΠΑΠΑΓΟΥ 2", "type": "ΣΤΑΣΗ", "dimoskal": "ΚΟΡΔΕΛΙΟ ΕΥΟΣΜΟΣ", "lines_ejyp": "18,32Α,32Ν,43Υ", "stop_type_cat": "Regular Stop", "type_rank": 4, "line_count": 4, "service_level": "High-service stop" }, "geometry": { "type": "Point", "coordinates": [ 22.92031, 40.669204 ] } },
{ "type": "Feature", "properties": { "code": "Γ-02/011", "onomastasi": "ΠΑΛΙΟ ΔΗΜΑΡΧΕΙΟ", "type": "ΤΕΣ ΠΛΗΡΟΦΟΡΗΣΗ", "dimoskal": "ΚΟΡΔΕΛΙΟ ΕΥΟΣΜΟΣ", "lines_ejyp": "01,32,42", "stop_type_cat": "Info Stop", "type_rank": 3, "line_count": 3, "service_level": "Multi-line stop" }, "geometry": { "type": "Point", "coordinates": [ 22.909446, 40.669298 ] } },
{ "type": "Feature", "properties": { "code": "Γ-02/012", "onomastasi": "ΤΡΑΠΕΖΑ", "type": "ΣΤΑΣΗ", "dimoskal": "ΚΟΡΔΕΛΙΟ ΕΥΟΣΜΟΣ", "lines_ejyp": "32", "stop_type_cat": "Regular Stop", "type_rank": 4, "line_count": 1, "service_level": "Local stop" }, "geometry": { "type": "Point", "coordinates": [ 22.909196, 40.670079 ] } },
{ "type": "Feature", "properties": { "code": "Β-03/020", "onomastasi": "ΙΘΑΚΗΣ 1", "type": "ΣΤΑΣΗ", "dimoskal": "ΠΑΥΛΟΣ ΜΕΛΑΣ", "lines_ejyp": "32Α,32Ν,43Υ", "stop_type_cat": "Regular Stop", "type_rank": 4, "line_count": 3, "service_level": "Multi-line stop" }, "geometry": { "type": "Point", "coordinates": [ 22.924354, 40.670764 ] } },
{ "type": "Feature", "properties": { "code": "Β-02/008", "onomastasi": "ΠΑΠΑΓΟΥ 1", "type": "ΣΤΑΣΗ", "dimoskal": "ΚΟΡΔΕΛΙΟ ΕΥΟΣΜΟΣ", "lines_ejyp": "18,32Α", "stop_type_cat": "Regular Stop", "type_rank": 4, "line_count": 2, "service_level": "Multi-line stop" }, "geometry": { "type": "Point", "coordinates": [ 22.920388, 40.671871 ] } },
{ "type": "Feature", "properties": { "code": "Β-02/007", "onomastasi": "ΠΑΠΑΓΟΥ 1", "type": "ΣΤΑΣΗ", "dimoskal": "ΚΟΡΔΕΛΙΟ ΕΥΟΣΜΟΣ", "lines_ejyp": "18,32Α,32Ν", "stop_type_cat": "Regular Stop", "type_rank": 4, "line_count": 3, "service_level": "Multi-line stop" }, "geometry": { "type": "Point", "coordinates": [ 22.920305, 40.67226 ] } },
{ "type": "Feature", "properties": { "code": "Β-02/004", "onomastasi": "ΓΥΜΝΑΣΤΗΡΙΟ", "type": "ΣΤΑΣΗ", "dimoskal": "ΚΟΡΔΕΛΙΟ ΕΥΟΣΜΟΣ", "lines_ejyp": "18", "stop_type_cat": "Regular Stop", "type_rank": 4, "line_count": 1, "service_level": "Local stop" }, "geometry": { "type": "Point", "coordinates": [ 22.917053, 40.672554 ] } },
{ "type": "Feature", "properties": { "code": "Γ-02/028", "onomastasi": "ΤΡΑΝΟΣ", "type": "ΣΤΑΣΗ", "dimoskal": "ΚΟΡΔΕΛΙΟ ΕΥΟΣΜΟΣ", "lines_ejyp": "01,01Α,18,42", "stop_type_cat": "Regular Stop", "type_rank": 4, "line_count": 4, "service_level": "High-service stop" }, "geometry": { "type": "Point", "coordinates": [ 22.902334, 40.670987 ] } },
{ "type": "Feature", "properties": { "code": "Γ-01/010", "onomastasi": "ΕΚΚΛΗΣΙΑ", "type": "ΣΤΑΣΗ", "dimoskal": "ΚΟΡΔΕΛΙΟ ΕΥΟΣΜΟΣ", "lines_ejyp": "01,01Α,18,19,42,42Β", "stop_type_cat": "Regular Stop", "type_rank": 4, "line_count": 6, "service_level": "High-service stop" }, "geometry": { "type": "Point", "coordinates": [ 22.894181, 40.670988 ] } },
{ "type": "Feature", "properties": { "code": "Δ-01/006", "onomastasi": "ΣΑΡΑΚΑΚΗ", "type": "ΣΤΑΣΗ", "dimoskal": "ΚΟΡΔΕΛΙΟ ΕΥΟΣΜΟΣ", "lines_ejyp": "51,51Β,54,54Α,55Χ,80Ζ,81Α,81Ε,82Α,82Β,82Ε,82Μ,89Α,89Β,89Κ", "stop_type_cat": "Regular Stop", "type_rank": 4, "line_count": 15, "service_level": "Major PT node" }, "geometry": { "type": "Point", "coordinates": [ 22.885188, 40.671011 ] } },
{ "type": "Feature", "properties": { "code": "Γ-02/059", "onomastasi": "Δ.Ε.Η", "type": "ΣΤΑΣΗ", "dimoskal": "ΚΟΡΔΕΛΙΟ ΕΥΟΣΜΟΣ", "lines_ejyp": "01,01Α,18", "stop_type_cat": "Regular Stop", "type_rank": 4, "line_count": 3, "service_level": "Multi-line stop" }, "geometry": { "type": "Point", "coordinates": [ 22.899177, 40.671313 ] } },
{ "type": "Feature", "properties": { "code": "Γ-02/055", "onomastasi": "ΜΕΣΟΛΟΓΓΙΟΥ", "type": "ΣΤΑΣΗ", "dimoskal": "ΚΟΡΔΕΛΙΟ ΕΥΟΣΜΟΣ", "lines_ejyp": "18,21", "stop_type_cat": "Regular Stop", "type_rank": 4, "line_count": 2, "service_level": "Multi-line stop" }, "geometry": { "type": "Point", "coordinates": [ 22.904329, 40.671552 ] } },
{ "type": "Feature", "properties": { "code": "Γ-01/005", "onomastasi": "ΠΑΡΚΟ ΣΜΥΡΝΗΣ", "type": "ΣΤΑΣΗ", "dimoskal": "ΚΟΡΔΕΛΙΟ ΕΥΟΣΜΟΣ", "lines_ejyp": "01,01Α,18,19,19Α,42", "stop_type_cat": "Regular Stop", "type_rank": 4, "line_count": 6, "service_level": "High-service stop" }, "geometry": { "type": "Point", "coordinates": [ 22.892355, 40.671625 ] } },
{ "type": "Feature", "properties": { "code": "Γ-02/056", "onomastasi": "ΜΑΝΟΛΗ ΑΝΔΡΟΝΙΚΟΥ", "type": "ΣΤΑΣΗ", "dimoskal": "ΚΟΡΔΕΛΙΟ ΕΥΟΣΜΟΣ", "lines_ejyp": "19,19Α", "stop_type_cat": "Regular Stop", "type_rank": 4, "line_count": 2, "service_level": "Multi-line stop" }, "geometry": { "type": "Point", "coordinates": [ 22.899536, 40.672192 ] } },
{ "type": "Feature", "properties": { "code": "Γ-02/023", "onomastasi": "ΑΣΤΥΝΟΜΙΑ", "type": "ΣΤΑΣΗ", "dimoskal": "ΚΟΡΔΕΛΙΟ ΕΥΟΣΜΟΣ", "lines_ejyp": "32", "stop_type_cat": "Regular Stop", "type_rank": 4, "line_count": 1, "service_level": "Local stop" }, "geometry": { "type": "Point", "coordinates": [ 22.908277, 40.672293 ] } },
{ "type": "Feature", "properties": { "code": "Γ-01/001", "onomastasi": "ΝΤΟΡΤΟΓΛΟΥ", "type": "ΣΤΑΣΗ", "dimoskal": "ΚΟΡΔΕΛΙΟ ΕΥΟΣΜΟΣ", "lines_ejyp": "01,01Α,18,42,42Β", "stop_type_cat": "Regular Stop", "type_rank": 4, "line_count": 5, "service_level": "High-service stop" }, "geometry": { "type": "Point", "coordinates": [ 22.898433, 40.672287 ] } },
{ "type": "Feature", "properties": { "code": "Γ-01/002", "onomastasi": "ΠΟΛΥΤΕΧΝΕΙΟΥ", "type": "ΣΤΑΣΗ", "dimoskal": "ΚΟΡΔΕΛΙΟ ΕΥΟΣΜΟΣ", "lines_ejyp": "01,01Α,18,42,42Β", "stop_type_cat": "Regular Stop", "type_rank": 4, "line_count": 5, "service_level": "High-service stop" }, "geometry": { "type": "Point", "coordinates": [ 22.895689, 40.672786 ] } },
{ "type": "Feature", "properties": { "code": "Γ-02/022", "onomastasi": "ΚΟΛΟΚΟΤΡΩΝΗ", "type": "ΣΤΑΣΗ", "dimoskal": "ΚΟΡΔΕΛΙΟ ΕΥΟΣΜΟΣ", "lines_ejyp": "18,43", "stop_type_cat": "Regular Stop", "type_rank": 4, "line_count": 2, "service_level": "Multi-line stop" }, "geometry": { "type": "Point", "coordinates": [ 22.909423, 40.672563 ] } },
{ "type": "Feature", "properties": { "code": "Β-02/023", "onomastasi": "ΟΛΥΜΠΙΑΔΟΣ", "type": "ΤΕΣ ΠΛΗΡΟΦΟΡΗΣΗ", "dimoskal": "ΚΟΡΔΕΛΙΟ ΕΥΟΣΜΟΣ", "lines_ejyp": "18,32Α,32Ν,43Υ", "stop_type_cat": "Info Stop", "type_rank": 3, "line_count": 4, "service_level": "High-service stop" }, "geometry": { "type": "Point", "coordinates": [ 22.914726, 40.672663 ] } },
{ "type": "Feature", "properties": { "code": "Β-02/003", "onomastasi": "ΓΥΜΝΑΣΤΗΡΙΟ", "type": "ΣΤΑΣΗ", "dimoskal": "ΚΟΡΔΕΛΙΟ ΕΥΟΣΜΟΣ", "lines_ejyp": "18,32Α,32Ν", "stop_type_cat": "Regular Stop", "type_rank": 4, "line_count": 3, "service_level": "Multi-line stop" }, "geometry": { "type": "Point", "coordinates": [ 22.917049, 40.67273 ] } },
{ "type": "Feature", "properties": { "code": "Β-02/027", "onomastasi": "ΟΛΥΜΠΙΑΔΟΣ", "type": "ΣΤΑΣΗ", "dimoskal": "ΚΟΡΔΕΛΙΟ ΕΥΟΣΜΟΣ", "lines_ejyp": "18,32Α,32Ν,43Υ", "stop_type_cat": "Regular Stop", "type_rank": 4, "line_count": 4, "service_level": "High-service stop" }, "geometry": { "type": "Point", "coordinates": [ 22.914865, 40.672753 ] } },
{ "type": "Feature", "properties": { "code": "Γ-02/013", "onomastasi": "ΑΣΤΥΝΟΜΙΑ", "type": "ΣΤΑΣΗ", "dimoskal": "ΚΟΡΔΕΛΙΟ ΕΥΟΣΜΟΣ", "lines_ejyp": "32", "stop_type_cat": "Regular Stop", "type_rank": 4, "line_count": 1, "service_level": "Local stop" }, "geometry": { "type": "Point", "coordinates": [ 22.910276, 40.672764 ] } },
{ "type": "Feature", "properties": { "code": "Β-02/024", "onomastasi": "ΓΥΜΝΑΣΤΗΡΙΟ", "type": "ΣΤΑΣΗ", "dimoskal": "ΚΟΡΔΕΛΙΟ ΕΥΟΣΜΟΣ", "lines_ejyp": "32Α,32Ν", "stop_type_cat": "Regular Stop", "type_rank": 4, "line_count": 2, "service_level": "Multi-line stop" }, "geometry": { "type": "Point", "coordinates": [ 22.918015, 40.673018 ] } },
{ "type": "Feature", "properties": { "code": "Β-02/002", "onomastasi": "ΜΑΡΤΙΟΥ", "type": "ΣΤΑΣΗ", "dimoskal": "ΚΟΡΔΕΛΙΟ ΕΥΟΣΜΟΣ", "lines_ejyp": "18,32Α,32Ν", "stop_type_cat": "Regular Stop", "type_rank": 4, "line_count": 3, "service_level": "Multi-line stop" }, "geometry": { "type": "Point", "coordinates": [ 22.912032, 40.672968 ] } },
{ "type": "Feature", "properties": { "code": "Γ-02/057", "onomastasi": "ΜΑΡΤΙΟΥ", "type": "ΣΤΑΣΗ", "dimoskal": "ΚΟΡΔΕΛΙΟ ΕΥΟΣΜΟΣ", "lines_ejyp": "18,32Α,32Ν", "stop_type_cat": "Regular Stop", "type_rank": 4, "line_count": 3, "service_level": "Multi-line stop" }, "geometry": { "type": "Point", "coordinates": [ 22.911233, 40.672971 ] } },
{ "type": "Feature", "properties": { "code": "Γ-02/016", "onomastasi": "ΠΑΡΚΟ", "type": "ΣΤΑΣΗ", "dimoskal": "ΚΟΡΔΕΛΙΟ ΕΥΟΣΜΟΣ", "lines_ejyp": "21,32Α,32Ν", "stop_type_cat": "Regular Stop", "type_rank": 4, "line_count": 3, "service_level": "Multi-line stop" }, "geometry": { "type": "Point", "coordinates": [ 22.908845, 40.673241 ] } },
{ "type": "Feature", "properties": { "code": "Γ-02/017", "onomastasi": "ΠΑΡΚΟ", "type": "ΣΤΑΣΗ", "dimoskal": "ΚΟΡΔΕΛΙΟ ΕΥΟΣΜΟΣ", "lines_ejyp": "18", "stop_type_cat": "Regular Stop", "type_rank": 4, "line_count": 1, "service_level": "Local stop" }, "geometry": { "type": "Point", "coordinates": [ 22.908856, 40.673341 ] } },
{ "type": "Feature", "properties": { "code": "Β-04/007", "onomastasi": "ΣΥΜΜΑΧΙΚΑ", "type": "ΣΤΑΣΗ", "dimoskal": "ΝΕΑΠΟΛΗ ΣΥΚΙΕΣ", "lines_ejyp": "27,29,29Α,38,56,84Α,84Β", "stop_type_cat": "Regular Stop", "type_rank": 4, "line_count": 7, "service_level": "Major PT node" }, "geometry": { "type": "Point", "coordinates": [ 22.93463, 40.654669 ] } },
{ "type": "Feature", "properties": { "code": "Β-04/006", "onomastasi": "ΣΥΜΜΑΧΙΚΑ", "type": "ΣΤΑΣΗ", "dimoskal": "ΝΕΑΠΟΛΗ ΣΥΚΙΕΣ", "lines_ejyp": "27,29,38,56,84Α,84Β", "stop_type_cat": "Regular Stop", "type_rank": 4, "line_count": 6, "service_level": "High-service stop" }, "geometry": { "type": "Point", "coordinates": [ 22.934791, 40.654772 ] } },
{ "type": "Feature", "properties": { "code": "Β-04/044", "onomastasi": "ΜΕΤΑΓΩΓΩΝ", "type": "ΤΕΣ ΠΛΗΡΟΦΟΡΗΣΗ", "dimoskal": "ΑΜΠΕΛΟΚΗΠΟΙ ΜΕΝΕΜΕΝΗ", "lines_ejyp": "34,42Β", "stop_type_cat": "Info Stop", "type_rank": 3, "line_count": 2, "service_level": "Multi-line stop" }, "geometry": { "type": "Point", "coordinates": [ 22.928029, 40.655518 ] } },
{ "type": "Feature", "properties": { "code": "Β-04/045", "onomastasi": "ΜΕΤΑΓΩΓΩΝ", "type": "ΣΤΑΣΗ", "dimoskal": "ΑΜΠΕΛΟΚΗΠΟΙ ΜΕΝΕΜΕΝΗ", "lines_ejyp": "34,34Α,42Β", "stop_type_cat": "Regular Stop", "type_rank": 4, "line_count": 3, "service_level": "Multi-line stop" }, "geometry": { "type": "Point", "coordinates": [ 22.928129, 40.655624 ] } },
{ "type": "Feature", "properties": { "code": "Β-04/043", "onomastasi": "ΓΕΦΥΡΑ", "type": "ΣΤΑΣΗ", "dimoskal": "ΠΑΥΛΟΣ ΜΕΛΑΣ", "lines_ejyp": "34,34Α", "stop_type_cat": "Regular Stop", "type_rank": 4, "line_count": 2, "service_level": "Multi-line stop" }, "geometry": { "type": "Point", "coordinates": [ 22.92657, 40.657188 ] } },
{ "type": "Feature", "properties": { "code": "Β-04/042", "onomastasi": "ΓΕΦΥΡΑ", "type": "ΣΤΑΣΗ", "dimoskal": "ΑΜΠΕΛΟΚΗΠΟΙ ΜΕΝΕΜΕΝΗ", "lines_ejyp": "34,42Β", "stop_type_cat": "Regular Stop", "type_rank": 4, "line_count": 2, "service_level": "Multi-line stop" }, "geometry": { "type": "Point", "coordinates": [ 22.926332, 40.657187 ] } },
{ "type": "Feature", "properties": { "code": "Γ-04/024", "onomastasi": "ΠΑΙΔΙΚΟΣ ΣΤΑΘΜΟΣ", "type": "ΣΤΑΣΗ", "dimoskal": "ΑΜΠΕΛΟΚΗΠΟΙ ΜΕΝΕΜΕΝΗ", "lines_ejyp": "01Α,18,32,32Α,32Ν,42Β", "stop_type_cat": "Regular Stop", "type_rank": 4, "line_count": 6, "service_level": "High-service stop" }, "geometry": { "type": "Point", "coordinates": [ 22.924771, 40.657249 ] } },
{ "type": "Feature", "properties": { "code": "Β-04/030", "onomastasi": "ΠΑΥΛΟΥ ΜΕΛΑ", "type": "ΣΤΑΣΗ", "dimoskal": "ΠΑΥΛΟΣ ΜΕΛΑΣ", "lines_ejyp": "27,38,43Υ,56,84Α,84Β", "stop_type_cat": "Regular Stop", "type_rank": 4, "line_count": 6, "service_level": "High-service stop" }, "geometry": { "type": "Point", "coordinates": [ 22.934727, 40.658159 ] } },
{ "type": "Feature", "properties": { "code": "Β-04/040", "onomastasi": "ΚΑΠΝΟΜΑΓΑΖΟ", "type": "ΣΤΑΣΗ", "dimoskal": "ΠΑΥΛΟΣ ΜΕΛΑΣ", "lines_ejyp": "34,34Α", "stop_type_cat": "Regular Stop", "type_rank": 4, "line_count": 2, "service_level": "Multi-line stop" }, "geometry": { "type": "Point", "coordinates": [ 22.927884, 40.65924 ] } },
{ "type": "Feature", "properties": { "code": "Β-04/039", "onomastasi": "ΚΑΠΝΟΜΑΓΑΖΟ", "type": "ΣΤΑΣΗ", "dimoskal": "ΠΑΥΛΟΣ ΜΕΛΑΣ", "lines_ejyp": "34", "stop_type_cat": "Regular Stop", "type_rank": 4, "line_count": 1, "service_level": "Local stop" }, "geometry": { "type": "Point", "coordinates": [ 22.927852, 40.659351 ] } },
{ "type": "Feature", "properties": { "code": "Β-04/018", "onomastasi": "ΤΡΙΓΩΝΟ", "type": "ΣΤΑΣΗ", "dimoskal": "ΠΑΥΛΟΣ ΜΕΛΑΣ", "lines_ejyp": "35", "stop_type_cat": "Regular Stop", "type_rank": 4, "line_count": 1, "service_level": "Local stop" }, "geometry": { "type": "Point", "coordinates": [ 22.943428, 40.658562 ] } },
{ "type": "Feature", "properties": { "code": "Β-04/023", "onomastasi": "ΠΕΥΚΑΚΙΑ", "type": "ΣΤΑΣΗ", "dimoskal": "ΠΑΥΛΟΣ ΜΕΛΑΣ", "lines_ejyp": "35", "stop_type_cat": "Regular Stop", "type_rank": 4, "line_count": 1, "service_level": "Local stop" }, "geometry": { "type": "Point", "coordinates": [ 22.947874, 40.658712 ] } },
{ "type": "Feature", "properties": { "code": "Β-04/021", "onomastasi": "ΠΟΛΥΚΛΑΔΙΚΟ ΛΥΚΕΙΟ", "type": "ΣΤΑΣΗ", "dimoskal": "ΠΑΥΛΟΣ ΜΕΛΑΣ", "lines_ejyp": "35", "stop_type_cat": "Regular Stop", "type_rank": 4, "line_count": 1, "service_level": "Local stop" }, "geometry": { "type": "Point", "coordinates": [ 22.945599, 40.658921 ] } },
{ "type": "Feature", "properties": { "code": "Β-04/020", "onomastasi": "ΠΟΛΥΚΛΑΔΙΚΟ ΛΥΚΕΙΟ", "type": "ΣΤΑΣΗ", "dimoskal": "ΠΑΥΛΟΣ ΜΕΛΑΣ", "lines_ejyp": "35", "stop_type_cat": "Regular Stop", "type_rank": 4, "line_count": 1, "service_level": "Local stop" }, "geometry": { "type": "Point", "coordinates": [ 22.945326, 40.658992 ] } },
{ "type": "Feature", "properties": { "code": "Β-04/022", "onomastasi": "ΠΕΥΚΑΚΙΑ", "type": "ΣΤΑΣΗ", "dimoskal": "ΠΑΥΛΟΣ ΜΕΛΑΣ", "lines_ejyp": "35", "stop_type_cat": "Regular Stop", "type_rank": 4, "line_count": 1, "service_level": "Local stop" }, "geometry": { "type": "Point", "coordinates": [ 22.947575, 40.659071 ] } },
{ "type": "Feature", "properties": { "code": "Β-04/054", "onomastasi": "ΕΛΠΙΔΟΣ", "type": "ΣΤΑΣΗ", "dimoskal": "ΠΑΥΛΟΣ ΜΕΛΑΣ", "lines_ejyp": "01,01Α,29", "stop_type_cat": "Regular Stop", "type_rank": 4, "line_count": 3, "service_level": "Multi-line stop" }, "geometry": { "type": "Point", "coordinates": [ 22.94367, 40.659044 ] } },
{ "type": "Feature", "properties": { "code": "Β-04/053", "onomastasi": "ΕΛΠΙΔΟΣ", "type": "ΤΕΣ ΠΛΗΡΟΦΟΡΗΣΗ", "dimoskal": "ΠΑΥΛΟΣ ΜΕΛΑΣ", "lines_ejyp": "01,01Α,29,29Α", "stop_type_cat": "Info Stop", "type_rank": 3, "line_count": 4, "service_level": "High-service stop" }, "geometry": { "type": "Point", "coordinates": [ 22.943823, 40.659235 ] } },
{ "type": "Feature", "properties": { "code": "Β-04/056", "onomastasi": "ΠΑΡΚΟ ΚΡΥΑΣ ΒΡΥΣΗΣ", "type": "ΣΤΑΣΗ", "dimoskal": "ΠΑΥΛΟΣ ΜΕΛΑΣ", "lines_ejyp": "01,01Α,29", "stop_type_cat": "Regular Stop", "type_rank": 4, "line_count": 3, "service_level": "Multi-line stop" }, "geometry": { "type": "Point", "coordinates": [ 22.945408, 40.660367 ] } },
{ "type": "Feature", "properties": { "code": "Β-04/055", "onomastasi": "ΠΑΡΚΟ ΚΡΥΑΣ ΒΡΥΣΗΣ", "type": "ΣΤΑΣΗ", "dimoskal": "ΠΑΥΛΟΣ ΜΕΛΑΣ", "lines_ejyp": "01,01Α,29,29Α", "stop_type_cat": "Regular Stop", "type_rank": 4, "line_count": 4, "service_level": "High-service stop" }, "geometry": { "type": "Point", "coordinates": [ 22.945303, 40.660452 ] } },
{ "type": "Feature", "properties": { "code": "Α-04/006", "onomastasi": "ΑΓΙΟΥ ΠΑΝΤΕΛΕΗΜΟΝΟΣ", "type": "ΣΤΑΣΗ", "dimoskal": "ΠΑΥΛΟΣ ΜΕΛΑΣ", "lines_ejyp": "", "stop_type_cat": "Regular Stop", "type_rank": 4, "line_count": 0, "service_level": "Unknown service" }, "geometry": { "type": "Point", "coordinates": [ 22.947307, 40.661325 ] } },
{ "type": "Feature", "properties": { "code": "Β-04/017", "onomastasi": "ΞΕΝΩΝΕΣ 1", "type": "ΣΤΑΣΗ", "dimoskal": "ΠΑΥΛΟΣ ΜΕΛΑΣ", "lines_ejyp": "18,35", "stop_type_cat": "Regular Stop", "type_rank": 4, "line_count": 2, "service_level": "Multi-line stop" }, "geometry": { "type": "Point", "coordinates": [ 22.941063, 40.657245 ] } },
{ "type": "Feature", "properties": { "code": "Β-04/025", "onomastasi": "ΞΕΝΩΝΕΣ", "type": "ΣΤΑΣΗ", "dimoskal": "ΠΑΥΛΟΣ ΜΕΛΑΣ", "lines_ejyp": "01,01Α,18,29", "stop_type_cat": "Regular Stop", "type_rank": 4, "line_count": 4, "service_level": "High-service stop" }, "geometry": { "type": "Point", "coordinates": [ 22.940902, 40.65775 ] } },
{ "type": "Feature", "properties": { "code": "Β-04/024", "onomastasi": "ΞΕΝΩΝΕΣ", "type": "ΣΤΑΣΗ", "dimoskal": "ΠΑΥΛΟΣ ΜΕΛΑΣ", "lines_ejyp": "01,01Α,18,29,29Α", "stop_type_cat": "Regular Stop", "type_rank": 4, "line_count": 5, "service_level": "High-service stop" }, "geometry": { "type": "Point", "coordinates": [ 22.940929, 40.65794 ] } },
{ "type": "Feature", "properties": { "code": "Β-04/029", "onomastasi": "ΠΑΥΛΟΥ ΜΕΛΑ", "type": "ΣΤΑΣΗ", "dimoskal": "ΠΑΥΛΟΣ ΜΕΛΑΣ", "lines_ejyp": "01,01Α,18,27,38,43Υ,56,84Α,84Β", "stop_type_cat": "Regular Stop", "type_rank": 4, "line_count": 9, "service_level": "Major PT node" }, "geometry": { "type": "Point", "coordinates": [ 22.934904, 40.658212 ] } },
{ "type": "Feature", "properties": { "code": "Β-04/031", "onomastasi": "ΤΑΧΥΔΡΟΜΕΙΟ", "type": "ΣΤΑΣΗ", "dimoskal": "ΠΑΥΛΟΣ ΜΕΛΑΣ", "lines_ejyp": "01,01Α,18,27,38,56,83,83Β,83Μ,84Α,84Β", "stop_type_cat": "Regular Stop", "type_rank": 4, "line_count": 11, "service_level": "Major PT node" }, "geometry": { "type": "Point", "coordinates": [ 22.935355, 40.660047 ] } },
{ "type": "Feature", "properties": { "code": "Β-04/032", "onomastasi": "ΤΑΧΥΔΡΟΜΕΙΟ", "type": "ΣΤΑΣΗ", "dimoskal": "ΠΑΥΛΟΣ ΜΕΛΑΣ", "lines_ejyp": "01,01Α,18,27,38,56,83,83Β,83Μ,84Α,84Β", "stop_type_cat": "Regular Stop", "type_rank": 4, "line_count": 11, "service_level": "Major PT node" }, "geometry": { "type": "Point", "coordinates": [ 22.935241, 40.660414 ] } },
{ "type": "Feature", "properties": { "code": "Β-04/033", "onomastasi": "ΔΗΜΑΡΧΕΙΟ ΠΑΥΛΟΥ ΜΕΛΑ", "type": "ΣΤΑΣΗ", "dimoskal": "ΠΑΥΛΟΣ ΜΕΛΑΣ", "lines_ejyp": "01,01Α,18", "stop_type_cat": "Regular Stop", "type_rank": 4, "line_count": 3, "service_level": "Multi-line stop" }, "geometry": { "type": "Point", "coordinates": [ 22.935634, 40.661937 ] } },
{ "type": "Feature", "properties": { "code": "Β-03/041", "onomastasi": "ΔΗΜΑΡΧΕΙΟ ΠΑΥΛΟΥ ΜΕΛΑ", "type": "ΣΤΑΣΗ", "dimoskal": "ΠΑΥΛΟΣ ΜΕΛΑΣ", "lines_ejyp": "", "stop_type_cat": "Regular Stop", "type_rank": 4, "line_count": 0, "service_level": "Unknown service" }, "geometry": { "type": "Point", "coordinates": [ 22.935198, 40.662642 ] } },
{ "type": "Feature", "properties": { "code": "Β-04/034", "onomastasi": "ΔΗΜΑΡΧΕΙΟ ΠΑΥΛΟΥ ΜΕΛΑ", "type": "ΣΤΑΣΗ", "dimoskal": "ΠΑΥΛΟΣ ΜΕΛΑΣ", "lines_ejyp": "27,38,55Υ,56,83Β,83Μ,84Α,84Β", "stop_type_cat": "Regular Stop", "type_rank": 4, "line_count": 8, "service_level": "Major PT node" }, "geometry": { "type": "Point", "coordinates": [ 22.936028, 40.66276 ] } },
{ "type": "Feature", "properties": { "code": "Β-03/043", "onomastasi": "ΔΗΜΑΡΧΕΙΟ ΠΑΥΛΟΥ ΜΕΛΑ", "type": "ΣΤΑΣΗ", "dimoskal": "ΠΑΥΛΟΣ ΜΕΛΑΣ", "lines_ejyp": "01,01Α,18", "stop_type_cat": "Regular Stop", "type_rank": 4, "line_count": 3, "service_level": "Multi-line stop" }, "geometry": { "type": "Point", "coordinates": [ 22.935895, 40.662877 ] } },
{ "type": "Feature", "properties": { "code": "Β-04/041", "onomastasi": "ΜΟΝΗ ΛΑΖΑΡΙΣΤΩΝ", "type": "ΣΤΑΣΗ", "dimoskal": "ΠΑΥΛΟΣ ΜΕΛΑΣ", "lines_ejyp": "34,34Α", "stop_type_cat": "Regular Stop", "type_rank": 4, "line_count": 2, "service_level": "Multi-line stop" }, "geometry": { "type": "Point", "coordinates": [ 22.930099, 40.65956 ] } },
{ "type": "Feature", "properties": { "code": "Β-04/037", "onomastasi": "ΠΛΑΤΕΙΑ ΤΕΡΨΙΘΕΑΣ", "type": "ΣΤΑΣΗ", "dimoskal": "ΠΑΥΛΟΣ ΜΕΛΑΣ", "lines_ejyp": "34,34Α", "stop_type_cat": "Regular Stop", "type_rank": 4, "line_count": 2, "service_level": "Multi-line stop" }, "geometry": { "type": "Point", "coordinates": [ 22.93262, 40.659764 ] } },
{ "type": "Feature", "properties": { "code": "Β-03/002", "onomastasi": "ΣΥΝΕΡΓΕΙΟ", "type": "ΣΤΑΣΗ", "dimoskal": "ΠΑΥΛΟΣ ΜΕΛΑΣ", "lines_ejyp": "01Α,18,32,32Α,32Ν,55Υ", "stop_type_cat": "Regular Stop", "type_rank": 4, "line_count": 6, "service_level": "High-service stop" }, "geometry": { "type": "Point", "coordinates": [ 22.927175, 40.659748 ] } },
{ "type": "Feature", "properties": { "code": "Β-03/001", "onomastasi": "ΣΥΝΕΡΓΕΙΟ", "type": "ΣΤΑΣΗ", "dimoskal": "ΠΑΥΛΟΣ ΜΕΛΑΣ", "lines_ejyp": "01Α,18,32,32Α,32Ν,55Υ", "stop_type_cat": "Regular Stop", "type_rank": 4, "line_count": 6, "service_level": "High-service stop" }, "geometry": { "type": "Point", "coordinates": [ 22.92699, 40.65976 ] } },
{ "type": "Feature", "properties": { "code": "Β-04/038", "onomastasi": "ΜΟΝΗ ΛΑΖΑΡΙΣΤΩΝ", "type": "ΣΤΑΣΗ", "dimoskal": "ΠΑΥΛΟΣ ΜΕΛΑΣ", "lines_ejyp": "34", "stop_type_cat": "Regular Stop", "type_rank": 4, "line_count": 1, "service_level": "Local stop" }, "geometry": { "type": "Point", "coordinates": [ 22.931008, 40.659838 ] } },
{ "type": "Feature", "properties": { "code": "Β-04/036", "onomastasi": "ΦΑΡΜΑΚΕΙΟ", "type": "ΣΤΑΣΗ", "dimoskal": "ΠΑΥΛΟΣ ΜΕΛΑΣ", "lines_ejyp": "34,34Α", "stop_type_cat": "Regular Stop", "type_rank": 4, "line_count": 2, "service_level": "Multi-line stop" }, "geometry": { "type": "Point", "coordinates": [ 22.931793, 40.660905 ] } },
{ "type": "Feature", "properties": { "code": "Β-04/035", "onomastasi": "ΦΑΡΜΑΚΕΙΟ", "type": "ΣΤΑΣΗ", "dimoskal": "ΠΑΥΛΟΣ ΜΕΛΑΣ", "lines_ejyp": "34", "stop_type_cat": "Regular Stop", "type_rank": 4, "line_count": 1, "service_level": "Local stop" }, "geometry": { "type": "Point", "coordinates": [ 22.931644, 40.660918 ] } },
{ "type": "Feature", "properties": { "code": "Β-03/003", "onomastasi": "ΚΑΠΝΟΜΑΓΑΖΟ", "type": "ΣΤΑΣΗ", "dimoskal": "ΠΑΥΛΟΣ ΜΕΛΑΣ", "lines_ejyp": "01Α,18,32,32Α,32Ν", "stop_type_cat": "Regular Stop", "type_rank": 4, "line_count": 5, "service_level": "High-service stop" }, "geometry": { "type": "Point", "coordinates": [ 22.927717, 40.661179 ] } },
{ "type": "Feature", "properties": { "code": "Β-03/004", "onomastasi": "ΚΑΠΝΟΜΑΓΑΖΟ", "type": "ΣΤΑΣΗ", "dimoskal": "ΠΑΥΛΟΣ ΜΕΛΑΣ", "lines_ejyp": "01Α,18,32,32Α,32Ν", "stop_type_cat": "Regular Stop", "type_rank": 4, "line_count": 5, "service_level": "High-service stop" }, "geometry": { "type": "Point", "coordinates": [ 22.928681, 40.661819 ] } },
{ "type": "Feature", "properties": { "code": "Β-03/006", "onomastasi": "ΚΑΛΥΒΑ", "type": "ΣΤΑΣΗ", "dimoskal": "ΠΑΥΛΟΣ ΜΕΛΑΣ", "lines_ejyp": "01Α,18,32,32Α,32Ν,34,34Α,55Υ", "stop_type_cat": "Regular Stop", "type_rank": 4, "line_count": 8, "service_level": "Major PT node" }, "geometry": { "type": "Point", "coordinates": [ 22.932615, 40.66335 ] } },
{ "type": "Feature", "properties": { "code": "Β-03/007", "onomastasi": "ΑΓΝΟ", "type": "ΤΕΣ ΠΛΗΡΟΦΟΡΗΣΗ", "dimoskal": "ΠΑΥΛΟΣ ΜΕΛΑΣ", "lines_ejyp": "01Α,18,32,32Α,32Ν,34,55Υ", "stop_type_cat": "Info Stop", "type_rank": 3, "line_count": 7, "service_level": "Major PT node" }, "geometry": { "type": "Point", "coordinates": [ 22.931817, 40.663604 ] } },
{ "type": "Feature", "properties": { "code": "Β-03/044", "onomastasi": "ΑΓΝΟ", "type": "ΣΤΑΣΗ", "dimoskal": "ΠΑΥΛΟΣ ΜΕΛΑΣ", "lines_ejyp": "01", "stop_type_cat": "Regular Stop", "type_rank": 4, "line_count": 1, "service_level": "Local stop" }, "geometry": { "type": "Point", "coordinates": [ 22.932536, 40.663824 ] } },
{ "type": "Feature", "properties": { "code": "Β-03/008", "onomastasi": "ΑΓΝΟ", "type": "ΣΤΑΣΗ", "dimoskal": "ΠΑΥΛΟΣ ΜΕΛΑΣ", "lines_ejyp": "01,32,32Α,32Ν,34,34Α", "stop_type_cat": "Regular Stop", "type_rank": 4, "line_count": 6, "service_level": "High-service stop" }, "geometry": { "type": "Point", "coordinates": [ 22.931768, 40.664395 ] } },
{ "type": "Feature", "properties": { "code": "Β-03/009", "onomastasi": "ΔΙΑΣΤΑΥΡΩΣΗ", "type": "ΤΕΣ ΠΛΗΡΟΦΟΡΗΣΗ", "dimoskal": "ΠΑΥΛΟΣ ΜΕΛΑΣ", "lines_ejyp": "01,32,32Α,32Ν,34,43Υ", "stop_type_cat": "Info Stop", "type_rank": 3, "line_count": 6, "service_level": "High-service stop" }, "geometry": { "type": "Point", "coordinates": [ 22.928928, 40.665761 ] } },
{ "type": "Feature", "properties": { "code": "Β-03/010", "onomastasi": "ΔΙΑΣΤΑΥΡΩΣΗ", "type": "ΤΕΣ ΠΛΗΡΟΦΟΡΗΣΗ", "dimoskal": "ΠΑΥΛΟΣ ΜΕΛΑΣ", "lines_ejyp": "01,32,32Α,32Ν,34,34Α,43Υ", "stop_type_cat": "Info Stop", "type_rank": 3, "line_count": 7, "service_level": "Major PT node" }, "geometry": { "type": "Point", "coordinates": [ 22.92892, 40.665902 ] } },
{ "type": "Feature", "properties": { "code": "Β-03/012", "onomastasi": "ΛΟΥΞ", "type": "ΣΤΑΣΗ", "dimoskal": "ΠΑΥΛΟΣ ΜΕΛΑΣ", "lines_ejyp": "01,32,32Α,32Ν,42,42Α,42Β", "stop_type_cat": "Regular Stop", "type_rank": 4, "line_count": 7, "service_level": "Major PT node" }, "geometry": { "type": "Point", "coordinates": [ 22.92532, 40.666268 ] } },
{ "type": "Feature", "properties": { "code": "Β-03/027", "onomastasi": "ΑΓΝΟ", "type": "ΣΤΑΣΗ", "dimoskal": "ΠΑΥΛΟΣ ΜΕΛΑΣ", "lines_ejyp": "42,42Α,42Β", "stop_type_cat": "Regular Stop", "type_rank": 4, "line_count": 3, "service_level": "Multi-line stop" }, "geometry": { "type": "Point", "coordinates": [ 22.931423, 40.666354 ] } },
{ "type": "Feature", "properties": { "code": "Β-03/011", "onomastasi": "ΛΟΥΞ", "type": "ΣΤΑΣΗ", "dimoskal": "ΠΑΥΛΟΣ ΜΕΛΑΣ", "lines_ejyp": "01,32,32Α,32Ν,42,42Α,42Β", "stop_type_cat": "Regular Stop", "type_rank": 4, "line_count": 7, "service_level": "Major PT node" }, "geometry": { "type": "Point", "coordinates": [ 22.926101, 40.666369 ] } },
{ "type": "Feature", "properties": { "code": "Β-03/028", "onomastasi": "ΑΓΝΟ", "type": "ΣΤΑΣΗ", "dimoskal": "ΠΑΥΛΟΣ ΜΕΛΑΣ", "lines_ejyp": "42,42Α,42Β", "stop_type_cat": "Regular Stop", "type_rank": 4, "line_count": 3, "service_level": "Multi-line stop" }, "geometry": { "type": "Point", "coordinates": [ 22.931407, 40.666441 ] } },
{ "type": "Feature", "properties": { "code": "Β-03/025", "onomastasi": "ΑΓΙΟΣ ΚΩΝΣΤΑΝΤΙΝΟΣ", "type": "ΣΤΑΣΗ", "dimoskal": "ΠΑΥΛΟΣ ΜΕΛΑΣ", "lines_ejyp": "34", "stop_type_cat": "Regular Stop", "type_rank": 4, "line_count": 1, "service_level": "Local stop" }, "geometry": { "type": "Point", "coordinates": [ 22.928274, 40.668052 ] } },
{ "type": "Feature", "properties": { "code": "Β-03/038", "onomastasi": "ΚΕΝΤΡΟ ΠΟΛΙΤΙΣΜΟΥ", "type": "ΣΤΑΣΗ", "dimoskal": "ΠΑΥΛΟΣ ΜΕΛΑΣ", "lines_ejyp": "27,38,55Υ,56,84Α,84Β", "stop_type_cat": "Regular Stop", "type_rank": 4, "line_count": 6, "service_level": "High-service stop" }, "geometry": { "type": "Point", "coordinates": [ 22.936417, 40.664676 ] } },
{ "type": "Feature", "properties": { "code": "Β-03/037", "onomastasi": "ΚΕΝΤΡΟ ΠΟΛΙΤΙΣΜΟΥ", "type": "ΣΤΑΣΗ", "dimoskal": "ΠΑΥΛΟΣ ΜΕΛΑΣ", "lines_ejyp": "27,28,56,84Α,84Β", "stop_type_cat": "Regular Stop", "type_rank": 4, "line_count": 5, "service_level": "High-service stop" }, "geometry": { "type": "Point", "coordinates": [ 22.936891, 40.665432 ] } },
{ "type": "Feature", "properties": { "code": "Β-03/035", "onomastasi": "ΣΤΑΥΡΟΥΠΟΛ", "type": "ΣΤΑΣΗ", "dimoskal": "ΠΑΥΛΟΣ ΜΕΛΑΣ", "lines_ejyp": "27,38,55Υ,56,83,83Α,83Β,83Χ,84Α,84Β", "stop_type_cat": "Regular Stop", "type_rank": 4, "line_count": 10, "service_level": "Major PT node" }, "geometry": { "type": "Point", "coordinates": [ 22.937589, 40.667871 ] } },
{ "type": "Feature", "properties": { "code": "Β-03/036", "onomastasi": "ΣΤΑΥΡΟΥΠΟΛ", "type": "ΣΤΑΣΗ", "dimoskal": "ΠΑΥΛΟΣ ΜΕΛΑΣ", "lines_ejyp": "27,38,55Υ,56,83,83Α,83Β,83Χ,84Α,84Β", "stop_type_cat": "Regular Stop", "type_rank": 4, "line_count": 10, "service_level": "Major PT node" }, "geometry": { "type": "Point", "coordinates": [ 22.937913, 40.668481 ] } },
{ "type": "Feature", "properties": { "code": "Α-03/045", "onomastasi": "ΒΕΛΙΣΣΑΡΙΟΥ", "type": "ΣΤΑΣΗ", "dimoskal": "ΠΑΥΛΟΣ ΜΕΛΑΣ", "lines_ejyp": "27,38,56,84Α,84Β", "stop_type_cat": "Regular Stop", "type_rank": 4, "line_count": 5, "service_level": "High-service stop" }, "geometry": { "type": "Point", "coordinates": [ 22.938565, 40.670735 ] } },
{ "type": "Feature", "properties": { "code": "Α-03/002", "onomastasi": "ΣΤΡΟΦΗ ΚΑΡΑΤΑΣΟΥ", "type": "ΣΤΑΣΗ", "dimoskal": "ΠΑΥΛΟΣ ΜΕΛΑΣ", "lines_ejyp": "27,38,56,84Α,84Β", "stop_type_cat": "Regular Stop", "type_rank": 4, "line_count": 5, "service_level": "High-service stop" }, "geometry": { "type": "Point", "coordinates": [ 22.938809, 40.671026 ] } },
{ "type": "Feature", "properties": { "code": "Α-03/006", "onomastasi": "ΣΤΡΟΦΗ ΚΑΡΑΤΑΣΟΥ", "type": "ΣΤΑΣΗ", "dimoskal": "ΠΑΥΛΟΣ ΜΕΛΑΣ", "lines_ejyp": "38", "stop_type_cat": "Regular Stop", "type_rank": 4, "line_count": 1, "service_level": "Local stop" }, "geometry": { "type": "Point", "coordinates": [ 22.940243, 40.671482 ] } },
{ "type": "Feature", "properties": { "code": "Α-03/009", "onomastasi": "ΣΤΡΟΦΗ ΚΑΡΑΤΑΣΟΥ", "type": "ΣΤΑΣΗ", "dimoskal": "ΠΑΥΛΟΣ ΜΕΛΑΣ", "lines_ejyp": "38", "stop_type_cat": "Regular Stop", "type_rank": 4, "line_count": 1, "service_level": "Local stop" }, "geometry": { "type": "Point", "coordinates": [ 22.940043, 40.671519 ] } },
{ "type": "Feature", "properties": { "code": "Α-03/001", "onomastasi": "ΣΤΡΟΦΗ ΚΑΡΑΤΑΣΟΥ", "type": "ΤΕΣ ΠΛΗΡΟΦΟΡΗΣΗ - ΟΑΣΘ - ΚΤΕΛ", "dimoskal": "ΠΑΥΛΟΣ ΜΕΛΑΣ", "lines_ejyp": "27,55Υ,56,83Α,83Β,83Χ,84Α,84Β", "stop_type_cat": "Info Stop", "type_rank": 3, "line_count": 8, "service_level": "Major PT node" }, "geometry": { "type": "Point", "coordinates": [ 22.938875, 40.6724 ] } },
{ "type": "Feature", "properties": { "code": "Α-03/037", "onomastasi": "ΑΝΘΟΚΗΠΟΙ", "type": "ΣΤΑΣΗ", "dimoskal": "ΠΑΥΛΟΣ ΜΕΛΑΣ", "lines_ejyp": "", "stop_type_cat": "Regular Stop", "type_rank": 4, "line_count": 0, "service_level": "Unknown service" }, "geometry": { "type": "Point", "coordinates": [ 22.93901, 40.672566 ] } },
{ "type": "Feature", "properties": { "code": "Β-03/026", "onomastasi": "ΑΓΙΟΣ ΚΩΝΣΤΑΝΤΙΝΟΣ", "type": "ΣΤΑΣΗ", "dimoskal": "ΠΑΥΛΟΣ ΜΕΛΑΣ", "lines_ejyp": "34,34Α", "stop_type_cat": "Regular Stop", "type_rank": 4, "line_count": 2, "service_level": "Multi-line stop" }, "geometry": { "type": "Point", "coordinates": [ 22.92783, 40.668549 ] } },
{ "type": "Feature", "properties": { "code": "Β-03/019", "onomastasi": "ΘΕΡΙΣΣΟΥ", "type": "ΣΤΑΣΗ", "dimoskal": "ΠΑΥΛΟΣ ΜΕΛΑΣ", "lines_ejyp": "32a,32n", "stop_type_cat": "Regular Stop", "type_rank": 4, "line_count": 2, "service_level": "Multi-line stop" }, "geometry": { "type": "Point", "coordinates": [ 22.92523, 40.668667 ] } },
{ "type": "Feature", "properties": { "code": "Β-03/029", "onomastasi": "ΑΝΘΟΠΩΛΕΙΟ", "type": "ΣΤΑΣΗ", "dimoskal": "ΠΑΥΛΟΣ ΜΕΛΑΣ", "lines_ejyp": "42,42Α,42Β", "stop_type_cat": "Regular Stop", "type_rank": 4, "line_count": 3, "service_level": "Multi-line stop" }, "geometry": { "type": "Point", "coordinates": [ 22.933093, 40.669245 ] } },
{ "type": "Feature", "properties": { "code": "Β-03/030", "onomastasi": "ΑΝΘΟΠΩΛΕΙΟ", "type": "ΣΤΑΣΗ", "dimoskal": "ΠΑΥΛΟΣ ΜΕΛΑΣ", "lines_ejyp": "42,42Α,42Β", "stop_type_cat": "Regular Stop", "type_rank": 4, "line_count": 3, "service_level": "Multi-line stop" }, "geometry": { "type": "Point", "coordinates": [ 22.932963, 40.669317 ] } },
{ "type": "Feature", "properties": { "code": "Β-03/024", "onomastasi": "ΙΝΓΚΛΙΣ", "type": "ΣΤΑΣΗ", "dimoskal": "ΠΑΥΛΟΣ ΜΕΛΑΣ", "lines_ejyp": "34", "stop_type_cat": "Regular Stop", "type_rank": 4, "line_count": 1, "service_level": "Local stop" }, "geometry": { "type": "Point", "coordinates": [ 22.928028, 40.669965 ] } },
{ "type": "Feature", "properties": { "code": "Β-03/042", "onomastasi": "ΜΑΥΡΟΜΙΧΑΛΗ", "type": "ΣΤΑΣΗ", "dimoskal": "ΠΑΥΛΟΣ ΜΕΛΑΣ", "lines_ejyp": "34,34Α", "stop_type_cat": "Regular Stop", "type_rank": 4, "line_count": 2, "service_level": "Multi-line stop" }, "geometry": { "type": "Point", "coordinates": [ 22.927569, 40.670213 ] } },
{ "type": "Feature", "properties": { "code": "Β-03/021", "onomastasi": "ΒΟΤΑΝΙΚΟΣ ΚΗΠΟΣ", "type": "ΣΤΑΣΗ", "dimoskal": "ΠΑΥΛΟΣ ΜΕΛΑΣ", "lines_ejyp": "34,34Α", "stop_type_cat": "Regular Stop", "type_rank": 4, "line_count": 2, "service_level": "Multi-line stop" }, "geometry": { "type": "Point", "coordinates": [ 22.927801, 40.671639 ] } },
{ "type": "Feature", "properties": { "code": "Β-03/023", "onomastasi": "ΝΙΚΟΜΗΔΕΙΑΣ", "type": "ΣΤΑΣΗ", "dimoskal": "ΠΑΥΛΟΣ ΜΕΛΑΣ", "lines_ejyp": "34", "stop_type_cat": "Regular Stop", "type_rank": 4, "line_count": 1, "service_level": "Local stop" }, "geometry": { "type": "Point", "coordinates": [ 22.929748, 40.671858 ] } },
{ "type": "Feature", "properties": { "code": "Β-03/022", "onomastasi": "ΟΛΥΜΠΟΥ", "type": "ΣΤΑΣΗ", "dimoskal": "ΠΑΥΛΟΣ ΜΕΛΑΣ", "lines_ejyp": "34,34Α", "stop_type_cat": "Regular Stop", "type_rank": 4, "line_count": 2, "service_level": "Multi-line stop" }, "geometry": { "type": "Point", "coordinates": [ 22.929282, 40.672418 ] } },
{ "type": "Feature", "properties": { "code": "Β-03/031", "onomastasi": "ΘΕΡΜΟΠΥΛΩΝ", "type": "ΣΤΑΣΗ", "dimoskal": "ΠΑΥΛΟΣ ΜΕΛΑΣ", "lines_ejyp": "34,34Α,42,42Α,42Β", "stop_type_cat": "Regular Stop", "type_rank": 4, "line_count": 5, "service_level": "High-service stop" }, "geometry": { "type": "Point", "coordinates": [ 22.932741, 40.673008 ] } },
{ "type": "Feature", "properties": { "code": "Β-03/032", "onomastasi": "ΘΕΡΜΟΠΥΛΩΝ", "type": "ΣΤΑΣΗ", "dimoskal": "ΠΑΥΛΟΣ ΜΕΛΑΣ", "lines_ejyp": "34,34Α,42,42Α,42Β", "stop_type_cat": "Regular Stop", "type_rank": 4, "line_count": 5, "service_level": "High-service stop" }, "geometry": { "type": "Point", "coordinates": [ 22.932725, 40.673085 ] } },
{ "type": "Feature", "properties": { "code": "Β-03/039", "onomastasi": "ΠΕΡΙΠΤΕΡΟ", "type": "ΣΤΑΣΗ", "dimoskal": "ΠΑΥΛΟΣ ΜΕΛΑΣ", "lines_ejyp": "34,34Α", "stop_type_cat": "Regular Stop", "type_rank": 4, "line_count": 2, "service_level": "Multi-line stop" }, "geometry": { "type": "Point", "coordinates": [ 22.934239, 40.673319 ] } },
{ "type": "Feature", "properties": { "code": "Β-03/033", "onomastasi": "ΠΕΡΙΠΤΕΡΟ", "type": "ΤΕΣ ΠΛΗΡΟΦΟΡΗΣΗ", "dimoskal": "ΠΑΥΛΟΣ ΜΕΛΑΣ", "lines_ejyp": "34", "stop_type_cat": "Info Stop", "type_rank": 3, "line_count": 1, "service_level": "Local stop" }, "geometry": { "type": "Point", "coordinates": [ 22.934088, 40.673397 ] } },
{ "type": "Feature", "properties": { "code": "Β-02/021", "onomastasi": "ΑΜΑΡΑΝΤΟΥ 2", "type": "ΣΤΑΣΗ", "dimoskal": "ΠΑΥΛΟΣ ΜΕΛΑΣ", "lines_ejyp": "34,34Α,42,42Α,42Β", "stop_type_cat": "Regular Stop", "type_rank": 4, "line_count": 5, "service_level": "High-service stop" }, "geometry": { "type": "Point", "coordinates": [ 22.931008, 40.67347 ] } },
{ "type": "Feature", "properties": { "code": "Β-02/014", "onomastasi": "ΠΑΡΚΟ", "type": "ΤΕΣ ΠΛΗΡΟΦΟΡΗΣΗ", "dimoskal": "ΠΑΥΛΟΣ ΜΕΛΑΣ", "lines_ejyp": "", "stop_type_cat": "Info Stop", "type_rank": 3, "line_count": 0, "service_level": "Unknown service" }, "geometry": { "type": "Point", "coordinates": [ 22.928141, 40.67399 ] } },
{ "type": "Feature", "properties": { "code": "Β-02/013", "onomastasi": "ΠΑΡΚΟ", "type": "ΣΤΑΣΗ", "dimoskal": "ΠΑΥΛΟΣ ΜΕΛΑΣ", "lines_ejyp": "34,34Α", "stop_type_cat": "Regular Stop", "type_rank": 4, "line_count": 2, "service_level": "Multi-line stop" }, "geometry": { "type": "Point", "coordinates": [ 22.928243, 40.674035 ] } },
{ "type": "Feature", "properties": { "code": "Β-02/022", "onomastasi": "ΒΙΤΣΙ", "type": "ΣΤΑΣΗ", "dimoskal": "ΠΑΥΛΟΣ ΜΕΛΑΣ", "lines_ejyp": "34,42,42Α,42Β", "stop_type_cat": "Regular Stop", "type_rank": 4, "line_count": 4, "service_level": "High-service stop" }, "geometry": { "type": "Point", "coordinates": [ 22.930692, 40.674573 ] } },
{ "type": "Feature", "properties": { "code": "Β-02/015", "onomastasi": "ΒΕΝΖΙΝΑΔΙΚΟ", "type": "ΣΤΑΣΗ", "dimoskal": "ΠΑΥΛΟΣ ΜΕΛΑΣ", "lines_ejyp": "34", "stop_type_cat": "Regular Stop", "type_rank": 4, "line_count": 1, "service_level": "Local stop" }, "geometry": { "type": "Point", "coordinates": [ 22.927129, 40.675093 ] } },
{ "type": "Feature", "properties": { "code": "Β-02/020", "onomastasi": "ΑΜΑΡΑΝΤΟΥ 1", "type": "ΣΤΑΣΗ", "dimoskal": "ΚΟΡΔΕΛΙΟ ΕΥΟΣΜΟΣ", "lines_ejyp": "34,34Α,42,42Α,42Β", "stop_type_cat": "Regular Stop", "type_rank": 4, "line_count": 5, "service_level": "High-service stop" }, "geometry": { "type": "Point", "coordinates": [ 22.929166, 40.675444 ] } },
{ "type": "Feature", "properties": { "code": "Β-02/018", "onomastasi": "ΠΡΟΦΗΤΗΣ ΗΛΙΑΣ", "type": "ΣΤΑΣΗ", "dimoskal": "ΚΟΡΔΕΛΙΟ ΕΥΟΣΜΟΣ", "lines_ejyp": "34,34Α", "stop_type_cat": "Regular Stop", "type_rank": 4, "line_count": 2, "service_level": "Multi-line stop" }, "geometry": { "type": "Point", "coordinates": [ 22.927049, 40.675486 ] } },
{ "type": "Feature", "properties": { "code": "Α-03/021", "onomastasi": "ΕΥΚΛΕΙΑΣ", "type": "ΣΤΑΣΗ", "dimoskal": "ΠΑΥΛΟΣ ΜΕΛΑΣ", "lines_ejyp": "29,29a", "stop_type_cat": "Regular Stop", "type_rank": 4, "line_count": 2, "service_level": "Multi-line stop" }, "geometry": { "type": "Point", "coordinates": [ 22.945194, 40.671943 ] } },
{ "type": "Feature", "properties": { "code": "Α-03/020", "onomastasi": "ΠΟΛΥΚΑΤΟΙΚΙΕΣ", "type": "ΣΤΑΣΗ", "dimoskal": "ΠΑΥΛΟΣ ΜΕΛΑΣ", "lines_ejyp": "29,29Α", "stop_type_cat": "Regular Stop", "type_rank": 4, "line_count": 2, "service_level": "Multi-line stop" }, "geometry": { "type": "Point", "coordinates": [ 22.947226, 40.672029 ] } },
{ "type": "Feature", "properties": { "code": "Α-03/007", "onomastasi": "ΠΥΛΗ 1", "type": "ΣΤΑΣΗ", "dimoskal": "ΠΑΥΛΟΣ ΜΕΛΑΣ", "lines_ejyp": "38", "stop_type_cat": "Regular Stop", "type_rank": 4, "line_count": 1, "service_level": "Local stop" }, "geometry": { "type": "Point", "coordinates": [ 22.942216, 40.672944 ] } },
{ "type": "Feature", "properties": { "code": "Α-03/008", "onomastasi": "ΠΥΛΗ 1", "type": "ΣΤΑΣΗ", "dimoskal": "ΠΑΥΛΟΣ ΜΕΛΑΣ", "lines_ejyp": "38", "stop_type_cat": "Regular Stop", "type_rank": 4, "line_count": 1, "service_level": "Local stop" }, "geometry": { "type": "Point", "coordinates": [ 22.942495, 40.673017 ] } },
{ "type": "Feature", "properties": { "code": "Α-03/010", "onomastasi": "ΚΕΝΤΡΙΚΗ ΠΥΛΗ", "type": "ΣΤΑΣΗ", "dimoskal": "ΠΑΥΛΟΣ ΜΕΛΑΣ", "lines_ejyp": "38", "stop_type_cat": "Regular Stop", "type_rank": 4, "line_count": 1, "service_level": "Local stop" }, "geometry": { "type": "Point", "coordinates": [ 22.944087, 40.674405 ] } },
{ "type": "Feature", "properties": { "code": "Α-03/011", "onomastasi": "ΚΕΝΤΡΙΚΗ ΠΥΛΗ", "type": "ΣΤΑΣΗ", "dimoskal": "ΠΑΥΛΟΣ ΜΕΛΑΣ", "lines_ejyp": "38", "stop_type_cat": "Regular Stop", "type_rank": 4, "line_count": 1, "service_level": "Local stop" }, "geometry": { "type": "Point", "coordinates": [ 22.94422, 40.674435 ] } },
{ "type": "Feature", "properties": { "code": "Α-03/012", "onomastasi": "ΓΥΜΝΑΣΙΟ", "type": "ΣΤΑΣΗ", "dimoskal": "ΠΑΥΛΟΣ ΜΕΛΑΣ", "lines_ejyp": "38", "stop_type_cat": "Regular Stop", "type_rank": 4, "line_count": 1, "service_level": "Local stop" }, "geometry": { "type": "Point", "coordinates": [ 22.945427, 40.676428 ] } },
{ "type": "Feature", "properties": { "code": "Α-03/013", "onomastasi": "ΓΥΜΝΑΣΙΟ", "type": "ΣΤΑΣΗ", "dimoskal": "ΠΑΥΛΟΣ ΜΕΛΑΣ", "lines_ejyp": "38", "stop_type_cat": "Regular Stop", "type_rank": 4, "line_count": 1, "service_level": "Local stop" }, "geometry": { "type": "Point", "coordinates": [ 22.94542, 40.676616 ] } },
{ "type": "Feature", "properties": { "code": "Α-03/015", "onomastasi": "Ο.Δ.Δ.Υ", "type": "ΣΤΑΣΗ", "dimoskal": "ΠΑΥΛΟΣ ΜΕΛΑΣ", "lines_ejyp": "38", "stop_type_cat": "Regular Stop", "type_rank": 4, "line_count": 1, "service_level": "Local stop" }, "geometry": { "type": "Point", "coordinates": [ 22.946046, 40.678137 ] } },
{ "type": "Feature", "properties": { "code": "Α-03/014", "onomastasi": "Ο.Δ.Δ.Υ", "type": "ΣΤΑΣΗ", "dimoskal": "ΠΑΥΛΟΣ ΜΕΛΑΣ", "lines_ejyp": "38", "stop_type_cat": "Regular Stop", "type_rank": 4, "line_count": 1, "service_level": "Local stop" }, "geometry": { "type": "Point", "coordinates": [ 22.946159, 40.678194 ] } },
{ "type": "Feature", "properties": { "code": "Α-03/004", "onomastasi": "ΠΑΛΙΟ ΤΕΡΜΑ", "type": "ΣΤΑΣΗ", "dimoskal": "ΠΑΥΛΟΣ ΜΕΛΑΣ", "lines_ejyp": "27,38,55Υ,56,84Α,84Β", "stop_type_cat": "Regular Stop", "type_rank": 4, "line_count": 6, "service_level": "High-service stop" }, "geometry": { "type": "Point", "coordinates": [ 22.938963, 40.674195 ] } },
{ "type": "Feature", "properties": { "code": "Α-03/003", "onomastasi": "ΠΑΛΙΟ ΤΕΡΜΑ", "type": "ΣΤΑΣΗ", "dimoskal": "ΠΑΥΛΟΣ ΜΕΛΑΣ", "lines_ejyp": "27,55Υ", "stop_type_cat": "Regular Stop", "type_rank": 4, "line_count": 2, "service_level": "Multi-line stop" }, "geometry": { "type": "Point", "coordinates": [ 22.938713, 40.674792 ] } },
{ "type": "Feature", "properties": { "code": "Β-03/034", "onomastasi": "ΣΧΟΛΕΙΟ", "type": "ΣΤΑΣΗ", "dimoskal": "ΠΑΥΛΟΣ ΜΕΛΑΣ", "lines_ejyp": "34,34Α", "stop_type_cat": "Regular Stop", "type_rank": 4, "line_count": 2, "service_level": "Multi-line stop" }, "geometry": { "type": "Point", "coordinates": [ 22.935288, 40.674832 ] } },
{ "type": "Feature", "properties": { "code": "Β-03/040", "onomastasi": "ΣΧΟΛΕΙΟ", "type": "ΣΤΑΣΗ", "dimoskal": "ΠΑΥΛΟΣ ΜΕΛΑΣ", "lines_ejyp": "34", "stop_type_cat": "Regular Stop", "type_rank": 4, "line_count": 1, "service_level": "Local stop" }, "geometry": { "type": "Point", "coordinates": [ 22.935664, 40.675648 ] } },
{ "type": "Feature", "properties": { "code": "Α-03/044", "onomastasi": "ΔΙΑΣΤΑΥΡΩΣΗ ΠΕΡΙΦΕΡΕΙΑΚΗΣ", "type": "ΣΤΑΣΗ", "dimoskal": "ΠΑΥΛΟΣ ΜΕΛΑΣ", "lines_ejyp": "27", "stop_type_cat": "Regular Stop", "type_rank": 4, "line_count": 1, "service_level": "Local stop" }, "geometry": { "type": "Point", "coordinates": [ 22.938605, 40.67681 ] } },
{ "type": "Feature", "properties": { "code": "Α-03/005", "onomastasi": "ΔΙΑΣΤΑΥΡΩΣΗ ΠΕΡΙΦΕΡΕΙΑΚΗΣ", "type": "ΣΤΑΣΗ", "dimoskal": "ΠΑΥΛΟΣ ΜΕΛΑΣ", "lines_ejyp": "27,38", "stop_type_cat": "Regular Stop", "type_rank": 4, "line_count": 2, "service_level": "Multi-line stop" }, "geometry": { "type": "Point", "coordinates": [ 22.939023, 40.676962 ] } },
{ "type": "Feature", "properties": { "code": "Α-02/002", "onomastasi": "ΚΑΛΒΟΥ", "type": "ΣΤΑΣΗ", "dimoskal": "ΠΑΥΛΟΣ ΜΕΛΑΣ", "lines_ejyp": "34", "stop_type_cat": "Regular Stop", "type_rank": 4, "line_count": 1, "service_level": "Local stop" }, "geometry": { "type": "Point", "coordinates": [ 22.935265, 40.678458 ] } },
{ "type": "Feature", "properties": { "code": "Α-02/003", "onomastasi": "ΚΑΛΒΟΥ", "type": "ΣΤΑΣΗ", "dimoskal": "ΠΑΥΛΟΣ ΜΕΛΑΣ", "lines_ejyp": "34,34Α", "stop_type_cat": "Regular Stop", "type_rank": 4, "line_count": 2, "service_level": "Multi-line stop" }, "geometry": { "type": "Point", "coordinates": [ 22.935307, 40.678564 ] } },
{ "type": "Feature", "properties": { "code": "Α-02/015", "onomastasi": "ΚΑΠΝΟΜΑΓΑΖΑ", "type": "ΣΤΑΣΗ", "dimoskal": "ΠΑΥΛΟΣ ΜΕΛΑΣ", "lines_ejyp": "27,55Υ", "stop_type_cat": "Regular Stop", "type_rank": 4, "line_count": 2, "service_level": "Multi-line stop" }, "geometry": { "type": "Point", "coordinates": [ 22.939304, 40.680195 ] } },
{ "type": "Feature", "properties": { "code": "Α-02/014", "onomastasi": "ΚΑΠΝΟΜΑΓΑΖΑ", "type": "ΣΤΑΣΗ", "dimoskal": "ΠΑΥΛΟΣ ΜΕΛΑΣ", "lines_ejyp": "27,55Υ", "stop_type_cat": "Regular Stop", "type_rank": 4, "line_count": 2, "service_level": "Multi-line stop" }, "geometry": { "type": "Point", "coordinates": [ 22.93913, 40.680311 ] } },
{ "type": "Feature", "properties": { "code": "Γ-02/024", "onomastasi": "ΜΑΙΑΝΔΡΟΥ", "type": "ΣΤΑΣΗ", "dimoskal": "ΚΟΡΔΕΛΙΟ ΕΥΟΣΜΟΣ", "lines_ejyp": "18", "stop_type_cat": "Regular Stop", "type_rank": 4, "line_count": 1, "service_level": "Local stop" }, "geometry": { "type": "Point", "coordinates": [ 22.905694, 40.67305 ] } },
{ "type": "Feature", "properties": { "code": "Δ-01/007", "onomastasi": "ΠΟΛΙΤΙΣΤΙΚΟ ΚΕΝΤΡΟ ΜΥΛΟΙ ΜΕΛΙΣΣΑΡΗ", "type": "ΣΤΑΣΗ", "dimoskal": "ΚΟΡΔΕΛΙΟ ΕΥΟΣΜΟΣ", "lines_ejyp": "51,54,55Χ,80Ε,81Β,81Κ,82Α,82Β,82Κ,82Ν,89Α,89Ν", "stop_type_cat": "Regular Stop", "type_rank": 4, "line_count": 12, "service_level": "Major PT node" }, "geometry": { "type": "Point", "coordinates": [ 22.881136, 40.672846 ] } },
{ "type": "Feature", "properties": { "code": "Γ-01/004", "onomastasi": "ΣΚΡΑ", "type": "ΣΤΑΣΗ", "dimoskal": "ΚΟΡΔΕΛΙΟ ΕΥΟΣΜΟΣ", "lines_ejyp": "01,01Α,18,19,19Α,42", "stop_type_cat": "Regular Stop", "type_rank": 4, "line_count": 6, "service_level": "High-service stop" }, "geometry": { "type": "Point", "coordinates": [ 22.892614, 40.672967 ] } },
{ "type": "Feature", "properties": { "code": "Γ-02/014", "onomastasi": "ΓΥΜΝΑΣΙΟ", "type": "ΣΤΑΣΗ", "dimoskal": "ΚΟΡΔΕΛΙΟ ΕΥΟΣΜΟΣ", "lines_ejyp": "21", "stop_type_cat": "Regular Stop", "type_rank": 4, "line_count": 1, "service_level": "Local stop" }, "geometry": { "type": "Point", "coordinates": [ 22.905029, 40.673088 ] } },
{ "type": "Feature", "properties": { "code": "Δ-01/013", "onomastasi": "ΠΟΛΙΤΙΣΤΙΚΟ ΚΕΝΤΡΟ ΜΥΛΟΙ ΜΕΛΙΣΣΑΡΗ", "type": "ΣΤΑΣΗ", "dimoskal": "ΚΟΡΔΕΛΙΟ ΕΥΟΣΜΟΣ", "lines_ejyp": "51,51Β,54,54Α,55Χ,80Ζ,81Α,81Ε,82Α,82Β,82Ε,82Μ,89Α,89Β,89Ε,89Κ", "stop_type_cat": "Regular Stop", "type_rank": 4, "line_count": 16, "service_level": "Major PT node" }, "geometry": { "type": "Point", "coordinates": [ 22.881155, 40.672972 ] } },
{ "type": "Feature", "properties": { "code": "Γ-01/003", "onomastasi": "ΠΑΥΛΟΥ ΜΕΛΑ", "type": "ΣΤΑΣΗ", "dimoskal": "ΚΟΡΔΕΛΙΟ ΕΥΟΣΜΟΣ", "lines_ejyp": "01,01Α,18,19,19Α,42,42Β", "stop_type_cat": "Regular Stop", "type_rank": 4, "line_count": 7, "service_level": "Major PT node" }, "geometry": { "type": "Point", "coordinates": [ 22.894594, 40.673222 ] } },
{ "type": "Feature", "properties": { "code": "Γ-01/006", "onomastasi": "28ΗΣ ΟΚΤΩΒΡΙΟΥ", "type": "ΣΤΑΣΗ", "dimoskal": "ΚΟΡΔΕΛΙΟ ΕΥΟΣΜΟΣ", "lines_ejyp": "19,19Α", "stop_type_cat": "Regular Stop", "type_rank": 4, "line_count": 2, "service_level": "Multi-line stop" }, "geometry": { "type": "Point", "coordinates": [ 22.897085, 40.673358 ] } },
{ "type": "Feature", "properties": { "code": "Γ-02/020", "onomastasi": "ΠΑΛΙΟ ΤΕΡΜΑ ΕΥΟΣΜΟΥ", "type": "ΣΤΑΣΗ", "dimoskal": "ΚΟΡΔΕΛΙΟ ΕΥΟΣΜΟΣ", "lines_ejyp": "18,21,32,43", "stop_type_cat": "Regular Stop", "type_rank": 4, "line_count": 4, "service_level": "High-service stop" }, "geometry": { "type": "Point", "coordinates": [ 22.905718, 40.673563 ] } },
{ "type": "Feature", "properties": { "code": "Γ-02/021", "onomastasi": "ΠΑΛΙΟ ΤΕΡΜΑ ΕΥΟΣΜΟΥ", "type": "ΣΤΑΣΗ", "dimoskal": "ΚΟΡΔΕΛΙΟ ΕΥΟΣΜΟΣ", "lines_ejyp": "21", "stop_type_cat": "Regular Stop", "type_rank": 4, "line_count": 1, "service_level": "Local stop" }, "geometry": { "type": "Point", "coordinates": [ 22.905873, 40.673587 ] } },
{ "type": "Feature", "properties": { "code": "Γ-01/008", "onomastasi": "ΤΕΡΨΙΧΟΡΗΣ", "type": "ΣΤΑΣΗ", "dimoskal": "ΚΟΡΔΕΛΙΟ ΕΥΟΣΜΟΣ", "lines_ejyp": "19,19Α", "stop_type_cat": "Regular Stop", "type_rank": 4, "line_count": 2, "service_level": "Multi-line stop" }, "geometry": { "type": "Point", "coordinates": [ 22.899645, 40.673827 ] } },
{ "type": "Feature", "properties": { "code": "Β-02/011", "onomastasi": "ΙΘΑΚΗΣ 2", "type": "ΣΤΑΣΗ", "dimoskal": "ΚΟΡΔΕΛΙΟ ΕΥΟΣΜΟΣ", "lines_ejyp": "32Α,32Ν", "stop_type_cat": "Regular Stop", "type_rank": 4, "line_count": 2, "service_level": "Multi-line stop" }, "geometry": { "type": "Point", "coordinates": [ 22.923631, 40.673712 ] } },
{ "type": "Feature", "properties": { "code": "Β-02/005", "onomastasi": "ΗΛΕΚΤΡΑΣ ΑΠΟΣΤΟΛΟΥ", "type": "ΣΤΑΣΗ", "dimoskal": "ΚΟΡΔΕΛΙΟ ΕΥΟΣΜΟΣ", "lines_ejyp": "", "stop_type_cat": "Regular Stop", "type_rank": 4, "line_count": 0, "service_level": "Unknown service" }, "geometry": { "type": "Point", "coordinates": [ 22.919764, 40.673885 ] } },
{ "type": "Feature", "properties": { "code": "Β-02/010", "onomastasi": "ΓΡΗΓΟΡΙΟΥ ΛΑΜΠΡΑΚΗ", "type": "ΣΤΑΣΗ", "dimoskal": "ΚΟΡΔΕΛΙΟ ΕΥΟΣΜΟΣ", "lines_ejyp": "32Α,32Ν", "stop_type_cat": "Regular Stop", "type_rank": 4, "line_count": 2, "service_level": "Multi-line stop" }, "geometry": { "type": "Point", "coordinates": [ 22.921884, 40.674466 ] } },
{ "type": "Feature", "properties": { "code": "Β-02/035", "onomastasi": "ΙΘΑΚΗΣ 3", "type": "ΣΤΑΣΗ", "dimoskal": "ΚΟΡΔΕΛΙΟ ΕΥΟΣΜΟΣ", "lines_ejyp": "32Α,32Ν", "stop_type_cat": "Regular Stop", "type_rank": 4, "line_count": 2, "service_level": "Multi-line stop" }, "geometry": { "type": "Point", "coordinates": [ 22.923026, 40.675686 ] } },
{ "type": "Feature", "properties": { "code": "Γ-02/018", "onomastasi": "ΝΥΜΦΑΙΟΥ", "type": "ΣΤΑΣΗ", "dimoskal": "ΚΟΡΔΕΛΙΟ ΕΥΟΣΜΟΣ", "lines_ejyp": "21,32Α,32Ν", "stop_type_cat": "Regular Stop", "type_rank": 4, "line_count": 3, "service_level": "Multi-line stop" }, "geometry": { "type": "Point", "coordinates": [ 22.908352, 40.67569 ] } },
{ "type": "Feature", "properties": { "code": "Β-02/029", "onomastasi": "ΕΘΝΙΚΗΣ ΑΝΤΙΣΤΑΣΗΣ", "type": "ΣΤΑΣΗ", "dimoskal": "ΚΟΡΔΕΛΙΟ ΕΥΟΣΜΟΣ", "lines_ejyp": "32Α,32Ν", "stop_type_cat": "Regular Stop", "type_rank": 4, "line_count": 2, "service_level": "Multi-line stop" }, "geometry": { "type": "Point", "coordinates": [ 22.918033, 40.675884 ] } },
{ "type": "Feature", "properties": { "code": "Β-02/030", "onomastasi": "ΕΘΝΙΚΗΣ ΑΝΤΙΣΤΑΣΗΣ", "type": "ΣΤΑΣΗ", "dimoskal": "ΚΟΡΔΕΛΙΟ ΕΥΟΣΜΟΣ", "lines_ejyp": "32Α,32Ν", "stop_type_cat": "Regular Stop", "type_rank": 4, "line_count": 2, "service_level": "Multi-line stop" }, "geometry": { "type": "Point", "coordinates": [ 22.917815, 40.675893 ] } },
{ "type": "Feature", "properties": { "code": "Β-02/036", "onomastasi": "ΙΘΑΚΗΣ 3", "type": "ΣΤΑΣΗ", "dimoskal": "ΚΟΡΔΕΛΙΟ ΕΥΟΣΜΟΣ", "lines_ejyp": "32Α,32Ν", "stop_type_cat": "Regular Stop", "type_rank": 4, "line_count": 2, "service_level": "Multi-line stop" }, "geometry": { "type": "Point", "coordinates": [ 22.923461, 40.676131 ] } },
{ "type": "Feature", "properties": { "code": "Β-02/025", "onomastasi": "Ι.Ε.Κ. ΕΥΟΣΜΟΥ", "type": "ΣΤΑΣΗ", "dimoskal": "ΚΟΡΔΕΛΙΟ ΕΥΟΣΜΟΣ", "lines_ejyp": "21,32,32Α,32Ν,43", "stop_type_cat": "Regular Stop", "type_rank": 4, "line_count": 5, "service_level": "High-service stop" }, "geometry": { "type": "Point", "coordinates": [ 22.910881, 40.676125 ] } },
{ "type": "Feature", "properties": { "code": "Β-02/033", "onomastasi": "ΑΝΤΩΝΗ ΤΡΙΤΣΗ 2", "type": "ΣΤΑΣΗ", "dimoskal": "ΚΟΡΔΕΛΙΟ ΕΥΟΣΜΟΣ", "lines_ejyp": "32Α,32Ν,43Υ", "stop_type_cat": "Regular Stop", "type_rank": 4, "line_count": 3, "service_level": "Multi-line stop" }, "geometry": { "type": "Point", "coordinates": [ 22.922127, 40.676942 ] } },
{ "type": "Feature", "properties": { "code": "Δ-01/014", "onomastasi": "ΟΡΙΑ ΙΩΝΙΑΣ", "type": "ΣΤΑΣΗ", "dimoskal": "ΚΟΡΔΕΛΙΟ ΕΥΟΣΜΟΣ", "lines_ejyp": "51,54,55Χ,80Ε,82Α,82Β,82Κ,82Ν", "stop_type_cat": "Regular Stop", "type_rank": 4, "line_count": 8, "service_level": "Major PT node" }, "geometry": { "type": "Point", "coordinates": [ 22.878979, 40.673862 ] } },
{ "type": "Feature", "properties": { "code": "Γ-01/007", "onomastasi": "Ι.Κ.Α", "type": "ΣΤΑΣΗ", "dimoskal": "ΚΟΡΔΕΛΙΟ ΕΥΟΣΜΟΣ", "lines_ejyp": "19,19Α", "stop_type_cat": "Regular Stop", "type_rank": 4, "line_count": 2, "service_level": "Multi-line stop" }, "geometry": { "type": "Point", "coordinates": [ 22.897777, 40.674823 ] } },
{ "type": "Feature", "properties": { "code": "Γ-02/019", "onomastasi": "ΕΥΦΡΟΣΥΝΗΣ", "type": "ΣΤΑΣΗ", "dimoskal": "ΚΟΡΔΕΛΙΟ ΕΥΟΣΜΟΣ", "lines_ejyp": "32,43", "stop_type_cat": "Regular Stop", "type_rank": 4, "line_count": 2, "service_level": "Multi-line stop" }, "geometry": { "type": "Point", "coordinates": [ 22.90604, 40.675245 ] } },
{ "type": "Feature", "properties": { "code": "Γ-02/049", "onomastasi": "ΕΥΦΡΟΣΥΝΗΣ", "type": "ΣΤΑΣΗ", "dimoskal": "ΚΟΡΔΕΛΙΟ ΕΥΟΣΜΟΣ", "lines_ejyp": "21", "stop_type_cat": "Regular Stop", "type_rank": 4, "line_count": 1, "service_level": "Local stop" }, "geometry": { "type": "Point", "coordinates": [ 22.906184, 40.675412 ] } },
{ "type": "Feature", "properties": { "code": "Γ-01/019", "onomastasi": "ΤΕΧΝΙΚΕΣ ΥΠΗΡΕΣΙΕΣ", "type": "ΣΤΑΣΗ", "dimoskal": "ΚΟΡΔΕΛΙΟ ΕΥΟΣΜΟΣ", "lines_ejyp": "43", "stop_type_cat": "Regular Stop", "type_rank": 4, "line_count": 1, "service_level": "Local stop" }, "geometry": { "type": "Point", "coordinates": [ 22.906181, 40.676857 ] } },
{ "type": "Feature", "properties": { "code": "Γ-01/020", "onomastasi": "ΜΑΙΑΝΔΡΟΥ", "type": "ΣΤΑΣΗ", "dimoskal": "ΚΟΡΔΕΛΙΟ ΕΥΟΣΜΟΣ", "lines_ejyp": "42,42Α,42Β,43", "stop_type_cat": "Regular Stop", "type_rank": 4, "line_count": 4, "service_level": "High-service stop" }, "geometry": { "type": "Point", "coordinates": [ 22.905996, 40.679211 ] } },
{ "type": "Feature", "properties": { "code": "Γ-01/018", "onomastasi": "ΜΑΙΑΝΔΡΟΥ", "type": "ΣΤΑΣΗ", "dimoskal": "ΚΟΡΔΕΛΙΟ ΕΥΟΣΜΟΣ", "lines_ejyp": "42,42Α,42Β,43", "stop_type_cat": "Regular Stop", "type_rank": 4, "line_count": 4, "service_level": "High-service stop" }, "geometry": { "type": "Point", "coordinates": [ 22.906174, 40.679526 ] } },
{ "type": "Feature", "properties": { "code": "Γ-01/017", "onomastasi": "ΓΥΜΝΑΣΤΗΡΙΟ", "type": "ΣΤΑΣΗ", "dimoskal": "ΚΟΡΔΕΛΙΟ ΕΥΟΣΜΟΣ", "lines_ejyp": "43", "stop_type_cat": "Regular Stop", "type_rank": 4, "line_count": 1, "service_level": "Local stop" }, "geometry": { "type": "Point", "coordinates": [ 22.905962, 40.680786 ] } },
{ "type": "Feature", "properties": { "code": "Γ-01/016", "onomastasi": "ΓΥΜΝΑΣΤΗΡΙΟ", "type": "ΣΤΑΣΗ", "dimoskal": "ΚΟΡΔΕΛΙΟ ΕΥΟΣΜΟΣ", "lines_ejyp": "43", "stop_type_cat": "Regular Stop", "type_rank": 4, "line_count": 1, "service_level": "Local stop" }, "geometry": { "type": "Point", "coordinates": [ 22.906219, 40.681274 ] } },
{ "type": "Feature", "properties": { "code": "Γ-01/013", "onomastasi": "ΚΗΠΟΣ", "type": "ΣΤΑΣΗ", "dimoskal": "ΚΟΡΔΕΛΙΟ ΕΥΟΣΜΟΣ", "lines_ejyp": "42,42Α,42Β", "stop_type_cat": "Regular Stop", "type_rank": 4, "line_count": 3, "service_level": "Multi-line stop" }, "geometry": { "type": "Point", "coordinates": [ 22.902464, 40.681797 ] } },
{ "type": "Feature", "properties": { "code": "Δ-01/008", "onomastasi": "ΔΙΥΛΙΣΤΗΡΙΑ ΕΚΟ Α΄", "type": "ΣΤΑΣΗ", "dimoskal": "ΚΟΡΔΕΛΙΟ ΕΥΟΣΜΟΣ", "lines_ejyp": "51,54,55Χ,80Ε,82Α,82Β,82Κ,82Ν", "stop_type_cat": "Regular Stop", "type_rank": 4, "line_count": 8, "service_level": "Major PT node" }, "geometry": { "type": "Point", "coordinates": [ 22.876858, 40.67495 ] } },
{ "type": "Feature", "properties": { "code": "Δ-01/010", "onomastasi": "ΔΙΥΛΙΣΤΗΡΙΑ ΕΚΟ Β΄", "type": "ΣΤΑΣΗ", "dimoskal": "ΚΟΡΔΕΛΙΟ ΕΥΟΣΜΟΣ", "lines_ejyp": "51,54,55Χ,80Ε,81Β,81Κ,82Α,82Β,82Κ,82Ν,89Α,89Ε,89Ν", "stop_type_cat": "Regular Stop", "type_rank": 4, "line_count": 13, "service_level": "Major PT node" }, "geometry": { "type": "Point", "coordinates": [ 22.873928, 40.67635 ] } },
{ "type": "Feature", "properties": { "code": "Δ-01/011", "onomastasi": "ΔΙΥΛΙΣΤΗΡΙΑ ΕΚΟ Β΄", "type": "ΣΤΑΣΗ", "dimoskal": "ΔΕΛΤΑ", "lines_ejyp": "51,51B,54,54A,55X,80Z,81A,81E,82A,82B,82E,82M,89A,89B,89K", "stop_type_cat": "Regular Stop", "type_rank": 4, "line_count": 15, "service_level": "Major PT node" }, "geometry": { "type": "Point", "coordinates": [ 22.873196, 40.67693 ] } },
{ "type": "Feature", "properties": { "code": "Θ-04/211", "onomastasi": "ΒΙΑΜΑΞ", "type": "ΣΤΑΣΗ", "dimoskal": "ΚΟΡΔΕΛΙΟ ΕΥΟΣΜΟΣ", "lines_ejyp": "51,54,55Χ,80Ε,82Α,82Β,82Κ,82Ν", "stop_type_cat": "Regular Stop", "type_rank": 4, "line_count": 8, "service_level": "Major PT node" }, "geometry": { "type": "Point", "coordinates": [ 22.870257, 40.678035 ] } },
{ "type": "Feature", "properties": { "code": "Θ-04/009", "onomastasi": "ΣΤΡΟΦΗ ΚΙΛΚΙΣ", "type": "ΣΤΑΣΗ", "dimoskal": "ΔΕΛΤΑ", "lines_ejyp": "51,54,80Ε,81Β,81Κ,89Α,89Ε,89Ν", "stop_type_cat": "Regular Stop", "type_rank": 4, "line_count": 8, "service_level": "Major PT node" }, "geometry": { "type": "Point", "coordinates": [ 22.867617, 40.679491 ] } },
{ "type": "Feature", "properties": { "code": "Θ-04/145", "onomastasi": "ΣΤΡΟΦΗ ΚΙΛΚΙΣ", "type": "ΣΤΑΣΗ", "dimoskal": "ΔΕΛΤΑ", "lines_ejyp": "55Χ,82Α,82Β,82Κ,82Ν", "stop_type_cat": "Regular Stop", "type_rank": 4, "line_count": 5, "service_level": "High-service stop" }, "geometry": { "type": "Point", "coordinates": [ 22.868428, 40.679723 ] } },
{ "type": "Feature", "properties": { "code": "Θ-04/126", "onomastasi": "ΣΤΡΟΦΗ ΚΙΛΚΙΣ", "type": "ΣΤΑΣΗ", "dimoskal": "ΔΕΛΤΑ", "lines_ejyp": "55Χ,82Α,82Β,82Ε,82Μ", "stop_type_cat": "Regular Stop", "type_rank": 4, "line_count": 5, "service_level": "High-service stop" }, "geometry": { "type": "Point", "coordinates": [ 22.868625, 40.679727 ] } },
{ "type": "Feature", "properties": { "code": "Θ-04/011", "onomastasi": "ΣΤΡΟΦΗ ΚΙΛΚΙΣ", "type": "ΣΤΑΣΗ", "dimoskal": "ΔΕΛΤΑ", "lines_ejyp": "51,51Β,54,54Α,80Ζ,81Α,81Ε,89Α,89Β,89Κ", "stop_type_cat": "Regular Stop", "type_rank": 4, "line_count": 10, "service_level": "Major PT node" }, "geometry": { "type": "Point", "coordinates": [ 22.866965, 40.680067 ] } },
{ "type": "Feature", "properties": { "code": "Θ-04/008", "onomastasi": "ΙΝΣΤΙΤΟΥΤΟ ΑΝΑΠΑΡΑΓΩΓΗΣ", "type": "ΣΤΑΣΗ", "dimoskal": "ΔΕΛΤΑ", "lines_ejyp": "50,54,80E", "stop_type_cat": "Regular Stop", "type_rank": 4, "line_count": 3, "service_level": "Multi-line stop" }, "geometry": { "type": "Point", "coordinates": [ 22.86462, 40.68106 ] } },
{ "type": "Feature", "properties": { "code": "Θ-04/012", "onomastasi": "ΙΝΣΤΙΤΟΥΤΟ ΑΝΑΠΑΡΑΓΩΓΗΣ", "type": "ΣΤΑΣΗ", "dimoskal": "ΔΕΛΤΑ", "lines_ejyp": "51,51B,54,54A,80Z", "stop_type_cat": "Regular Stop", "type_rank": 4, "line_count": 5, "service_level": "High-service stop" }, "geometry": { "type": "Point", "coordinates": [ 22.864405, 40.681422 ] } },
{ "type": "Feature", "properties": { "code": "Β-02/031", "onomastasi": "ΑΝΤΩΝΗ ΤΡΙΤΣΗ 1", "type": "ΣΤΑΣΗ", "dimoskal": "ΚΟΡΔΕΛΙΟ ΕΥΟΣΜΟΣ", "lines_ejyp": "32Α,32Ν", "stop_type_cat": "Regular Stop", "type_rank": 4, "line_count": 2, "service_level": "Multi-line stop" }, "geometry": { "type": "Point", "coordinates": [ 22.919328, 40.67704 ] } },
{ "type": "Feature", "properties": { "code": "Β-02/034", "onomastasi": "ΑΝΤΩΝΗ ΤΡΙΤΣΗ 2", "type": "ΣΤΑΣΗ", "dimoskal": "ΚΟΡΔΕΛΙΟ ΕΥΟΣΜΟΣ", "lines_ejyp": "32Α,32Ν,43Υ", "stop_type_cat": "Regular Stop", "type_rank": 4, "line_count": 3, "service_level": "Multi-line stop" }, "geometry": { "type": "Point", "coordinates": [ 22.922087, 40.6771 ] } },
{ "type": "Feature", "properties": { "code": "Β-02/032", "onomastasi": "ΑΝΤΩΝΗ ΤΡΙΤΣΗ 1", "type": "ΣΤΑΣΗ", "dimoskal": "ΚΟΡΔΕΛΙΟ ΕΥΟΣΜΟΣ", "lines_ejyp": "32Α,32Ν", "stop_type_cat": "Regular Stop", "type_rank": 4, "line_count": 2, "service_level": "Multi-line stop" }, "geometry": { "type": "Point", "coordinates": [ 22.919348, 40.677238 ] } },
{ "type": "Feature", "properties": { "code": "Β-02/028", "onomastasi": "Τ.Σ. ΚΑΤΩ ΗΛΙΟΥΠΟΛΗΣ-ΕΥΟΣΜΟΥ", "type": "ΣΤΑΘΜΑΡΧΕΙΟ", "dimoskal": "ΚΟΡΔΕΛΙΟ ΕΥΟΣΜΟΣ", "lines_ejyp": "21,32,32Α,32Ν,43,43Υ", "stop_type_cat": "Operational Facility", "type_rank": 5, "line_count": 6, "service_level": "High-service stop" }, "geometry": { "type": "Point", "coordinates": [ 22.909945, 40.677367 ] } },
{ "type": "Feature", "properties": { "code": "Β-02/042", "onomastasi": "ΑΚΑΔΗΜΟΥ", "type": "ΣΤΑΣΗ", "dimoskal": "ΚΟΡΔΕΛΙΟ ΕΥΟΣΜΟΣ", "lines_ejyp": "43", "stop_type_cat": "Regular Stop", "type_rank": 4, "line_count": 1, "service_level": "Local stop" }, "geometry": { "type": "Point", "coordinates": [ 22.917627, 40.678004 ] } },
{ "type": "Feature", "properties": { "code": "Β-02/041", "onomastasi": "ΟΛΥΜΠΙΑΔΟΣ 2", "type": "ΣΤΑΣΗ", "dimoskal": "ΚΟΡΔΕΛΙΟ ΕΥΟΣΜΟΣ", "lines_ejyp": "43", "stop_type_cat": "Regular Stop", "type_rank": 4, "line_count": 1, "service_level": "Local stop" }, "geometry": { "type": "Point", "coordinates": [ 22.915721, 40.678341 ] } },
{ "type": "Feature", "properties": { "code": "Β-02/043", "onomastasi": "ΣΧΟΛΕΙΟ", "type": "ΣΤΑΣΗ", "dimoskal": "ΚΟΡΔΕΛΙΟ ΕΥΟΣΜΟΣ", "lines_ejyp": "43", "stop_type_cat": "Regular Stop", "type_rank": 4, "line_count": 1, "service_level": "Local stop" }, "geometry": { "type": "Point", "coordinates": [ 22.920219, 40.679101 ] } },
{ "type": "Feature", "properties": { "code": "Β-02/044", "onomastasi": "ΩΚΕΑΝΟΥ", "type": "ΣΤΑΣΗ", "dimoskal": "ΚΟΡΔΕΛΙΟ ΕΥΟΣΜΟΣ", "lines_ejyp": "43", "stop_type_cat": "Regular Stop", "type_rank": 4, "line_count": 1, "service_level": "Local stop" }, "geometry": { "type": "Point", "coordinates": [ 22.918188, 40.681124 ] } },
{ "type": "Feature", "properties": { "code": "Β-01/014", "onomastasi": "ΟΛΥΜΠΙΑΔΟΣ 1", "type": "ΣΤΑΣΗ", "dimoskal": "ΚΟΡΔΕΛΙΟ ΕΥΟΣΜΟΣ", "lines_ejyp": "", "stop_type_cat": "Regular Stop", "type_rank": 4, "line_count": 0, "service_level": "Unknown service" }, "geometry": { "type": "Point", "coordinates": [ 22.915271, 40.681528 ] } },
{ "type": "Feature", "properties": { "code": "Β-02/037", "onomastasi": "ΣΥΝΕΡΓΕΙΟ ΑΥΤΟΚΙΝΗΤΩΝ", "type": "ΣΤΑΣΗ", "dimoskal": "ΚΟΡΔΕΛΙΟ ΕΥΟΣΜΟΣ", "lines_ejyp": "43", "stop_type_cat": "Regular Stop", "type_rank": 4, "line_count": 1, "service_level": "Local stop" }, "geometry": { "type": "Point", "coordinates": [ 22.92211, 40.682287 ] } },
{ "type": "Feature", "properties": { "code": "Θ-04/007", "onomastasi": "ΓΗΠΕΔΟ", "type": "ΣΤΑΣΗ", "dimoskal": "ΔΕΛΤΑ", "lines_ejyp": "51,80E,81B,81K,89A,89E,89N", "stop_type_cat": "Regular Stop", "type_rank": 4, "line_count": 7, "service_level": "Major PT node" }, "geometry": { "type": "Point", "coordinates": [ 22.860401, 40.683304 ] } },
{ "type": "Feature", "properties": { "code": "Θ-04/013", "onomastasi": "ΓΗΠΕΔΟ", "type": "ΣΤΑΣΗ", "dimoskal": "ΔΕΛΤΑ", "lines_ejyp": "51,51B,80Z,81A,81E,89A,89B,89K", "stop_type_cat": "Regular Stop", "type_rank": 4, "line_count": 8, "service_level": "Major PT node" }, "geometry": { "type": "Point", "coordinates": [ 22.86072, 40.683333 ] } },
{ "type": "Feature", "properties": { "code": "Θ-04/031", "onomastasi": "ΓΗΠΕΔΟ", "type": "ΣΤΑΣΗ", "dimoskal": "ΔΕΛΤΑ", "lines_ejyp": "54", "stop_type_cat": "Regular Stop", "type_rank": 4, "line_count": 1, "service_level": "Local stop" }, "geometry": { "type": "Point", "coordinates": [ 22.861829, 40.683469 ] } },
{ "type": "Feature", "properties": { "code": "Θ-04/016", "onomastasi": "ΓΗΠΕΔΟ", "type": "ΣΤΑΣΗ", "dimoskal": "ΔΕΛΤΑ", "lines_ejyp": "54,54A", "stop_type_cat": "Regular Stop", "type_rank": 4, "line_count": 2, "service_level": "Multi-line stop" }, "geometry": { "type": "Point", "coordinates": [ 22.861977, 40.6835 ] } },
{ "type": "Feature", "properties": { "code": "Θ-04/144", "onomastasi": "ΚΤΗΝΙΑΤΡΙΚΟ ΚΕΝΤΡΟ", "type": "ΣΤΑΣΗ", "dimoskal": "ΔΕΛΤΑ", "lines_ejyp": "55Χ,82Α,82Β,82Κ,82Ν", "stop_type_cat": "Regular Stop", "type_rank": 4, "line_count": 5, "service_level": "High-service stop" }, "geometry": { "type": "Point", "coordinates": [ 22.867382, 40.68404 ] } },
{ "type": "Feature", "properties": { "code": "Θ-04/127", "onomastasi": "ΙΝΣΤΙΤΟΥΤΟ ΑΝΑΠΑΡΑΓΩΓΗΣ", "type": "ΣΤΑΣΗ", "dimoskal": "ΔΕΛΤΑ", "lines_ejyp": "55X,82A,82B,82E,82M", "stop_type_cat": "Regular Stop", "type_rank": 4, "line_count": 5, "service_level": "High-service stop" }, "geometry": { "type": "Point", "coordinates": [ 22.867425, 40.684188 ] } },
{ "type": "Feature", "properties": { "code": "Θ-04/014", "onomastasi": "ΚΑΡΑΜΑΝΩΛΗ", "type": "ΣΤΑΣΗ", "dimoskal": "ΔΕΛΤΑ", "lines_ejyp": "51,51Β,80Ζ", "stop_type_cat": "Regular Stop", "type_rank": 4, "line_count": 3, "service_level": "Multi-line stop" }, "geometry": { "type": "Point", "coordinates": [ 22.857373, 40.684917 ] } },
{ "type": "Feature", "properties": { "code": "Θ-04/018", "onomastasi": "ΒΑΣΙΛΕΩΣ ΚΩΝΣΤΑΝΤΙΝΟΥ", "type": "ΣΤΑΣΗ", "dimoskal": "ΔΕΛΤΑ", "lines_ejyp": "54,54A", "stop_type_cat": "Regular Stop", "type_rank": 4, "line_count": 2, "service_level": "Multi-line stop" }, "geometry": { "type": "Point", "coordinates": [ 22.861457, 40.684963 ] } },
{ "type": "Feature", "properties": { "code": "Θ-04/030", "onomastasi": "ΣΤΡΟΦΗ", "type": "ΣΤΑΣΗ", "dimoskal": "ΔΕΛΤΑ", "lines_ejyp": "54", "stop_type_cat": "Regular Stop", "type_rank": 4, "line_count": 1, "service_level": "Local stop" }, "geometry": { "type": "Point", "coordinates": [ 22.862461, 40.685123 ] } },
{ "type": "Feature", "properties": { "code": "Θ-04/006", "onomastasi": "ΚΑΡΑΜΑΝΩΛΗ", "type": "ΣΤΑΣΗ", "dimoskal": "ΔΕΛΤΑ", "lines_ejyp": "54,54Α", "stop_type_cat": "Regular Stop", "type_rank": 4, "line_count": 2, "service_level": "Multi-line stop" }, "geometry": { "type": "Point", "coordinates": [ 22.857281, 40.685159 ] } },
{ "type": "Feature", "properties": { "code": "Θ-04/017", "onomastasi": "ΚΑΡΑΜΑΝΩΛΗ", "type": "ΣΤΑΣΗ", "dimoskal": "ΔΕΛΤΑ", "lines_ejyp": "54,54Α", "stop_type_cat": "Regular Stop", "type_rank": 4, "line_count": 2, "service_level": "Multi-line stop" }, "geometry": { "type": "Point", "coordinates": [ 22.858829, 40.686253 ] } },
{ "type": "Feature", "properties": { "code": "Θ-03/180", "onomastasi": "ΚΑΡΑΙΣΚΑΚΗ", "type": "ΣΤΑΣΗ", "dimoskal": "ΔΕΛΤΑ", "lines_ejyp": "54", "stop_type_cat": "Regular Stop", "type_rank": 4, "line_count": 1, "service_level": "Local stop" }, "geometry": { "type": "Point", "coordinates": [ 22.851717, 40.686352 ] } },
{ "type": "Feature", "properties": { "code": "Θ-04/029", "onomastasi": "ΠΛΑΤΕΙΑ", "type": "ΣΤΑΣΗ", "dimoskal": "ΔΕΛΤΑ", "lines_ejyp": "54", "stop_type_cat": "Regular Stop", "type_rank": 4, "line_count": 1, "service_level": "Local stop" }, "geometry": { "type": "Point", "coordinates": [ 22.859399, 40.686594 ] } },
{ "type": "Feature", "properties": { "code": "Θ-03/084", "onomastasi": "Τ.Σ. ΙΩΝΙΑΣ", "type": "ΤΕΡΜΑΤΙΚΟΣ ΣΤΑΘΜΟΣ ( ΑΦΕΤΗΡΙΑ - ΤΕΡΜΑ )", "dimoskal": "ΔΕΛΤΑ", "lines_ejyp": "54", "stop_type_cat": "Terminal Stop", "type_rank": 2, "line_count": 1, "service_level": "Local stop" }, "geometry": { "type": "Point", "coordinates": [ 22.838374, 40.686498 ] } },
{ "type": "Feature", "properties": { "code": "Θ-04/005", "onomastasi": "ΦΑΡΜΑΚΕΙΟ", "type": "ΣΤΑΣΗ", "dimoskal": "ΔΕΛΤΑ", "lines_ejyp": "51,80Ε,81Β,81Κ,89Α,89Ε,89Ν", "stop_type_cat": "Regular Stop", "type_rank": 4, "line_count": 7, "service_level": "Major PT node" }, "geometry": { "type": "Point", "coordinates": [ 22.853904, 40.686751 ] } },
{ "type": "Feature", "properties": { "code": "Θ-04/015", "onomastasi": "ΦΑΡΜΑΚΕΙΟ", "type": "ΤΕΣ ΠΛΗΡΟΦΟΡΗΣΗ", "dimoskal": "ΔΕΛΤΑ", "lines_ejyp": "51,51Β,80Ζ,81Α,81Ε,89Α,89Β,89Κ", "stop_type_cat": "Info Stop", "type_rank": 3, "line_count": 8, "service_level": "Major PT node" }, "geometry": { "type": "Point", "coordinates": [ 22.853941, 40.686921 ] } },
{ "type": "Feature", "properties": { "code": "Θ-03/072", "onomastasi": "ΠΑΣΣΑΖΟ", "type": "ΣΤΑΣΗ", "dimoskal": "ΔΕΛΤΑ", "lines_ejyp": "54,54Α", "stop_type_cat": "Regular Stop", "type_rank": 4, "line_count": 2, "service_level": "Multi-line stop" }, "geometry": { "type": "Point", "coordinates": [ 22.852417, 40.686921 ] } },
{ "type": "Feature", "properties": { "code": "Θ-03/085", "onomastasi": "ΚΟΛΩΝΑΚΙ", "type": "ΣΤΑΣΗ", "dimoskal": "ΔΕΛΤΑ", "lines_ejyp": "54", "stop_type_cat": "Regular Stop", "type_rank": 4, "line_count": 1, "service_level": "Local stop" }, "geometry": { "type": "Point", "coordinates": [ 22.840929, 40.687298 ] } },
{ "type": "Feature", "properties": { "code": "Θ-04/019", "onomastasi": "ΣΧΟΛΕΙΟ", "type": "ΣΤΑΣΗ", "dimoskal": "ΔΕΛΤΑ", "lines_ejyp": "54,54Α", "stop_type_cat": "Regular Stop", "type_rank": 4, "line_count": 2, "service_level": "Multi-line stop" }, "geometry": { "type": "Point", "coordinates": [ 22.858655, 40.687598 ] } },
{ "type": "Feature", "properties": { "code": "Θ-04/028", "onomastasi": "ΑΓΙΟΥ ΓΕΩΡΓΙΟΥ", "type": "ΣΤΑΣΗ", "dimoskal": "ΔΕΛΤΑ", "lines_ejyp": "54", "stop_type_cat": "Regular Stop", "type_rank": 4, "line_count": 1, "service_level": "Local stop" }, "geometry": { "type": "Point", "coordinates": [ 22.85851, 40.687675 ] } },
{ "type": "Feature", "properties": { "code": "Θ-03/207", "onomastasi": "ΕΚΚΛΗΣΙΑ", "type": "ΣΤΑΣΗ", "dimoskal": "ΔΕΛΤΑ", "lines_ejyp": "54,54A", "stop_type_cat": "Regular Stop", "type_rank": 4, "line_count": 2, "service_level": "Multi-line stop" }, "geometry": { "type": "Point", "coordinates": [ 22.843874, 40.687678 ] } },
{ "type": "Feature", "properties": { "code": "Θ-03/083", "onomastasi": "ΛΥΚΕΙΟ", "type": "ΣΤΑΣΗ", "dimoskal": "ΔΕΛΤΑ", "lines_ejyp": "54,54Α", "stop_type_cat": "Regular Stop", "type_rank": 4, "line_count": 2, "service_level": "Multi-line stop" }, "geometry": { "type": "Point", "coordinates": [ 22.836579, 40.687611 ] } },
{ "type": "Feature", "properties": { "code": "Θ-04/024", "onomastasi": "ΔΙΑΣΤΑΥΡΩΣΗ", "type": "ΣΤΑΣΗ", "dimoskal": "ΔΕΛΤΑ", "lines_ejyp": "54,54A", "stop_type_cat": "Regular Stop", "type_rank": 4, "line_count": 2, "service_level": "Multi-line stop" }, "geometry": { "type": "Point", "coordinates": [ 22.853572, 40.687837 ] } },
{ "type": "Feature", "properties": { "code": "Θ-03/090", "onomastasi": "ΔΙΑΣΤΑΥΡΩΣΗ", "type": "ΣΤΑΣΗ", "dimoskal": "ΔΕΛΤΑ", "lines_ejyp": "54", "stop_type_cat": "Regular Stop", "type_rank": 4, "line_count": 1, "service_level": "Local stop" }, "geometry": { "type": "Point", "coordinates": [ 22.853701, 40.687872 ] } },
{ "type": "Feature", "properties": { "code": "Θ-03/075", "onomastasi": "ΕΚΚΛΗΣΙΑ", "type": "ΣΤΑΣΗ", "dimoskal": "ΔΕΛΤΑ", "lines_ejyp": "54,54A", "stop_type_cat": "Regular Stop", "type_rank": 4, "line_count": 2, "service_level": "Multi-line stop" }, "geometry": { "type": "Point", "coordinates": [ 22.843808, 40.68784 ] } },
{ "type": "Feature", "properties": { "code": "Θ-03/208", "onomastasi": "ΔΗΜΑΡΧΕΙΟ", "type": "ΣΤΑΣΗ", "dimoskal": "ΔΕΛΤΑ", "lines_ejyp": "54", "stop_type_cat": "Regular Stop", "type_rank": 4, "line_count": 1, "service_level": "Local stop" }, "geometry": { "type": "Point", "coordinates": [ 22.847455, 40.688289 ] } },
{ "type": "Feature", "properties": { "code": "Θ-03/074", "onomastasi": "ΔΗΜΑΡΧΕΙΟ", "type": "ΤΕΣ ΠΛΗΡΟΦΟΡΗΣΗ", "dimoskal": "ΔΕΛΤΑ", "lines_ejyp": "54,54A", "stop_type_cat": "Info Stop", "type_rank": 3, "line_count": 2, "service_level": "Multi-line stop" }, "geometry": { "type": "Point", "coordinates": [ 22.846931, 40.688348 ] } },
{ "type": "Feature", "properties": { "code": "Θ-03/020", "onomastasi": "Ο. Τ. Ε", "type": "ΣΤΑΣΗ", "dimoskal": "ΔΕΛΤΑ", "lines_ejyp": "51,80Ε,81Β,81Κ,89Α,89Ε,89Ν", "stop_type_cat": "Regular Stop", "type_rank": 4, "line_count": 7, "service_level": "Major PT node" }, "geometry": { "type": "Point", "coordinates": [ 22.850508, 40.68852 ] } },
{ "type": "Feature", "properties": { "code": "Θ-03/209", "onomastasi": "ΠΕΡΙΠΤΕΡΟ", "type": "ΣΤΑΣΗ", "dimoskal": "ΔΕΛΤΑ", "lines_ejyp": "54", "stop_type_cat": "Regular Stop", "type_rank": 4, "line_count": 1, "service_level": "Local stop" }, "geometry": { "type": "Point", "coordinates": [ 22.849309, 40.688542 ] } },
{ "type": "Feature", "properties": { "code": "Θ-03/076", "onomastasi": "ΚΟΛΩΝΑΚΙ", "type": "ΣΤΑΣΗ", "dimoskal": "ΔΕΛΤΑ", "lines_ejyp": "54,54Α", "stop_type_cat": "Regular Stop", "type_rank": 4, "line_count": 2, "service_level": "Multi-line stop" }, "geometry": { "type": "Point", "coordinates": [ 22.841897, 40.68853 ] } },
{ "type": "Feature", "properties": { "code": "Θ-03/073", "onomastasi": "ΠΕΡΙΠΤΕΡΟ", "type": "ΣΤΑΣΗ", "dimoskal": "ΔΕΛΤΑ", "lines_ejyp": "54,54Α", "stop_type_cat": "Regular Stop", "type_rank": 4, "line_count": 2, "service_level": "Multi-line stop" }, "geometry": { "type": "Point", "coordinates": [ 22.849341, 40.688654 ] } },
{ "type": "Feature", "properties": { "code": "Θ-03/021", "onomastasi": "Ο. Τ. Ε", "type": "ΣΤΑΣΗ", "dimoskal": "ΔΕΛΤΑ", "lines_ejyp": "51,51Β,80Ζ,81Α,81Ε,89Α,89Β,89Κ", "stop_type_cat": "Regular Stop", "type_rank": 4, "line_count": 8, "service_level": "Major PT node" }, "geometry": { "type": "Point", "coordinates": [ 22.85059, 40.688694 ] } },
{ "type": "Feature", "properties": { "code": "Θ-03/082", "onomastasi": "ΠΑΛΙΟ ΤΕΡΜΑ", "type": "ΣΤΑΣΗ", "dimoskal": "ΔΕΛΤΑ", "lines_ejyp": "54,54Α", "stop_type_cat": "Regular Stop", "type_rank": 4, "line_count": 2, "service_level": "Multi-line stop" }, "geometry": { "type": "Point", "coordinates": [ 22.83977, 40.68894 ] } },
{ "type": "Feature", "properties": { "code": "Θ-04/023", "onomastasi": "ΕΘΝΙΚΗΣ ΑΝΤΙΣΤΑΣΗΣ", "type": "ΣΤΑΣΗ", "dimoskal": "ΔΕΛΤΑ", "lines_ejyp": "54,54A", "stop_type_cat": "Regular Stop", "type_rank": 4, "line_count": 2, "service_level": "Multi-line stop" }, "geometry": { "type": "Point", "coordinates": [ 22.854696, 40.689116 ] } },
{ "type": "Feature", "properties": { "code": "Θ-04/025", "onomastasi": "ΠΑΡΚΟ", "type": "ΤΕΣ ΠΛΗΡΟΦΟΡΗΣΗ", "dimoskal": "ΔΕΛΤΑ", "lines_ejyp": "54", "stop_type_cat": "Info Stop", "type_rank": 3, "line_count": 1, "service_level": "Local stop" }, "geometry": { "type": "Point", "coordinates": [ 22.85674, 40.689333 ] } },
{ "type": "Feature", "properties": { "code": "Θ-04/022", "onomastasi": "ΠΑΡΚΟ", "type": "ΣΤΑΣΗ", "dimoskal": "ΔΕΛΤΑ", "lines_ejyp": "54,54Α", "stop_type_cat": "Regular Stop", "type_rank": 4, "line_count": 2, "service_level": "Multi-line stop" }, "geometry": { "type": "Point", "coordinates": [ 22.856712, 40.689424 ] } },
{ "type": "Feature", "properties": { "code": "Θ-03/183", "onomastasi": "ΑΓΙΟΣ ΑΘΑΝΑΣΙΟΣ", "type": "ΣΤΑΣΗ", "dimoskal": "ΔΕΛΤΑ", "lines_ejyp": "54A", "stop_type_cat": "Regular Stop", "type_rank": 4, "line_count": 1, "service_level": "Local stop" }, "geometry": { "type": "Point", "coordinates": [ 22.835249, 40.689396 ] } },
{ "type": "Feature", "properties": { "code": "Θ-04/020", "onomastasi": "ΕΜΜΑΝΟΥΗΛ ΠΑΠΠΑ", "type": "ΣΤΑΣΗ", "dimoskal": "ΔΕΛΤΑ", "lines_ejyp": "54,54A", "stop_type_cat": "Regular Stop", "type_rank": 4, "line_count": 2, "service_level": "Multi-line stop" }, "geometry": { "type": "Point", "coordinates": [ 22.859524, 40.68972 ] } },
{ "type": "Feature", "properties": { "code": "Θ-04/027", "onomastasi": "ΕΘΝΙΚΗΣ ΑΝΤΙΣΤΑΣΗΣ", "type": "ΣΤΑΣΗ", "dimoskal": "ΔΕΛΤΑ", "lines_ejyp": "54", "stop_type_cat": "Regular Stop", "type_rank": 4, "line_count": 1, "service_level": "Local stop" }, "geometry": { "type": "Point", "coordinates": [ 22.859414, 40.689755 ] } },
{ "type": "Feature", "properties": { "code": "Θ-04/026", "onomastasi": "ΕΚΚΛΗΣΑΚΙ", "type": "ΣΤΑΣΗ", "dimoskal": "ΔΕΛΤΑ", "lines_ejyp": "54,55B,55K,55M,55N", "stop_type_cat": "Regular Stop", "type_rank": 4, "line_count": 5, "service_level": "High-service stop" }, "geometry": { "type": "Point", "coordinates": [ 22.858702, 40.690809 ] } },
{ "type": "Feature", "properties": { "code": "Β-02/038", "onomastasi": "ΣΥΝΕΡΓΕΙΟ ΑΥΤΟΚΙΝΗΤΩΝ", "type": "ΣΤΑΣΗ", "dimoskal": "ΚΟΡΔΕΛΙΟ ΕΥΟΣΜΟΣ", "lines_ejyp": "43", "stop_type_cat": "Regular Stop", "type_rank": 4, "line_count": 1, "service_level": "Local stop" }, "geometry": { "type": "Point", "coordinates": [ 22.92202, 40.682636 ] } },
{ "type": "Feature", "properties": { "code": "Β-01/005", "onomastasi": "ΚΤΕΟ", "type": "ΣΤΑΣΗ", "dimoskal": "ΚΟΡΔΕΛΙΟ ΕΥΟΣΜΟΣ", "lines_ejyp": "43", "stop_type_cat": "Regular Stop", "type_rank": 4, "line_count": 1, "service_level": "Local stop" }, "geometry": { "type": "Point", "coordinates": [ 22.915081, 40.683262 ] } },
{ "type": "Feature", "properties": { "code": "Β-01/006", "onomastasi": "ΚΤΕΟ", "type": "ΣΤΑΣΗ", "dimoskal": "ΚΟΡΔΕΛΙΟ ΕΥΟΣΜΟΣ", "lines_ejyp": "43", "stop_type_cat": "Regular Stop", "type_rank": 4, "line_count": 1, "service_level": "Local stop" }, "geometry": { "type": "Point", "coordinates": [ 22.915096, 40.683569 ] } },
{ "type": "Feature", "properties": { "code": "Β-01/003", "onomastasi": "ΑΘΛΗΤΙΚΟ ΚΕΝΤΡΟ", "type": "ΣΤΑΣΗ", "dimoskal": "ΚΟΡΔΕΛΙΟ ΕΥΟΣΜΟΣ", "lines_ejyp": "43", "stop_type_cat": "Regular Stop", "type_rank": 4, "line_count": 1, "service_level": "Local stop" }, "geometry": { "type": "Point", "coordinates": [ 22.910159, 40.683753 ] } },
{ "type": "Feature", "properties": { "code": "Β-01/004", "onomastasi": "ΑΘΛΗΤΙΚΟ ΚΕΝΤΡΟ", "type": "ΣΤΑΣΗ", "dimoskal": "ΚΟΡΔΕΛΙΟ ΕΥΟΣΜΟΣ", "lines_ejyp": "43", "stop_type_cat": "Regular Stop", "type_rank": 4, "line_count": 1, "service_level": "Local stop" }, "geometry": { "type": "Point", "coordinates": [ 22.910033, 40.684085 ] } },
{ "type": "Feature", "properties": { "code": "Β-01/016", "onomastasi": "ΟΙΚΙΣΜΟΣ ΝΕΑ ΕΓΝΑΤΙΑ", "type": "ΣΤΑΣΗ", "dimoskal": "ΩΡΑΙΟΚΑΣΤΡΟ", "lines_ejyp": "55Ρ", "stop_type_cat": "Regular Stop", "type_rank": 4, "line_count": 1, "service_level": "Local stop" }, "geometry": { "type": "Point", "coordinates": [ 22.913123, 40.69248 ] } },
{ "type": "Feature", "properties": { "code": "Β-01/015", "onomastasi": "ΟΙΚΙΣΜΟΣ ΝΕΑ ΕΓΝΑΤΙΑ", "type": "ΣΤΑΣΗ", "dimoskal": "ΩΡΑΙΟΚΑΣΤΡΟ", "lines_ejyp": "55Ρ", "stop_type_cat": "Regular Stop", "type_rank": 4, "line_count": 1, "service_level": "Local stop" }, "geometry": { "type": "Point", "coordinates": [ 22.913474, 40.692804 ] } },
{ "type": "Feature", "properties": { "code": "Θ-04/100", "onomastasi": "ΑΕΡΟΔΡΟΜΙΟΥ", "type": "ΣΤΑΣΗ", "dimoskal": "ΩΡΑΙΟΚΑΣΤΡΟ", "lines_ejyp": "55Β,55Κ,55Μ,55Ν,55Χ", "stop_type_cat": "Regular Stop", "type_rank": 4, "line_count": 5, "service_level": "High-service stop" }, "geometry": { "type": "Point", "coordinates": [ 22.9237, 40.702184 ] } },
{ "type": "Feature", "properties": { "code": "Θ-04/099", "onomastasi": "ΝΑΥΑΡΧΟΥ ΤΟΜΠΑΖΗ", "type": "ΣΤΑΣΗ", "dimoskal": "ΩΡΑΙΟΚΑΣΤΡΟ", "lines_ejyp": "55Β,55Κ,55Μ,55Ν,55Χ", "stop_type_cat": "Regular Stop", "type_rank": 4, "line_count": 5, "service_level": "High-service stop" }, "geometry": { "type": "Point", "coordinates": [ 22.919174, 40.702152 ] } },
{ "type": "Feature", "properties": { "code": "Θ-04/073", "onomastasi": "ΑΕΡΟΔΡΟΜΙΟΥ", "type": "ΣΤΑΣΗ", "dimoskal": "ΩΡΑΙΟΚΑΣΤΡΟ", "lines_ejyp": "55Β,55Κ,55Μ,55Ν,55Χ", "stop_type_cat": "Regular Stop", "type_rank": 4, "line_count": 5, "service_level": "High-service stop" }, "geometry": { "type": "Point", "coordinates": [ 22.921999, 40.702301 ] } },
{ "type": "Feature", "properties": { "code": "Β-02/019", "onomastasi": "ΠΟΛΥΚΑΤΟΙΚΙΕΣ", "type": "ΣΤΑΣΗ", "dimoskal": "ΚΟΡΔΕΛΙΟ ΕΥΟΣΜΟΣ", "lines_ejyp": "34,42,42Α,42Β", "stop_type_cat": "Regular Stop", "type_rank": 4, "line_count": 4, "service_level": "High-service stop" }, "geometry": { "type": "Point", "coordinates": [ 22.928914, 40.675901 ] } },
{ "type": "Feature", "properties": { "code": "Β-02/016", "onomastasi": "ΠΡΟΦΗΤΗΣ ΗΛΙΑΣ", "type": "ΣΤΑΣΗ", "dimoskal": "ΚΟΡΔΕΛΙΟ ΕΥΟΣΜΟΣ", "lines_ejyp": "42,42Α", "stop_type_cat": "Regular Stop", "type_rank": 4, "line_count": 2, "service_level": "Multi-line stop" }, "geometry": { "type": "Point", "coordinates": [ 22.926174, 40.67607 ] } },
{ "type": "Feature", "properties": { "code": "Β-02/026", "onomastasi": "ΠΡΟΦΗΤΗΣ ΗΛΙΑΣ", "type": "ΣΤΑΣΗ", "dimoskal": "ΚΟΡΔΕΛΙΟ ΕΥΟΣΜΟΣ", "lines_ejyp": "34", "stop_type_cat": "Regular Stop", "type_rank": 4, "line_count": 1, "service_level": "Local stop" }, "geometry": { "type": "Point", "coordinates": [ 22.926409, 40.676142 ] } },
{ "type": "Feature", "properties": { "code": "Β-02/017", "onomastasi": "ΠΡΟΦΗΤΗΣ ΗΛΙΑΣ", "type": "ΣΤΑΣΗ", "dimoskal": "ΚΟΡΔΕΛΙΟ ΕΥΟΣΜΟΣ", "lines_ejyp": "42,42Α,42Β", "stop_type_cat": "Regular Stop", "type_rank": 4, "line_count": 3, "service_level": "Multi-line stop" }, "geometry": { "type": "Point", "coordinates": [ 22.92596, 40.676446 ] } },
{ "type": "Feature", "properties": { "code": "Α-02/004", "onomastasi": "ΠΑΛΑΙΟΛΟΓΟΥ 2", "type": "ΣΤΑΣΗ", "dimoskal": "ΠΑΥΛΟΣ ΜΕΛΑΣ", "lines_ejyp": "34,34Α", "stop_type_cat": "Regular Stop", "type_rank": 4, "line_count": 2, "service_level": "Multi-line stop" }, "geometry": { "type": "Point", "coordinates": [ 22.933211, 40.679848 ] } },
{ "type": "Feature", "properties": { "code": "Α-02/005", "onomastasi": "ΠΑΛΑΙΟΛΟΓΟΥ 2", "type": "ΣΤΑΣΗ", "dimoskal": "ΠΑΥΛΟΣ ΜΕΛΑΣ", "lines_ejyp": "34", "stop_type_cat": "Regular Stop", "type_rank": 4, "line_count": 1, "service_level": "Local stop" }, "geometry": { "type": "Point", "coordinates": [ 22.933079, 40.679877 ] } },
{ "type": "Feature", "properties": { "code": "Β-02/039", "onomastasi": "ΒΕΝΖΙΝΑΔΙΚΟ", "type": "ΣΤΑΣΗ", "dimoskal": "ΚΟΡΔΕΛΙΟ ΕΥΟΣΜΟΣ", "lines_ejyp": "43", "stop_type_cat": "Regular Stop", "type_rank": 4, "line_count": 1, "service_level": "Local stop" }, "geometry": { "type": "Point", "coordinates": [ 22.926975, 40.682193 ] } },
{ "type": "Feature", "properties": { "code": "Α-02/006", "onomastasi": "ΠΑΛΑΙΟΛΟΓΟΥ 1", "type": "ΣΤΑΣΗ", "dimoskal": "ΠΑΥΛΟΣ ΜΕΛΑΣ", "lines_ejyp": "34", "stop_type_cat": "Regular Stop", "type_rank": 4, "line_count": 1, "service_level": "Local stop" }, "geometry": { "type": "Point", "coordinates": [ 22.931483, 40.682512 ] } },
{ "type": "Feature", "properties": { "code": "Β-02/040", "onomastasi": "ΒΕΝΖΙΝΑΔΙΚΟ", "type": "ΣΤΑΣΗ", "dimoskal": "ΚΟΡΔΕΛΙΟ ΕΥΟΣΜΟΣ", "lines_ejyp": "43", "stop_type_cat": "Regular Stop", "type_rank": 4, "line_count": 1, "service_level": "Local stop" }, "geometry": { "type": "Point", "coordinates": [ 22.927028, 40.682473 ] } },
{ "type": "Feature", "properties": { "code": "Α-02/038", "onomastasi": "ΣΟΥΠΕΡΜΑΡΚΕΤ", "type": "ΣΤΑΣΗ", "dimoskal": "ΠΑΥΛΟΣ ΜΕΛΑΣ", "lines_ejyp": "43", "stop_type_cat": "Regular Stop", "type_rank": 4, "line_count": 1, "service_level": "Local stop" }, "geometry": { "type": "Point", "coordinates": [ 22.931153, 40.682525 ] } },
{ "type": "Feature", "properties": { "code": "Α-02/007", "onomastasi": "ΠΑΛΑΙΟΛΟΓΟΥ 1", "type": "ΣΤΑΣΗ", "dimoskal": "ΠΑΥΛΟΣ ΜΕΛΑΣ", "lines_ejyp": "34,34Α", "stop_type_cat": "Regular Stop", "type_rank": 4, "line_count": 2, "service_level": "Multi-line stop" }, "geometry": { "type": "Point", "coordinates": [ 22.931572, 40.682573 ] } },
{ "type": "Feature", "properties": { "code": "Α-02/039", "onomastasi": "ΣΟΥΠΕΡΜΑΡΚΕΤ", "type": "ΣΤΑΣΗ", "dimoskal": "ΠΑΥΛΟΣ ΜΕΛΑΣ", "lines_ejyp": "43", "stop_type_cat": "Regular Stop", "type_rank": 4, "line_count": 1, "service_level": "Local stop" }, "geometry": { "type": "Point", "coordinates": [ 22.931075, 40.682615 ] } },
{ "type": "Feature", "properties": { "code": "Α-02/001", "onomastasi": "ΑΡΗ ΒΕΛΟΥΧΙΩΤΗ", "type": "ΣΤΑΣΗ", "dimoskal": "ΠΑΥΛΟΣ ΜΕΛΑΣ", "lines_ejyp": "34,43", "stop_type_cat": "Regular Stop", "type_rank": 4, "line_count": 2, "service_level": "Multi-line stop" }, "geometry": { "type": "Point", "coordinates": [ 22.932549, 40.684077 ] } },
{ "type": "Feature", "properties": { "code": "Α-02/008ΤΣ", "onomastasi": "Τ.Σ. ΑΝΩ ΗΛΙΟΥΠΟΛΗΣ", "type": "ΣΤΑΘΜΑΡΧΕΙΟ", "dimoskal": "ΠΑΥΛΟΣ ΜΕΛΑΣ", "lines_ejyp": "34", "stop_type_cat": "Operational Facility", "type_rank": 5, "line_count": 1, "service_level": "Local stop" }, "geometry": { "type": "Point", "coordinates": [ 22.930918, 40.684521 ] } },
{ "type": "Feature", "properties": { "code": "Α-02/008", "onomastasi": "Τ.Σ. ΑΝΩ ΗΛΙΟΥΠΟΛΗΣ", "type": "ΣΤΑΣΗ", "dimoskal": "ΠΑΥΛΟΣ ΜΕΛΑΣ", "lines_ejyp": "43", "stop_type_cat": "Regular Stop", "type_rank": 4, "line_count": 1, "service_level": "Local stop" }, "geometry": { "type": "Point", "coordinates": [ 22.930788, 40.684704 ] } },
{ "type": "Feature", "properties": { "code": "Α-02/034", "onomastasi": "ΜΑΡΑΘΩΝΟΣ 1", "type": "ΣΤΑΣΗ", "dimoskal": "ΠΑΥΛΟΣ ΜΕΛΑΣ", "lines_ejyp": "34,34Α,43", "stop_type_cat": "Regular Stop", "type_rank": 4, "line_count": 3, "service_level": "Multi-line stop" }, "geometry": { "type": "Point", "coordinates": [ 22.930305, 40.686671 ] } },
{ "type": "Feature", "properties": { "code": "Α-01/015", "onomastasi": "ΕΚΚΛΗΣΙΑ", "type": "ΣΤΑΣΗ", "dimoskal": "ΠΑΥΛΟΣ ΜΕΛΑΣ", "lines_ejyp": "34,34Α,43", "stop_type_cat": "Regular Stop", "type_rank": 4, "line_count": 3, "service_level": "Multi-line stop" }, "geometry": { "type": "Point", "coordinates": [ 22.928745, 40.686842 ] } },
{ "type": "Feature", "properties": { "code": "Α-01/014", "onomastasi": "ΙΑΣΩΝΙΔΟΥ", "type": "ΣΤΑΣΗ", "dimoskal": "ΠΑΥΛΟΣ ΜΕΛΑΣ", "lines_ejyp": "34,34Α,43", "stop_type_cat": "Regular Stop", "type_rank": 4, "line_count": 3, "service_level": "Multi-line stop" }, "geometry": { "type": "Point", "coordinates": [ 22.927718, 40.688935 ] } },
{ "type": "Feature", "properties": { "code": "Α-01/012", "onomastasi": "ΜΑΡΑΘΩΝΟΣ", "type": "ΣΤΑΣΗ", "dimoskal": "ΠΑΥΛΟΣ ΜΕΛΑΣ", "lines_ejyp": "34,34Α,43", "stop_type_cat": "Regular Stop", "type_rank": 4, "line_count": 3, "service_level": "Multi-line stop" }, "geometry": { "type": "Point", "coordinates": [ 22.9295, 40.689625 ] } },
{ "type": "Feature", "properties": { "code": "Α-01/013", "onomastasi": "ΠΑΤΡΙΑΡΧΗ ΑΘΗΝΑΓΟΡΑ", "type": "ΣΤΑΣΗ", "dimoskal": "ΩΡΑΙΟΚΑΣΤΡΟ", "lines_ejyp": "34,34Α,43", "stop_type_cat": "Regular Stop", "type_rank": 4, "line_count": 3, "service_level": "Multi-line stop" }, "geometry": { "type": "Point", "coordinates": [ 22.928009, 40.691062 ] } },
{ "type": "Feature", "properties": { "code": "Α-02/040", "onomastasi": "ΠΕΖΟΓΕΦΥΡΑ", "type": "ΣΤΑΣΗ", "dimoskal": "ΠΑΥΛΟΣ ΜΕΛΑΣ", "lines_ejyp": "27,56,84Α,84Β", "stop_type_cat": "Regular Stop", "type_rank": 4, "line_count": 4, "service_level": "High-service stop" }, "geometry": { "type": "Point", "coordinates": [ 22.940513, 40.682567 ] } },
{ "type": "Feature", "properties": { "code": "Α-02/012", "onomastasi": "ΚΑΖΜΠΑ 1", "type": "ΣΤΑΣΗ", "dimoskal": "ΠΑΥΛΟΣ ΜΕΛΑΣ", "lines_ejyp": "27", "stop_type_cat": "Regular Stop", "type_rank": 4, "line_count": 1, "service_level": "Local stop" }, "geometry": { "type": "Point", "coordinates": [ 22.939321, 40.683154 ] } },
{ "type": "Feature", "properties": { "code": "Α-02/016", "onomastasi": "ΣΤΡΟΦΗ ΩΡΑΙΟΚΑΣΤΡΟΥ", "type": "ΣΤΑΣΗ", "dimoskal": "ΠΑΥΛΟΣ ΜΕΛΑΣ", "lines_ejyp": "", "stop_type_cat": "Regular Stop", "type_rank": 4, "line_count": 0, "service_level": "Unknown service" }, "geometry": { "type": "Point", "coordinates": [ 22.941441, 40.685235 ] } },
{ "type": "Feature", "properties": { "code": "Α-02/011", "onomastasi": "ΔΙΑΝΑ", "type": "ΣΤΑΣΗ", "dimoskal": "ΠΑΥΛΟΣ ΜΕΛΑΣ", "lines_ejyp": "27,55Υ", "stop_type_cat": "Regular Stop", "type_rank": 4, "line_count": 2, "service_level": "Multi-line stop" }, "geometry": { "type": "Point", "coordinates": [ 22.937963, 40.686187 ] } },
{ "type": "Feature", "properties": { "code": "Α-02/031", "onomastasi": "ΑΜΑΞΟΣΤΑΣΙΟ ΣΤΑΥΡΟΥΠΟΛΗΣ", "type": "ΣΤΑΣΗ", "dimoskal": "ΠΑΥΛΟΣ ΜΕΛΑΣ", "lines_ejyp": "27", "stop_type_cat": "Regular Stop", "type_rank": 4, "line_count": 1, "service_level": "Local stop" }, "geometry": { "type": "Point", "coordinates": [ 22.936217, 40.689355 ] } },
{ "type": "Feature", "properties": { "code": "Α-02/031ΑΜ", "onomastasi": "ΑΜΑΞΟΣΤΑΣΙΟ ΣΤΑΥΡΟΥΠΟΛΗΣ", "type": "ΑΜΑΞΟΣΤΑΣΙΟ", "dimoskal": "ΠΑΥΛΟΣ ΜΕΛΑΣ", "lines_ejyp": "27", "stop_type_cat": "Operational Facility", "type_rank": 5, "line_count": 1, "service_level": "Local stop" }, "geometry": { "type": "Point", "coordinates": [ 22.937555, 40.689681 ] } },
{ "type": "Feature", "properties": { "code": "Θ-04/195", "onomastasi": "JUMBO", "type": "ΣΤΑΣΗ", "dimoskal": "ΠΑΥΛΟΣ ΜΕΛΑΣ", "lines_ejyp": "56,84Α,84Β", "stop_type_cat": "Regular Stop", "type_rank": 4, "line_count": 3, "service_level": "Multi-line stop" }, "geometry": { "type": "Point", "coordinates": [ 22.941448, 40.691515 ] } },
{ "type": "Feature", "properties": { "code": "Α-02/029", "onomastasi": "Τ.Σ. ΣΤΑΥΡΟΥΠΟΛΗΣ Α", "type": "ΣΤΑΣΗ", "dimoskal": "ΠΑΥΛΟΣ ΜΕΛΑΣ", "lines_ejyp": "43", "stop_type_cat": "Regular Stop", "type_rank": 4, "line_count": 1, "service_level": "Local stop" }, "geometry": { "type": "Point", "coordinates": [ 22.935762, 40.691501 ] } },
{ "type": "Feature", "properties": { "code": "Α-02/029ΤΣ", "onomastasi": "Τ.Σ. ΣΤΑΥΡΟΥΠΟΛΗΣ Α", "type": "ΣΤΑΘΜΟΣ ΜΕΤΕΠΙΒΙΒΑΣΗΣ", "dimoskal": "ΠΑΥΛΟΣ ΜΕΛΑΣ", "lines_ejyp": "27,55Β,55Ε,55Κ,55Μ,55Ν,55Ρ,55Υ,55Χ", "stop_type_cat": "Transfer Station", "type_rank": 1, "line_count": 9, "service_level": "Major PT node" }, "geometry": { "type": "Point", "coordinates": [ 22.936465, 40.691654 ] } },
{ "type": "Feature", "properties": { "code": "Α-02/030", "onomastasi": "Τ.Σ. ΣΤΑΥΡΟΥΠΟΛΗΣ Β", "type": "ΣΤΑΘΜΟΣ ΜΕΤΕΠΙΒΙΒΑΣΗΣ", "dimoskal": "ΠΑΥΛΟΣ ΜΕΛΑΣ", "lines_ejyp": "83Ν,85,85Α,85Β,85Ζ,85Κ,85Ν,85Τ,85Χ,86Α,86Β,86Ε,86Κ,86Μ,86Ν,86Ρ", "stop_type_cat": "Transfer Station", "type_rank": 1, "line_count": 16, "service_level": "Major PT node" }, "geometry": { "type": "Point", "coordinates": [ 22.93648, 40.691657 ] } },
{ "type": "Feature", "properties": { "code": "Θ-04/192", "onomastasi": "ΜΙΝΕΡΒΑ", "type": "ΣΤΑΣΗ", "dimoskal": "ΠΑΥΛΟΣ ΜΕΛΑΣ", "lines_ejyp": "", "stop_type_cat": "Regular Stop", "type_rank": 4, "line_count": 0, "service_level": "Unknown service" }, "geometry": { "type": "Point", "coordinates": [ 22.941455, 40.69258 ] } },
{ "type": "Feature", "properties": { "code": "Α-01/007", "onomastasi": "ΠΑΤΡΙΑΡΧΗ ΑΘΗΝΑΓΟΡΑ", "type": "ΣΤΑΣΗ", "dimoskal": "ΩΡΑΙΟΚΑΣΤΡΟ", "lines_ejyp": "55Β,55Ε,55Κ,55Μ,55Ν,55Χ,83Ν,85,85Α,85Β,85Ζ,85Κ,85Ν,85Τ,85Χ,86Α,86Β,86Ε,86Κ,86Μ,86Ν,86Ρ", "stop_type_cat": "Regular Stop", "type_rank": 4, "line_count": 22, "service_level": "Major PT node" }, "geometry": { "type": "Point", "coordinates": [ 22.934407, 40.692837 ] } },
{ "type": "Feature", "properties": { "code": "Θ-04/206", "onomastasi": "ΚΟΜΒΟΣ ΕΞΩΤΕΡΙΚΗΣ ΠΕΡΙΦΕΡΕΙΑΚΗΣ ΟΔΟΥ 2", "type": "ΣΤΑΣΗ", "dimoskal": "ΠΑΥΛΟΣ ΜΕΛΑΣ", "lines_ejyp": "", "stop_type_cat": "Regular Stop", "type_rank": 4, "line_count": 0, "service_level": "Unknown service" }, "geometry": { "type": "Point", "coordinates": [ 22.940863, 40.694516 ] } },
{ "type": "Feature", "properties": { "code": "Α-01/016", "onomastasi": "ΣΤΡΟΦΗ 14ΩΝ ΗΡΩΩΝ", "type": "ΣΤΑΣΗ", "dimoskal": "ΠΑΥΛΟΣ ΜΕΛΑΣ", "lines_ejyp": "55Ε", "stop_type_cat": "Regular Stop", "type_rank": 4, "line_count": 1, "service_level": "Local stop" }, "geometry": { "type": "Point", "coordinates": [ 22.939321, 40.694869 ] } },
{ "type": "Feature", "properties": { "code": "Α-01/017", "onomastasi": "ΣΤΡΟΦΗ 14ΩΝ ΗΡΩΩΝ", "type": "ΣΤΑΣΗ", "dimoskal": "ΠΑΥΛΟΣ ΜΕΛΑΣ", "lines_ejyp": "27,55Ε,55Υ", "stop_type_cat": "Regular Stop", "type_rank": 4, "line_count": 3, "service_level": "Multi-line stop" }, "geometry": { "type": "Point", "coordinates": [ 22.93971, 40.69526 ] } },
{ "type": "Feature", "properties": { "code": "Α-01/023", "onomastasi": "ΑΓΙΟΥ ΠΕΤΡΟΥ", "type": "ΣΤΑΣΗ", "dimoskal": "ΠΑΥΛΟΣ ΜΕΛΑΣ", "lines_ejyp": "83Ν,85,85Α,85Β,85Ζ,85Κ,85Ν,85Τ,85Χ,86Α,86Ε,86Κ,86Μ,86Ν,86Ρ", "stop_type_cat": "Regular Stop", "type_rank": 4, "line_count": 15, "service_level": "Major PT node" }, "geometry": { "type": "Point", "coordinates": [ 22.936483, 40.695363 ] } },
{ "type": "Feature", "properties": { "code": "Α-01/024", "onomastasi": "ΑΓΙΟΥ ΠΕΤΡΟΥ", "type": "ΣΤΑΣΗ", "dimoskal": "ΠΑΥΛΟΣ ΜΕΛΑΣ", "lines_ejyp": "83Ν,85,85Β,85Ζ,85Κ,85Μ,85Ν,85Τ,86,86Τ", "stop_type_cat": "Regular Stop", "type_rank": 4, "line_count": 10, "service_level": "Major PT node" }, "geometry": { "type": "Point", "coordinates": [ 22.936471, 40.695454 ] } },
{ "type": "Feature", "properties": { "code": "Α-01/025", "onomastasi": "ΘΕΣΣΑΛΟΝΙΚΗΣ", "type": "ΣΤΑΣΗ", "dimoskal": "ΠΑΥΛΟΣ ΜΕΛΑΣ", "lines_ejyp": "83Ν,85,85Α,85Α,85Β,85Ζ,85Κ,85Ν,85Τ,85Χ,86Α,86Β,86Ε,86Κ,86Μ,86Ν,86Ρ", "stop_type_cat": "Regular Stop", "type_rank": 4, "line_count": 16, "service_level": "Major PT node" }, "geometry": { "type": "Point", "coordinates": [ 22.940035, 40.695785 ] } },
{ "type": "Feature", "properties": { "code": "Α-01/026", "onomastasi": "ΘΕΣΣΑΛΟΝΙΚΗΣ", "type": "ΣΤΑΣΗ", "dimoskal": "ΠΑΥΛΟΣ ΜΕΛΑΣ", "lines_ejyp": "83Ν,85,85Β,85Ζ,85Κ,85Μ,85Ν,85Τ,86,86Τ", "stop_type_cat": "Regular Stop", "type_rank": 4, "line_count": 10, "service_level": "Major PT node" }, "geometry": { "type": "Point", "coordinates": [ 22.940041, 40.695964 ] } },
{ "type": "Feature", "properties": { "code": "Θ-04/193", "onomastasi": "ΚΟΜΒΟΣ ΕΞΩΤΕΡΙΚΗΣ ΠΕΡΙΦΕΡΕΙΑΚΗΣ ΟΔΟΥ", "type": "ΣΤΑΣΗ", "dimoskal": "ΠΑΥΛΟΣ ΜΕΛΑΣ", "lines_ejyp": "56", "stop_type_cat": "Regular Stop", "type_rank": 4, "line_count": 1, "service_level": "Local stop" }, "geometry": { "type": "Point", "coordinates": [ 22.940689, 40.696357 ] } },
{ "type": "Feature", "properties": { "code": "Α-02/022", "onomastasi": "ΔΙΑΣΤΑΥΡΩΣΗ ΠΕΡΙΦΕΡΕΙΑΚΟΥ", "type": "ΣΤΑΣΗ", "dimoskal": "ΠΑΥΛΟΣ ΜΕΛΑΣ", "lines_ejyp": "38", "stop_type_cat": "Regular Stop", "type_rank": 4, "line_count": 1, "service_level": "Local stop" }, "geometry": { "type": "Point", "coordinates": [ 22.94793, 40.681367 ] } },
{ "type": "Feature", "properties": { "code": "Α-02/023", "onomastasi": "ΔΙΑΣΤΑΥΡΩΣΗ ΠΕΡΙΦΕΡΕΙΑΚΟΥ", "type": "ΣΤΑΣΗ", "dimoskal": "ΠΑΥΛΟΣ ΜΕΛΑΣ", "lines_ejyp": "38", "stop_type_cat": "Regular Stop", "type_rank": 4, "line_count": 1, "service_level": "Local stop" }, "geometry": { "type": "Point", "coordinates": [ 22.947989, 40.68168 ] } },
{ "type": "Feature", "properties": { "code": "Α-02/033", "onomastasi": "ΣΤΡΟΦΗ ΩΡΑΙΟΚΑΣΤΡΟΥ", "type": "ΣΤΑΣΗ", "dimoskal": "ΠΑΥΛΟΣ ΜΕΛΑΣ", "lines_ejyp": "27,55Υ,56,84Α,84Β", "stop_type_cat": "Regular Stop", "type_rank": 4, "line_count": 5, "service_level": "High-service stop" }, "geometry": { "type": "Point", "coordinates": [ 22.941763, 40.685262 ] } },
{ "type": "Feature", "properties": { "code": "Θ-04/191", "onomastasi": "FIERRA S.A.", "type": "ΣΤΑΣΗ", "dimoskal": "ΠΑΥΛΟΣ ΜΕΛΑΣ", "lines_ejyp": "27,55Υ,56,84Α,84Β", "stop_type_cat": "Regular Stop", "type_rank": 4, "line_count": 5, "service_level": "High-service stop" }, "geometry": { "type": "Point", "coordinates": [ 22.941815, 40.690397 ] } },
{ "type": "Feature", "properties": { "code": "Θ-04/105", "onomastasi": "ΚΑΠΠΟΔΙΣΤΡΙΟΥ", "type": "ΣΤΑΣΗ", "dimoskal": "ΠΑΥΛΟΣ ΜΕΛΑΣ", "lines_ejyp": "55Ε", "stop_type_cat": "Regular Stop", "type_rank": 4, "line_count": 1, "service_level": "Local stop" }, "geometry": { "type": "Point", "coordinates": [ 22.94863, 40.702873 ] } },
{ "type": "Feature", "properties": { "code": "Θ-04/101", "onomastasi": "ΚΑΠΠΟΔΙΣΤΡΙΟΥ", "type": "ΣΤΑΣΗ", "dimoskal": "ΠΑΥΛΟΣ ΜΕΛΑΣ", "lines_ejyp": "55Ε", "stop_type_cat": "Regular Stop", "type_rank": 4, "line_count": 1, "service_level": "Local stop" }, "geometry": { "type": "Point", "coordinates": [ 22.948822, 40.702939 ] } },
{ "type": "Feature", "properties": { "code": "Θ-04/102", "onomastasi": "ΑΝΤΛΙΟΣΤΑΣΙΟ", "type": "ΣΤΑΣΗ", "dimoskal": "ΠΑΥΛΟΣ ΜΕΛΑΣ", "lines_ejyp": "55Ε", "stop_type_cat": "Regular Stop", "type_rank": 4, "line_count": 1, "service_level": "Local stop" }, "geometry": { "type": "Point", "coordinates": [ 22.945504, 40.704327 ] } },
{ "type": "Feature", "properties": { "code": "Θ-04/104", "onomastasi": "ΑΝΤΛΙΟΣΤΑΣΙΟ", "type": "ΣΤΑΣΗ", "dimoskal": "ΠΑΥΛΟΣ ΜΕΛΑΣ", "lines_ejyp": "55Ε", "stop_type_cat": "Regular Stop", "type_rank": 4, "line_count": 1, "service_level": "Local stop" }, "geometry": { "type": "Point", "coordinates": [ 22.945391, 40.704346 ] } },
{ "type": "Feature", "properties": { "code": "Θ-04/103", "onomastasi": "ΦΙΛΟΘΕΗ", "type": "ΣΤΑΣΗ", "dimoskal": "ΠΑΥΛΟΣ ΜΕΛΑΣ", "lines_ejyp": "55Ε", "stop_type_cat": "Regular Stop", "type_rank": 4, "line_count": 1, "service_level": "Local stop" }, "geometry": { "type": "Point", "coordinates": [ 22.947677, 40.708148 ] } },
{ "type": "Feature", "properties": { "code": "Α-01/028", "onomastasi": "ΠΑΤΡΙΑΡΧΗ ΑΘΗΝΑΓΟΡΑ", "type": "ΣΤΑΣΗ", "dimoskal": "ΩΡΑΙΟΚΑΣΤΡΟ", "lines_ejyp": "55Ρ", "stop_type_cat": "Regular Stop", "type_rank": 4, "line_count": 1, "service_level": "Local stop" }, "geometry": { "type": "Point", "coordinates": [ 22.929878, 40.691225 ] } },
{ "type": "Feature", "properties": { "code": "Α-01/027", "onomastasi": "ΠΑΤΡΙΑΡΧΗ ΑΘΗΝΑΓΟΡΑ", "type": "ΣΤΑΣΗ", "dimoskal": "ΩΡΑΙΟΚΑΣΤΡΟ", "lines_ejyp": "55Ρ", "stop_type_cat": "Regular Stop", "type_rank": 4, "line_count": 1, "service_level": "Local stop" }, "geometry": { "type": "Point", "coordinates": [ 22.929778, 40.691425 ] } },
{ "type": "Feature", "properties": { "code": "Α-01/022", "onomastasi": "ΚΟΜΒΟΣ ΕΞΩΤΕΡΙΚΗΣ ΠΕΡΙΦΕΡΕΙΑΚΗΣ ΟΔΟΥ", "type": "ΣΤΑΣΗ", "dimoskal": "ΩΡΑΙΟΚΑΣΤΡΟ", "lines_ejyp": "27,55Χ", "stop_type_cat": "Regular Stop", "type_rank": 4, "line_count": 2, "service_level": "Multi-line stop" }, "geometry": { "type": "Point", "coordinates": [ 22.933374, 40.69431 ] } },
{ "type": "Feature", "properties": { "code": "Α-01/009", "onomastasi": "ΜΗΤΣΙΟΥ", "type": "ΣΤΑΣΗ", "dimoskal": "ΩΡΑΙΟΚΑΣΤΡΟ", "lines_ejyp": "55Β,55Κ,55Μ,55Ν,55Χ", "stop_type_cat": "Regular Stop", "type_rank": 4, "line_count": 5, "service_level": "High-service stop" }, "geometry": { "type": "Point", "coordinates": [ 22.932013, 40.696537 ] } },
{ "type": "Feature", "properties": { "code": "Α-01/010", "onomastasi": "ΜΗΤΣΙΟΥ", "type": "ΣΤΑΣΗ", "dimoskal": "ΩΡΑΙΟΚΑΣΤΡΟ", "lines_ejyp": "55Β,55Κ,55Μ,55Ν,55Χ", "stop_type_cat": "Regular Stop", "type_rank": 4, "line_count": 5, "service_level": "High-service stop" }, "geometry": { "type": "Point", "coordinates": [ 22.931869, 40.696568 ] } },
{ "type": "Feature", "properties": { "code": "Θ-04/071", "onomastasi": "ΜΕΙΜΑΡΗΣ", "type": "ΣΤΑΣΗ", "dimoskal": "ΩΡΑΙΟΚΑΣΤΡΟ", "lines_ejyp": "55Β,55Κ,55Μ,55Ν,55Χ", "stop_type_cat": "Regular Stop", "type_rank": 4, "line_count": 5, "service_level": "High-service stop" }, "geometry": { "type": "Point", "coordinates": [ 22.930627, 40.700308 ] } },
{ "type": "Feature", "properties": { "code": "Θ-04/032", "onomastasi": "ΜΕΪΜΑΡΗΣ", "type": "ΣΤΑΣΗ", "dimoskal": "ΠΑΥΛΟΣ ΜΕΛΑΣ", "lines_ejyp": "55Β,55Κ,55Μ,55Ν,55Χ", "stop_type_cat": "Regular Stop", "type_rank": 4, "line_count": 5, "service_level": "High-service stop" }, "geometry": { "type": "Point", "coordinates": [ 22.930738, 40.700328 ] } },
{ "type": "Feature", "properties": { "code": "Θ-04/033", "onomastasi": "ΠΟΥΜΠΟΥΡΙΔΗ", "type": "ΣΤΑΣΗ", "dimoskal": "ΠΑΥΛΟΣ ΜΕΛΑΣ", "lines_ejyp": "", "stop_type_cat": "Regular Stop", "type_rank": 4, "line_count": 0, "service_level": "Unknown service" }, "geometry": { "type": "Point", "coordinates": [ 22.931024, 40.702071 ] } },
{ "type": "Feature", "properties": { "code": "Θ-04/070", "onomastasi": "ΣΑΒΒΙΔΗΣ", "type": "ΣΤΑΣΗ", "dimoskal": "ΩΡΑΙΟΚΑΣΤΡΟ", "lines_ejyp": "55Β,55Κ,55Μ,55Ν,55Χ", "stop_type_cat": "Regular Stop", "type_rank": 4, "line_count": 5, "service_level": "High-service stop" }, "geometry": { "type": "Point", "coordinates": [ 22.927207, 40.702087 ] } },
{ "type": "Feature", "properties": { "code": "Θ-04/194", "onomastasi": "ΚΟΜΒΟΣ ΕΞΩΤΕΡΙΚΗΣ ΠΕΡΙΦΕΡΕΙΑΚΗΣ ΟΔΟΥ", "type": "ΣΤΑΣΗ", "dimoskal": "ΠΑΥΛΟΣ ΜΕΛΑΣ", "lines_ejyp": "56", "stop_type_cat": "Regular Stop", "type_rank": 4, "line_count": 1, "service_level": "Local stop" }, "geometry": { "type": "Point", "coordinates": [ 22.94029, 40.696817 ] } },
{ "type": "Feature", "properties": { "code": "Α-01/003", "onomastasi": "ΣΤΡΟΦΗ ΔΙΑΒΑΤΩΝ", "type": "ΣΤΑΣΗ", "dimoskal": "ΠΑΥΛΟΣ ΜΕΛΑΣ", "lines_ejyp": "56", "stop_type_cat": "Regular Stop", "type_rank": 4, "line_count": 1, "service_level": "Local stop" }, "geometry": { "type": "Point", "coordinates": [ 22.939803, 40.699113 ] } },
{ "type": "Feature", "properties": { "code": "Α-01/004", "onomastasi": "ΣΤΡΟΦΗ ΔΙΑΒΑΤΩΝ", "type": "ΣΤΑΣΗ", "dimoskal": "ΠΑΥΛΟΣ ΜΕΛΑΣ", "lines_ejyp": "56", "stop_type_cat": "Regular Stop", "type_rank": 4, "line_count": 1, "service_level": "Local stop" }, "geometry": { "type": "Point", "coordinates": [ 22.939804, 40.700036 ] } },
{ "type": "Feature", "properties": { "code": "Α-01/011", "onomastasi": "ΠΛΕΚΤΗΡΙΟ", "type": "ΣΤΑΣΗ", "dimoskal": "ΠΑΥΛΟΣ ΜΕΛΑΣ", "lines_ejyp": "", "stop_type_cat": "Regular Stop", "type_rank": 4, "line_count": 0, "service_level": "Unknown service" }, "geometry": { "type": "Point", "coordinates": [ 22.936628, 40.70108 ] } },
{ "type": "Feature", "properties": { "code": "Α-01/021", "onomastasi": "ΠΛΕΚΤΗΡΙΟ", "type": "ΣΤΑΣΗ", "dimoskal": "ΠΑΥΛΟΣ ΜΕΛΑΣ", "lines_ejyp": "", "stop_type_cat": "Regular Stop", "type_rank": 4, "line_count": 0, "service_level": "Unknown service" }, "geometry": { "type": "Point", "coordinates": [ 22.936623, 40.701156 ] } },
{ "type": "Feature", "properties": { "code": "Θ-04/205", "onomastasi": "LIDL", "type": "ΣΤΑΣΗ", "dimoskal": "ΩΡΑΙΟΚΑΣΤΡΟ", "lines_ejyp": "56", "stop_type_cat": "Regular Stop", "type_rank": 4, "line_count": 1, "service_level": "Local stop" }, "geometry": { "type": "Point", "coordinates": [ 22.939, 40.70211 ] } },
{ "type": "Feature", "properties": { "code": "Θ-04/034", "onomastasi": "LIDL", "type": "ΣΤΑΣΗ", "dimoskal": "ΠΑΥΛΟΣ ΜΕΛΑΣ", "lines_ejyp": "56", "stop_type_cat": "Regular Stop", "type_rank": 4, "line_count": 1, "service_level": "Local stop" }, "geometry": { "type": "Point", "coordinates": [ 22.939167, 40.702312 ] } },
{ "type": "Feature", "properties": { "code": "Θ-04/035", "onomastasi": "ΑΛΙΜΠΑΚΗ", "type": "ΣΤΑΣΗ", "dimoskal": "ΩΡΑΙΟΚΑΣΤΡΟ", "lines_ejyp": "56", "stop_type_cat": "Regular Stop", "type_rank": 4, "line_count": 1, "service_level": "Local stop" }, "geometry": { "type": "Point", "coordinates": [ 22.93775, 40.704821 ] } },
{ "type": "Feature", "properties": { "code": "Θ-04/204", "onomastasi": "ΑΛΙΜΠΑΚΗ", "type": "ΣΤΑΣΗ", "dimoskal": "ΩΡΑΙΟΚΑΣΤΡΟ", "lines_ejyp": "56", "stop_type_cat": "Regular Stop", "type_rank": 4, "line_count": 1, "service_level": "Local stop" }, "geometry": { "type": "Point", "coordinates": [ 22.93746, 40.704848 ] } },
{ "type": "Feature", "properties": { "code": "Γ-01/014", "onomastasi": "ΚΗΠΟΣ", "type": "ΣΤΑΣΗ", "dimoskal": "ΚΟΡΔΕΛΙΟ ΕΥΟΣΜΟΣ", "lines_ejyp": "42,42Α,42Β", "stop_type_cat": "Regular Stop", "type_rank": 4, "line_count": 3, "service_level": "Multi-line stop" }, "geometry": { "type": "Point", "coordinates": [ 22.902598, 40.681817 ] } },
{ "type": "Feature", "properties": { "code": "Β-01/002", "onomastasi": "ΑΝΑΓΕΝΝΗΣΕΩΣ", "type": "ΣΤΑΣΗ", "dimoskal": "ΚΟΡΔΕΛΙΟ ΕΥΟΣΜΟΣ", "lines_ejyp": "43", "stop_type_cat": "Regular Stop", "type_rank": 4, "line_count": 1, "service_level": "Local stop" }, "geometry": { "type": "Point", "coordinates": [ 22.906646, 40.68372 ] } },
{ "type": "Feature", "properties": { "code": "Β-01/012ΤΣ", "onomastasi": "Τ.Σ. ΚΟΙΜΗΤΗΡΙΑ", "type": "ΤΕΡΜΑΤΙΚΟΣ ΣΤΑΘΜΟΣ ( ΑΦΕΤΗΡΙΑ - ΤΕΡΜΑ )", "dimoskal": "ΚΟΡΔΕΛΙΟ ΕΥΟΣΜΟΣ", "lines_ejyp": "42,42Α,42Β", "stop_type_cat": "Terminal Stop", "type_rank": 2, "line_count": 3, "service_level": "Multi-line stop" }, "geometry": { "type": "Point", "coordinates": [ 22.902395, 40.689443 ] } },
{ "type": "Feature", "properties": { "code": "Β-01/012", "onomastasi": "ΚΟΙΜΗΤΗΡΙΑ", "type": "ΣΤΑΣΗ", "dimoskal": "ΚΟΡΔΕΛΙΟ ΕΥΟΣΜΟΣ", "lines_ejyp": "42,42Α,42Β", "stop_type_cat": "Regular Stop", "type_rank": 4, "line_count": 3, "service_level": "Multi-line stop" }, "geometry": { "type": "Point", "coordinates": [ 22.902518, 40.689457 ] } },
{ "type": "Feature", "properties": { "code": "Β-01/013", "onomastasi": "ΑΓΙΩΝ ΑΡΧΑΓΓΕΛΩΝ ΓΑΒΡΙΗΛ ΚΑΙ ΜΙΧΑΗΛ", "type": "ΣΤΑΣΗ", "dimoskal": "ΚΟΡΔΕΛΙΟ ΕΥΟΣΜΟΣ", "lines_ejyp": "42,42Α,42Β", "stop_type_cat": "Regular Stop", "type_rank": 4, "line_count": 3, "service_level": "Multi-line stop" }, "geometry": { "type": "Point", "coordinates": [ 22.901553, 40.690687 ] } },
{ "type": "Feature", "properties": { "code": "Θ-04/091", "onomastasi": "ΣΙΔΑΝ", "type": "ΣΤΑΣΗ", "dimoskal": "ΔΕΛΤΑ", "lines_ejyp": "55Β,55Κ,55Μ,55Ν,55Χ", "stop_type_cat": "Regular Stop", "type_rank": 4, "line_count": 5, "service_level": "High-service stop" }, "geometry": { "type": "Point", "coordinates": [ 22.877537, 40.701827 ] } },
{ "type": "Feature", "properties": { "code": "Θ-04/096", "onomastasi": "ΔΙΑΚΑΚΗΣ", "type": "ΣΤΑΣΗ", "dimoskal": "ΩΡΑΙΟΚΑΣΤΡΟ", "lines_ejyp": "55Β,55Κ,55Μ,55Ν,55Χ", "stop_type_cat": "Regular Stop", "type_rank": 4, "line_count": 5, "service_level": "High-service stop" }, "geometry": { "type": "Point", "coordinates": [ 22.906037, 40.702379 ] } },
{ "type": "Feature", "properties": { "code": "Θ-04/077", "onomastasi": "ΜΑΓΝΗΣΑΛΗΣ", "type": "ΣΤΑΣΗ", "dimoskal": "ΩΡΑΙΟΚΑΣΤΡΟ", "lines_ejyp": "55Β,55Κ,55Μ,55Ν,55Χ", "stop_type_cat": "Regular Stop", "type_rank": 4, "line_count": 5, "service_level": "High-service stop" }, "geometry": { "type": "Point", "coordinates": [ 22.905063, 40.702671 ] } },
{ "type": "Feature", "properties": { "code": "Θ-04/094", "onomastasi": "ΚΛΕΟΠΑΤΡΑΣ", "type": "ΣΤΑΣΗ", "dimoskal": "ΩΡΑΙΟΚΑΣΤΡΟ", "lines_ejyp": "55Β,55Μ,55Ν,55Χ", "stop_type_cat": "Regular Stop", "type_rank": 4, "line_count": 4, "service_level": "High-service stop" }, "geometry": { "type": "Point", "coordinates": [ 22.891426, 40.702684 ] } },
{ "type": "Feature", "properties": { "code": "Θ-04/092", "onomastasi": "ΔΙΑΣΤΑΥΡΩΣΗ ΙΩΝΙΑΣ", "type": "ΣΤΑΣΗ", "dimoskal": "ΩΡΑΙΟΚΑΣΤΡΟ", "lines_ejyp": "55Β,55Κ,55Μ,55Ν,55Χ", "stop_type_cat": "Regular Stop", "type_rank": 4, "line_count": 5, "service_level": "High-service stop" }, "geometry": { "type": "Point", "coordinates": [ 22.881407, 40.702606 ] } },
{ "type": "Feature", "properties": { "code": "Θ-04/143", "onomastasi": "ΑΡΙΓΚΑΤΟ", "type": "ΣΤΑΣΗ", "dimoskal": "ΔΕΛΤΑ", "lines_ejyp": "55X,82A,82B,82K,82N", "stop_type_cat": "Regular Stop", "type_rank": 4, "line_count": 5, "service_level": "High-service stop" }, "geometry": { "type": "Point", "coordinates": [ 22.859214, 40.690993 ] } },
{ "type": "Feature", "properties": { "code": "Θ-03/022", "onomastasi": "ΥΛΙΚΑ ΟΙΚΟΔΟΜΩΝ", "type": "ΣΤΑΣΗ", "dimoskal": "ΔΕΛΤΑ", "lines_ejyp": "51,51Β,80Ζ", "stop_type_cat": "Regular Stop", "type_rank": 4, "line_count": 3, "service_level": "Multi-line stop" }, "geometry": { "type": "Point", "coordinates": [ 22.846458, 40.69088 ] } },
{ "type": "Feature", "properties": { "code": "Θ-04/021", "onomastasi": "ΕΚΚΛΗΣΑΚΙ", "type": "ΣΤΑΣΗ", "dimoskal": "ΔΕΛΤΑ", "lines_ejyp": "54,54A", "stop_type_cat": "Regular Stop", "type_rank": 4, "line_count": 2, "service_level": "Multi-line stop" }, "geometry": { "type": "Point", "coordinates": [ 22.858294, 40.691028 ] } },
{ "type": "Feature", "properties": { "code": "Θ-04/128", "onomastasi": "ΑΡΙΓΚΑΤΟ", "type": "ΣΤΑΣΗ", "dimoskal": "ΔΕΛΤΑ", "lines_ejyp": "55B,55K,55M,55N,55X,82A,82B,82E,82M", "stop_type_cat": "Regular Stop", "type_rank": 4, "line_count": 9, "service_level": "Major PT node" }, "geometry": { "type": "Point", "coordinates": [ 22.859339, 40.691067 ] } },
{ "type": "Feature", "properties": { "code": "Θ-03/192", "onomastasi": "ΠΡΑΤΗΡΙΟ ΚΑΥΣΙΜΩΝ", "type": "ΣΤΑΣΗ", "dimoskal": "ΔΕΛΤΑ", "lines_ejyp": "54,54Α", "stop_type_cat": "Regular Stop", "type_rank": 4, "line_count": 2, "service_level": "Multi-line stop" }, "geometry": { "type": "Point", "coordinates": [ 22.841084, 40.690918 ] } },
{ "type": "Feature", "properties": { "code": "Θ-03/077", "onomastasi": "ΜΕΓΑΛΟΥ ΑΛΕΞΑΝΔΡΟΥ", "type": "ΣΤΑΣΗ", "dimoskal": "ΔΕΛΤΑ", "lines_ejyp": "54,54Α", "stop_type_cat": "Regular Stop", "type_rank": 4, "line_count": 2, "service_level": "Multi-line stop" }, "geometry": { "type": "Point", "coordinates": [ 22.841229, 40.690955 ] } },
{ "type": "Feature", "properties": { "code": "Θ-03/019", "onomastasi": "ΟΡΦΑΝΙΔΗΣ", "type": "ΣΤΑΣΗ", "dimoskal": "ΔΕΛΤΑ", "lines_ejyp": "51,80Ε", "stop_type_cat": "Regular Stop", "type_rank": 4, "line_count": 2, "service_level": "Multi-line stop" }, "geometry": { "type": "Point", "coordinates": [ 22.844517, 40.691754 ] } },
{ "type": "Feature", "properties": { "code": "Θ-03/023", "onomastasi": "ΟΡΦΑΝΙΔΗΣ", "type": "ΣΤΑΣΗ", "dimoskal": "ΔΕΛΤΑ", "lines_ejyp": "51,51Β,80Ζ", "stop_type_cat": "Regular Stop", "type_rank": 4, "line_count": 3, "service_level": "Multi-line stop" }, "geometry": { "type": "Point", "coordinates": [ 22.844453, 40.691931 ] } },
{ "type": "Feature", "properties": { "code": "Θ-04/142", "onomastasi": "ΕΡΓΑΤΙΚΕΣ ΔΙΑΒΑΤΩΝ", "type": "ΣΤΑΣΗ", "dimoskal": "ΩΡΑΙΟΚΑΣΤΡΟ", "lines_ejyp": "55Β,55Κ,55Μ,55Ν,55Χ,82Α,82Β,82Κ,82Ν", "stop_type_cat": "Regular Stop", "type_rank": 4, "line_count": 9, "service_level": "Major PT node" }, "geometry": { "type": "Point", "coordinates": [ 22.857601, 40.693106 ] } },
{ "type": "Feature", "properties": { "code": "Θ-04/129", "onomastasi": "ΕΡΓΑΤΙΚΕΣ ΔΙΑΒΑΤΩΝ", "type": "ΣΤΑΣΗ", "dimoskal": "ΩΡΑΙΟΚΑΣΤΡΟ", "lines_ejyp": "55Β,55Κ,55Μ,55Ν,55Χ,82Α,82Β,82Ε,82Μ", "stop_type_cat": "Regular Stop", "type_rank": 4, "line_count": 9, "service_level": "Major PT node" }, "geometry": { "type": "Point", "coordinates": [ 22.857835, 40.693184 ] } },
{ "type": "Feature", "properties": { "code": "Θ-03/080", "onomastasi": "ΔΙΟΝYΣΙΟΥ ΣΟΛΩΜΟΥ", "type": "ΣΤΑΣΗ", "dimoskal": "ΔΕΛΤΑ", "lines_ejyp": "54,54A", "stop_type_cat": "Regular Stop", "type_rank": 4, "line_count": 2, "service_level": "Multi-line stop" }, "geometry": { "type": "Point", "coordinates": [ 22.836871, 40.693104 ] } },
{ "type": "Feature", "properties": { "code": "Θ-03/079", "onomastasi": "ΜΗΧΑΝΟΥΡΓΕΙΟ", "type": "ΣΤΑΣΗ", "dimoskal": "ΔΕΛΤΑ", "lines_ejyp": "54,54Α", "stop_type_cat": "Regular Stop", "type_rank": 4, "line_count": 2, "service_level": "Multi-line stop" }, "geometry": { "type": "Point", "coordinates": [ 22.834227, 40.693367 ] } },
{ "type": "Feature", "properties": { "code": "Θ-03/018", "onomastasi": "ΚΑΒΑΛΙΕΡΟΥ", "type": "ΣΤΑΣΗ", "dimoskal": "ΔΕΛΤΑ", "lines_ejyp": "50,81E", "stop_type_cat": "Regular Stop", "type_rank": 4, "line_count": 2, "service_level": "Multi-line stop" }, "geometry": { "type": "Point", "coordinates": [ 22.841685, 40.693587 ] } },
{ "type": "Feature", "properties": { "code": "Θ-03/024", "onomastasi": "ΚΑΒΑΛΙΕΡΟΥ", "type": "ΣΤΑΣΗ", "dimoskal": "ΔΕΛΤΑ", "lines_ejyp": "51,51B,54,54A,80Z", "stop_type_cat": "Regular Stop", "type_rank": 4, "line_count": 5, "service_level": "High-service stop" }, "geometry": { "type": "Point", "coordinates": [ 22.841841, 40.693648 ] } },
{ "type": "Feature", "properties": { "code": "Θ-03/081", "onomastasi": "ΙΑΤΡΟΥ ΜΗΝΑ ΠΑΠΑΔΟΠΟΥΛΟΥ", "type": "ΣΤΑΣΗ", "dimoskal": "ΔΕΛΤΑ", "lines_ejyp": "54,54A", "stop_type_cat": "Regular Stop", "type_rank": 4, "line_count": 2, "service_level": "Multi-line stop" }, "geometry": { "type": "Point", "coordinates": [ 22.839777, 40.693793 ] } },
{ "type": "Feature", "properties": { "code": "Θ-03/025", "onomastasi": "ΟΡΙΑ ΓΑΛΛΙΚΟΥ", "type": "ΣΤΑΣΗ", "dimoskal": "ΔΕΛΤΑ", "lines_ejyp": "51,51Β,54,54Α,80Ζ", "stop_type_cat": "Regular Stop", "type_rank": 4, "line_count": 5, "service_level": "High-service stop" }, "geometry": { "type": "Point", "coordinates": [ 22.839219, 40.69494 ] } },
{ "type": "Feature", "properties": { "code": "Θ-03/017", "onomastasi": "ΒΕΝΖΙΝΑΔΙΚΟ", "type": "ΣΤΑΣΗ", "dimoskal": "ΔΕΛΤΑ", "lines_ejyp": "51,51B,54,54A,80E,80Z", "stop_type_cat": "Regular Stop", "type_rank": 4, "line_count": 6, "service_level": "High-service stop" }, "geometry": { "type": "Point", "coordinates": [ 22.837207, 40.695734 ] } },
{ "type": "Feature", "properties": { "code": "Θ-03/026", "onomastasi": "ΒΕΝΖΙΝΑΔΙΚΟ", "type": "ΣΤΑΣΗ", "dimoskal": "ΔΕΛΤΑ", "lines_ejyp": "51,51B,54,54A,80E,80Z", "stop_type_cat": "Regular Stop", "type_rank": 4, "line_count": 6, "service_level": "High-service stop" }, "geometry": { "type": "Point", "coordinates": [ 22.837265, 40.695812 ] } },
{ "type": "Feature", "properties": { "code": "Θ-03/078", "onomastasi": "ΛΑΧΑΝΟΚΗΠΟΙ", "type": "ΣΤΑΣΗ", "dimoskal": "ΔΕΛΤΑ", "lines_ejyp": "54,54Α", "stop_type_cat": "Regular Stop", "type_rank": 4, "line_count": 2, "service_level": "Multi-line stop" }, "geometry": { "type": "Point", "coordinates": [ 22.831214, 40.69687 ] } },
{ "type": "Feature", "properties": { "code": "Θ-03/016", "onomastasi": "ΜΠΙΣΚΟΤΑ ΠΑΠΑΔΟΠΟΥΛΟΥ", "type": "ΣΤΑΣΗ", "dimoskal": "ΔΕΛΤΑ", "lines_ejyp": "51,51Β,54,54Α,80Ζ", "stop_type_cat": "Regular Stop", "type_rank": 4, "line_count": 5, "service_level": "High-service stop" }, "geometry": { "type": "Point", "coordinates": [ 22.834249, 40.696934 ] } },
{ "type": "Feature", "properties": { "code": "Θ-03/027", "onomastasi": "ΜΠΙΣΚΟΤΑ ΠΑΠΑΔΟΠΟΥΛΟΥ", "type": "ΣΤΑΣΗ", "dimoskal": "ΔΕΛΤΑ", "lines_ejyp": "51,80Ε", "stop_type_cat": "Regular Stop", "type_rank": 4, "line_count": 2, "service_level": "Multi-line stop" }, "geometry": { "type": "Point", "coordinates": [ 22.834227, 40.697091 ] } },
{ "type": "Feature", "properties": { "code": "Θ-04/212", "onomastasi": "ΚΟΙΜΗΤΗΡΙΑ ΔΙΑΒΑΤΩΝ", "type": "ΣΤΑΣΗ", "dimoskal": "ΔΕΛΤΑ", "lines_ejyp": "55Μ,55Ν", "stop_type_cat": "Regular Stop", "type_rank": 4, "line_count": 2, "service_level": "Multi-line stop" }, "geometry": { "type": "Point", "coordinates": [ 22.871075, 40.697995 ] } },
{ "type": "Feature", "properties": { "code": "Θ-03/015", "onomastasi": "ΓΑΛΛΙΚΟΣ", "type": "ΣΤΑΣΗ", "dimoskal": "ΔΕΛΤΑ", "lines_ejyp": "51,80E", "stop_type_cat": "Regular Stop", "type_rank": 4, "line_count": 2, "service_level": "Multi-line stop" }, "geometry": { "type": "Point", "coordinates": [ 22.831491, 40.698057 ] } },
{ "type": "Feature", "properties": { "code": "Θ-03/028", "onomastasi": "ΓΑΛΛΙΚΟΣ", "type": "ΣΤΑΣΗ", "dimoskal": "ΔΕΛΤΑ", "lines_ejyp": "51,51B,54,54A,80Z", "stop_type_cat": "Regular Stop", "type_rank": 4, "line_count": 5, "service_level": "High-service stop" }, "geometry": { "type": "Point", "coordinates": [ 22.831399, 40.698249 ] } },
{ "type": "Feature", "properties": { "code": "Θ-04/087", "onomastasi": "ΠΡΟΟΔΟΣ", "type": "ΣΤΑΣΗ", "dimoskal": "ΩΡΑΙΟΚΑΣΤΡΟ", "lines_ejyp": "55Β,55Κ,55Μ,55Ν,55Χ", "stop_type_cat": "Regular Stop", "type_rank": 4, "line_count": 5, "service_level": "High-service stop" }, "geometry": { "type": "Point", "coordinates": [ 22.856127, 40.69908 ] } },
{ "type": "Feature", "properties": { "code": "Θ-04/086", "onomastasi": "ΠΡΟΟΔΟΣ", "type": "ΣΤΑΣΗ", "dimoskal": "ΩΡΑΙΟΚΑΣΤΡΟ", "lines_ejyp": "55Β,55Κ,55Μ,55Ν,55Χ", "stop_type_cat": "Regular Stop", "type_rank": 4, "line_count": 5, "service_level": "High-service stop" }, "geometry": { "type": "Point", "coordinates": [ 22.855861, 40.699204 ] } },
{ "type": "Feature", "properties": { "code": "Θ-04/130", "onomastasi": "ΠΑΛΑΙΑ ΣΥΜΜΑΧΙΚΗ", "type": "ΣΤΑΣΗ", "dimoskal": "ΩΡΑΙΟΚΑΣΤΡΟ", "lines_ejyp": "82Α,82Β,82Ε,82Μ", "stop_type_cat": "Regular Stop", "type_rank": 4, "line_count": 4, "service_level": "High-service stop" }, "geometry": { "type": "Point", "coordinates": [ 22.854435, 40.69948 ] } },
{ "type": "Feature", "properties": { "code": "Θ-04/141", "onomastasi": "ΠΑΛΑΙΑ ΣΥΜΜΑΧΙΚΗ", "type": "ΣΤΑΣΗ", "dimoskal": "ΩΡΑΙΟΚΑΣΤΡΟ", "lines_ejyp": "82Α,82Β,82Κ,82Ν", "stop_type_cat": "Regular Stop", "type_rank": 4, "line_count": 4, "service_level": "High-service stop" }, "geometry": { "type": "Point", "coordinates": [ 22.854215, 40.699544 ] } },
{ "type": "Feature", "properties": { "code": "Θ-04/088", "onomastasi": "ΣΟΓΙΑ ΕΛΛΑΣ", "type": "ΣΤΑΣΗ", "dimoskal": "ΩΡΑΙΟΚΑΣΤΡΟ", "lines_ejyp": "55Β,55Κ,55Μ,55Ν,55Χ", "stop_type_cat": "Regular Stop", "type_rank": 4, "line_count": 5, "service_level": "High-service stop" }, "geometry": { "type": "Point", "coordinates": [ 22.860815, 40.700152 ] } },
{ "type": "Feature", "properties": { "code": "Θ-04/085", "onomastasi": "ΣΟΓΙΑ ΕΛΛΑΣ", "type": "ΣΤΑΣΗ", "dimoskal": "ΩΡΑΙΟΚΑΣΤΡΟ", "lines_ejyp": "55Β,55Κ,55Μ,55Ν,55Χ", "stop_type_cat": "Regular Stop", "type_rank": 4, "line_count": 5, "service_level": "High-service stop" }, "geometry": { "type": "Point", "coordinates": [ 22.860673, 40.700295 ] } },
{ "type": "Feature", "properties": { "code": "Θ-04/089", "onomastasi": "LASTEF", "type": "ΣΤΑΣΗ", "dimoskal": "ΔΕΛΤΑ", "lines_ejyp": "55Β,55Κ,55Μ,55Ν,55Χ", "stop_type_cat": "Regular Stop", "type_rank": 4, "line_count": 5, "service_level": "High-service stop" }, "geometry": { "type": "Point", "coordinates": [ 22.865465, 40.700912 ] } },
{ "type": "Feature", "properties": { "code": "Θ-04/090", "onomastasi": "ΧΩΜΑΤΟΥΡΓΙΚΑ", "type": "ΣΤΑΣΗ", "dimoskal": "ΔΕΛΤΑ", "lines_ejyp": "55B,55K,55M,55N,55X", "stop_type_cat": "Regular Stop", "type_rank": 4, "line_count": 5, "service_level": "High-service stop" }, "geometry": { "type": "Point", "coordinates": [ 22.872965, 40.701067 ] } },
{ "type": "Feature", "properties": { "code": "Θ-04/084", "onomastasi": "ΚΡΗΜΝΙΑΝΙΩΤΗΣ", "type": "ΣΤΑΣΗ", "dimoskal": "ΔΕΛΤΑ", "lines_ejyp": "55Β,55Κ,55Μ,55Ν,55Χ", "stop_type_cat": "Regular Stop", "type_rank": 4, "line_count": 5, "service_level": "High-service stop" }, "geometry": { "type": "Point", "coordinates": [ 22.865874, 40.70108 ] } },
{ "type": "Feature", "properties": { "code": "Θ-04/225", "onomastasi": "ΚΕΝΤΡΟ ΠΡΟΣΦΥΓΩΝ", "type": "ΣΤΑΣΗ", "dimoskal": "ΔΕΛΤΑ", "lines_ejyp": "55Β,55Κ,55Μ,55Ν,55Χ", "stop_type_cat": "Regular Stop", "type_rank": 4, "line_count": 5, "service_level": "High-service stop" }, "geometry": { "type": "Point", "coordinates": [ 22.862832, 40.701071 ] } },
{ "type": "Feature", "properties": { "code": "Θ-04/083", "onomastasi": "ΕΜΠΟΡΙΑ ΤΡΟΦΙΜΩΝ", "type": "ΣΤΑΣΗ", "dimoskal": "ΔΕΛΤΑ", "lines_ejyp": "55B,55K,55M,55N,55X", "stop_type_cat": "Regular Stop", "type_rank": 4, "line_count": 5, "service_level": "High-service stop" }, "geometry": { "type": "Point", "coordinates": [ 22.872627, 40.701184 ] } },
{ "type": "Feature", "properties": { "code": "Θ-04/082", "onomastasi": "ΣΙΔΑΝ", "type": "ΣΤΑΣΗ", "dimoskal": "ΔΕΛΤΑ", "lines_ejyp": "55Β,55Κ,55Μ,55Ν,55Χ", "stop_type_cat": "Regular Stop", "type_rank": 4, "line_count": 5, "service_level": "High-service stop" }, "geometry": { "type": "Point", "coordinates": [ 22.876894, 40.701814 ] } },
{ "type": "Feature", "properties": { "code": "Θ-04/140", "onomastasi": "ΔΙΑΣΤΑΥΡΩΣΗ ΝΕΟΧΩΡΟΥΔΑΣ", "type": "ΣΤΑΣΗ", "dimoskal": "ΩΡΑΙΟΚΑΣΤΡΟ", "lines_ejyp": "82Β", "stop_type_cat": "Regular Stop", "type_rank": 4, "line_count": 1, "service_level": "Local stop" }, "geometry": { "type": "Point", "coordinates": [ 22.852751, 40.702382 ] } },
{ "type": "Feature", "properties": { "code": "Θ-04/131", "onomastasi": "ΔΙΑΣΤΑΥΡΩΣΗ ΝΕΟΧΩΡΟΥΔΑΣ", "type": "ΣΤΑΣΗ", "dimoskal": "ΩΡΑΙΟΚΑΣΤΡΟ", "lines_ejyp": "82Α,82Ε,82Μ", "stop_type_cat": "Regular Stop", "type_rank": 4, "line_count": 3, "service_level": "Multi-line stop" }, "geometry": { "type": "Point", "coordinates": [ 22.853843, 40.703299 ] } },
{ "type": "Feature", "properties": { "code": "Θ-04/155", "onomastasi": "ΔΙΑΣΤΑΥΡΩΣΗ ΝΕΩΧΩΡΟΥΔΑΣ", "type": "ΣΤΑΣΗ", "dimoskal": "ΩΡΑΙΟΚΑΣΤΡΟ", "lines_ejyp": "82Β,82Κ,82Ν", "stop_type_cat": "Regular Stop", "type_rank": 4, "line_count": 3, "service_level": "Multi-line stop" }, "geometry": { "type": "Point", "coordinates": [ 22.853799, 40.703431 ] } },
{ "type": "Feature", "properties": { "code": "Θ-04/095", "onomastasi": "ΤΑΧΤΣΙΔΗΣ", "type": "ΣΤΑΣΗ", "dimoskal": "ΩΡΑΙΟΚΑΣΤΡΟ", "lines_ejyp": "55Β,55Κ,55Μ,55Ν,55Χ", "stop_type_cat": "Regular Stop", "type_rank": 4, "line_count": 5, "service_level": "High-service stop" }, "geometry": { "type": "Point", "coordinates": [ 22.902388, 40.702821 ] } },
{ "type": "Feature", "properties": { "code": "Θ-04/093", "onomastasi": "ΣΙΔΜΑ", "type": "ΣΤΑΣΗ", "dimoskal": "ΩΡΑΙΟΚΑΣΤΡΟ", "lines_ejyp": "55Β,55Μ,55Ν,55Χ", "stop_type_cat": "Regular Stop", "type_rank": 4, "line_count": 4, "service_level": "High-service stop" }, "geometry": { "type": "Point", "coordinates": [ 22.887219, 40.702762 ] } },
{ "type": "Feature", "properties": { "code": "Θ-04/081", "onomastasi": "ΔΙΑΣΤΑΥΡΩΣΗ ΙΩΝΙΑΣ", "type": "ΣΤΑΣΗ", "dimoskal": "ΩΡΑΙΟΚΑΣΤΡΟ", "lines_ejyp": "55Β,55Κ,55Μ,55Ν,55Χ", "stop_type_cat": "Regular Stop", "type_rank": 4, "line_count": 5, "service_level": "High-service stop" }, "geometry": { "type": "Point", "coordinates": [ 22.88079, 40.702743 ] } },
{ "type": "Feature", "properties": { "code": "Θ-04/210", "onomastasi": "ΕΡΓΟΣΤΑΣΙΟ ΥΠΟΔΗΜΑΤΩΝ", "type": "ΣΤΑΣΗ", "dimoskal": "ΩΡΑΙΟΚΑΣΤΡΟ", "lines_ejyp": "55Β,55Κ,55Μ,55Ν,55Χ", "stop_type_cat": "Regular Stop", "type_rank": 4, "line_count": 5, "service_level": "High-service stop" }, "geometry": { "type": "Point", "coordinates": [ 22.89786, 40.702958 ] } },
{ "type": "Feature", "properties": { "code": "Θ-04/078", "onomastasi": "ΤΑΧΤΣΙΔΗΣ", "type": "ΣΤΑΣΗ", "dimoskal": "ΩΡΑΙΟΚΑΣΤΡΟ", "lines_ejyp": "55Β,55Κ,55Μ,55Ν,55Χ", "stop_type_cat": "Regular Stop", "type_rank": 4, "line_count": 5, "service_level": "High-service stop" }, "geometry": { "type": "Point", "coordinates": [ 22.902096, 40.703035 ] } },
{ "type": "Feature", "properties": { "code": "Θ-04/080", "onomastasi": "ΣΙΔΜΑ", "type": "ΣΤΑΣΗ", "dimoskal": "ΩΡΑΙΟΚΑΣΤΡΟ", "lines_ejyp": "55Β,55Μ,55Ν,55Χ", "stop_type_cat": "Regular Stop", "type_rank": 4, "line_count": 4, "service_level": "High-service stop" }, "geometry": { "type": "Point", "coordinates": [ 22.886861, 40.702892 ] } },
{ "type": "Feature", "properties": { "code": "Θ-04/079", "onomastasi": "ΓΚΙΟΛΑΣ", "type": "ΣΤΑΣΗ", "dimoskal": "ΩΡΑΙΟΚΑΣΤΡΟ", "lines_ejyp": "55Β,55Κ,55Μ,55Ν,55Χ", "stop_type_cat": "Regular Stop", "type_rank": 4, "line_count": 5, "service_level": "High-service stop" }, "geometry": { "type": "Point", "coordinates": [ 22.892991, 40.703054 ] } },
{ "type": "Feature", "properties": { "code": "Θ-04/209", "onomastasi": "ΕΡΓΟΣΤΑΣΙΟ ΥΠΟΔΗΜΑΤΩΝ", "type": "ΣΤΑΣΗ", "dimoskal": "ΩΡΑΙΟΚΑΣΤΡΟ", "lines_ejyp": "55Β,55Κ,55Μ,55Ν,55Χ", "stop_type_cat": "Regular Stop", "type_rank": 4, "line_count": 5, "service_level": "High-service stop" }, "geometry": { "type": "Point", "coordinates": [ 22.89784, 40.703135 ] } },
{ "type": "Feature", "properties": { "code": "Θ-04/190", "onomastasi": "ΓΚΙΟΛΑΣ", "type": "ΣΤΑΣΗ", "dimoskal": "ΩΡΑΙΟΚΑΣΤΡΟ", "lines_ejyp": "55Κ", "stop_type_cat": "Regular Stop", "type_rank": 4, "line_count": 1, "service_level": "Local stop" }, "geometry": { "type": "Point", "coordinates": [ 22.892536, 40.703198 ] } },
{ "type": "Feature", "properties": { "code": "Θ-04/098", "onomastasi": "ΜΑΚΕΔΟΝΙΚΟΥ ΑΓΩΝΑ", "type": "ΣΤΑΣΗ", "dimoskal": "ΩΡΑΙΟΚΑΣΤΡΟ", "lines_ejyp": "55Β,55Κ,55Μ,55Ν,55Χ", "stop_type_cat": "Regular Stop", "type_rank": 4, "line_count": 5, "service_level": "High-service stop" }, "geometry": { "type": "Point", "coordinates": [ 22.91394, 40.702275 ] } },
{ "type": "Feature", "properties": { "code": "Θ-04/097", "onomastasi": "ΕΥΟΣΜΟΥ", "type": "ΣΤΑΣΗ", "dimoskal": "ΩΡΑΙΟΚΑΣΤΡΟ", "lines_ejyp": "55Β,55Κ,55Μ,55Ν,55Χ", "stop_type_cat": "Regular Stop", "type_rank": 4, "line_count": 5, "service_level": "High-service stop" }, "geometry": { "type": "Point", "coordinates": [ 22.908583, 40.702249 ] } },
{ "type": "Feature", "properties": { "code": "Θ-04/074", "onomastasi": "ΦΛΩΡΕΝΤΙΑΣ", "type": "ΣΤΑΣΗ", "dimoskal": "ΩΡΑΙΟΚΑΣΤΡΟ", "lines_ejyp": "55Β,55Κ,55Μ,55Ν,55Χ", "stop_type_cat": "Regular Stop", "type_rank": 4, "line_count": 5, "service_level": "High-service stop" }, "geometry": { "type": "Point", "coordinates": [ 22.917018, 40.702353 ] } },
{ "type": "Feature", "properties": { "code": "Θ-04/076", "onomastasi": "ΕΥΟΣΜΟΥ", "type": "ΣΤΑΣΗ", "dimoskal": "ΩΡΑΙΟΚΑΣΤΡΟ", "lines_ejyp": "55Β,55Κ,55Μ,55Ν,55Χ", "stop_type_cat": "Regular Stop", "type_rank": 4, "line_count": 5, "service_level": "High-service stop" }, "geometry": { "type": "Point", "coordinates": [ 22.908836, 40.702386 ] } },
{ "type": "Feature", "properties": { "code": "Θ-04/075", "onomastasi": "ΜΑΚΕΔΟΝΙΚΟΥ ΑΓΩΝΑ", "type": "ΣΤΑΣΗ", "dimoskal": "ΩΡΑΙΟΚΑΣΤΡΟ", "lines_ejyp": "55Β,55Κ,55Μ,55Ν,55Χ", "stop_type_cat": "Regular Stop", "type_rank": 4, "line_count": 5, "service_level": "High-service stop" }, "geometry": { "type": "Point", "coordinates": [ 22.912544, 40.702425 ] } },
{ "type": "Feature", "properties": { "code": "Θ-04/069", "onomastasi": "ΔΙΑΣΤΑΥΡΩΣΗ ΣΥΜΜΑΧΙΚΗΣ", "type": "ΣΤΑΣΗ", "dimoskal": "ΩΡΑΙΟΚΑΣΤΡΟ", "lines_ejyp": "", "stop_type_cat": "Regular Stop", "type_rank": 4, "line_count": 0, "service_level": "Unknown service" }, "geometry": { "type": "Point", "coordinates": [ 22.922188, 40.702605 ] } },
{ "type": "Feature", "properties": { "code": "Θ-04/222", "onomastasi": "ΔΙΑΣΤΑΥΡΩΣΗ ΣΥΜΜΑΧΙΚΗΣ", "type": "ΣΤΑΣΗ", "dimoskal": "ΩΡΑΙΟΚΑΣΤΡΟ", "lines_ejyp": "", "stop_type_cat": "Regular Stop", "type_rank": 4, "line_count": 0, "service_level": "Unknown service" }, "geometry": { "type": "Point", "coordinates": [ 22.922332, 40.702617 ] } },
{ "type": "Feature", "properties": { "code": "Θ-04/068", "onomastasi": "ΠΑΥΛΟΠΟΥΛΟΣ", "type": "ΣΤΑΣΗ", "dimoskal": "ΩΡΑΙΟΚΑΣΤΡΟ", "lines_ejyp": "", "stop_type_cat": "Regular Stop", "type_rank": 4, "line_count": 0, "service_level": "Unknown service" }, "geometry": { "type": "Point", "coordinates": [ 22.92179, 40.704887 ] } },
{ "type": "Feature", "properties": { "code": "Θ-04/223", "onomastasi": "ΠΑΥΛΟΠΟΥΛΟΣ", "type": "ΣΤΑΣΗ", "dimoskal": "ΩΡΑΙΟΚΑΣΤΡΟ", "lines_ejyp": "", "stop_type_cat": "Regular Stop", "type_rank": 4, "line_count": 0, "service_level": "Unknown service" }, "geometry": { "type": "Point", "coordinates": [ 22.921957, 40.705028 ] } }
]
}
