{
"type": "FeatureCollection",
"name": "commercial_symbols",
"crs": { "type": "name", "properties": { "name": "urn:ogc:def:crs:OGC:1.3:CRS84" } },
"xy_coordinate_resolution": 1e-06,
"features": [
{ "type": "Feature", "properties": { "dest_category": "Department store", "dest_source": "commercial_major", "symbol_origin": "node", "name": "Glass Cleaning", "name:el": null, "name:en": null, "operator": null, "amenity": null, "shop": "department_store", "capacity": null, "opening_hours": null, "website": "https://www.glasscleaning.gr/", "phone": "2392091252" }, "geometry": { "type": "Point", "coordinates": [ 23.0265, 40.404646 ] } },
{ "type": "Feature", "properties": { "dest_category": "Supermarket", "dest_source": "commercial_major", "symbol_origin": "node", "name": "Happy Market Σουρωτής", "name:el": null, "name:en": null, "operator": null, "amenity": null, "shop": "supermarket", "capacity": null, "opening_hours": null, "website": null, "phone": "302396041070" }, "geometry": { "type": "Point", "coordinates": [ 23.092047, 40.472037 ] } },
{ "type": "Feature", "properties": { "dest_category": "Department store", "dest_source": "commercial_major", "symbol_origin": "node", "name": "Afoi Kontzoglou s.a.", "name:el": null, "name:en": null, "operator": null, "amenity": null, "shop": "department_store", "capacity": null, "opening_hours": null, "website": "https://www.kontzoglou.gr/", "phone": null }, "geometry": { "type": "Point", "coordinates": [ 23.140876, 40.492485 ] } },
{ "type": "Feature", "properties": { "dest_category": "Supermarket", "dest_source": "commercial_major", "symbol_origin": "node", "name": "Μασούτης", "name:el": "Μασούτης", "name:en": "Masoutis", "operator": null, "amenity": null, "shop": "supermarket", "capacity": null, "opening_hours": null, "website": null, "phone": null }, "geometry": { "type": "Point", "coordinates": [ 23.032517, 40.538453 ] } },
{ "type": "Feature", "properties": { "dest_category": "Supermarket", "dest_source": "commercial_major", "symbol_origin": "node", "name": "Μασούτης", "name:el": "Μασούτης", "name:en": "Masoutis", "operator": null, "amenity": null, "shop": "supermarket", "capacity": null, "opening_hours": null, "website": null, "phone": null }, "geometry": { "type": "Point", "coordinates": [ 23.030839, 40.538948 ] } },
{ "type": "Feature", "properties": { "dest_category": "Supermarket", "dest_source": "commercial_major", "symbol_origin": "node", "name": "Grand Μασούτης", "name:el": null, "name:en": null, "operator": null, "amenity": null, "shop": "supermarket", "capacity": null, "opening_hours": "Mo-Sa 08:00-21:00", "website": null, "phone": null }, "geometry": { "type": "Point", "coordinates": [ 23.030146, 40.539114 ] } },
{ "type": "Feature", "properties": { "dest_category": "Supermarket", "dest_source": "commercial_major", "symbol_origin": "node", "name": "Μασούτης", "name:el": "Μασούτης", "name:en": "Masoutis", "operator": null, "amenity": null, "shop": "supermarket", "capacity": null, "opening_hours": null, "website": null, "phone": null }, "geometry": { "type": "Point", "coordinates": [ 23.03006, 40.5395 ] } },
{ "type": "Feature", "properties": { "dest_category": "Supermarket", "dest_source": "commercial_major", "symbol_origin": "node", "name": "Σκλαβενίτης", "name:el": "Σκλαβενίτης", "name:en": "Sklavenitis", "operator": null, "amenity": null, "shop": "supermarket", "capacity": null, "opening_hours": "Mo-Fr 08:00-21:00; Sa 08:00-20:00", "website": "https://www.sklavenitis.gr/", "phone": "+30 2310 487590;+30 2310 487595" }, "geometry": { "type": "Point", "coordinates": [ 23.019114, 40.545394 ] } },
{ "type": "Feature", "properties": { "dest_category": "Supermarket", "dest_source": "commercial_major", "symbol_origin": "node", "name": "ΑΒ Βασιλόπουλος", "name:el": "ΑΒ Βασιλόπουλος", "name:en": "AB Vassilopoulos", "operator": null, "amenity": null, "shop": "supermarket", "capacity": null, "opening_hours": null, "website": null, "phone": null }, "geometry": { "type": "Point", "coordinates": [ 23.019583, 40.546155 ] } },
{ "type": "Feature", "properties": { "dest_category": "Supermarket", "dest_source": "commercial_major", "symbol_origin": "node", "name": "Κρεοπωλείο Μοσχόπουλος", "name:el": null, "name:en": null, "operator": null, "amenity": null, "shop": "supermarket", "capacity": null, "opening_hours": null, "website": null, "phone": null }, "geometry": { "type": "Point", "coordinates": [ 23.166497, 40.548219 ] } },
{ "type": "Feature", "properties": { "dest_category": "Supermarket", "dest_source": "commercial_major", "symbol_origin": "node", "name": "Σ/Μ Μασούτης", "name:el": null, "name:en": null, "operator": null, "amenity": null, "shop": "supermarket", "capacity": null, "opening_hours": null, "website": null, "phone": null }, "geometry": { "type": "Point", "coordinates": [ 22.993714, 40.468544 ] } },
{ "type": "Feature", "properties": { "dest_category": "Department store", "dest_source": "commercial_major", "symbol_origin": "node", "name": "Μινωικη διαφημιστικη", "name:el": null, "name:en": null, "operator": null, "amenity": null, "shop": "department_store", "capacity": null, "opening_hours": null, "website": "https://www.minoiki.gr/", "phone": "2392072909" }, "geometry": { "type": "Point", "coordinates": [ 23.003489, 40.504442 ] } },
{ "type": "Feature", "properties": { "dest_category": "Department store", "dest_source": "commercial_major", "symbol_origin": "node", "name": "Edison", "name:el": null, "name:en": null, "operator": null, "amenity": null, "shop": "department_store", "capacity": null, "opening_hours": null, "website": "https://www.edision.gr", "phone": "2392066070" }, "geometry": { "type": "Point", "coordinates": [ 22.9942, 40.509652 ] } },
{ "type": "Feature", "properties": { "dest_category": "Department store", "dest_source": "commercial_major", "symbol_origin": "node", "name": "Bioser a.e", "name:el": null, "name:en": null, "operator": null, "amenity": null, "shop": "department_store", "capacity": null, "opening_hours": null, "website": "https://www.bioser.gr/", "phone": "2310475781" }, "geometry": { "type": "Point", "coordinates": [ 23.004518, 40.514873 ] } },
{ "type": "Feature", "properties": { "dest_category": "Supermarket", "dest_source": "commercial_major", "symbol_origin": "node", "name": "Afroditi H.Q.", "name:el": null, "name:en": null, "operator": null, "amenity": null, "shop": "supermarket", "capacity": null, "opening_hours": null, "website": "https://www.smafroditi.gr/", "phone": null }, "geometry": { "type": "Point", "coordinates": [ 23.008248, 40.532483 ] } },
{ "type": "Feature", "properties": { "dest_category": "Supermarket", "dest_source": "commercial_major", "symbol_origin": "node", "name": "Lidl", "name:el": null, "name:en": null, "operator": null, "amenity": null, "shop": "supermarket", "capacity": null, "opening_hours": "Mo-Sa 07:45-21:00; Su,PH off", "website": null, "phone": null }, "geometry": { "type": "Point", "coordinates": [ 23.014935, 40.542491 ] } },
{ "type": "Feature", "properties": { "dest_category": "Supermarket", "dest_source": "commercial_major", "symbol_origin": "node", "name": "Lidl", "name:el": null, "name:en": null, "operator": null, "amenity": null, "shop": "supermarket", "capacity": null, "opening_hours": "Mo-Sa 08:00-21:30", "website": null, "phone": null }, "geometry": { "type": "Point", "coordinates": [ 22.982911, 40.546008 ] } },
{ "type": "Feature", "properties": { "dest_category": "Shopping mall", "dest_source": "commercial_major", "symbol_origin": "node", "name": "Απολλώνειος Πολιτεία", "name:el": "ΑπολλώνειοςΠολιτεία", "name:en": "Apollonia Politia", "operator": null, "amenity": null, "shop": "mall", "capacity": null, "opening_hours": "Mo-Su 07:00-23:30", "website": null, "phone": null }, "geometry": { "type": "Point", "coordinates": [ 22.982383, 40.548324 ] } },
{ "type": "Feature", "properties": { "dest_category": "Retail", "dest_source": "commercial_major", "symbol_origin": "node", "name": null, "name:el": null, "name:en": null, "operator": null, "amenity": null, "shop": null, "capacity": null, "opening_hours": null, "website": null, "phone": null }, "geometry": { "type": "Point", "coordinates": [ 22.984465, 40.549691 ] } },
{ "type": "Feature", "properties": { "dest_category": "Supermarket", "dest_source": "commercial_major", "symbol_origin": "node", "name": "Μασούτης", "name:el": "Μασούτης", "name:en": "Masoutis", "operator": null, "amenity": null, "shop": "supermarket", "capacity": null, "opening_hours": null, "website": "https://www.masoutis.gr/", "phone": null }, "geometry": { "type": "Point", "coordinates": [ 22.968986, 40.467806 ] } },
{ "type": "Feature", "properties": { "dest_category": "Supermarket", "dest_source": "commercial_major", "symbol_origin": "node", "name": null, "name:el": null, "name:en": null, "operator": null, "amenity": null, "shop": "supermarket", "capacity": null, "opening_hours": null, "website": null, "phone": null }, "geometry": { "type": "Point", "coordinates": [ 22.969387, 40.46909 ] } },
{ "type": "Feature", "properties": { "dest_category": "Supermarket", "dest_source": "commercial_major", "symbol_origin": "node", "name": "Need Stores", "name:el": null, "name:en": null, "operator": null, "amenity": null, "shop": "supermarket", "capacity": null, "opening_hours": "Mo-Fr 09:00-21:00 & Sa 09:00-20:00", "website": null, "phone": "+30 2310 028645" }, "geometry": { "type": "Point", "coordinates": [ 22.975619, 40.566482 ] } },
{ "type": "Feature", "properties": { "dest_category": "Supermarket", "dest_source": "commercial_major", "symbol_origin": "node", "name": "Lidl", "name:el": null, "name:en": null, "operator": null, "amenity": null, "shop": "supermarket", "capacity": null, "opening_hours": "Mo-Sa 07:45-21:00; Su,PH off", "website": null, "phone": null }, "geometry": { "type": "Point", "coordinates": [ 22.968323, 40.567027 ] } },
{ "type": "Feature", "properties": { "dest_category": "Department store", "dest_source": "commercial_major", "symbol_origin": "node", "name": "Μόνωσέ το", "name:el": "Μόνωσέ το", "name:en": "Μonose to", "operator": null, "amenity": null, "shop": "department_store", "capacity": null, "opening_hours": null, "website": null, "phone": null }, "geometry": { "type": "Point", "coordinates": [ 22.974887, 40.568061 ] } },
{ "type": "Feature", "properties": { "dest_category": "Supermarket", "dest_source": "commercial_major", "symbol_origin": "node", "name": "Σκλαβενίτης", "name:el": "Σκλαβενίτης", "name:en": "Sklavenitis", "operator": "Σκλαβενίτης", "amenity": null, "shop": "supermarket", "capacity": null, "opening_hours": "Mo-Fr 08:00-21:00; Sa 08:00-20:00; Su,PH off", "website": null, "phone": null }, "geometry": { "type": "Point", "coordinates": [ 22.971107, 40.568368 ] } },
{ "type": "Feature", "properties": { "dest_category": "Supermarket", "dest_source": "commercial_major", "symbol_origin": "node", "name": "ΑΒ Βασιλόπουλος", "name:el": "ΑΒ Βασιλόπουλος", "name:en": "AB Vassilopoulos", "operator": null, "amenity": null, "shop": "supermarket", "capacity": null, "opening_hours": "Mo-Fr 08:00-21:00; Sa 08:00-20:00", "website": null, "phone": "+30 2310 441650, +30 2310 451161" }, "geometry": { "type": "Point", "coordinates": [ 22.965128, 40.576674 ] } },
{ "type": "Feature", "properties": { "dest_category": "Department store", "dest_source": "commercial_major", "symbol_origin": "node", "name": "Διάφανο", "name:el": null, "name:en": null, "operator": null, "amenity": null, "shop": "department_store", "capacity": null, "opening_hours": null, "website": null, "phone": null }, "geometry": { "type": "Point", "coordinates": [ 22.969238, 40.577002 ] } },
{ "type": "Feature", "properties": { "dest_category": "Retail", "dest_source": "commercial_major", "symbol_origin": "node", "name": null, "name:el": null, "name:en": null, "operator": null, "amenity": null, "shop": null, "capacity": null, "opening_hours": null, "website": null, "phone": null }, "geometry": { "type": "Point", "coordinates": [ 22.975877, 40.578287 ] } },
{ "type": "Feature", "properties": { "dest_category": "Shopping mall", "dest_source": "commercial_major", "symbol_origin": "node", "name": null, "name:el": "Εμπορικό Κέντρο Μακεδονία", "name:en": "Macedonia Mall", "operator": null, "amenity": null, "shop": "mall", "capacity": null, "opening_hours": null, "website": null, "phone": null }, "geometry": { "type": "Point", "coordinates": [ 22.976202, 40.57869 ] } },
{ "type": "Feature", "properties": { "dest_category": "Department store", "dest_source": "commercial_major", "symbol_origin": "node", "name": "ΙΚΕΑ", "name:el": "ΙΚΕΑ", "name:en": "IKEA", "operator": null, "amenity": null, "shop": "department_store", "capacity": null, "opening_hours": "Mo-Fr 10:00-21:00; Sa 10:00-20:00", "website": "https://www.ikea.gr/en/stores/ikea-thessaloniki/", "phone": "216 8083400" }, "geometry": { "type": "Point", "coordinates": [ 22.984762, 40.550541 ] } },
{ "type": "Feature", "properties": { "dest_category": "Supermarket", "dest_source": "commercial_major", "symbol_origin": "node", "name": "ΑΒ Βασιλόπουλος", "name:el": "ΑΒ Βασιλόπουλος", "name:en": "AB Vassilopoulos", "operator": null, "amenity": null, "shop": "supermarket", "capacity": null, "opening_hours": "Mo-Fr 08:00-21:00; Sa 08:00-20:00", "website": "https://www.ab.gr/storedetails/thes-ki-polichni-lagkada", "phone": "+302310587181" }, "geometry": { "type": "Point", "coordinates": [ 22.982577, 40.55283 ] } },
{ "type": "Feature", "properties": { "dest_category": "Supermarket", "dest_source": "commercial_major", "symbol_origin": "node", "name": null, "name:el": null, "name:en": null, "operator": null, "amenity": null, "shop": "supermarket", "capacity": null, "opening_hours": null, "website": null, "phone": null }, "geometry": { "type": "Point", "coordinates": [ 23.015719, 40.553726 ] } },
{ "type": "Feature", "properties": { "dest_category": "Retail", "dest_source": "commercial_major", "symbol_origin": "node", "name": null, "name:el": null, "name:en": null, "operator": null, "amenity": null, "shop": null, "capacity": null, "opening_hours": null, "website": null, "phone": null }, "geometry": { "type": "Point", "coordinates": [ 22.99375, 40.554243 ] } },
{ "type": "Feature", "properties": { "dest_category": "Supermarket", "dest_source": "commercial_major", "symbol_origin": "node", "name": "Discount Markt", "name:el": null, "name:en": null, "operator": null, "amenity": null, "shop": "supermarket", "capacity": null, "opening_hours": "Mo-Fr 08:00-21:00; Sa 08:00-20:00", "website": "http://www.discountmarkt.gr/", "phone": "2310467809" }, "geometry": { "type": "Point", "coordinates": [ 23.014007, 40.555317 ] } },
{ "type": "Feature", "properties": { "dest_category": "Retail", "dest_source": "commercial_major", "symbol_origin": "node", "name": null, "name:el": null, "name:en": null, "operator": null, "amenity": null, "shop": null, "capacity": null, "opening_hours": null, "website": null, "phone": null }, "geometry": { "type": "Point", "coordinates": [ 22.99274, 40.555588 ] } },
{ "type": "Feature", "properties": { "dest_category": "Department store", "dest_source": "commercial_major", "symbol_origin": "node", "name": "Marks & Spencer", "name:el": null, "name:en": "Marks & Spencer", "operator": null, "amenity": null, "shop": "department_store", "capacity": null, "opening_hours": null, "website": null, "phone": null }, "geometry": { "type": "Point", "coordinates": [ 22.994511, 40.555618 ] } },
{ "type": "Feature", "properties": { "dest_category": "Department store", "dest_source": "commercial_major", "symbol_origin": "node", "name": "Mediterranean Cosmos", "name:el": null, "name:en": null, "operator": null, "amenity": null, "shop": "department_store", "capacity": null, "opening_hours": null, "website": null, "phone": null }, "geometry": { "type": "Point", "coordinates": [ 22.993372, 40.555752 ] } },
{ "type": "Feature", "properties": { "dest_category": "Retail", "dest_source": "commercial_major", "symbol_origin": "node", "name": null, "name:el": null, "name:en": null, "operator": null, "amenity": null, "shop": null, "capacity": null, "opening_hours": null, "website": null, "phone": null }, "geometry": { "type": "Point", "coordinates": [ 22.99276, 40.556542 ] } },
{ "type": "Feature", "properties": { "dest_category": "Supermarket", "dest_source": "commercial_major", "symbol_origin": "node", "name": "Μασούτης", "name:el": "Μασούτης", "name:en": "Masoutis", "operator": null, "amenity": null, "shop": "supermarket", "capacity": null, "opening_hours": null, "website": "https://www.masoutis.gr/", "phone": null }, "geometry": { "type": "Point", "coordinates": [ 23.047211, 40.547611 ] } },
{ "type": "Feature", "properties": { "dest_category": "Supermarket", "dest_source": "commercial_major", "symbol_origin": "node", "name": "ΑΡΙΣΤΑ", "name:el": null, "name:en": null, "operator": null, "amenity": null, "shop": "supermarket", "capacity": null, "opening_hours": null, "website": null, "phone": null }, "geometry": { "type": "Point", "coordinates": [ 23.022145, 40.548581 ] } },
{ "type": "Feature", "properties": { "dest_category": "Supermarket", "dest_source": "commercial_major", "symbol_origin": "node", "name": "SUPER MARKET Αφροδίτη", "name:el": null, "name:en": null, "operator": null, "amenity": null, "shop": "supermarket", "capacity": null, "opening_hours": "08:00-21:00", "website": "https://www.smafroditi.gr/", "phone": "+302310477237" }, "geometry": { "type": "Point", "coordinates": [ 23.02073, 40.549313 ] } },
{ "type": "Feature", "properties": { "dest_category": "Supermarket", "dest_source": "commercial_major", "symbol_origin": "node", "name": "Αμάλθεια", "name:el": "Αμάλθεια", "name:en": null, "operator": null, "amenity": null, "shop": "supermarket", "capacity": null, "opening_hours": null, "website": null, "phone": null }, "geometry": { "type": "Point", "coordinates": [ 23.04899, 40.550189 ] } },
{ "type": "Feature", "properties": { "dest_category": "Supermarket", "dest_source": "commercial_major", "symbol_origin": "node", "name": "Lidl", "name:el": null, "name:en": null, "operator": null, "amenity": null, "shop": "supermarket", "capacity": null, "opening_hours": "Mo-Sa 07:45-21:00; Su,PH off", "website": null, "phone": null }, "geometry": { "type": "Point", "coordinates": [ 23.022094, 40.561536 ] } },
{ "type": "Feature", "properties": { "dest_category": "Supermarket", "dest_source": "commercial_major", "symbol_origin": "node", "name": "AB Shop & Go", "name:el": null, "name:en": null, "operator": null, "amenity": null, "shop": "supermarket", "capacity": null, "opening_hours": "Mo-Sa 08:00-23:00; Su 11:00-18:00", "website": "https://www.ab.gr/storedetails/sg-thsn-panorama-venizeloy-1", "phone": "+30 2310 341 609" }, "geometry": { "type": "Point", "coordinates": [ 23.036977, 40.590698 ] } },
{ "type": "Feature", "properties": { "dest_category": "Retail", "dest_source": "commercial_major", "symbol_origin": "node", "name": null, "name:el": null, "name:en": null, "operator": null, "amenity": null, "shop": null, "capacity": null, "opening_hours": null, "website": null, "phone": null }, "geometry": { "type": "Point", "coordinates": [ 23.033351, 40.591101 ] } },
{ "type": "Feature", "properties": { "dest_category": "Supermarket", "dest_source": "commercial_major", "symbol_origin": "node", "name": "ΑΒ Βασιλόπουλος", "name:el": "ΑΒ Βασιλόπουλος", "name:en": "AB Vassilopoulos", "operator": null, "amenity": null, "shop": "supermarket", "capacity": null, "opening_hours": "Mo-Fr 08:00-21:00; Sa 08:00-20:00", "website": "https://www.ab.gr/storedetails/thes-ki-panorama", "phone": "+30 2310 331162" }, "geometry": { "type": "Point", "coordinates": [ 23.039833, 40.591196 ] } },
{ "type": "Feature", "properties": { "dest_category": "Department store", "dest_source": "commercial_major", "symbol_origin": "node", "name": null, "name:el": null, "name:en": null, "operator": null, "amenity": null, "shop": "department_store", "capacity": null, "opening_hours": null, "website": null, "phone": null }, "geometry": { "type": "Point", "coordinates": [ 23.006406, 40.559665 ] } },
{ "type": "Feature", "properties": { "dest_category": "Shopping mall", "dest_source": "commercial_major", "symbol_origin": "node", "name": null, "name:el": null, "name:en": null, "operator": null, "amenity": null, "shop": "mall", "capacity": null, "opening_hours": null, "website": null, "phone": null }, "geometry": { "type": "Point", "coordinates": [ 22.977105, 40.56479 ] } },
{ "type": "Feature", "properties": { "dest_category": "Department store", "dest_source": "commercial_major", "symbol_origin": "node", "name": "Jumbo 1", "name:el": null, "name:en": null, "operator": null, "amenity": null, "shop": "department_store", "capacity": null, "opening_hours": "Mo-Fr 09:00-21:00, Sa 09:00-20:00", "website": "https://www.e-jumbo.gr", "phone": "+30 2310 471497" }, "geometry": { "type": "Point", "coordinates": [ 22.983027, 40.568305 ] } },
{ "type": "Feature", "properties": { "dest_category": "Supermarket", "dest_source": "commercial_major", "symbol_origin": "node", "name": "Σκλαβενίτης", "name:el": "Σκλαβενίτης", "name:en": "Sklavenitis", "operator": "Σκλαβενίτης", "amenity": null, "shop": "supermarket", "capacity": null, "opening_hours": "Mo-Fr 08:00-21:00; Sa 08:00-20:00; Su,PH off", "website": null, "phone": null }, "geometry": { "type": "Point", "coordinates": [ 22.976756, 40.578162 ] } },
{ "type": "Feature", "properties": { "dest_category": "Supermarket", "dest_source": "commercial_major", "symbol_origin": "node", "name": "Μασούτης", "name:el": "Μασούτης", "name:en": "Masoutis", "operator": null, "amenity": null, "shop": "supermarket", "capacity": null, "opening_hours": null, "website": null, "phone": null }, "geometry": { "type": "Point", "coordinates": [ 23.013089, 40.578515 ] } },
{ "type": "Feature", "properties": { "dest_category": "Retail", "dest_source": "commercial_major", "symbol_origin": "node", "name": null, "name:el": null, "name:en": null, "operator": null, "amenity": null, "shop": null, "capacity": null, "opening_hours": null, "website": null, "phone": null }, "geometry": { "type": "Point", "coordinates": [ 22.977049, 40.578978 ] } },
{ "type": "Feature", "properties": { "dest_category": "Retail", "dest_source": "commercial_major", "symbol_origin": "node", "name": null, "name:el": null, "name:en": null, "operator": null, "amenity": null, "shop": null, "capacity": null, "opening_hours": null, "website": null, "phone": null }, "geometry": { "type": "Point", "coordinates": [ 22.976244, 40.579067 ] } },
{ "type": "Feature", "properties": { "dest_category": "Supermarket", "dest_source": "commercial_major", "symbol_origin": "node", "name": "Σκλαβενίτης", "name:el": "Σκλαβενίτης", "name:en": "Sklavenitis", "operator": "Σκλαβενίτης", "amenity": null, "shop": "supermarket", "capacity": null, "opening_hours": "Mo-Fr 08:00-21:00; Sa 08:00-20:00; Su,PH off", "website": null, "phone": null }, "geometry": { "type": "Point", "coordinates": [ 23.011219, 40.594095 ] } },
{ "type": "Feature", "properties": { "dest_category": "Supermarket", "dest_source": "commercial_major", "symbol_origin": "node", "name": "Αφροδίτη", "name:el": null, "name:en": null, "operator": null, "amenity": null, "shop": "supermarket", "capacity": null, "opening_hours": null, "website": null, "phone": null }, "geometry": { "type": "Point", "coordinates": [ 22.985773, 40.594836 ] } },
{ "type": "Feature", "properties": { "dest_category": "Supermarket", "dest_source": "commercial_major", "symbol_origin": "node", "name": "Αφροδίτη", "name:el": null, "name:en": null, "operator": null, "amenity": null, "shop": "supermarket", "capacity": null, "opening_hours": "Mo-Fr 08:00-21:00, Sa 08:00-20:00", "website": "https://smafroditi.gr/", "phone": null }, "geometry": { "type": "Point", "coordinates": [ 22.980004, 40.597362 ] } },
{ "type": "Feature", "properties": { "dest_category": "Retail", "dest_source": "commercial_major", "symbol_origin": "node", "name": null, "name:el": null, "name:en": null, "operator": null, "amenity": null, "shop": null, "capacity": null, "opening_hours": null, "website": null, "phone": null }, "geometry": { "type": "Point", "coordinates": [ 22.975684, 40.578757 ] } },
{ "type": "Feature", "properties": { "dest_category": "Department store", "dest_source": "commercial_major", "symbol_origin": "node", "name": "The Mart", "name:el": null, "name:en": null, "operator": null, "amenity": null, "shop": "department_store", "capacity": null, "opening_hours": "Mo-Fr 06:00-21:00, Sa 06:00-20:00", "website": "https://www.themart.gr/", "phone": "+30 2310 497 777" }, "geometry": { "type": "Point", "coordinates": [ 22.973317, 40.583032 ] } },
{ "type": "Feature", "properties": { "dest_category": "Supermarket", "dest_source": "commercial_major", "symbol_origin": "node", "name": "Edelweiss", "name:el": null, "name:en": null, "operator": null, "amenity": null, "shop": "supermarket", "capacity": null, "opening_hours": null, "website": null, "phone": null }, "geometry": { "type": "Point", "coordinates": [ 22.965078, 40.583588 ] } },
{ "type": "Feature", "properties": { "dest_category": "Supermarket", "dest_source": "commercial_major", "symbol_origin": "node", "name": "Ελληνικά market", "name:el": null, "name:en": null, "operator": null, "amenity": null, "shop": "supermarket", "capacity": null, "opening_hours": null, "website": null, "phone": null }, "geometry": { "type": "Point", "coordinates": [ 22.967213, 40.584105 ] } },
{ "type": "Feature", "properties": { "dest_category": "Supermarket", "dest_source": "commercial_major", "symbol_origin": "node", "name": "Σκλαβενίτης", "name:el": "Σκλαβενίτης", "name:en": "Sklavenitis", "operator": "Σκλαβενίτης", "amenity": null, "shop": "supermarket", "capacity": null, "opening_hours": "Mo-Fr 08:00-21:00; Sa 08:00-20:00; Su,PH off", "website": "https://www.sklavenitis.gr/", "phone": "+30 2310 456911;+30 2310 456912" }, "geometry": { "type": "Point", "coordinates": [ 22.962702, 40.586855 ] } },
{ "type": "Feature", "properties": { "dest_category": "Supermarket", "dest_source": "commercial_major", "symbol_origin": "node", "name": "Lidl", "name:el": null, "name:en": null, "operator": null, "amenity": null, "shop": "supermarket", "capacity": null, "opening_hours": null, "website": null, "phone": null }, "geometry": { "type": "Point", "coordinates": [ 22.972426, 40.587095 ] } },
{ "type": "Feature", "properties": { "dest_category": "Shopping mall", "dest_source": "commercial_major", "symbol_origin": "node", "name": "Εμπορικό Κέντρο Κηφισιάς", "name:el": null, "name:en": null, "operator": null, "amenity": null, "shop": "mall", "capacity": null, "opening_hours": null, "website": null, "phone": null }, "geometry": { "type": "Point", "coordinates": [ 22.963245, 40.591395 ] } },
{ "type": "Feature", "properties": { "dest_category": "Supermarket", "dest_source": "commercial_major", "symbol_origin": "node", "name": "Μασούτης", "name:el": "Μασούτης", "name:en": "Masoutis", "operator": null, "amenity": null, "shop": "supermarket", "capacity": null, "opening_hours": "Mo-Fr 08:00-21:00; Sa 08:00-20:00", "website": "https://www.masoutis.gr/", "phone": "+30 2310 325173" }, "geometry": { "type": "Point", "coordinates": [ 22.963083, 40.596847 ] } },
{ "type": "Feature", "properties": { "dest_category": "Supermarket", "dest_source": "commercial_major", "symbol_origin": "node", "name": "ΑΒ Βασιλόπουλος", "name:el": "ΑΒ Βασιλόπουλος", "name:en": "AB Vassilopoulos", "operator": null, "amenity": null, "shop": "supermarket", "capacity": null, "opening_hours": null, "website": "https://www.ab.gr/", "phone": null }, "geometry": { "type": "Point", "coordinates": [ 22.966205, 40.597653 ] } },
{ "type": "Feature", "properties": { "dest_category": "Supermarket", "dest_source": "commercial_major", "symbol_origin": "node", "name": "Ζωή & Υγεία", "name:el": "Ζωή και Υγεία - Βιολογικά Προϊόντα", "name:en": null, "operator": null, "amenity": null, "shop": "supermarket", "capacity": null, "opening_hours": null, "website": null, "phone": null }, "geometry": { "type": "Point", "coordinates": [ 22.970104, 40.598243 ] } },
{ "type": "Feature", "properties": { "dest_category": "Supermarket", "dest_source": "commercial_major", "symbol_origin": "node", "name": "Ok!", "name:el": null, "name:en": null, "operator": null, "amenity": null, "shop": "supermarket", "capacity": null, "opening_hours": "Mo-Su 08:00-23:00", "website": null, "phone": null }, "geometry": { "type": "Point", "coordinates": [ 22.971224, 40.598286 ] } },
{ "type": "Feature", "properties": { "dest_category": "Supermarket", "dest_source": "commercial_major", "symbol_origin": "node", "name": "Μασούτης", "name:el": "Μασούτης", "name:en": "Masoutis", "operator": null, "amenity": null, "shop": "supermarket", "capacity": null, "opening_hours": "Mo-Fr 08:00-21:00; Sa 08:00-20:00", "website": "https://www.masoutis.gr/", "phone": "+30 2310 318967" }, "geometry": { "type": "Point", "coordinates": [ 22.967322, 40.598715 ] } },
{ "type": "Feature", "properties": { "dest_category": "Supermarket", "dest_source": "commercial_major", "symbol_origin": "node", "name": "Discount Markt", "name:el": null, "name:en": null, "operator": null, "amenity": null, "shop": "supermarket", "capacity": null, "opening_hours": "Mo-Fr 08:00-21:00, Sa 08:00-20:00", "website": "https://www.discountmarkt.gr/", "phone": null }, "geometry": { "type": "Point", "coordinates": [ 22.974957, 40.599211 ] } },
{ "type": "Feature", "properties": { "dest_category": "Supermarket", "dest_source": "commercial_major", "symbol_origin": "node", "name": "Discount Markt", "name:el": null, "name:en": null, "operator": null, "amenity": null, "shop": "supermarket", "capacity": null, "opening_hours": null, "website": "https://discountmarkt.gr/", "phone": null }, "geometry": { "type": "Point", "coordinates": [ 22.963215, 40.599383 ] } },
{ "type": "Feature", "properties": { "dest_category": "Supermarket", "dest_source": "commercial_major", "symbol_origin": "node", "name": "Τριανταφύλλου", "name:el": "Τριανταφύλλου", "name:en": "Triantafilou", "operator": null, "amenity": null, "shop": "supermarket", "capacity": null, "opening_hours": "Mo-Fr 08:00-21:00; Sa 08:00-20:00; Su,PH off", "website": null, "phone": null }, "geometry": { "type": "Point", "coordinates": [ 22.972551, 40.599563 ] } },
{ "type": "Feature", "properties": { "dest_category": "Supermarket", "dest_source": "commercial_major", "symbol_origin": "node", "name": "Μασούτης", "name:el": "Μασούτης", "name:en": "Masoutis", "operator": null, "amenity": null, "shop": "supermarket", "capacity": null, "opening_hours": "Mo-Fr 08:00-21:00, Sa 08:00-20:00", "website": "https://www.masoutis.gr/", "phone": "+30 2310 312054" }, "geometry": { "type": "Point", "coordinates": [ 22.97356, 40.599683 ] } },
{ "type": "Feature", "properties": { "dest_category": "Supermarket", "dest_source": "commercial_major", "symbol_origin": "node", "name": "My Market Local", "name:el": null, "name:en": null, "operator": null, "amenity": null, "shop": "supermarket", "capacity": null, "opening_hours": "Mo-Sa 07:00-23:00 , Su 09:00-23:00", "website": null, "phone": "+302316022012" }, "geometry": { "type": "Point", "coordinates": [ 22.964685, 40.600335 ] } },
{ "type": "Feature", "properties": { "dest_category": "Supermarket", "dest_source": "commercial_major", "symbol_origin": "node", "name": "Μασούτης", "name:el": "Μασούτης", "name:en": "Masoutis", "operator": null, "amenity": null, "shop": "supermarket", "capacity": null, "opening_hours": "Mo-Fr 08:00-21:00, Sa 08:00-20:00", "website": "https://www.masoutis.gr/", "phone": "+30 2310 301400" }, "geometry": { "type": "Point", "coordinates": [ 22.962806, 40.601929 ] } },
{ "type": "Feature", "properties": { "dest_category": "Supermarket", "dest_source": "commercial_major", "symbol_origin": "node", "name": "Μασούτης", "name:el": "Μασούτης", "name:en": "Masoutis", "operator": null, "amenity": null, "shop": "supermarket", "capacity": null, "opening_hours": "Mo-Fr 08:00-21:00, Sa 08:00-20:00", "website": "https://www.masoutis.gr/", "phone": "+30 2310 302531" }, "geometry": { "type": "Point", "coordinates": [ 22.97255, 40.602074 ] } },
{ "type": "Feature", "properties": { "dest_category": "Supermarket", "dest_source": "commercial_major", "symbol_origin": "node", "name": "Μασούτης", "name:el": "Μασούτης", "name:en": "Masoutis", "operator": null, "amenity": null, "shop": "supermarket", "capacity": null, "opening_hours": "Mo-Fr 08:00-21:00; Sa 08:00-20:00", "website": "https://www.masoutis.gr/", "phone": "+30 2310 314664" }, "geometry": { "type": "Point", "coordinates": [ 22.966579, 40.602114 ] } },
{ "type": "Feature", "properties": { "dest_category": "Supermarket", "dest_source": "commercial_major", "symbol_origin": "node", "name": "Μασούτης", "name:el": "Μασούτης", "name:en": "Masoutis", "operator": null, "amenity": null, "shop": "supermarket", "capacity": null, "opening_hours": null, "website": "https://www.masoutis.gr/", "phone": null }, "geometry": { "type": "Point", "coordinates": [ 22.981784, 40.597808 ] } },
{ "type": "Feature", "properties": { "dest_category": "Supermarket", "dest_source": "commercial_major", "symbol_origin": "node", "name": "Μασούτης", "name:el": "Μασούτης", "name:en": "Masoutis", "operator": null, "amenity": null, "shop": "supermarket", "capacity": null, "opening_hours": null, "website": null, "phone": null }, "geometry": { "type": "Point", "coordinates": [ 22.987693, 40.600095 ] } },
{ "type": "Feature", "properties": { "dest_category": "Supermarket", "dest_source": "commercial_major", "symbol_origin": "node", "name": "My Market", "name:el": null, "name:en": null, "operator": null, "amenity": null, "shop": "supermarket", "capacity": null, "opening_hours": "Mo-Fr 08:00-21:00, Sa 08:00-20:00", "website": "https://www.mymarket.gr/", "phone": "+30 2310 303300" }, "geometry": { "type": "Point", "coordinates": [ 22.996282, 40.600717 ] } },
{ "type": "Feature", "properties": { "dest_category": "Supermarket", "dest_source": "commercial_major", "symbol_origin": "node", "name": "Discount Markt", "name:el": null, "name:en": null, "operator": null, "amenity": null, "shop": "supermarket", "capacity": null, "opening_hours": "Mo-Fr 08:00-21:00, Sa 08:00-21:00", "website": "https://www.discountmarkt.gr/", "phone": null }, "geometry": { "type": "Point", "coordinates": [ 22.97692, 40.602325 ] } },
{ "type": "Feature", "properties": { "dest_category": "Supermarket", "dest_source": "commercial_major", "symbol_origin": "node", "name": "Γαλαξίας", "name:el": "Γαλαξίας", "name:en": "Galaxias", "operator": null, "amenity": null, "shop": "supermarket", "capacity": null, "opening_hours": "Mo-Fr 08:00-21:00; Sa 08:00-20:00", "website": null, "phone": "+30 2310896523" }, "geometry": { "type": "Point", "coordinates": [ 22.981095, 40.604281 ] } },
{ "type": "Feature", "properties": { "dest_category": "Supermarket", "dest_source": "commercial_major", "symbol_origin": "node", "name": "Ναταλί", "name:el": null, "name:en": "Natali", "operator": "Ναταλί", "amenity": null, "shop": "supermarket", "capacity": null, "opening_hours": "Mo-Fr 08:00-21:00; Sa 08:00-20:00", "website": "https://natali.gr/", "phone": "+30 2310928494" }, "geometry": { "type": "Point", "coordinates": [ 22.980122, 40.605254 ] } },
{ "type": "Feature", "properties": { "dest_category": "Supermarket", "dest_source": "commercial_major", "symbol_origin": "node", "name": "Μασούτης", "name:el": "Μασούτης", "name:en": "Masoutis", "operator": null, "amenity": null, "shop": "supermarket", "capacity": null, "opening_hours": "Mo-Fr 08:00-21:00; Sa 08:00-20:00", "website": null, "phone": "+30 2310945355" }, "geometry": { "type": "Point", "coordinates": [ 22.978722, 40.605576 ] } },
{ "type": "Feature", "properties": { "dest_category": "Supermarket", "dest_source": "commercial_major", "symbol_origin": "node", "name": "ΑΒ Βασιλόπουλος", "name:el": "ΑΒ Βασιλόπουλος", "name:en": "AB Vassilopoulos", "operator": null, "amenity": null, "shop": "supermarket", "capacity": null, "opening_hours": null, "website": null, "phone": null }, "geometry": { "type": "Point", "coordinates": [ 22.988696, 40.606228 ] } },
{ "type": "Feature", "properties": { "dest_category": "Supermarket", "dest_source": "commercial_major", "symbol_origin": "node", "name": "Market In", "name:el": null, "name:en": null, "operator": "Market In", "amenity": null, "shop": "supermarket", "capacity": null, "opening_hours": "Mo-Fr 08:00-21:00; Sa 08:00-20:00", "website": "https://www.market-in.gr/el-gr/", "phone": "+30 2310912508" }, "geometry": { "type": "Point", "coordinates": [ 22.98063, 40.607644 ] } },
{ "type": "Feature", "properties": { "dest_category": "Supermarket", "dest_source": "commercial_major", "symbol_origin": "node", "name": "Smile Market", "name:el": null, "name:en": null, "operator": null, "amenity": null, "shop": "supermarket", "capacity": null, "opening_hours": null, "website": null, "phone": null }, "geometry": { "type": "Point", "coordinates": [ 22.984272, 40.607741 ] } },
{ "type": "Feature", "properties": { "dest_category": "Supermarket", "dest_source": "commercial_major", "symbol_origin": "node", "name": "Μασούτης", "name:el": "Μασούτης", "name:en": "Masoutis", "operator": null, "amenity": null, "shop": "supermarket", "capacity": null, "opening_hours": null, "website": null, "phone": null }, "geometry": { "type": "Point", "coordinates": [ 22.976491, 40.607838 ] } },
{ "type": "Feature", "properties": { "dest_category": "Supermarket", "dest_source": "commercial_major", "symbol_origin": "node", "name": "Lidl", "name:el": null, "name:en": null, "operator": null, "amenity": null, "shop": "supermarket", "capacity": null, "opening_hours": null, "website": null, "phone": null }, "geometry": { "type": "Point", "coordinates": [ 22.989394, 40.608108 ] } },
{ "type": "Feature", "properties": { "dest_category": "Supermarket", "dest_source": "commercial_major", "symbol_origin": "node", "name": "ΑΒ Βασιλόπουλος", "name:el": "ΑΒ Βασιλόπουλος", "name:en": "AB Vassilopoulos", "operator": null, "amenity": null, "shop": "supermarket", "capacity": null, "opening_hours": null, "website": null, "phone": null }, "geometry": { "type": "Point", "coordinates": [ 22.98135, 40.608042 ] } },
{ "type": "Feature", "properties": { "dest_category": "Supermarket", "dest_source": "commercial_major", "symbol_origin": "node", "name": "Ελληνικά Μάρκετ", "name:el": "Ελληνικά Μάρκετ", "name:en": null, "operator": null, "amenity": null, "shop": "supermarket", "capacity": null, "opening_hours": null, "website": "https://ellinikamarket.gr/", "phone": null }, "geometry": { "type": "Point", "coordinates": [ 22.982968, 40.608119 ] } },
{ "type": "Feature", "properties": { "dest_category": "Supermarket", "dest_source": "commercial_major", "symbol_origin": "node", "name": "Μασούτης", "name:el": "Μασούτης", "name:en": "Masoutis", "operator": null, "amenity": null, "shop": "supermarket", "capacity": null, "opening_hours": "Mo-Fr 08:00-21:00, Sa 08:00-20:00", "website": "https://www.masoutis.gr/", "phone": null }, "geometry": { "type": "Point", "coordinates": [ 22.995147, 40.610266 ] } },
{ "type": "Feature", "properties": { "dest_category": "Supermarket", "dest_source": "commercial_major", "symbol_origin": "node", "name": "Μασούτης", "name:el": "Μασούτης", "name:en": "Masoutis", "operator": null, "amenity": null, "shop": "supermarket", "capacity": null, "opening_hours": null, "website": null, "phone": null }, "geometry": { "type": "Point", "coordinates": [ 22.979577, 40.61161 ] } },
{ "type": "Feature", "properties": { "dest_category": "Supermarket", "dest_source": "commercial_major", "symbol_origin": "node", "name": "Σκλαβενίτης", "name:el": "Σκλαβενίτης", "name:en": "Sklavenitis", "operator": "Σκλαβενίτης", "amenity": null, "shop": "supermarket", "capacity": null, "opening_hours": "Mo-Fr 08:00-21:00; Sa 08:00-20:00; Su,PH off", "website": "https://www.sklavenitis.gr/", "phone": "+30 2310 908816;+30 2310 908812" }, "geometry": { "type": "Point", "coordinates": [ 22.982781, 40.611843 ] } },
{ "type": "Feature", "properties": { "dest_category": "Supermarket", "dest_source": "commercial_major", "symbol_origin": "node", "name": "Μασούτης", "name:el": "Μασούτης", "name:en": "Masoutis", "operator": null, "amenity": null, "shop": "supermarket", "capacity": null, "opening_hours": null, "website": null, "phone": null }, "geometry": { "type": "Point", "coordinates": [ 22.984575, 40.612763 ] } },
{ "type": "Feature", "properties": { "dest_category": "Supermarket", "dest_source": "commercial_major", "symbol_origin": "node", "name": null, "name:el": null, "name:en": null, "operator": null, "amenity": null, "shop": "supermarket", "capacity": null, "opening_hours": null, "website": null, "phone": null }, "geometry": { "type": "Point", "coordinates": [ 22.979582, 40.614124 ] } },
{ "type": "Feature", "properties": { "dest_category": "Supermarket", "dest_source": "commercial_major", "symbol_origin": "node", "name": "ΑΦΡΟΔΙΤΗ S/M", "name:el": null, "name:en": null, "operator": null, "amenity": null, "shop": "supermarket", "capacity": null, "opening_hours": "Mo-Fr 08:00-21:00; Sa 08:00-20:00", "website": "https://www.smafroditi.gr/", "phone": "2310947154" }, "geometry": { "type": "Point", "coordinates": [ 22.97866, 40.614163 ] } },
{ "type": "Feature", "properties": { "dest_category": "Supermarket", "dest_source": "commercial_major", "symbol_origin": "node", "name": "Μασούτης", "name:el": "Μασούτης", "name:en": "Masoutis", "operator": null, "amenity": null, "shop": "supermarket", "capacity": null, "opening_hours": null, "website": "https://www.masoutis.gr/", "phone": null }, "geometry": { "type": "Point", "coordinates": [ 22.957323, 40.473133 ] } },
{ "type": "Feature", "properties": { "dest_category": "Supermarket", "dest_source": "commercial_major", "symbol_origin": "node", "name": "Τα αγαθά της Εδέμ", "name:el": null, "name:en": null, "operator": null, "amenity": null, "shop": "supermarket", "capacity": null, "opening_hours": "Mo-Fr 08:00-21:00; Sa 08:00-20:00", "website": null, "phone": "+30 2310 486566" }, "geometry": { "type": "Point", "coordinates": [ 22.961199, 40.568451 ] } },
{ "type": "Feature", "properties": { "dest_category": "Supermarket", "dest_source": "commercial_major", "symbol_origin": "node", "name": "Φθηνή Γωνιά", "name:el": null, "name:en": null, "operator": null, "amenity": null, "shop": "supermarket", "capacity": null, "opening_hours": "Mo-Sa 08:00-21:00", "website": null, "phone": "+30 2310 445300" }, "geometry": { "type": "Point", "coordinates": [ 22.959882, 40.569119 ] } },
{ "type": "Feature", "properties": { "dest_category": "Supermarket", "dest_source": "commercial_major", "symbol_origin": "node", "name": "Μασούτης", "name:el": "Μασούτης", "name:en": "Masoutis", "operator": null, "amenity": null, "shop": "supermarket", "capacity": null, "opening_hours": "Mo-Fr 08:00-21:00, Sa 08:00-20:00", "website": "https://www.stromatokinisi.gr/", "phone": "+30 2310 451118" }, "geometry": { "type": "Point", "coordinates": [ 22.956974, 40.572137 ] } },
{ "type": "Feature", "properties": { "dest_category": "Supermarket", "dest_source": "commercial_major", "symbol_origin": "node", "name": "Market In", "name:el": null, "name:en": null, "operator": null, "amenity": null, "shop": "supermarket", "capacity": null, "opening_hours": null, "website": "https://www.market-in.gr/", "phone": "+30 2311 828142" }, "geometry": { "type": "Point", "coordinates": [ 22.958258, 40.572483 ] } },
{ "type": "Feature", "properties": { "dest_category": "Supermarket", "dest_source": "commercial_major", "symbol_origin": "node", "name": "AB shop and go", "name:el": null, "name:en": null, "operator": null, "amenity": null, "shop": "supermarket", "capacity": null, "opening_hours": null, "website": null, "phone": null }, "geometry": { "type": "Point", "coordinates": [ 22.960139, 40.572575 ] } },
{ "type": "Feature", "properties": { "dest_category": "Supermarket", "dest_source": "commercial_major", "symbol_origin": "node", "name": "My market", "name:el": null, "name:en": null, "operator": null, "amenity": null, "shop": "supermarket", "capacity": null, "opening_hours": "Mo-Fr 08:00-21:00; Sa 08:00-20:00", "website": "https://www.mymarket.gr", "phone": "+30 2310 450078" }, "geometry": { "type": "Point", "coordinates": [ 22.960857, 40.572708 ] } },
{ "type": "Feature", "properties": { "dest_category": "Supermarket", "dest_source": "commercial_major", "symbol_origin": "node", "name": "Lidl", "name:el": null, "name:en": null, "operator": null, "amenity": null, "shop": "supermarket", "capacity": null, "opening_hours": null, "website": null, "phone": null }, "geometry": { "type": "Point", "coordinates": [ 22.961481, 40.573291 ] } },
{ "type": "Feature", "properties": { "dest_category": "Supermarket", "dest_source": "commercial_major", "symbol_origin": "node", "name": "Μασούτης", "name:el": "Μασούτης", "name:en": "Masoutis", "operator": null, "amenity": null, "shop": "supermarket", "capacity": null, "opening_hours": null, "website": null, "phone": null }, "geometry": { "type": "Point", "coordinates": [ 22.961581, 40.58288 ] } },
{ "type": "Feature", "properties": { "dest_category": "Supermarket", "dest_source": "commercial_major", "symbol_origin": "node", "name": "Afroditi", "name:el": "Αφροδίτη", "name:en": null, "operator": null, "amenity": null, "shop": "supermarket", "capacity": null, "opening_hours": "Mo-Fr 08:00-21:00; Sa 08:00-20:00", "website": null, "phone": null }, "geometry": { "type": "Point", "coordinates": [ 22.956721, 40.582943 ] } },
{ "type": "Feature", "properties": { "dest_category": "Supermarket", "dest_source": "commercial_major", "symbol_origin": "node", "name": "Discount Markt", "name:el": null, "name:en": null, "operator": null, "amenity": null, "shop": "supermarket", "capacity": null, "opening_hours": null, "website": "https://discountmarkt.gr/", "phone": null }, "geometry": { "type": "Point", "coordinates": [ 22.950951, 40.501036 ] } },
{ "type": "Feature", "properties": { "dest_category": "Supermarket", "dest_source": "commercial_major", "symbol_origin": "node", "name": "ελληνικά market", "name:el": null, "name:en": null, "operator": null, "amenity": null, "shop": "supermarket", "capacity": null, "opening_hours": "Mo-Fr 08:00-21:00, Sa 08:00-20:00", "website": "https://ellinikamarket.gr", "phone": "+30 2310 436621" }, "geometry": { "type": "Point", "coordinates": [ 22.949121, 40.575547 ] } },
{ "type": "Feature", "properties": { "dest_category": "Supermarket", "dest_source": "commercial_major", "symbol_origin": "node", "name": "ΑΦΡΟΔΙΤΗ S/M", "name:el": null, "name:en": null, "operator": null, "amenity": null, "shop": "supermarket", "capacity": null, "opening_hours": null, "website": null, "phone": null }, "geometry": { "type": "Point", "coordinates": [ 22.949553, 40.578766 ] } },
{ "type": "Feature", "properties": { "dest_category": "Supermarket", "dest_source": "commercial_major", "symbol_origin": "node", "name": "ΑΦΡΟΔΙΤΗ S/M", "name:el": null, "name:en": null, "operator": null, "amenity": null, "shop": "supermarket", "capacity": null, "opening_hours": null, "website": null, "phone": null }, "geometry": { "type": "Point", "coordinates": [ 22.953914, 40.579698 ] } },
{ "type": "Feature", "properties": { "dest_category": "Supermarket", "dest_source": "commercial_major", "symbol_origin": "node", "name": "Afroditi", "name:el": "Αφροδίτη", "name:en": null, "operator": null, "amenity": null, "shop": "supermarket", "capacity": null, "opening_hours": null, "website": null, "phone": "+302310458866" }, "geometry": { "type": "Point", "coordinates": [ 22.954617, 40.580389 ] } },
{ "type": "Feature", "properties": { "dest_category": "Supermarket", "dest_source": "commercial_major", "symbol_origin": "node", "name": "Μασούτης", "name:el": "Μασούτης", "name:en": "Masoutis", "operator": null, "amenity": null, "shop": "supermarket", "capacity": null, "opening_hours": "Mo-Fr 08:00-21:00; Sa 08:00-20:00", "website": null, "phone": null }, "geometry": { "type": "Point", "coordinates": [ 22.950092, 40.580459 ] } },
{ "type": "Feature", "properties": { "dest_category": "Supermarket", "dest_source": "commercial_major", "symbol_origin": "node", "name": "Market In", "name:el": null, "name:en": null, "operator": null, "amenity": null, "shop": "supermarket", "capacity": null, "opening_hours": null, "website": "https://www.market-in.gr/", "phone": null }, "geometry": { "type": "Point", "coordinates": [ 22.95055, 40.582118 ] } },
{ "type": "Feature", "properties": { "dest_category": "Supermarket", "dest_source": "commercial_major", "symbol_origin": "node", "name": "Enter Market", "name:el": null, "name:en": null, "operator": null, "amenity": null, "shop": "supermarket", "capacity": null, "opening_hours": "Mo-Su 08:00-00:00", "website": "http://www.entermarket.gr/", "phone": "+30 2314 033200" }, "geometry": { "type": "Point", "coordinates": [ 22.948453, 40.583122 ] } },
{ "type": "Feature", "properties": { "dest_category": "Supermarket", "dest_source": "commercial_major", "symbol_origin": "node", "name": "Μασούτης", "name:el": "Μασούτης", "name:en": "Masoutis", "operator": null, "amenity": null, "shop": "supermarket", "capacity": null, "opening_hours": "Mo-Fr 09:00-21:00; Sa 09:00-20:00", "website": null, "phone": null }, "geometry": { "type": "Point", "coordinates": [ 22.954059, 40.585322 ] } },
{ "type": "Feature", "properties": { "dest_category": "Supermarket", "dest_source": "commercial_major", "symbol_origin": "node", "name": "AB Shop & Go", "name:el": null, "name:en": null, "operator": null, "amenity": null, "shop": "supermarket", "capacity": null, "opening_hours": null, "website": null, "phone": null }, "geometry": { "type": "Point", "coordinates": [ 22.952775, 40.587782 ] } },
{ "type": "Feature", "properties": { "dest_category": "Supermarket", "dest_source": "commercial_major", "symbol_origin": "node", "name": "Μασούτης", "name:el": "Μασούτης", "name:en": "Masoutis", "operator": null, "amenity": null, "shop": "supermarket", "capacity": null, "opening_hours": null, "website": null, "phone": null }, "geometry": { "type": "Point", "coordinates": [ 22.9589, 40.583113 ] } },
{ "type": "Feature", "properties": { "dest_category": "Supermarket", "dest_source": "commercial_major", "symbol_origin": "node", "name": "SUPERMARKET ΑΦΡΟΔΙΤΗ", "name:el": null, "name:en": null, "operator": null, "amenity": null, "shop": "supermarket", "capacity": null, "opening_hours": null, "website": null, "phone": null }, "geometry": { "type": "Point", "coordinates": [ 22.960572, 40.585522 ] } },
{ "type": "Feature", "properties": { "dest_category": "Supermarket", "dest_source": "commercial_major", "symbol_origin": "node", "name": "ΑΦΡΟΔΙΤΗ S/M", "name:el": null, "name:en": null, "operator": null, "amenity": null, "shop": "supermarket", "capacity": null, "opening_hours": null, "website": null, "phone": null }, "geometry": { "type": "Point", "coordinates": [ 22.956148, 40.586792 ] } },
{ "type": "Feature", "properties": { "dest_category": "Supermarket", "dest_source": "commercial_major", "symbol_origin": "node", "name": "ΑΒ Βασιλόπουλος", "name:el": "ΑΒ Βασιλόπουλος", "name:en": "AB Vassilopoulos", "operator": null, "amenity": null, "shop": "supermarket", "capacity": null, "opening_hours": "Mo-Fr 08:00-21:00; Sa 08:00-20:00", "website": null, "phone": null }, "geometry": { "type": "Point", "coordinates": [ 22.961395, 40.587501 ] } },
{ "type": "Feature", "properties": { "dest_category": "Supermarket", "dest_source": "commercial_major", "symbol_origin": "node", "name": "Γαλαξίας", "name:el": "Γαλαξίας", "name:en": "Galaxias", "operator": null, "amenity": null, "shop": "supermarket", "capacity": null, "opening_hours": null, "website": null, "phone": null }, "geometry": { "type": "Point", "coordinates": [ 22.960788, 40.588022 ] } },
{ "type": "Feature", "properties": { "dest_category": "Supermarket", "dest_source": "commercial_major", "symbol_origin": "node", "name": "Ναταλί", "name:el": null, "name:en": null, "operator": null, "amenity": null, "shop": "supermarket", "capacity": null, "opening_hours": null, "website": null, "phone": null }, "geometry": { "type": "Point", "coordinates": [ 22.961313, 40.588201 ] } },
{ "type": "Feature", "properties": { "dest_category": "Supermarket", "dest_source": "commercial_major", "symbol_origin": "node", "name": "Lidl", "name:el": null, "name:en": null, "operator": null, "amenity": null, "shop": "supermarket", "capacity": null, "opening_hours": null, "website": null, "phone": null }, "geometry": { "type": "Point", "coordinates": [ 22.961007, 40.588612 ] } },
{ "type": "Feature", "properties": { "dest_category": "Supermarket", "dest_source": "commercial_major", "symbol_origin": "node", "name": "Μασούτης", "name:el": "Μασούτης", "name:en": "Masoutis", "operator": null, "amenity": null, "shop": "supermarket", "capacity": null, "opening_hours": null, "website": "https://www.masoutis.gr/", "phone": "+30 2310 440556" }, "geometry": { "type": "Point", "coordinates": [ 22.961122, 40.59002 ] } },
{ "type": "Feature", "properties": { "dest_category": "Department store", "dest_source": "commercial_major", "symbol_origin": "node", "name": "Stark Stores", "name:el": null, "name:en": null, "operator": null, "amenity": null, "shop": "department_store", "capacity": null, "opening_hours": null, "website": "https://www.starkstores.gr/", "phone": null }, "geometry": { "type": "Point", "coordinates": [ 22.956264, 40.594066 ] } },
{ "type": "Feature", "properties": { "dest_category": "Department store", "dest_source": "commercial_major", "symbol_origin": "node", "name": "Ask pharmaceutical", "name:el": null, "name:en": null, "operator": null, "amenity": null, "shop": "department_store", "capacity": null, "opening_hours": null, "website": null, "phone": "2310427625" }, "geometry": { "type": "Point", "coordinates": [ 22.957498, 40.594785 ] } },
{ "type": "Feature", "properties": { "dest_category": "Supermarket", "dest_source": "commercial_major", "symbol_origin": "node", "name": "ΑΒ Βασιλόπουλος", "name:el": "ΑΒ Βασιλόπουλος", "name:en": "AB Vassilopoulos", "operator": null, "amenity": null, "shop": "supermarket", "capacity": null, "opening_hours": "Sa 08:00-20:00; Mo-Fr 08:00-21:00", "website": null, "phone": null }, "geometry": { "type": "Point", "coordinates": [ 22.949597, 40.592755 ] } },
{ "type": "Feature", "properties": { "dest_category": "Supermarket", "dest_source": "commercial_major", "symbol_origin": "node", "name": "Μασούτης", "name:el": "Μασούτης", "name:en": "Masoutis", "operator": null, "amenity": null, "shop": "supermarket", "capacity": null, "opening_hours": "Mo-Fr 08:00-21:00; Sa 08:00-20:00", "website": "https://www.masoutis.gr/", "phone": "+30 2310 426689" }, "geometry": { "type": "Point", "coordinates": [ 22.95533, 40.598114 ] } },
{ "type": "Feature", "properties": { "dest_category": "Supermarket", "dest_source": "commercial_major", "symbol_origin": "node", "name": "Σκλαβενίτης", "name:el": "Σκλαβενίτης", "name:en": "Sklavenitis", "operator": null, "amenity": null, "shop": "supermarket", "capacity": null, "opening_hours": "Mo-Fr 08:00-21:00; Sa 08:00-20:00; Su,PH off", "website": "https://www.sklavenitis.gr/", "phone": "+30 2310 415314;+30 2310 416372" }, "geometry": { "type": "Point", "coordinates": [ 22.954764, 40.598705 ] } },
{ "type": "Feature", "properties": { "dest_category": "Supermarket", "dest_source": "commercial_major", "symbol_origin": "node", "name": "Μασούτης", "name:el": "Μασούτης", "name:en": "Masoutis", "operator": null, "amenity": null, "shop": "supermarket", "capacity": null, "opening_hours": "Mo-Fr 08:00-21:00; Sa 08:00-20:00", "website": "https://www.masoutis.gr/", "phone": "+30 2310 835352" }, "geometry": { "type": "Point", "coordinates": [ 22.953339, 40.599738 ] } },
{ "type": "Feature", "properties": { "dest_category": "Supermarket", "dest_source": "commercial_major", "symbol_origin": "node", "name": "Μάνα Γή", "name:el": null, "name:en": null, "operator": null, "amenity": null, "shop": "supermarket", "capacity": null, "opening_hours": null, "website": null, "phone": null }, "geometry": { "type": "Point", "coordinates": [ 22.952631, 40.599906 ] } },
{ "type": "Feature", "properties": { "dest_category": "Supermarket", "dest_source": "commercial_major", "symbol_origin": "node", "name": "Bazaar", "name:el": null, "name:en": null, "operator": null, "amenity": null, "shop": "supermarket", "capacity": null, "opening_hours": null, "website": null, "phone": null }, "geometry": { "type": "Point", "coordinates": [ 22.95365, 40.600783 ] } },
{ "type": "Feature", "properties": { "dest_category": "Supermarket", "dest_source": "commercial_major", "symbol_origin": "node", "name": null, "name:el": null, "name:en": "ClickMarket", "operator": null, "amenity": null, "shop": "supermarket", "capacity": null, "opening_hours": null, "website": "https://www.clickmarket.gr/", "phone": null }, "geometry": { "type": "Point", "coordinates": [ 22.95116, 40.601036 ] } },
{ "type": "Feature", "properties": { "dest_category": "Supermarket", "dest_source": "commercial_major", "symbol_origin": "node", "name": "Φθηνά στη γειτονιά", "name:el": null, "name:en": null, "operator": null, "amenity": null, "shop": "supermarket", "capacity": null, "opening_hours": null, "website": null, "phone": null }, "geometry": { "type": "Point", "coordinates": [ 22.954328, 40.601287 ] } },
{ "type": "Feature", "properties": { "dest_category": "Supermarket", "dest_source": "commercial_major", "symbol_origin": "node", "name": "Μασούτης", "name:el": "Μασούτης", "name:en": "Masoutis", "operator": null, "amenity": null, "shop": "supermarket", "capacity": null, "opening_hours": "Mo-Fr 08:00-21:00; Sa 08:00-20:00", "website": "https://www.masoutis.gr/", "phone": "+30 2310 835212" }, "geometry": { "type": "Point", "coordinates": [ 22.953, 40.602682 ] } },
{ "type": "Feature", "properties": { "dest_category": "Supermarket", "dest_source": "commercial_major", "symbol_origin": "node", "name": "ΑΒ Βασιλόπουλος", "name:el": "ΑΒ Βασιλόπουλος", "name:en": "AB Vassilopoulos", "operator": null, "amenity": null, "shop": "supermarket", "capacity": null, "opening_hours": "Mo-Fr 08:00-21:00, Sa 08:00-20:00", "website": "https://www.ab.gr/", "phone": null }, "geometry": { "type": "Point", "coordinates": [ 22.953918, 40.604062 ] } },
{ "type": "Feature", "properties": { "dest_category": "Supermarket", "dest_source": "commercial_major", "symbol_origin": "node", "name": "Σκλαβενίτης", "name:el": "Σκλαβενίτης", "name:en": "Sklavenitis", "operator": "Σκλαβενίτης", "amenity": null, "shop": "supermarket", "capacity": null, "opening_hours": "Mo-Fr 08:00-21:00; Sa 08:00-20:00; Su,PH off", "website": "https://www.sklavenitis.gr/", "phone": "+30 2310 327710" }, "geometry": { "type": "Point", "coordinates": [ 22.96011, 40.596005 ] } },
{ "type": "Feature", "properties": { "dest_category": "Supermarket", "dest_source": "commercial_major", "symbol_origin": "node", "name": "My market", "name:el": null, "name:en": null, "operator": null, "amenity": null, "shop": "supermarket", "capacity": null, "opening_hours": null, "website": null, "phone": null }, "geometry": { "type": "Point", "coordinates": [ 22.956276, 40.596234 ] } },
{ "type": "Feature", "properties": { "dest_category": "Supermarket", "dest_source": "commercial_major", "symbol_origin": "node", "name": "Το Σημείο (Express Market)", "name:el": null, "name:en": null, "operator": null, "amenity": null, "shop": "supermarket", "capacity": null, "opening_hours": "24/7", "website": null, "phone": null }, "geometry": { "type": "Point", "coordinates": [ 22.958335, 40.596268 ] } },
{ "type": "Feature", "properties": { "dest_category": "Supermarket", "dest_source": "commercial_major", "symbol_origin": "node", "name": "Discount Markt", "name:el": null, "name:en": null, "operator": null, "amenity": null, "shop": "supermarket", "capacity": null, "opening_hours": "Mo-Sa 09:00-21:00", "website": "https://discountmarkt.gr/", "phone": null }, "geometry": { "type": "Point", "coordinates": [ 22.957653, 40.597065 ] } },
{ "type": "Feature", "properties": { "dest_category": "Supermarket", "dest_source": "commercial_major", "symbol_origin": "node", "name": "Μασούτης", "name:el": "Μασούτης", "name:en": "Masoutis", "operator": null, "amenity": null, "shop": "supermarket", "capacity": null, "opening_hours": "Mo-Fr 08:00-21:00, Sa 08:00-20:00", "website": "https://www.masoutis.gr/", "phone": "+30 2310 322104" }, "geometry": { "type": "Point", "coordinates": [ 22.958827, 40.598862 ] } },
{ "type": "Feature", "properties": { "dest_category": "Supermarket", "dest_source": "commercial_major", "symbol_origin": "node", "name": "ΑΒ Βασιλόπουλος", "name:el": "ΑΒ Βασιλόπουλος", "name:en": "AB Vassilopoulos", "operator": null, "amenity": null, "shop": "supermarket", "capacity": null, "opening_hours": "Mo-Fr 08:00-21:00, Sa 08:00-20:00", "website": "https://www.ab.gr/", "phone": null }, "geometry": { "type": "Point", "coordinates": [ 22.956442, 40.600154 ] } },
{ "type": "Feature", "properties": { "dest_category": "Supermarket", "dest_source": "commercial_major", "symbol_origin": "node", "name": "ΑΦΡΟΔΙΤΗ S/M", "name:el": null, "name:en": null, "operator": null, "amenity": null, "shop": "supermarket", "capacity": null, "opening_hours": null, "website": null, "phone": null }, "geometry": { "type": "Point", "coordinates": [ 22.961882, 40.600419 ] } },
{ "type": "Feature", "properties": { "dest_category": "Supermarket", "dest_source": "commercial_major", "symbol_origin": "node", "name": "Mymarket local", "name:el": null, "name:en": null, "operator": null, "amenity": null, "shop": "supermarket", "capacity": null, "opening_hours": null, "website": null, "phone": null }, "geometry": { "type": "Point", "coordinates": [ 22.958774, 40.601046 ] } },
{ "type": "Feature", "properties": { "dest_category": "Supermarket", "dest_source": "commercial_major", "symbol_origin": "node", "name": "αριάδνη", "name:el": null, "name:en": null, "operator": null, "amenity": null, "shop": "supermarket", "capacity": null, "opening_hours": null, "website": null, "phone": null }, "geometry": { "type": "Point", "coordinates": [ 22.955665, 40.6014 ] } },
{ "type": "Feature", "properties": { "dest_category": "Supermarket", "dest_source": "commercial_major", "symbol_origin": "node", "name": "Market In", "name:el": null, "name:en": null, "operator": null, "amenity": null, "shop": "supermarket", "capacity": null, "opening_hours": null, "website": "https://www.market-in.gr/", "phone": null }, "geometry": { "type": "Point", "coordinates": [ 22.946555, 40.57824 ] } },
{ "type": "Feature", "properties": { "dest_category": "Supermarket", "dest_source": "commercial_major", "symbol_origin": "node", "name": "362 Grocery", "name:el": null, "name:en": null, "operator": null, "amenity": null, "shop": "supermarket", "capacity": null, "opening_hours": "08:00 - 23:30", "website": "https://362grocery.com", "phone": "+30 2316021609" }, "geometry": { "type": "Point", "coordinates": [ 22.947859, 40.579247 ] } },
{ "type": "Feature", "properties": { "dest_category": "Supermarket", "dest_source": "commercial_major", "symbol_origin": "node", "name": "Αφροδίτη", "name:el": null, "name:en": null, "operator": null, "amenity": null, "shop": "supermarket", "capacity": null, "opening_hours": "Mo-Fr 08:00-21:00, Sa 08:00-20:00", "website": null, "phone": "+30 2310 424409" }, "geometry": { "type": "Point", "coordinates": [ 22.94644, 40.583881 ] } },
{ "type": "Feature", "properties": { "dest_category": "Retail", "dest_source": "commercial_major", "symbol_origin": "node", "name": null, "name:el": null, "name:en": null, "operator": null, "amenity": null, "shop": null, "capacity": null, "opening_hours": null, "website": null, "phone": null }, "geometry": { "type": "Point", "coordinates": [ 22.94667, 40.586298 ] } },
{ "type": "Feature", "properties": { "dest_category": "Supermarket", "dest_source": "commercial_major", "symbol_origin": "node", "name": "Μασούτης", "name:el": "Μασούτης", "name:en": "Masoutis", "operator": null, "amenity": null, "shop": "supermarket", "capacity": null, "opening_hours": null, "website": "https://www.masoutis.gr/", "phone": "+30 2310 413755" }, "geometry": { "type": "Point", "coordinates": [ 22.946252, 40.586443 ] } },
{ "type": "Feature", "properties": { "dest_category": "Supermarket", "dest_source": "commercial_major", "symbol_origin": "node", "name": "Καθε μέρα stop & shop", "name:el": null, "name:en": null, "operator": null, "amenity": null, "shop": "supermarket", "capacity": null, "opening_hours": null, "website": null, "phone": null }, "geometry": { "type": "Point", "coordinates": [ 22.946099, 40.588753 ] } },
{ "type": "Feature", "properties": { "dest_category": "Supermarket", "dest_source": "commercial_major", "symbol_origin": "node", "name": "AB Shop & Go", "name:el": null, "name:en": null, "operator": null, "amenity": null, "shop": "supermarket", "capacity": null, "opening_hours": null, "website": null, "phone": null }, "geometry": { "type": "Point", "coordinates": [ 22.945568, 40.589407 ] } },
{ "type": "Feature", "properties": { "dest_category": "Supermarket", "dest_source": "commercial_major", "symbol_origin": "node", "name": "Μασούτης", "name:el": "Μασούτης", "name:en": "Masoutis", "operator": null, "amenity": null, "shop": "supermarket", "capacity": null, "opening_hours": null, "website": null, "phone": null }, "geometry": { "type": "Point", "coordinates": [ 22.948116, 40.591291 ] } },
{ "type": "Feature", "properties": { "dest_category": "Supermarket", "dest_source": "commercial_major", "symbol_origin": "node", "name": "Μασούτης", "name:el": "Μασούτης", "name:en": "Masoutis", "operator": null, "amenity": null, "shop": "supermarket", "capacity": null, "opening_hours": "Mo-Fr 08:00-21:00; Sa 08:00-20:00", "website": "https://www.masoutis.gr/", "phone": "+30 2310 230539" }, "geometry": { "type": "Point", "coordinates": [ 22.947105, 40.628122 ] } },
{ "type": "Feature", "properties": { "dest_category": "Supermarket", "dest_source": "commercial_major", "symbol_origin": "node", "name": "ΑΒ Βασιλόπουλος", "name:el": "ΑΒ Βασιλόπουλος", "name:en": "AB Vassilopoulos", "operator": null, "amenity": null, "shop": "supermarket", "capacity": null, "opening_hours": null, "website": null, "phone": null }, "geometry": { "type": "Point", "coordinates": [ 22.943331, 40.631021 ] } },
{ "type": "Feature", "properties": { "dest_category": "Supermarket", "dest_source": "commercial_major", "symbol_origin": "node", "name": "express market", "name:el": null, "name:en": null, "operator": null, "amenity": null, "shop": "supermarket", "capacity": null, "opening_hours": null, "website": null, "phone": null }, "geometry": { "type": "Point", "coordinates": [ 22.958077, 40.601955 ] } },
{ "type": "Feature", "properties": { "dest_category": "Supermarket", "dest_source": "commercial_major", "symbol_origin": "node", "name": "Μασούτης", "name:el": "Μασούτης", "name:en": "Masoutis", "operator": null, "amenity": null, "shop": "supermarket", "capacity": null, "opening_hours": "Mo-Fr 08:00-21:00; Sa 08:00-20:00", "website": "https://www.masoutis.gr/", "phone": "+30 2310 815641" }, "geometry": { "type": "Point", "coordinates": [ 22.956105, 40.602875 ] } },
{ "type": "Feature", "properties": { "dest_category": "Supermarket", "dest_source": "commercial_major", "symbol_origin": "node", "name": "Άλλος Τρόπος", "name:el": "Άλλος Τρόπος", "name:en": "Allos Tropos", "operator": null, "amenity": null, "shop": "supermarket", "capacity": null, "opening_hours": "Mo-Fr 09:00-21:00; Sa 09:00-17:00", "website": "https://allostropos.gr/", "phone": "+302310866410" }, "geometry": { "type": "Point", "coordinates": [ 22.95776, 40.603204 ] } },
{ "type": "Feature", "properties": { "dest_category": "Supermarket", "dest_source": "commercial_major", "symbol_origin": "node", "name": "Arista", "name:el": null, "name:en": null, "operator": null, "amenity": null, "shop": "supermarket", "capacity": null, "opening_hours": null, "website": "https://www.arista.gr/web/", "phone": null }, "geometry": { "type": "Point", "coordinates": [ 22.960081, 40.603831 ] } },
{ "type": "Feature", "properties": { "dest_category": "Supermarket", "dest_source": "commercial_major", "symbol_origin": "node", "name": "Μασούτης", "name:el": "Μασούτης", "name:en": "Masoutis", "operator": null, "amenity": null, "shop": "supermarket", "capacity": null, "opening_hours": "Mo-Fr 08:00-21:00, Sa 08:00-20:00", "website": "https://www.masoutis.gr/", "phone": "+30 2310 827150" }, "geometry": { "type": "Point", "coordinates": [ 22.961394, 40.605331 ] } },
{ "type": "Feature", "properties": { "dest_category": "Supermarket", "dest_source": "commercial_major", "symbol_origin": "node", "name": "Bazaar", "name:el": null, "name:en": null, "operator": null, "amenity": null, "shop": "supermarket", "capacity": null, "opening_hours": null, "website": null, "phone": null }, "geometry": { "type": "Point", "coordinates": [ 22.959508, 40.606064 ] } },
{ "type": "Feature", "properties": { "dest_category": "Supermarket", "dest_source": "commercial_major", "symbol_origin": "node", "name": "My market", "name:el": null, "name:en": null, "operator": null, "amenity": null, "shop": "supermarket", "capacity": null, "opening_hours": null, "website": null, "phone": null }, "geometry": { "type": "Point", "coordinates": [ 22.955298, 40.606852 ] } },
{ "type": "Feature", "properties": { "dest_category": "Supermarket", "dest_source": "commercial_major", "symbol_origin": "node", "name": "Mix Markt", "name:el": null, "name:en": null, "operator": null, "amenity": null, "shop": "supermarket", "capacity": null, "opening_hours": null, "website": "https://www.mixmarkt.gr/", "phone": null }, "geometry": { "type": "Point", "coordinates": [ 22.958254, 40.607151 ] } },
{ "type": "Feature", "properties": { "dest_category": "Supermarket", "dest_source": "commercial_major", "symbol_origin": "node", "name": "Μασούτης", "name:el": "Μασούτης", "name:en": "Masoutis", "operator": null, "amenity": null, "shop": "supermarket", "capacity": null, "opening_hours": "Mo-Fr 08:00-21:00, Sa 08:00-20:00", "website": "https://www.masoutis.gr/", "phone": "+30 2310 861600" }, "geometry": { "type": "Point", "coordinates": [ 22.961606, 40.607365 ] } },
{ "type": "Feature", "properties": { "dest_category": "Supermarket", "dest_source": "commercial_major", "symbol_origin": "node", "name": null, "name:el": null, "name:en": null, "operator": null, "amenity": null, "shop": "supermarket", "capacity": null, "opening_hours": null, "website": null, "phone": null }, "geometry": { "type": "Point", "coordinates": [ 22.956246, 40.608578 ] } },
{ "type": "Feature", "properties": { "dest_category": "Supermarket", "dest_source": "commercial_major", "symbol_origin": "node", "name": "ΑΦΡΟΔΙΤΗ S/M", "name:el": null, "name:en": null, "operator": null, "amenity": null, "shop": "supermarket", "capacity": null, "opening_hours": "Mo-Fr 08:00-21:00, Sa 08:00-20:00", "website": "https://smafroditi.gr/", "phone": null }, "geometry": { "type": "Point", "coordinates": [ 22.966208, 40.602892 ] } },
{ "type": "Feature", "properties": { "dest_category": "Supermarket", "dest_source": "commercial_major", "symbol_origin": "node", "name": "Μασούτης", "name:el": "Μασούτης", "name:en": "Masoutis", "operator": null, "amenity": null, "shop": "supermarket", "capacity": null, "opening_hours": "Mo-Fr 08:00-21:00, Sa 08:00-20:00", "website": "https://www.masoutis.gr/", "phone": null }, "geometry": { "type": "Point", "coordinates": [ 22.970503, 40.603769 ] } },
{ "type": "Feature", "properties": { "dest_category": "Supermarket", "dest_source": "commercial_major", "symbol_origin": "node", "name": "Σκλαβενίτης", "name:el": "Σκλαβενίτης", "name:en": "Sklavenitis", "operator": null, "amenity": null, "shop": "supermarket", "capacity": null, "opening_hours": "Mo-Fr 08:00-21:00; Sa 08:00-20:00; Su,PH off", "website": "https://www.sklavenitis.gr/", "phone": "+30 2310 302831" }, "geometry": { "type": "Point", "coordinates": [ 22.968161, 40.604065 ] } },
{ "type": "Feature", "properties": { "dest_category": "Supermarket", "dest_source": "commercial_major", "symbol_origin": "node", "name": "AB shop & go", "name:el": "ΑΒ shop & go", "name:en": "AB shop & go", "operator": null, "amenity": null, "shop": "supermarket", "capacity": null, "opening_hours": null, "website": null, "phone": null }, "geometry": { "type": "Point", "coordinates": [ 22.964542, 40.605264 ] } },
{ "type": "Feature", "properties": { "dest_category": "Supermarket", "dest_source": "commercial_major", "symbol_origin": "node", "name": "Discount Markt", "name:el": null, "name:en": null, "operator": null, "amenity": null, "shop": "supermarket", "capacity": null, "opening_hours": null, "website": "https://www.discountmarkt.gr/", "phone": null }, "geometry": { "type": "Point", "coordinates": [ 22.963271, 40.605536 ] } },
{ "type": "Feature", "properties": { "dest_category": "Department store", "dest_source": "commercial_major", "symbol_origin": "node", "name": "E-shop", "name:el": null, "name:en": "e-shop.gr", "operator": null, "amenity": null, "shop": "department_store", "capacity": null, "opening_hours": "Mo-Fr 09:00-21:00, Sa 09:00-16:30", "website": "https://www.e-shop.gr/", "phone": "+30 211 5000500" }, "geometry": { "type": "Point", "coordinates": [ 22.964384, 40.605758 ] } },
{ "type": "Feature", "properties": { "dest_category": "Supermarket", "dest_source": "commercial_major", "symbol_origin": "node", "name": "Γαλαξίας", "name:el": "Γαλαξίας", "name:en": "Galaxias", "operator": null, "amenity": null, "shop": "supermarket", "capacity": null, "opening_hours": "Mo-Fr 08:00-21:00, Sa 08:00-20:00", "website": "https://5ae.gr/", "phone": null }, "geometry": { "type": "Point", "coordinates": [ 22.968058, 40.606573 ] } },
{ "type": "Feature", "properties": { "dest_category": "Supermarket", "dest_source": "commercial_major", "symbol_origin": "node", "name": "Lidl", "name:el": null, "name:en": null, "operator": null, "amenity": null, "shop": "supermarket", "capacity": null, "opening_hours": "Mo-Fr 07:00-21:00, Sa 07:00-20:00", "website": "https://www.lidl-hellas.gr/", "phone": null }, "geometry": { "type": "Point", "coordinates": [ 22.967224, 40.606658 ] } },
{ "type": "Feature", "properties": { "dest_category": "Supermarket", "dest_source": "commercial_major", "symbol_origin": "node", "name": "ΑΒ Βασιλόπουλος", "name:el": "ΑΒ Βασιλόπουλος", "name:en": "AB Vassilopoulos", "operator": null, "amenity": null, "shop": "supermarket", "capacity": null, "opening_hours": "Mo-Fr 08:00-21:00, Sa 08:00-20:00", "website": "https://www.ab.gr/", "phone": "+30 2310 944115" }, "geometry": { "type": "Point", "coordinates": [ 22.970651, 40.6073 ] } },
{ "type": "Feature", "properties": { "dest_category": "Shopping mall", "dest_source": "commercial_major", "symbol_origin": "node", "name": null, "name:el": null, "name:en": null, "operator": null, "amenity": null, "shop": "mall", "capacity": null, "opening_hours": null, "website": null, "phone": null }, "geometry": { "type": "Point", "coordinates": [ 22.965887, 40.607811 ] } },
{ "type": "Feature", "properties": { "dest_category": "Supermarket", "dest_source": "commercial_major", "symbol_origin": "node", "name": "Μασούτης", "name:el": "Μασούτης", "name:en": "Masoutis", "operator": null, "amenity": null, "shop": "supermarket", "capacity": null, "opening_hours": "Mo-Fr 08:00-21:00, Sa 08:00-20:00", "website": "https://www.masoutis.gr/", "phone": null }, "geometry": { "type": "Point", "coordinates": [ 22.973025, 40.608757 ] } },
{ "type": "Feature", "properties": { "dest_category": "Supermarket", "dest_source": "commercial_major", "symbol_origin": "node", "name": "Bazaar", "name:el": null, "name:en": null, "operator": null, "amenity": null, "shop": "supermarket", "capacity": null, "opening_hours": null, "website": "https://www.bazaar-online.gr/", "phone": null }, "geometry": { "type": "Point", "coordinates": [ 22.972027, 40.608768 ] } },
{ "type": "Feature", "properties": { "dest_category": "Supermarket", "dest_source": "commercial_major", "symbol_origin": "node", "name": "Ελληνικά Μάρκετ", "name:el": "Ελληνικά Μάρκετ", "name:en": null, "operator": null, "amenity": null, "shop": "supermarket", "capacity": null, "opening_hours": "Mo-Fr 08:00-21:00, Sa 08:00-20:00", "website": "https://ellinikamarket.gr/", "phone": null }, "geometry": { "type": "Point", "coordinates": [ 22.962525, 40.608938 ] } },
{ "type": "Feature", "properties": { "dest_category": "Supermarket", "dest_source": "commercial_major", "symbol_origin": "node", "name": "Αφροδίτη", "name:el": null, "name:en": null, "operator": null, "amenity": null, "shop": "supermarket", "capacity": null, "opening_hours": null, "website": "https://smafroditi.gr/", "phone": null }, "geometry": { "type": "Point", "coordinates": [ 22.967187, 40.609788 ] } },
{ "type": "Feature", "properties": { "dest_category": "Supermarket", "dest_source": "commercial_major", "symbol_origin": "node", "name": "Bazaar", "name:el": null, "name:en": null, "operator": null, "amenity": null, "shop": "supermarket", "capacity": null, "opening_hours": "Mo-Fr 08:00-21:00, Sa 08:00-20:00", "website": "https://www.bazaar-online.gr/", "phone": null }, "geometry": { "type": "Point", "coordinates": [ 22.964887, 40.609929 ] } },
{ "type": "Feature", "properties": { "dest_category": "Supermarket", "dest_source": "commercial_major", "symbol_origin": "node", "name": "My market", "name:el": null, "name:en": null, "operator": null, "amenity": null, "shop": "supermarket", "capacity": null, "opening_hours": null, "website": "https://www.mymarket.gr/", "phone": null }, "geometry": { "type": "Point", "coordinates": [ 22.964993, 40.610559 ] } },
{ "type": "Feature", "properties": { "dest_category": "Supermarket", "dest_source": "commercial_major", "symbol_origin": "node", "name": "ΑΦΡΟΔΙΤΗ S/M", "name:el": null, "name:en": null, "operator": null, "amenity": null, "shop": "supermarket", "capacity": null, "opening_hours": "Mo-Fr 08:00-21:00; Sa 08:00-20:00", "website": "https://smafroditi.gr", "phone": "+302310919119" }, "geometry": { "type": "Point", "coordinates": [ 22.971258, 40.61066 ] } },
{ "type": "Feature", "properties": { "dest_category": "Supermarket", "dest_source": "commercial_major", "symbol_origin": "node", "name": "Σκλαβενίτης", "name:el": "Σκλαβενίτης", "name:en": "Sklavenitis", "operator": "Σκλαβενίτης", "amenity": null, "shop": "supermarket", "capacity": null, "opening_hours": "Mo-Fr 08:00-21:00; Sa 08:00-20:00; Su,PH off", "website": "https://www.sklavenitis.gr/", "phone": "+30 2310 865036" }, "geometry": { "type": "Point", "coordinates": [ 22.96201, 40.611042 ] } },
{ "type": "Feature", "properties": { "dest_category": "Supermarket", "dest_source": "commercial_major", "symbol_origin": "node", "name": "ΑΒ Βασιλόπουλος", "name:el": "ΑΒ Βασιλόπουλος", "name:en": "AB Vassilopoulos", "operator": null, "amenity": null, "shop": "supermarket", "capacity": null, "opening_hours": "Mo-Fr 08:00-21:00, Sa 08:00-20:00", "website": "https://www.ab.gr/", "phone": null }, "geometry": { "type": "Point", "coordinates": [ 22.96456, 40.611546 ] } },
{ "type": "Feature", "properties": { "dest_category": "Supermarket", "dest_source": "commercial_major", "symbol_origin": "node", "name": "Μασούτης", "name:el": "Μασούτης", "name:en": "Masoutis", "operator": null, "amenity": null, "shop": "supermarket", "capacity": null, "opening_hours": "Mo-Fr 08:00-21:00; Sa 08:00-20:00", "website": "https://www.masoutis.gr/", "phone": "+30 2310 833327" }, "geometry": { "type": "Point", "coordinates": [ 22.958648, 40.609323 ] } },
{ "type": "Feature", "properties": { "dest_category": "Supermarket", "dest_source": "commercial_major", "symbol_origin": "node", "name": "Σκλαβενίτης", "name:el": "Σκλαβενίτης", "name:en": "Sklavenitis", "operator": "Σκλαβενίτης", "amenity": null, "shop": "supermarket", "capacity": null, "opening_hours": "Mo-Fr 08:00-21:00; Sa 08:00-20:00; Su,PH off", "website": "https://www.sklavenitis.gr/", "phone": "+30 2310 840546;+30 2310 840506" }, "geometry": { "type": "Point", "coordinates": [ 22.957715, 40.609474 ] } },
{ "type": "Feature", "properties": { "dest_category": "Supermarket", "dest_source": "commercial_major", "symbol_origin": "node", "name": "Discount Market", "name:el": null, "name:en": null, "operator": null, "amenity": null, "shop": "supermarket", "capacity": null, "opening_hours": null, "website": null, "phone": null }, "geometry": { "type": "Point", "coordinates": [ 22.956839, 40.611511 ] } },
{ "type": "Feature", "properties": { "dest_category": "Supermarket", "dest_source": "commercial_major", "symbol_origin": "node", "name": "ΑΒ Βασιλόπουλος", "name:el": "ΑΒ Βασιλόπουλος", "name:en": "AB Vassilopoulos", "operator": null, "amenity": null, "shop": "supermarket", "capacity": null, "opening_hours": null, "website": null, "phone": null }, "geometry": { "type": "Point", "coordinates": [ 22.957742, 40.613018 ] } },
{ "type": "Feature", "properties": { "dest_category": "Supermarket", "dest_source": "commercial_major", "symbol_origin": "node", "name": "Bazaar", "name:el": null, "name:en": null, "operator": null, "amenity": null, "shop": "supermarket", "capacity": null, "opening_hours": null, "website": null, "phone": null }, "geometry": { "type": "Point", "coordinates": [ 22.957413, 40.613408 ] } },
{ "type": "Feature", "properties": { "dest_category": "Supermarket", "dest_source": "commercial_major", "symbol_origin": "node", "name": "Μασούτης", "name:el": "Μασούτης", "name:en": "Masoutis", "operator": null, "amenity": null, "shop": "supermarket", "capacity": null, "opening_hours": "Mo-Fr 08:00-21:00; Sa 08:00-20:00", "website": "https://www.masoutis.gr/", "phone": "+30 2310 868957" }, "geometry": { "type": "Point", "coordinates": [ 22.960405, 40.614519 ] } },
{ "type": "Feature", "properties": { "dest_category": "Supermarket", "dest_source": "commercial_major", "symbol_origin": "node", "name": "Naturall", "name:el": null, "name:en": null, "operator": null, "amenity": null, "shop": "supermarket", "capacity": null, "opening_hours": null, "website": null, "phone": null }, "geometry": { "type": "Point", "coordinates": [ 22.959969, 40.614788 ] } },
{ "type": "Feature", "properties": { "dest_category": "Supermarket", "dest_source": "commercial_major", "symbol_origin": "node", "name": "Σκλαβενίτης", "name:el": "Σκλαβενίτης", "name:en": "Sklavenitis", "operator": "Σκλαβενίτης", "amenity": null, "shop": "supermarket", "capacity": null, "opening_hours": "Mo-Fr 08:00-21:00; Sa 08:00-20:00; Su,PH off", "website": "https://www.sklavenitis.gr/", "phone": "+30 2310 810108" }, "geometry": { "type": "Point", "coordinates": [ 22.958334, 40.615291 ] } },
{ "type": "Feature", "properties": { "dest_category": "Supermarket", "dest_source": "commercial_major", "symbol_origin": "node", "name": "Μασούτης", "name:el": "Μασούτης", "name:en": "Masoutis", "operator": null, "amenity": null, "shop": "supermarket", "capacity": null, "opening_hours": "Mo-Fr 08:00-21:00; Sa 08:00-20:00", "website": "https://www.masoutis.gr/", "phone": "+30 2310 818210" }, "geometry": { "type": "Point", "coordinates": [ 22.96022, 40.616493 ] } },
{ "type": "Feature", "properties": { "dest_category": "Supermarket", "dest_source": "commercial_major", "symbol_origin": "node", "name": "Lidl", "name:el": null, "name:en": null, "operator": null, "amenity": null, "shop": "supermarket", "capacity": null, "opening_hours": "Mo-Fr 08:00-21:00; Sa 08:00-20:00; PH,Su 10:00-18:00", "website": "https://www.lidl-hellas.gr/", "phone": null }, "geometry": { "type": "Point", "coordinates": [ 22.931638, 40.437149 ] } },
{ "type": "Feature", "properties": { "dest_category": "Supermarket", "dest_source": "commercial_major", "symbol_origin": "node", "name": "Μασούτης", "name:el": "Μασούτης", "name:en": "Masoutis", "operator": null, "amenity": null, "shop": "supermarket", "capacity": null, "opening_hours": null, "website": "https://www.masoutis.gr/", "phone": null }, "geometry": { "type": "Point", "coordinates": [ 22.931909, 40.439034 ] } },
{ "type": "Feature", "properties": { "dest_category": "Supermarket", "dest_source": "commercial_major", "symbol_origin": "node", "name": "Lidl", "name:el": null, "name:en": null, "operator": null, "amenity": null, "shop": "supermarket", "capacity": null, "opening_hours": "Mo-Fr 08:00-21:00; Sa 08:00-20:00; Su 10:00-18:00", "website": null, "phone": null }, "geometry": { "type": "Point", "coordinates": [ 22.918935, 40.50105 ] } },
{ "type": "Feature", "properties": { "dest_category": "Supermarket", "dest_source": "commercial_major", "symbol_origin": "node", "name": "ΑΒ Βασιλόπουλος", "name:el": null, "name:en": null, "operator": null, "amenity": null, "shop": "supermarket", "capacity": null, "opening_hours": null, "website": null, "phone": null }, "geometry": { "type": "Point", "coordinates": [ 22.9214, 40.501832 ] } },
{ "type": "Feature", "properties": { "dest_category": "Supermarket", "dest_source": "commercial_major", "symbol_origin": "node", "name": "Μασούτης", "name:el": "Μασούτης", "name:en": "Masoutis", "operator": null, "amenity": null, "shop": "supermarket", "capacity": null, "opening_hours": null, "website": null, "phone": null }, "geometry": { "type": "Point", "coordinates": [ 22.933216, 40.502656 ] } },
{ "type": "Feature", "properties": { "dest_category": "Supermarket", "dest_source": "commercial_major", "symbol_origin": "node", "name": "Market In", "name:el": null, "name:en": null, "operator": null, "amenity": null, "shop": "supermarket", "capacity": null, "opening_hours": null, "website": "https://www.market-in.gr/", "phone": null }, "geometry": { "type": "Point", "coordinates": [ 22.926977, 40.503235 ] } },
{ "type": "Feature", "properties": { "dest_category": "Supermarket", "dest_source": "commercial_major", "symbol_origin": "node", "name": "Mini Market Natalia", "name:el": null, "name:en": null, "operator": null, "amenity": null, "shop": "supermarket", "capacity": null, "opening_hours": null, "website": null, "phone": "+302392029940" }, "geometry": { "type": "Point", "coordinates": [ 22.918737, 40.505977 ] } },
{ "type": "Feature", "properties": { "dest_category": "Supermarket", "dest_source": "commercial_major", "symbol_origin": "node", "name": "Μασούτης", "name:el": "Μασούτης", "name:en": "Masoutis", "operator": null, "amenity": null, "shop": "supermarket", "capacity": null, "opening_hours": "Mo-Fr 08:00-21:00; Sa 08:00-20:00; Su 10:00-15:00", "website": "https://www.masoutis.gr/", "phone": "2392024003" }, "geometry": { "type": "Point", "coordinates": [ 22.926429, 40.506177 ] } },
{ "type": "Feature", "properties": { "dest_category": "Department store", "dest_source": "commercial_major", "symbol_origin": "node", "name": "EUROshop", "name:el": null, "name:en": null, "operator": null, "amenity": null, "shop": "department_store", "capacity": null, "opening_hours": null, "website": null, "phone": null }, "geometry": { "type": "Point", "coordinates": [ 22.932911, 40.640137 ] } },
{ "type": "Feature", "properties": { "dest_category": "Shopping mall", "dest_source": "commercial_major", "symbol_origin": "node", "name": "Limani Center", "name:el": null, "name:en": null, "operator": null, "amenity": null, "shop": "mall", "capacity": null, "opening_hours": null, "website": null, "phone": null }, "geometry": { "type": "Point", "coordinates": [ 22.91863, 40.640065 ] } },
{ "type": "Feature", "properties": { "dest_category": "Supermarket", "dest_source": "commercial_major", "symbol_origin": "node", "name": "Μασούτης", "name:el": "Μασούτης", "name:en": "Masoutis", "operator": null, "amenity": null, "shop": "supermarket", "capacity": null, "opening_hours": null, "website": null, "phone": null }, "geometry": { "type": "Point", "coordinates": [ 22.862859, 40.45925 ] } },
{ "type": "Feature", "properties": { "dest_category": "Supermarket", "dest_source": "commercial_major", "symbol_origin": "node", "name": "Σκλαβενίτης", "name:el": "Σκλαβενίτης", "name:en": "Sklavenitis", "operator": null, "amenity": null, "shop": "supermarket", "capacity": null, "opening_hours": "Mo-Fr 08:00-21:00; Sa 08:00-20:00", "website": "https://www.sklavenitis.gr/", "phone": "+30 2392036885" }, "geometry": { "type": "Point", "coordinates": [ 22.860451, 40.469291 ] } },
{ "type": "Feature", "properties": { "dest_category": "Supermarket", "dest_source": "commercial_major", "symbol_origin": "node", "name": "Lidl", "name:el": null, "name:en": null, "operator": null, "amenity": null, "shop": "supermarket", "capacity": null, "opening_hours": "Mo-Sa 07:45-21:00; Su,PH off", "website": "https://www.lidl-hellas.gr/", "phone": "+30 8001113333" }, "geometry": { "type": "Point", "coordinates": [ 22.869083, 40.483986 ] } },
{ "type": "Feature", "properties": { "dest_category": "Supermarket", "dest_source": "commercial_major", "symbol_origin": "node", "name": null, "name:el": null, "name:en": null, "operator": null, "amenity": null, "shop": "supermarket", "capacity": null, "opening_hours": null, "website": null, "phone": null }, "geometry": { "type": "Point", "coordinates": [ 22.911602, 40.500652 ] } },
{ "type": "Feature", "properties": { "dest_category": "Supermarket", "dest_source": "commercial_major", "symbol_origin": "node", "name": "Μασούτης", "name:el": "Μασούτης", "name:en": "Masoutis", "operator": null, "amenity": null, "shop": "supermarket", "capacity": null, "opening_hours": null, "website": null, "phone": null }, "geometry": { "type": "Point", "coordinates": [ 22.910167, 40.501637 ] } },
{ "type": "Feature", "properties": { "dest_category": "Supermarket", "dest_source": "commercial_major", "symbol_origin": "node", "name": "Discount Markt", "name:el": null, "name:en": null, "operator": null, "amenity": null, "shop": "supermarket", "capacity": null, "opening_hours": null, "website": null, "phone": null }, "geometry": { "type": "Point", "coordinates": [ 22.917123, 40.502144 ] } },
{ "type": "Feature", "properties": { "dest_category": "Supermarket", "dest_source": "commercial_major", "symbol_origin": "node", "name": "Σκλαβενίτης", "name:el": "Σκλαβενίτης", "name:en": "Sklavenitis", "operator": "Σκλαβενίτης", "amenity": null, "shop": "supermarket", "capacity": null, "opening_hours": "Mo-Fr 08:00-21:00; Sa 08:00-20:00; Su,PH off", "website": null, "phone": null }, "geometry": { "type": "Point", "coordinates": [ 22.917226, 40.503732 ] } },
{ "type": "Feature", "properties": { "dest_category": "Supermarket", "dest_source": "commercial_major", "symbol_origin": "node", "name": null, "name:el": null, "name:en": "Express Market", "operator": null, "amenity": null, "shop": "supermarket", "capacity": null, "opening_hours": null, "website": null, "phone": null }, "geometry": { "type": "Point", "coordinates": [ 22.689883, 40.613548 ] } },
{ "type": "Feature", "properties": { "dest_category": "Supermarket", "dest_source": "commercial_major", "symbol_origin": "node", "name": "Σκλαβενίτης", "name:el": "Σκλαβενίτης", "name:en": "Sklavenitis", "operator": "Σκλαβενίτης", "amenity": null, "shop": "supermarket", "capacity": null, "opening_hours": "Mo-Fr 08:00-21:00; Sa 08:00-20:00; Su,PH off", "website": null, "phone": null }, "geometry": { "type": "Point", "coordinates": [ 22.732404, 40.630279 ] } },
{ "type": "Feature", "properties": { "dest_category": "Department store", "dest_source": "commercial_major", "symbol_origin": "node", "name": "Δελατόλας Cargo", "name:el": null, "name:en": null, "operator": null, "amenity": null, "shop": "department_store", "capacity": null, "opening_hours": null, "website": null, "phone": null }, "geometry": { "type": "Point", "coordinates": [ 22.845775, 40.637533 ] } },
{ "type": "Feature", "properties": { "dest_category": "Shopping mall", "dest_source": "commercial_major", "symbol_origin": "node", "name": "Στοά Κομνηνών", "name:el": null, "name:en": null, "operator": null, "amenity": null, "shop": "mall", "capacity": null, "opening_hours": null, "website": null, "phone": null }, "geometry": { "type": "Point", "coordinates": [ 22.941566, 40.635078 ] } },
{ "type": "Feature", "properties": { "dest_category": "Supermarket", "dest_source": "commercial_major", "symbol_origin": "node", "name": "시장", "name:el": null, "name:en": null, "operator": null, "amenity": null, "shop": "supermarket", "capacity": null, "opening_hours": null, "website": null, "phone": null }, "geometry": { "type": "Point", "coordinates": [ 22.942899, 40.635787 ] } },
{ "type": "Feature", "properties": { "dest_category": "Supermarket", "dest_source": "commercial_major", "symbol_origin": "node", "name": "Super Bazar", "name:el": null, "name:en": null, "operator": null, "amenity": null, "shop": "supermarket", "capacity": null, "opening_hours": null, "website": null, "phone": "+30-2310-271613" }, "geometry": { "type": "Point", "coordinates": [ 22.943459, 40.637201 ] } },
{ "type": "Feature", "properties": { "dest_category": "Supermarket", "dest_source": "commercial_major", "symbol_origin": "node", "name": "Yes", "name:el": null, "name:en": null, "operator": null, "amenity": null, "shop": "supermarket", "capacity": null, "opening_hours": null, "website": null, "phone": null }, "geometry": { "type": "Point", "coordinates": [ 22.941545, 40.638416 ] } },
{ "type": "Feature", "properties": { "dest_category": "Supermarket", "dest_source": "commercial_major", "symbol_origin": "node", "name": "Εκλεκτίκ", "name:el": null, "name:en": null, "operator": null, "amenity": null, "shop": "supermarket", "capacity": null, "opening_hours": "Mo-Sa 08:00-22:00", "website": null, "phone": null }, "geometry": { "type": "Point", "coordinates": [ 22.943251, 40.638705 ] } },
{ "type": "Feature", "properties": { "dest_category": "Supermarket", "dest_source": "commercial_major", "symbol_origin": "node", "name": "Discount markt", "name:el": null, "name:en": null, "operator": null, "amenity": null, "shop": "supermarket", "capacity": null, "opening_hours": "Mo-Fr 08:00-21:00; Sa 08:00-20:00", "website": null, "phone": null }, "geometry": { "type": "Point", "coordinates": [ 22.942676, 40.639292 ] } },
{ "type": "Feature", "properties": { "dest_category": "Supermarket", "dest_source": "commercial_major", "symbol_origin": "node", "name": "Αφροδίτη", "name:el": null, "name:en": null, "operator": null, "amenity": null, "shop": "supermarket", "capacity": null, "opening_hours": "Mo-Fr 08:00-21:00, Sa 08:00-20:00", "website": "https://smafroditi.gr/", "phone": null }, "geometry": { "type": "Point", "coordinates": [ 22.936795, 40.639357 ] } },
{ "type": "Feature", "properties": { "dest_category": "Supermarket", "dest_source": "commercial_major", "symbol_origin": "node", "name": "Μασούτης", "name:el": "Μασούτης", "name:en": "Masoutis", "operator": null, "amenity": null, "shop": "supermarket", "capacity": null, "opening_hours": "Mo-Fr 08:00-21:00; Sa 08:00-20:00", "website": "https://www.masoutis.gr/", "phone": "+30 2310 275926" }, "geometry": { "type": "Point", "coordinates": [ 22.946281, 40.639886 ] } },
{ "type": "Feature", "properties": { "dest_category": "Supermarket", "dest_source": "commercial_major", "symbol_origin": "node", "name": "Μασούτης", "name:el": "Μασούτης", "name:en": "Masoutis", "operator": null, "amenity": null, "shop": "supermarket", "capacity": null, "opening_hours": "Mo-Fr 08:00-21:00; Sa 08:00-20:00", "website": "https://www.masoutis.gr/", "phone": "+30 2310 516206" }, "geometry": { "type": "Point", "coordinates": [ 22.940497, 40.639999 ] } },
{ "type": "Feature", "properties": { "dest_category": "Supermarket", "dest_source": "commercial_major", "symbol_origin": "node", "name": "ΑΒ Βασιλόπουλος", "name:el": "ΑΒ Βασιλόπουλος", "name:en": "AB Vassilopoulos", "operator": null, "amenity": null, "shop": "supermarket", "capacity": null, "opening_hours": null, "website": null, "phone": null }, "geometry": { "type": "Point", "coordinates": [ 22.937919, 40.640252 ] } },
{ "type": "Feature", "properties": { "dest_category": "Supermarket", "dest_source": "commercial_major", "symbol_origin": "node", "name": "Bazaar", "name:el": null, "name:en": null, "operator": null, "amenity": null, "shop": "supermarket", "capacity": null, "opening_hours": null, "website": null, "phone": null }, "geometry": { "type": "Point", "coordinates": [ 22.939332, 40.640539 ] } },
{ "type": "Feature", "properties": { "dest_category": "Supermarket", "dest_source": "commercial_major", "symbol_origin": "node", "name": "Discount Markt", "name:el": null, "name:en": null, "operator": null, "amenity": null, "shop": "supermarket", "capacity": null, "opening_hours": null, "website": null, "phone": null }, "geometry": { "type": "Point", "coordinates": [ 22.941991, 40.64103 ] } },
{ "type": "Feature", "properties": { "dest_category": "Supermarket", "dest_source": "commercial_major", "symbol_origin": "node", "name": null, "name:el": null, "name:en": null, "operator": null, "amenity": null, "shop": "supermarket", "capacity": null, "opening_hours": null, "website": null, "phone": null }, "geometry": { "type": "Point", "coordinates": [ 22.935597, 40.641215 ] } },
{ "type": "Feature", "properties": { "dest_category": "Supermarket", "dest_source": "commercial_major", "symbol_origin": "node", "name": "Γαλαξίας", "name:el": "Γαλαξίας", "name:en": "Galaxias", "operator": null, "amenity": null, "shop": "supermarket", "capacity": null, "opening_hours": null, "website": null, "phone": null }, "geometry": { "type": "Point", "coordinates": [ 22.939551, 40.641553 ] } },
{ "type": "Feature", "properties": { "dest_category": "Supermarket", "dest_source": "commercial_major", "symbol_origin": "node", "name": "Σκλαβενίτης", "name:el": "Σκλαβενίτης", "name:en": "Sklavenitis", "operator": "Σκλαβενίτης", "amenity": null, "shop": "supermarket", "capacity": null, "opening_hours": "Mo-Fr 08:00-21:00; Sa 08:00-20:00; Su,PH off", "website": "https://www.sklavenitis.gr/", "phone": "+30 2310 532828" }, "geometry": { "type": "Point", "coordinates": [ 22.934749, 40.641937 ] } },
{ "type": "Feature", "properties": { "dest_category": "Supermarket", "dest_source": "commercial_major", "symbol_origin": "node", "name": "Μασούτης", "name:el": "Μασούτης", "name:en": "Masoutis", "operator": null, "amenity": null, "shop": "supermarket", "capacity": null, "opening_hours": "Mo-Fr 08:00-21:00; Sa 08:00-20:00", "website": "https://www.masoutis.gr/", "phone": "+30 2310 224709" }, "geometry": { "type": "Point", "coordinates": [ 22.94506, 40.642448 ] } },
{ "type": "Feature", "properties": { "dest_category": "Supermarket", "dest_source": "commercial_major", "symbol_origin": "node", "name": "Μόσχα (Moskva)", "name:el": null, "name:en": null, "operator": null, "amenity": null, "shop": "supermarket", "capacity": null, "opening_hours": null, "website": null, "phone": null }, "geometry": { "type": "Point", "coordinates": [ 22.935503, 40.642591 ] } },
{ "type": "Feature", "properties": { "dest_category": "Supermarket", "dest_source": "commercial_major", "symbol_origin": "node", "name": null, "name:el": null, "name:en": null, "operator": null, "amenity": null, "shop": "supermarket", "capacity": null, "opening_hours": null, "website": null, "phone": null }, "geometry": { "type": "Point", "coordinates": [ 22.938324, 40.646511 ] } },
{ "type": "Feature", "properties": { "dest_category": "Shopping mall", "dest_source": "commercial_major", "symbol_origin": "node", "name": "Atrina Center", "name:el": null, "name:en": null, "operator": null, "amenity": null, "shop": "mall", "capacity": null, "opening_hours": null, "website": null, "phone": null }, "geometry": { "type": "Point", "coordinates": [ 22.922332, 40.640481 ] } },
{ "type": "Feature", "properties": { "dest_category": "Supermarket", "dest_source": "commercial_major", "symbol_origin": "node", "name": "Yes", "name:el": null, "name:en": null, "operator": null, "amenity": null, "shop": "supermarket", "capacity": null, "opening_hours": null, "website": null, "phone": null }, "geometry": { "type": "Point", "coordinates": [ 22.929042, 40.643391 ] } },
{ "type": "Feature", "properties": { "dest_category": "Supermarket", "dest_source": "commercial_major", "symbol_origin": "node", "name": "Πρόοδος", "name:el": null, "name:en": null, "operator": null, "amenity": null, "shop": "supermarket", "capacity": null, "opening_hours": null, "website": null, "phone": null }, "geometry": { "type": "Point", "coordinates": [ 22.923217, 40.645724 ] } },
{ "type": "Feature", "properties": { "dest_category": "Supermarket", "dest_source": "commercial_major", "symbol_origin": "node", "name": "Discount Markt", "name:el": null, "name:en": null, "operator": null, "amenity": null, "shop": "supermarket", "capacity": null, "opening_hours": null, "website": "https://discountmarkt.gr/", "phone": null }, "geometry": { "type": "Point", "coordinates": [ 22.931574, 40.645959 ] } },
{ "type": "Feature", "properties": { "dest_category": "Retail", "dest_source": "commercial_major", "symbol_origin": "node", "name": null, "name:el": null, "name:en": null, "operator": null, "amenity": null, "shop": null, "capacity": null, "opening_hours": null, "website": null, "phone": null }, "geometry": { "type": "Point", "coordinates": [ 22.920389, 40.645961 ] } },
{ "type": "Feature", "properties": { "dest_category": "Shopping mall", "dest_source": "commercial_major", "symbol_origin": "node", "name": "One Salonica", "name:el": null, "name:en": null, "operator": "One Salonica Mall", "amenity": null, "shop": "mall", "capacity": "1000", "opening_hours": "Mo-Fr 10:00-21:00, Sa 10:00-21:00", "website": null, "phone": null }, "geometry": { "type": "Point", "coordinates": [ 22.920471, 40.646315 ] } },
{ "type": "Feature", "properties": { "dest_category": "Supermarket", "dest_source": "commercial_major", "symbol_origin": "node", "name": "Bazaar", "name:el": null, "name:en": null, "operator": null, "amenity": null, "shop": "supermarket", "capacity": null, "opening_hours": null, "website": "https://www.bazaar-online.gr/", "phone": null }, "geometry": { "type": "Point", "coordinates": [ 22.931583, 40.646545 ] } },
{ "type": "Feature", "properties": { "dest_category": "Retail", "dest_source": "commercial_major", "symbol_origin": "node", "name": null, "name:el": null, "name:en": null, "operator": null, "amenity": null, "shop": null, "capacity": null, "opening_hours": null, "website": null, "phone": null }, "geometry": { "type": "Point", "coordinates": [ 22.920428, 40.64694 ] } },
{ "type": "Feature", "properties": { "dest_category": "Supermarket", "dest_source": "commercial_major", "symbol_origin": "node", "name": "Discountmarkt", "name:el": null, "name:en": null, "operator": "Discountmarkt", "amenity": null, "shop": "supermarket", "capacity": null, "opening_hours": null, "website": null, "phone": null }, "geometry": { "type": "Point", "coordinates": [ 22.928404, 40.648538 ] } },
{ "type": "Feature", "properties": { "dest_category": "Supermarket", "dest_source": "commercial_major", "symbol_origin": "node", "name": "Μασούτης", "name:el": "Μασούτης", "name:en": "Masoutis", "operator": null, "amenity": null, "shop": "supermarket", "capacity": null, "opening_hours": null, "website": "https://www.masoutis.gr/", "phone": null }, "geometry": { "type": "Point", "coordinates": [ 22.946859, 40.647402 ] } },
{ "type": "Feature", "properties": { "dest_category": "Supermarket", "dest_source": "commercial_major", "symbol_origin": "node", "name": "Κρητικός", "name:el": null, "name:en": null, "operator": null, "amenity": null, "shop": "supermarket", "capacity": null, "opening_hours": null, "website": null, "phone": null }, "geometry": { "type": "Point", "coordinates": [ 22.936904, 40.647942 ] } },
{ "type": "Feature", "properties": { "dest_category": "Supermarket", "dest_source": "commercial_major", "symbol_origin": "node", "name": null, "name:el": null, "name:en": null, "operator": null, "amenity": null, "shop": "supermarket", "capacity": null, "opening_hours": null, "website": null, "phone": null }, "geometry": { "type": "Point", "coordinates": [ 22.937947, 40.648301 ] } },
{ "type": "Feature", "properties": { "dest_category": "Supermarket", "dest_source": "commercial_major", "symbol_origin": "node", "name": "Real Discount", "name:el": null, "name:en": null, "operator": null, "amenity": null, "shop": "supermarket", "capacity": null, "opening_hours": null, "website": null, "phone": null }, "geometry": { "type": "Point", "coordinates": [ 22.946144, 40.649599 ] } },
{ "type": "Feature", "properties": { "dest_category": "Supermarket", "dest_source": "commercial_major", "symbol_origin": "node", "name": "Μασούτης", "name:el": "Μασούτης", "name:en": "Masoutis", "operator": null, "amenity": null, "shop": "supermarket", "capacity": null, "opening_hours": null, "website": null, "phone": null }, "geometry": { "type": "Point", "coordinates": [ 22.943048, 40.650078 ] } },
{ "type": "Feature", "properties": { "dest_category": "Supermarket", "dest_source": "commercial_major", "symbol_origin": "node", "name": "Discount Markt", "name:el": null, "name:en": null, "operator": null, "amenity": null, "shop": "supermarket", "capacity": null, "opening_hours": null, "website": null, "phone": null }, "geometry": { "type": "Point", "coordinates": [ 22.944472, 40.650858 ] } },
{ "type": "Feature", "properties": { "dest_category": "Supermarket", "dest_source": "commercial_major", "symbol_origin": "node", "name": "Μασούτης", "name:el": "Μασούτης", "name:en": "Masoutis", "operator": null, "amenity": null, "shop": "supermarket", "capacity": null, "opening_hours": null, "website": null, "phone": null }, "geometry": { "type": "Point", "coordinates": [ 22.944623, 40.651233 ] } },
{ "type": "Feature", "properties": { "dest_category": "Supermarket", "dest_source": "commercial_major", "symbol_origin": "node", "name": null, "name:el": null, "name:en": null, "operator": null, "amenity": null, "shop": "supermarket", "capacity": null, "opening_hours": null, "website": null, "phone": null }, "geometry": { "type": "Point", "coordinates": [ 22.943645, 40.651482 ] } },
{ "type": "Feature", "properties": { "dest_category": "Supermarket", "dest_source": "commercial_major", "symbol_origin": "node", "name": null, "name:el": null, "name:en": null, "operator": null, "amenity": null, "shop": "supermarket", "capacity": null, "opening_hours": null, "website": null, "phone": null }, "geometry": { "type": "Point", "coordinates": [ 22.938797, 40.652415 ] } },
{ "type": "Feature", "properties": { "dest_category": "Supermarket", "dest_source": "commercial_major", "symbol_origin": "node", "name": "My Market", "name:el": null, "name:en": null, "operator": null, "amenity": null, "shop": "supermarket", "capacity": null, "opening_hours": "Mo-Fr 08:00-21:00; Sa 08:00-20:00", "website": null, "phone": null }, "geometry": { "type": "Point", "coordinates": [ 22.934432, 40.653654 ] } },
{ "type": "Feature", "properties": { "dest_category": "Supermarket", "dest_source": "commercial_major", "symbol_origin": "node", "name": null, "name:el": null, "name:en": null, "operator": null, "amenity": null, "shop": "supermarket", "capacity": null, "opening_hours": null, "website": null, "phone": null }, "geometry": { "type": "Point", "coordinates": [ 22.915495, 40.642014 ] } },
{ "type": "Feature", "properties": { "dest_category": "Supermarket", "dest_source": "commercial_major", "symbol_origin": "node", "name": "Franchise Σκλαβενίτης", "name:el": "Franchise Σκλαβενίτης", "name:en": "Franchise Sklavenitis", "operator": "Κιάκη & ΣΙΑ", "amenity": null, "shop": "supermarket", "capacity": null, "opening_hours": "Mo-Fr 08:00-21:00; Sa 08:00-20:00; Su,PH off", "website": null, "phone": null }, "geometry": { "type": "Point", "coordinates": [ 22.858816, 40.641783 ] } },
{ "type": "Feature", "properties": { "dest_category": "Supermarket", "dest_source": "commercial_major", "symbol_origin": "node", "name": "Discountmarkt", "name:el": null, "name:en": null, "operator": "Discountmarkt", "amenity": null, "shop": "supermarket", "capacity": null, "opening_hours": null, "website": null, "phone": null }, "geometry": { "type": "Point", "coordinates": [ 22.859149, 40.64243 ] } },
{ "type": "Feature", "properties": { "dest_category": "Shopping mall", "dest_source": "commercial_major", "symbol_origin": "node", "name": "Porto Center", "name:el": null, "name:en": null, "operator": null, "amenity": null, "shop": "mall", "capacity": null, "opening_hours": null, "website": null, "phone": null }, "geometry": { "type": "Point", "coordinates": [ 22.912267, 40.643639 ] } },
{ "type": "Feature", "properties": { "dest_category": "Department store", "dest_source": "commercial_major", "symbol_origin": "node", "name": "M Tradesor", "name:el": null, "name:en": null, "operator": null, "amenity": null, "shop": "department_store", "capacity": null, "opening_hours": null, "website": null, "phone": null }, "geometry": { "type": "Point", "coordinates": [ 22.913991, 40.651877 ] } },
{ "type": "Feature", "properties": { "dest_category": "Supermarket", "dest_source": "commercial_major", "symbol_origin": "node", "name": "Lidl", "name:el": null, "name:en": "Lidl", "operator": null, "amenity": null, "shop": "supermarket", "capacity": null, "opening_hours": "Mo-Sa 07:45-21:00; Su,PH off", "website": "https://www.lidl-hellas.gr/", "phone": null }, "geometry": { "type": "Point", "coordinates": [ 22.906997, 40.655255 ] } },
{ "type": "Feature", "properties": { "dest_category": "Supermarket", "dest_source": "commercial_major", "symbol_origin": "node", "name": "αριάδνη", "name:el": null, "name:en": null, "operator": null, "amenity": null, "shop": "supermarket", "capacity": null, "opening_hours": null, "website": null, "phone": null }, "geometry": { "type": "Point", "coordinates": [ 22.91225, 40.655882 ] } },
{ "type": "Feature", "properties": { "dest_category": "Supermarket", "dest_source": "commercial_major", "symbol_origin": "node", "name": "Κρητικός", "name:el": "Κρητικός", "name:en": "Kritikos", "operator": null, "amenity": null, "shop": "supermarket", "capacity": null, "opening_hours": null, "website": null, "phone": null }, "geometry": { "type": "Point", "coordinates": [ 22.91315, 40.657165 ] } },
{ "type": "Feature", "properties": { "dest_category": "Supermarket", "dest_source": "commercial_major", "symbol_origin": "node", "name": "Βασίλαγας", "name:el": null, "name:en": null, "operator": null, "amenity": null, "shop": "supermarket", "capacity": null, "opening_hours": null, "website": null, "phone": null }, "geometry": { "type": "Point", "coordinates": [ 22.861671, 40.658146 ] } },
{ "type": "Feature", "properties": { "dest_category": "Supermarket", "dest_source": "commercial_major", "symbol_origin": "node", "name": "Lidl", "name:el": null, "name:en": null, "operator": null, "amenity": null, "shop": "supermarket", "capacity": null, "opening_hours": null, "website": null, "phone": null }, "geometry": { "type": "Point", "coordinates": [ 22.911089, 40.661487 ] } },
{ "type": "Feature", "properties": { "dest_category": "Supermarket", "dest_source": "commercial_major", "symbol_origin": "node", "name": "Μασούτης", "name:el": "Μασούτης", "name:en": "Masoutis", "operator": null, "amenity": null, "shop": "supermarket", "capacity": null, "opening_hours": null, "website": null, "phone": null }, "geometry": { "type": "Point", "coordinates": [ 22.926591, 40.649633 ] } },
{ "type": "Feature", "properties": { "dest_category": "Supermarket", "dest_source": "commercial_major", "symbol_origin": "node", "name": "ελληνικά market", "name:el": null, "name:en": null, "operator": null, "amenity": null, "shop": "supermarket", "capacity": null, "opening_hours": null, "website": null, "phone": null }, "geometry": { "type": "Point", "coordinates": [ 22.922931, 40.650574 ] } },
{ "type": "Feature", "properties": { "dest_category": "Supermarket", "dest_source": "commercial_major", "symbol_origin": "node", "name": "Μασούτης", "name:el": "Μασούτης", "name:en": "Masoutis", "operator": null, "amenity": null, "shop": "supermarket", "capacity": null, "opening_hours": null, "website": null, "phone": null }, "geometry": { "type": "Point", "coordinates": [ 22.928667, 40.652595 ] } },
{ "type": "Feature", "properties": { "dest_category": "Supermarket", "dest_source": "commercial_major", "symbol_origin": "node", "name": "Discount Μarkt", "name:el": null, "name:en": null, "operator": "Discount Μarkt", "amenity": null, "shop": "supermarket", "capacity": null, "opening_hours": null, "website": null, "phone": null }, "geometry": { "type": "Point", "coordinates": [ 22.917815, 40.654142 ] } },
{ "type": "Feature", "properties": { "dest_category": "Supermarket", "dest_source": "commercial_major", "symbol_origin": "node", "name": "Μασούτης", "name:el": "Μασούτης", "name:en": "Masoutis", "operator": null, "amenity": null, "shop": "supermarket", "capacity": null, "opening_hours": null, "website": null, "phone": null }, "geometry": { "type": "Point", "coordinates": [ 22.919062, 40.654534 ] } },
{ "type": "Feature", "properties": { "dest_category": "Supermarket", "dest_source": "commercial_major", "symbol_origin": "node", "name": "Mix Markt", "name:el": null, "name:en": null, "operator": null, "amenity": null, "shop": "supermarket", "capacity": null, "opening_hours": null, "website": null, "phone": null }, "geometry": { "type": "Point", "coordinates": [ 22.918311, 40.65502 ] } },
{ "type": "Feature", "properties": { "dest_category": "Supermarket", "dest_source": "commercial_major", "symbol_origin": "node", "name": "Κρητικός", "name:el": "Κρητικός", "name:en": "Kritikos", "operator": null, "amenity": null, "shop": "supermarket", "capacity": null, "opening_hours": null, "website": null, "phone": null }, "geometry": { "type": "Point", "coordinates": [ 22.924158, 40.656594 ] } },
{ "type": "Feature", "properties": { "dest_category": "Supermarket", "dest_source": "commercial_major", "symbol_origin": "node", "name": "Πρόοδος", "name:el": null, "name:en": null, "operator": null, "amenity": null, "shop": "supermarket", "capacity": null, "opening_hours": null, "website": null, "phone": null }, "geometry": { "type": "Point", "coordinates": [ 22.920824, 40.657257 ] } },
{ "type": "Feature", "properties": { "dest_category": "Supermarket", "dest_source": "commercial_major", "symbol_origin": "node", "name": "Σκλαβενίτης", "name:el": "Σκλαβενίτης", "name:en": "Sklavenitis", "operator": "Σκλαβενίτης", "amenity": null, "shop": "supermarket", "capacity": null, "opening_hours": "Mo-Fr 08:00-21:00; Sa 08:00-20:00; Su,PH off", "website": "https://www.sklavenitis.gr/", "phone": "+30 2310 640872;+30 2310 640873" }, "geometry": { "type": "Point", "coordinates": [ 22.92887, 40.657535 ] } },
{ "type": "Feature", "properties": { "dest_category": "Supermarket", "dest_source": "commercial_major", "symbol_origin": "node", "name": "καλέςτιμές.gr", "name:el": null, "name:en": null, "operator": null, "amenity": null, "shop": "supermarket", "capacity": null, "opening_hours": null, "website": null, "phone": null }, "geometry": { "type": "Point", "coordinates": [ 22.924766, 40.657497 ] } },
{ "type": "Feature", "properties": { "dest_category": "Supermarket", "dest_source": "commercial_major", "symbol_origin": "node", "name": "Μασούτης", "name:el": "Μασούτης", "name:en": "Masoutis", "operator": null, "amenity": null, "shop": "supermarket", "capacity": null, "opening_hours": "Mo-Sa 08:00-21:00", "website": null, "phone": null }, "geometry": { "type": "Point", "coordinates": [ 22.928793, 40.659785 ] } },
{ "type": "Feature", "properties": { "dest_category": "Retail", "dest_source": "commercial_major", "symbol_origin": "node", "name": null, "name:el": null, "name:en": null, "operator": null, "amenity": null, "shop": null, "capacity": null, "opening_hours": null, "website": null, "phone": null }, "geometry": { "type": "Point", "coordinates": [ 22.929138, 40.66232 ] } },
{ "type": "Feature", "properties": { "dest_category": "Retail", "dest_source": "commercial_major", "symbol_origin": "node", "name": null, "name:el": null, "name:en": null, "operator": null, "amenity": null, "shop": null, "capacity": null, "opening_hours": null, "website": null, "phone": null }, "geometry": { "type": "Point", "coordinates": [ 22.931188, 40.663164 ] } },
{ "type": "Feature", "properties": { "dest_category": "Department store", "dest_source": "commercial_major", "symbol_origin": "node", "name": "Mega New Bazaar", "name:el": null, "name:en": null, "operator": null, "amenity": null, "shop": "department_store", "capacity": null, "opening_hours": null, "website": null, "phone": null }, "geometry": { "type": "Point", "coordinates": [ 22.93194, 40.663952 ] } },
{ "type": "Feature", "properties": { "dest_category": "Supermarket", "dest_source": "commercial_major", "symbol_origin": "node", "name": null, "name:el": null, "name:en": null, "operator": null, "amenity": null, "shop": "supermarket", "capacity": null, "opening_hours": null, "website": null, "phone": null }, "geometry": { "type": "Point", "coordinates": [ 22.918445, 40.664611 ] } },
{ "type": "Feature", "properties": { "dest_category": "Supermarket", "dest_source": "commercial_major", "symbol_origin": "node", "name": "Μασούτης", "name:el": "Μασούτης", "name:en": "Masoutis", "operator": null, "amenity": null, "shop": "supermarket", "capacity": null, "opening_hours": null, "website": null, "phone": null }, "geometry": { "type": "Point", "coordinates": [ 22.927869, 40.665493 ] } },
{ "type": "Feature", "properties": { "dest_category": "Supermarket", "dest_source": "commercial_major", "symbol_origin": "node", "name": "ΑΒ shop & go", "name:el": "ΑΒ shop & go", "name:en": "AB shop & go", "operator": null, "amenity": null, "shop": "supermarket", "capacity": null, "opening_hours": null, "website": null, "phone": null }, "geometry": { "type": "Point", "coordinates": [ 22.926186, 40.666219 ] } },
{ "type": "Feature", "properties": { "dest_category": "Supermarket", "dest_source": "commercial_major", "symbol_origin": "node", "name": "MyMarket", "name:el": null, "name:en": null, "operator": null, "amenity": null, "shop": "supermarket", "capacity": null, "opening_hours": null, "website": null, "phone": null }, "geometry": { "type": "Point", "coordinates": [ 22.922556, 40.666356 ] } },
{ "type": "Feature", "properties": { "dest_category": "Supermarket", "dest_source": "commercial_major", "symbol_origin": "node", "name": "Μασούτης", "name:el": "Μασούτης", "name:en": "Masoutis", "operator": null, "amenity": null, "shop": "supermarket", "capacity": null, "opening_hours": "Mo-Fr 08:00-21:00; Sa 08:00-20:00", "website": null, "phone": null }, "geometry": { "type": "Point", "coordinates": [ 22.935716, 40.654607 ] } },
{ "type": "Feature", "properties": { "dest_category": "Supermarket", "dest_source": "commercial_major", "symbol_origin": "node", "name": "Μασούτης", "name:el": "Μασούτης", "name:en": "Masoutis", "operator": null, "amenity": null, "shop": "supermarket", "capacity": null, "opening_hours": null, "website": null, "phone": null }, "geometry": { "type": "Point", "coordinates": [ 22.946019, 40.660936 ] } },
{ "type": "Feature", "properties": { "dest_category": "Supermarket", "dest_source": "commercial_major", "symbol_origin": "node", "name": "Discount Markt", "name:el": null, "name:en": null, "operator": null, "amenity": null, "shop": "supermarket", "capacity": null, "opening_hours": null, "website": null, "phone": null }, "geometry": { "type": "Point", "coordinates": [ 22.936584, 40.666174 ] } },
{ "type": "Feature", "properties": { "dest_category": "Supermarket", "dest_source": "commercial_major", "symbol_origin": "node", "name": "ΑΒ Shop & Go", "name:el": "ΑΒ Shop & Go", "name:en": "ΑΒ Shop & Go", "operator": null, "amenity": null, "shop": "supermarket", "capacity": null, "opening_hours": "Mo-Sa 08:00-23:00; Su 11:00-19:00", "website": null, "phone": null }, "geometry": { "type": "Point", "coordinates": [ 22.945594, 40.666706 ] } },
{ "type": "Feature", "properties": { "dest_category": "Supermarket", "dest_source": "commercial_major", "symbol_origin": "node", "name": "Σκλαβενίτης", "name:el": "Σκλαβενίτης", "name:en": "Sklavenitis", "operator": "Σκλαβενίτης", "amenity": null, "shop": "supermarket", "capacity": null, "opening_hours": "Mo-Fr 08:00-21:00; Sa 08:00-20:00; Su,PH off", "website": null, "phone": null }, "geometry": { "type": "Point", "coordinates": [ 22.936119, 40.674944 ] } },
{ "type": "Feature", "properties": { "dest_category": "Supermarket", "dest_source": "commercial_major", "symbol_origin": "node", "name": "Grand Μασούτης", "name:el": null, "name:en": null, "operator": null, "amenity": null, "shop": "supermarket", "capacity": null, "opening_hours": "Mo-Fr 08:00-21:00;Sa 08:00-20:00", "website": "https://www.masoutis.gr/", "phone": "+30 800 118 03803" }, "geometry": { "type": "Point", "coordinates": [ 22.939746, 40.675088 ] } },
{ "type": "Feature", "properties": { "dest_category": "Supermarket", "dest_source": "commercial_major", "symbol_origin": "node", "name": "Discount Market", "name:el": null, "name:en": null, "operator": null, "amenity": null, "shop": "supermarket", "capacity": null, "opening_hours": null, "website": null, "phone": null }, "geometry": { "type": "Point", "coordinates": [ 22.938424, 40.675167 ] } },
{ "type": "Feature", "properties": { "dest_category": "Supermarket", "dest_source": "commercial_major", "symbol_origin": "node", "name": "Lidl", "name:el": null, "name:en": null, "operator": null, "amenity": null, "shop": "supermarket", "capacity": null, "opening_hours": "Mo-Fr 08:00-21:00; Sa 08:00-20:00", "website": "https://www.lidl-hellas.gr/", "phone": null }, "geometry": { "type": "Point", "coordinates": [ 22.938013, 40.675736 ] } },
{ "type": "Feature", "properties": { "dest_category": "Department store", "dest_source": "commercial_major", "symbol_origin": "node", "name": "Zen Outlet", "name:el": null, "name:en": null, "operator": null, "amenity": null, "shop": "department_store", "capacity": null, "opening_hours": "Mo-Sa 09:00-21:00", "website": "https://zen.gr/", "phone": "+30 2382081191" }, "geometry": { "type": "Point", "coordinates": [ 22.938085, 40.676624 ] } },
{ "type": "Feature", "properties": { "dest_category": "Supermarket", "dest_source": "commercial_major", "symbol_origin": "node", "name": "Κρητικός", "name:el": "Κρητικός", "name:en": "Kritikos", "operator": null, "amenity": null, "shop": "supermarket", "capacity": null, "opening_hours": null, "website": "https://kritikos-sm.gr/", "phone": null }, "geometry": { "type": "Point", "coordinates": [ 22.952947, 40.604649 ] } },
{ "type": "Feature", "properties": { "dest_category": "Supermarket", "dest_source": "commercial_major", "symbol_origin": "node", "name": "ΑΒ Βασιλόπουλος", "name:el": "ΑΒ Βασιλόπουλος", "name:en": "AB Vassilopoulos", "operator": null, "amenity": null, "shop": "supermarket", "capacity": null, "opening_hours": "Mo-Fr 08:00-21:00; Sa 08:00-20:00", "website": "https://www.ab.gr/", "phone": null }, "geometry": { "type": "Point", "coordinates": [ 22.952712, 40.609356 ] } },
{ "type": "Feature", "properties": { "dest_category": "Supermarket", "dest_source": "commercial_major", "symbol_origin": "node", "name": "My Market", "name:el": null, "name:en": null, "operator": null, "amenity": null, "shop": "supermarket", "capacity": null, "opening_hours": null, "website": null, "phone": null }, "geometry": { "type": "Point", "coordinates": [ 22.953705, 40.610187 ] } },
{ "type": "Feature", "properties": { "dest_category": "Supermarket", "dest_source": "commercial_major", "symbol_origin": "node", "name": null, "name:el": null, "name:en": "Small", "operator": null, "amenity": null, "shop": "supermarket", "capacity": null, "opening_hours": null, "website": null, "phone": null }, "geometry": { "type": "Point", "coordinates": [ 22.955097, 40.610307 ] } },
{ "type": "Feature", "properties": { "dest_category": "Supermarket", "dest_source": "commercial_major", "symbol_origin": "node", "name": "ΚΡΗΤΙΚΟΣ Super Market", "name:el": "ΚΡΗΤΙΚΟΣ Super Market", "name:en": "KRITIKOS Super Market", "operator": null, "amenity": null, "shop": "supermarket", "capacity": null, "opening_hours": null, "website": null, "phone": null }, "geometry": { "type": "Point", "coordinates": [ 22.953523, 40.610956 ] } },
{ "type": "Feature", "properties": { "dest_category": "Supermarket", "dest_source": "commercial_major", "symbol_origin": "node", "name": "Μασούτης", "name:el": "Μασούτης", "name:en": "Masoutis", "operator": null, "amenity": null, "shop": "supermarket", "capacity": null, "opening_hours": "Mo-Fr 08:00-21:00; Sa 08:00-20:00", "website": "https://www.masoutis.gr/", "phone": "+30 2310 859808" }, "geometry": { "type": "Point", "coordinates": [ 22.95478, 40.613592 ] } },
{ "type": "Feature", "properties": { "dest_category": "Supermarket", "dest_source": "commercial_major", "symbol_origin": "node", "name": "Σκλαβενίτης", "name:el": "Σκλαβενίτης", "name:en": "Sklavenitis", "operator": "Σκλαβενίτης", "amenity": null, "shop": "supermarket", "capacity": null, "opening_hours": "Mo-Fr 08:00-21:00; Sa 08:00-20:00; Su,PH off", "website": "https://www.sklavenitis.gr/", "phone": "+30 2310 828787" }, "geometry": { "type": "Point", "coordinates": [ 22.954824, 40.616923 ] } },
{ "type": "Feature", "properties": { "dest_category": "Supermarket", "dest_source": "commercial_major", "symbol_origin": "node", "name": "Bazaar", "name:el": null, "name:en": null, "operator": null, "amenity": null, "shop": "supermarket", "capacity": null, "opening_hours": null, "website": null, "phone": null }, "geometry": { "type": "Point", "coordinates": [ 22.954191, 40.620366 ] } },
{ "type": "Feature", "properties": { "dest_category": "Supermarket", "dest_source": "commercial_major", "symbol_origin": "node", "name": "Kiosky's", "name:el": null, "name:en": null, "operator": null, "amenity": null, "shop": "supermarket", "capacity": null, "opening_hours": null, "website": null, "phone": null }, "geometry": { "type": "Point", "coordinates": [ 22.954053, 40.621081 ] } },
{ "type": "Feature", "properties": { "dest_category": "Retail", "dest_source": "commercial_major", "symbol_origin": "node", "name": null, "name:el": null, "name:en": null, "operator": null, "amenity": null, "shop": null, "capacity": null, "opening_hours": null, "website": null, "phone": null }, "geometry": { "type": "Point", "coordinates": [ 22.966623, 40.630946 ] } },
{ "type": "Feature", "properties": { "dest_category": "Supermarket", "dest_source": "commercial_major", "symbol_origin": "node", "name": "ESTIA", "name:el": null, "name:en": null, "operator": null, "amenity": null, "shop": "supermarket", "capacity": null, "opening_hours": null, "website": null, "phone": null }, "geometry": { "type": "Point", "coordinates": [ 22.964812, 40.63189 ] } },
{ "type": "Feature", "properties": { "dest_category": "Supermarket", "dest_source": "commercial_major", "symbol_origin": "node", "name": "AB Shop&Go", "name:el": null, "name:en": "AB Shop&Go", "operator": null, "amenity": null, "shop": "supermarket", "capacity": null, "opening_hours": "Mo-Sa 08:00-22:00; Su 10:00-22:00", "website": null, "phone": null }, "geometry": { "type": "Point", "coordinates": [ 22.965734, 40.632239 ] } },
{ "type": "Feature", "properties": { "dest_category": "Supermarket", "dest_source": "commercial_major", "symbol_origin": "node", "name": "ΑΒ Βασιλόπουλος", "name:el": "ΑΒ Βασιλόπουλος", "name:en": "AB Vassilopoulos", "operator": null, "amenity": null, "shop": "supermarket", "capacity": null, "opening_hours": null, "website": null, "phone": null }, "geometry": { "type": "Point", "coordinates": [ 22.948273, 40.628728 ] } },
{ "type": "Feature", "properties": { "dest_category": "Supermarket", "dest_source": "commercial_major", "symbol_origin": "node", "name": "Bazaar", "name:el": null, "name:en": null, "operator": null, "amenity": null, "shop": "supermarket", "capacity": null, "opening_hours": null, "website": null, "phone": null }, "geometry": { "type": "Point", "coordinates": [ 22.949888, 40.629274 ] } },
{ "type": "Feature", "properties": { "dest_category": "Supermarket", "dest_source": "commercial_major", "symbol_origin": "node", "name": "Μασούτης", "name:el": "Μασούτης", "name:en": "Masoutis", "operator": null, "amenity": null, "shop": "supermarket", "capacity": null, "opening_hours": "Mo-Fr 08:00-21:00, Sa 08:00-20:00", "website": "https://www.masoutis.gr/", "phone": "+30 2310 276829" }, "geometry": { "type": "Point", "coordinates": [ 22.953676, 40.629705 ] } },
{ "type": "Feature", "properties": { "dest_category": "Supermarket", "dest_source": "commercial_major", "symbol_origin": "node", "name": "Μασούτης", "name:el": "Μασούτης", "name:en": "Masoutis", "operator": null, "amenity": null, "shop": "supermarket", "capacity": null, "opening_hours": "Mo-Fr 08:00-21:00; Sa 08:00-20:00", "website": "https://www.masoutis.gr/", "phone": "+30 2310 260071" }, "geometry": { "type": "Point", "coordinates": [ 22.950233, 40.629686 ] } },
{ "type": "Feature", "properties": { "dest_category": "Supermarket", "dest_source": "commercial_major", "symbol_origin": "node", "name": "Σκλαβενίτης", "name:el": "Σκλαβενίτης", "name:en": "Sklavenitis", "operator": "Σκλαβενίτης", "amenity": null, "shop": "supermarket", "capacity": null, "opening_hours": "Mo-Fr 08:00-21:00; Sa 08:00-20:00; Su,PH off", "website": "https://www.sklavenitis.gr/", "phone": "+30 2310 250361" }, "geometry": { "type": "Point", "coordinates": [ 22.950467, 40.631047 ] } },
{ "type": "Feature", "properties": { "dest_category": "Supermarket", "dest_source": "commercial_major", "symbol_origin": "node", "name": "DiscountMarkt", "name:el": null, "name:en": null, "operator": null, "amenity": null, "shop": "supermarket", "capacity": null, "opening_hours": null, "website": null, "phone": null }, "geometry": { "type": "Point", "coordinates": [ 22.949371, 40.63135 ] } },
{ "type": "Feature", "properties": { "dest_category": "Supermarket", "dest_source": "commercial_major", "symbol_origin": "node", "name": "Μασούτης", "name:el": "Μασούτης", "name:en": "Masoutis", "operator": null, "amenity": null, "shop": "supermarket", "capacity": null, "opening_hours": "Mo-Fr 08:00-21:00, Sa 08:00-20:00", "website": "https://masoutis.gr/", "phone": "+30 2310 222884" }, "geometry": { "type": "Point", "coordinates": [ 22.948902, 40.633623 ] } },
{ "type": "Feature", "properties": { "dest_category": "Supermarket", "dest_source": "commercial_major", "symbol_origin": "node", "name": "Mini smart", "name:el": null, "name:en": null, "operator": null, "amenity": null, "shop": "supermarket", "capacity": null, "opening_hours": null, "website": null, "phone": null }, "geometry": { "type": "Point", "coordinates": [ 22.951031, 40.634506 ] } },
{ "type": "Feature", "properties": { "dest_category": "Supermarket", "dest_source": "commercial_major", "symbol_origin": "node", "name": "Μασούτης", "name:el": "Μασούτης", "name:en": "Masoutis", "operator": null, "amenity": null, "shop": "supermarket", "capacity": null, "opening_hours": "Mo-Fr 08:00-21:00; Sa 08:00-20:00", "website": "https://www.masoutis.gr/", "phone": "+30 2310 203228" }, "geometry": { "type": "Point", "coordinates": [ 22.95293, 40.635529 ] } },
{ "type": "Feature", "properties": { "dest_category": "Shopping mall", "dest_source": "commercial_major", "symbol_origin": "node", "name": "Attica", "name:el": null, "name:en": null, "operator": null, "amenity": null, "shop": "mall", "capacity": null, "opening_hours": null, "website": null, "phone": null }, "geometry": { "type": "Point", "coordinates": [ 22.94356, 40.632219 ] } },
{ "type": "Feature", "properties": { "dest_category": "Shopping mall", "dest_source": "commercial_major", "symbol_origin": "node", "name": "Πλατεία", "name:el": null, "name:en": null, "operator": null, "amenity": null, "shop": "mall", "capacity": null, "opening_hours": null, "website": null, "phone": null }, "geometry": { "type": "Point", "coordinates": [ 22.943345, 40.633372 ] } },
{ "type": "Feature", "properties": { "dest_category": "Supermarket", "dest_source": "commercial_major", "symbol_origin": "node", "name": "Market In", "name:el": null, "name:en": null, "operator": "Market In", "amenity": null, "shop": "supermarket", "capacity": null, "opening_hours": null, "website": null, "phone": null }, "geometry": { "type": "Point", "coordinates": [ 22.944359, 40.633463 ] } },
{ "type": "Feature", "properties": { "dest_category": "Supermarket", "dest_source": "commercial_major", "symbol_origin": "node", "name": "Μασούτης", "name:el": "Μασούτης", "name:en": "Masoutis", "operator": null, "amenity": null, "shop": "supermarket", "capacity": null, "opening_hours": "Mo-Fr 08:00-21:00, Sa 08:00-20:00", "website": "https://www.masoutis.gr/", "phone": "+30 2310 277894" }, "geometry": { "type": "Point", "coordinates": [ 22.946856, 40.634065 ] } },
{ "type": "Feature", "properties": { "dest_category": "Supermarket", "dest_source": "commercial_major", "symbol_origin": "node", "name": null, "name:el": null, "name:en": null, "operator": null, "amenity": null, "shop": "supermarket", "capacity": null, "opening_hours": null, "website": null, "phone": null }, "geometry": { "type": "Point", "coordinates": [ 22.945783, 40.634214 ] } },
{ "type": "Feature", "properties": { "dest_category": "Supermarket", "dest_source": "commercial_major", "symbol_origin": "node", "name": "청과시장", "name:el": null, "name:en": null, "operator": null, "amenity": null, "shop": "supermarket", "capacity": null, "opening_hours": null, "website": null, "phone": null }, "geometry": { "type": "Point", "coordinates": [ 22.944376, 40.634893 ] } },
{ "type": "Feature", "properties": { "dest_category": "Supermarket", "dest_source": "commercial_major", "symbol_origin": "node", "name": "ΚΡΗΤΙΚΟΣ", "name:el": null, "name:en": null, "operator": null, "amenity": null, "shop": "supermarket", "capacity": null, "opening_hours": null, "website": null, "phone": null }, "geometry": { "type": "Point", "coordinates": [ 22.938589, 40.634915 ] } },
{ "type": "Feature", "properties": { "dest_category": "Supermarket", "dest_source": "commercial_major", "symbol_origin": "node", "name": null, "name:el": null, "name:en": null, "operator": null, "amenity": null, "shop": "supermarket", "capacity": null, "opening_hours": null, "website": null, "phone": null }, "geometry": { "type": "Point", "coordinates": [ 22.958033, 40.617379 ] } },
{ "type": "Feature", "properties": { "dest_category": "Supermarket", "dest_source": "commercial_major", "symbol_origin": "node", "name": "Μασούτης", "name:el": "Μασούτης", "name:en": "Masoutis", "operator": null, "amenity": null, "shop": "supermarket", "capacity": null, "opening_hours": "Mo-Fr 08:00-21:00; Sa 08:00-20:00", "website": "https://www.masoutis.gr/", "phone": "+30 2310 856753" }, "geometry": { "type": "Point", "coordinates": [ 22.959823, 40.618256 ] } },
{ "type": "Feature", "properties": { "dest_category": "Supermarket", "dest_source": "commercial_major", "symbol_origin": "node", "name": "ΑΒ Βασιλόπουλος", "name:el": "ΑΒ Βασιλόπουλος", "name:en": "AB Vassilopoulos", "operator": null, "amenity": null, "shop": "supermarket", "capacity": null, "opening_hours": "Mo-Fr 08:00-21:00, Sa 08:00-20:00", "website": null, "phone": null }, "geometry": { "type": "Point", "coordinates": [ 22.957844, 40.619478 ] } },
{ "type": "Feature", "properties": { "dest_category": "Supermarket", "dest_source": "commercial_major", "symbol_origin": "node", "name": "Μασούτης", "name:el": "Μασούτης", "name:en": "Masoutis", "operator": null, "amenity": null, "shop": "supermarket", "capacity": null, "opening_hours": "Mo-Fr 08:00-21:00, Sa 08:00-20:00", "website": "https://www.masoutis.gr/", "phone": null }, "geometry": { "type": "Point", "coordinates": [ 22.957619, 40.619878 ] } },
{ "type": "Feature", "properties": { "dest_category": "Supermarket", "dest_source": "commercial_major", "symbol_origin": "node", "name": "Discount Market", "name:el": null, "name:en": null, "operator": null, "amenity": null, "shop": "supermarket", "capacity": null, "opening_hours": null, "website": null, "phone": null }, "geometry": { "type": "Point", "coordinates": [ 22.957595, 40.620637 ] } },
{ "type": "Feature", "properties": { "dest_category": "Supermarket", "dest_source": "commercial_major", "symbol_origin": "node", "name": "Μασούτης", "name:el": "Μασούτης", "name:en": "Masoutis", "operator": null, "amenity": null, "shop": "supermarket", "capacity": null, "opening_hours": "Mo-Fr 08:00-21:00; Sa 08:00-20:00", "website": "https://www.masoutis.gr/", "phone": "+30 2310 845605" }, "geometry": { "type": "Point", "coordinates": [ 22.961617, 40.620879 ] } },
{ "type": "Feature", "properties": { "dest_category": "Supermarket", "dest_source": "commercial_major", "symbol_origin": "node", "name": "Στρατιωτικό Πρατήριο Θεσσαλονίκης", "name:el": "Στρατιωτικό Πρατήριο Θεσσαλονίκης", "name:en": null, "operator": "Ελληνικός Στρατός", "amenity": null, "shop": "supermarket", "capacity": null, "opening_hours": null, "website": null, "phone": null }, "geometry": { "type": "Point", "coordinates": [ 22.95926, 40.625117 ] } },
{ "type": "Feature", "properties": { "dest_category": "Supermarket", "dest_source": "commercial_major", "symbol_origin": "node", "name": "Masoutis", "name:el": null, "name:en": null, "operator": null, "amenity": null, "shop": "supermarket", "capacity": null, "opening_hours": null, "website": null, "phone": null }, "geometry": { "type": "Point", "coordinates": [ 22.958671, 40.642284 ] } },
{ "type": "Feature", "properties": { "dest_category": "Supermarket", "dest_source": "commercial_major", "symbol_origin": "node", "name": "Discount Markt", "name:el": null, "name:en": null, "operator": null, "amenity": null, "shop": "supermarket", "capacity": null, "opening_hours": "Mo-Fr 08:00-21:00, Sa 08:00-20:00", "website": "https://discountmarkt.gr/", "phone": null }, "geometry": { "type": "Point", "coordinates": [ 22.960706, 40.655689 ] } },
{ "type": "Feature", "properties": { "dest_category": "Supermarket", "dest_source": "commercial_major", "symbol_origin": "node", "name": "Σκλαβενίτης", "name:el": "Σκλαβενίτης", "name:en": "Sklavenitis", "operator": "Σκλαβενίτης", "amenity": null, "shop": "supermarket", "capacity": null, "opening_hours": "Mo-Fr 08:00-21:00; Sa 08:00-20:00; Su,PH off", "website": "https://www.sklavenitis.gr/", "phone": "+30 2310 960978;+30 2310 248496" }, "geometry": { "type": "Point", "coordinates": [ 22.953377, 40.635615 ] } },
{ "type": "Feature", "properties": { "dest_category": "Supermarket", "dest_source": "commercial_major", "symbol_origin": "node", "name": "Μασούτης", "name:el": "Μασούτης", "name:en": "Masoutis", "operator": null, "amenity": null, "shop": "supermarket", "capacity": null, "opening_hours": "Mo-Fr 08:00-21:00; Sa 08:00-20:00", "website": "https://www.masoutis.gr/", "phone": "+30 2310 203429" }, "geometry": { "type": "Point", "coordinates": [ 22.95117, 40.635721 ] } },
{ "type": "Feature", "properties": { "dest_category": "Supermarket", "dest_source": "commercial_major", "symbol_origin": "node", "name": "Μπαζααρ", "name:el": null, "name:en": null, "operator": null, "amenity": null, "shop": "supermarket", "capacity": null, "opening_hours": null, "website": null, "phone": null }, "geometry": { "type": "Point", "coordinates": [ 22.949727, 40.635852 ] } },
{ "type": "Feature", "properties": { "dest_category": "Supermarket", "dest_source": "commercial_major", "symbol_origin": "node", "name": null, "name:el": null, "name:en": "Café - Kiosk - Supermarket-Mix", "operator": null, "amenity": null, "shop": "supermarket", "capacity": null, "opening_hours": null, "website": null, "phone": null }, "geometry": { "type": "Point", "coordinates": [ 22.951382, 40.636547 ] } },
{ "type": "Feature", "properties": { "dest_category": "Supermarket", "dest_source": "commercial_major", "symbol_origin": "node", "name": "Ο Κρητικός", "name:el": null, "name:en": null, "operator": null, "amenity": null, "shop": "supermarket", "capacity": null, "opening_hours": null, "website": null, "phone": null }, "geometry": { "type": "Point", "coordinates": [ 22.948434, 40.637162 ] } },
{ "type": "Feature", "properties": { "dest_category": "Supermarket", "dest_source": "commercial_major", "symbol_origin": "node", "name": "Discount Markt", "name:el": null, "name:en": null, "operator": null, "amenity": null, "shop": "supermarket", "capacity": null, "opening_hours": null, "website": "https://discountmarkt.gr/", "phone": null }, "geometry": { "type": "Point", "coordinates": [ 22.9506, 40.637187 ] } },
{ "type": "Feature", "properties": { "dest_category": "Supermarket", "dest_source": "commercial_major", "symbol_origin": "node", "name": "ΑΒ Βασιλόπουλος", "name:el": "ΑΒ Βασιλόπουλος", "name:en": "AB Vassilopoulos", "operator": null, "amenity": null, "shop": "supermarket", "capacity": null, "opening_hours": null, "website": null, "phone": null }, "geometry": { "type": "Point", "coordinates": [ 22.951253, 40.63778 ] } },
{ "type": "Feature", "properties": { "dest_category": "Supermarket", "dest_source": "commercial_major", "symbol_origin": "node", "name": "Μασούτης", "name:el": "Μασούτης", "name:en": "Masoutis", "operator": null, "amenity": null, "shop": "supermarket", "capacity": null, "opening_hours": "Mo-Fr 08:00-21:00; Sa 08:00-20:00", "website": "https://www.masoutis.gr/", "phone": "+30 2310 208297" }, "geometry": { "type": "Point", "coordinates": [ 22.953371, 40.638033 ] } },
{ "type": "Feature", "properties": { "dest_category": "Supermarket", "dest_source": "commercial_major", "symbol_origin": "node", "name": "Ok!", "name:el": null, "name:en": null, "operator": null, "amenity": null, "shop": "supermarket", "capacity": null, "opening_hours": "Mo-Su 08:00-23:00", "website": null, "phone": null }, "geometry": { "type": "Point", "coordinates": [ 22.952846, 40.638679 ] } },
{ "type": "Feature", "properties": { "dest_category": "Supermarket", "dest_source": "commercial_major", "symbol_origin": "node", "name": "Lidl", "name:el": null, "name:en": null, "operator": null, "amenity": null, "shop": "supermarket", "capacity": null, "opening_hours": "Mo-Fr 08:00-21:00; Sa 08:00-20:00", "website": null, "phone": null }, "geometry": { "type": "Point", "coordinates": [ 22.949329, 40.640889 ] } },
{ "type": "Feature", "properties": { "dest_category": "Supermarket", "dest_source": "commercial_major", "symbol_origin": "node", "name": "Μασούτης", "name:el": "Μασούτης", "name:en": "Masoutis", "operator": null, "amenity": null, "shop": "supermarket", "capacity": null, "opening_hours": null, "website": null, "phone": null }, "geometry": { "type": "Point", "coordinates": [ 22.948835, 40.64451 ] } },
{ "type": "Feature", "properties": { "dest_category": "Supermarket", "dest_source": "commercial_major", "symbol_origin": "node", "name": "(Minimarket) Ψιλικά Τσιγάρα", "name:el": null, "name:en": null, "operator": null, "amenity": null, "shop": "supermarket", "capacity": null, "opening_hours": null, "website": null, "phone": null }, "geometry": { "type": "Point", "coordinates": [ 22.947623, 40.646092 ] } },
{ "type": "Feature", "properties": { "dest_category": "Supermarket", "dest_source": "commercial_major", "symbol_origin": "node", "name": null, "name:el": null, "name:en": null, "operator": null, "amenity": null, "shop": "supermarket", "capacity": null, "opening_hours": null, "website": null, "phone": null }, "geometry": { "type": "Point", "coordinates": [ 22.948673, 40.647794 ] } },
{ "type": "Feature", "properties": { "dest_category": "Supermarket", "dest_source": "commercial_major", "symbol_origin": "node", "name": "Σ. Καρατζίδου και Υιοί", "name:el": null, "name:en": null, "operator": null, "amenity": null, "shop": "supermarket", "capacity": null, "opening_hours": null, "website": null, "phone": null }, "geometry": { "type": "Point", "coordinates": [ 22.947296, 40.64874 ] } },
{ "type": "Feature", "properties": { "dest_category": "Supermarket", "dest_source": "commercial_major", "symbol_origin": "node", "name": "Βεργίνα", "name:el": null, "name:en": null, "operator": null, "amenity": null, "shop": "supermarket", "capacity": null, "opening_hours": null, "website": null, "phone": null }, "geometry": { "type": "Point", "coordinates": [ 22.951864, 40.649933 ] } },
{ "type": "Feature", "properties": { "dest_category": "Supermarket", "dest_source": "commercial_major", "symbol_origin": "node", "name": "Κρητικός", "name:el": "Κρητικός", "name:en": "Kritikos", "operator": null, "amenity": null, "shop": "supermarket", "capacity": null, "opening_hours": null, "website": null, "phone": null }, "geometry": { "type": "Point", "coordinates": [ 22.947692, 40.650232 ] } },
{ "type": "Feature", "properties": { "dest_category": "Supermarket", "dest_source": "commercial_major", "symbol_origin": "node", "name": "Τριανταφύλλου", "name:el": "Τριανταφύλλου", "name:en": "Triantafilou", "operator": null, "amenity": null, "shop": "supermarket", "capacity": null, "opening_hours": "Mo-Fr 08:00-21:00; Sa 08:00-20:00; Su,PH off", "website": null, "phone": null }, "geometry": { "type": "Point", "coordinates": [ 22.94997, 40.650685 ] } },
{ "type": "Feature", "properties": { "dest_category": "Supermarket", "dest_source": "commercial_major", "symbol_origin": "node", "name": "Μασούτης", "name:el": "Μασούτης", "name:en": "Masoutis", "operator": null, "amenity": null, "shop": "supermarket", "capacity": null, "opening_hours": null, "website": null, "phone": null }, "geometry": { "type": "Point", "coordinates": [ 22.949255, 40.652811 ] } },
{ "type": "Feature", "properties": { "dest_category": "Supermarket", "dest_source": "commercial_major", "symbol_origin": "node", "name": "Γαλαξίας", "name:el": "Γαλαξίας", "name:en": "Galaxias", "operator": null, "amenity": null, "shop": "supermarket", "capacity": null, "opening_hours": "Mo-Fr 08:00-21:00, Sa 08:00-20:00", "website": "https://5ae.gr/", "phone": null }, "geometry": { "type": "Point", "coordinates": [ 22.958751, 40.65676 ] } },
{ "type": "Feature", "properties": { "dest_category": "Supermarket", "dest_source": "commercial_major", "symbol_origin": "node", "name": "Ελληνικά Μάρκετ", "name:el": null, "name:en": null, "operator": null, "amenity": null, "shop": "supermarket", "capacity": null, "opening_hours": null, "website": null, "phone": null }, "geometry": { "type": "Point", "coordinates": [ 22.955886, 40.658355 ] } },
{ "type": "Feature", "properties": { "dest_category": "Supermarket", "dest_source": "commercial_major", "symbol_origin": "node", "name": "Lidl", "name:el": null, "name:en": null, "operator": null, "amenity": null, "shop": "supermarket", "capacity": null, "opening_hours": "Mo-Sa 07:45-21:00; Su,PH off", "website": "https://www.lidl-hellas.gr/", "phone": null }, "geometry": { "type": "Point", "coordinates": [ 22.954536, 40.659161 ] } },
{ "type": "Feature", "properties": { "dest_category": "Supermarket", "dest_source": "commercial_major", "symbol_origin": "node", "name": "Σκλαβενίτης", "name:el": "Σκλαβενίτης", "name:en": "Sklavenitis", "operator": "Σκλαβενίτης", "amenity": null, "shop": "supermarket", "capacity": null, "opening_hours": "Mo-Fr 08:00-21:00; Sa 08:00-20:00; Su,PH off", "website": null, "phone": null }, "geometry": { "type": "Point", "coordinates": [ 22.955998, 40.680815 ] } },
{ "type": "Feature", "properties": { "dest_category": "Supermarket", "dest_source": "commercial_major", "symbol_origin": "node", "name": "Μασούτης", "name:el": "Μασούτης", "name:en": "Masoutis", "operator": null, "amenity": null, "shop": "supermarket", "capacity": null, "opening_hours": null, "website": null, "phone": null }, "geometry": { "type": "Point", "coordinates": [ 22.953589, 40.654463 ] } },
{ "type": "Feature", "properties": { "dest_category": "Supermarket", "dest_source": "commercial_major", "symbol_origin": "node", "name": "Ελληνικά Μάρκετ", "name:el": null, "name:en": null, "operator": null, "amenity": null, "shop": "supermarket", "capacity": null, "opening_hours": null, "website": null, "phone": null }, "geometry": { "type": "Point", "coordinates": [ 22.947263, 40.66251 ] } },
{ "type": "Feature", "properties": { "dest_category": "Supermarket", "dest_source": "commercial_major", "symbol_origin": "node", "name": "Κιβωτός", "name:el": null, "name:en": null, "operator": null, "amenity": null, "shop": "supermarket", "capacity": null, "opening_hours": null, "website": null, "phone": null }, "geometry": { "type": "Point", "coordinates": [ 22.949581, 40.6688 ] } },
{ "type": "Feature", "properties": { "dest_category": "Supermarket", "dest_source": "commercial_major", "symbol_origin": "node", "name": "Γαλαξίας", "name:el": "Γαλαξίας", "name:en": "Galaxias", "operator": null, "amenity": null, "shop": "supermarket", "capacity": null, "opening_hours": null, "website": null, "phone": null }, "geometry": { "type": "Point", "coordinates": [ 22.949609, 40.682841 ] } },
{ "type": "Feature", "properties": { "dest_category": "Supermarket", "dest_source": "commercial_major", "symbol_origin": "node", "name": "Kosmothess M.E.P.E.", "name:el": null, "name:en": null, "operator": null, "amenity": null, "shop": "supermarket", "capacity": null, "opening_hours": null, "website": null, "phone": null }, "geometry": { "type": "Point", "coordinates": [ 22.94884, 40.70749 ] } },
{ "type": "Feature", "properties": { "dest_category": "Supermarket", "dest_source": "commercial_major", "symbol_origin": "node", "name": null, "name:el": null, "name:en": null, "operator": null, "amenity": null, "shop": "supermarket", "capacity": null, "opening_hours": null, "website": null, "phone": null }, "geometry": { "type": "Point", "coordinates": [ 23.474133, 40.598379 ] } },
{ "type": "Feature", "properties": { "dest_category": "Retail", "dest_source": "commercial_major", "symbol_origin": "node", "name": null, "name:el": null, "name:en": null, "operator": null, "amenity": null, "shop": null, "capacity": null, "opening_hours": null, "website": null, "phone": null }, "geometry": { "type": "Point", "coordinates": [ 23.099959, 40.608806 ] } },
{ "type": "Feature", "properties": { "dest_category": "Supermarket", "dest_source": "commercial_major", "symbol_origin": "node", "name": "CRM Αριάδνη", "name:el": null, "name:en": null, "operator": "ΠΕΠΟΝΗ ΑΡΕΤΗ", "amenity": null, "shop": "supermarket", "capacity": null, "opening_hours": "Mo-Fr 09:00-17:00", "website": null, "phone": "+30 2310 349226" }, "geometry": { "type": "Point", "coordinates": [ 23.099663, 40.61124 ] } },
{ "type": "Feature", "properties": { "dest_category": "Supermarket", "dest_source": "commercial_major", "symbol_origin": "node", "name": "Μασούτης", "name:el": "Μασούτης", "name:en": "Masoutis", "operator": null, "amenity": null, "shop": "supermarket", "capacity": null, "opening_hours": "Mo-Fr 08:00-21:00; Sa 08:00-20:00", "website": "https://www.masoutis.gr/", "phone": "+30 2310 349 280" }, "geometry": { "type": "Point", "coordinates": [ 23.09522, 40.615944 ] } },
{ "type": "Feature", "properties": { "dest_category": "Supermarket", "dest_source": "commercial_major", "symbol_origin": "node", "name": null, "name:el": null, "name:en": null, "operator": null, "amenity": null, "shop": "supermarket", "capacity": null, "opening_hours": null, "website": null, "phone": null }, "geometry": { "type": "Point", "coordinates": [ 23.561387, 40.622679 ] } },
{ "type": "Feature", "properties": { "dest_category": "Supermarket", "dest_source": "commercial_major", "symbol_origin": "node", "name": null, "name:el": null, "name:en": null, "operator": null, "amenity": null, "shop": "supermarket", "capacity": null, "opening_hours": null, "website": null, "phone": null }, "geometry": { "type": "Point", "coordinates": [ 23.440422, 40.623757 ] } },
{ "type": "Feature", "properties": { "dest_category": "Supermarket", "dest_source": "commercial_major", "symbol_origin": "node", "name": "ελληνικά market", "name:el": null, "name:en": null, "operator": null, "amenity": null, "shop": "supermarket", "capacity": null, "opening_hours": null, "website": null, "phone": null }, "geometry": { "type": "Point", "coordinates": [ 23.041832, 40.63105 ] } },
{ "type": "Feature", "properties": { "dest_category": "Supermarket", "dest_source": "commercial_major", "symbol_origin": "node", "name": "Market In", "name:el": null, "name:en": null, "operator": null, "amenity": null, "shop": "supermarket", "capacity": null, "opening_hours": null, "website": "https://www.market-in.gr/", "phone": null }, "geometry": { "type": "Point", "coordinates": [ 22.972804, 40.613037 ] } },
{ "type": "Feature", "properties": { "dest_category": "Supermarket", "dest_source": "commercial_major", "symbol_origin": "node", "name": "Γαλαξίας", "name:el": "Γαλαξίας", "name:en": "Galaxias", "operator": null, "amenity": null, "shop": "supermarket", "capacity": null, "opening_hours": null, "website": "https://5ae.gr/", "phone": "+30 2310 989558" }, "geometry": { "type": "Point", "coordinates": [ 22.963221, 40.615768 ] } },
{ "type": "Feature", "properties": { "dest_category": "Supermarket", "dest_source": "commercial_major", "symbol_origin": "node", "name": "Μασούτης", "name:el": "Μασούτης", "name:en": "Masoutis", "operator": null, "amenity": null, "shop": "supermarket", "capacity": null, "opening_hours": "Mo-Fr 08:00-21:00; Sa 08:00-20:00", "website": "https://www.masoutis.gr/", "phone": "+30 2310 939911" }, "geometry": { "type": "Point", "coordinates": [ 22.970351, 40.616819 ] } },
{ "type": "Feature", "properties": { "dest_category": "Supermarket", "dest_source": "commercial_major", "symbol_origin": "node", "name": "Μασούτης", "name:el": "Μασούτης", "name:en": "Masoutis", "operator": null, "amenity": null, "shop": "supermarket", "capacity": null, "opening_hours": "Mo-Fr 08:00-21:00; Sa 08:00-20:00", "website": "https://www.masoutis.gr/", "phone": "+30 2310 949735" }, "geometry": { "type": "Point", "coordinates": [ 22.964687, 40.617359 ] } },
{ "type": "Feature", "properties": { "dest_category": "Supermarket", "dest_source": "commercial_major", "symbol_origin": "node", "name": "Discount Markt", "name:el": null, "name:en": null, "operator": null, "amenity": null, "shop": "supermarket", "capacity": null, "opening_hours": null, "website": null, "phone": null }, "geometry": { "type": "Point", "coordinates": [ 22.969312, 40.618277 ] } },
{ "type": "Feature", "properties": { "dest_category": "Supermarket", "dest_source": "commercial_major", "symbol_origin": "node", "name": "Μασούτης", "name:el": "Μασούτης", "name:en": "Masoutis", "operator": null, "amenity": null, "shop": "supermarket", "capacity": null, "opening_hours": "Mo-Fr 08:00-21:00; Sa 08:00-20:00", "website": "https://masoutis.gr/", "phone": "+30 2310 908704" }, "geometry": { "type": "Point", "coordinates": [ 22.970109, 40.620095 ] } },
{ "type": "Feature", "properties": { "dest_category": "Supermarket", "dest_source": "commercial_major", "symbol_origin": "node", "name": "ΑΒ Βασιλόπουλος", "name:el": null, "name:en": null, "operator": null, "amenity": null, "shop": "supermarket", "capacity": null, "opening_hours": null, "website": null, "phone": null }, "geometry": { "type": "Point", "coordinates": [ 22.966544, 40.620198 ] } },
{ "type": "Feature", "properties": { "dest_category": "Supermarket", "dest_source": "commercial_major", "symbol_origin": "node", "name": "Μασούτης", "name:el": "Μασούτης", "name:en": "Masoutis", "operator": null, "amenity": null, "shop": "supermarket", "capacity": null, "opening_hours": "Mo-Fr 08:00-21:00; Sa 08:00-20:00", "website": "https://www.masoutis.gr/", "phone": "+30 2310 922706" }, "geometry": { "type": "Point", "coordinates": [ 22.971792, 40.621252 ] } },
{ "type": "Feature", "properties": { "dest_category": "Supermarket", "dest_source": "commercial_major", "symbol_origin": "node", "name": "Ελληνικά Μάρκετ", "name:el": "Ελληνικά Μάρκετ", "name:en": null, "operator": null, "amenity": null, "shop": "supermarket", "capacity": null, "opening_hours": "Mo-Sa 08:00-22:00; Su 11:00-15:00", "website": null, "phone": null }, "geometry": { "type": "Point", "coordinates": [ 22.969187, 40.621494 ] } },
{ "type": "Feature", "properties": { "dest_category": "Supermarket", "dest_source": "commercial_major", "symbol_origin": "node", "name": "Μασούτης", "name:el": "Μασούτης", "name:en": "Masoutis", "operator": null, "amenity": null, "shop": "supermarket", "capacity": null, "opening_hours": "Mo-Fr 08:00-21:00; Sa 08:00-20:00", "website": "https://www.masoutis.gr/", "phone": "+30 2310 909755" }, "geometry": { "type": "Point", "coordinates": [ 22.973714, 40.623432 ] } },
{ "type": "Feature", "properties": { "dest_category": "Supermarket", "dest_source": "commercial_major", "symbol_origin": "node", "name": "ΑΡΙΣΤΑ - Ηλίας Τοπαλίδης", "name:el": null, "name:en": null, "operator": null, "amenity": null, "shop": "supermarket", "capacity": null, "opening_hours": null, "website": null, "phone": null }, "geometry": { "type": "Point", "coordinates": [ 23.245617, 40.635497 ] } },
{ "type": "Feature", "properties": { "dest_category": "Supermarket", "dest_source": "commercial_major", "symbol_origin": "node", "name": "\"Τα κορίτσια\" - Έλσα", "name:el": null, "name:en": null, "operator": null, "amenity": null, "shop": "supermarket", "capacity": null, "opening_hours": null, "website": null, "phone": null }, "geometry": { "type": "Point", "coordinates": [ 23.246379, 40.635533 ] } },
{ "type": "Feature", "properties": { "dest_category": "Supermarket", "dest_source": "commercial_major", "symbol_origin": "node", "name": "Μασούτης", "name:el": "Μασούτης", "name:en": "Masoutis", "operator": null, "amenity": null, "shop": "supermarket", "capacity": null, "opening_hours": "Mo-Fr 08:00-21:00; Sa 08:00-20:00", "website": "https://www.masoutis.gr/", "phone": "+30 2310 357 900" }, "geometry": { "type": "Point", "coordinates": [ 23.028955, 40.640037 ] } },
{ "type": "Feature", "properties": { "dest_category": "Supermarket", "dest_source": "commercial_major", "symbol_origin": "node", "name": "Μινι μαρκετ Τριγωνη Αννα", "name:el": "Μινι μαρκετ Τριγωνη Αννα", "name:en": "Mini market Trigoni Anna", "operator": null, "amenity": null, "shop": "supermarket", "capacity": null, "opening_hours": null, "website": null, "phone": null }, "geometry": { "type": "Point", "coordinates": [ 23.699191, 40.663794 ] } },
{ "type": "Feature", "properties": { "dest_category": "Supermarket", "dest_source": "commercial_major", "symbol_origin": "node", "name": null, "name:el": null, "name:en": null, "operator": null, "amenity": null, "shop": "supermarket", "capacity": null, "opening_hours": null, "website": null, "phone": null }, "geometry": { "type": "Point", "coordinates": [ 23.693811, 40.665164 ] } },
{ "type": "Feature", "properties": { "dest_category": "Supermarket", "dest_source": "commercial_major", "symbol_origin": "node", "name": "Φούρνος Λίτσος", "name:el": "Φούρνος Λίτσος", "name:en": "Backery Litsos", "operator": null, "amenity": null, "shop": "supermarket", "capacity": null, "opening_hours": null, "website": null, "phone": null }, "geometry": { "type": "Point", "coordinates": [ 23.69546, 40.665208 ] } },
{ "type": "Feature", "properties": { "dest_category": "Supermarket", "dest_source": "commercial_major", "symbol_origin": "node", "name": "Σιομος και", "name:el": "Σιομος και", "name:en": "Siomos", "operator": null, "amenity": null, "shop": "supermarket", "capacity": null, "opening_hours": null, "website": null, "phone": null }, "geometry": { "type": "Point", "coordinates": [ 23.692324, 40.665325 ] } },
{ "type": "Feature", "properties": { "dest_category": "Supermarket", "dest_source": "commercial_major", "symbol_origin": "node", "name": "Ζωή", "name:el": null, "name:en": null, "operator": null, "amenity": null, "shop": "supermarket", "capacity": null, "opening_hours": null, "website": null, "phone": null }, "geometry": { "type": "Point", "coordinates": [ 23.69614, 40.665953 ] } },
{ "type": "Feature", "properties": { "dest_category": "Department store", "dest_source": "commercial_major", "symbol_origin": "node", "name": "Discount markt", "name:el": null, "name:en": null, "operator": null, "amenity": null, "shop": "department_store", "capacity": null, "opening_hours": null, "website": null, "phone": null }, "geometry": { "type": "Point", "coordinates": [ 23.686356, 40.666356 ] } },
{ "type": "Feature", "properties": { "dest_category": "Supermarket", "dest_source": "commercial_major", "symbol_origin": "node", "name": "Bekas", "name:el": null, "name:en": null, "operator": null, "amenity": null, "shop": "supermarket", "capacity": null, "opening_hours": null, "website": null, "phone": null }, "geometry": { "type": "Point", "coordinates": [ 23.112587, 40.665208 ] } },
{ "type": "Feature", "properties": { "dest_category": "Supermarket", "dest_source": "commercial_major", "symbol_origin": "node", "name": "Κρητικός", "name:el": "Κρητικός", "name:en": "Kritikos", "operator": null, "amenity": null, "shop": "supermarket", "capacity": null, "opening_hours": null, "website": "https://www.kritikos-sm.gr/", "phone": null }, "geometry": { "type": "Point", "coordinates": [ 22.977354, 40.619067 ] } },
{ "type": "Feature", "properties": { "dest_category": "Supermarket", "dest_source": "commercial_major", "symbol_origin": "node", "name": "Ελληνικά Market", "name:el": "Ελληνικά Μάρκετ", "name:en": null, "operator": null, "amenity": null, "shop": "supermarket", "capacity": null, "opening_hours": null, "website": "https://ellinikamarket.gr/", "phone": null }, "geometry": { "type": "Point", "coordinates": [ 22.975695, 40.619899 ] } },
{ "type": "Feature", "properties": { "dest_category": "Supermarket", "dest_source": "commercial_major", "symbol_origin": "node", "name": "Lidl", "name:el": null, "name:en": null, "operator": null, "amenity": null, "shop": "supermarket", "capacity": null, "opening_hours": "Mo-Sa 07:45-21:00", "website": "https://www.lidl-hellas.gr/", "phone": null }, "geometry": { "type": "Point", "coordinates": [ 22.996801, 40.653172 ] } },
{ "type": "Feature", "properties": { "dest_category": "Supermarket", "dest_source": "commercial_major", "symbol_origin": "node", "name": "Σκλαβενίτης", "name:el": "Σκλαβενίτης", "name:en": "Sklavenitis", "operator": null, "amenity": null, "shop": "supermarket", "capacity": null, "opening_hours": "Mo-Fr 08:00-21:00; Sa 08:00-20:00; Su,PH off", "website": null, "phone": null }, "geometry": { "type": "Point", "coordinates": [ 22.992662, 40.655124 ] } },
{ "type": "Feature", "properties": { "dest_category": "Supermarket", "dest_source": "commercial_major", "symbol_origin": "node", "name": "Μασούτης", "name:el": "Μασούτης", "name:en": "Masoutis", "operator": null, "amenity": null, "shop": "supermarket", "capacity": null, "opening_hours": "Mo-Fr 08:00-21:00; Sa 08:00-20:00", "website": "https://masoutis.gr/", "phone": "+30 2310 674 467" }, "geometry": { "type": "Point", "coordinates": [ 22.991401, 40.655376 ] } },
{ "type": "Feature", "properties": { "dest_category": "Supermarket", "dest_source": "commercial_major", "symbol_origin": "node", "name": "Τζιβαέρι", "name:el": null, "name:en": null, "operator": null, "amenity": null, "shop": "supermarket", "capacity": null, "opening_hours": null, "website": null, "phone": null }, "geometry": { "type": "Point", "coordinates": [ 22.988311, 40.656734 ] } },
{ "type": "Feature", "properties": { "dest_category": "Supermarket", "dest_source": "commercial_major", "symbol_origin": "node", "name": "MixMax", "name:el": null, "name:en": null, "operator": null, "amenity": null, "shop": "supermarket", "capacity": null, "opening_hours": "Mo-Sa 09:00-21:00", "website": null, "phone": "+30 2310 582063" }, "geometry": { "type": "Point", "coordinates": [ 22.97555, 40.659623 ] } },
{ "type": "Feature", "properties": { "dest_category": "Supermarket", "dest_source": "commercial_major", "symbol_origin": "node", "name": "Market Κρεάτων", "name:el": null, "name:en": null, "operator": null, "amenity": null, "shop": "supermarket", "capacity": null, "opening_hours": null, "website": null, "phone": null }, "geometry": { "type": "Point", "coordinates": [ 22.981581, 40.663426 ] } },
{ "type": "Feature", "properties": { "dest_category": "Supermarket", "dest_source": "commercial_major", "symbol_origin": "node", "name": "ΑΒ Βασιλόπουλος", "name:el": "ΑΒ Βασιλόπουλος", "name:en": "AB Vassilopoulos", "operator": null, "amenity": null, "shop": "supermarket", "capacity": null, "opening_hours": null, "website": null, "phone": null }, "geometry": { "type": "Point", "coordinates": [ 22.983542, 40.663657 ] } },
{ "type": "Feature", "properties": { "dest_category": "Supermarket", "dest_source": "commercial_major", "symbol_origin": "node", "name": "Πρόοδος", "name:el": "Πρόοδος", "name:en": "Proodos", "operator": null, "amenity": null, "shop": "supermarket", "capacity": null, "opening_hours": null, "website": null, "phone": null }, "geometry": { "type": "Point", "coordinates": [ 23.004791, 40.690892 ] } },
{ "type": "Feature", "properties": { "dest_category": "Supermarket", "dest_source": "commercial_major", "symbol_origin": "node", "name": null, "name:el": null, "name:en": null, "operator": null, "amenity": null, "shop": "supermarket", "capacity": null, "opening_hours": null, "website": null, "phone": null }, "geometry": { "type": "Point", "coordinates": [ 23.559548, 40.67695 ] } },
{ "type": "Feature", "properties": { "dest_category": "Supermarket", "dest_source": "commercial_major", "symbol_origin": "node", "name": "SUPER MARKET TASOS", "name:el": null, "name:en": null, "operator": null, "amenity": null, "shop": "supermarket", "capacity": null, "opening_hours": null, "website": null, "phone": null }, "geometry": { "type": "Point", "coordinates": [ 23.694747, 40.690596 ] } },
{ "type": "Feature", "properties": { "dest_category": "Department store", "dest_source": "commercial_major", "symbol_origin": "node", "name": "Neo Era Mega Stores", "name:el": null, "name:en": null, "operator": null, "amenity": null, "shop": "department_store", "capacity": null, "opening_hours": null, "website": null, "phone": null }, "geometry": { "type": "Point", "coordinates": [ 23.681009, 40.691243 ] } },
{ "type": "Feature", "properties": { "dest_category": "Supermarket", "dest_source": "commercial_major", "symbol_origin": "node", "name": "Lidl", "name:el": null, "name:en": null, "operator": null, "amenity": null, "shop": "supermarket", "capacity": null, "opening_hours": null, "website": null, "phone": null }, "geometry": { "type": "Point", "coordinates": [ 23.683015, 40.692847 ] } },
{ "type": "Feature", "properties": { "dest_category": "Supermarket", "dest_source": "commercial_major", "symbol_origin": "node", "name": null, "name:el": null, "name:en": null, "operator": null, "amenity": null, "shop": "supermarket", "capacity": null, "opening_hours": null, "website": null, "phone": null }, "geometry": { "type": "Point", "coordinates": [ 23.048793, 40.69606 ] } },
{ "type": "Feature", "properties": { "dest_category": "Supermarket", "dest_source": "commercial_major", "symbol_origin": "node", "name": "Plataia", "name:el": null, "name:en": null, "operator": null, "amenity": null, "shop": "supermarket", "capacity": null, "opening_hours": null, "website": null, "phone": null }, "geometry": { "type": "Point", "coordinates": [ 23.698754, 40.70558 ] } },
{ "type": "Feature", "properties": { "dest_category": "Supermarket", "dest_source": "commercial_major", "symbol_origin": "node", "name": null, "name:el": null, "name:en": null, "operator": null, "amenity": null, "shop": "supermarket", "capacity": null, "opening_hours": null, "website": null, "phone": null }, "geometry": { "type": "Point", "coordinates": [ 23.700838, 40.707736 ] } },
{ "type": "Feature", "properties": { "dest_category": "Supermarket", "dest_source": "commercial_major", "symbol_origin": "node", "name": null, "name:el": null, "name:en": null, "operator": null, "amenity": null, "shop": "supermarket", "capacity": null, "opening_hours": null, "website": null, "phone": null }, "geometry": { "type": "Point", "coordinates": [ 23.698555, 40.708304 ] } },
{ "type": "Feature", "properties": { "dest_category": "Supermarket", "dest_source": "commercial_major", "symbol_origin": "node", "name": "Μασούτης", "name:el": "Μασούτης", "name:en": "Masoutis", "operator": null, "amenity": null, "shop": "supermarket", "capacity": null, "opening_hours": null, "website": null, "phone": null }, "geometry": { "type": "Point", "coordinates": [ 23.696532, 40.709033 ] } },
{ "type": "Feature", "properties": { "dest_category": "Supermarket", "dest_source": "commercial_major", "symbol_origin": "node", "name": "DiscountMarkt", "name:el": "DiscountMarkt", "name:en": null, "operator": null, "amenity": null, "shop": "supermarket", "capacity": null, "opening_hours": null, "website": null, "phone": null }, "geometry": { "type": "Point", "coordinates": [ 23.697103, 40.709381 ] } },
{ "type": "Feature", "properties": { "dest_category": "Supermarket", "dest_source": "commercial_major", "symbol_origin": "node", "name": "Σκλαβενίτης", "name:el": "Σκλαβενίτης", "name:en": "Sklavenitis", "operator": null, "amenity": null, "shop": "supermarket", "capacity": null, "opening_hours": "Mo-Fr 08:00-21:00; Sa 08:00-20:00; Su,PH off", "website": null, "phone": null }, "geometry": { "type": "Point", "coordinates": [ 23.702836, 40.714523 ] } },
{ "type": "Feature", "properties": { "dest_category": "Supermarket", "dest_source": "commercial_major", "symbol_origin": "node", "name": null, "name:el": null, "name:en": null, "operator": null, "amenity": null, "shop": "supermarket", "capacity": null, "opening_hours": null, "website": null, "phone": null }, "geometry": { "type": "Point", "coordinates": [ 23.705437, 40.71796 ] } },
{ "type": "Feature", "properties": { "dest_category": "Supermarket", "dest_source": "commercial_major", "symbol_origin": "node", "name": "Nikoz", "name:el": null, "name:en": null, "operator": null, "amenity": null, "shop": "supermarket", "capacity": null, "opening_hours": null, "website": null, "phone": null }, "geometry": { "type": "Point", "coordinates": [ 23.705397, 40.719291 ] } },
{ "type": "Feature", "properties": { "dest_category": "Supermarket", "dest_source": "commercial_major", "symbol_origin": "node", "name": null, "name:el": null, "name:en": null, "operator": null, "amenity": null, "shop": "supermarket", "capacity": null, "opening_hours": null, "website": null, "phone": null }, "geometry": { "type": "Point", "coordinates": [ 23.706667, 40.719795 ] } },
{ "type": "Feature", "properties": { "dest_category": "Supermarket", "dest_source": "commercial_major", "symbol_origin": "node", "name": "Bazaar", "name:el": null, "name:en": null, "operator": null, "amenity": null, "shop": "supermarket", "capacity": null, "opening_hours": null, "website": null, "phone": null }, "geometry": { "type": "Point", "coordinates": [ 23.707446, 40.721326 ] } },
{ "type": "Feature", "properties": { "dest_category": "Supermarket", "dest_source": "commercial_major", "symbol_origin": "node", "name": "Fleischer", "name:el": null, "name:en": null, "operator": null, "amenity": null, "shop": "supermarket", "capacity": null, "opening_hours": null, "website": null, "phone": null }, "geometry": { "type": "Point", "coordinates": [ 23.715265, 40.734894 ] } },
{ "type": "Feature", "properties": { "dest_category": "Shopping mall", "dest_source": "commercial_major", "symbol_origin": "node", "name": "Κανελλόπουλος", "name:el": null, "name:en": null, "operator": null, "amenity": null, "shop": "mall", "capacity": null, "opening_hours": null, "website": null, "phone": null }, "geometry": { "type": "Point", "coordinates": [ 23.040228, 40.737452 ] } },
{ "type": "Feature", "properties": { "dest_category": "Supermarket", "dest_source": "commercial_major", "symbol_origin": "node", "name": "Σκλαβενίτης", "name:el": "Σκλαβενίτης", "name:en": "Sklavenitis", "operator": "Σκλαβενίτης", "amenity": null, "shop": "supermarket", "capacity": null, "opening_hours": null, "website": null, "phone": null }, "geometry": { "type": "Point", "coordinates": [ 23.041563, 40.738045 ] } },
{ "type": "Feature", "properties": { "dest_category": "Supermarket", "dest_source": "commercial_major", "symbol_origin": "node", "name": "DiscountMarkt", "name:el": null, "name:en": null, "operator": null, "amenity": null, "shop": "supermarket", "capacity": null, "opening_hours": null, "website": null, "phone": null }, "geometry": { "type": "Point", "coordinates": [ 23.048913, 40.74001 ] } },
{ "type": "Feature", "properties": { "dest_category": "Supermarket", "dest_source": "commercial_major", "symbol_origin": "node", "name": "Μασούτης", "name:el": "Μασούτης", "name:en": "Masoutis", "operator": null, "amenity": null, "shop": "supermarket", "capacity": null, "opening_hours": null, "website": null, "phone": "+30 2394 026298" }, "geometry": { "type": "Point", "coordinates": [ 23.062242, 40.747535 ] } },
{ "type": "Feature", "properties": { "dest_category": "Supermarket", "dest_source": "commercial_major", "symbol_origin": "node", "name": "Supermarket Ελ", "name:el": "Supermarket Ελ", "name:en": "Supermarket El", "operator": null, "amenity": null, "shop": "supermarket", "capacity": null, "opening_hours": null, "website": null, "phone": "+30 231 067 7316" }, "geometry": { "type": "Point", "coordinates": [ 23.003494, 40.691408 ] } },
{ "type": "Feature", "properties": { "dest_category": "Department store", "dest_source": "commercial_major", "symbol_origin": "node", "name": "MACEDONIAN LOGISTICS ", "name:el": null, "name:en": null, "operator": null, "amenity": null, "shop": "department_store", "capacity": null, "opening_hours": null, "website": null, "phone": null }, "geometry": { "type": "Point", "coordinates": [ 23.012033, 40.727917 ] } },
{ "type": "Feature", "properties": { "dest_category": "Supermarket", "dest_source": "commercial_major", "symbol_origin": "node", "name": "Γαλαξίας", "name:el": null, "name:en": null, "operator": null, "amenity": null, "shop": "supermarket", "capacity": null, "opening_hours": null, "website": null, "phone": null }, "geometry": { "type": "Point", "coordinates": [ 22.986842, 40.748188 ] } },
{ "type": "Feature", "properties": { "dest_category": "Supermarket", "dest_source": "commercial_major", "symbol_origin": "node", "name": null, "name:el": null, "name:en": null, "operator": null, "amenity": null, "shop": "supermarket", "capacity": null, "opening_hours": null, "website": null, "phone": null }, "geometry": { "type": "Point", "coordinates": [ 22.981542, 40.841901 ] } },
{ "type": "Feature", "properties": { "dest_category": "Supermarket", "dest_source": "commercial_major", "symbol_origin": "node", "name": null, "name:el": null, "name:en": null, "operator": null, "amenity": null, "shop": "supermarket", "capacity": null, "opening_hours": null, "website": null, "phone": null }, "geometry": { "type": "Point", "coordinates": [ 22.982701, 40.842193 ] } },
{ "type": "Feature", "properties": { "dest_category": "Supermarket", "dest_source": "commercial_major", "symbol_origin": "node", "name": "Εγνατία", "name:el": null, "name:en": null, "operator": null, "amenity": null, "shop": "supermarket", "capacity": null, "opening_hours": null, "website": null, "phone": null }, "geometry": { "type": "Point", "coordinates": [ 23.066175, 40.750039 ] } },
{ "type": "Feature", "properties": { "dest_category": "Supermarket", "dest_source": "commercial_major", "symbol_origin": "node", "name": null, "name:el": null, "name:en": null, "operator": null, "amenity": null, "shop": "supermarket", "capacity": null, "opening_hours": null, "website": null, "phone": null }, "geometry": { "type": "Point", "coordinates": [ 23.029592, 40.819853 ] } },
{ "type": "Feature", "properties": { "dest_category": "Supermarket", "dest_source": "commercial_major", "symbol_origin": "node", "name": null, "name:el": null, "name:en": null, "operator": null, "amenity": null, "shop": "supermarket", "capacity": null, "opening_hours": null, "website": null, "phone": null }, "geometry": { "type": "Point", "coordinates": [ 23.029493, 40.820804 ] } },
{ "type": "Feature", "properties": { "dest_category": "Supermarket", "dest_source": "commercial_major", "symbol_origin": "node", "name": null, "name:el": null, "name:en": null, "operator": null, "amenity": null, "shop": "supermarket", "capacity": null, "opening_hours": null, "website": null, "phone": null }, "geometry": { "type": "Point", "coordinates": [ 23.025886, 40.823658 ] } },
{ "type": "Feature", "properties": { "dest_category": "Supermarket", "dest_source": "commercial_major", "symbol_origin": "node", "name": "Το ζυμαράκι της Κυριακής", "name:el": null, "name:en": null, "operator": "οικογένεια Μούρτζιου", "amenity": null, "shop": "supermarket", "capacity": null, "opening_hours": null, "website": null, "phone": "2394 091210" }, "geometry": { "type": "Point", "coordinates": [ 23.204076, 40.839303 ] } },
{ "type": "Feature", "properties": { "dest_category": "Supermarket", "dest_source": "commercial_major", "symbol_origin": "node", "name": "Σκλαβενίτης", "name:el": "Σκλαβενίτης", "name:en": "Sklavenitis", "operator": "Σκλαβενίτης", "amenity": null, "shop": "supermarket", "capacity": null, "opening_hours": "Mo-Fr 08:00-21:00; Sa 08:00-20:00; Su,PH off", "website": null, "phone": null }, "geometry": { "type": "Point", "coordinates": [ 22.895903, 40.664803 ] } },
{ "type": "Feature", "properties": { "dest_category": "Supermarket", "dest_source": "commercial_major", "symbol_origin": "node", "name": "Μασούτης", "name:el": "Μασούτης", "name:en": "Masoutis", "operator": null, "amenity": null, "shop": "supermarket", "capacity": null, "opening_hours": null, "website": null, "phone": null }, "geometry": { "type": "Point", "coordinates": [ 22.89698, 40.666375 ] } },
{ "type": "Feature", "properties": { "dest_category": "Supermarket", "dest_source": "commercial_major", "symbol_origin": "node", "name": null, "name:el": null, "name:en": null, "operator": null, "amenity": null, "shop": "supermarket", "capacity": null, "opening_hours": null, "website": null, "phone": null }, "geometry": { "type": "Point", "coordinates": [ 22.805902, 40.665638 ] } },
{ "type": "Feature", "properties": { "dest_category": "Supermarket", "dest_source": "commercial_major", "symbol_origin": "node", "name": "ΑΒ Βασιλόπουλος", "name:el": null, "name:en": null, "operator": null, "amenity": null, "shop": "supermarket", "capacity": null, "opening_hours": "Mo-Fr 08:00-21:00; Sa 08:00-20:00", "website": null, "phone": null }, "geometry": { "type": "Point", "coordinates": [ 22.904437, 40.667039 ] } },
{ "type": "Feature", "properties": { "dest_category": "Supermarket", "dest_source": "commercial_major", "symbol_origin": "node", "name": "Κεντρο", "name:el": null, "name:en": null, "operator": null, "amenity": null, "shop": "supermarket", "capacity": null, "opening_hours": null, "website": null, "phone": null }, "geometry": { "type": "Point", "coordinates": [ 22.801142, 40.667859 ] } },
{ "type": "Feature", "properties": { "dest_category": "Supermarket", "dest_source": "commercial_major", "symbol_origin": "node", "name": "Μασούτης", "name:el": "Μασούτης", "name:en": "Masoutis", "operator": null, "amenity": null, "shop": "supermarket", "capacity": null, "opening_hours": null, "website": "https://www.masoutis.gr/", "phone": null }, "geometry": { "type": "Point", "coordinates": [ 22.911486, 40.669047 ] } },
{ "type": "Feature", "properties": { "dest_category": "Supermarket", "dest_source": "commercial_major", "symbol_origin": "node", "name": "Market In", "name:el": null, "name:en": null, "operator": null, "amenity": null, "shop": "supermarket", "capacity": null, "opening_hours": null, "website": null, "phone": null }, "geometry": { "type": "Point", "coordinates": [ 22.894359, 40.669026 ] } },
{ "type": "Feature", "properties": { "dest_category": "Supermarket", "dest_source": "commercial_major", "symbol_origin": "node", "name": "Αλεξόπουλος", "name:el": null, "name:en": null, "operator": null, "amenity": null, "shop": "supermarket", "capacity": null, "opening_hours": null, "website": null, "phone": null }, "geometry": { "type": "Point", "coordinates": [ 22.809911, 40.66887 ] } },
{ "type": "Feature", "properties": { "dest_category": "Supermarket", "dest_source": "commercial_major", "symbol_origin": "node", "name": "DiscountMarkt", "name:el": null, "name:en": null, "operator": null, "amenity": null, "shop": "supermarket", "capacity": null, "opening_hours": null, "website": null, "phone": null }, "geometry": { "type": "Point", "coordinates": [ 22.895315, 40.669741 ] } },
{ "type": "Feature", "properties": { "dest_category": "Supermarket", "dest_source": "commercial_major", "symbol_origin": "node", "name": "Family", "name:el": null, "name:en": null, "operator": null, "amenity": null, "shop": "supermarket", "capacity": null, "opening_hours": null, "website": null, "phone": null }, "geometry": { "type": "Point", "coordinates": [ 22.901277, 40.669816 ] } },
{ "type": "Feature", "properties": { "dest_category": "Supermarket", "dest_source": "commercial_major", "symbol_origin": "node", "name": "Κρητικός", "name:el": "Κρητικός", "name:en": "Kritikos", "operator": null, "amenity": null, "shop": "supermarket", "capacity": null, "opening_hours": null, "website": null, "phone": null }, "geometry": { "type": "Point", "coordinates": [ 22.925605, 40.666487 ] } },
{ "type": "Feature", "properties": { "dest_category": "Supermarket", "dest_source": "commercial_major", "symbol_origin": "node", "name": "ΑΒ Βασιλόπουλος", "name:el": "ΑΒ Βασιλόπουλος", "name:en": "AB Vassilopoulos", "operator": null, "amenity": null, "shop": "supermarket", "capacity": null, "opening_hours": "Mo-Sa 08:00-21:00", "website": null, "phone": null }, "geometry": { "type": "Point", "coordinates": [ 22.917603, 40.666473 ] } },
{ "type": "Feature", "properties": { "dest_category": "Supermarket", "dest_source": "commercial_major", "symbol_origin": "node", "name": "Lidl", "name:el": null, "name:en": null, "operator": null, "amenity": null, "shop": "supermarket", "capacity": null, "opening_hours": null, "website": null, "phone": null }, "geometry": { "type": "Point", "coordinates": [ 22.918432, 40.666912 ] } },
{ "type": "Feature", "properties": { "dest_category": "Supermarket", "dest_source": "commercial_major", "symbol_origin": "node", "name": "Ελληνικά μάρκετς", "name:el": null, "name:en": null, "operator": null, "amenity": null, "shop": "supermarket", "capacity": null, "opening_hours": null, "website": null, "phone": null }, "geometry": { "type": "Point", "coordinates": [ 22.92181, 40.66724 ] } },
{ "type": "Feature", "properties": { "dest_category": "Supermarket", "dest_source": "commercial_major", "symbol_origin": "node", "name": "Μασούτης", "name:el": "Μασούτης", "name:en": "Masoutis", "operator": null, "amenity": null, "shop": "supermarket", "capacity": null, "opening_hours": null, "website": null, "phone": null }, "geometry": { "type": "Point", "coordinates": [ 22.918404, 40.667273 ] } },
{ "type": "Feature", "properties": { "dest_category": "Supermarket", "dest_source": "commercial_major", "symbol_origin": "node", "name": null, "name:el": null, "name:en": null, "operator": null, "amenity": null, "shop": "supermarket", "capacity": null, "opening_hours": null, "website": null, "phone": null }, "geometry": { "type": "Point", "coordinates": [ 22.932415, 40.670588 ] } },
{ "type": "Feature", "properties": { "dest_category": "Supermarket", "dest_source": "commercial_major", "symbol_origin": "node", "name": "Αφροδίτη", "name:el": null, "name:en": null, "operator": null, "amenity": null, "shop": "supermarket", "capacity": null, "opening_hours": null, "website": null, "phone": null }, "geometry": { "type": "Point", "coordinates": [ 22.923999, 40.671081 ] } },
{ "type": "Feature", "properties": { "dest_category": "Supermarket", "dest_source": "commercial_major", "symbol_origin": "node", "name": null, "name:el": null, "name:en": null, "operator": null, "amenity": null, "shop": "supermarket", "capacity": null, "opening_hours": null, "website": null, "phone": null }, "geometry": { "type": "Point", "coordinates": [ 22.92134, 40.672156 ] } },
{ "type": "Feature", "properties": { "dest_category": "Supermarket", "dest_source": "commercial_major", "symbol_origin": "node", "name": "Μασούτης", "name:el": "Μασούτης", "name:en": "Masoutis", "operator": null, "amenity": null, "shop": "supermarket", "capacity": null, "opening_hours": null, "website": null, "phone": null }, "geometry": { "type": "Point", "coordinates": [ 22.932808, 40.672289 ] } },
{ "type": "Feature", "properties": { "dest_category": "Supermarket", "dest_source": "commercial_major", "symbol_origin": "node", "name": "Μαγαζάκι της Σοφίας", "name:el": null, "name:en": null, "operator": null, "amenity": null, "shop": "supermarket", "capacity": null, "opening_hours": null, "website": null, "phone": null }, "geometry": { "type": "Point", "coordinates": [ 22.933349, 40.672955 ] } },
{ "type": "Feature", "properties": { "dest_category": "Supermarket", "dest_source": "commercial_major", "symbol_origin": "node", "name": "Μασούτης", "name:el": null, "name:en": null, "operator": null, "amenity": null, "shop": "supermarket", "capacity": null, "opening_hours": null, "website": null, "phone": null }, "geometry": { "type": "Point", "coordinates": [ 22.907349, 40.669959 ] } },
{ "type": "Feature", "properties": { "dest_category": "Supermarket", "dest_source": "commercial_major", "symbol_origin": "node", "name": "Μασούτης", "name:el": "Μασούτης", "name:en": "Masoutis", "operator": null, "amenity": null, "shop": "supermarket", "capacity": null, "opening_hours": null, "website": null, "phone": null }, "geometry": { "type": "Point", "coordinates": [ 22.805282, 40.669053 ] } },
{ "type": "Feature", "properties": { "dest_category": "Supermarket", "dest_source": "commercial_major", "symbol_origin": "node", "name": "Lidl", "name:el": null, "name:en": null, "operator": null, "amenity": null, "shop": "supermarket", "capacity": null, "opening_hours": null, "website": null, "phone": null }, "geometry": { "type": "Point", "coordinates": [ 22.794237, 40.66914 ] } },
{ "type": "Feature", "properties": { "dest_category": "Supermarket", "dest_source": "commercial_major", "symbol_origin": "node", "name": "Κρητικός", "name:el": "Κρητικός", "name:en": "Kritikos", "operator": null, "amenity": null, "shop": "supermarket", "capacity": null, "opening_hours": null, "website": null, "phone": null }, "geometry": { "type": "Point", "coordinates": [ 22.904207, 40.670333 ] } },
{ "type": "Feature", "properties": { "dest_category": "Supermarket", "dest_source": "commercial_major", "symbol_origin": "node", "name": "Μπαλίτας", "name:el": null, "name:en": null, "operator": null, "amenity": null, "shop": "supermarket", "capacity": null, "opening_hours": null, "website": null, "phone": null }, "geometry": { "type": "Point", "coordinates": [ 22.797756, 40.669362 ] } },
{ "type": "Feature", "properties": { "dest_category": "Supermarket", "dest_source": "commercial_major", "symbol_origin": "node", "name": "My Market", "name:el": null, "name:en": null, "operator": null, "amenity": null, "shop": "supermarket", "capacity": null, "opening_hours": "Mo-Fr 08:00-21:00; Sa 08:00-20:00", "website": null, "phone": null }, "geometry": { "type": "Point", "coordinates": [ 22.89908, 40.670479 ] } },
{ "type": "Feature", "properties": { "dest_category": "Supermarket", "dest_source": "commercial_major", "symbol_origin": "node", "name": "Έλλη", "name:el": null, "name:en": null, "operator": null, "amenity": null, "shop": "supermarket", "capacity": null, "opening_hours": null, "website": null, "phone": null }, "geometry": { "type": "Point", "coordinates": [ 22.897223, 40.671074 ] } },
{ "type": "Feature", "properties": { "dest_category": "Supermarket", "dest_source": "commercial_major", "symbol_origin": "node", "name": "Τζένη", "name:el": null, "name:en": null, "operator": null, "amenity": null, "shop": "supermarket", "capacity": null, "opening_hours": null, "website": null, "phone": null }, "geometry": { "type": "Point", "coordinates": [ 22.895909, 40.671879 ] } },
{ "type": "Feature", "properties": { "dest_category": "Supermarket", "dest_source": "commercial_major", "symbol_origin": "node", "name": "Ok!", "name:el": null, "name:en": null, "operator": null, "amenity": null, "shop": "supermarket", "capacity": null, "opening_hours": "Mo-Su 08:00-23:00", "website": null, "phone": null }, "geometry": { "type": "Point", "coordinates": [ 22.908238, 40.672094 ] } },
{ "type": "Feature", "properties": { "dest_category": "Supermarket", "dest_source": "commercial_major", "symbol_origin": "node", "name": "Πρόοδος", "name:el": null, "name:en": null, "operator": "Απόστολος Γεωργίου", "amenity": null, "shop": "supermarket", "capacity": null, "opening_hours": null, "website": null, "phone": null }, "geometry": { "type": "Point", "coordinates": [ 22.893856, 40.672901 ] } },
{ "type": "Feature", "properties": { "dest_category": "Supermarket", "dest_source": "commercial_major", "symbol_origin": "node", "name": "Σκλαβενίτης", "name:el": "Σκλαβενίτης", "name:en": "Sklavenitis", "operator": "Σκλαβενίτης", "amenity": null, "shop": "supermarket", "capacity": null, "opening_hours": "Mo-Fr 08:00-21:00; Sa 08:00-20:00; Su,PH off", "website": null, "phone": null }, "geometry": { "type": "Point", "coordinates": [ 22.918174, 40.674249 ] } },
{ "type": "Feature", "properties": { "dest_category": "Supermarket", "dest_source": "commercial_major", "symbol_origin": "node", "name": "My Market", "name:el": null, "name:en": null, "operator": null, "amenity": null, "shop": "supermarket", "capacity": null, "opening_hours": "Mo-Fr 08:00-21:00; Sa 08:00-20:00", "website": null, "phone": null }, "geometry": { "type": "Point", "coordinates": [ 22.921585, 40.674539 ] } },
{ "type": "Feature", "properties": { "dest_category": "Supermarket", "dest_source": "commercial_major", "symbol_origin": "node", "name": "ΛΑΚΗΣ", "name:el": null, "name:en": null, "operator": null, "amenity": null, "shop": "supermarket", "capacity": null, "opening_hours": null, "website": null, "phone": null }, "geometry": { "type": "Point", "coordinates": [ 22.918882, 40.676498 ] } },
{ "type": "Feature", "properties": { "dest_category": "Supermarket", "dest_source": "commercial_major", "symbol_origin": "node", "name": "Carrefour", "name:el": null, "name:en": null, "operator": null, "amenity": null, "shop": "supermarket", "capacity": null, "opening_hours": null, "website": null, "phone": null }, "geometry": { "type": "Point", "coordinates": [ 22.921415, 40.676866 ] } },
{ "type": "Feature", "properties": { "dest_category": "Department store", "dest_source": "commercial_major", "symbol_origin": "node", "name": null, "name:el": null, "name:en": null, "operator": null, "amenity": null, "shop": "department_store", "capacity": null, "opening_hours": null, "website": null, "phone": null }, "geometry": { "type": "Point", "coordinates": [ 22.925528, 40.677748 ] } },
{ "type": "Feature", "properties": { "dest_category": "Department store", "dest_source": "commercial_major", "symbol_origin": "node", "name": null, "name:el": null, "name:en": null, "operator": null, "amenity": null, "shop": "department_store", "capacity": null, "opening_hours": null, "website": null, "phone": null }, "geometry": { "type": "Point", "coordinates": [ 22.926138, 40.677758 ] } },
{ "type": "Feature", "properties": { "dest_category": "Supermarket", "dest_source": "commercial_major", "symbol_origin": "node", "name": "MERE", "name:el": null, "name:en": null, "operator": null, "amenity": null, "shop": "supermarket", "capacity": null, "opening_hours": null, "website": null, "phone": null }, "geometry": { "type": "Point", "coordinates": [ 22.917569, 40.678013 ] } },
{ "type": "Feature", "properties": { "dest_category": "Supermarket", "dest_source": "commercial_major", "symbol_origin": "node", "name": "Μy Μarket", "name:el": null, "name:en": null, "operator": null, "amenity": null, "shop": "supermarket", "capacity": null, "opening_hours": "Mo-Fr 08:00-21:00; Sa 08:00-20:00", "website": null, "phone": null }, "geometry": { "type": "Point", "coordinates": [ 22.924782, 40.678257 ] } },
{ "type": "Feature", "properties": { "dest_category": "Supermarket", "dest_source": "commercial_major", "symbol_origin": "node", "name": "Σκλαβενίτης", "name:el": "Σκλαβενίτης", "name:en": "Sklavenitis", "operator": "Σκλαβενίτης", "amenity": null, "shop": "supermarket", "capacity": null, "opening_hours": "Mo-Fr 08:00-21:00; Sa 08:00-20:00; Su,PH off", "website": null, "phone": null }, "geometry": { "type": "Point", "coordinates": [ 22.930197, 40.682095 ] } },
{ "type": "Feature", "properties": { "dest_category": "Supermarket", "dest_source": "commercial_major", "symbol_origin": "node", "name": "Mix Markt", "name:el": null, "name:en": null, "operator": null, "amenity": null, "shop": "supermarket", "capacity": null, "opening_hours": null, "website": null, "phone": null }, "geometry": { "type": "Point", "coordinates": [ 22.931918, 40.682432 ] } },
{ "type": "Feature", "properties": { "dest_category": "Supermarket", "dest_source": "commercial_major", "symbol_origin": "node", "name": "Smile market", "name:el": null, "name:en": null, "operator": null, "amenity": null, "shop": "supermarket", "capacity": null, "opening_hours": null, "website": null, "phone": null }, "geometry": { "type": "Point", "coordinates": [ 22.889434, 40.672862 ] } },
{ "type": "Feature", "properties": { "dest_category": "Supermarket", "dest_source": "commercial_major", "symbol_origin": "node", "name": "My Market", "name:el": null, "name:en": null, "operator": null, "amenity": null, "shop": "supermarket", "capacity": null, "opening_hours": "Mo-Fr 08:00-21:00; Sa 08:00-20:00", "website": null, "phone": null }, "geometry": { "type": "Point", "coordinates": [ 22.906747, 40.673829 ] } },
{ "type": "Feature", "properties": { "dest_category": "Supermarket", "dest_source": "commercial_major", "symbol_origin": "node", "name": "Σεραφειμίδης", "name:el": null, "name:en": null, "operator": null, "amenity": null, "shop": "supermarket", "capacity": null, "opening_hours": null, "website": null, "phone": null }, "geometry": { "type": "Point", "coordinates": [ 22.804917, 40.673057 ] } },
{ "type": "Feature", "properties": { "dest_category": "Supermarket", "dest_source": "commercial_major", "symbol_origin": "node", "name": "Τριανταφύλλου", "name:el": "Τριανταφύλλου", "name:en": "Triantafilou", "operator": null, "amenity": null, "shop": "supermarket", "capacity": null, "opening_hours": "Mo-Fr 08:00-21:00; Sa 08:00-20:00; Su,PH off", "website": null, "phone": null }, "geometry": { "type": "Point", "coordinates": [ 22.915843, 40.674163 ] } },
{ "type": "Feature", "properties": { "dest_category": "Supermarket", "dest_source": "commercial_major", "symbol_origin": "node", "name": "ΑΒ shop&go", "name:el": "ΑΒ shop&go", "name:en": "ΑΒ shop&go", "operator": null, "amenity": null, "shop": "supermarket", "capacity": null, "opening_hours": null, "website": null, "phone": null }, "geometry": { "type": "Point", "coordinates": [ 22.906277, 40.675586 ] } },
{ "type": "Feature", "properties": { "dest_category": "Supermarket", "dest_source": "commercial_major", "symbol_origin": "node", "name": "Κρητικός", "name:el": null, "name:en": null, "operator": null, "amenity": null, "shop": "supermarket", "capacity": null, "opening_hours": null, "website": null, "phone": null }, "geometry": { "type": "Point", "coordinates": [ 22.90664, 40.675925 ] } },
{ "type": "Feature", "properties": { "dest_category": "Supermarket", "dest_source": "commercial_major", "symbol_origin": "node", "name": "Γαλαξίας", "name:el": "Γαλαξίας", "name:en": "Galaxias", "operator": null, "amenity": null, "shop": "supermarket", "capacity": null, "opening_hours": null, "website": null, "phone": null }, "geometry": { "type": "Point", "coordinates": [ 22.911384, 40.677078 ] } },
{ "type": "Feature", "properties": { "dest_category": "Supermarket", "dest_source": "commercial_major", "symbol_origin": "node", "name": "Lidl", "name:el": null, "name:en": null, "operator": null, "amenity": null, "shop": "supermarket", "capacity": null, "opening_hours": "Mo-Sa 07:45-21:00; Su,PH off", "website": null, "phone": null }, "geometry": { "type": "Point", "coordinates": [ 22.899577, 40.676997 ] } },
{ "type": "Feature", "properties": { "dest_category": "Department store", "dest_source": "commercial_major", "symbol_origin": "node", "name": "Energon t.m. epe", "name:el": null, "name:en": null, "operator": null, "amenity": null, "shop": "department_store", "capacity": null, "opening_hours": null, "website": "https://www.energontm.gr/", "phone": null }, "geometry": { "type": "Point", "coordinates": [ 22.812535, 40.679942 ] } },
{ "type": "Feature", "properties": { "dest_category": "Supermarket", "dest_source": "commercial_major", "symbol_origin": "node", "name": "Μασούτης", "name:el": "Μασούτης", "name:en": "Masoutis", "operator": null, "amenity": null, "shop": "supermarket", "capacity": null, "opening_hours": null, "website": null, "phone": null }, "geometry": { "type": "Point", "coordinates": [ 22.851324, 40.688451 ] } },
{ "type": "Feature", "properties": { "dest_category": "Department store", "dest_source": "commercial_major", "symbol_origin": "node", "name": "Πλαίσιο", "name:el": "Πλαίσιο", "name:en": "Plaisio", "operator": "Πλαίσιο", "amenity": null, "shop": "department_store", "capacity": null, "opening_hours": null, "website": "https://www.plaisio.gr/", "phone": null }, "geometry": { "type": "Point", "coordinates": [ 22.942737, 40.679334 ] } },
{ "type": "Feature", "properties": { "dest_category": "Supermarket", "dest_source": "commercial_major", "symbol_origin": "node", "name": "Αφροδίτη", "name:el": null, "name:en": null, "operator": null, "amenity": null, "shop": "supermarket", "capacity": null, "opening_hours": null, "website": null, "phone": null }, "geometry": { "type": "Point", "coordinates": [ 22.936642, 40.680978 ] } },
{ "type": "Feature", "properties": { "dest_category": "Supermarket", "dest_source": "commercial_major", "symbol_origin": "node", "name": "Discount Markt", "name:el": null, "name:en": null, "operator": null, "amenity": null, "shop": "supermarket", "capacity": null, "opening_hours": null, "website": null, "phone": null }, "geometry": { "type": "Point", "coordinates": [ 22.93844, 40.70162 ] } },
{ "type": "Feature", "properties": { "dest_category": "Supermarket", "dest_source": "commercial_major", "symbol_origin": "node", "name": "Lidl", "name:el": null, "name:en": null, "operator": null, "amenity": null, "shop": "supermarket", "capacity": null, "opening_hours": "Mo-Sa 07:45-21:00; Su,PH off", "website": null, "phone": null }, "geometry": { "type": "Point", "coordinates": [ 22.937826, 40.702888 ] } },
{ "type": "Feature", "properties": { "dest_category": "Supermarket", "dest_source": "commercial_major", "symbol_origin": "node", "name": "My Market", "name:el": null, "name:en": null, "operator": null, "amenity": null, "shop": "supermarket", "capacity": null, "opening_hours": "Mo-Fr 08:00-21:00; Sa 08:00-20:00", "website": null, "phone": null }, "geometry": { "type": "Point", "coordinates": [ 22.934971, 40.705938 ] } },
{ "type": "Feature", "properties": { "dest_category": "Supermarket", "dest_source": "commercial_major", "symbol_origin": "node", "name": "Mix Markt", "name:el": null, "name:en": null, "operator": null, "amenity": null, "shop": "supermarket", "capacity": null, "opening_hours": null, "website": null, "phone": null }, "geometry": { "type": "Point", "coordinates": [ 22.933508, 40.683562 ] } },
{ "type": "Feature", "properties": { "dest_category": "Supermarket", "dest_source": "commercial_major", "symbol_origin": "node", "name": "Μασούτης", "name:el": "Μασούτης", "name:en": "Masoutis", "operator": null, "amenity": null, "shop": "supermarket", "capacity": null, "opening_hours": null, "website": null, "phone": null }, "geometry": { "type": "Point", "coordinates": [ 22.924486, 40.721477 ] } },
{ "type": "Feature", "properties": { "dest_category": "Supermarket", "dest_source": "commercial_major", "symbol_origin": "node", "name": "ΑΒ Βασιλόπουλος", "name:el": "ΑΒ Βασιλόπουλος", "name:en": "AB Vassilopoulos", "operator": null, "amenity": null, "shop": "supermarket", "capacity": null, "opening_hours": "Mo-Fr 08:00-21:00; Sa 08:00-20:00", "website": "https://www.ab.gr/storedetails/thes-ki-oraiokastro", "phone": null }, "geometry": { "type": "Point", "coordinates": [ 22.915266, 40.725651 ] } },
{ "type": "Feature", "properties": { "dest_category": "Supermarket", "dest_source": "commercial_major", "symbol_origin": "node", "name": "Κρητικός", "name:el": "Κρητικός", "name:en": "Kritikos", "operator": null, "amenity": null, "shop": "supermarket", "capacity": null, "opening_hours": "Mo-Fr 08:00-21:00; Sa 08:00-20:00; Su,PH off", "website": null, "phone": null }, "geometry": { "type": "Point", "coordinates": [ 22.915621, 40.72871 ] } },
{ "type": "Feature", "properties": { "dest_category": "Supermarket", "dest_source": "commercial_major", "symbol_origin": "node", "name": "My Market", "name:el": null, "name:en": null, "operator": null, "amenity": null, "shop": "supermarket", "capacity": null, "opening_hours": "Mo-Fr 08:00-21:00; Sa 08:00-20:00", "website": null, "phone": "+30 231 002 0951" }, "geometry": { "type": "Point", "coordinates": [ 22.921584, 40.730864 ] } },
{ "type": "Feature", "properties": { "dest_category": "Supermarket", "dest_source": "commercial_major", "symbol_origin": "node", "name": null, "name:el": null, "name:en": null, "operator": null, "amenity": null, "shop": "supermarket", "capacity": null, "opening_hours": null, "website": null, "phone": null }, "geometry": { "type": "Point", "coordinates": [ 22.854498, 40.689069 ] } },
{ "type": "Feature", "properties": { "dest_category": "Supermarket", "dest_source": "commercial_major", "symbol_origin": "node", "name": "Mix Markt", "name:el": null, "name:en": null, "operator": null, "amenity": null, "shop": "supermarket", "capacity": null, "opening_hours": null, "website": "https://www.mixmarkt.gr/stores/mix-markt-%ce%b4%ce%b9%ce%b1%ce%b2%ce%b1%cf%84%cf%8e%ce%bd/", "phone": "+30 2310 788681" }, "geometry": { "type": "Point", "coordinates": [ 22.853936, 40.689707 ] } },
{ "type": "Feature", "properties": { "dest_category": "Supermarket", "dest_source": "commercial_major", "symbol_origin": "node", "name": null, "name:el": null, "name:en": null, "operator": null, "amenity": null, "shop": "supermarket", "capacity": null, "opening_hours": null, "website": null, "phone": null }, "geometry": { "type": "Point", "coordinates": [ 22.857675, 40.690624 ] } },
{ "type": "Feature", "properties": { "dest_category": "Supermarket", "dest_source": "commercial_major", "symbol_origin": "node", "name": "Lidl", "name:el": null, "name:en": null, "operator": null, "amenity": null, "shop": "supermarket", "capacity": null, "opening_hours": null, "website": null, "phone": null }, "geometry": { "type": "Point", "coordinates": [ 22.848656, 40.692263 ] } },
{ "type": "Feature", "properties": { "dest_category": "Supermarket", "dest_source": "commercial_major", "symbol_origin": "node", "name": "Proodos ellinika super market H.Q.", "name:el": null, "name:en": null, "operator": null, "amenity": null, "shop": "supermarket", "capacity": null, "opening_hours": null, "website": null, "phone": null }, "geometry": { "type": "Point", "coordinates": [ 22.855131, 40.698753 ] } },
{ "type": "Feature", "properties": { "dest_category": "Supermarket", "dest_source": "commercial_major", "symbol_origin": "node", "name": "Discount Μarkt", "name:el": null, "name:en": null, "operator": null, "amenity": null, "shop": "supermarket", "capacity": null, "opening_hours": null, "website": null, "phone": null }, "geometry": { "type": "Point", "coordinates": [ 22.726432, 40.71294 ] } },
{ "type": "Feature", "properties": { "dest_category": "Supermarket", "dest_source": "commercial_major", "symbol_origin": "node", "name": null, "name:el": null, "name:en": null, "operator": null, "amenity": null, "shop": "supermarket", "capacity": null, "opening_hours": null, "website": null, "phone": null }, "geometry": { "type": "Point", "coordinates": [ 22.603016, 40.731341 ] } },
{ "type": "Feature", "properties": { "dest_category": "Supermarket", "dest_source": "commercial_major", "symbol_origin": "node", "name": "Minimarket", "name:el": null, "name:en": null, "operator": null, "amenity": null, "shop": "supermarket", "capacity": null, "opening_hours": null, "website": null, "phone": null }, "geometry": { "type": "Point", "coordinates": [ 22.599262, 40.733198 ] } },
{ "type": "Feature", "properties": { "dest_category": "Supermarket", "dest_source": "commercial_major", "symbol_origin": "node", "name": "Αριάδνη", "name:el": null, "name:en": null, "operator": null, "amenity": null, "shop": "supermarket", "capacity": null, "opening_hours": null, "website": null, "phone": null }, "geometry": { "type": "Point", "coordinates": [ 22.765815, 40.75145 ] } },
{ "type": "Feature", "properties": { "dest_category": "Supermarket", "dest_source": "commercial_major", "symbol_origin": "node", "name": "Ελληνικά Market", "name:el": null, "name:en": null, "operator": null, "amenity": null, "shop": "supermarket", "capacity": null, "opening_hours": "Mo-Sa 08:00-21:00", "website": "https://ellinikamarket.gr/", "phone": "+30 2310 713740" }, "geometry": { "type": "Point", "coordinates": [ 22.769152, 40.752696 ] } },
{ "type": "Feature", "properties": { "dest_category": "Supermarket", "dest_source": "commercial_major", "symbol_origin": "node", "name": "Μασούτης", "name:el": "Μασούτης", "name:en": "Masoutis", "operator": null, "amenity": null, "shop": "supermarket", "capacity": null, "opening_hours": null, "website": null, "phone": null }, "geometry": { "type": "Point", "coordinates": [ 22.577103, 40.765918 ] } },
{ "type": "Feature", "properties": { "dest_category": "Supermarket", "dest_source": "commercial_major", "symbol_origin": "node", "name": "Lidl", "name:el": null, "name:en": null, "operator": null, "amenity": null, "shop": "supermarket", "capacity": null, "opening_hours": "Mo-Sa 07:45-21:00; Su,PH off", "website": null, "phone": null }, "geometry": { "type": "Point", "coordinates": [ 22.576187, 40.768758 ] } },
{ "type": "Feature", "properties": { "dest_category": "Supermarket", "dest_source": "commercial_major", "symbol_origin": "node", "name": null, "name:el": null, "name:en": null, "operator": null, "amenity": null, "shop": "supermarket", "capacity": null, "opening_hours": null, "website": null, "phone": null }, "geometry": { "type": "Point", "coordinates": [ 22.577455, 40.773627 ] } },
{ "type": "Feature", "properties": { "dest_category": "Supermarket", "dest_source": "commercial_major", "symbol_origin": "node", "name": null, "name:el": null, "name:en": null, "operator": null, "amenity": null, "shop": "supermarket", "capacity": null, "opening_hours": null, "website": null, "phone": null }, "geometry": { "type": "Point", "coordinates": [ 22.577139, 40.781779 ] } },
{ "type": "Feature", "properties": { "dest_category": "Supermarket", "dest_source": "commercial_major", "symbol_origin": "node", "name": null, "name:el": null, "name:en": null, "operator": null, "amenity": null, "shop": "supermarket", "capacity": null, "opening_hours": null, "website": null, "phone": null }, "geometry": { "type": "Point", "coordinates": [ 22.57665, 40.784875 ] } }
]
}
