{
"type": "FeatureCollection",
"name": "culture_polygons",
"crs": { "type": "name", "properties": { "name": "urn:ogc:def:crs:OGC:1.3:CRS84" } },
"xy_coordinate_resolution": 1e-06,
"features": [
{ "type": "Feature", "properties": { "culture_type": "Culture", "culture_subtype": "Religious heritage", "culture_source": "culture_polygons", "path": "D:\\30.10\\datagis\\religion 2100.shp", "name": "Ι.Ν. Αγ. Παντελεήμονος", "name_el": "Άγιος Παντελεήμων", "name_en": "Saint Pantaleon", "amenity": "place_of_worship", "tourism": null, "historic": null, "religion": "christian", "museum": null, "theatre_ty": null, "library_ty": null, "symbol_origin": "none" }, "geometry": { "type": "Polygon", "coordinates": [ [ [ 23.008905, 40.413111 ], [ 23.009487, 40.413133 ], [ 23.009505, 40.412855 ], [ 23.009414, 40.412517 ], [ 23.008909, 40.413053 ], [ 23.008905, 40.413111 ] ] ] } },
{ "type": "Feature", "properties": { "culture_type": "Culture", "culture_subtype": "Religious heritage", "culture_source": "culture_polygons", "path": "D:\\30.10\\datagis\\religion 2100.shp", "name": "Άγιος Γεώργιος (παλαιό ημερολόγιο)", "name_el": "Άγιος Γεώργιος (παλαιό ημερολόγιο)", "name_en": "Saint George (old calendar)", "amenity": "place_of_worship", "tourism": null, "historic": null, "religion": "christian", "museum": null, "theatre_ty": null, "library_ty": null, "symbol_origin": "none" }, "geometry": { "type": "Polygon", "coordinates": [ [ [ 23.010934, 40.413819 ], [ 23.010933, 40.413926 ], [ 23.01111, 40.413927 ], [ 23.011111, 40.41382 ], [ 23.010934, 40.413819 ] ] ] } },
{ "type": "Feature", "properties": { "culture_type": "Culture", "culture_subtype": "Religious heritage", "culture_source": "culture_polygons", "path": "D:\\30.10\\datagis\\religion 2100.shp", "name": "Άγιοι Κωνσταντίνος & Ελένη", "name_el": "Άγιοι Κωνσταντίνος & Ελένη", "name_en": "Saints Constantine & Helen", "amenity": "place_of_worship", "tourism": null, "historic": null, "religion": "christian", "museum": null, "theatre_ty": null, "library_ty": null, "symbol_origin": "none" }, "geometry": { "type": "Polygon", "coordinates": [ [ [ 23.00674, 40.416908 ], [ 23.006751, 40.417033 ], [ 23.006935, 40.417024 ], [ 23.006924, 40.416899 ], [ 23.00674, 40.416908 ] ] ] } },
{ "type": "Feature", "properties": { "culture_type": "Culture", "culture_subtype": "Religious heritage", "culture_source": "culture_polygons", "path": "D:\\30.10\\datagis\\religion 2100.shp", "name": "Παρεκκλήσι Προφήτη Ηλία", "name_el": null, "name_en": null, "amenity": "place_of_worship", "tourism": null, "historic": null, "religion": "christian", "museum": null, "theatre_ty": null, "library_ty": null, "symbol_origin": "none" }, "geometry": { "type": "Polygon", "coordinates": [ [ [ 22.972776, 40.461975 ], [ 22.972785, 40.461988 ], [ 22.972733, 40.462008 ], [ 22.972761, 40.462051 ], [ 22.972809, 40.462034 ], [ 22.972816, 40.462045 ], [ 22.972926, 40.462005 ], [ 22.972881, 40.461936 ], [ 22.972776, 40.461975 ] ] ] } },
{ "type": "Feature", "properties": { "culture_type": "Culture", "culture_subtype": "Religious heritage", "culture_source": "culture_polygons", "path": "D:\\30.10\\datagis\\religion 2100.shp", "name": "Ιερός Ναός Άγιου Αθανάσιου", "name_el": null, "name_en": null, "amenity": "place_of_worship", "tourism": null, "historic": null, "religion": "christian", "museum": null, "theatre_ty": null, "library_ty": null, "symbol_origin": "none" }, "geometry": { "type": "Polygon", "coordinates": [ [ [ 22.97361, 40.466868 ], [ 22.973939, 40.466798 ], [ 22.973894, 40.466674 ], [ 22.973564, 40.466744 ], [ 22.97361, 40.466868 ] ] ] } },
{ "type": "Feature", "properties": { "culture_type": "Culture", "culture_subtype": "Religious heritage", "culture_source": "culture_polygons", "path": "D:\\30.10\\datagis\\religion 2100.shp", "name": "Ιερός Ναός Κοιμήσεως της Θεοτόκου", "name_el": null, "name_en": null, "amenity": "place_of_worship", "tourism": null, "historic": null, "religion": "christian", "museum": null, "theatre_ty": null, "library_ty": null, "symbol_origin": "none" }, "geometry": { "type": "Polygon", "coordinates": [ [ [ 22.971553, 40.468949 ], [ 22.971567, 40.468985 ], [ 22.971607, 40.469012 ], [ 22.97166, 40.469015 ], [ 22.971727, 40.469006 ], [ 22.971937, 40.468834 ], [ 22.971764, 40.468713 ], [ 22.971611, 40.468871 ], [ 22.971553, 40.468949 ] ] ] } },
{ "type": "Feature", "properties": { "culture_type": "Culture", "culture_subtype": "Religious heritage", "culture_source": "culture_polygons", "path": "D:\\30.10\\datagis\\religion 2100.shp", "name": "Ι.Ν. Γεννήσεως της Θεοτόκου (Καρδία)", "name_el": null, "name_en": null, "amenity": "place_of_worship", "tourism": null, "historic": null, "religion": "christian", "museum": null, "theatre_ty": null, "library_ty": null, "symbol_origin": "none" }, "geometry": { "type": "Polygon", "coordinates": [ [ [ 22.994009, 40.469069 ], [ 22.993859, 40.469018 ], [ 22.993674, 40.46944 ], [ 22.993662, 40.469472 ], [ 22.993664, 40.469527 ], [ 22.993681, 40.469559 ], [ 22.993991, 40.469657 ], [ 22.994528, 40.469246 ], [ 22.994009, 40.469069 ] ] ] } },
{ "type": "Feature", "properties": { "culture_type": "Culture", "culture_subtype": "Religious heritage", "culture_source": "culture_polygons", "path": "D:\\30.10\\datagis\\religion 2100.shp", "name": "Αγία Κυριακή", "name_el": null, "name_en": null, "amenity": "place_of_worship", "tourism": null, "historic": null, "religion": "christian", "museum": null, "theatre_ty": null, "library_ty": null, "symbol_origin": "none" }, "geometry": { "type": "Polygon", "coordinates": [ [ [ 22.968191, 40.470903 ], [ 22.968171, 40.470831 ], [ 22.968003, 40.470858 ], [ 22.968022, 40.47093 ], [ 22.968191, 40.470903 ] ] ] } },
{ "type": "Feature", "properties": { "culture_type": "Culture", "culture_subtype": "Theatre", "culture_source": "culture_polygons", "path": "D:\\30.10\\datagis\\theatre2100.shp", "name": null, "name_el": null, "name_en": null, "amenity": "theatre", "tourism": null, "historic": null, "religion": null, "museum": null, "theatre_ty": null, "library_ty": null, "symbol_origin": "none" }, "geometry": { "type": "Polygon", "coordinates": [ [ [ 22.986747, 40.484074 ], [ 22.986781, 40.484016 ], [ 22.987191, 40.483769 ], [ 22.987007, 40.483653 ], [ 22.986759, 40.483567 ], [ 22.986481, 40.483532 ], [ 22.986558, 40.483918 ], [ 22.986515, 40.483996 ], [ 22.986747, 40.484074 ] ] ] } },
{ "type": "Feature", "properties": { "culture_type": "Culture", "culture_subtype": "Religious heritage", "culture_source": "culture_polygons", "path": "D:\\30.10\\datagis\\religion 2100.shp", "name": "Ι.Ν. Τιμίου Προδρόμου", "name_el": null, "name_en": null, "amenity": "place_of_worship", "tourism": null, "historic": null, "religion": "christian", "museum": null, "theatre_ty": null, "library_ty": null, "symbol_origin": "none" }, "geometry": { "type": "Polygon", "coordinates": [ [ [ 23.021625, 40.488636 ], [ 23.020984, 40.488633 ], [ 23.020978, 40.489047 ], [ 23.021624, 40.489057 ], [ 23.021625, 40.488636 ] ] ] } },
{ "type": "Feature", "properties": { "culture_type": "Culture", "culture_subtype": "Religious heritage", "culture_source": "culture_polygons", "path": "D:\\30.10\\datagis\\religion 2100.shp", "name": null, "name_el": null, "name_en": null, "amenity": "place_of_worship", "tourism": null, "historic": null, "religion": "christian", "museum": null, "theatre_ty": null, "library_ty": null, "symbol_origin": "none" }, "geometry": { "type": "Polygon", "coordinates": [ [ [ 22.9589, 40.371655 ], [ 22.95895, 40.371527 ], [ 22.958698, 40.371475 ], [ 22.958652, 40.371631 ], [ 22.9589, 40.371655 ] ] ] } },
{ "type": "Feature", "properties": { "culture_type": "Culture", "culture_subtype": "Religious heritage", "culture_source": "culture_polygons", "path": "D:\\30.10\\datagis\\religion 2100.shp", "name": "Ι.Ν. Αγ. Δημητρίου (Πλαγιάρι)", "name_el": null, "name_en": null, "amenity": "place_of_worship", "tourism": null, "historic": null, "religion": "christian", "museum": null, "theatre_ty": null, "library_ty": null, "symbol_origin": "none" }, "geometry": { "type": "Polygon", "coordinates": [ [ [ 22.957581, 40.472953 ], [ 22.957539, 40.472571 ], [ 22.95686, 40.472481 ], [ 22.956885, 40.472772 ], [ 22.956912, 40.473072 ], [ 22.957581, 40.472953 ] ] ] } },
{ "type": "Feature", "properties": { "culture_type": "Culture", "culture_subtype": "Religious heritage", "culture_source": "culture_polygons", "path": "D:\\30.10\\datagis\\religion 2100.shp", "name": "Άγιος Νικόλαος", "name_el": null, "name_en": null, "amenity": "place_of_worship", "tourism": null, "historic": null, "religion": "christian", "museum": null, "theatre_ty": null, "library_ty": null, "symbol_origin": "none" }, "geometry": { "type": "Polygon", "coordinates": [ [ [ 22.95832, 40.47723 ], [ 22.958319, 40.477136 ], [ 22.958177, 40.477137 ], [ 22.958179, 40.477231 ], [ 22.95832, 40.47723 ] ] ] } },
{ "type": "Feature", "properties": { "culture_type": "Culture", "culture_subtype": "Religious heritage", "culture_source": "culture_polygons", "path": "D:\\30.10\\datagis\\religion 2100.shp", "name": "Ι.Ν. Αγ. Παύλου (Ν. Κρήνη)", "name_el": null, "name_en": null, "amenity": "place_of_worship", "tourism": null, "historic": null, "religion": "christian", "museum": null, "theatre_ty": null, "library_ty": null, "symbol_origin": "none" }, "geometry": { "type": "Polygon", "coordinates": [ [ [ 22.962029, 40.566342 ], [ 22.962184, 40.566542 ], [ 22.962301, 40.566714 ], [ 22.963113, 40.56637 ], [ 22.962829, 40.565974 ], [ 22.962029, 40.566342 ] ] ] } },
{ "type": "Feature", "properties": { "culture_type": "Culture", "culture_subtype": "Religious heritage", "culture_source": "culture_polygons", "path": "D:\\30.10\\datagis\\religion 2100.shp", "name": "Ιερό Παρεκκλήσιο Αγ. Γεωργίου", "name_el": null, "name_en": null, "amenity": "place_of_worship", "tourism": null, "historic": null, "religion": "christian", "museum": null, "theatre_ty": null, "library_ty": null, "symbol_origin": "none" }, "geometry": { "type": "Polygon", "coordinates": [ [ [ 22.961985, 40.566528 ], [ 22.961934, 40.56646 ], [ 22.961787, 40.566523 ], [ 22.961838, 40.566592 ], [ 22.961985, 40.566528 ] ] ] } },
{ "type": "Feature", "properties": { "culture_type": "Culture", "culture_subtype": "Religious heritage", "culture_source": "culture_polygons", "path": "D:\\30.10\\datagis\\religion 2100.shp", "name": "Παρεκκλήσι Αγ. Νεομάρτυρος Γεωργίου (Ν. Κρήνη)", "name_el": null, "name_en": null, "amenity": "place_of_worship", "tourism": null, "historic": null, "religion": "christian", "museum": null, "theatre_ty": null, "library_ty": null, "symbol_origin": "none" }, "geometry": { "type": "Polygon", "coordinates": [ [ [ 22.954213, 40.569895 ], [ 22.954069, 40.569818 ], [ 22.953961, 40.569936 ], [ 22.954104, 40.570012 ], [ 22.954213, 40.569895 ] ] ] } },
{ "type": "Feature", "properties": { "culture_type": "Culture", "culture_subtype": "Religious heritage", "culture_source": "culture_polygons", "path": "D:\\30.10\\datagis\\religion 2100.shp", "name": "Ι.Ν. Αγ. Παρασκευής (Ν. Κρήνη)", "name_el": null, "name_en": null, "amenity": "place_of_worship", "tourism": null, "historic": null, "religion": "christian", "museum": null, "theatre_ty": null, "library_ty": null, "symbol_origin": "none" }, "geometry": { "type": "Polygon", "coordinates": [ [ [ 22.959558, 40.571032 ], [ 22.959695, 40.570866 ], [ 22.959832, 40.570702 ], [ 22.95939, 40.570481 ], [ 22.959269, 40.570614 ], [ 22.959176, 40.570716 ], [ 22.959103, 40.570796 ], [ 22.959558, 40.571032 ] ] ] } },
{ "type": "Feature", "properties": { "culture_type": "Culture", "culture_subtype": "Theatre", "culture_source": "culture_polygons", "path": "D:\\30.10\\datagis\\theatre2100.shp", "name": null, "name_el": null, "name_en": null, "amenity": "theatre", "tourism": null, "historic": null, "religion": null, "museum": null, "theatre_ty": "amphi", "library_ty": null, "symbol_origin": "none" }, "geometry": { "type": "Polygon", "coordinates": [ [ [ 22.957557, 40.570953 ], [ 22.957506, 40.570925 ], [ 22.957446, 40.57091 ], [ 22.957383, 40.570911 ], [ 22.957355, 40.570919 ], [ 22.957323, 40.570928 ], [ 22.957271, 40.570959 ], [ 22.957327, 40.571005 ], [ 22.95731, 40.571032 ], [ 22.957307, 40.571061 ], [ 22.957316, 40.57109 ], [ 22.957338, 40.571115 ], [ 22.95737, 40.571133 ], [ 22.957407, 40.571142 ], [ 22.957446, 40.571141 ], [ 22.957483, 40.57113 ], [ 22.957513, 40.57111 ], [ 22.957525, 40.571093 ], [ 22.957588, 40.571131 ], [ 22.95761, 40.571086 ], [ 22.957612, 40.571038 ], [ 22.957594, 40.570992 ], [ 22.957557, 40.570953 ] ] ] } },
{ "type": "Feature", "properties": { "culture_type": "Culture", "culture_subtype": "Religious heritage", "culture_source": "culture_polygons", "path": "D:\\30.10\\datagis\\religion 2100.shp", "name": "Ι.Ν. Αγ. Ιωάννου Προδρόμου (Ν. Κρήνη)", "name_el": null, "name_en": null, "amenity": "place_of_worship", "tourism": null, "historic": null, "religion": "christian", "museum": null, "theatre_ty": null, "library_ty": null, "symbol_origin": "none" }, "geometry": { "type": "Polygon", "coordinates": [ [ [ 22.962688, 40.574984 ], [ 22.963014, 40.574901 ], [ 22.962953, 40.574723 ], [ 22.96276, 40.574745 ], [ 22.962729, 40.574577 ], [ 22.962335, 40.574617 ], [ 22.962318, 40.57452 ], [ 22.962295, 40.574523 ], [ 22.962277, 40.574525 ], [ 22.962312, 40.574749 ], [ 22.962273, 40.5748 ], [ 22.962329, 40.575073 ], [ 22.962688, 40.574984 ] ] ] } },
{ "type": "Feature", "properties": { "culture_type": "Culture", "culture_subtype": "Theatre", "culture_source": "culture_polygons", "path": "D:\\30.10\\datagis\\theatre2100.shp", "name": null, "name_el": null, "name_en": null, "amenity": "theatre", "tourism": null, "historic": null, "religion": null, "museum": null, "theatre_ty": "amphi", "library_ty": null, "symbol_origin": "none" }, "geometry": { "type": "Polygon", "coordinates": [ [ [ 22.958821, 40.579079 ], [ 22.958828, 40.579125 ], [ 22.958849, 40.579152 ], [ 22.95888, 40.579174 ], [ 22.958917, 40.579189 ], [ 22.958958, 40.579196 ], [ 22.959, 40.579195 ], [ 22.959042, 40.579183 ], [ 22.959079, 40.579163 ], [ 22.959106, 40.579136 ], [ 22.959122, 40.579104 ], [ 22.959126, 40.57907 ], [ 22.959112, 40.57902 ], [ 22.958821, 40.579079 ] ] ] } },
{ "type": "Feature", "properties": { "culture_type": "Culture", "culture_subtype": "Historic site", "culture_source": "culture_polygons", "path": "D:\\30.10\\datagis\\historic site2100.shp", "name": null, "name_el": null, "name_en": null, "amenity": null, "tourism": null, "historic": "archaeological_site", "religion": null, "museum": null, "theatre_ty": null, "library_ty": null, "symbol_origin": "none" }, "geometry": { "type": "Polygon", "coordinates": [ [ [ 22.955996, 40.401958 ], [ 22.955983, 40.401847 ], [ 22.955971, 40.40175 ], [ 22.95589, 40.401688 ], [ 22.955554, 40.401748 ], [ 22.955564, 40.401969 ], [ 22.955996, 40.401958 ] ] ] } },
{ "type": "Feature", "properties": { "culture_type": "Culture", "culture_subtype": "Theatre", "culture_source": "culture_polygons", "path": "D:\\30.10\\datagis\\theatre2100.shp", "name": "Θέατρο Κάππα Περαίας", "name_el": null, "name_en": null, "amenity": "theatre", "tourism": null, "historic": null, "religion": null, "museum": null, "theatre_ty": null, "library_ty": null, "symbol_origin": "none" }, "geometry": { "type": "Polygon", "coordinates": [ [ [ 22.948417, 40.517128 ], [ 22.948513, 40.517006 ], [ 22.948621, 40.517055 ], [ 22.948806, 40.516802 ], [ 22.948713, 40.516759 ], [ 22.948718, 40.516752 ], [ 22.948388, 40.516601 ], [ 22.948094, 40.516981 ], [ 22.948417, 40.517128 ] ] ] } },
{ "type": "Feature", "properties": { "culture_type": "Culture", "culture_subtype": "Theatre", "culture_source": "culture_polygons", "path": "D:\\30.10\\datagis\\theatre2100.shp", "name": "Θέατρο Κάππα Περαίας", "name_el": null, "name_en": null, "amenity": "theatre", "tourism": null, "historic": null, "religion": null, "museum": null, "theatre_ty": null, "library_ty": null, "symbol_origin": "none" }, "geometry": { "type": "Polygon", "coordinates": [ [ [ 22.948628, 40.517203 ], [ 22.948765, 40.517266 ], [ 22.948724, 40.517318 ], [ 22.948899, 40.517398 ], [ 22.949251, 40.516951 ], [ 22.948939, 40.516809 ], [ 22.948628, 40.517203 ] ] ] } },
{ "type": "Feature", "properties": { "culture_type": "Culture", "culture_subtype": "Religious heritage", "culture_source": "culture_polygons", "path": "D:\\30.10\\datagis\\religion 2100.shp", "name": null, "name_el": null, "name_en": null, "amenity": "place_of_worship", "tourism": null, "historic": null, "religion": "christian", "museum": null, "theatre_ty": null, "library_ty": null, "symbol_origin": "none" }, "geometry": { "type": "Polygon", "coordinates": [ [ [ 22.946206, 40.575888 ], [ 22.946231, 40.575854 ], [ 22.946161, 40.575824 ], [ 22.946136, 40.575858 ], [ 22.946206, 40.575888 ] ] ] } },
{ "type": "Feature", "properties": { "culture_type": "Culture", "culture_subtype": "Religious heritage", "culture_source": "culture_polygons", "path": "D:\\30.10\\datagis\\religion 2100.shp", "name": "Ι.Κ.Ν. Αγ. Νικολάου (Αρετσού)", "name_el": "Ναός Αγίου Νικολάου", "name_en": null, "amenity": "place_of_worship", "tourism": null, "historic": null, "religion": "christian", "museum": null, "theatre_ty": null, "library_ty": null, "symbol_origin": "none" }, "geometry": { "type": "Polygon", "coordinates": [ [ [ 22.950971, 40.576302 ], [ 22.951132, 40.576453 ], [ 22.951679, 40.576115 ], [ 22.951333, 40.575792 ], [ 22.951101, 40.575935 ], [ 22.950786, 40.576127 ], [ 22.950971, 40.576302 ] ] ] } },
{ "type": "Feature", "properties": { "culture_type": "Culture", "culture_subtype": "Religious heritage", "culture_source": "culture_polygons", "path": "D:\\30.10\\datagis\\religion 2100.shp", "name": "Ι.Ν. Παμμεγίστων Ταξιαρχών (Κουρί)", "name_el": null, "name_en": null, "amenity": "place_of_worship", "tourism": null, "historic": null, "religion": "christian", "museum": null, "theatre_ty": null, "library_ty": null, "symbol_origin": "none" }, "geometry": { "type": "Polygon", "coordinates": [ [ [ 22.950107, 40.578173 ], [ 22.949846, 40.577923 ], [ 22.949469, 40.577592 ], [ 22.949152, 40.577772 ], [ 22.949782, 40.578362 ], [ 22.950107, 40.578173 ] ] ] } },
{ "type": "Feature", "properties": { "culture_type": "Culture", "culture_subtype": "Religious heritage", "culture_source": "culture_polygons", "path": "D:\\30.10\\datagis\\religion 2100.shp", "name": null, "name_el": null, "name_en": null, "amenity": "place_of_worship", "tourism": null, "historic": null, "religion": "christian", "museum": null, "theatre_ty": null, "library_ty": null, "symbol_origin": "none" }, "geometry": { "type": "Polygon", "coordinates": [ [ [ 22.952153, 40.578662 ], [ 22.952302, 40.578487 ], [ 22.952131, 40.578332 ], [ 22.951927, 40.578465 ], [ 22.952153, 40.578662 ] ] ] } },
{ "type": "Feature", "properties": { "culture_type": "Culture", "culture_subtype": "Religious heritage", "culture_source": "culture_polygons", "path": "D:\\30.10\\datagis\\religion 2100.shp", "name": "Ι.Ν. Αγ. Ιωάννου του Προδρόμου (Κατιρλί)", "name_el": null, "name_en": null, "amenity": "place_of_worship", "tourism": null, "historic": null, "religion": "christian", "museum": null, "theatre_ty": null, "library_ty": null, "symbol_origin": "none" }, "geometry": { "type": "Polygon", "coordinates": [ [ [ 22.946472, 40.579275 ], [ 22.947192, 40.578826 ], [ 22.94682, 40.578602 ], [ 22.946165, 40.579002 ], [ 22.946472, 40.579275 ] ] ] } },
{ "type": "Feature", "properties": { "culture_type": "Culture", "culture_subtype": "Theatre", "culture_source": "culture_polygons", "path": "D:\\30.10\\datagis\\theatre2100.shp", "name": "Θέατρο Χηλής", "name_el": null, "name_en": null, "amenity": "theatre", "tourism": null, "historic": null, "religion": null, "museum": null, "theatre_ty": null, "library_ty": null, "symbol_origin": "none" }, "geometry": { "type": "Polygon", "coordinates": [ [ [ 22.947699, 40.582232 ], [ 22.94746, 40.582063 ], [ 22.947339, 40.582161 ], [ 22.947578, 40.58233 ], [ 22.947699, 40.582232 ] ] ] } },
{ "type": "Feature", "properties": { "culture_type": "Culture", "culture_subtype": "Religious heritage", "culture_source": "culture_polygons", "path": "D:\\30.10\\datagis\\religion 2100.shp", "name": "Ι.Μ.Ν. Μεταμορφώσεως του Σωτήρος (Καλαμαριά)", "name_el": null, "name_en": null, "amenity": "place_of_worship", "tourism": null, "historic": null, "religion": "christian", "museum": null, "theatre_ty": null, "library_ty": null, "symbol_origin": "none" }, "geometry": { "type": "Polygon", "coordinates": [ [ [ 22.948811, 40.582574 ], [ 22.948863, 40.582719 ], [ 22.949362, 40.583016 ], [ 22.949435, 40.582988 ], [ 22.949667, 40.582901 ], [ 22.949675, 40.582898 ], [ 22.949785, 40.582787 ], [ 22.949033, 40.582352 ], [ 22.948811, 40.582574 ] ] ] } },
{ "type": "Feature", "properties": { "culture_type": "Culture", "culture_subtype": "Museum", "culture_source": "culture_polygons", "path": "D:\\30.10\\datagis\\museum2100.shp", "name": "Νόησις", "name_el": "Νόησις", "name_en": "Noesis", "amenity": null, "tourism": "museum", "historic": null, "religion": null, "museum": null, "theatre_ty": null, "library_ty": null, "symbol_origin": "none" }, "geometry": { "type": "Polygon", "coordinates": [ [ [ 22.994815, 40.562208 ], [ 22.994866, 40.562401 ], [ 22.994931, 40.56239 ], [ 22.994965, 40.562515 ], [ 22.995151, 40.562485 ], [ 22.995174, 40.562483 ], [ 22.995204, 40.562597 ], [ 22.994939, 40.562637 ], [ 22.99497, 40.562755 ], [ 22.995234, 40.56271 ], [ 22.995252, 40.562783 ], [ 22.994975, 40.562815 ], [ 22.995221, 40.563612 ], [ 22.995503, 40.563568 ], [ 22.99558, 40.563556 ], [ 22.99566, 40.563544 ], [ 22.995829, 40.563512 ], [ 22.995801, 40.563425 ], [ 22.995771, 40.563341 ], [ 22.995936, 40.563315 ], [ 22.99573, 40.56258 ], [ 22.995685, 40.562587 ], [ 22.995666, 40.56252 ], [ 22.995699, 40.562547 ], [ 22.995764, 40.562552 ], [ 22.995808, 40.56254 ], [ 22.995743, 40.562284 ], [ 22.995659, 40.562302 ], [ 22.995541, 40.562347 ], [ 22.995459, 40.562374 ], [ 22.995382, 40.562388 ], [ 22.995354, 40.562304 ], [ 22.995411, 40.562296 ], [ 22.995425, 40.562279 ], [ 22.995443, 40.562254 ], [ 22.995462, 40.562247 ], [ 22.995491, 40.562253 ], [ 22.995521, 40.562254 ], [ 22.995551, 40.56225 ], [ 22.99558, 40.562242 ], [ 22.995608, 40.562229 ], [ 22.995632, 40.562211 ], [ 22.995652, 40.562188 ], [ 22.995664, 40.562162 ], [ 22.995667, 40.562141 ], [ 22.995666, 40.56212 ], [ 22.995653, 40.562086 ], [ 22.995629, 40.562058 ], [ 22.995591, 40.562034 ], [ 22.99555, 40.562021 ], [ 22.995519, 40.562018 ], [ 22.995488, 40.562019 ], [ 22.995442, 40.562031 ], [ 22.995413, 40.562045 ], [ 22.995386, 40.562067 ], [ 22.995364, 40.5621 ], [ 22.995357, 40.562131 ], [ 22.995363, 40.562169 ], [ 22.995331, 40.562178 ], [ 22.99531, 40.56217 ], [ 22.995259, 40.562043 ], [ 22.99515, 40.562059 ], [ 22.995067, 40.562071 ], [ 22.995076, 40.562105 ], [ 22.994801, 40.56215 ], [ 22.994815, 40.562208 ] ] ] } },
{ "type": "Feature", "properties": { "culture_type": "Culture", "culture_subtype": "Religious heritage", "culture_source": "culture_polygons", "path": "D:\\30.10\\datagis\\religion 2100.shp", "name": "Ευαγγελική Εκκλησία Θεσσαλονίκης", "name_el": "Ευαγγελική Εκκλησία Θεσσαλονίκης", "name_en": null, "amenity": "place_of_worship", "tourism": null, "historic": null, "religion": "christian", "museum": null, "theatre_ty": null, "library_ty": null, "symbol_origin": "none" }, "geometry": { "type": "Polygon", "coordinates": [ [ [ 22.976428, 40.571126 ], [ 22.976413, 40.571159 ], [ 22.976601, 40.571208 ], [ 22.97662, 40.571167 ], [ 22.976674, 40.571181 ], [ 22.976727, 40.571064 ], [ 22.976688, 40.571054 ], [ 22.976708, 40.57101 ], [ 22.976533, 40.570964 ], [ 22.976521, 40.57099 ], [ 22.976374, 40.570952 ], [ 22.976309, 40.571095 ], [ 22.976428, 40.571126 ] ] ] } },
{ "type": "Feature", "properties": { "culture_type": "Culture", "culture_subtype": "Library", "culture_source": "culture_polygons", "path": "D:\\30.10\\datagis\\library 2100.shp", "name": "Κεντρική Βιβλιοθήκη «Δημήτριος και Αλίκη Περρωτή»", "name_el": null, "name_en": null, "amenity": "library", "tourism": null, "historic": null, "religion": null, "museum": null, "theatre_ty": null, "library_ty": null, "symbol_origin": "none" }, "geometry": { "type": "Polygon", "coordinates": [ [ [ 22.988556, 40.571516 ], [ 22.988597, 40.57146 ], [ 22.988706, 40.571505 ], [ 22.98871, 40.5715 ], [ 22.988767, 40.571524 ], [ 22.988677, 40.571647 ], [ 22.988806, 40.571701 ], [ 22.989028, 40.571392 ], [ 22.988902, 40.57134 ], [ 22.988814, 40.571462 ], [ 22.988646, 40.571392 ], [ 22.98878, 40.571206 ], [ 22.988656, 40.571155 ], [ 22.988433, 40.571465 ], [ 22.988556, 40.571516 ] ] ] } },
{ "type": "Feature", "properties": { "culture_type": "Culture", "culture_subtype": "Religious heritage", "culture_source": "culture_polygons", "path": "D:\\30.10\\datagis\\religion 2100.shp", "name": "Ι.Ν. Κοιμήσεως της Θεοτόκου (Φοίνικας)", "name_el": null, "name_en": null, "amenity": "place_of_worship", "tourism": null, "historic": null, "religion": "christian", "museum": null, "theatre_ty": null, "library_ty": null, "symbol_origin": "none" }, "geometry": { "type": "Polygon", "coordinates": [ [ [ 22.972763, 40.571183 ], [ 22.972727, 40.571256 ], [ 22.973004, 40.571341 ], [ 22.97311, 40.571374 ], [ 22.974048, 40.571649 ], [ 22.974079, 40.57163 ], [ 22.974161, 40.571476 ], [ 22.974136, 40.571445 ], [ 22.973183, 40.571167 ], [ 22.973108, 40.571146 ], [ 22.972828, 40.571065 ], [ 22.972786, 40.571139 ], [ 22.972776, 40.571156 ], [ 22.972763, 40.571183 ] ] ] } },
{ "type": "Feature", "properties": { "culture_type": "Culture", "culture_subtype": "Religious heritage", "culture_source": "culture_polygons", "path": "D:\\30.10\\datagis\\religion 2100.shp", "name": "Ι.Ν. Αγ. Ιωάννη Προδρόμου", "name_el": null, "name_en": null, "amenity": "place_of_worship", "tourism": null, "historic": null, "religion": "christian", "museum": null, "theatre_ty": null, "library_ty": null, "symbol_origin": "none" }, "geometry": { "type": "Polygon", "coordinates": [ [ [ 22.98773, 40.576152 ], [ 22.987706, 40.576106 ], [ 22.987591, 40.576141 ], [ 22.987614, 40.576187 ], [ 22.98773, 40.576152 ] ] ] } },
{ "type": "Feature", "properties": { "culture_type": "Culture", "culture_subtype": "Religious heritage", "culture_source": "culture_polygons", "path": "D:\\30.10\\datagis\\religion 2100.shp", "name": "Παρεκκλήσι Αγ. Παύλου", "name_el": null, "name_en": null, "amenity": "place_of_worship", "tourism": null, "historic": null, "religion": "christian", "museum": null, "theatre_ty": null, "library_ty": null, "symbol_origin": "none" }, "geometry": { "type": "Polygon", "coordinates": [ [ [ 22.969869, 40.577623 ], [ 22.969965, 40.577654 ], [ 22.970004, 40.577586 ], [ 22.969908, 40.577555 ], [ 22.969869, 40.577623 ] ] ] } },
{ "type": "Feature", "properties": { "culture_type": "Culture", "culture_subtype": "Religious heritage", "culture_source": "culture_polygons", "path": "D:\\30.10\\datagis\\religion 2100.shp", "name": "Άγιος Παντελεήμων", "name_el": null, "name_en": null, "amenity": "place_of_worship", "tourism": null, "historic": null, "religion": "christian", "museum": null, "theatre_ty": null, "library_ty": null, "symbol_origin": "none" }, "geometry": { "type": "Polygon", "coordinates": [ [ [ 23.015073, 40.581763 ], [ 23.015059, 40.581709 ], [ 23.015147, 40.581693 ], [ 23.015115, 40.581596 ], [ 23.01502, 40.581613 ], [ 23.014995, 40.581529 ], [ 23.014698, 40.581591 ], [ 23.01479, 40.581822 ], [ 23.015073, 40.581763 ] ] ] } },
{ "type": "Feature", "properties": { "culture_type": "Culture", "culture_subtype": "Religious heritage", "culture_source": "culture_polygons", "path": "D:\\30.10\\datagis\\religion 2100.shp", "name": "Ι.Ν. Αγίας Αναστασίας (Βότση)", "name_el": null, "name_en": null, "amenity": "place_of_worship", "tourism": null, "historic": null, "religion": "christian", "museum": null, "theatre_ty": null, "library_ty": null, "symbol_origin": "none" }, "geometry": { "type": "Polygon", "coordinates": [ [ [ 22.970024, 40.58675 ], [ 22.970514, 40.586853 ], [ 22.970578, 40.586712 ], [ 22.970603, 40.586688 ], [ 22.970655, 40.586662 ], [ 22.970492, 40.586424 ], [ 22.970439, 40.586366 ], [ 22.970377, 40.58632 ], [ 22.970312, 40.58628 ], [ 22.970221, 40.58623 ], [ 22.970111, 40.586188 ], [ 22.970086, 40.586248 ], [ 22.97005, 40.586302 ], [ 22.969993, 40.586346 ], [ 22.969941, 40.586374 ], [ 22.969676, 40.586486 ], [ 22.970024, 40.58675 ] ] ] } },
{ "type": "Feature", "properties": { "culture_type": "Culture", "culture_subtype": "Theatre", "culture_source": "culture_polygons", "path": "D:\\30.10\\datagis\\theatre2100.shp", "name": null, "name_el": null, "name_en": null, "amenity": "theatre", "tourism": null, "historic": null, "religion": null, "museum": null, "theatre_ty": "amphi", "library_ty": null, "symbol_origin": "none" }, "geometry": { "type": "Polygon", "coordinates": [ [ [ 23.02451, 40.587332 ], [ 23.024583, 40.587238 ], [ 23.024593, 40.587225 ], [ 23.024681, 40.587074 ], [ 23.024703, 40.587049 ], [ 23.024726, 40.587028 ], [ 23.024701, 40.587018 ], [ 23.024675, 40.587011 ], [ 23.024536, 40.587048 ], [ 23.024439, 40.5871 ], [ 23.024405, 40.587086 ], [ 23.024158, 40.587216 ], [ 23.024202, 40.587266 ], [ 23.024188, 40.587391 ], [ 23.024401, 40.587431 ], [ 23.02451, 40.587332 ] ] ] } },
{ "type": "Feature", "properties": { "culture_type": "Culture", "culture_subtype": "Religious heritage", "culture_source": "culture_polygons", "path": "D:\\30.10\\datagis\\religion 2100.shp", "name": "Ι.Ν. Αγίου Βασιλείου", "name_el": "Άγιος Βασίλειος", "name_en": "Saint Basil", "amenity": "place_of_worship", "tourism": null, "historic": null, "religion": "christian", "museum": null, "theatre_ty": null, "library_ty": null, "symbol_origin": "none" }, "geometry": { "type": "Polygon", "coordinates": [ [ [ 22.970717, 40.592258 ], [ 22.970763, 40.592103 ], [ 22.970379, 40.592034 ], [ 22.970328, 40.592183 ], [ 22.970717, 40.592258 ] ] ] } },
{ "type": "Feature", "properties": { "culture_type": "Culture", "culture_subtype": "Religious heritage", "culture_source": "culture_polygons", "path": "D:\\30.10\\datagis\\religion 2100.shp", "name": "Ι.Ν. Αγ. Παντελεήμονος (Βότση)", "name_el": null, "name_en": null, "amenity": "place_of_worship", "tourism": null, "historic": null, "religion": "christian", "museum": null, "theatre_ty": null, "library_ty": null, "symbol_origin": "none" }, "geometry": { "type": "Polygon", "coordinates": [ [ [ 22.963001, 40.582318 ], [ 22.963198, 40.582606 ], [ 22.963933, 40.582331 ], [ 22.963917, 40.582232 ], [ 22.963595, 40.582086 ], [ 22.963001, 40.582318 ] ] ] } },
{ "type": "Feature", "properties": { "culture_type": "Culture", "culture_subtype": "Theatre", "culture_source": "culture_polygons", "path": "D:\\30.10\\datagis\\theatre2100.shp", "name": "Δημοτικό Θέατρο Καλαμαριάς \"Ναύαρχος Βότσης\"", "name_el": null, "name_en": null, "amenity": "theatre", "tourism": null, "historic": null, "religion": null, "museum": null, "theatre_ty": "amphi", "library_ty": null, "symbol_origin": "none" }, "geometry": { "type": "Polygon", "coordinates": [ [ [ 22.96537, 40.584776 ], [ 22.965269, 40.584735 ], [ 22.965037, 40.584871 ], [ 22.965078, 40.584933 ], [ 22.965102, 40.58496 ], [ 22.965223, 40.585005 ], [ 22.965335, 40.585001 ], [ 22.965363, 40.585001 ], [ 22.96537, 40.584776 ] ] ] } },
{ "type": "Feature", "properties": { "culture_type": "Culture", "culture_subtype": "Religious heritage", "culture_source": "culture_polygons", "path": "D:\\30.10\\datagis\\religion 2100.shp", "name": "Άγιος Ελευθέριος", "name_el": null, "name_en": null, "amenity": "place_of_worship", "tourism": null, "historic": null, "religion": "christian", "museum": null, "theatre_ty": null, "library_ty": null, "symbol_origin": "none" }, "geometry": { "type": "Polygon", "coordinates": [ [ [ 22.958086, 40.593741 ], [ 22.958081, 40.593772 ], [ 22.958135, 40.593777 ], [ 22.958139, 40.593747 ], [ 22.958371, 40.593764 ], [ 22.958393, 40.593601 ], [ 22.958306, 40.593594 ], [ 22.958304, 40.593604 ], [ 22.958241, 40.593599 ], [ 22.958244, 40.593579 ], [ 22.958197, 40.593575 ], [ 22.958193, 40.593601 ], [ 22.958078, 40.593592 ], [ 22.958059, 40.593739 ], [ 22.958086, 40.593741 ] ] ] } },
{ "type": "Feature", "properties": { "culture_type": "Culture", "culture_subtype": "Religious heritage", "culture_source": "culture_polygons", "path": "D:\\30.10\\datagis\\religion 2100.shp", "name": "Ιερός Ναός Τριών Ιεραρχών", "name_el": "Τρεις Ιεράρχες", "name_en": "Three Holy Hierarchs", "amenity": "place_of_worship", "tourism": null, "historic": null, "religion": "christian", "museum": null, "theatre_ty": null, "library_ty": null, "symbol_origin": "none" }, "geometry": { "type": "Polygon", "coordinates": [ [ [ 22.964033, 40.597651 ], [ 22.964042, 40.597644 ], [ 22.964072, 40.597608 ], [ 22.964105, 40.597576 ], [ 22.96413, 40.597556 ], [ 22.964133, 40.597546 ], [ 22.964134, 40.597539 ], [ 22.96413, 40.597521 ], [ 22.964126, 40.597502 ], [ 22.964127, 40.597494 ], [ 22.964144, 40.597447 ], [ 22.964145, 40.597441 ], [ 22.964144, 40.597435 ], [ 22.964137, 40.597428 ], [ 22.964118, 40.597414 ], [ 22.964093, 40.597394 ], [ 22.964069, 40.597373 ], [ 22.964038, 40.597354 ], [ 22.964007, 40.597339 ], [ 22.963974, 40.597336 ], [ 22.963947, 40.597338 ], [ 22.963894, 40.597351 ], [ 22.963875, 40.597353 ], [ 22.963854, 40.597353 ], [ 22.963807, 40.597344 ], [ 22.963764, 40.597337 ], [ 22.963729, 40.597333 ], [ 22.963711, 40.597333 ], [ 22.96369, 40.597336 ], [ 22.963667, 40.597343 ], [ 22.963649, 40.597353 ], [ 22.963628, 40.597364 ], [ 22.963596, 40.597385 ], [ 22.963573, 40.597408 ], [ 22.963557, 40.597429 ], [ 22.963549, 40.597456 ], [ 22.963551, 40.597483 ], [ 22.963555, 40.597499 ], [ 22.963571, 40.597518 ], [ 22.963587, 40.597531 ], [ 22.963615, 40.59755 ], [ 22.963639, 40.597558 ], [ 22.963673, 40.597567 ], [ 22.963771, 40.597587 ], [ 22.963808, 40.597595 ], [ 22.963818, 40.597598 ], [ 22.963824, 40.597602 ], [ 22.963831, 40.597611 ], [ 22.963848, 40.597638 ], [ 22.963857, 40.597646 ], [ 22.963875, 40.597653 ], [ 22.963888, 40.597657 ], [ 22.9639, 40.597658 ], [ 22.963938, 40.597654 ], [ 22.963968, 40.597651 ], [ 22.963985, 40.59765 ], [ 22.964008, 40.597653 ], [ 22.964025, 40.597654 ], [ 22.964033, 40.597651 ] ] ] } },
{ "type": "Feature", "properties": { "culture_type": "Culture", "culture_subtype": "Religious heritage", "culture_source": "culture_polygons", "path": "D:\\30.10\\datagis\\religion 2100.shp", "name": "Ιερός Ναός Αγίου Γεωργίου (Γ.Ο.Χ.)", "name_el": null, "name_en": null, "amenity": "place_of_worship", "tourism": null, "historic": null, "religion": "christian", "museum": null, "theatre_ty": null, "library_ty": null, "symbol_origin": "none" }, "geometry": { "type": "Polygon", "coordinates": [ [ [ 22.965133, 40.603269 ], [ 22.965, 40.603239 ], [ 22.964978, 40.603297 ], [ 22.96511, 40.603327 ], [ 22.965133, 40.603269 ] ] ] } },
{ "type": "Feature", "properties": { "culture_type": "Culture", "culture_subtype": "Historic monument", "culture_source": "culture_polygons", "path": "D:\\30.10\\datagis\\historic monument 2100.shp", "name": "Αρχοντικό Σιάγα", "name_el": "Αρχοντικό Σιάγα", "name_en": null, "amenity": null, "tourism": null, "historic": "monument", "religion": null, "museum": null, "theatre_ty": null, "library_ty": null, "symbol_origin": "none" }, "geometry": { "type": "Polygon", "coordinates": [ [ [ 22.953225, 40.604463 ], [ 22.953245, 40.604464 ], [ 22.953252, 40.604409 ], [ 22.953176, 40.604404 ], [ 22.953187, 40.604314 ], [ 22.952997, 40.604301 ], [ 22.952992, 40.604337 ], [ 22.95296, 40.604335 ], [ 22.952955, 40.604382 ], [ 22.952981, 40.604384 ], [ 22.952973, 40.604444 ], [ 22.953225, 40.604463 ] ] ] } },
{ "type": "Feature", "properties": { "culture_type": "Culture", "culture_subtype": "Religious heritage", "culture_source": "culture_polygons", "path": "D:\\30.10\\datagis\\religion 2100.shp", "name": "Ιερός Ναός Αναλήψεως Του Κυρίου", "name_el": "Ιερός Ναός Αναλήψεως Του Κυρίου", "name_en": "Analipsi", "amenity": "place_of_worship", "tourism": null, "historic": null, "religion": "christian", "museum": null, "theatre_ty": null, "library_ty": null, "symbol_origin": "none" }, "geometry": { "type": "Polygon", "coordinates": [ [ [ 22.953132, 40.604989 ], [ 22.953133, 40.604977 ], [ 22.953319, 40.604988 ], [ 22.953317, 40.605008 ], [ 22.953519, 40.60502 ], [ 22.953516, 40.605053 ], [ 22.953593, 40.605057 ], [ 22.953613, 40.604866 ], [ 22.953099, 40.604836 ], [ 22.953093, 40.604887 ], [ 22.953066, 40.604885 ], [ 22.953056, 40.604985 ], [ 22.953132, 40.604989 ] ] ] } },
{ "type": "Feature", "properties": { "culture_type": "Culture", "culture_subtype": "Religious heritage", "culture_source": "culture_polygons", "path": "D:\\30.10\\datagis\\religion 2100.shp", "name": "Μεταμόρφωση του Σωτήρος", "name_el": null, "name_en": null, "amenity": "place_of_worship", "tourism": null, "historic": null, "religion": "christian", "museum": null, "theatre_ty": null, "library_ty": null, "symbol_origin": "none" }, "geometry": { "type": "Polygon", "coordinates": [ [ [ 22.957226, 40.610948 ], [ 22.957284, 40.610869 ], [ 22.957288, 40.610837 ], [ 22.957252, 40.610759 ], [ 22.956774, 40.610735 ], [ 22.956745, 40.610909 ], [ 22.957226, 40.610948 ] ] ] } },
{ "type": "Feature", "properties": { "culture_type": "Culture", "culture_subtype": "Religious heritage", "culture_source": "culture_polygons", "path": "D:\\30.10\\datagis\\religion 2100.shp", "name": "Ι. Ν. Κυρίλλου και Μεθοδίου", "name_el": "Ι. Ν. Κυρίλλου και Μεθοδίου", "name_en": "Kyrillou & Methodiou Church", "amenity": "place_of_worship", "tourism": null, "historic": null, "religion": "christian", "museum": null, "theatre_ty": null, "library_ty": null, "symbol_origin": "none" }, "geometry": { "type": "Polygon", "coordinates": [ [ [ 22.952594, 40.611891 ], [ 22.95265, 40.611886 ], [ 22.952758, 40.611876 ], [ 22.952813, 40.611872 ], [ 22.952806, 40.611828 ], [ 22.952804, 40.61182 ], [ 22.952812, 40.611819 ], [ 22.952819, 40.611817 ], [ 22.952831, 40.611811 ], [ 22.952839, 40.611802 ], [ 22.952844, 40.611791 ], [ 22.952843, 40.611781 ], [ 22.952837, 40.61177 ], [ 22.952827, 40.611762 ], [ 22.952814, 40.611757 ], [ 22.952805, 40.611756 ], [ 22.952795, 40.611756 ], [ 22.952793, 40.611746 ], [ 22.952787, 40.611706 ], [ 22.952732, 40.611711 ], [ 22.952623, 40.611721 ], [ 22.952568, 40.611726 ], [ 22.952521, 40.61173 ], [ 22.952527, 40.611771 ], [ 22.952541, 40.611853 ], [ 22.952548, 40.611895 ], [ 22.952594, 40.611891 ] ] ] } },
{ "type": "Feature", "properties": { "culture_type": "Culture", "culture_subtype": "Religious heritage", "culture_source": "culture_polygons", "path": "D:\\30.10\\datagis\\religion 2100.shp", "name": "Άγιος Παντελεήμων", "name_el": null, "name_en": null, "amenity": "place_of_worship", "tourism": null, "historic": null, "religion": "christian", "museum": null, "theatre_ty": null, "library_ty": null, "symbol_origin": "none" }, "geometry": { "type": "Polygon", "coordinates": [ [ [ 22.96157, 40.613007 ], [ 22.961608, 40.612911 ], [ 22.961334, 40.612848 ], [ 22.961296, 40.612944 ], [ 22.96157, 40.613007 ] ] ] } },
{ "type": "Feature", "properties": { "culture_type": "Culture", "culture_subtype": "Religious heritage", "culture_source": "culture_polygons", "path": "D:\\30.10\\datagis\\religion 2100.shp", "name": "Ιερό Παρεκκλήσιο Τιμίου Σταυρού", "name_el": null, "name_en": null, "amenity": "place_of_worship", "tourism": null, "historic": null, "religion": null, "museum": null, "theatre_ty": null, "library_ty": null, "symbol_origin": "none" }, "geometry": { "type": "Polygon", "coordinates": [ [ [ 23.00845, 40.592884 ], [ 23.008673, 40.592888 ], [ 23.008676, 40.592783 ], [ 23.008452, 40.592779 ], [ 23.00845, 40.592884 ] ] ] } },
{ "type": "Feature", "properties": { "culture_type": "Culture", "culture_subtype": "Theatre", "culture_source": "culture_polygons", "path": "D:\\30.10\\datagis\\theatre2100.shp", "name": null, "name_el": null, "name_en": null, "amenity": "theatre", "tourism": null, "historic": null, "religion": null, "museum": null, "theatre_ty": "amphi", "library_ty": null, "symbol_origin": "none" }, "geometry": { "type": "Polygon", "coordinates": [ [ [ 22.969245, 40.595909 ], [ 22.969218, 40.596031 ], [ 22.969172, 40.59604 ], [ 22.969137, 40.596071 ], [ 22.969127, 40.596108 ], [ 22.969145, 40.596144 ], [ 22.969174, 40.59617 ], [ 22.969211, 40.596179 ], [ 22.969265, 40.596172 ], [ 22.969324, 40.596263 ], [ 22.969386, 40.596241 ], [ 22.969432, 40.596203 ], [ 22.969446, 40.596175 ], [ 22.969489, 40.596173 ], [ 22.969513, 40.596091 ], [ 22.969528, 40.59604 ], [ 22.969494, 40.596034 ], [ 22.969482, 40.596003 ], [ 22.969496, 40.595941 ], [ 22.969245, 40.595909 ] ] ] } },
{ "type": "Feature", "properties": { "culture_type": "Culture", "culture_subtype": "Religious heritage", "culture_source": "culture_polygons", "path": "D:\\30.10\\datagis\\religion 2100.shp", "name": "Ναός Αγίας Κυριακής", "name_el": "Ναός Αγίας Κυριακής", "name_en": "Saint Kyriaki Church", "amenity": "place_of_worship", "tourism": null, "historic": null, "religion": "christian", "museum": null, "theatre_ty": null, "library_ty": null, "symbol_origin": "none" }, "geometry": { "type": "Polygon", "coordinates": [ [ [ 22.976922, 40.597665 ], [ 22.976889, 40.597513 ], [ 22.976754, 40.597529 ], [ 22.976614, 40.597547 ], [ 22.97662, 40.597576 ], [ 22.976642, 40.597679 ], [ 22.976647, 40.5977 ], [ 22.976922, 40.597665 ] ] ] } },
{ "type": "Feature", "properties": { "culture_type": "Culture", "culture_subtype": "Historic monument", "culture_source": "culture_polygons", "path": "D:\\30.10\\datagis\\historic monument 2100.shp", "name": "ΠΥΡΓΟΣ ΠΡΑΣΑΚΑΚΗ", "name_el": null, "name_en": null, "amenity": null, "tourism": null, "historic": "monument", "religion": null, "museum": null, "theatre_ty": null, "library_ty": null, "symbol_origin": "none" }, "geometry": { "type": "Polygon", "coordinates": [ [ [ 22.987417, 40.597933 ], [ 22.987438, 40.597886 ], [ 22.987341, 40.597861 ], [ 22.987321, 40.597908 ], [ 22.987417, 40.597933 ] ] ] } },
{ "type": "Feature", "properties": { "culture_type": "Culture", "culture_subtype": "Religious heritage", "culture_source": "culture_polygons", "path": "D:\\30.10\\datagis\\religion 2100.shp", "name": "Προφήτης Ηλίας", "name_el": "Προφήτης Ηλίας", "name_en": "Prophet Elias Church", "amenity": "place_of_worship", "tourism": null, "historic": null, "religion": "christian", "museum": null, "theatre_ty": null, "library_ty": null, "symbol_origin": "none" }, "geometry": { "type": "Polygon", "coordinates": [ [ [ 22.989709, 40.601344 ], [ 22.989963, 40.601315 ], [ 22.989947, 40.601232 ], [ 22.989931, 40.601153 ], [ 22.989478, 40.601205 ], [ 22.98951, 40.601367 ], [ 22.989709, 40.601344 ] ] ] } },
{ "type": "Feature", "properties": { "culture_type": "Culture", "culture_subtype": "Religious heritage", "culture_source": "culture_polygons", "path": "D:\\30.10\\datagis\\religion 2100.shp", "name": "Οσία Ξένη", "name_el": "Οσία Ξένη", "name_en": null, "amenity": "place_of_worship", "tourism": null, "historic": null, "religion": "christian", "museum": null, "theatre_ty": null, "library_ty": null, "symbol_origin": "none" }, "geometry": { "type": "Polygon", "coordinates": [ [ [ 22.96783, 40.602348 ], [ 22.967897, 40.602367 ], [ 22.967991, 40.602394 ], [ 22.968014, 40.602401 ], [ 22.968303, 40.601818 ], [ 22.967898, 40.601704 ], [ 22.967754, 40.601994 ], [ 22.967716, 40.602071 ], [ 22.96761, 40.602287 ], [ 22.96783, 40.602348 ] ] ] } },
{ "type": "Feature", "properties": { "culture_type": "Culture", "culture_subtype": "Religious heritage", "culture_source": "culture_polygons", "path": "D:\\30.10\\datagis\\religion 2100.shp", "name": "Παρεκκλήσιο Αγίων Πάντων", "name_el": "Παρεκκλήσιο Αγίων Πάντων", "name_en": "All Saints of Thessaloniki Chapel", "amenity": "place_of_worship", "tourism": null, "historic": null, "religion": "christian", "museum": null, "theatre_ty": null, "library_ty": null, "symbol_origin": "none" }, "geometry": { "type": "Polygon", "coordinates": [ [ [ 22.979707, 40.60247 ], [ 22.979711, 40.602361 ], [ 22.979456, 40.602355 ], [ 22.979452, 40.602465 ], [ 22.979707, 40.60247 ] ] ] } },
{ "type": "Feature", "properties": { "culture_type": "Culture", "culture_subtype": "Religious heritage", "culture_source": "culture_polygons", "path": "D:\\30.10\\datagis\\religion 2100.shp", "name": null, "name_el": null, "name_en": null, "amenity": "place_of_worship", "tourism": null, "historic": null, "religion": "christian", "museum": null, "theatre_ty": null, "library_ty": null, "symbol_origin": "none" }, "geometry": { "type": "Polygon", "coordinates": [ [ [ 22.973498, 40.602761 ], [ 22.973552, 40.602773 ], [ 22.973558, 40.602759 ], [ 22.973632, 40.602776 ], [ 22.973701, 40.602599 ], [ 22.973346, 40.602519 ], [ 22.97334, 40.602534 ], [ 22.973291, 40.602523 ], [ 22.973232, 40.602676 ], [ 22.973314, 40.602694 ], [ 22.973305, 40.602717 ], [ 22.973397, 40.602738 ], [ 22.973402, 40.602725 ], [ 22.973504, 40.602747 ], [ 22.973498, 40.602761 ] ] ] } },
{ "type": "Feature", "properties": { "culture_type": "Culture", "culture_subtype": "Religious heritage", "culture_source": "culture_polygons", "path": "D:\\30.10\\datagis\\religion 2100.shp", "name": "Ι.Ν. Αγ. Δημητρίου & Νικολάου (Χαριλάου)", "name_el": "Ι.Ν. Αγ. Δημητρίου & Νικολάου (Χαριλάου)", "name_en": "Saints Demetrios & Nicholas", "amenity": "place_of_worship", "tourism": null, "historic": null, "religion": "christian", "museum": null, "theatre_ty": null, "library_ty": null, "symbol_origin": "none" }, "geometry": { "type": "Polygon", "coordinates": [ [ [ 22.973461, 40.602915 ], [ 22.973582, 40.602943 ], [ 22.973625, 40.602832 ], [ 22.973726, 40.602574 ], [ 22.973231, 40.602466 ], [ 22.973098, 40.602829 ], [ 22.973461, 40.602915 ] ] ] } },
{ "type": "Feature", "properties": { "culture_type": "Culture", "culture_subtype": "Religious heritage", "culture_source": "culture_polygons", "path": "D:\\30.10\\datagis\\religion 2100.shp", "name": null, "name_el": null, "name_en": null, "amenity": "place_of_worship", "tourism": null, "historic": null, "religion": "christian", "museum": null, "theatre_ty": null, "library_ty": null, "symbol_origin": "none" }, "geometry": { "type": "Polygon", "coordinates": [ [ [ 22.973461, 40.602915 ], [ 22.973505, 40.602803 ], [ 22.973165, 40.60272 ], [ 22.973115, 40.602837 ], [ 22.973461, 40.602915 ] ] ] } },
{ "type": "Feature", "properties": { "culture_type": "Culture", "culture_subtype": "Religious heritage", "culture_source": "culture_polygons", "path": "D:\\30.10\\datagis\\religion 2100.shp", "name": "Ι.Ν. Ευαγγελισμού της Θεοτόκου (Καραμπουρνάκι)", "name_el": null, "name_en": null, "amenity": "place_of_worship", "tourism": null, "historic": null, "religion": "christian", "museum": null, "theatre_ty": null, "library_ty": null, "symbol_origin": "none" }, "geometry": { "type": "Polygon", "coordinates": [ [ [ 22.947427, 40.587637 ], [ 22.947188, 40.587465 ], [ 22.94687, 40.587725 ], [ 22.947107, 40.587894 ], [ 22.947427, 40.587637 ] ] ] } },
{ "type": "Feature", "properties": { "culture_type": "Culture", "culture_subtype": "Theatre", "culture_source": "culture_polygons", "path": "D:\\30.10\\datagis\\theatre2100.shp", "name": "Κτίριο Μ2", "name_el": null, "name_en": null, "amenity": "theatre", "tourism": null, "historic": null, "religion": null, "museum": null, "theatre_ty": null, "library_ty": null, "symbol_origin": "none" }, "geometry": { "type": "Polygon", "coordinates": [ [ [ 22.947497, 40.597285 ], [ 22.947468, 40.597349 ], [ 22.947572, 40.597375 ], [ 22.947601, 40.597309 ], [ 22.948266, 40.59748 ], [ 22.948372, 40.597233 ], [ 22.948075, 40.597158 ], [ 22.948087, 40.597129 ], [ 22.948098, 40.597104 ], [ 22.947506, 40.596952 ], [ 22.947373, 40.597253 ], [ 22.947497, 40.597285 ] ] ] } },
{ "type": "Feature", "properties": { "culture_type": "Culture", "culture_subtype": "Theatre", "culture_source": "culture_polygons", "path": "D:\\30.10\\datagis\\theatre2100.shp", "name": "Μέγαρο Μουσικής", "name_el": "Μέγαρο Μουσικής", "name_en": "Thessaloniki Concert Hall", "amenity": "theatre", "tourism": null, "historic": null, "religion": null, "museum": null, "theatre_ty": null, "library_ty": null, "symbol_origin": "none" }, "geometry": { "type": "Polygon", "coordinates": [ [ [ 22.948612, 40.598686 ], [ 22.948671, 40.598573 ], [ 22.948701, 40.598581 ], [ 22.948923, 40.59864 ], [ 22.949032, 40.598415 ], [ 22.949161, 40.598146 ], [ 22.949188, 40.598091 ], [ 22.949103, 40.598069 ], [ 22.949033, 40.598051 ], [ 22.949018, 40.598086 ], [ 22.948695, 40.598005 ], [ 22.948663, 40.597997 ], [ 22.948633, 40.597989 ], [ 22.948152, 40.59787 ], [ 22.94817, 40.597835 ], [ 22.948215, 40.597735 ], [ 22.948172, 40.597725 ], [ 22.948181, 40.597705 ], [ 22.948189, 40.597684 ], [ 22.948261, 40.597513 ], [ 22.948302, 40.597524 ], [ 22.948316, 40.597493 ], [ 22.948266, 40.59748 ], [ 22.948372, 40.597233 ], [ 22.948423, 40.597246 ], [ 22.948503, 40.597059 ], [ 22.948458, 40.597026 ], [ 22.947509, 40.596771 ], [ 22.946831, 40.59824 ], [ 22.948612, 40.598686 ] ] ] } },
{ "type": "Feature", "properties": { "culture_type": "Culture", "culture_subtype": "Religious heritage", "culture_source": "culture_polygons", "path": "D:\\30.10\\datagis\\religion 2100.shp", "name": "Άγιος Φώτιος", "name_el": "Ιερός Ναός Αγίου Φωτίου", "name_en": "Agios Fotios", "amenity": "place_of_worship", "tourism": null, "historic": null, "religion": "christian", "museum": null, "theatre_ty": null, "library_ty": null, "symbol_origin": "none" }, "geometry": { "type": "Polygon", "coordinates": [ [ [ 22.951484, 40.598004 ], [ 22.951513, 40.597767 ], [ 22.951076, 40.597736 ], [ 22.951046, 40.597973 ], [ 22.951484, 40.598004 ] ] ] } },
{ "type": "Feature", "properties": { "culture_type": "Culture", "culture_subtype": "Theatre", "culture_source": "culture_polygons", "path": "D:\\30.10\\datagis\\theatre2100.shp", "name": "Μέγαρο Μουσικής", "name_el": "Μέγαρο Μουσικής", "name_en": "Thessaloniki Concert Hall", "amenity": "theatre", "tourism": null, "historic": null, "religion": null, "museum": null, "theatre_ty": "concert_hall", "library_ty": null, "symbol_origin": "none" }, "geometry": { "type": "Polygon", "coordinates": [ [ [ 22.947345, 40.597776 ], [ 22.947175, 40.598161 ], [ 22.948366, 40.598473 ], [ 22.948411, 40.598371 ], [ 22.948482, 40.598385 ], [ 22.948518, 40.598379 ], [ 22.948553, 40.598361 ], [ 22.948578, 40.598337 ], [ 22.948594, 40.598309 ], [ 22.948599, 40.598274 ], [ 22.948593, 40.598243 ], [ 22.948578, 40.59822 ], [ 22.948557, 40.598202 ], [ 22.948495, 40.59818 ], [ 22.948539, 40.59808 ], [ 22.947345, 40.597776 ] ] ] } },
{ "type": "Feature", "properties": { "culture_type": "Culture", "culture_subtype": "Historic monument", "culture_source": "culture_polygons", "path": "D:\\30.10\\datagis\\historic monument 2100.shp", "name": "Chateau Mon Bonheur", "name_el": null, "name_en": null, "amenity": null, "tourism": null, "historic": "monument", "religion": null, "museum": null, "theatre_ty": null, "library_ty": null, "symbol_origin": "none" }, "geometry": { "type": "Polygon", "coordinates": [ [ [ 22.952287, 40.604516 ], [ 22.952486, 40.604525 ], [ 22.952489, 40.604482 ], [ 22.952538, 40.604484 ], [ 22.95254, 40.604467 ], [ 22.952292, 40.604456 ], [ 22.952287, 40.604516 ] ] ] } },
{ "type": "Feature", "properties": { "culture_type": "Culture", "culture_subtype": "Art & Exhibition Space", "culture_source": "culture_polygons", "path": "D:\\30.10\\datagis\\art center 2100.shp", "name": "Μορφωτικό Ίδρυμα Εθνικής Τραπέζης", "name_el": null, "name_en": null, "amenity": "arts_centre", "tourism": null, "historic": null, "religion": null, "museum": null, "theatre_ty": null, "library_ty": null, "symbol_origin": "none" }, "geometry": { "type": "Polygon", "coordinates": [ [ [ 22.952531, 40.604939 ], [ 22.952508, 40.604643 ], [ 22.951581, 40.604744 ], [ 22.951722, 40.60502 ], [ 22.952531, 40.604939 ] ] ] } },
{ "type": "Feature", "properties": { "culture_type": "Culture", "culture_subtype": "Art & Exhibition Space", "culture_source": "culture_polygons", "path": "D:\\30.10\\datagis\\art center 2100.shp", "name": "Βίλλα Αχμέτ Καπαντζή", "name_el": null, "name_en": null, "amenity": "arts_centre", "tourism": "attraction", "historic": "monument", "religion": null, "museum": null, "theatre_ty": null, "library_ty": null, "symbol_origin": "none" }, "geometry": { "type": "Polygon", "coordinates": [ [ [ 22.952231, 40.604769 ], [ 22.952166, 40.604745 ], [ 22.952093, 40.604755 ], [ 22.952076, 40.604732 ], [ 22.95195, 40.604736 ], [ 22.951965, 40.604884 ], [ 22.951969, 40.604918 ], [ 22.952019, 40.604938 ], [ 22.952078, 40.604939 ], [ 22.952085, 40.604969 ], [ 22.952172, 40.60497 ], [ 22.952173, 40.604924 ], [ 22.952246, 40.604916 ], [ 22.952231, 40.604769 ] ] ] } },
{ "type": "Feature", "properties": { "culture_type": "Culture", "culture_subtype": "Art & Exhibition Space", "culture_source": "culture_polygons", "path": "D:\\30.10\\datagis\\historic monument 2100.shp", "name": "Βίλλα Αχμέτ Καπαντζή", "name_el": null, "name_en": null, "amenity": "arts_centre", "tourism": "attraction", "historic": "monument", "religion": null, "museum": null, "theatre_ty": null, "library_ty": null, "symbol_origin": "none" }, "geometry": { "type": "Polygon", "coordinates": [ [ [ 22.952231, 40.604769 ], [ 22.952166, 40.604745 ], [ 22.952093, 40.604755 ], [ 22.952076, 40.604732 ], [ 22.95195, 40.604736 ], [ 22.951965, 40.604884 ], [ 22.951969, 40.604918 ], [ 22.952019, 40.604938 ], [ 22.952078, 40.604939 ], [ 22.952085, 40.604969 ], [ 22.952172, 40.60497 ], [ 22.952173, 40.604924 ], [ 22.952246, 40.604916 ], [ 22.952231, 40.604769 ] ] ] } },
{ "type": "Feature", "properties": { "culture_type": "Culture", "culture_subtype": "Art & Exhibition Space", "culture_source": "culture_polygons", "path": "D:\\30.10\\datagis\\gallery 2100.shp", "name": null, "name_el": null, "name_en": null, "amenity": null, "tourism": "gallery", "historic": null, "religion": null, "museum": null, "theatre_ty": null, "library_ty": null, "symbol_origin": "none" }, "geometry": { "type": "Polygon", "coordinates": [ [ [ 22.951401, 40.610758 ], [ 22.951385, 40.610691 ], [ 22.951608, 40.61066 ], [ 22.951447, 40.609986 ], [ 22.951152, 40.610026 ], [ 22.951158, 40.61005 ], [ 22.951172, 40.61011 ], [ 22.951022, 40.610131 ], [ 22.951097, 40.610447 ], [ 22.951044, 40.610454 ], [ 22.951115, 40.610751 ], [ 22.95113, 40.610749 ], [ 22.951141, 40.610794 ], [ 22.951401, 40.610758 ] ] ] } },
{ "type": "Feature", "properties": { "culture_type": "Culture", "culture_subtype": "Religious heritage", "culture_source": "culture_polygons", "path": "D:\\30.10\\datagis\\religion 2100.shp", "name": "Οσία Ξένη - Άγιος Νεκτάριος", "name_el": "Οσία Ξένη - Άγιος Νεκτάριος", "name_en": "Saint Xeni - Saint Nektarios", "amenity": "place_of_worship", "tourism": null, "historic": null, "religion": "christian", "museum": null, "theatre_ty": null, "library_ty": null, "symbol_origin": "none" }, "geometry": { "type": "Polygon", "coordinates": [ [ [ 22.969211, 40.60433 ], [ 22.969241, 40.604306 ], [ 22.969251, 40.604286 ], [ 22.969258, 40.604261 ], [ 22.969251, 40.604235 ], [ 22.969233, 40.604211 ], [ 22.968908, 40.60419 ], [ 22.968901, 40.604313 ], [ 22.969211, 40.60433 ] ] ] } },
{ "type": "Feature", "properties": { "culture_type": "Culture", "culture_subtype": "Religious heritage", "culture_source": "culture_polygons", "path": "D:\\30.10\\datagis\\religion 2100.shp", "name": "Ιερός Ναός Τριών Ιεραρχών", "name_el": null, "name_en": null, "amenity": "place_of_worship", "tourism": null, "historic": null, "religion": "christian", "museum": null, "theatre_ty": null, "library_ty": null, "symbol_origin": "none" }, "geometry": { "type": "Polygon", "coordinates": [ [ [ 22.965532, 40.608831 ], [ 22.965601, 40.608723 ], [ 22.965338, 40.608634 ], [ 22.965317, 40.608658 ], [ 22.965272, 40.608651 ], [ 22.965251, 40.608675 ], [ 22.965238, 40.608704 ], [ 22.965284, 40.608726 ], [ 22.965276, 40.608755 ], [ 22.965532, 40.608831 ] ] ] } },
{ "type": "Feature", "properties": { "culture_type": "Culture", "culture_subtype": "Religious heritage", "culture_source": "culture_polygons", "path": "D:\\30.10\\datagis\\religion 2100.shp", "name": "Ναός Αγίου Χριστοφόρου", "name_el": "Ναός Αγίου Χριστοφόρου", "name_en": null, "amenity": "place_of_worship", "tourism": null, "historic": null, "religion": "christian", "museum": null, "theatre_ty": null, "library_ty": null, "symbol_origin": "none" }, "geometry": { "type": "Polygon", "coordinates": [ [ [ 22.987468, 40.609128 ], [ 22.987483, 40.609129 ], [ 22.987498, 40.609126 ], [ 22.98751, 40.60912 ], [ 22.987531, 40.609134 ], [ 22.987521, 40.609146 ], [ 22.987513, 40.609168 ], [ 22.987505, 40.609187 ], [ 22.987529, 40.609278 ], [ 22.987557, 40.609307 ], [ 22.987601, 40.609333 ], [ 22.987654, 40.609348 ], [ 22.987711, 40.609351 ], [ 22.98782, 40.609317 ], [ 22.987861, 40.609281 ], [ 22.987883, 40.609236 ], [ 22.987886, 40.609189 ], [ 22.987869, 40.609143 ], [ 22.987832, 40.609104 ], [ 22.987782, 40.609076 ], [ 22.987722, 40.609062 ], [ 22.9876, 40.60908 ], [ 22.987565, 40.609102 ], [ 22.987523, 40.609089 ], [ 22.987519, 40.609079 ], [ 22.987509, 40.60907 ], [ 22.987497, 40.609063 ], [ 22.987482, 40.609061 ], [ 22.987468, 40.609062 ], [ 22.987454, 40.609066 ], [ 22.987443, 40.609074 ], [ 22.987436, 40.609084 ], [ 22.987434, 40.609095 ], [ 22.987436, 40.609106 ], [ 22.987443, 40.609116 ], [ 22.987455, 40.609124 ], [ 22.987468, 40.609128 ] ] ] } },
{ "type": "Feature", "properties": { "culture_type": "Culture", "culture_subtype": "Religious heritage", "culture_source": "culture_polygons", "path": "D:\\30.10\\datagis\\religion 2100.shp", "name": null, "name_el": null, "name_en": null, "amenity": "place_of_worship", "tourism": null, "historic": null, "religion": "christian", "museum": null, "theatre_ty": null, "library_ty": null, "symbol_origin": "none" }, "geometry": { "type": "Polygon", "coordinates": [ [ [ 22.972657, 40.609454 ], [ 22.972688, 40.609482 ], [ 22.972738, 40.60946 ], [ 22.972704, 40.609427 ], [ 22.972965, 40.609274 ], [ 22.972926, 40.609233 ], [ 22.972947, 40.609211 ], [ 22.972938, 40.609183 ], [ 22.972909, 40.609166 ], [ 22.972871, 40.609173 ], [ 22.972795, 40.609109 ], [ 22.972337, 40.609356 ], [ 22.9725, 40.609526 ], [ 22.972657, 40.609454 ] ] ] } },
{ "type": "Feature", "properties": { "culture_type": "Culture", "culture_subtype": "Religious heritage", "culture_source": "culture_polygons", "path": "D:\\30.10\\datagis\\religion 2100.shp", "name": "Αγία Γλυκερία", "name_el": null, "name_en": null, "amenity": "place_of_worship", "tourism": null, "historic": null, "religion": "christian", "museum": null, "theatre_ty": null, "library_ty": null, "symbol_origin": "none" }, "geometry": { "type": "Polygon", "coordinates": [ [ [ 22.994035, 40.611483 ], [ 22.994051, 40.611496 ], [ 22.994131, 40.611442 ], [ 22.99412, 40.611433 ], [ 22.994146, 40.611415 ], [ 22.994054, 40.611338 ], [ 22.993978, 40.61139 ], [ 22.993964, 40.611377 ], [ 22.993916, 40.611409 ], [ 22.993954, 40.611441 ], [ 22.993933, 40.611456 ], [ 22.993996, 40.61151 ], [ 22.994035, 40.611483 ] ] ] } },
{ "type": "Feature", "properties": { "culture_type": "Culture", "culture_subtype": "Religious heritage", "culture_source": "culture_polygons", "path": "D:\\30.10\\datagis\\religion 2100.shp", "name": "Ι.Ν. Αγίου Φανουρίου & Τιμίου Πρόδρομου", "name_el": null, "name_en": null, "amenity": "place_of_worship", "tourism": null, "historic": null, "religion": "christian", "museum": null, "theatre_ty": null, "library_ty": null, "symbol_origin": "none" }, "geometry": { "type": "Polygon", "coordinates": [ [ [ 22.965725, 40.615322 ], [ 22.965677, 40.615416 ], [ 22.965665, 40.61544 ], [ 22.965696, 40.615449 ], [ 22.965991, 40.615536 ], [ 22.966017, 40.615486 ], [ 22.96604, 40.615481 ], [ 22.966048, 40.615463 ], [ 22.966037, 40.615446 ], [ 22.966064, 40.615394 ], [ 22.965768, 40.615307 ], [ 22.965737, 40.615298 ], [ 22.965725, 40.615322 ] ] ] } },
{ "type": "Feature", "properties": { "culture_type": "Culture", "culture_subtype": "Religious heritage", "culture_source": "culture_polygons", "path": "D:\\30.10\\datagis\\religion 2100.shp", "name": "Αγία Βαρβάρα", "name_el": null, "name_en": null, "amenity": "place_of_worship", "tourism": null, "historic": null, "religion": "christian", "museum": null, "theatre_ty": null, "library_ty": null, "symbol_origin": "none" }, "geometry": { "type": "Polygon", "coordinates": [ [ [ 22.973828, 40.615713 ], [ 22.973909, 40.615713 ], [ 22.973908, 40.615741 ], [ 22.974101, 40.615743 ], [ 22.974101, 40.615715 ], [ 22.974139, 40.615715 ], [ 22.974139, 40.615683 ], [ 22.974156, 40.615679 ], [ 22.974169, 40.615669 ], [ 22.974178, 40.615656 ], [ 22.974178, 40.615642 ], [ 22.974172, 40.61563 ], [ 22.974164, 40.615621 ], [ 22.974145, 40.615611 ], [ 22.974144, 40.615592 ], [ 22.974137, 40.615588 ], [ 22.974137, 40.615576 ], [ 22.974103, 40.615576 ], [ 22.974101, 40.615569 ], [ 22.974095, 40.615566 ], [ 22.974096, 40.61555 ], [ 22.974053, 40.615549 ], [ 22.974052, 40.615536 ], [ 22.973996, 40.615534 ], [ 22.97398, 40.615533 ], [ 22.973933, 40.615536 ], [ 22.973933, 40.61555 ], [ 22.973901, 40.615551 ], [ 22.973901, 40.615565 ], [ 22.973836, 40.615567 ], [ 22.973836, 40.615552 ], [ 22.973773, 40.615553 ], [ 22.973773, 40.615583 ], [ 22.973827, 40.615582 ], [ 22.973827, 40.615664 ], [ 22.973778, 40.615665 ], [ 22.97378, 40.615695 ], [ 22.973827, 40.615695 ], [ 22.973828, 40.615713 ] ] ] } },
{ "type": "Feature", "properties": { "culture_type": "Culture", "culture_subtype": "Art & Exhibition Space", "culture_source": "culture_polygons", "path": "D:\\30.10\\datagis\\art center 2100.shp", "name": "Κέντρο Πολιτισμού Δήμου Θεσσαλονίκης", "name_el": "Κέντρο Πολιτισμού Δήμου Θεσσαλονίκης", "name_en": "Toumba Cultural Center", "amenity": "arts_centre", "tourism": null, "historic": null, "religion": null, "museum": null, "theatre_ty": null, "library_ty": null, "symbol_origin": "none" }, "geometry": { "type": "Polygon", "coordinates": [ [ [ 22.972639, 40.615542 ], [ 22.972551, 40.615423 ], [ 22.971966, 40.615661 ], [ 22.97205, 40.615788 ], [ 22.971995, 40.61581 ], [ 22.972067, 40.61592 ], [ 22.972601, 40.615704 ], [ 22.972626, 40.615739 ], [ 22.972694, 40.615711 ], [ 22.972704, 40.615724 ], [ 22.972748, 40.615707 ], [ 22.97272, 40.615665 ], [ 22.972639, 40.615542 ] ] ] } },
{ "type": "Feature", "properties": { "culture_type": "Culture", "culture_subtype": "Religious heritage", "culture_source": "culture_polygons", "path": "D:\\30.10\\datagis\\religion 2100.shp", "name": "Αγ. Νεκτάριος", "name_el": "Αγ. Νεκτάριος", "name_en": "St. Nectarios", "amenity": "place_of_worship", "tourism": null, "historic": null, "religion": "christian", "museum": null, "theatre_ty": null, "library_ty": null, "symbol_origin": "none" }, "geometry": { "type": "Polygon", "coordinates": [ [ [ 22.983128, 40.616002 ], [ 22.983279, 40.615898 ], [ 22.983267, 40.615888 ], [ 22.983337, 40.61584 ], [ 22.983195, 40.615721 ], [ 22.983127, 40.615768 ], [ 22.983097, 40.615743 ], [ 22.982945, 40.615848 ], [ 22.983128, 40.616002 ] ] ] } },
{ "type": "Feature", "properties": { "culture_type": "Culture", "culture_subtype": "Religious heritage", "culture_source": "culture_polygons", "path": "D:\\30.10\\datagis\\religion 2100.shp", "name": "Αγ. Γεώργιος", "name_el": null, "name_en": null, "amenity": "place_of_worship", "tourism": null, "historic": null, "religion": "christian", "museum": null, "theatre_ty": null, "library_ty": null, "symbol_origin": "none" }, "geometry": { "type": "Polygon", "coordinates": [ [ [ 22.981306, 40.62139 ], [ 22.981289, 40.621349 ], [ 22.981172, 40.621378 ], [ 22.98119, 40.621419 ], [ 22.981306, 40.62139 ] ] ] } },
{ "type": "Feature", "properties": { "culture_type": "Culture", "culture_subtype": "Museum", "culture_source": "culture_polygons", "path": "D:\\30.10\\datagis\\museum2100.shp", "name": "Γενί Τζαμί", "name_el": "Γενί Τζαμί", "name_en": "New Mosque", "amenity": null, "tourism": "museum", "historic": "mosque", "religion": null, "museum": null, "theatre_ty": null, "library_ty": null, "symbol_origin": "none" }, "geometry": { "type": "Polygon", "coordinates": [ [ [ 22.956686, 40.615623 ], [ 22.956934, 40.615429 ], [ 22.956798, 40.615328 ], [ 22.95655, 40.615522 ], [ 22.956686, 40.615623 ] ] ] } },
{ "type": "Feature", "properties": { "culture_type": "Culture", "culture_subtype": "Religious heritage", "culture_source": "culture_polygons", "path": "D:\\30.10\\datagis\\religion 2100.shp", "name": "Παρεκκλήσι Αγίας Σολομονής", "name_el": null, "name_en": null, "amenity": "place_of_worship", "tourism": null, "historic": null, "religion": "christian", "museum": null, "theatre_ty": null, "library_ty": null, "symbol_origin": "none" }, "geometry": { "type": "Polygon", "coordinates": [ [ [ 22.95473, 40.616739 ], [ 22.954724, 40.616695 ], [ 22.954704, 40.616696 ], [ 22.954699, 40.61665 ], [ 22.954662, 40.616652 ], [ 22.954668, 40.616698 ], [ 22.954648, 40.616699 ], [ 22.954654, 40.616744 ], [ 22.95473, 40.616739 ] ] ] } },
{ "type": "Feature", "properties": { "culture_type": "Culture", "culture_subtype": "Religious heritage", "culture_source": "culture_polygons", "path": "D:\\30.10\\datagis\\religion 2100.shp", "name": "Ιερός Ναός Αγίας Τριάδος", "name_el": null, "name_en": null, "amenity": "place_of_worship", "tourism": null, "historic": null, "religion": "christian", "museum": null, "theatre_ty": null, "library_ty": null, "symbol_origin": "none" }, "geometry": { "type": "Polygon", "coordinates": [ [ [ 22.956469, 40.617939 ], [ 22.956479, 40.617909 ], [ 22.956817, 40.617958 ], [ 22.956828, 40.617937 ], [ 22.95686, 40.617935 ], [ 22.956884, 40.617907 ], [ 22.956874, 40.617886 ], [ 22.956855, 40.61787 ], [ 22.956868, 40.617821 ], [ 22.956452, 40.61776 ], [ 22.956407, 40.617927 ], [ 22.956469, 40.617939 ] ] ] } },
{ "type": "Feature", "properties": { "culture_type": "Culture", "culture_subtype": "Religious heritage", "culture_source": "culture_polygons", "path": "D:\\30.10\\datagis\\religion 2100.shp", "name": "Παρεκκλήσιο Σάββα του Ηγιασμένου", "name_el": null, "name_en": null, "amenity": "place_of_worship", "tourism": null, "historic": null, "religion": "christian", "museum": null, "theatre_ty": null, "library_ty": null, "symbol_origin": "none" }, "geometry": { "type": "Polygon", "coordinates": [ [ [ 22.956798, 40.618029 ], [ 22.956817, 40.617958 ], [ 22.956479, 40.617909 ], [ 22.956458, 40.617976 ], [ 22.956798, 40.618029 ] ] ] } },
{ "type": "Feature", "properties": { "culture_type": "Culture", "culture_subtype": "Religious heritage", "culture_source": "culture_polygons", "path": "D:\\30.10\\datagis\\religion 2100.shp", "name": "Άγιος Ιωάννης", "name_el": null, "name_en": null, "amenity": "place_of_worship", "tourism": null, "historic": null, "religion": "christian", "museum": null, "theatre_ty": null, "library_ty": null, "symbol_origin": "none" }, "geometry": { "type": "Polygon", "coordinates": [ [ [ 22.963508, 40.619143 ], [ 22.96355, 40.619101 ], [ 22.963673, 40.618963 ], [ 22.963515, 40.618881 ], [ 22.963358, 40.619057 ], [ 22.963508, 40.619143 ] ] ] } },
{ "type": "Feature", "properties": { "culture_type": "Culture", "culture_subtype": "Religious heritage", "culture_source": "culture_polygons", "path": "D:\\30.10\\datagis\\religion 2100.shp", "name": "Άγιος Ιωάννης Χρυσόστομος", "name_el": "Άγιος Ιωάννης Χρυσόστομος", "name_en": "Agios Ioannis Chrystostomos", "amenity": "place_of_worship", "tourism": null, "historic": null, "religion": "christian", "museum": null, "theatre_ty": null, "library_ty": null, "symbol_origin": "none" }, "geometry": { "type": "Polygon", "coordinates": [ [ [ 22.961225, 40.619394 ], [ 22.961338, 40.619287 ], [ 22.961059, 40.619116 ], [ 22.960945, 40.619223 ], [ 22.961225, 40.619394 ] ] ] } },
{ "type": "Feature", "properties": { "culture_type": "Culture", "culture_subtype": "Art & Exhibition Space", "culture_source": "culture_polygons", "path": "D:\\30.10\\datagis\\art center 2100.shp", "name": "Γαλλικό Ινστιτούτο Θεσσαλονίκης", "name_el": "Γαλλικό Ινστιτούτο Θεσσαλονίκης", "name_en": "French Institute of Thessaloniki", "amenity": "arts_centre", "tourism": null, "historic": null, "religion": null, "museum": null, "theatre_ty": null, "library_ty": null, "symbol_origin": "none" }, "geometry": { "type": "Polygon", "coordinates": [ [ [ 22.956896, 40.621011 ], [ 22.956854, 40.620982 ], [ 22.956803, 40.620965 ], [ 22.956747, 40.620961 ], [ 22.956692, 40.620971 ], [ 22.956644, 40.620993 ], [ 22.956604, 40.621029 ], [ 22.956583, 40.621073 ], [ 22.956583, 40.62112 ], [ 22.956605, 40.621163 ], [ 22.956644, 40.621199 ], [ 22.956688, 40.621219 ], [ 22.956697, 40.621223 ], [ 22.956758, 40.621231 ], [ 22.956819, 40.621223 ], [ 22.956844, 40.621215 ], [ 22.956876, 40.621225 ], [ 22.956809, 40.621363 ], [ 22.956914, 40.621392 ], [ 22.957018, 40.621178 ], [ 22.957026, 40.621161 ], [ 22.957094, 40.621021 ], [ 22.956996, 40.620994 ], [ 22.956977, 40.621034 ], [ 22.956965, 40.621059 ], [ 22.956924, 40.621048 ], [ 22.956896, 40.621011 ] ] ] } },
{ "type": "Feature", "properties": { "culture_type": "Culture", "culture_subtype": "Religious heritage", "culture_source": "culture_polygons", "path": "D:\\30.10\\datagis\\religion 2100.shp", "name": "Εκκλησία Αντβεντιστών", "name_el": null, "name_en": null, "amenity": "place_of_worship", "tourism": null, "historic": null, "religion": "christian", "museum": null, "theatre_ty": null, "library_ty": null, "symbol_origin": "none" }, "geometry": { "type": "Polygon", "coordinates": [ [ [ 22.961619, 40.622332 ], [ 22.961481, 40.622278 ], [ 22.961459, 40.62231 ], [ 22.961444, 40.622304 ], [ 22.961417, 40.622343 ], [ 22.961428, 40.622347 ], [ 22.961401, 40.622388 ], [ 22.961541, 40.622443 ], [ 22.961564, 40.622408 ], [ 22.961583, 40.622416 ], [ 22.961612, 40.622374 ], [ 22.961595, 40.622368 ], [ 22.961619, 40.622332 ] ] ] } },
{ "type": "Feature", "properties": { "culture_type": "Culture", "culture_subtype": "Museum", "culture_source": "culture_polygons", "path": "D:\\30.10\\datagis\\museum2100.shp", "name": "Μουσείο Βυζαντινού Πολιτισμού", "name_el": "Μουσείο Βυζαντινού Πολιτισμού", "name_en": "Museum of Byzantine Culture", "amenity": null, "tourism": "museum", "historic": null, "religion": null, "museum": "history", "theatre_ty": null, "library_ty": null, "symbol_origin": "none" }, "geometry": { "type": "Polygon", "coordinates": [ [ [ 22.95462, 40.62434 ], [ 22.954878, 40.624449 ], [ 22.95492, 40.624393 ], [ 22.954934, 40.624399 ], [ 22.954952, 40.624407 ], [ 22.954922, 40.624448 ], [ 22.955038, 40.624497 ], [ 22.955058, 40.62447 ], [ 22.955187, 40.624525 ], [ 22.955261, 40.624425 ], [ 22.955219, 40.624407 ], [ 22.955587, 40.623904 ], [ 22.955526, 40.623878 ], [ 22.955558, 40.623835 ], [ 22.955616, 40.623755 ], [ 22.955596, 40.623746 ], [ 22.955484, 40.623699 ], [ 22.95545, 40.623744 ], [ 22.955201, 40.62364 ], [ 22.955126, 40.623743 ], [ 22.954921, 40.623656 ], [ 22.954837, 40.62377 ], [ 22.954707, 40.623715 ], [ 22.954559, 40.623917 ], [ 22.954686, 40.623971 ], [ 22.954624, 40.624057 ], [ 22.954582, 40.624039 ], [ 22.954506, 40.624143 ], [ 22.954703, 40.624226 ], [ 22.95462, 40.62434 ] ], [ [ 22.955234, 40.623834 ], [ 22.955375, 40.62389 ], [ 22.95533, 40.623955 ], [ 22.955258, 40.623926 ], [ 22.955227, 40.623971 ], [ 22.955158, 40.623943 ], [ 22.955234, 40.623834 ] ], [ [ 22.954736, 40.623991 ], [ 22.954797, 40.623908 ], [ 22.954913, 40.623957 ], [ 22.954852, 40.62404 ], [ 22.954736, 40.623991 ] ], [ [ 22.954996, 40.624287 ], [ 22.955125, 40.6241 ], [ 22.955299, 40.624169 ], [ 22.955169, 40.624356 ], [ 22.954996, 40.624287 ] ] ] } },
{ "type": "Feature", "properties": { "culture_type": "Culture", "culture_subtype": "Museum", "culture_source": "culture_polygons", "path": "D:\\30.10\\datagis\\museum2100.shp", "name": "Πολεμικό Μουσείο", "name_el": "Πολεμικό Μουσείο", "name_en": "War Museum of Thessaloniki", "amenity": null, "tourism": "museum", "historic": null, "religion": null, "museum": "military", "theatre_ty": null, "library_ty": null, "symbol_origin": "none" }, "geometry": { "type": "Polygon", "coordinates": [ [ [ 22.959471, 40.62475 ], [ 22.959635, 40.624389 ], [ 22.959644, 40.624391 ], [ 22.959689, 40.624294 ], [ 22.959678, 40.624292 ], [ 22.959842, 40.623932 ], [ 22.95967, 40.623887 ], [ 22.959501, 40.624258 ], [ 22.959488, 40.624253 ], [ 22.959446, 40.624336 ], [ 22.959462, 40.624342 ], [ 22.959296, 40.624704 ], [ 22.959471, 40.62475 ] ] ] } },
{ "type": "Feature", "properties": { "culture_type": "Culture", "culture_subtype": "Theatre", "culture_source": "culture_polygons", "path": "D:\\30.10\\datagis\\theatre2100.shp", "name": null, "name_el": null, "name_en": null, "amenity": "theatre", "tourism": null, "historic": null, "religion": null, "museum": null, "theatre_ty": "amphi", "library_ty": null, "symbol_origin": "none" }, "geometry": { "type": "Polygon", "coordinates": [ [ [ 22.951967, 40.614042 ], [ 22.951937, 40.614003 ], [ 22.951891, 40.613972 ], [ 22.951835, 40.613954 ], [ 22.951774, 40.613951 ], [ 22.951715, 40.613963 ], [ 22.951664, 40.613988 ], [ 22.951633, 40.614019 ], [ 22.951867, 40.614224 ], [ 22.951903, 40.614208 ], [ 22.951946, 40.614175 ], [ 22.951972, 40.614134 ], [ 22.95198, 40.614088 ], [ 22.951967, 40.614042 ] ] ] } },
{ "type": "Feature", "properties": { "culture_type": "Culture", "culture_subtype": "Theatre", "culture_source": "culture_polygons", "path": "D:\\30.10\\datagis\\theatre2100.shp", "name": "Βασιλικό Θέατρο", "name_el": "Βασιλικό Θέατρο", "name_en": "Royal Theatre", "amenity": "theatre", "tourism": null, "historic": null, "religion": null, "museum": null, "theatre_ty": null, "library_ty": null, "symbol_origin": "none" }, "geometry": { "type": "Polygon", "coordinates": [ [ [ 22.949283, 40.624779 ], [ 22.948979, 40.624994 ], [ 22.949252, 40.625217 ], [ 22.949165, 40.625279 ], [ 22.949543, 40.625588 ], [ 22.949929, 40.625315 ], [ 22.94956, 40.625015 ], [ 22.94961, 40.62498 ], [ 22.949473, 40.624868 ], [ 22.94943, 40.624899 ], [ 22.949283, 40.624779 ] ] ] } },
{ "type": "Feature", "properties": { "culture_type": "Culture", "culture_subtype": "Theatre", "culture_source": "culture_polygons", "path": "D:\\30.10\\datagis\\theatre2100.shp", "name": "Δημοτικό Θέατρο Κήπου", "name_el": "Δημοτικό Θέατρο Κήπου", "name_en": null, "amenity": "theatre", "tourism": null, "historic": null, "religion": null, "museum": null, "theatre_ty": null, "library_ty": null, "symbol_origin": "none" }, "geometry": { "type": "Polygon", "coordinates": [ [ [ 22.951485, 40.626109 ], [ 22.951524, 40.626111 ], [ 22.951564, 40.626107 ], [ 22.951597, 40.626101 ], [ 22.951637, 40.62609 ], [ 22.951683, 40.62607 ], [ 22.951716, 40.626043 ], [ 22.951751, 40.626005 ], [ 22.951773, 40.625963 ], [ 22.951781, 40.625918 ], [ 22.951774, 40.625872 ], [ 22.951754, 40.625829 ], [ 22.95172, 40.625791 ], [ 22.951694, 40.625774 ], [ 22.951729, 40.625742 ], [ 22.951698, 40.625727 ], [ 22.951665, 40.625712 ], [ 22.951629, 40.6257 ], [ 22.951587, 40.625694 ], [ 22.951543, 40.625692 ], [ 22.951502, 40.625695 ], [ 22.951461, 40.625702 ], [ 22.951436, 40.625708 ], [ 22.951409, 40.625715 ], [ 22.951472, 40.625819 ], [ 22.951519, 40.625811 ], [ 22.951565, 40.625816 ], [ 22.951601, 40.625831 ], [ 22.951624, 40.625848 ], [ 22.951637, 40.625867 ], [ 22.951643, 40.625886 ], [ 22.951645, 40.625902 ], [ 22.951643, 40.625924 ], [ 22.951629, 40.62595 ], [ 22.951598, 40.625978 ], [ 22.95156, 40.625995 ], [ 22.95151, 40.625998 ], [ 22.951455, 40.625989 ], [ 22.95141, 40.626094 ], [ 22.951485, 40.626109 ] ] ] } },
{ "type": "Feature", "properties": { "culture_type": "Culture", "culture_subtype": "Castle / fortification", "culture_source": "culture_polygons", "path": "D:\\30.10\\datagis\\historic castle 2100.shp", "name": "Λευκός Πύργος", "name_el": "Λευκός Πύργος", "name_en": "White Tower of Thessaloniki", "amenity": null, "tourism": "attraction", "historic": "castle", "religion": null, "museum": null, "theatre_ty": null, "library_ty": null, "symbol_origin": "none" }, "geometry": { "type": "Polygon", "coordinates": [ [ [ 22.94846, 40.62641 ], [ 22.948469, 40.626405 ], [ 22.948477, 40.626399 ], [ 22.948485, 40.626392 ], [ 22.948492, 40.626385 ], [ 22.948498, 40.626378 ], [ 22.948503, 40.62637 ], [ 22.948508, 40.626362 ], [ 22.948511, 40.626354 ], [ 22.948513, 40.626345 ], [ 22.948515, 40.626337 ], [ 22.948516, 40.626328 ], [ 22.948515, 40.626319 ], [ 22.948514, 40.626311 ], [ 22.948512, 40.626302 ], [ 22.948508, 40.626294 ], [ 22.948504, 40.626286 ], [ 22.948499, 40.626278 ], [ 22.948493, 40.62627 ], [ 22.948486, 40.626263 ], [ 22.948479, 40.626257 ], [ 22.948471, 40.626251 ], [ 22.948462, 40.626245 ], [ 22.948452, 40.62624 ], [ 22.948442, 40.626236 ], [ 22.948432, 40.626232 ], [ 22.948421, 40.626229 ], [ 22.94841, 40.626227 ], [ 22.948399, 40.626226 ], [ 22.948387, 40.626225 ], [ 22.948376, 40.626225 ], [ 22.948364, 40.626225 ], [ 22.948353, 40.626227 ], [ 22.948342, 40.626229 ], [ 22.948331, 40.626232 ], [ 22.948321, 40.626235 ], [ 22.948311, 40.626239 ], [ 22.948301, 40.626244 ], [ 22.948292, 40.62625 ], [ 22.948284, 40.626255 ], [ 22.948276, 40.626262 ], [ 22.948269, 40.626269 ], [ 22.948263, 40.626276 ], [ 22.948258, 40.626284 ], [ 22.948253, 40.626292 ], [ 22.94825, 40.6263 ], [ 22.948247, 40.626309 ], [ 22.948246, 40.626318 ], [ 22.948245, 40.626326 ], [ 22.948246, 40.626335 ], [ 22.948247, 40.626344 ], [ 22.948249, 40.626352 ], [ 22.948253, 40.62636 ], [ 22.948257, 40.626369 ], [ 22.948262, 40.626376 ], [ 22.948268, 40.626384 ], [ 22.948274, 40.626391 ], [ 22.948282, 40.626398 ], [ 22.94829, 40.626404 ], [ 22.948299, 40.626409 ], [ 22.948308, 40.626414 ], [ 22.948318, 40.626418 ], [ 22.948329, 40.626422 ], [ 22.94834, 40.626425 ], [ 22.948351, 40.626427 ], [ 22.948362, 40.626429 ], [ 22.948373, 40.62643 ], [ 22.948385, 40.62643 ], [ 22.948396, 40.626429 ], [ 22.948408, 40.626428 ], [ 22.948419, 40.626426 ], [ 22.94843, 40.626423 ], [ 22.94844, 40.626419 ], [ 22.94845, 40.626415 ], [ 22.94846, 40.62641 ] ] ] } },
{ "type": "Feature", "properties": { "culture_type": "Culture", "culture_subtype": "Castle / fortification", "culture_source": "culture_polygons", "path": "D:\\30.10\\datagis\\historic site2100.shp", "name": "Λευκός Πύργος", "name_el": "Λευκός Πύργος", "name_en": "White Tower of Thessaloniki", "amenity": null, "tourism": "attraction", "historic": "castle", "religion": null, "museum": null, "theatre_ty": null, "library_ty": null, "symbol_origin": "none" }, "geometry": { "type": "Polygon", "coordinates": [ [ [ 22.94846, 40.62641 ], [ 22.948469, 40.626405 ], [ 22.948477, 40.626399 ], [ 22.948485, 40.626392 ], [ 22.948492, 40.626385 ], [ 22.948498, 40.626378 ], [ 22.948503, 40.62637 ], [ 22.948508, 40.626362 ], [ 22.948511, 40.626354 ], [ 22.948513, 40.626345 ], [ 22.948515, 40.626337 ], [ 22.948516, 40.626328 ], [ 22.948515, 40.626319 ], [ 22.948514, 40.626311 ], [ 22.948512, 40.626302 ], [ 22.948508, 40.626294 ], [ 22.948504, 40.626286 ], [ 22.948499, 40.626278 ], [ 22.948493, 40.62627 ], [ 22.948486, 40.626263 ], [ 22.948479, 40.626257 ], [ 22.948471, 40.626251 ], [ 22.948462, 40.626245 ], [ 22.948452, 40.62624 ], [ 22.948442, 40.626236 ], [ 22.948432, 40.626232 ], [ 22.948421, 40.626229 ], [ 22.94841, 40.626227 ], [ 22.948399, 40.626226 ], [ 22.948387, 40.626225 ], [ 22.948376, 40.626225 ], [ 22.948364, 40.626225 ], [ 22.948353, 40.626227 ], [ 22.948342, 40.626229 ], [ 22.948331, 40.626232 ], [ 22.948321, 40.626235 ], [ 22.948311, 40.626239 ], [ 22.948301, 40.626244 ], [ 22.948292, 40.62625 ], [ 22.948284, 40.626255 ], [ 22.948276, 40.626262 ], [ 22.948269, 40.626269 ], [ 22.948263, 40.626276 ], [ 22.948258, 40.626284 ], [ 22.948253, 40.626292 ], [ 22.94825, 40.6263 ], [ 22.948247, 40.626309 ], [ 22.948246, 40.626318 ], [ 22.948245, 40.626326 ], [ 22.948246, 40.626335 ], [ 22.948247, 40.626344 ], [ 22.948249, 40.626352 ], [ 22.948253, 40.62636 ], [ 22.948257, 40.626369 ], [ 22.948262, 40.626376 ], [ 22.948268, 40.626384 ], [ 22.948274, 40.626391 ], [ 22.948282, 40.626398 ], [ 22.94829, 40.626404 ], [ 22.948299, 40.626409 ], [ 22.948308, 40.626414 ], [ 22.948318, 40.626418 ], [ 22.948329, 40.626422 ], [ 22.94834, 40.626425 ], [ 22.948351, 40.626427 ], [ 22.948362, 40.626429 ], [ 22.948373, 40.62643 ], [ 22.948385, 40.62643 ], [ 22.948396, 40.626429 ], [ 22.948408, 40.626428 ], [ 22.948419, 40.626426 ], [ 22.94843, 40.626423 ], [ 22.94844, 40.626419 ], [ 22.94845, 40.626415 ], [ 22.94846, 40.62641 ] ] ] } },
{ "type": "Feature", "properties": { "culture_type": "Culture", "culture_subtype": "Theatre", "culture_source": "culture_polygons", "path": "D:\\30.10\\datagis\\theatre2100.shp", "name": "Κρατικό Θέατρο Βορείου Ελλάδος", "name_el": "Κρατικό Θέατρο Βορείου Ελλάδος", "name_en": "National Theatre of Northern Greece", "amenity": "theatre", "tourism": null, "historic": null, "religion": null, "museum": null, "theatre_ty": null, "library_ty": null, "symbol_origin": "none" }, "geometry": { "type": "Polygon", "coordinates": [ [ [ 22.949427, 40.626513 ], [ 22.949422, 40.626577 ], [ 22.949433, 40.626645 ], [ 22.949467, 40.626701 ], [ 22.94951, 40.626701 ], [ 22.949514, 40.626722 ], [ 22.949924, 40.62671 ], [ 22.949939, 40.626813 ], [ 22.950019, 40.626896 ], [ 22.950082, 40.626862 ], [ 22.950196, 40.6268 ], [ 22.950144, 40.626727 ], [ 22.950139, 40.62643 ], [ 22.949499, 40.626431 ], [ 22.949496, 40.626454 ], [ 22.949453, 40.626455 ], [ 22.949427, 40.626513 ] ] ] } },
{ "type": "Feature", "properties": { "culture_type": "Culture", "culture_subtype": "Religious heritage", "culture_source": "culture_polygons", "path": "D:\\30.10\\datagis\\religion 2100.shp", "name": "Αρμένικη Εκκλησία", "name_el": "Αρμένικη Εκκλησία", "name_en": "Armenian Church", "amenity": "place_of_worship", "tourism": null, "historic": null, "religion": "christian", "museum": null, "theatre_ty": null, "library_ty": null, "symbol_origin": "none" }, "geometry": { "type": "Polygon", "coordinates": [ [ [ 22.951709, 40.627699 ], [ 22.951742, 40.627723 ], [ 22.951806, 40.627713 ], [ 22.951975, 40.627627 ], [ 22.951895, 40.627536 ], [ 22.951603, 40.627684 ], [ 22.951634, 40.627719 ], [ 22.951709, 40.627699 ] ] ] } },
{ "type": "Feature", "properties": { "culture_type": "Culture", "culture_subtype": "Historic site", "culture_source": "culture_polygons", "path": "D:\\30.10\\datagis\\historic site2100.shp", "name": null, "name_el": null, "name_en": null, "amenity": null, "tourism": null, "historic": "archaeological_site", "religion": null, "museum": null, "theatre_ty": null, "library_ty": null, "symbol_origin": "none" }, "geometry": { "type": "Polygon", "coordinates": [ [ [ 22.95079, 40.628691 ], [ 22.95046, 40.628367 ], [ 22.950407, 40.628397 ], [ 22.950327, 40.628317 ], [ 22.950239, 40.628366 ], [ 22.95064, 40.628774 ], [ 22.95079, 40.628691 ] ] ] } },
{ "type": "Feature", "properties": { "culture_type": "Culture", "culture_subtype": "Religious heritage", "culture_source": "culture_polygons", "path": "D:\\30.10\\datagis\\religion 2100.shp", "name": "Ναός Νέας Παναγίας", "name_el": "Ναός Νέας Παναγίας", "name_en": null, "amenity": "place_of_worship", "tourism": null, "historic": null, "religion": "christian", "museum": null, "theatre_ty": null, "library_ty": null, "symbol_origin": "none" }, "geometry": { "type": "Polygon", "coordinates": [ [ [ 22.948885, 40.628633 ], [ 22.948772, 40.628508 ], [ 22.948677, 40.628558 ], [ 22.948489, 40.628655 ], [ 22.948602, 40.62878 ], [ 22.948885, 40.628633 ] ] ] } },
{ "type": "Feature", "properties": { "culture_type": "Culture", "culture_subtype": "Religious heritage", "culture_source": "culture_polygons", "path": "D:\\30.10\\datagis\\religion 2100.shp", "name": "Ναός Αγίων Κωνσταντίνου και Ελένης", "name_el": "Ναός Αγίων Κωνσταντίνου και Ελένης", "name_en": "Saints Constantine and Helen church", "amenity": "place_of_worship", "tourism": null, "historic": null, "religion": "christian", "museum": null, "theatre_ty": null, "library_ty": null, "symbol_origin": "none" }, "geometry": { "type": "Polygon", "coordinates": [ [ [ 22.950701, 40.629226 ], [ 22.950782, 40.629183 ], [ 22.950757, 40.629156 ], [ 22.950748, 40.629145 ], [ 22.950697, 40.62909 ], [ 22.950672, 40.629063 ], [ 22.950588, 40.629107 ], [ 22.950511, 40.629148 ], [ 22.950409, 40.629201 ], [ 22.950373, 40.62922 ], [ 22.950398, 40.629248 ], [ 22.950458, 40.629313 ], [ 22.950483, 40.629341 ], [ 22.950517, 40.629322 ], [ 22.950624, 40.629266 ], [ 22.950701, 40.629226 ] ] ] } },
{ "type": "Feature", "properties": { "culture_type": "Culture", "culture_subtype": "Religious heritage", "culture_source": "culture_polygons", "path": "D:\\30.10\\datagis\\religion 2100.shp", "name": "Μεταμόρφωση του Σωτήρος", "name_el": "Μεταμόρφωση του Σωτήρος", "name_en": null, "amenity": "place_of_worship", "tourism": null, "historic": null, "religion": "christian", "museum": null, "theatre_ty": null, "library_ty": null, "symbol_origin": "none" }, "geometry": { "type": "Polygon", "coordinates": [ [ [ 22.903602, 40.402335 ], [ 22.903614, 40.402411 ], [ 22.903821, 40.402393 ], [ 22.903809, 40.402316 ], [ 22.903602, 40.402335 ] ] ] } },
{ "type": "Feature", "properties": { "culture_type": "Culture", "culture_subtype": "Religious heritage", "culture_source": "culture_polygons", "path": "D:\\30.10\\datagis\\religion 2100.shp", "name": "Αγία Μαρίνα", "name_el": "Αγία Μαρίνα", "name_en": null, "amenity": "place_of_worship", "tourism": null, "historic": null, "religion": "christian", "museum": null, "theatre_ty": null, "library_ty": null, "symbol_origin": "none" }, "geometry": { "type": "Polygon", "coordinates": [ [ [ 22.89939, 40.405149 ], [ 22.899388, 40.405171 ], [ 22.899466, 40.405174 ], [ 22.899467, 40.405153 ], [ 22.899493, 40.405154 ], [ 22.899495, 40.405108 ], [ 22.899468, 40.405107 ], [ 22.899469, 40.40508 ], [ 22.899391, 40.405077 ], [ 22.899389, 40.405105 ], [ 22.899369, 40.405104 ], [ 22.899366, 40.405148 ], [ 22.89939, 40.405149 ] ] ] } },
{ "type": "Feature", "properties": { "culture_type": "Culture", "culture_subtype": "Religious heritage", "culture_source": "culture_polygons", "path": "D:\\30.10\\datagis\\religion 2100.shp", "name": "Ιερός Ναός Προφήτη Ηλία", "name_el": null, "name_en": null, "amenity": "place_of_worship", "tourism": null, "historic": null, "religion": "christian", "museum": null, "theatre_ty": null, "library_ty": null, "symbol_origin": "none" }, "geometry": { "type": "Polygon", "coordinates": [ [ [ 22.873594, 40.444742 ], [ 22.873551, 40.444678 ], [ 22.873462, 40.444712 ], [ 22.873504, 40.444776 ], [ 22.873594, 40.444742 ] ] ] } },
{ "type": "Feature", "properties": { "culture_type": "Culture", "culture_subtype": "Religious heritage", "culture_source": "culture_polygons", "path": "D:\\30.10\\datagis\\religion 2100.shp", "name": "Αγία Κυριακή", "name_el": "Αγία Κυριακή", "name_en": null, "amenity": "place_of_worship", "tourism": null, "historic": null, "religion": "christian", "museum": null, "theatre_ty": null, "library_ty": null, "symbol_origin": "none" }, "geometry": { "type": "Polygon", "coordinates": [ [ [ 22.865588, 40.446873 ], [ 22.865583, 40.446896 ], [ 22.865667, 40.446905 ], [ 22.865688, 40.446798 ], [ 22.865607, 40.446789 ], [ 22.865602, 40.446814 ], [ 22.865545, 40.446807 ], [ 22.865533, 40.446867 ], [ 22.865588, 40.446873 ] ] ] } },
{ "type": "Feature", "properties": { "culture_type": "Culture", "culture_subtype": "Religious heritage", "culture_source": "culture_polygons", "path": "D:\\30.10\\datagis\\religion 2100.shp", "name": "Ιερός Ναός Αγίου Νικολάου", "name_el": null, "name_en": null, "amenity": "place_of_worship", "tourism": null, "historic": null, "religion": "christian", "museum": null, "theatre_ty": null, "library_ty": null, "symbol_origin": "none" }, "geometry": { "type": "Polygon", "coordinates": [ [ [ 22.858286, 40.463348 ], [ 22.858418, 40.463235 ], [ 22.858324, 40.46317 ], [ 22.858191, 40.463283 ], [ 22.858286, 40.463348 ] ] ] } },
{ "type": "Feature", "properties": { "culture_type": "Culture", "culture_subtype": "Religious heritage", "culture_source": "culture_polygons", "path": "D:\\30.10\\datagis\\religion 2100.shp", "name": null, "name_el": null, "name_en": null, "amenity": "place_of_worship", "tourism": null, "historic": null, "religion": "christian", "museum": null, "theatre_ty": null, "library_ty": null, "symbol_origin": "none" }, "geometry": { "type": "Polygon", "coordinates": [ [ [ 22.872355, 40.46368 ], [ 22.872483, 40.463688 ], [ 22.872492, 40.463609 ], [ 22.872364, 40.4636 ], [ 22.872355, 40.46368 ] ] ] } },
{ "type": "Feature", "properties": { "culture_type": "Culture", "culture_subtype": "Religious heritage", "culture_source": "culture_polygons", "path": "D:\\30.10\\datagis\\religion 2100.shp", "name": "Ι.Ν. Παναγίας Φανερωμένης", "name_el": null, "name_en": null, "amenity": "place_of_worship", "tourism": null, "historic": null, "religion": "christian", "museum": null, "theatre_ty": null, "library_ty": null, "symbol_origin": "none" }, "geometry": { "type": "Polygon", "coordinates": [ [ [ 22.861787, 40.464553 ], [ 22.861813, 40.464546 ], [ 22.861823, 40.464522 ], [ 22.861806, 40.464504 ], [ 22.861784, 40.464496 ], [ 22.861787, 40.464424 ], [ 22.861566, 40.46442 ], [ 22.861567, 40.464361 ], [ 22.86148, 40.464359 ], [ 22.861453, 40.464359 ], [ 22.861445, 40.464622 ], [ 22.861785, 40.464627 ], [ 22.861787, 40.464553 ] ] ] } },
{ "type": "Feature", "properties": { "culture_type": "Culture", "culture_subtype": "Religious heritage", "culture_source": "culture_polygons", "path": "D:\\30.10\\datagis\\religion 2100.shp", "name": "Ναός Ταξιαρχών", "name_el": "Ναός Ταξιαρχών", "name_en": "Archangels Church", "amenity": "place_of_worship", "tourism": null, "historic": null, "religion": "christian", "museum": null, "theatre_ty": null, "library_ty": null, "symbol_origin": "none" }, "geometry": { "type": "Polygon", "coordinates": [ [ [ 22.868164, 40.473896 ], [ 22.868444, 40.473917 ], [ 22.868458, 40.473809 ], [ 22.868178, 40.473789 ], [ 22.868164, 40.473896 ] ] ] } },
{ "type": "Feature", "properties": { "culture_type": "Culture", "culture_subtype": "Historic site", "culture_source": "culture_polygons", "path": "D:\\30.10\\datagis\\historic site2100.shp", "name": "Αίνεια", "name_el": "Αίνεια", "name_en": null, "amenity": null, "tourism": null, "historic": "archaeological_site", "religion": null, "museum": null, "theatre_ty": null, "library_ty": null, "symbol_origin": "none" }, "geometry": { "type": "Polygon", "coordinates": [ [ [ 22.832388, 40.475615 ], [ 22.83251, 40.475954 ], [ 22.832956, 40.476205 ], [ 22.834069, 40.476563 ], [ 22.834842, 40.47653 ], [ 22.835296, 40.476661 ], [ 22.835794, 40.476876 ], [ 22.836409, 40.476816 ], [ 22.836358, 40.475307 ], [ 22.83628, 40.473906 ], [ 22.835531, 40.474058 ], [ 22.835296, 40.474175 ], [ 22.832729, 40.474461 ], [ 22.832388, 40.475615 ] ] ] } },
{ "type": "Feature", "properties": { "culture_type": "Culture", "culture_subtype": "Religious heritage", "culture_source": "culture_polygons", "path": "D:\\30.10\\datagis\\religion 2100.shp", "name": "Παρεκκλήσι Αγίων Αποστόλων & Ιωάννου του Ρώσου", "name_el": null, "name_en": null, "amenity": "place_of_worship", "tourism": null, "historic": null, "religion": "christian", "museum": null, "theatre_ty": null, "library_ty": null, "symbol_origin": "none" }, "geometry": { "type": "Polygon", "coordinates": [ [ [ 22.819181, 40.495211 ], [ 22.819196, 40.495107 ], [ 22.819026, 40.495093 ], [ 22.819011, 40.495197 ], [ 22.819181, 40.495211 ] ] ] } },
{ "type": "Feature", "properties": { "culture_type": "Culture", "culture_subtype": "Religious heritage", "culture_source": "culture_polygons", "path": "D:\\30.10\\datagis\\religion 2100.shp", "name": "Άγιος Παντελεήμονας", "name_el": null, "name_en": null, "amenity": "place_of_worship", "tourism": null, "historic": null, "religion": "christian", "museum": null, "theatre_ty": null, "library_ty": null, "symbol_origin": "none" }, "geometry": { "type": "Polygon", "coordinates": [ [ [ 22.936464, 40.407764 ], [ 22.936535, 40.407772 ], [ 22.936683, 40.407603 ], [ 22.936644, 40.407445 ], [ 22.936496, 40.407712 ], [ 22.936464, 40.407764 ] ] ] } },
{ "type": "Feature", "properties": { "culture_type": "Culture", "culture_subtype": "Religious heritage", "culture_source": "culture_polygons", "path": "D:\\30.10\\datagis\\religion 2100.shp", "name": "Παρεκκλήσι Αγίων Αναργύρων", "name_el": null, "name_en": null, "amenity": "place_of_worship", "tourism": null, "historic": null, "religion": "christian", "museum": null, "theatre_ty": null, "library_ty": null, "symbol_origin": "none" }, "geometry": { "type": "Polygon", "coordinates": [ [ [ 22.926978, 40.420308 ], [ 22.926872, 40.420287 ], [ 22.926858, 40.420329 ], [ 22.926964, 40.42035 ], [ 22.926978, 40.420308 ] ] ] } },
{ "type": "Feature", "properties": { "culture_type": "Culture", "culture_subtype": "Religious heritage", "culture_source": "culture_polygons", "path": "D:\\30.10\\datagis\\religion 2100.shp", "name": "Παλιός Ναός Αγίου Γεωργίου", "name_el": null, "name_en": null, "amenity": "place_of_worship", "tourism": null, "historic": null, "religion": "christian", "museum": null, "theatre_ty": null, "library_ty": null, "symbol_origin": "none" }, "geometry": { "type": "Polygon", "coordinates": [ [ [ 22.929629, 40.426076 ], [ 22.929657, 40.425963 ], [ 22.929363, 40.425922 ], [ 22.929336, 40.426035 ], [ 22.929629, 40.426076 ] ] ] } },
{ "type": "Feature", "properties": { "culture_type": "Culture", "culture_subtype": "Religious heritage", "culture_source": "culture_polygons", "path": "D:\\30.10\\datagis\\religion 2100.shp", "name": "Άγιος Γεώργιος", "name_el": "Άγιος Γεώργιος", "name_en": "Saint George", "amenity": "place_of_worship", "tourism": null, "historic": null, "religion": "christian", "museum": null, "theatre_ty": null, "library_ty": null, "symbol_origin": "none" }, "geometry": { "type": "Polygon", "coordinates": [ [ [ 22.92948, 40.426311 ], [ 22.929542, 40.426217 ], [ 22.929518, 40.426208 ], [ 22.929548, 40.426162 ], [ 22.929177, 40.426022 ], [ 22.929085, 40.426162 ], [ 22.92948, 40.426311 ] ] ] } },
{ "type": "Feature", "properties": { "culture_type": "Culture", "culture_subtype": "Religious heritage", "culture_source": "culture_polygons", "path": "D:\\30.10\\datagis\\religion 2100.shp", "name": "Κοίμηση της Θεοτόκου", "name_el": "Κοίμηση της Θεοτόκου", "name_en": "Dormition of the Mother of God", "amenity": "place_of_worship", "tourism": null, "historic": null, "religion": "christian", "museum": null, "theatre_ty": null, "library_ty": null, "symbol_origin": "none" }, "geometry": { "type": "Polygon", "coordinates": [ [ [ 22.927162, 40.428518 ], [ 22.927142, 40.428399 ], [ 22.926825, 40.428431 ], [ 22.926846, 40.42855 ], [ 22.927162, 40.428518 ] ] ] } },
{ "type": "Feature", "properties": { "culture_type": "Culture", "culture_subtype": "Religious heritage", "culture_source": "culture_polygons", "path": "D:\\30.10\\datagis\\religion 2100.shp", "name": null, "name_el": null, "name_en": null, "amenity": "place_of_worship", "tourism": null, "historic": null, "religion": "christian", "museum": null, "theatre_ty": null, "library_ty": null, "symbol_origin": "none" }, "geometry": { "type": "Polygon", "coordinates": [ [ [ 22.932706, 40.429075 ], [ 22.932712, 40.428974 ], [ 22.932516, 40.428968 ], [ 22.932511, 40.429068 ], [ 22.932706, 40.429075 ] ] ] } },
{ "type": "Feature", "properties": { "culture_type": "Culture", "culture_subtype": "Religious heritage", "culture_source": "culture_polygons", "path": "D:\\30.10\\datagis\\religion 2100.shp", "name": "Ι.Π.Ν. Αγ. Αργυρίου του Επανομίτου", "name_el": "Άγιος Αργύριος Επανομίτης", "name_en": "Saint Argyrios Epanomitis", "amenity": "place_of_worship", "tourism": null, "historic": null, "religion": "christian", "museum": null, "theatre_ty": null, "library_ty": null, "symbol_origin": "none" }, "geometry": { "type": "Polygon", "coordinates": [ [ [ 22.929438, 40.430881 ], [ 22.929438, 40.431201 ], [ 22.929891, 40.431204 ], [ 22.929897, 40.430874 ], [ 22.929438, 40.430881 ] ] ] } },
{ "type": "Feature", "properties": { "culture_type": "Culture", "culture_subtype": "Religious heritage", "culture_source": "culture_polygons", "path": "D:\\30.10\\datagis\\religion 2100.shp", "name": "Ι.Ν. Μεταμορφώσεως του Σωτήρος (Άνω Περαία)", "name_el": null, "name_en": null, "amenity": "place_of_worship", "tourism": null, "historic": null, "religion": "christian", "museum": null, "theatre_ty": null, "library_ty": null, "symbol_origin": "none" }, "geometry": { "type": "Polygon", "coordinates": [ [ [ 22.926207, 40.498261 ], [ 22.926742, 40.498303 ], [ 22.926786, 40.498056 ], [ 22.92625, 40.498017 ], [ 22.926207, 40.498261 ] ] ] } },
{ "type": "Feature", "properties": { "culture_type": "Culture", "culture_subtype": "Religious heritage", "culture_source": "culture_polygons", "path": "D:\\30.10\\datagis\\religion 2100.shp", "name": "Ι.Ν. Αγ. Αποστόλων Πέτρου & Παύλου", "name_el": null, "name_en": null, "amenity": "place_of_worship", "tourism": null, "historic": null, "religion": "christian", "museum": null, "theatre_ty": null, "library_ty": null, "symbol_origin": "none" }, "geometry": { "type": "Polygon", "coordinates": [ [ [ 22.927899, 40.50745 ], [ 22.928657, 40.507555 ], [ 22.928718, 40.507234 ], [ 22.927979, 40.507075 ], [ 22.927899, 40.50745 ] ] ] } },
{ "type": "Feature", "properties": { "culture_type": "Culture", "culture_subtype": "Religious heritage", "culture_source": "culture_polygons", "path": "D:\\30.10\\datagis\\religion 2100.shp", "name": "Παρεκκλήσι Αγ. Αλεξάνδρου", "name_el": null, "name_en": null, "amenity": "place_of_worship", "tourism": null, "historic": null, "religion": "christian", "museum": null, "theatre_ty": null, "library_ty": null, "symbol_origin": "none" }, "geometry": { "type": "Polygon", "coordinates": [ [ [ 22.942625, 40.581292 ], [ 22.942742, 40.581081 ], [ 22.942544, 40.580987 ], [ 22.942348, 40.580955 ], [ 22.942323, 40.581065 ], [ 22.942289, 40.581212 ], [ 22.942625, 40.581292 ] ] ] } },
{ "type": "Feature", "properties": { "culture_type": "Culture", "culture_subtype": "Religious heritage", "culture_source": "culture_polygons", "path": "D:\\30.10\\datagis\\religion 2100.shp", "name": "Άγιος Διονύσιος", "name_el": "Άγιος Διονύσιος", "name_en": null, "amenity": "place_of_worship", "tourism": null, "historic": null, "religion": "christian", "museum": null, "theatre_ty": null, "library_ty": null, "symbol_origin": "none" }, "geometry": { "type": "Polygon", "coordinates": [ [ [ 22.893234, 40.496113 ], [ 22.893235, 40.496056 ], [ 22.893039, 40.496054 ], [ 22.893038, 40.496111 ], [ 22.893234, 40.496113 ] ] ] } },
{ "type": "Feature", "properties": { "culture_type": "Culture", "culture_subtype": "Religious heritage", "culture_source": "culture_polygons", "path": "D:\\30.10\\datagis\\religion 2100.shp", "name": "Ι.Ν. Αγ. Νικολάου (Αγγελοχώρι)", "name_el": null, "name_en": null, "amenity": "place_of_worship", "tourism": null, "historic": null, "religion": "christian", "museum": null, "theatre_ty": null, "library_ty": null, "symbol_origin": "none" }, "geometry": { "type": "Polygon", "coordinates": [ [ [ 22.835327, 40.498199 ], [ 22.83539, 40.49795 ], [ 22.835418, 40.497835 ], [ 22.835197, 40.497802 ], [ 22.834748, 40.49774 ], [ 22.834671, 40.498114 ], [ 22.835327, 40.498199 ] ] ] } },
{ "type": "Feature", "properties": { "culture_type": "Culture", "culture_subtype": "Religious heritage", "culture_source": "culture_polygons", "path": "D:\\30.10\\datagis\\religion 2100.shp", "name": "Ι.Ν. Οσίας Παρασκευής της Επιβατινής", "name_el": null, "name_en": null, "amenity": "place_of_worship", "tourism": null, "historic": null, "religion": "christian", "museum": null, "theatre_ty": null, "library_ty": null, "symbol_origin": "none" }, "geometry": { "type": "Polygon", "coordinates": [ [ [ 22.910507, 40.500506 ], [ 22.910955, 40.500021 ], [ 22.909966, 40.49993 ], [ 22.909447, 40.500462 ], [ 22.910507, 40.500506 ] ] ] } },
{ "type": "Feature", "properties": { "culture_type": "Culture", "culture_subtype": "Religious heritage", "culture_source": "culture_polygons", "path": "D:\\30.10\\datagis\\religion 2100.shp", "name": "Ι.Ν. Αγίας Τριάδος (Ακτή)", "name_el": null, "name_en": null, "amenity": "place_of_worship", "tourism": null, "historic": null, "religion": "christian", "museum": null, "theatre_ty": null, "library_ty": null, "symbol_origin": "none" }, "geometry": { "type": "Polygon", "coordinates": [ [ [ 22.877655, 40.499951 ], [ 22.8771, 40.499938 ], [ 22.877085, 40.500232 ], [ 22.877634, 40.500248 ], [ 22.877655, 40.499951 ] ] ] } },
{ "type": "Feature", "properties": { "culture_type": "Culture", "culture_subtype": "Religious heritage", "culture_source": "culture_polygons", "path": "D:\\30.10\\datagis\\religion 2100.shp", "name": null, "name_el": null, "name_en": null, "amenity": "place_of_worship", "tourism": null, "historic": null, "religion": "christian", "museum": null, "theatre_ty": null, "library_ty": null, "symbol_origin": "none" }, "geometry": { "type": "Polygon", "coordinates": [ [ [ 22.683594, 40.529396 ], [ 22.683595, 40.52933 ], [ 22.683454, 40.529329 ], [ 22.683453, 40.529395 ], [ 22.683594, 40.529396 ] ] ] } },
{ "type": "Feature", "properties": { "culture_type": "Culture", "culture_subtype": "Religious heritage", "culture_source": "culture_polygons", "path": "D:\\30.10\\datagis\\religion 2100.shp", "name": "Άγιος Νικόλαος Δέλτα Αξιού", "name_el": null, "name_en": null, "amenity": "place_of_worship", "tourism": null, "historic": null, "religion": "christian", "museum": null, "theatre_ty": null, "library_ty": null, "symbol_origin": "none" }, "geometry": { "type": "Polygon", "coordinates": [ [ [ 22.741764, 40.55908 ], [ 22.741772, 40.55906 ], [ 22.741824, 40.559081 ], [ 22.741956, 40.558917 ], [ 22.741861, 40.558877 ], [ 22.741788, 40.558965 ], [ 22.741708, 40.558932 ], [ 22.741644, 40.559031 ], [ 22.741764, 40.55908 ] ] ] } },
{ "type": "Feature", "properties": { "culture_type": "Culture", "culture_subtype": "Religious heritage", "culture_source": "culture_polygons", "path": "D:\\30.10\\datagis\\religion 2100.shp", "name": "Γενέσιον της Θεοτόκου", "name_el": null, "name_en": null, "amenity": "place_of_worship", "tourism": null, "historic": null, "religion": "christian", "museum": null, "theatre_ty": null, "library_ty": null, "symbol_origin": "none" }, "geometry": { "type": "Polygon", "coordinates": [ [ [ 22.683533, 40.609259 ], [ 22.683596, 40.609294 ], [ 22.683612, 40.60928 ], [ 22.683789, 40.609375 ], [ 22.683821, 40.609342 ], [ 22.683831, 40.609349 ], [ 22.683861, 40.609346 ], [ 22.683873, 40.609328 ], [ 22.683871, 40.609309 ], [ 22.683859, 40.609301 ], [ 22.683891, 40.60927 ], [ 22.683654, 40.609139 ], [ 22.683613, 40.609176 ], [ 22.683588, 40.609163 ], [ 22.683562, 40.609191 ], [ 22.683584, 40.609204 ], [ 22.683546, 40.609248 ], [ 22.683533, 40.609259 ] ] ] } },
{ "type": "Feature", "properties": { "culture_type": "Culture", "culture_subtype": "Religious heritage", "culture_source": "culture_polygons", "path": "D:\\30.10\\datagis\\religion 2100.shp", "name": null, "name_el": null, "name_en": null, "amenity": "place_of_worship", "tourism": null, "historic": null, "religion": "christian", "museum": null, "theatre_ty": null, "library_ty": null, "symbol_origin": "none" }, "geometry": { "type": "Polygon", "coordinates": [ [ [ 22.732908, 40.622921 ], [ 22.732992, 40.622699 ], [ 22.732645, 40.622627 ], [ 22.73256, 40.622837 ], [ 22.732908, 40.622921 ] ] ] } },
{ "type": "Feature", "properties": { "culture_type": "Culture", "culture_subtype": "Museum", "culture_source": "culture_polygons", "path": "D:\\30.10\\datagis\\museum2100.shp", "name": "Μουσείο Ύδρευσης Θεσσαλονίκης", "name_el": "Μουσείο Ύδρευσης Θεσσαλονίκης", "name_en": "Water Supply Museum", "amenity": null, "tourism": "museum", "historic": null, "religion": null, "museum": "technology", "theatre_ty": null, "library_ty": null, "symbol_origin": "none" }, "geometry": { "type": "Polygon", "coordinates": [ [ [ 22.913241, 40.642466 ], [ 22.914221, 40.642159 ], [ 22.913773, 40.64116 ], [ 22.912582, 40.641273 ], [ 22.913241, 40.642466 ] ] ] } },
{ "type": "Feature", "properties": { "culture_type": "Culture", "culture_subtype": "Religious heritage", "culture_source": "culture_polygons", "path": "D:\\30.10\\datagis\\religion 2100.shp", "name": null, "name_el": null, "name_en": null, "amenity": "place_of_worship", "tourism": null, "historic": null, "religion": "christian", "museum": null, "theatre_ty": null, "library_ty": null, "symbol_origin": "none" }, "geometry": { "type": "Polygon", "coordinates": [ [ [ 22.856733, 40.6418 ], [ 22.857119, 40.641841 ], [ 22.857161, 40.641616 ], [ 22.856774, 40.641575 ], [ 22.856733, 40.6418 ] ] ] } },
{ "type": "Feature", "properties": { "culture_type": "Culture", "culture_subtype": "Religious heritage", "culture_source": "culture_polygons", "path": "D:\\30.10\\datagis\\religion 2100.shp", "name": "Άγιος Αντώνιος", "name_el": null, "name_en": null, "amenity": "place_of_worship", "tourism": null, "historic": null, "religion": "christian", "museum": null, "theatre_ty": null, "library_ty": null, "symbol_origin": "none" }, "geometry": { "type": "Polygon", "coordinates": [ [ [ 22.951497, 40.629805 ], [ 22.951468, 40.629775 ], [ 22.951469, 40.629767 ], [ 22.951466, 40.629759 ], [ 22.95146, 40.629753 ], [ 22.951452, 40.629748 ], [ 22.951441, 40.629746 ], [ 22.951408, 40.629712 ], [ 22.951233, 40.629808 ], [ 22.95121, 40.62982 ], [ 22.951279, 40.629893 ], [ 22.951301, 40.62988 ], [ 22.951321, 40.629901 ], [ 22.951497, 40.629805 ] ] ] } },
{ "type": "Feature", "properties": { "culture_type": "Culture", "culture_subtype": "Library", "culture_source": "culture_polygons", "path": "D:\\30.10\\datagis\\library 2100.shp", "name": "Κεντρική Δημοτική Βιβλιοθήκη Θεσσαλονίκης", "name_el": "Κεντρική Δημοτική Βιβλιοθήκη Θεσσαλονίκης", "name_en": "Central Municipal Library of Thessaloniki", "amenity": "library", "tourism": null, "historic": null, "religion": null, "museum": null, "theatre_ty": null, "library_ty": null, "symbol_origin": "none" }, "geometry": { "type": "Polygon", "coordinates": [ [ [ 22.952139, 40.629922 ], [ 22.952094, 40.629876 ], [ 22.952069, 40.62985 ], [ 22.952031, 40.629812 ], [ 22.951964, 40.629743 ], [ 22.951689, 40.629894 ], [ 22.951762, 40.62997 ], [ 22.95181, 40.63002 ], [ 22.951863, 40.630075 ], [ 22.952139, 40.629922 ] ] ] } },
{ "type": "Feature", "properties": { "culture_type": "Culture", "culture_subtype": "Historic site", "culture_source": "culture_polygons", "path": "D:\\30.10\\datagis\\historic site2100.shp", "name": "Ρωμαϊκό Ανάκτορο Γαλερίου", "name_el": "Ρωμαϊκό Ανάκτορο Γαλερίου", "name_en": "Roman Villa of Galerius", "amenity": null, "tourism": null, "historic": "archaeological_site", "religion": null, "museum": null, "theatre_ty": null, "library_ty": null, "symbol_origin": "none" }, "geometry": { "type": "Polygon", "coordinates": [ [ [ 22.949304, 40.630763 ], [ 22.950043, 40.630361 ], [ 22.949725, 40.630034 ], [ 22.949822, 40.629978 ], [ 22.949626, 40.629774 ], [ 22.949292, 40.629973 ], [ 22.949084, 40.630096 ], [ 22.948951, 40.629967 ], [ 22.948874, 40.630006 ], [ 22.948744, 40.629882 ], [ 22.94856, 40.629979 ], [ 22.948528, 40.630013 ], [ 22.948443, 40.630112 ], [ 22.948668, 40.630337 ], [ 22.948685, 40.630349 ], [ 22.948701, 40.630357 ], [ 22.948925, 40.630362 ], [ 22.949304, 40.630763 ] ] ] } },
{ "type": "Feature", "properties": { "culture_type": "Culture", "culture_subtype": "Religious heritage", "culture_source": "culture_polygons", "path": "D:\\30.10\\datagis\\religion 2100.shp", "name": "Μητροπολιτικός Ναός Αγίου Γρηγορίου Παλαμά", "name_el": "Μητροπολιτικός Ναός Αγίου Γρηγορίου Παλαμά", "name_en": "Grigorios Palamas Church (Metropolitan Church of Thessaloniki)", "amenity": "place_of_worship", "tourism": null, "historic": null, "religion": "christian", "museum": null, "theatre_ty": null, "library_ty": null, "symbol_origin": "none" }, "geometry": { "type": "Polygon", "coordinates": [ [ [ 22.944, 40.631052 ], [ 22.944024, 40.631034 ], [ 22.944054, 40.631056 ], [ 22.94413, 40.630997 ], [ 22.944138, 40.631003 ], [ 22.944216, 40.630944 ], [ 22.944207, 40.630937 ], [ 22.944286, 40.630877 ], [ 22.944259, 40.630856 ], [ 22.944278, 40.630842 ], [ 22.944234, 40.630808 ], [ 22.944238, 40.630804 ], [ 22.944239, 40.630801 ], [ 22.944241, 40.630796 ], [ 22.944241, 40.630793 ], [ 22.94424, 40.630788 ], [ 22.944239, 40.630785 ], [ 22.944237, 40.630781 ], [ 22.944231, 40.630775 ], [ 22.944222, 40.630771 ], [ 22.944212, 40.630769 ], [ 22.944205, 40.630769 ], [ 22.944196, 40.630771 ], [ 22.944191, 40.630773 ], [ 22.94419, 40.630775 ], [ 22.944152, 40.630746 ], [ 22.944131, 40.630762 ], [ 22.944099, 40.630738 ], [ 22.944023, 40.630797 ], [ 22.944013, 40.630789 ], [ 22.943935, 40.630847 ], [ 22.943946, 40.630856 ], [ 22.943867, 40.630917 ], [ 22.943897, 40.630939 ], [ 22.943874, 40.630956 ], [ 22.944, 40.631052 ] ] ] } },
{ "type": "Feature", "properties": { "culture_type": "Culture", "culture_subtype": "Historic site", "culture_source": "culture_polygons", "path": "D:\\30.10\\datagis\\historic site2100.shp", "name": "Αψιδική αίθουσα", "name_el": "Αψιδική αίθουσα", "name_en": "Apsidal Hall", "amenity": null, "tourism": null, "historic": "archaeological_site", "religion": null, "museum": null, "theatre_ty": null, "library_ty": null, "symbol_origin": "none" }, "geometry": { "type": "Polygon", "coordinates": [ [ [ 22.951027, 40.631263 ], [ 22.950941, 40.631173 ], [ 22.950961, 40.631162 ], [ 22.950769, 40.63096 ], [ 22.950748, 40.630971 ], [ 22.950672, 40.630891 ], [ 22.950581, 40.630941 ], [ 22.950595, 40.630956 ], [ 22.950564, 40.630973 ], [ 22.950903, 40.631331 ], [ 22.951027, 40.631263 ] ] ] } },
{ "type": "Feature", "properties": { "culture_type": "Culture", "culture_subtype": "Religious heritage", "culture_source": "culture_polygons", "path": "D:\\30.10\\datagis\\religion 2100.shp", "name": "Ιερός Ναός Υπαπαντής", "name_el": null, "name_en": null, "amenity": "place_of_worship", "tourism": null, "historic": null, "religion": "christian", "museum": null, "theatre_ty": null, "library_ty": null, "symbol_origin": "none" }, "geometry": { "type": "Polygon", "coordinates": [ [ [ 22.952049, 40.631586 ], [ 22.951924, 40.631451 ], [ 22.951672, 40.631586 ], [ 22.951797, 40.631721 ], [ 22.952049, 40.631586 ] ] ] } },
{ "type": "Feature", "properties": { "culture_type": "Culture", "culture_subtype": "Religious heritage", "culture_source": "culture_polygons", "path": "D:\\30.10\\datagis\\religion 2100.shp", "name": "Ναός Μεταμορφώσεως του Σωτήρος", "name_el": "Ναός Μεταμορφώσεως του Σωτήρος", "name_en": "Church of the Metamorphosis of the Sotir", "amenity": "place_of_worship", "tourism": null, "historic": "church", "religion": "christian", "museum": null, "theatre_ty": null, "library_ty": null, "symbol_origin": "none" }, "geometry": { "type": "Polygon", "coordinates": [ [ [ 22.950861, 40.632135 ], [ 22.950936, 40.632097 ], [ 22.950901, 40.632058 ], [ 22.950827, 40.632096 ], [ 22.950861, 40.632135 ] ] ] } },
{ "type": "Feature", "properties": { "culture_type": "Culture", "culture_subtype": "Historic monument", "culture_source": "culture_polygons", "path": "D:\\30.10\\datagis\\historic monument 2100.shp", "name": "Αψίδα Γαλερίου (Καμάρα)", "name_el": "Αψίδα Γαλερίου", "name_en": "Arch of Galerius", "amenity": null, "tourism": null, "historic": "monument", "religion": null, "museum": null, "theatre_ty": null, "library_ty": null, "symbol_origin": "none" }, "geometry": { "type": "Polygon", "coordinates": [ [ [ 22.951896, 40.632248 ], [ 22.951869, 40.63222 ], [ 22.951833, 40.632183 ], [ 22.95178, 40.632129 ], [ 22.951743, 40.63209 ], [ 22.951685, 40.632123 ], [ 22.951723, 40.632161 ], [ 22.951775, 40.632215 ], [ 22.951811, 40.632252 ], [ 22.951839, 40.63228 ], [ 22.951867, 40.632309 ], [ 22.951924, 40.632277 ], [ 22.951896, 40.632248 ] ] ] } },
{ "type": "Feature", "properties": { "culture_type": "Culture", "culture_subtype": "Religious heritage", "culture_source": "culture_polygons", "path": "D:\\30.10\\datagis\\religion 2100.shp", "name": "Βαπτιστήριο του Άγιου Ιωάννη του Προδρόμου", "name_el": "Βαπτιστήριο του Άγιου Ιωάννη του Προδρόμου", "name_en": "Baptistery of St. John the Baptist", "amenity": "place_of_worship", "tourism": null, "historic": "church", "religion": "christian", "museum": null, "theatre_ty": null, "library_ty": null, "symbol_origin": "none" }, "geometry": { "type": "Polygon", "coordinates": [ [ [ 22.947048, 40.632139 ], [ 22.946915, 40.632116 ], [ 22.946806, 40.632178 ], [ 22.946715, 40.632229 ], [ 22.946625, 40.63228 ], [ 22.946799, 40.63247 ], [ 22.946898, 40.63242 ], [ 22.946929, 40.632381 ], [ 22.947017, 40.632311 ], [ 22.947055, 40.632178 ], [ 22.947065, 40.632142 ], [ 22.947048, 40.632139 ] ] ] } },
{ "type": "Feature", "properties": { "culture_type": "Culture", "culture_subtype": "Religious heritage", "culture_source": "culture_polygons", "path": "D:\\30.10\\datagis\\religion 2100.shp", "name": "Ιερός Ναός Παναγούδας", "name_el": "Ιερός Ναός Παναγούδας", "name_en": "Panagouda Church", "amenity": "place_of_worship", "tourism": null, "historic": "church", "religion": "christian", "museum": null, "theatre_ty": null, "library_ty": null, "symbol_origin": "none" }, "geometry": { "type": "Polygon", "coordinates": [ [ [ 22.950053, 40.632429 ], [ 22.950185, 40.632386 ], [ 22.9503, 40.632323 ], [ 22.950302, 40.632319 ], [ 22.950303, 40.632314 ], [ 22.950302, 40.632309 ], [ 22.950299, 40.632305 ], [ 22.950294, 40.632302 ], [ 22.950288, 40.6323 ], [ 22.950282, 40.6323 ], [ 22.950278, 40.632301 ], [ 22.950266, 40.632289 ], [ 22.95027, 40.632285 ], [ 22.950273, 40.632279 ], [ 22.950272, 40.632274 ], [ 22.950269, 40.632269 ], [ 22.950265, 40.632265 ], [ 22.950258, 40.632262 ], [ 22.950254, 40.632262 ], [ 22.950251, 40.632261 ], [ 22.950244, 40.632262 ], [ 22.950241, 40.632263 ], [ 22.950228, 40.632249 ], [ 22.95023, 40.632247 ], [ 22.950232, 40.632243 ], [ 22.950233, 40.632239 ], [ 22.950232, 40.632234 ], [ 22.950229, 40.63223 ], [ 22.950224, 40.632227 ], [ 22.950218, 40.632225 ], [ 22.950212, 40.632225 ], [ 22.950206, 40.632226 ], [ 22.949978, 40.632353 ], [ 22.950053, 40.632429 ] ] ] } },
{ "type": "Feature", "properties": { "culture_type": "Culture", "culture_subtype": "Religious heritage", "culture_source": "culture_polygons", "path": "D:\\30.10\\datagis\\religion 2100.shp", "name": "Αγία Σοφία", "name_el": "Αγία Σοφία", "name_en": "Hagia Sophia", "amenity": "place_of_worship", "tourism": null, "historic": "church", "religion": "christian", "museum": null, "theatre_ty": null, "library_ty": null, "symbol_origin": "none" }, "geometry": { "type": "Polygon", "coordinates": [ [ [ 22.947231, 40.632861 ], [ 22.94721, 40.632831 ], [ 22.947277, 40.632796 ], [ 22.947292, 40.632786 ], [ 22.947299, 40.632778 ], [ 22.947302, 40.632771 ], [ 22.947303, 40.632768 ], [ 22.947303, 40.63276 ], [ 22.947302, 40.632754 ], [ 22.947297, 40.632746 ], [ 22.94729, 40.632739 ], [ 22.947282, 40.632734 ], [ 22.947277, 40.632733 ], [ 22.947258, 40.632723 ], [ 22.947256, 40.632717 ], [ 22.947259, 40.632685 ], [ 22.947236, 40.632659 ], [ 22.947196, 40.632648 ], [ 22.947179, 40.632632 ], [ 22.947161, 40.632619 ], [ 22.947161, 40.632613 ], [ 22.94716, 40.632606 ], [ 22.947155, 40.632598 ], [ 22.947148, 40.632591 ], [ 22.94714, 40.632586 ], [ 22.94713, 40.632583 ], [ 22.94712, 40.632582 ], [ 22.94711, 40.632582 ], [ 22.947101, 40.632584 ], [ 22.947091, 40.632588 ], [ 22.947029, 40.632617 ], [ 22.947006, 40.632596 ], [ 22.946842, 40.632683 ], [ 22.946678, 40.632771 ], [ 22.9469, 40.633024 ], [ 22.947231, 40.632861 ] ] ] } },
{ "type": "Feature", "properties": { "culture_type": "Culture", "culture_subtype": "Museum", "culture_source": "culture_polygons", "path": "D:\\30.10\\datagis\\museum2100.shp", "name": "Μέγαρο Νεδέλκου", "name_el": "Μέγαρο Νεδέλκου", "name_en": "Megaro Nedelkou", "amenity": null, "tourism": "museum", "historic": null, "religion": null, "museum": null, "theatre_ty": null, "library_ty": null, "symbol_origin": "none" }, "geometry": { "type": "Polygon", "coordinates": [ [ [ 22.950267, 40.632914 ], [ 22.950111, 40.632982 ], [ 22.950086, 40.632993 ], [ 22.950168, 40.633095 ], [ 22.950228, 40.633172 ], [ 22.950305, 40.633136 ], [ 22.950258, 40.633078 ], [ 22.950371, 40.633026 ], [ 22.950289, 40.632906 ], [ 22.950267, 40.632914 ] ] ] } },
{ "type": "Feature", "properties": { "culture_type": "Culture", "culture_subtype": "Religious heritage", "culture_source": "culture_polygons", "path": "D:\\30.10\\datagis\\religion 2100.shp", "name": "Βυζαντινός Ναός Αγίου Παντελεήμονος", "name_el": "Βυζαντινός Ναός Αγίου Παντελεήμονος", "name_en": "St. Panteleimon", "amenity": "place_of_worship", "tourism": null, "historic": "heritage", "religion": "christian", "museum": null, "theatre_ty": null, "library_ty": null, "symbol_origin": "none" }, "geometry": { "type": "Polygon", "coordinates": [ [ [ 22.951161, 40.63321 ], [ 22.951265, 40.633157 ], [ 22.951288, 40.633183 ], [ 22.951357, 40.633148 ], [ 22.951313, 40.633099 ], [ 22.951319, 40.633094 ], [ 22.951322, 40.633087 ], [ 22.951322, 40.63308 ], [ 22.951318, 40.633072 ], [ 22.95131, 40.633067 ], [ 22.9513, 40.633063 ], [ 22.951292, 40.633063 ], [ 22.951283, 40.633065 ], [ 22.951242, 40.633018 ], [ 22.951163, 40.633058 ], [ 22.951189, 40.633088 ], [ 22.951095, 40.633136 ], [ 22.951161, 40.63321 ] ] ] } },
{ "type": "Feature", "properties": { "culture_type": "Culture", "culture_subtype": "Religious heritage", "culture_source": "culture_polygons", "path": "D:\\30.10\\datagis\\religion 2100.shp", "name": "Ιερός Ναός Αγίου Χαραλάμπους", "name_el": null, "name_en": null, "amenity": "place_of_worship", "tourism": null, "historic": null, "religion": "christian", "museum": null, "theatre_ty": null, "library_ty": null, "symbol_origin": "none" }, "geometry": { "type": "Polygon", "coordinates": [ [ [ 22.949343, 40.63376 ], [ 22.949391, 40.633819 ], [ 22.949504, 40.633767 ], [ 22.949458, 40.633708 ], [ 22.949343, 40.63376 ] ] ] } },
{ "type": "Feature", "properties": { "culture_type": "Culture", "culture_subtype": "Religious heritage", "culture_source": "culture_polygons", "path": "D:\\30.10\\datagis\\religion 2100.shp", "name": "Ιερός Ναός Αγίου Αθανασίου Θεσσαλονίκης", "name_el": "Ιερός Ναός Αγίου Αθανασίου", "name_en": null, "amenity": "place_of_worship", "tourism": null, "historic": null, "religion": "christian", "museum": null, "theatre_ty": null, "library_ty": null, "symbol_origin": "none" }, "geometry": { "type": "Polygon", "coordinates": [ [ [ 22.948418, 40.634228 ], [ 22.948679, 40.634085 ], [ 22.948554, 40.633954 ], [ 22.948294, 40.634097 ], [ 22.948418, 40.634228 ] ] ] } },
{ "type": "Feature", "properties": { "culture_type": "Culture", "culture_subtype": "Religious heritage", "culture_source": "culture_polygons", "path": "D:\\30.10\\datagis\\religion 2100.shp", "name": "Ιερός Ναός Παναγίας Αχειροποιήτου", "name_el": "Ιερός Ναός Παναγίας Αχειροποιήτου", "name_en": "Church of the Acheiropoietos", "amenity": "place_of_worship", "tourism": null, "historic": "heritage", "religion": "christian", "museum": null, "theatre_ty": null, "library_ty": null, "symbol_origin": "none" }, "geometry": { "type": "Polygon", "coordinates": [ [ [ 22.947798, 40.634886 ], [ 22.947592, 40.634997 ], [ 22.947643, 40.635052 ], [ 22.947804, 40.635228 ], [ 22.948252, 40.634992 ], [ 22.948186, 40.63492 ], [ 22.948207, 40.634903 ], [ 22.948219, 40.634881 ], [ 22.948218, 40.634858 ], [ 22.948206, 40.634836 ], [ 22.948183, 40.63482 ], [ 22.948155, 40.634811 ], [ 22.948124, 40.634812 ], [ 22.948095, 40.634821 ], [ 22.948068, 40.634791 ], [ 22.94804, 40.63476 ], [ 22.94793, 40.634819 ], [ 22.947798, 40.634886 ] ] ] } },
{ "type": "Feature", "properties": { "culture_type": "Culture", "culture_subtype": "Historic site", "culture_source": "culture_polygons", "path": "D:\\30.10\\datagis\\historic site2100.shp", "name": null, "name_el": null, "name_en": null, "amenity": null, "tourism": null, "historic": "archaeological_site", "religion": null, "museum": null, "theatre_ty": null, "library_ty": null, "symbol_origin": "none" }, "geometry": { "type": "Polygon", "coordinates": [ [ [ 22.945171, 40.635505 ], [ 22.945197, 40.635527 ], [ 22.945254, 40.635502 ], [ 22.945345, 40.635455 ], [ 22.945316, 40.63543 ], [ 22.945171, 40.635505 ] ] ] } },
{ "type": "Feature", "properties": { "culture_type": "Culture", "culture_subtype": "Art & Exhibition Space", "culture_source": "culture_polygons", "path": "D:\\30.10\\datagis\\gallery 2100.shp", "name": "Μπέη Χαμάμ", "name_el": "Μπέη Χαμάμ", "name_en": "Bey Hamam", "amenity": null, "tourism": "gallery", "historic": "archaeological_site", "religion": null, "museum": null, "theatre_ty": null, "library_ty": null, "symbol_origin": "none" }, "geometry": { "type": "Polygon", "coordinates": [ [ [ 22.945313, 40.635851 ], [ 22.945447, 40.635697 ], [ 22.945477, 40.635666 ], [ 22.945261, 40.635543 ], [ 22.945122, 40.63564 ], [ 22.945074, 40.635692 ], [ 22.945072, 40.635709 ], [ 22.945069, 40.635731 ], [ 22.94505, 40.635728 ], [ 22.945016, 40.635728 ], [ 22.944989, 40.635734 ], [ 22.944969, 40.635745 ], [ 22.944953, 40.635759 ], [ 22.94494, 40.63578 ], [ 22.944937, 40.635798 ], [ 22.944938, 40.635811 ], [ 22.944942, 40.635824 ], [ 22.944957, 40.635845 ], [ 22.944973, 40.635857 ], [ 22.944989, 40.635865 ], [ 22.945014, 40.635872 ], [ 22.945041, 40.635873 ], [ 22.945069, 40.635868 ], [ 22.945084, 40.635862 ], [ 22.945098, 40.635855 ], [ 22.94511, 40.635845 ], [ 22.94512, 40.635833 ], [ 22.945162, 40.635856 ], [ 22.945154, 40.635865 ], [ 22.94515, 40.635875 ], [ 22.945149, 40.635888 ], [ 22.945153, 40.635901 ], [ 22.945159, 40.635909 ], [ 22.945166, 40.635916 ], [ 22.945174, 40.635921 ], [ 22.945183, 40.635924 ], [ 22.945196, 40.635928 ], [ 22.945209, 40.635929 ], [ 22.945228, 40.635926 ], [ 22.945239, 40.635922 ], [ 22.945249, 40.635916 ], [ 22.94526, 40.635905 ], [ 22.945313, 40.635851 ] ] ] } },
{ "type": "Feature", "properties": { "culture_type": "Culture", "culture_subtype": "Religious heritage", "culture_source": "culture_polygons", "path": "D:\\30.10\\datagis\\religion 2100.shp", "name": "Ιερός Ναός Αγίου Νικολάου του Τρανού", "name_el": null, "name_en": null, "amenity": "place_of_worship", "tourism": null, "historic": null, "religion": "christian", "museum": null, "theatre_ty": null, "library_ty": null, "symbol_origin": "none" }, "geometry": { "type": "Polygon", "coordinates": [ [ [ 22.946568, 40.636086 ], [ 22.946603, 40.636124 ], [ 22.946719, 40.636062 ], [ 22.946692, 40.636034 ], [ 22.946696, 40.63603 ], [ 22.946699, 40.636025 ], [ 22.946699, 40.636019 ], [ 22.946697, 40.636014 ], [ 22.946693, 40.63601 ], [ 22.946688, 40.636007 ], [ 22.946681, 40.636005 ], [ 22.946674, 40.636005 ], [ 22.946667, 40.636006 ], [ 22.946647, 40.635986 ], [ 22.946532, 40.636048 ], [ 22.946568, 40.636086 ] ] ] } },
{ "type": "Feature", "properties": { "culture_type": "Culture", "culture_subtype": "Religious heritage", "culture_source": "culture_polygons", "path": "D:\\30.10\\datagis\\religion 2100.shp", "name": "Παναγία Χαλκέων", "name_el": "Παναγία Χαλκέων", "name_en": "Panagia Chalkeon", "amenity": "place_of_worship", "tourism": null, "historic": "church", "religion": "christian", "museum": null, "theatre_ty": null, "library_ty": null, "symbol_origin": "none" }, "geometry": { "type": "Polygon", "coordinates": [ [ [ 22.94368, 40.636866 ], [ 22.943714, 40.636846 ], [ 22.943734, 40.636834 ], [ 22.943754, 40.636823 ], [ 22.943801, 40.636796 ], [ 22.943804, 40.636793 ], [ 22.943806, 40.636789 ], [ 22.943806, 40.636785 ], [ 22.943804, 40.636781 ], [ 22.943801, 40.636778 ], [ 22.943797, 40.636775 ], [ 22.943792, 40.636774 ], [ 22.943789, 40.636774 ], [ 22.943786, 40.636775 ], [ 22.943782, 40.636777 ], [ 22.943787, 40.636774 ], [ 22.943789, 40.636773 ], [ 22.943794, 40.636767 ], [ 22.943795, 40.636761 ], [ 22.943794, 40.636754 ], [ 22.943793, 40.636751 ], [ 22.943791, 40.636749 ], [ 22.943785, 40.636744 ], [ 22.943777, 40.636741 ], [ 22.943769, 40.63674 ], [ 22.94376, 40.636741 ], [ 22.943755, 40.636743 ], [ 22.943751, 40.636746 ], [ 22.943756, 40.636742 ], [ 22.943757, 40.63674 ], [ 22.943757, 40.636737 ], [ 22.943755, 40.636733 ], [ 22.943752, 40.636729 ], [ 22.943748, 40.636727 ], [ 22.943743, 40.636725 ], [ 22.943737, 40.636725 ], [ 22.943735, 40.636726 ], [ 22.943732, 40.636727 ], [ 22.943665, 40.636765 ], [ 22.943617, 40.636793 ], [ 22.943577, 40.636816 ], [ 22.943597, 40.636836 ], [ 22.943612, 40.636851 ], [ 22.943627, 40.636866 ], [ 22.943646, 40.636885 ], [ 22.94368, 40.636866 ] ] ] } },
{ "type": "Feature", "properties": { "culture_type": "Culture", "culture_subtype": "Museum", "culture_source": "culture_polygons", "path": "D:\\30.10\\datagis\\museum2100.shp", "name": "Μουσείο Κινηματογράφου Θεσσαλονίκης", "name_el": "Μουσείο Κινηματογράφου Θεσσαλονίκης", "name_en": "Thessaloniki Museum of Cinema", "amenity": null, "tourism": "museum", "historic": null, "religion": null, "museum": null, "theatre_ty": null, "library_ty": null, "symbol_origin": "none" }, "geometry": { "type": "Polygon", "coordinates": [ [ [ 22.935695, 40.633133 ], [ 22.935774, 40.6332 ], [ 22.935924, 40.633098 ], [ 22.935427, 40.632678 ], [ 22.935238, 40.632806 ], [ 22.935655, 40.63316 ], [ 22.935695, 40.633133 ] ] ] } },
{ "type": "Feature", "properties": { "culture_type": "Culture", "culture_subtype": "Religious heritage", "culture_source": "culture_polygons", "path": "D:\\30.10\\datagis\\religion 2100.shp", "name": "Ιερά Μονή Αγίας Θεοδώρας", "name_el": "Ιερά Μονή Αγίας Θεοδώρας", "name_en": "Agia Theodora", "amenity": "place_of_worship", "tourism": null, "historic": null, "religion": "christian", "museum": null, "theatre_ty": null, "library_ty": null, "symbol_origin": "none" }, "geometry": { "type": "Polygon", "coordinates": [ [ [ 22.94371, 40.634249 ], [ 22.943639, 40.634168 ], [ 22.9435, 40.63424 ], [ 22.943569, 40.634318 ], [ 22.94371, 40.634249 ] ] ] } },
{ "type": "Feature", "properties": { "culture_type": "Culture", "culture_subtype": "Historic monument", "culture_source": "culture_polygons", "path": "D:\\30.10\\datagis\\historic monument 2100.shp", "name": "Γιαχουντί Χαμάμ", "name_el": "Γιαχουντί Χαμάμ", "name_en": "Giahoudi Haman Turkish Bath", "amenity": null, "tourism": null, "historic": "monument", "religion": null, "museum": null, "theatre_ty": null, "library_ty": null, "symbol_origin": "none" }, "geometry": { "type": "Polygon", "coordinates": [ [ [ 22.940679, 40.634488 ], [ 22.940531, 40.634616 ], [ 22.940721, 40.634742 ], [ 22.940718, 40.634745 ], [ 22.940824, 40.634816 ], [ 22.940991, 40.634671 ], [ 22.940885, 40.6346 ], [ 22.940869, 40.634615 ], [ 22.940679, 40.634488 ] ] ] } },
{ "type": "Feature", "properties": { "culture_type": "Culture", "culture_subtype": "Museum", "culture_source": "culture_polygons", "path": "D:\\30.10\\datagis\\museum2100.shp", "name": "Εβραϊκό Μουσείο Θεσσαλονικής", "name_el": null, "name_en": "Jewish Museum of Thessaloniki", "amenity": null, "tourism": "museum", "historic": null, "religion": null, "museum": "local", "theatre_ty": null, "library_ty": null, "symbol_origin": "none" }, "geometry": { "type": "Polygon", "coordinates": [ [ [ 22.939761, 40.635354 ], [ 22.939829, 40.635308 ], [ 22.939925, 40.635237 ], [ 22.939716, 40.635051 ], [ 22.939543, 40.63518 ], [ 22.939411, 40.635278 ], [ 22.9396, 40.635423 ], [ 22.939707, 40.635331 ], [ 22.939746, 40.635364 ], [ 22.939761, 40.635354 ] ] ] } },
{ "type": "Feature", "properties": { "culture_type": "Culture", "culture_subtype": "Religious heritage", "culture_source": "culture_polygons", "path": "D:\\30.10\\datagis\\religion 2100.shp", "name": "Άγιος Μηνάς", "name_el": "Άγιος Μηνάς", "name_en": null, "amenity": "place_of_worship", "tourism": null, "historic": "church", "religion": "christian", "museum": null, "theatre_ty": null, "library_ty": null, "symbol_origin": "none" }, "geometry": { "type": "Polygon", "coordinates": [ [ [ 22.939867, 40.635601 ], [ 22.93982, 40.635567 ], [ 22.939834, 40.635555 ], [ 22.939843, 40.635542 ], [ 22.939847, 40.635527 ], [ 22.939846, 40.635516 ], [ 22.939843, 40.635506 ], [ 22.939833, 40.635493 ], [ 22.939818, 40.635482 ], [ 22.939797, 40.635474 ], [ 22.939775, 40.635473 ], [ 22.939757, 40.635475 ], [ 22.93974, 40.635481 ], [ 22.939724, 40.635491 ], [ 22.939681, 40.635461 ], [ 22.939379, 40.635692 ], [ 22.939467, 40.635758 ], [ 22.939565, 40.635832 ], [ 22.939867, 40.635601 ] ] ] } },
{ "type": "Feature", "properties": { "culture_type": "Culture", "culture_subtype": "Religious heritage", "culture_source": "culture_polygons", "path": "D:\\30.10\\datagis\\religion 2100.shp", "name": "I.N. Αμώμου Συλλήψεως της Θεοτόκου", "name_el": null, "name_en": null, "amenity": "place_of_worship", "tourism": null, "historic": null, "religion": "christian", "museum": null, "theatre_ty": null, "library_ty": null, "symbol_origin": "none" }, "geometry": { "type": "Polygon", "coordinates": [ [ [ 22.938686, 40.637396 ], [ 22.938693, 40.63739 ], [ 22.938698, 40.637381 ], [ 22.938699, 40.637371 ], [ 22.938696, 40.637361 ], [ 22.938689, 40.637353 ], [ 22.938678, 40.637347 ], [ 22.938665, 40.637344 ], [ 22.938652, 40.637344 ], [ 22.938645, 40.637347 ], [ 22.938637, 40.637343 ], [ 22.938642, 40.637342 ], [ 22.938647, 40.637337 ], [ 22.938661, 40.637322 ], [ 22.938668, 40.637305 ], [ 22.938667, 40.637288 ], [ 22.93866, 40.637273 ], [ 22.938645, 40.637257 ], [ 22.938624, 40.637246 ], [ 22.9386, 40.637242 ], [ 22.938579, 40.637243 ], [ 22.938556, 40.63725 ], [ 22.938538, 40.637262 ], [ 22.938536, 40.637264 ], [ 22.938534, 40.637264 ], [ 22.938535, 40.637254 ], [ 22.938532, 40.637245 ], [ 22.938524, 40.637236 ], [ 22.938513, 40.63723 ], [ 22.938501, 40.637227 ], [ 22.938487, 40.637228 ], [ 22.938472, 40.637235 ], [ 22.938467, 40.637238 ], [ 22.938239, 40.637412 ], [ 22.938324, 40.637475 ], [ 22.938275, 40.637512 ], [ 22.938324, 40.63755 ], [ 22.938373, 40.637513 ], [ 22.9384, 40.637533 ], [ 22.938453, 40.637574 ], [ 22.938686, 40.637396 ] ] ] } },
{ "type": "Feature", "properties": { "culture_type": "Culture", "culture_subtype": "Art & Exhibition Space", "culture_source": "culture_polygons", "path": "D:\\30.10\\datagis\\art center 2100.shp", "name": "Κρατικό Ωδείο Θεσσαλονίκης", "name_el": "Κρατικό Ωδείο Θεσσαλονίκης", "name_en": "State Conservatory of Thessaloniki", "amenity": "arts_centre", "tourism": null, "historic": null, "religion": null, "museum": null, "theatre_ty": null, "library_ty": null, "symbol_origin": "none" }, "geometry": { "type": "Polygon", "coordinates": [ [ [ 22.937494, 40.637666 ], [ 22.937689, 40.637876 ], [ 22.93798, 40.637718 ], [ 22.937765, 40.637523 ], [ 22.937494, 40.637666 ] ] ] } },
{ "type": "Feature", "properties": { "culture_type": "Culture", "culture_subtype": "Museum", "culture_source": "culture_polygons", "path": "D:\\30.10\\datagis\\museum2100.shp", "name": "Φρούριο του Βαρδαρίου", "name_el": "Φρούριο του Βαρδαρίου", "name_en": "Vardari Fortress", "amenity": null, "tourism": "museum", "historic": "arsenal", "religion": null, "museum": null, "theatre_ty": null, "library_ty": null, "symbol_origin": "none" }, "geometry": { "type": "Polygon", "coordinates": [ [ [ 22.932645, 40.638761 ], [ 22.932653, 40.63877 ], [ 22.932656, 40.63878 ], [ 22.932652, 40.63879 ], [ 22.932643, 40.638797 ], [ 22.932638, 40.638799 ], [ 22.932618, 40.638837 ], [ 22.932723, 40.638869 ], [ 22.932838, 40.638623 ], [ 22.933279, 40.638442 ], [ 22.93371, 40.638425 ], [ 22.933708, 40.638293 ], [ 22.933259, 40.638304 ], [ 22.93308, 40.638355 ], [ 22.93276, 40.63854 ], [ 22.932645, 40.638761 ] ] ] } },
{ "type": "Feature", "properties": { "culture_type": "Culture", "culture_subtype": "Historic site", "culture_source": "culture_polygons", "path": "D:\\30.10\\datagis\\historic site2100.shp", "name": "Φρούριο του Βαρδαρίου", "name_el": "Φρούριο του Βαρδαρίου", "name_en": "Vardari Fortress", "amenity": null, "tourism": null, "historic": "archaeological_site", "religion": null, "museum": null, "theatre_ty": null, "library_ty": null, "symbol_origin": "none" }, "geometry": { "type": "Polygon", "coordinates": [ [ [ 22.933275, 40.639024 ], [ 22.93336, 40.63914 ], [ 22.933405, 40.639149 ], [ 22.933698, 40.639112 ], [ 22.933748, 40.639106 ], [ 22.934185, 40.639053 ], [ 22.934259, 40.639112 ], [ 22.934228, 40.639224 ], [ 22.934328, 40.639234 ], [ 22.93441, 40.639351 ], [ 22.934383, 40.639424 ], [ 22.934488, 40.639449 ], [ 22.934564, 40.639592 ], [ 22.93452, 40.639658 ], [ 22.934642, 40.639698 ], [ 22.934701, 40.63979 ], [ 22.934676, 40.639875 ], [ 22.934798, 40.639897 ], [ 22.934859, 40.639995 ], [ 22.93481, 40.640097 ], [ 22.934913, 40.640112 ], [ 22.934948, 40.64007 ], [ 22.935046, 40.640021 ], [ 22.934732, 40.639659 ], [ 22.934534, 40.638865 ], [ 22.934542, 40.638823 ], [ 22.934581, 40.638641 ], [ 22.934332, 40.638348 ], [ 22.934321, 40.638321 ], [ 22.934289, 40.6383 ], [ 22.934223, 40.638296 ], [ 22.93422, 40.638248 ], [ 22.934141, 40.638251 ], [ 22.933848, 40.638259 ], [ 22.933848, 40.638255 ], [ 22.933801, 40.638256 ], [ 22.933751, 40.638258 ], [ 22.933751, 40.638263 ], [ 22.93325, 40.63828 ], [ 22.933061, 40.638334 ], [ 22.932736, 40.638525 ], [ 22.932617, 40.638757 ], [ 22.932606, 40.638762 ], [ 22.932598, 40.63877 ], [ 22.932596, 40.63878 ], [ 22.9326, 40.63879 ], [ 22.932607, 40.638796 ], [ 22.932617, 40.6388 ], [ 22.932564, 40.638889 ], [ 22.932696, 40.638914 ], [ 22.933275, 40.639024 ] ] ] } },
{ "type": "Feature", "properties": { "culture_type": "Culture", "culture_subtype": "Religious heritage", "culture_source": "culture_polygons", "path": "D:\\30.10\\datagis\\religion 2100.shp", "name": "Συναγωγή Μοναστηριωτών", "name_el": "Συναγωγή Μοναστηριωτών", "name_en": "Monastir Synagogue", "amenity": "place_of_worship", "tourism": null, "historic": null, "religion": "jewish", "museum": null, "theatre_ty": null, "library_ty": null, "symbol_origin": "none" }, "geometry": { "type": "Polygon", "coordinates": [ [ [ 22.941935, 40.639811 ], [ 22.941828, 40.639697 ], [ 22.941777, 40.639725 ], [ 22.941674, 40.639781 ], [ 22.941782, 40.639895 ], [ 22.941935, 40.639811 ] ] ] } },
{ "type": "Feature", "properties": { "culture_type": "Culture", "culture_subtype": "Historic site", "culture_source": "culture_polygons", "path": "D:\\30.10\\datagis\\historic site2100.shp", "name": "Κρυπτή Στοά", "name_el": null, "name_en": null, "amenity": null, "tourism": "attraction", "historic": "archaeological_site", "religion": null, "museum": null, "theatre_ty": null, "library_ty": null, "symbol_origin": "none" }, "geometry": { "type": "Polygon", "coordinates": [ [ [ 22.945724, 40.637407 ], [ 22.945661, 40.637336 ], [ 22.944965, 40.637692 ], [ 22.945028, 40.637764 ], [ 22.945724, 40.637407 ] ] ] } },
{ "type": "Feature", "properties": { "culture_type": "Culture", "culture_subtype": "Historic site", "culture_source": "culture_polygons", "path": "D:\\30.10\\datagis\\historic site2100.shp", "name": "Ωδείο", "name_el": null, "name_en": null, "amenity": null, "tourism": "attraction", "historic": "archaeological_site", "religion": null, "museum": null, "theatre_ty": "amphi", "library_ty": null, "symbol_origin": "none" }, "geometry": { "type": "Polygon", "coordinates": [ [ [ 22.946575, 40.637622 ], [ 22.946588, 40.637576 ], [ 22.946581, 40.637531 ], [ 22.946556, 40.637489 ], [ 22.946516, 40.637454 ], [ 22.946463, 40.637431 ], [ 22.946404, 40.637422 ], [ 22.946344, 40.637426 ], [ 22.946288, 40.637445 ], [ 22.946243, 40.637475 ], [ 22.946444, 40.637712 ], [ 22.9465, 40.637693 ], [ 22.946545, 40.637662 ], [ 22.946575, 40.637622 ] ] ] } },
{ "type": "Feature", "properties": { "culture_type": "Culture", "culture_subtype": "Historic site", "culture_source": "culture_polygons", "path": "D:\\30.10\\datagis\\historic site2100.shp", "name": "Πλατεία", "name_el": null, "name_en": null, "amenity": null, "tourism": null, "historic": "archaeological_site", "religion": null, "museum": null, "theatre_ty": null, "library_ty": null, "symbol_origin": "none" }, "geometry": { "type": "Polygon", "coordinates": [ [ [ 22.945996, 40.637404 ], [ 22.945126, 40.637835 ], [ 22.945541, 40.638317 ], [ 22.946411, 40.637886 ], [ 22.945996, 40.637404 ] ] ] } },
{ "type": "Feature", "properties": { "culture_type": "Culture", "culture_subtype": "Museum", "culture_source": "culture_polygons", "path": "D:\\30.10\\datagis\\museum2100.shp", "name": "Αρχαιολογικό Μουσείο Αρχαίας (Ρωμαϊκής) Αγοράς Θεσσαλονίκης", "name_el": "Αρχαιολογικό Μουσείο Αρχαίας (Ρωμαϊκής) Αγοράς Θεσσαλονίκης", "name_en": "Archaeological Museum of Ancient (Roman) Forum, Thessaloni", "amenity": null, "tourism": "museum", "historic": null, "religion": null, "museum": "archaeological", "theatre_ty": null, "library_ty": null, "symbol_origin": "none" }, "geometry": { "type": "Polygon", "coordinates": [ [ [ 22.945505, 40.638358 ], [ 22.945549, 40.638401 ], [ 22.945716, 40.638302 ], [ 22.945672, 40.638259 ], [ 22.945505, 40.638358 ] ] ] } },
{ "type": "Feature", "properties": { "culture_type": "Culture", "culture_subtype": "Religious heritage", "culture_source": "culture_polygons", "path": "D:\\30.10\\datagis\\religion 2100.shp", "name": "Ιερός Ναός Αγίου Δημητρίου", "name_el": "Ιερός Ναός Αγίου Δημητρίου", "name_en": "Hagios Demetrios", "amenity": "place_of_worship", "tourism": null, "historic": "heritage", "religion": "christian", "museum": null, "theatre_ty": null, "library_ty": null, "symbol_origin": "none" }, "geometry": { "type": "Polygon", "coordinates": [ [ [ 22.947597, 40.63901 ], [ 22.947633, 40.639053 ], [ 22.948046, 40.638856 ], [ 22.948066, 40.63888 ], [ 22.948232, 40.638801 ], [ 22.948139, 40.63869 ], [ 22.948092, 40.638712 ], [ 22.948109, 40.63869 ], [ 22.948112, 40.638674 ], [ 22.948107, 40.638658 ], [ 22.948097, 40.638643 ], [ 22.948081, 40.638632 ], [ 22.948061, 40.638626 ], [ 22.94804, 40.638624 ], [ 22.948018, 40.638628 ], [ 22.948045, 40.638615 ], [ 22.948043, 40.638613 ], [ 22.948127, 40.638573 ], [ 22.94811, 40.638553 ], [ 22.948093, 40.63856 ], [ 22.948083, 40.638547 ], [ 22.948093, 40.638541 ], [ 22.948085, 40.638531 ], [ 22.948088, 40.638528 ], [ 22.94809, 40.638524 ], [ 22.94809, 40.63852 ], [ 22.948088, 40.638517 ], [ 22.948085, 40.638513 ], [ 22.94808, 40.638511 ], [ 22.948075, 40.638511 ], [ 22.948069, 40.638511 ], [ 22.948062, 40.638501 ], [ 22.94804, 40.638512 ], [ 22.948028, 40.638499 ], [ 22.947961, 40.638532 ], [ 22.947943, 40.638511 ], [ 22.947768, 40.638595 ], [ 22.947794, 40.638625 ], [ 22.947424, 40.638802 ], [ 22.947597, 40.63901 ] ] ] } },
{ "type": "Feature", "properties": { "culture_type": "Culture", "culture_subtype": "Museum", "culture_source": "culture_polygons", "path": "D:\\30.10\\datagis\\museum2100.shp", "name": "Αλατζά Ιμαρέτ τζαμί", "name_el": "Αλατζά Ιμαρέτ τζαμί", "name_en": "Alaca Imaret mosque", "amenity": null, "tourism": "museum", "historic": null, "religion": "muslim", "museum": null, "theatre_ty": null, "library_ty": null, "symbol_origin": "none" }, "geometry": { "type": "Polygon", "coordinates": [ [ [ 22.949754, 40.639381 ], [ 22.949828, 40.639278 ], [ 22.949812, 40.639266 ], [ 22.949854, 40.639208 ], [ 22.949794, 40.639183 ], [ 22.949849, 40.639108 ], [ 22.949703, 40.639047 ], [ 22.949648, 40.639122 ], [ 22.949589, 40.639097 ], [ 22.949547, 40.639155 ], [ 22.94952, 40.639143 ], [ 22.949442, 40.63925 ], [ 22.949754, 40.639381 ] ] ] } },
{ "type": "Feature", "properties": { "culture_type": "Culture", "culture_subtype": "Historic site", "culture_source": "culture_polygons", "path": "D:\\30.10\\datagis\\historic site2100.shp", "name": "Αρχαιολογικός χώρος Πλατείας Διοικητηρίου", "name_el": "Αρχαιολογικός χώρος Πλατείας Διοικητηρίου", "name_en": "Governor's House Square", "amenity": null, "tourism": null, "historic": "archaeological_site", "religion": null, "museum": null, "theatre_ty": null, "library_ty": null, "symbol_origin": "none" }, "geometry": { "type": "Polygon", "coordinates": [ [ [ 22.944207, 40.640046 ], [ 22.943774, 40.639552 ], [ 22.943268, 40.639807 ], [ 22.943701, 40.640301 ], [ 22.944207, 40.640046 ] ] ] } },
{ "type": "Feature", "properties": { "culture_type": "Culture", "culture_subtype": "Religious heritage", "culture_source": "culture_polygons", "path": "D:\\30.10\\datagis\\religion 2100.shp", "name": "Ιερός Ναός Προφήτη Ηλία", "name_el": "Ιερός Ναός Προφήτη Ηλία", "name_en": "Church of Prophet Elijah", "amenity": "place_of_worship", "tourism": null, "historic": null, "religion": "christian", "museum": null, "theatre_ty": null, "library_ty": null, "symbol_origin": "none" }, "geometry": { "type": "Polygon", "coordinates": [ [ [ 22.948501, 40.640876 ], [ 22.948489, 40.640875 ], [ 22.948479, 40.640877 ], [ 22.94847, 40.640881 ], [ 22.948464, 40.640887 ], [ 22.94846, 40.640894 ], [ 22.948463, 40.640909 ], [ 22.948469, 40.640915 ], [ 22.948448, 40.640899 ], [ 22.948371, 40.640959 ], [ 22.948533, 40.641079 ], [ 22.948602, 40.641025 ], [ 22.948584, 40.641011 ], [ 22.948585, 40.641009 ], [ 22.948601, 40.641016 ], [ 22.948611, 40.641016 ], [ 22.948619, 40.641015 ], [ 22.948628, 40.641011 ], [ 22.948634, 40.641005 ], [ 22.948638, 40.640998 ], [ 22.948639, 40.640991 ], [ 22.948637, 40.640984 ], [ 22.948631, 40.640977 ], [ 22.948643, 40.64098 ], [ 22.948658, 40.64098 ], [ 22.948673, 40.640977 ], [ 22.948687, 40.64097 ], [ 22.948696, 40.64096 ], [ 22.948701, 40.640949 ], [ 22.948701, 40.640937 ], [ 22.9487, 40.640933 ], [ 22.948697, 40.640929 ], [ 22.948704, 40.640933 ], [ 22.948713, 40.640936 ], [ 22.948722, 40.640936 ], [ 22.948732, 40.640934 ], [ 22.94874, 40.64093 ], [ 22.948746, 40.640925 ], [ 22.94875, 40.640918 ], [ 22.948751, 40.640911 ], [ 22.948749, 40.640903 ], [ 22.948743, 40.640897 ], [ 22.948727, 40.640882 ], [ 22.948716, 40.640873 ], [ 22.948719, 40.640866 ], [ 22.94872, 40.640853 ], [ 22.948715, 40.640842 ], [ 22.948708, 40.640836 ], [ 22.948698, 40.640828 ], [ 22.94868, 40.640821 ], [ 22.948666, 40.640821 ], [ 22.948647, 40.640823 ], [ 22.948635, 40.64081 ], [ 22.948629, 40.640804 ], [ 22.948622, 40.640798 ], [ 22.948613, 40.640796 ], [ 22.948604, 40.640795 ], [ 22.948594, 40.640797 ], [ 22.948585, 40.640801 ], [ 22.948578, 40.640807 ], [ 22.948574, 40.640814 ], [ 22.948574, 40.640822 ], [ 22.94857, 40.64083 ], [ 22.948556, 40.64083 ], [ 22.94854, 40.640833 ], [ 22.948527, 40.64084 ], [ 22.948517, 40.64085 ], [ 22.948512, 40.640863 ], [ 22.948512, 40.640874 ], [ 22.948507, 40.640878 ], [ 22.948501, 40.640876 ] ] ] } },
{ "type": "Feature", "properties": { "culture_type": "Culture", "culture_subtype": "Religious heritage", "culture_source": "culture_polygons", "path": "D:\\30.10\\datagis\\religion 2100.shp", "name": "Ιερός Ναός Αγίας Αικατερίνης", "name_el": "Ιερός Ναός Αγίας Αικατερίνης", "name_en": "Agia Ekaterini", "amenity": "place_of_worship", "tourism": null, "historic": "heritage", "religion": "christian", "museum": null, "theatre_ty": null, "library_ty": null, "symbol_origin": "none" }, "geometry": { "type": "Polygon", "coordinates": [ [ [ 22.944241, 40.643242 ], [ 22.944264, 40.643257 ], [ 22.944423, 40.643232 ], [ 22.94441, 40.643188 ], [ 22.944408, 40.643169 ], [ 22.944403, 40.643152 ], [ 22.944392, 40.643138 ], [ 22.944388, 40.643128 ], [ 22.944377, 40.643097 ], [ 22.944211, 40.643127 ], [ 22.944241, 40.643242 ] ] ] } },
{ "type": "Feature", "properties": { "culture_type": "Culture", "culture_subtype": "Religious heritage", "culture_source": "culture_polygons", "path": "D:\\30.10\\datagis\\religion 2100.shp", "name": "Άγιος Βασίλειος", "name_el": null, "name_en": null, "amenity": "place_of_worship", "tourism": null, "historic": null, "religion": "christian", "museum": null, "theatre_ty": null, "library_ty": null, "symbol_origin": "none" }, "geometry": { "type": "Polygon", "coordinates": [ [ [ 22.951687, 40.645368 ], [ 22.951796, 40.645472 ], [ 22.95204, 40.645327 ], [ 22.952032, 40.645319 ], [ 22.952116, 40.645269 ], [ 22.952009, 40.645164 ], [ 22.951687, 40.645368 ] ] ] } },
{ "type": "Feature", "properties": { "culture_type": "Culture", "culture_subtype": "Historic site", "culture_source": "culture_polygons", "path": "D:\\30.10\\datagis\\historic site2100.shp", "name": null, "name_el": null, "name_en": null, "amenity": null, "tourism": null, "historic": "archaeological_site", "religion": null, "museum": null, "theatre_ty": null, "library_ty": null, "symbol_origin": "none" }, "geometry": { "type": "Polygon", "coordinates": [ [ [ 22.935466, 40.641139 ], [ 22.935756, 40.641141 ], [ 22.93551, 40.640805 ], [ 22.935299, 40.640915 ], [ 22.935466, 40.641139 ] ] ] } },
{ "type": "Feature", "properties": { "culture_type": "Culture", "culture_subtype": "Historic site", "culture_source": "culture_polygons", "path": "D:\\30.10\\datagis\\historic site2100.shp", "name": null, "name_el": null, "name_en": null, "amenity": null, "tourism": null, "historic": "archaeological_site", "religion": null, "museum": null, "theatre_ty": null, "library_ty": null, "symbol_origin": "none" }, "geometry": { "type": "Polygon", "coordinates": [ [ [ 22.9383, 40.641281 ], [ 22.938215, 40.641173 ], [ 22.938171, 40.641184 ], [ 22.938147, 40.641312 ], [ 22.9383, 40.641281 ] ] ] } },
{ "type": "Feature", "properties": { "culture_type": "Culture", "culture_subtype": "Historic site", "culture_source": "culture_polygons", "path": "D:\\30.10\\datagis\\historic site2100.shp", "name": "Πασά Χαμάμ", "name_el": "Πασά Χαμάμ", "name_en": "Pasha Hamam", "amenity": null, "tourism": null, "historic": "archaeological_site", "religion": null, "museum": null, "theatre_ty": null, "library_ty": null, "symbol_origin": "none" }, "geometry": { "type": "Polygon", "coordinates": [ [ [ 22.937336, 40.641752 ], [ 22.937069, 40.641611 ], [ 22.937042, 40.641641 ], [ 22.936981, 40.641708 ], [ 22.937066, 40.641752 ], [ 22.937047, 40.641772 ], [ 22.937191, 40.641848 ], [ 22.937188, 40.641851 ], [ 22.937202, 40.641858 ], [ 22.937226, 40.641871 ], [ 22.937336, 40.641752 ] ] ] } },
{ "type": "Feature", "properties": { "culture_type": "Culture", "culture_subtype": "Library", "culture_source": "culture_polygons", "path": "D:\\30.10\\datagis\\library 2100.shp", "name": "Πρότυπη Σχολική Βιβλιοθήκη", "name_el": null, "name_en": null, "amenity": "library", "tourism": null, "historic": null, "religion": null, "museum": null, "theatre_ty": null, "library_ty": null, "symbol_origin": "none" }, "geometry": { "type": "Polygon", "coordinates": [ [ [ 22.943416, 40.642172 ], [ 22.943527, 40.642116 ], [ 22.943505, 40.642091 ], [ 22.943578, 40.642054 ], [ 22.943499, 40.641964 ], [ 22.94328, 40.642076 ], [ 22.943288, 40.642086 ], [ 22.94338, 40.642191 ], [ 22.943416, 40.642172 ] ] ] } },
{ "type": "Feature", "properties": { "culture_type": "Culture", "culture_subtype": "Religious heritage", "culture_source": "culture_polygons", "path": "D:\\30.10\\datagis\\religion 2100.shp", "name": "Δώδεκα Απόστολοι", "name_el": "Δώδεκα Απόστολοι", "name_en": "Holy Apostles", "amenity": "place_of_worship", "tourism": null, "historic": null, "religion": "christian", "museum": null, "theatre_ty": null, "library_ty": null, "symbol_origin": "none" }, "geometry": { "type": "Polygon", "coordinates": [ [ [ 22.937276, 40.642864 ], [ 22.937385, 40.642962 ], [ 22.937476, 40.642983 ], [ 22.937613, 40.642926 ], [ 22.937789, 40.642847 ], [ 22.937808, 40.642784 ], [ 22.937694, 40.642609 ], [ 22.937664, 40.64256 ], [ 22.937622, 40.642575 ], [ 22.937449, 40.642629 ], [ 22.937311, 40.642683 ], [ 22.937291, 40.642692 ], [ 22.937192, 40.642733 ], [ 22.937276, 40.642864 ] ] ] } },
{ "type": "Feature", "properties": { "culture_type": "Culture", "culture_subtype": "Religious heritage", "culture_source": "culture_polygons", "path": "D:\\30.10\\datagis\\religion 2100.shp", "name": "Ιερός Ναός Αγίων Αποστόλων", "name_el": "Ιερός Ναός Αγίων Αποστόλων", "name_en": "Church of the Holy Apostles", "amenity": "place_of_worship", "tourism": null, "historic": "heritage", "religion": "christian", "museum": null, "theatre_ty": null, "library_ty": null, "symbol_origin": "none" }, "geometry": { "type": "Polygon", "coordinates": [ [ [ 22.937446, 40.642896 ], [ 22.937657, 40.642823 ], [ 22.937632, 40.64278 ], [ 22.937647, 40.642771 ], [ 22.93765, 40.642762 ], [ 22.93765, 40.642751 ], [ 22.937643, 40.642741 ], [ 22.937633, 40.642735 ], [ 22.93762, 40.642733 ], [ 22.937607, 40.642734 ], [ 22.937572, 40.642682 ], [ 22.937362, 40.642755 ], [ 22.937446, 40.642896 ] ] ] } },
{ "type": "Feature", "properties": { "culture_type": "Culture", "culture_subtype": "Historic site", "culture_source": "culture_polygons", "path": "D:\\30.10\\datagis\\historic site2100.shp", "name": "Παλαιοχριστιανική Βασιλική Αγίων Αγάπης, Χιονίας και Ειρήνης", "name_el": "Παλαιοχριστιανική Βασιλική Αγίων Αγάπης, Χιονίας και Ειρήνης", "name_en": "Ruins of Ss. Agapi, Hioni and Eirini early christian basilica", "amenity": null, "tourism": null, "historic": "archaeological_site", "religion": null, "museum": null, "theatre_ty": null, "library_ty": null, "symbol_origin": "none" }, "geometry": { "type": "Polygon", "coordinates": [ [ [ 22.936094, 40.644171 ], [ 22.936043, 40.644108 ], [ 22.935752, 40.644243 ], [ 22.935802, 40.644306 ], [ 22.936094, 40.644171 ] ] ] } },
{ "type": "Feature", "properties": { "culture_type": "Culture", "culture_subtype": "Historic site", "culture_source": "culture_polygons", "path": "D:\\30.10\\datagis\\historic site2100.shp", "name": null, "name_el": null, "name_en": null, "amenity": null, "tourism": null, "historic": "archaeological_site", "religion": null, "museum": null, "theatre_ty": null, "library_ty": null, "symbol_origin": "none" }, "geometry": { "type": "Polygon", "coordinates": [ [ [ 22.934464, 40.645206 ], [ 22.934664, 40.645212 ], [ 22.934685, 40.646233 ], [ 22.935108, 40.646224 ], [ 22.935078, 40.645175 ], [ 22.935069, 40.644868 ], [ 22.934819, 40.644808 ], [ 22.93475, 40.645122 ], [ 22.934482, 40.645083 ], [ 22.934464, 40.645206 ] ] ] } },
{ "type": "Feature", "properties": { "culture_type": "Culture", "culture_subtype": "Religious heritage", "culture_source": "culture_polygons", "path": "D:\\30.10\\datagis\\religion 2100.shp", "name": "Ιερός Ναός Αγίων Πάντων", "name_el": "Ιερός Ναός Αγίων Πάντων", "name_en": "Church of All Saints", "amenity": "place_of_worship", "tourism": null, "historic": null, "religion": "christian", "museum": null, "theatre_ty": null, "library_ty": null, "symbol_origin": "none" }, "geometry": { "type": "Polygon", "coordinates": [ [ [ 22.9258, 40.645666 ], [ 22.926017, 40.645887 ], [ 22.926056, 40.645865 ], [ 22.926132, 40.645823 ], [ 22.926177, 40.645797 ], [ 22.925935, 40.64555 ], [ 22.925915, 40.645529 ], [ 22.925868, 40.645556 ], [ 22.925855, 40.645542 ], [ 22.925781, 40.645584 ], [ 22.925793, 40.645597 ], [ 22.925755, 40.645618 ], [ 22.925775, 40.645639 ], [ 22.9258, 40.645666 ] ] ] } },
{ "type": "Feature", "properties": { "culture_type": "Culture", "culture_subtype": "Religious heritage", "culture_source": "culture_polygons", "path": "D:\\30.10\\datagis\\religion 2100.shp", "name": "Ναός Παναγίας Φανερωμένης", "name_el": "Ναός Παναγίας Φανερωμένης", "name_en": "Panagia Faneromeni", "amenity": "place_of_worship", "tourism": null, "historic": null, "religion": "christian", "museum": null, "theatre_ty": null, "library_ty": null, "symbol_origin": "none" }, "geometry": { "type": "Polygon", "coordinates": [ [ [ 22.938361, 40.645792 ], [ 22.938297, 40.645793 ], [ 22.938299, 40.645873 ], [ 22.938369, 40.645873 ], [ 22.93837, 40.645915 ], [ 22.938657, 40.645911 ], [ 22.938656, 40.645903 ], [ 22.938679, 40.645903 ], [ 22.938686, 40.645899 ], [ 22.938696, 40.645887 ], [ 22.938698, 40.645861 ], [ 22.93871, 40.645856 ], [ 22.938722, 40.645846 ], [ 22.93873, 40.645834 ], [ 22.938734, 40.64582 ], [ 22.938722, 40.645795 ], [ 22.938706, 40.645787 ], [ 22.938691, 40.645783 ], [ 22.938691, 40.645777 ], [ 22.938696, 40.645772 ], [ 22.938699, 40.645767 ], [ 22.9387, 40.64576 ], [ 22.938695, 40.64575 ], [ 22.938687, 40.645746 ], [ 22.93836, 40.64575 ], [ 22.938361, 40.645792 ] ] ] } },
{ "type": "Feature", "properties": { "culture_type": "Culture", "culture_subtype": "Religious heritage", "culture_source": "culture_polygons", "path": "D:\\30.10\\datagis\\religion 2100.shp", "name": null, "name_el": null, "name_en": null, "amenity": "place_of_worship", "tourism": null, "historic": null, "religion": "christian", "museum": null, "theatre_ty": null, "library_ty": null, "symbol_origin": "none" }, "geometry": { "type": "Polygon", "coordinates": [ [ [ 22.939691, 40.645954 ], [ 22.939692, 40.645893 ], [ 22.93954, 40.645891 ], [ 22.939539, 40.645953 ], [ 22.939691, 40.645954 ] ] ] } },
{ "type": "Feature", "properties": { "culture_type": "Culture", "culture_subtype": "Religious heritage", "culture_source": "culture_polygons", "path": "D:\\30.10\\datagis\\religion 2100.shp", "name": "Ναός Αγίου Νικολάου", "name_el": "Ναός Αγίου Νικολάου", "name_en": "Saint Nicholas Church", "amenity": "place_of_worship", "tourism": null, "historic": null, "religion": "christian", "museum": null, "theatre_ty": null, "library_ty": null, "symbol_origin": "none" }, "geometry": { "type": "Polygon", "coordinates": [ [ [ 22.932448, 40.646225 ], [ 22.932478, 40.646243 ], [ 22.9325, 40.646222 ], [ 22.932687, 40.646335 ], [ 22.932719, 40.646304 ], [ 22.932733, 40.646291 ], [ 22.932743, 40.646291 ], [ 22.932752, 40.646289 ], [ 22.932759, 40.646285 ], [ 22.932764, 40.64628 ], [ 22.932767, 40.646274 ], [ 22.932767, 40.646267 ], [ 22.932765, 40.646261 ], [ 22.932782, 40.646244 ], [ 22.932815, 40.646214 ], [ 22.932598, 40.646083 ], [ 22.932618, 40.646064 ], [ 22.932575, 40.646038 ], [ 22.93249, 40.646118 ], [ 22.932405, 40.646199 ], [ 22.932448, 40.646225 ] ] ] } },
{ "type": "Feature", "properties": { "culture_type": "Culture", "culture_subtype": "Theatre", "culture_source": "culture_polygons", "path": "D:\\30.10\\datagis\\theatre2100.shp", "name": "Ανοιχτό Θέατρο Αμπελοκήπων", "name_el": null, "name_en": null, "amenity": "theatre", "tourism": null, "historic": null, "religion": null, "museum": null, "theatre_ty": null, "library_ty": null, "symbol_origin": "none" }, "geometry": { "type": "Polygon", "coordinates": [ [ [ 22.921518, 40.649605 ], [ 22.921502, 40.649606 ], [ 22.921487, 40.649604 ], [ 22.921473, 40.649597 ], [ 22.921463, 40.649588 ], [ 22.921457, 40.649577 ], [ 22.921456, 40.649565 ], [ 22.921459, 40.649554 ], [ 22.921467, 40.649544 ], [ 22.921479, 40.649536 ], [ 22.921493, 40.649531 ], [ 22.921509, 40.64953 ], [ 22.921524, 40.649533 ], [ 22.921528, 40.649534 ], [ 22.921534, 40.649523 ], [ 22.921519, 40.649511 ], [ 22.92149, 40.6495 ], [ 22.921458, 40.649496 ], [ 22.921426, 40.649501 ], [ 22.921398, 40.649514 ], [ 22.921378, 40.649533 ], [ 22.921366, 40.649556 ], [ 22.921366, 40.649579 ], [ 22.921375, 40.649602 ], [ 22.921393, 40.649621 ], [ 22.921418, 40.649635 ], [ 22.921447, 40.649642 ], [ 22.921478, 40.649641 ], [ 22.921507, 40.649634 ], [ 22.921532, 40.649619 ], [ 22.921524, 40.649603 ], [ 22.921518, 40.649605 ] ] ] } },
{ "type": "Feature", "properties": { "culture_type": "Culture", "culture_subtype": "Religious heritage", "culture_source": "culture_polygons", "path": "D:\\30.10\\datagis\\religion 2100.shp", "name": "Ναός Αγίας Παρασκευής", "name_el": null, "name_en": null, "amenity": "place_of_worship", "tourism": null, "historic": null, "religion": "christian", "museum": null, "theatre_ty": null, "library_ty": null, "symbol_origin": "none" }, "geometry": { "type": "Polygon", "coordinates": [ [ [ 22.93459, 40.650511 ], [ 22.934589, 40.65053 ], [ 22.934711, 40.650532 ], [ 22.934712, 40.650509 ], [ 22.934831, 40.650511 ], [ 22.93483, 40.650527 ], [ 22.934881, 40.650527 ], [ 22.934882, 40.650491 ], [ 22.934884, 40.650416 ], [ 22.934885, 40.650381 ], [ 22.93484, 40.650381 ], [ 22.93484, 40.650393 ], [ 22.934715, 40.650391 ], [ 22.934716, 40.650371 ], [ 22.934594, 40.650369 ], [ 22.934594, 40.650391 ], [ 22.934542, 40.65039 ], [ 22.934541, 40.650412 ], [ 22.934535, 40.650412 ], [ 22.934534, 40.650429 ], [ 22.934527, 40.650436 ], [ 22.934524, 40.650444 ], [ 22.934524, 40.650452 ], [ 22.934527, 40.65046 ], [ 22.934534, 40.650467 ], [ 22.934533, 40.650487 ], [ 22.934539, 40.650487 ], [ 22.934538, 40.65051 ], [ 22.93459, 40.650511 ] ] ] } },
{ "type": "Feature", "properties": { "culture_type": "Culture", "culture_subtype": "Religious heritage", "culture_source": "culture_polygons", "path": "D:\\30.10\\datagis\\religion 2100.shp", "name": "Ι.Ν. Ζωοδόχου Πηγής", "name_el": "Ι.Ν. Ζωοδόχου Πηγής", "name_en": "Life-giving Spring Church", "amenity": "place_of_worship", "tourism": null, "historic": null, "religion": "christian", "museum": null, "theatre_ty": null, "library_ty": null, "symbol_origin": "none" }, "geometry": { "type": "Polygon", "coordinates": [ [ [ 22.921864, 40.651713 ], [ 22.921912, 40.65157 ], [ 22.921614, 40.651512 ], [ 22.921572, 40.651636 ], [ 22.9216, 40.651642 ], [ 22.921593, 40.65166 ], [ 22.921864, 40.651713 ] ] ] } },
{ "type": "Feature", "properties": { "culture_type": "Culture", "culture_subtype": "Religious heritage", "culture_source": "culture_polygons", "path": "D:\\30.10\\datagis\\religion 2100.shp", "name": "Ναός Αγίου Παντελεήμονα", "name_el": "Ναός Αγίου Παντελεήμονα", "name_en": "Chuch of Saint Panteleimon", "amenity": "place_of_worship", "tourism": null, "historic": null, "religion": "christian", "museum": null, "theatre_ty": null, "library_ty": null, "symbol_origin": "none" }, "geometry": { "type": "Polygon", "coordinates": [ [ [ 22.928187, 40.651476 ], [ 22.92814, 40.651484 ], [ 22.928105, 40.651497 ], [ 22.928075, 40.651517 ], [ 22.928052, 40.651541 ], [ 22.928038, 40.651567 ], [ 22.928031, 40.651595 ], [ 22.928035, 40.651627 ], [ 22.928048, 40.651658 ], [ 22.92806, 40.651673 ], [ 22.928047, 40.651684 ], [ 22.928071, 40.651702 ], [ 22.928083, 40.651693 ], [ 22.928108, 40.651708 ], [ 22.928139, 40.65172 ], [ 22.92816, 40.651764 ], [ 22.9282, 40.651803 ], [ 22.928246, 40.651829 ], [ 22.928311, 40.651845 ], [ 22.928345, 40.651845 ], [ 22.928372, 40.651845 ], [ 22.928441, 40.651884 ], [ 22.928496, 40.651828 ], [ 22.928515, 40.651826 ], [ 22.928525, 40.651824 ], [ 22.928536, 40.651817 ], [ 22.928548, 40.651809 ], [ 22.928557, 40.651796 ], [ 22.928559, 40.651783 ], [ 22.928558, 40.651772 ], [ 22.928618, 40.651719 ], [ 22.928549, 40.651674 ], [ 22.928536, 40.651628 ], [ 22.928522, 40.651607 ], [ 22.928501, 40.651585 ], [ 22.928474, 40.651565 ], [ 22.928443, 40.65155 ], [ 22.928407, 40.651538 ], [ 22.928368, 40.651531 ], [ 22.928331, 40.651531 ], [ 22.92832, 40.651518 ], [ 22.928301, 40.651504 ], [ 22.928289, 40.651497 ], [ 22.928297, 40.651488 ], [ 22.92827, 40.651474 ], [ 22.928259, 40.651485 ], [ 22.928234, 40.651479 ], [ 22.928187, 40.651476 ] ] ] } },
{ "type": "Feature", "properties": { "culture_type": "Culture", "culture_subtype": "Theatre", "culture_source": "culture_polygons", "path": "D:\\30.10\\datagis\\theatre2100.shp", "name": "Θέσπις", "name_el": null, "name_en": null, "amenity": "theatre", "tourism": null, "historic": null, "religion": null, "museum": null, "theatre_ty": null, "library_ty": null, "symbol_origin": "none" }, "geometry": { "type": "Polygon", "coordinates": [ [ [ 22.935762, 40.651768 ], [ 22.935447, 40.65175 ], [ 22.935434, 40.651908 ], [ 22.935546, 40.651915 ], [ 22.935746, 40.651924 ], [ 22.935762, 40.651768 ] ] ] } },
{ "type": "Feature", "properties": { "culture_type": "Culture", "culture_subtype": "Art & Exhibition Space", "culture_source": "culture_polygons", "path": "D:\\30.10\\datagis\\art center 2100.shp", "name": "Ήλιος", "name_el": null, "name_en": null, "amenity": "arts_centre", "tourism": null, "historic": null, "religion": null, "museum": null, "theatre_ty": null, "library_ty": null, "symbol_origin": "none" }, "geometry": { "type": "Polygon", "coordinates": [ [ [ 22.935569, 40.652092 ], [ 22.935416, 40.652084 ], [ 22.935402, 40.652218 ], [ 22.935554, 40.652227 ], [ 22.935569, 40.652092 ] ] ] } },
{ "type": "Feature", "properties": { "culture_type": "Culture", "culture_subtype": "Religious heritage", "culture_source": "culture_polygons", "path": "D:\\30.10\\datagis\\religion 2100.shp", "name": "Ναός Αγίου Γεωργίου", "name_el": "Ναός Αγίου Γεωργίου", "name_en": "Saint George church", "amenity": "place_of_worship", "tourism": null, "historic": null, "religion": "christian", "museum": null, "theatre_ty": null, "library_ty": null, "symbol_origin": "none" }, "geometry": { "type": "Polygon", "coordinates": [ [ [ 22.939653, 40.653744 ], [ 22.939641, 40.653676 ], [ 22.939657, 40.653667 ], [ 22.939667, 40.653656 ], [ 22.939672, 40.653642 ], [ 22.939672, 40.653629 ], [ 22.939665, 40.653616 ], [ 22.939653, 40.653605 ], [ 22.939637, 40.653598 ], [ 22.939626, 40.653595 ], [ 22.939615, 40.653529 ], [ 22.93916, 40.653576 ], [ 22.939198, 40.653791 ], [ 22.939653, 40.653744 ] ] ] } },
{ "type": "Feature", "properties": { "culture_type": "Culture", "culture_subtype": "Library", "culture_source": "culture_polygons", "path": "D:\\30.10\\datagis\\library 2100.shp", "name": "Αριστοτέλειος Δημοτική Βιβλιοθήκη", "name_el": "Αριστοτέλειος Δημοτική Βιβλιοθήκη", "name_en": null, "amenity": "library", "tourism": null, "historic": null, "religion": null, "museum": null, "theatre_ty": null, "library_ty": null, "symbol_origin": "none" }, "geometry": { "type": "Polygon", "coordinates": [ [ [ 22.923337, 40.654549 ], [ 22.923287, 40.654457 ], [ 22.923147, 40.654501 ], [ 22.923196, 40.654592 ], [ 22.923337, 40.654549 ] ] ] } },
{ "type": "Feature", "properties": { "culture_type": "Culture", "culture_subtype": "Religious heritage", "culture_source": "culture_polygons", "path": "D:\\30.10\\datagis\\religion 2100.shp", "name": "Παρεκκλήσιο Αγίας Κυριακής Βοσπόρου", "name_el": null, "name_en": null, "amenity": "place_of_worship", "tourism": null, "historic": null, "religion": "christian", "museum": null, "theatre_ty": null, "library_ty": null, "symbol_origin": "none" }, "geometry": { "type": "Polygon", "coordinates": [ [ [ 22.912848, 40.651756 ], [ 22.912905, 40.651821 ], [ 22.913004, 40.651771 ], [ 22.912947, 40.651706 ], [ 22.912848, 40.651756 ] ] ] } },
{ "type": "Feature", "properties": { "culture_type": "Culture", "culture_subtype": "Religious heritage", "culture_source": "culture_polygons", "path": "D:\\30.10\\datagis\\religion 2100.shp", "name": "Αγία Παρασκευή", "name_el": null, "name_en": null, "amenity": "place_of_worship", "tourism": null, "historic": null, "religion": "christian", "museum": null, "theatre_ty": null, "library_ty": null, "symbol_origin": "none" }, "geometry": { "type": "Polygon", "coordinates": [ [ [ 22.912577, 40.656946 ], [ 22.912711, 40.657075 ], [ 22.912984, 40.656912 ], [ 22.912851, 40.656783 ], [ 22.912577, 40.656946 ] ] ] } },
{ "type": "Feature", "properties": { "culture_type": "Culture", "culture_subtype": "Religious heritage", "culture_source": "culture_polygons", "path": "D:\\30.10\\datagis\\religion 2100.shp", "name": "Ιερός Ναός Αναστάσεως του Κυρίου", "name_el": null, "name_en": null, "amenity": "place_of_worship", "tourism": null, "historic": null, "religion": "christian", "museum": null, "theatre_ty": null, "library_ty": null, "symbol_origin": "none" }, "geometry": { "type": "Polygon", "coordinates": [ [ [ 22.917357, 40.656985 ], [ 22.917347, 40.656992 ], [ 22.917288, 40.656941 ], [ 22.917038, 40.65711 ], [ 22.917263, 40.657302 ], [ 22.917523, 40.657127 ], [ 22.917357, 40.656985 ] ] ] } },
{ "type": "Feature", "properties": { "culture_type": "Culture", "culture_subtype": "Religious heritage", "culture_source": "culture_polygons", "path": "D:\\30.10\\datagis\\religion 2100.shp", "name": "Άγιος Νεκτάριος", "name_el": "Άγιος Νεκτάριος", "name_en": null, "amenity": "place_of_worship", "tourism": null, "historic": null, "religion": "christian", "museum": null, "theatre_ty": null, "library_ty": null, "symbol_origin": "none" }, "geometry": { "type": "Polygon", "coordinates": [ [ [ 22.899262, 40.657183 ], [ 22.899225, 40.657192 ], [ 22.899193, 40.657208 ], [ 22.899168, 40.65723 ], [ 22.899152, 40.657257 ], [ 22.899143, 40.657267 ], [ 22.899124, 40.657274 ], [ 22.899097, 40.657273 ], [ 22.899066, 40.657275 ], [ 22.899058, 40.657266 ], [ 22.899036, 40.657242 ], [ 22.898969, 40.657276 ], [ 22.898975, 40.657353 ], [ 22.898911, 40.657375 ], [ 22.898935, 40.657445 ], [ 22.898998, 40.657433 ], [ 22.899008, 40.657464 ], [ 22.899121, 40.657446 ], [ 22.899108, 40.657378 ], [ 22.899195, 40.657363 ], [ 22.899227, 40.657379 ], [ 22.899264, 40.657387 ], [ 22.899303, 40.657386 ], [ 22.89934, 40.657378 ], [ 22.899372, 40.657362 ], [ 22.899397, 40.65734 ], [ 22.899412, 40.657313 ], [ 22.899418, 40.657284 ], [ 22.899412, 40.657255 ], [ 22.899396, 40.657229 ], [ 22.89937, 40.657207 ], [ 22.899337, 40.657191 ], [ 22.8993, 40.657183 ], [ 22.899262, 40.657183 ] ] ] } },
{ "type": "Feature", "properties": { "culture_type": "Culture", "culture_subtype": "Religious heritage", "culture_source": "culture_polygons", "path": "D:\\30.10\\datagis\\religion 2100.shp", "name": null, "name_el": null, "name_en": null, "amenity": "place_of_worship", "tourism": null, "historic": null, "religion": "christian", "museum": null, "theatre_ty": null, "library_ty": null, "symbol_origin": "none" }, "geometry": { "type": "Polygon", "coordinates": [ [ [ 22.886872, 40.658237 ], [ 22.886931, 40.658157 ], [ 22.886822, 40.658111 ], [ 22.886763, 40.658192 ], [ 22.886872, 40.658237 ] ] ] } },
{ "type": "Feature", "properties": { "culture_type": "Culture", "culture_subtype": "Religious heritage", "culture_source": "culture_polygons", "path": "D:\\30.10\\datagis\\religion 2100.shp", "name": "Τρεις Ιεράρχες", "name_el": null, "name_en": null, "amenity": "place_of_worship", "tourism": null, "historic": null, "religion": "christian", "museum": null, "theatre_ty": null, "library_ty": null, "symbol_origin": "none" }, "geometry": { "type": "Polygon", "coordinates": [ [ [ 22.803755, 40.659303 ], [ 22.803754, 40.659203 ], [ 22.80354, 40.659205 ], [ 22.803541, 40.659305 ], [ 22.803755, 40.659303 ] ] ] } },
{ "type": "Feature", "properties": { "culture_type": "Culture", "culture_subtype": "Religious heritage", "culture_source": "culture_polygons", "path": "D:\\30.10\\datagis\\religion 2100.shp", "name": "Άγιος Κοσμάς Αιτωλός", "name_el": null, "name_en": null, "amenity": "place_of_worship", "tourism": null, "historic": null, "religion": "christian", "museum": null, "theatre_ty": null, "library_ty": null, "symbol_origin": "none" }, "geometry": { "type": "Polygon", "coordinates": [ [ [ 22.907851, 40.66117 ], [ 22.908068, 40.66108 ], [ 22.907987, 40.660967 ], [ 22.907907, 40.660999 ], [ 22.907769, 40.661056 ], [ 22.907851, 40.66117 ] ] ] } },
{ "type": "Feature", "properties": { "culture_type": "Culture", "culture_subtype": "Theatre", "culture_source": "culture_polygons", "path": "D:\\30.10\\datagis\\theatre2100.shp", "name": "Θέατρο Κορδελιού - Πολυλειτουργικό Κέντρο", "name_el": null, "name_en": null, "amenity": "theatre", "tourism": null, "historic": null, "religion": null, "museum": null, "theatre_ty": null, "library_ty": null, "symbol_origin": "none" }, "geometry": { "type": "Polygon", "coordinates": [ [ [ 22.895077, 40.664868 ], [ 22.895577, 40.66526 ], [ 22.895836, 40.665078 ], [ 22.895362, 40.664683 ], [ 22.895077, 40.664868 ] ] ] } },
{ "type": "Feature", "properties": { "culture_type": "Culture", "culture_subtype": "Religious heritage", "culture_source": "culture_polygons", "path": "D:\\30.10\\datagis\\religion 2100.shp", "name": "Άγιος Γεώργιος", "name_el": null, "name_en": null, "amenity": "place_of_worship", "tourism": null, "historic": null, "religion": "christian", "museum": null, "theatre_ty": null, "library_ty": null, "symbol_origin": "none" }, "geometry": { "type": "Polygon", "coordinates": [ [ [ 22.897832, 40.665465 ], [ 22.897849, 40.665484 ], [ 22.897919, 40.665447 ], [ 22.89818, 40.665307 ], [ 22.89805, 40.665166 ], [ 22.897973, 40.665207 ], [ 22.897923, 40.665154 ], [ 22.897748, 40.665248 ], [ 22.897763, 40.665264 ], [ 22.897733, 40.66528 ], [ 22.897763, 40.665312 ], [ 22.897648, 40.665373 ], [ 22.897766, 40.6655 ], [ 22.897832, 40.665465 ] ] ] } },
{ "type": "Feature", "properties": { "culture_type": "Culture", "culture_subtype": "Religious heritage", "culture_source": "culture_polygons", "path": "D:\\30.10\\datagis\\religion 2100.shp", "name": "Αγία Αικατερίνη", "name_el": null, "name_en": null, "amenity": "place_of_worship", "tourism": null, "historic": null, "religion": "christian", "museum": null, "theatre_ty": null, "library_ty": null, "symbol_origin": "none" }, "geometry": { "type": "Polygon", "coordinates": [ [ [ 22.897944, 40.665473 ], [ 22.89791, 40.665491 ], [ 22.897979, 40.665565 ], [ 22.898013, 40.665547 ], [ 22.898033, 40.665569 ], [ 22.898287, 40.665415 ], [ 22.898216, 40.665345 ], [ 22.89818, 40.665307 ], [ 22.897919, 40.665447 ], [ 22.897944, 40.665473 ] ] ] } },
{ "type": "Feature", "properties": { "culture_type": "Culture", "culture_subtype": "Religious heritage", "culture_source": "culture_polygons", "path": "D:\\30.10\\datagis\\religion 2100.shp", "name": "Ι.Ν. Αγ. Γεωργίου", "name_el": null, "name_en": null, "amenity": "place_of_worship", "tourism": null, "historic": null, "religion": "christian", "museum": null, "theatre_ty": null, "library_ty": null, "symbol_origin": "none" }, "geometry": { "type": "Polygon", "coordinates": [ [ [ 23.029986, 40.427846 ], [ 23.030193, 40.427861 ], [ 23.030197, 40.427832 ], [ 23.030223, 40.427833 ], [ 23.030246, 40.427817 ], [ 23.030245, 40.42779 ], [ 23.030208, 40.427778 ], [ 23.030212, 40.427744 ], [ 23.03, 40.427729 ], [ 23.029986, 40.427846 ] ] ] } },
{ "type": "Feature", "properties": { "culture_type": "Culture", "culture_subtype": "Religious heritage", "culture_source": "culture_polygons", "path": "D:\\30.10\\datagis\\religion 2100.shp", "name": "Ι.Ν. Μεταμόρφωσης του Σωτήρος", "name_el": null, "name_en": null, "amenity": "place_of_worship", "tourism": null, "historic": null, "religion": "christian", "museum": null, "theatre_ty": null, "library_ty": null, "symbol_origin": "none" }, "geometry": { "type": "Polygon", "coordinates": [ [ [ 23.134401, 40.434514 ], [ 23.134829, 40.434598 ], [ 23.134788, 40.434456 ], [ 23.134739, 40.434393 ], [ 23.134488, 40.434301 ], [ 23.134401, 40.434514 ] ] ] } },
{ "type": "Feature", "properties": { "culture_type": "Culture", "culture_subtype": "Religious heritage", "culture_source": "culture_polygons", "path": "D:\\30.10\\datagis\\religion 2100.shp", "name": "Ι.Ν. Αγ. Αντωνίου", "name_el": null, "name_en": null, "amenity": "place_of_worship", "tourism": null, "historic": null, "religion": "christian", "museum": null, "theatre_ty": null, "library_ty": null, "symbol_origin": "none" }, "geometry": { "type": "Polygon", "coordinates": [ [ [ 23.090587, 40.436547 ], [ 23.090947, 40.43662 ], [ 23.091077, 40.436442 ], [ 23.090672, 40.436352 ], [ 23.090587, 40.436547 ] ] ] } },
{ "type": "Feature", "properties": { "culture_type": "Culture", "culture_subtype": "Theatre", "culture_source": "culture_polygons", "path": "D:\\30.10\\datagis\\theatre2100.shp", "name": "Θεατρικό Εργαστήρι Σουρωτής", "name_el": null, "name_en": null, "amenity": "theatre", "tourism": null, "historic": null, "religion": null, "museum": null, "theatre_ty": null, "library_ty": null, "symbol_origin": "none" }, "geometry": { "type": "Polygon", "coordinates": [ [ [ 23.091726, 40.473472 ], [ 23.091698, 40.473327 ], [ 23.091562, 40.473342 ], [ 23.09159, 40.473487 ], [ 23.091726, 40.473472 ] ] ] } },
{ "type": "Feature", "properties": { "culture_type": "Culture", "culture_subtype": "Religious heritage", "culture_source": "culture_polygons", "path": "D:\\30.10\\datagis\\religion 2100.shp", "name": "Ι.Ν. Αγ. Αναργύρων", "name_el": null, "name_en": null, "amenity": "place_of_worship", "tourism": null, "historic": null, "religion": "christian", "museum": null, "theatre_ty": null, "library_ty": null, "symbol_origin": "none" }, "geometry": { "type": "Polygon", "coordinates": [ [ [ 23.091023, 40.473683 ], [ 23.091321, 40.473692 ], [ 23.091327, 40.473584 ], [ 23.091028, 40.473576 ], [ 23.091023, 40.473683 ] ] ] } },
{ "type": "Feature", "properties": { "culture_type": "Culture", "culture_subtype": "Religious heritage", "culture_source": "culture_polygons", "path": "D:\\30.10\\datagis\\religion 2100.shp", "name": null, "name_el": null, "name_en": null, "amenity": "place_of_worship", "tourism": null, "historic": null, "religion": "christian", "museum": null, "theatre_ty": null, "library_ty": null, "symbol_origin": "none" }, "geometry": { "type": "Polygon", "coordinates": [ [ [ 23.071531, 40.473889 ], [ 23.07156, 40.473889 ], [ 23.071573, 40.473899 ], [ 23.071591, 40.473901 ], [ 23.071625, 40.473901 ], [ 23.071642, 40.47389 ], [ 23.071668, 40.473863 ], [ 23.071669, 40.473854 ], [ 23.07166, 40.473841 ], [ 23.071634, 40.473828 ], [ 23.071621, 40.47381 ], [ 23.071586, 40.473809 ], [ 23.071562, 40.473826 ], [ 23.07155, 40.473823 ], [ 23.071553, 40.473776 ], [ 23.071396, 40.473776 ], [ 23.071397, 40.473805 ], [ 23.071371, 40.473805 ], [ 23.071371, 40.473889 ], [ 23.071388, 40.473888 ], [ 23.071392, 40.473929 ], [ 23.071532, 40.473933 ], [ 23.071531, 40.473889 ] ] ] } },
{ "type": "Feature", "properties": { "culture_type": "Culture", "culture_subtype": "Religious heritage", "culture_source": "culture_polygons", "path": "D:\\30.10\\datagis\\religion 2100.shp", "name": null, "name_el": null, "name_en": null, "amenity": "place_of_worship", "tourism": null, "historic": null, "religion": "christian", "museum": null, "theatre_ty": null, "library_ty": null, "symbol_origin": "none" }, "geometry": { "type": "Polygon", "coordinates": [ [ [ 23.071245, 40.474778 ], [ 23.071349, 40.47478 ], [ 23.071371, 40.474765 ], [ 23.071372, 40.474759 ], [ 23.071384, 40.474757 ], [ 23.071391, 40.474765 ], [ 23.071413, 40.474768 ], [ 23.071451, 40.474767 ], [ 23.071455, 40.474753 ], [ 23.071504, 40.474751 ], [ 23.071504, 40.474699 ], [ 23.071517, 40.474688 ], [ 23.071522, 40.474673 ], [ 23.0715, 40.474656 ], [ 23.071444, 40.474652 ], [ 23.071444, 40.474639 ], [ 23.071423, 40.474619 ], [ 23.071393, 40.474622 ], [ 23.071377, 40.474647 ], [ 23.071358, 40.474646 ], [ 23.071345, 40.474635 ], [ 23.071315, 40.474623 ], [ 23.0713, 40.474635 ], [ 23.071234, 40.474635 ], [ 23.071244, 40.474754 ], [ 23.071245, 40.474778 ] ] ] } },
{ "type": "Feature", "properties": { "culture_type": "Culture", "culture_subtype": "Religious heritage", "culture_source": "culture_polygons", "path": "D:\\30.10\\datagis\\religion 2100.shp", "name": "Λαιμός Αγίας Παρασκευής", "name_el": null, "name_en": null, "amenity": "place_of_worship", "tourism": null, "historic": null, "religion": "christian", "museum": null, "theatre_ty": null, "library_ty": null, "symbol_origin": "none" }, "geometry": { "type": "Polygon", "coordinates": [ [ [ 23.058525, 40.475524 ], [ 23.058552, 40.475486 ], [ 23.058469, 40.475452 ], [ 23.058437, 40.475497 ], [ 23.058504, 40.475524 ], [ 23.058525, 40.475524 ] ] ] } },
{ "type": "Feature", "properties": { "culture_type": "Culture", "culture_subtype": "Religious heritage", "culture_source": "culture_polygons", "path": "D:\\30.10\\datagis\\religion 2100.shp", "name": "Ι.Ν. Αγίου Γεωργίου", "name_el": "Ι.Ν. Αγίου Γεωργίου", "name_en": null, "amenity": "place_of_worship", "tourism": null, "historic": null, "religion": "christian", "museum": null, "theatre_ty": null, "library_ty": null, "symbol_origin": "none" }, "geometry": { "type": "Polygon", "coordinates": [ [ [ 23.136141, 40.480169 ], [ 23.136134, 40.480128 ], [ 23.13616, 40.48012 ], [ 23.136176, 40.480106 ], [ 23.136174, 40.480079 ], [ 23.136155, 40.480063 ], [ 23.136128, 40.48006 ], [ 23.136122, 40.480026 ], [ 23.135768, 40.480059 ], [ 23.135791, 40.480202 ], [ 23.136141, 40.480169 ] ] ] } },
{ "type": "Feature", "properties": { "culture_type": "Culture", "culture_subtype": "Religious heritage", "culture_source": "culture_polygons", "path": "D:\\30.10\\datagis\\religion 2100.shp", "name": "Ι.Ν. Αγ. Παρασκευής", "name_el": null, "name_en": null, "amenity": "place_of_worship", "tourism": null, "historic": null, "religion": "christian", "museum": null, "theatre_ty": null, "library_ty": null, "symbol_origin": "none" }, "geometry": { "type": "Polygon", "coordinates": [ [ [ 23.049173, 40.480391 ], [ 23.049419, 40.480373 ], [ 23.049408, 40.480247 ], [ 23.049159, 40.480265 ], [ 23.049173, 40.480391 ] ] ] } },
{ "type": "Feature", "properties": { "culture_type": "Culture", "culture_subtype": "Theatre", "culture_source": "culture_polygons", "path": "D:\\30.10\\datagis\\theatre2100.shp", "name": null, "name_el": null, "name_en": null, "amenity": "theatre", "tourism": null, "historic": null, "religion": null, "museum": null, "theatre_ty": "amphi", "library_ty": null, "symbol_origin": "none" }, "geometry": { "type": "Polygon", "coordinates": [ [ [ 23.124096, 40.481465 ], [ 23.124103, 40.481431 ], [ 23.124053, 40.481397 ], [ 23.123999, 40.481411 ], [ 23.123985, 40.481449 ], [ 23.124096, 40.481465 ] ] ] } },
{ "type": "Feature", "properties": { "culture_type": "Culture", "culture_subtype": "Theatre", "culture_source": "culture_polygons", "path": "D:\\30.10\\datagis\\theatre2100.shp", "name": null, "name_el": null, "name_en": null, "amenity": "theatre", "tourism": null, "historic": null, "religion": null, "museum": null, "theatre_ty": "amphi", "library_ty": null, "symbol_origin": "none" }, "geometry": { "type": "Polygon", "coordinates": [ [ [ 23.048464, 40.481411 ], [ 23.048545, 40.4814 ], [ 23.048602, 40.481323 ], [ 23.04851, 40.481276 ], [ 23.048425, 40.481361 ], [ 23.048464, 40.481411 ] ] ] } },
{ "type": "Feature", "properties": { "culture_type": "Culture", "culture_subtype": "Religious heritage", "culture_source": "culture_polygons", "path": "D:\\30.10\\datagis\\religion 2100.shp", "name": "Άγιος Αθανάσιος", "name_el": null, "name_en": null, "amenity": "place_of_worship", "tourism": null, "historic": null, "religion": "christian", "museum": null, "theatre_ty": null, "library_ty": null, "symbol_origin": "none" }, "geometry": { "type": "Polygon", "coordinates": [ [ [ 23.040869, 40.483963 ], [ 23.04087, 40.483911 ], [ 23.040792, 40.48391 ], [ 23.040791, 40.483962 ], [ 23.040869, 40.483963 ] ] ] } },
{ "type": "Feature", "properties": { "culture_type": "Culture", "culture_subtype": "Historic site", "culture_source": "culture_polygons", "path": "D:\\30.10\\datagis\\historic site2100.shp", "name": "Αρχαϊκή Νεκρόπολη Αγίας Παρασκευής", "name_el": null, "name_en": null, "amenity": null, "tourism": null, "historic": "archaeological_site", "religion": null, "museum": null, "theatre_ty": null, "library_ty": null, "symbol_origin": "none" }, "geometry": { "type": "Polygon", "coordinates": [ [ [ 23.035406, 40.485003 ], [ 23.035449, 40.48503 ], [ 23.035502, 40.485037 ], [ 23.035584, 40.485028 ], [ 23.035669, 40.485039 ], [ 23.03575, 40.485064 ], [ 23.035834, 40.485081 ], [ 23.035979, 40.485102 ], [ 23.036118, 40.485125 ], [ 23.036228, 40.485114 ], [ 23.036391, 40.48504 ], [ 23.03647, 40.484877 ], [ 23.036561, 40.484787 ], [ 23.036579, 40.484459 ], [ 23.036555, 40.484355 ], [ 23.036382, 40.484189 ], [ 23.036124, 40.484107 ], [ 23.035878, 40.484107 ], [ 23.035707, 40.484133 ], [ 23.035599, 40.484184 ], [ 23.035424, 40.484194 ], [ 23.035238, 40.4842 ], [ 23.035156, 40.484225 ], [ 23.035138, 40.484285 ], [ 23.035142, 40.484376 ], [ 23.035225, 40.484609 ], [ 23.035293, 40.484821 ], [ 23.035372, 40.48496 ], [ 23.035406, 40.485003 ] ] ] } },
{ "type": "Feature", "properties": { "culture_type": "Culture", "culture_subtype": "Religious heritage", "culture_source": "culture_polygons", "path": "D:\\30.10\\datagis\\religion 2100.shp", "name": null, "name_el": null, "name_en": null, "amenity": "place_of_worship", "tourism": null, "historic": null, "religion": "christian", "museum": null, "theatre_ty": null, "library_ty": null, "symbol_origin": "none" }, "geometry": { "type": "Polygon", "coordinates": [ [ [ 23.172554, 40.486839 ], [ 23.172559, 40.4868 ], [ 23.172475, 40.486794 ], [ 23.17247, 40.486834 ], [ 23.172554, 40.486839 ] ] ] } },
{ "type": "Feature", "properties": { "culture_type": "Culture", "culture_subtype": "Religious heritage", "culture_source": "culture_polygons", "path": "D:\\30.10\\datagis\\religion 2100.shp", "name": "Ναός Παναγίας Παντανάσσης", "name_el": null, "name_en": null, "amenity": "place_of_worship", "tourism": null, "historic": null, "religion": "christian", "museum": null, "theatre_ty": null, "library_ty": null, "symbol_origin": "none" }, "geometry": { "type": "Polygon", "coordinates": [ [ [ 23.138382, 40.513048 ], [ 23.138522, 40.512989 ], [ 23.138382, 40.512793 ], [ 23.138241, 40.512851 ], [ 23.138382, 40.513048 ] ] ] } },
{ "type": "Feature", "properties": { "culture_type": "Culture", "culture_subtype": "Religious heritage", "culture_source": "culture_polygons", "path": "D:\\30.10\\datagis\\religion 2100.shp", "name": "Ι.Ν. Αγ. Δημητρίου", "name_el": null, "name_en": null, "amenity": "place_of_worship", "tourism": null, "historic": null, "religion": "christian", "museum": null, "theatre_ty": null, "library_ty": null, "symbol_origin": "none" }, "geometry": { "type": "Polygon", "coordinates": [ [ [ 23.109761, 40.514952 ], [ 23.109795, 40.515069 ], [ 23.110108, 40.515017 ], [ 23.110075, 40.5149 ], [ 23.109761, 40.514952 ] ] ] } },
{ "type": "Feature", "properties": { "culture_type": "Culture", "culture_subtype": "Religious heritage", "culture_source": "culture_polygons", "path": "D:\\30.10\\datagis\\religion 2100.shp", "name": "Ι.Ν. Αγ. Αθανασίου", "name_el": null, "name_en": null, "amenity": "place_of_worship", "tourism": null, "historic": null, "religion": "christian", "museum": null, "theatre_ty": null, "library_ty": null, "symbol_origin": "none" }, "geometry": { "type": "Polygon", "coordinates": [ [ [ 23.052756, 40.525056 ], [ 23.052528, 40.524899 ], [ 23.052424, 40.52489 ], [ 23.052297, 40.524935 ], [ 23.05219, 40.525013 ], [ 23.052173, 40.525101 ], [ 23.052464, 40.525302 ], [ 23.052756, 40.525056 ] ] ] } },
{ "type": "Feature", "properties": { "culture_type": "Culture", "culture_subtype": "Religious heritage", "culture_source": "culture_polygons", "path": "D:\\30.10\\datagis\\religion 2100.shp", "name": null, "name_el": null, "name_en": null, "amenity": "place_of_worship", "tourism": null, "historic": null, "religion": "christian", "museum": null, "theatre_ty": null, "library_ty": null, "symbol_origin": "none" }, "geometry": { "type": "Polygon", "coordinates": [ [ [ 23.109633, 40.530315 ], [ 23.109613, 40.530248 ], [ 23.109472, 40.53027 ], [ 23.10949, 40.530338 ], [ 23.109633, 40.530315 ] ] ] } },
{ "type": "Feature", "properties": { "culture_type": "Culture", "culture_subtype": "Religious heritage", "culture_source": "culture_polygons", "path": "D:\\30.10\\datagis\\religion 2100.shp", "name": null, "name_el": null, "name_en": null, "amenity": "place_of_worship", "tourism": null, "historic": null, "religion": "christian", "museum": null, "theatre_ty": null, "library_ty": null, "symbol_origin": "none" }, "geometry": { "type": "Polygon", "coordinates": [ [ [ 23.150632, 40.539776 ], [ 23.15089, 40.539687 ], [ 23.150818, 40.539567 ], [ 23.15056, 40.539656 ], [ 23.150632, 40.539776 ] ] ] } },
{ "type": "Feature", "properties": { "culture_type": "Culture", "culture_subtype": "Religious heritage", "culture_source": "culture_polygons", "path": "D:\\30.10\\datagis\\religion 2100.shp", "name": "Ι.Ν. Μεταμορφώσεως του Σωτήρος", "name_el": null, "name_en": null, "amenity": "place_of_worship", "tourism": null, "historic": null, "religion": "christian", "museum": null, "theatre_ty": null, "library_ty": null, "symbol_origin": "none" }, "geometry": { "type": "Polygon", "coordinates": [ [ [ 22.988609, 40.495863 ], [ 22.988662, 40.49584 ], [ 22.988696, 40.49581 ], [ 22.988707, 40.495641 ], [ 22.988711, 40.495584 ], [ 22.988716, 40.495543 ], [ 22.988581, 40.495472 ], [ 22.988514, 40.495468 ], [ 22.987948, 40.495454 ], [ 22.987939, 40.49584 ], [ 22.988609, 40.495863 ] ] ] } },
{ "type": "Feature", "properties": { "culture_type": "Culture", "culture_subtype": "Museum", "culture_source": "culture_polygons", "path": "D:\\30.10\\datagis\\museum2100.shp", "name": "Μουσειο Αεροποριας", "name_el": null, "name_en": null, "amenity": null, "tourism": "museum", "historic": null, "religion": null, "museum": null, "theatre_ty": null, "library_ty": null, "symbol_origin": "none" }, "geometry": { "type": "Polygon", "coordinates": [ [ [ 22.982299, 40.515026 ], [ 22.98224, 40.514857 ], [ 22.982074, 40.51489 ], [ 22.982133, 40.515059 ], [ 22.982299, 40.515026 ] ] ] } },
{ "type": "Feature", "properties": { "culture_type": "Culture", "culture_subtype": "Theatre", "culture_source": "culture_polygons", "path": "D:\\30.10\\datagis\\theatre2100.shp", "name": "Amphitheater", "name_el": null, "name_en": null, "amenity": "theatre", "tourism": null, "historic": null, "religion": null, "museum": null, "theatre_ty": null, "library_ty": null, "symbol_origin": "none" }, "geometry": { "type": "Polygon", "coordinates": [ [ [ 23.015815, 40.541366 ], [ 23.01579, 40.54138 ], [ 23.015767, 40.541406 ], [ 23.015767, 40.541432 ], [ 23.015776, 40.54146 ], [ 23.015799, 40.541483 ], [ 23.015833, 40.541491 ], [ 23.015868, 40.541488 ], [ 23.0159, 40.541474 ], [ 23.015932, 40.541446 ], [ 23.015815, 40.541366 ] ] ] } },
{ "type": "Feature", "properties": { "culture_type": "Culture", "culture_subtype": "Religious heritage", "culture_source": "culture_polygons", "path": "D:\\30.10\\datagis\\religion 2100.shp", "name": "Εκκλησία Αγίου Γεωργίου", "name_el": null, "name_en": null, "amenity": "place_of_worship", "tourism": null, "historic": null, "religion": "christian", "museum": null, "theatre_ty": null, "library_ty": null, "symbol_origin": "none" }, "geometry": { "type": "Polygon", "coordinates": [ [ [ 23.020526, 40.546277 ], [ 23.020609, 40.546288 ], [ 23.020741, 40.546306 ], [ 23.020755, 40.546247 ], [ 23.020758, 40.546235 ], [ 23.020861, 40.546249 ], [ 23.02087, 40.546211 ], [ 23.020806, 40.546203 ], [ 23.020756, 40.546196 ], [ 23.020568, 40.546171 ], [ 23.020473, 40.546158 ], [ 23.020448, 40.546266 ], [ 23.020526, 40.546277 ] ] ] } },
{ "type": "Feature", "properties": { "culture_type": "Culture", "culture_subtype": "Religious heritage", "culture_source": "culture_polygons", "path": "D:\\30.10\\datagis\\religion 2100.shp", "name": "Ι.Ν. Αγ. Νικολάου", "name_el": null, "name_en": null, "amenity": "place_of_worship", "tourism": null, "historic": null, "religion": "christian", "museum": null, "theatre_ty": null, "library_ty": null, "symbol_origin": "none" }, "geometry": { "type": "Polygon", "coordinates": [ [ [ 23.018527, 40.546639 ], [ 23.01892, 40.546619 ], [ 23.018949, 40.546513 ], [ 23.018902, 40.546415 ], [ 23.01851, 40.546435 ], [ 23.018527, 40.546639 ] ] ] } },
{ "type": "Feature", "properties": { "culture_type": "Culture", "culture_subtype": "Religious heritage", "culture_source": "culture_polygons", "path": "D:\\30.10\\datagis\\religion 2100.shp", "name": "Μονή Τιμίου Προδρόμου Αγίας Ειρήνης (Παλαιοημερολογιτών)", "name_el": null, "name_en": null, "amenity": "place_of_worship", "tourism": null, "historic": null, "religion": null, "museum": null, "theatre_ty": null, "library_ty": null, "symbol_origin": "none" }, "geometry": { "type": "Polygon", "coordinates": [ [ [ 23.011226, 40.552511 ], [ 23.011776, 40.552952 ], [ 23.011835, 40.553 ], [ 23.012004, 40.552878 ], [ 23.012265, 40.552676 ], [ 23.012021, 40.552442 ], [ 23.011711, 40.552165 ], [ 23.011226, 40.552511 ] ] ] } },
{ "type": "Feature", "properties": { "culture_type": "Culture", "culture_subtype": "Religious heritage", "culture_source": "culture_polygons", "path": "D:\\30.10\\datagis\\religion 2100.shp", "name": "Άγιος Τρύφωνας", "name_el": null, "name_en": null, "amenity": "place_of_worship", "tourism": null, "historic": null, "religion": "christian", "museum": null, "theatre_ty": null, "library_ty": null, "symbol_origin": "none" }, "geometry": { "type": "Polygon", "coordinates": [ [ [ 23.017177, 40.553824 ], [ 23.017193, 40.553723 ], [ 23.016944, 40.5537 ], [ 23.016927, 40.553801 ], [ 23.017177, 40.553824 ] ] ] } },
{ "type": "Feature", "properties": { "culture_type": "Culture", "culture_subtype": "Religious heritage", "culture_source": "culture_polygons", "path": "D:\\30.10\\datagis\\religion 2100.shp", "name": "Άγιος Ανδρέας", "name_el": null, "name_en": null, "amenity": "place_of_worship", "tourism": null, "historic": null, "religion": "christian", "museum": null, "theatre_ty": null, "library_ty": null, "symbol_origin": "none" }, "geometry": { "type": "Polygon", "coordinates": [ [ [ 22.99203, 40.555441 ], [ 22.99203, 40.555482 ], [ 22.992292, 40.555482 ], [ 22.992292, 40.555443 ], [ 22.992317, 40.555434 ], [ 22.99233, 40.555413 ], [ 22.992328, 40.55539 ], [ 22.992315, 40.555371 ], [ 22.992288, 40.555366 ], [ 22.992287, 40.555333 ], [ 22.992033, 40.555334 ], [ 22.992033, 40.555371 ], [ 22.991994, 40.555371 ], [ 22.991994, 40.555441 ], [ 22.99203, 40.555441 ] ] ] } },
{ "type": "Feature", "properties": { "culture_type": "Culture", "culture_subtype": "Religious heritage", "culture_source": "culture_polygons", "path": "D:\\30.10\\datagis\\religion 2100.shp", "name": "Εξωκλήσι Αγίου Γεωργίου", "name_el": null, "name_en": null, "amenity": "place_of_worship", "tourism": null, "historic": null, "religion": "christian", "museum": null, "theatre_ty": null, "library_ty": null, "symbol_origin": "none" }, "geometry": { "type": "Polygon", "coordinates": [ [ [ 22.990547, 40.555223 ], [ 22.990418, 40.555444 ], [ 22.990386, 40.555654 ], [ 22.9906, 40.555739 ], [ 22.990637, 40.555748 ], [ 22.990676, 40.55574 ], [ 22.990716, 40.555721 ], [ 22.990749, 40.555694 ], [ 22.990773, 40.555657 ], [ 22.990792, 40.555617 ], [ 22.990804, 40.5553 ], [ 22.990547, 40.555223 ] ] ] } },
{ "type": "Feature", "properties": { "culture_type": "Culture", "culture_subtype": "Theatre", "culture_source": "culture_polygons", "path": "D:\\30.10\\datagis\\theatre2100.shp", "name": null, "name_el": null, "name_en": null, "amenity": "theatre", "tourism": null, "historic": null, "religion": null, "museum": null, "theatre_ty": "amphi", "library_ty": null, "symbol_origin": "none" }, "geometry": { "type": "Polygon", "coordinates": [ [ [ 23.009918, 40.562099 ], [ 23.009906, 40.562118 ], [ 23.009895, 40.562143 ], [ 23.009888, 40.56217 ], [ 23.009887, 40.562193 ], [ 23.00989, 40.562218 ], [ 23.009894, 40.562243 ], [ 23.009905, 40.562264 ], [ 23.009919, 40.562282 ], [ 23.009944, 40.562306 ], [ 23.009974, 40.562323 ], [ 23.010005, 40.562335 ], [ 23.01004, 40.562344 ], [ 23.010075, 40.562351 ], [ 23.010114, 40.562352 ], [ 23.010151, 40.56235 ], [ 23.010187, 40.562343 ], [ 23.010219, 40.562332 ], [ 23.010247, 40.562316 ], [ 23.010272, 40.562294 ], [ 23.010292, 40.562265 ], [ 23.010307, 40.56224 ], [ 23.01032, 40.562213 ], [ 23.009918, 40.562099 ] ] ] } },
{ "type": "Feature", "properties": { "culture_type": "Culture", "culture_subtype": "Religious heritage", "culture_source": "culture_polygons", "path": "D:\\30.10\\datagis\\religion 2100.shp", "name": null, "name_el": null, "name_en": null, "amenity": "place_of_worship", "tourism": null, "historic": null, "religion": null, "museum": null, "theatre_ty": null, "library_ty": null, "symbol_origin": "none" }, "geometry": { "type": "Polygon", "coordinates": [ [ [ 23.215081, 40.513464 ], [ 23.215095, 40.51341 ], [ 23.215019, 40.513391 ], [ 23.214976, 40.513456 ], [ 23.215081, 40.513464 ] ] ] } },
{ "type": "Feature", "properties": { "culture_type": "Culture", "culture_subtype": "Religious heritage", "culture_source": "culture_polygons", "path": "D:\\30.10\\datagis\\religion 2100.shp", "name": "Προφήτης Ηλίας", "name_el": "Προφήτης Ηλίας", "name_en": null, "amenity": "place_of_worship", "tourism": null, "historic": null, "religion": "christian", "museum": null, "theatre_ty": null, "library_ty": null, "symbol_origin": "none" }, "geometry": { "type": "Polygon", "coordinates": [ [ [ 23.283913, 40.51519 ], [ 23.2842, 40.515187 ], [ 23.284197, 40.515039 ], [ 23.28391, 40.515042 ], [ 23.283913, 40.51519 ] ] ] } },
{ "type": "Feature", "properties": { "culture_type": "Culture", "culture_subtype": "Historic site", "culture_source": "culture_polygons", "path": "D:\\30.10\\datagis\\historic site2100.shp", "name": "Σεβαστείο Καλίνδοιας", "name_el": "Σεβαστείο Καλίνδοιας", "name_en": "Sebasteion of Kalindoia", "amenity": null, "tourism": null, "historic": "archaeological_site", "religion": null, "museum": null, "theatre_ty": null, "library_ty": null, "symbol_origin": "none" }, "geometry": { "type": "Polygon", "coordinates": [ [ [ 23.364435, 40.536109 ], [ 23.364419, 40.535815 ], [ 23.364122, 40.53579 ], [ 23.364178, 40.536878 ], [ 23.364841, 40.536875 ], [ 23.36487, 40.536107 ], [ 23.364435, 40.536109 ] ] ] } },
{ "type": "Feature", "properties": { "culture_type": "Culture", "culture_subtype": "Historic site", "culture_source": "culture_polygons", "path": "D:\\30.10\\datagis\\historic site2100.shp", "name": null, "name_el": null, "name_en": null, "amenity": null, "tourism": null, "historic": "archaeological_site", "religion": null, "museum": null, "theatre_ty": null, "library_ty": null, "symbol_origin": "none" }, "geometry": { "type": "Polygon", "coordinates": [ [ [ 23.366016, 40.53697 ], [ 23.365592, 40.53657 ], [ 23.365571, 40.536167 ], [ 23.365844, 40.536077 ], [ 23.366397, 40.53624 ], [ 23.366643, 40.536534 ], [ 23.366917, 40.536709 ], [ 23.367593, 40.536737 ], [ 23.367743, 40.536962 ], [ 23.367732, 40.537172 ], [ 23.367775, 40.537235 ], [ 23.36814, 40.537316 ], [ 23.368639, 40.537316 ], [ 23.368993, 40.537165 ], [ 23.369052, 40.536953 ], [ 23.368977, 40.536783 ], [ 23.36872, 40.536646 ], [ 23.367394, 40.535914 ], [ 23.367352, 40.536163 ], [ 23.36652, 40.535983 ], [ 23.365973, 40.5358 ], [ 23.365571, 40.535828 ], [ 23.365227, 40.536024 ], [ 23.365184, 40.53626 ], [ 23.365243, 40.536587 ], [ 23.36549, 40.537023 ], [ 23.365951, 40.537267 ], [ 23.366837, 40.537512 ], [ 23.367577, 40.537483 ], [ 23.366992, 40.537178 ], [ 23.366016, 40.53697 ] ] ] } },
{ "type": "Feature", "properties": { "culture_type": "Culture", "culture_subtype": "Religious heritage", "culture_source": "culture_polygons", "path": "D:\\30.10\\datagis\\religion 2100.shp", "name": null, "name_el": null, "name_en": null, "amenity": "place_of_worship", "tourism": null, "historic": null, "religion": "christian", "museum": null, "theatre_ty": null, "library_ty": null, "symbol_origin": "none" }, "geometry": { "type": "Polygon", "coordinates": [ [ [ 23.315754, 40.553733 ], [ 23.315918, 40.553712 ], [ 23.315901, 40.553639 ], [ 23.315735, 40.553662 ], [ 23.315754, 40.553733 ] ] ] } },
{ "type": "Feature", "properties": { "culture_type": "Culture", "culture_subtype": "Religious heritage", "culture_source": "culture_polygons", "path": "D:\\30.10\\datagis\\religion 2100.shp", "name": null, "name_el": null, "name_en": null, "amenity": "place_of_worship", "tourism": null, "historic": null, "religion": "christian", "museum": null, "theatre_ty": null, "library_ty": null, "symbol_origin": "none" }, "geometry": { "type": "Polygon", "coordinates": [ [ [ 23.300212, 40.553733 ], [ 23.300547, 40.553715 ], [ 23.300535, 40.553588 ], [ 23.3002, 40.553606 ], [ 23.300212, 40.553733 ] ] ] } },
{ "type": "Feature", "properties": { "culture_type": "Culture", "culture_subtype": "Religious heritage", "culture_source": "culture_polygons", "path": "D:\\30.10\\datagis\\religion 2100.shp", "name": "Άγιος Γεώργιος", "name_el": "Άγιος Γεώργιος", "name_en": null, "amenity": "place_of_worship", "tourism": null, "historic": null, "religion": "christian", "museum": null, "theatre_ty": null, "library_ty": null, "symbol_origin": "none" }, "geometry": { "type": "Polygon", "coordinates": [ [ [ 23.354117, 40.568009 ], [ 23.354113, 40.567895 ], [ 23.353875, 40.567899 ], [ 23.353879, 40.568013 ], [ 23.354117, 40.568009 ] ] ] } },
{ "type": "Feature", "properties": { "culture_type": "Culture", "culture_subtype": "Religious heritage", "culture_source": "culture_polygons", "path": "D:\\30.10\\datagis\\religion 2100.shp", "name": "Άγιος Γεώργιος", "name_el": "Άγιος Γεώργιος", "name_en": null, "amenity": "place_of_worship", "tourism": null, "historic": null, "religion": "christian", "museum": null, "theatre_ty": null, "library_ty": null, "symbol_origin": "none" }, "geometry": { "type": "Polygon", "coordinates": [ [ [ 23.287362, 40.571917 ], [ 23.287739, 40.571907 ], [ 23.287734, 40.571763 ], [ 23.287348, 40.571763 ], [ 23.287362, 40.571917 ] ] ] } },
{ "type": "Feature", "properties": { "culture_type": "Culture", "culture_subtype": "Religious heritage", "culture_source": "culture_polygons", "path": "D:\\30.10\\datagis\\religion 2100.shp", "name": "Αγία Ακκυλίνα", "name_el": "Αγία Ακκυλίνα", "name_en": null, "amenity": "place_of_worship", "tourism": null, "historic": null, "religion": "christian", "museum": null, "theatre_ty": null, "library_ty": null, "symbol_origin": "none" }, "geometry": { "type": "Polygon", "coordinates": [ [ [ 23.292964, 40.573843 ], [ 23.29311, 40.57379 ], [ 23.293132, 40.573825 ], [ 23.293273, 40.573774 ], [ 23.293249, 40.573735 ], [ 23.293279, 40.573724 ], [ 23.293206, 40.573608 ], [ 23.29317, 40.573621 ], [ 23.293155, 40.573597 ], [ 23.293029, 40.573643 ], [ 23.293047, 40.573672 ], [ 23.292892, 40.573728 ], [ 23.292964, 40.573843 ] ] ] } },
{ "type": "Feature", "properties": { "culture_type": "Culture", "culture_subtype": "Religious heritage", "culture_source": "culture_polygons", "path": "D:\\30.10\\datagis\\religion 2100.shp", "name": "Άγιος Αθανάσιος εν Άθω", "name_el": null, "name_en": null, "amenity": "place_of_worship", "tourism": null, "historic": null, "religion": "christian", "museum": null, "theatre_ty": null, "library_ty": null, "symbol_origin": "none" }, "geometry": { "type": "Polygon", "coordinates": [ [ [ 23.232162, 40.578956 ], [ 23.232092, 40.578865 ], [ 23.231918, 40.578943 ], [ 23.231987, 40.579033 ], [ 23.232162, 40.578956 ] ] ] } },
{ "type": "Feature", "properties": { "culture_type": "Culture", "culture_subtype": "Religious heritage", "culture_source": "culture_polygons", "path": "D:\\30.10\\datagis\\religion 2100.shp", "name": "Ιερό Παρεκκλήσιο Κοιμητηρίου", "name_el": "Ιερό Παρεκκλήσιο Κοιμητηρίου", "name_en": "Cemetery Chapel", "amenity": "place_of_worship", "tourism": null, "historic": null, "religion": "christian", "museum": null, "theatre_ty": null, "library_ty": null, "symbol_origin": "none" }, "geometry": { "type": "Polygon", "coordinates": [ [ [ 23.051834, 40.546998 ], [ 23.051835, 40.546961 ], [ 23.051748, 40.54696 ], [ 23.051747, 40.546997 ], [ 23.051834, 40.546998 ] ] ] } },
{ "type": "Feature", "properties": { "culture_type": "Culture", "culture_subtype": "Religious heritage", "culture_source": "culture_polygons", "path": "D:\\30.10\\datagis\\religion 2100.shp", "name": null, "name_el": null, "name_en": null, "amenity": "place_of_worship", "tourism": null, "historic": null, "religion": "christian", "museum": null, "theatre_ty": null, "library_ty": null, "symbol_origin": "none" }, "geometry": { "type": "Polygon", "coordinates": [ [ [ 23.045072, 40.547416 ], [ 23.045068, 40.547327 ], [ 23.044928, 40.547331 ], [ 23.044932, 40.54742 ], [ 23.045072, 40.547416 ] ] ] } },
{ "type": "Feature", "properties": { "culture_type": "Culture", "culture_subtype": "Religious heritage", "culture_source": "culture_polygons", "path": "D:\\30.10\\datagis\\religion 2100.shp", "name": "Ι.Ν. Αγ. Γεωργίου", "name_el": null, "name_en": null, "amenity": "place_of_worship", "tourism": null, "historic": null, "religion": "christian", "museum": null, "theatre_ty": null, "library_ty": null, "symbol_origin": "none" }, "geometry": { "type": "Polygon", "coordinates": [ [ [ 23.048758, 40.547926 ], [ 23.048729, 40.548145 ], [ 23.049027, 40.548166 ], [ 23.049409, 40.548163 ], [ 23.049418, 40.547938 ], [ 23.048758, 40.547926 ] ] ] } },
{ "type": "Feature", "properties": { "culture_type": "Culture", "culture_subtype": "Religious heritage", "culture_source": "culture_polygons", "path": "D:\\30.10\\datagis\\religion 2100.shp", "name": null, "name_el": null, "name_en": null, "amenity": "place_of_worship", "tourism": null, "historic": null, "religion": "christian", "museum": null, "theatre_ty": null, "library_ty": null, "symbol_origin": "none" }, "geometry": { "type": "Polygon", "coordinates": [ [ [ 23.166196, 40.549243 ], [ 23.166183, 40.549227 ], [ 23.166262, 40.549191 ], [ 23.166243, 40.549167 ], [ 23.166221, 40.549139 ], [ 23.166135, 40.549178 ], [ 23.166113, 40.54915 ], [ 23.166024, 40.54919 ], [ 23.166099, 40.549286 ], [ 23.166196, 40.549243 ] ] ] } },
{ "type": "Feature", "properties": { "culture_type": "Culture", "culture_subtype": "Religious heritage", "culture_source": "culture_polygons", "path": "D:\\30.10\\datagis\\religion 2100.shp", "name": "Ιερά Μονή Αγίας Κατερίνης Σινά", "name_el": null, "name_en": null, "amenity": "place_of_worship", "tourism": null, "historic": null, "religion": "christian", "museum": null, "theatre_ty": null, "library_ty": null, "symbol_origin": "none" }, "geometry": { "type": "Polygon", "coordinates": [ [ [ 23.047728, 40.556261 ], [ 23.047627, 40.555642 ], [ 23.047085, 40.555752 ], [ 23.047165, 40.556302 ], [ 23.047728, 40.556261 ] ] ] } },
{ "type": "Feature", "properties": { "culture_type": "Culture", "culture_subtype": "Art & Exhibition Space", "culture_source": "culture_polygons", "path": "D:\\30.10\\datagis\\art center 2100.shp", "name": "Πολιτιστικό Κέντρο Πανοράματος", "name_el": "Πολιτιστικό Κέντρο Πανοράματος", "name_en": "Cultural Center of Panorama", "amenity": "arts_centre", "tourism": null, "historic": null, "religion": null, "museum": null, "theatre_ty": null, "library_ty": null, "symbol_origin": "none" }, "geometry": { "type": "Polygon", "coordinates": [ [ [ 23.035855, 40.585198 ], [ 23.035701, 40.585128 ], [ 23.035687, 40.585145 ], [ 23.035672, 40.585164 ], [ 23.035826, 40.585235 ], [ 23.035773, 40.585331 ], [ 23.035739, 40.585394 ], [ 23.03571, 40.585454 ], [ 23.035692, 40.58555 ], [ 23.035694, 40.585622 ], [ 23.035896, 40.585701 ], [ 23.036039, 40.585536 ], [ 23.03594, 40.585485 ], [ 23.035952, 40.58547 ], [ 23.035977, 40.585441 ], [ 23.036098, 40.585493 ], [ 23.036187, 40.58538 ], [ 23.036024, 40.585324 ], [ 23.036191, 40.585116 ], [ 23.036149, 40.585089 ], [ 23.036102, 40.585014 ], [ 23.036081, 40.585006 ], [ 23.035965, 40.585087 ], [ 23.035855, 40.585198 ] ] ] } },
{ "type": "Feature", "properties": { "culture_type": "Culture", "culture_subtype": "Religious heritage", "culture_source": "culture_polygons", "path": "D:\\30.10\\datagis\\religion 2100.shp", "name": "Ναός Αναλήψεως του Σωτήρος", "name_el": null, "name_en": null, "amenity": "place_of_worship", "tourism": null, "historic": null, "religion": "christian", "museum": null, "theatre_ty": null, "library_ty": null, "symbol_origin": "none" }, "geometry": { "type": "Polygon", "coordinates": [ [ [ 23.031889, 40.588428 ], [ 23.031905, 40.588371 ], [ 23.031747, 40.588345 ], [ 23.03173, 40.588402 ], [ 23.031889, 40.588428 ] ] ] } },
{ "type": "Feature", "properties": { "culture_type": "Culture", "culture_subtype": "Religious heritage", "culture_source": "culture_polygons", "path": "D:\\30.10\\datagis\\religion 2100.shp", "name": "Ιερός Ναός Αγίου Γεωργίου", "name_el": null, "name_en": null, "amenity": "place_of_worship", "tourism": null, "historic": null, "religion": "christian", "museum": null, "theatre_ty": null, "library_ty": null, "symbol_origin": "none" }, "geometry": { "type": "Polygon", "coordinates": [ [ [ 23.03802, 40.589411 ], [ 23.038019, 40.589594 ], [ 23.03831, 40.589595 ], [ 23.038311, 40.589412 ], [ 23.03802, 40.589411 ] ] ] } },
{ "type": "Feature", "properties": { "culture_type": "Culture", "culture_subtype": "Library", "culture_source": "culture_polygons", "path": "D:\\30.10\\datagis\\library 2100.shp", "name": "Δημοτική Βιβλιοθήκη Πανοράματος", "name_el": "Δημοτική Βιβλιοθήκη Πανοράματος", "name_en": "Public Library Panorama", "amenity": "library", "tourism": null, "historic": null, "religion": null, "museum": null, "theatre_ty": null, "library_ty": null, "symbol_origin": "none" }, "geometry": { "type": "Polygon", "coordinates": [ [ [ 23.037522, 40.589996 ], [ 23.03766, 40.589995 ], [ 23.037659, 40.589876 ], [ 23.037611, 40.589876 ], [ 23.03761, 40.589844 ], [ 23.03761, 40.589808 ], [ 23.037574, 40.589809 ], [ 23.03753, 40.589809 ], [ 23.037531, 40.589883 ], [ 23.037446, 40.589883 ], [ 23.037447, 40.589997 ], [ 23.037522, 40.589996 ] ] ] } },
{ "type": "Feature", "properties": { "culture_type": "Culture", "culture_subtype": "Religious heritage", "culture_source": "culture_polygons", "path": "D:\\30.10\\datagis\\religion 2100.shp", "name": "Μονή Παναγίας Χαρταΐτισσας", "name_el": null, "name_en": null, "amenity": "place_of_worship", "tourism": null, "historic": null, "religion": "christian", "museum": null, "theatre_ty": null, "library_ty": null, "symbol_origin": "none" }, "geometry": { "type": "Polygon", "coordinates": [ [ [ 23.096348, 40.600641 ], [ 23.095896, 40.600028 ], [ 23.095686, 40.600118 ], [ 23.096138, 40.600731 ], [ 23.096348, 40.600641 ] ] ] } },
{ "type": "Feature", "properties": { "culture_type": "Culture", "culture_subtype": "Religious heritage", "culture_source": "culture_polygons", "path": "D:\\30.10\\datagis\\religion 2100.shp", "name": null, "name_el": null, "name_en": null, "amenity": "place_of_worship", "tourism": null, "historic": null, "religion": "christian", "museum": null, "theatre_ty": null, "library_ty": null, "symbol_origin": "none" }, "geometry": { "type": "Polygon", "coordinates": [ [ [ 23.3186, 40.583522 ], [ 23.318668, 40.583517 ], [ 23.318664, 40.583476 ], [ 23.318596, 40.583483 ], [ 23.3186, 40.583522 ] ] ] } },
{ "type": "Feature", "properties": { "culture_type": "Culture", "culture_subtype": "Religious heritage", "culture_source": "culture_polygons", "path": "D:\\30.10\\datagis\\religion 2100.shp", "name": "Αγία Τριάδα", "name_el": null, "name_en": null, "amenity": "place_of_worship", "tourism": null, "historic": null, "religion": "christian", "museum": null, "theatre_ty": null, "library_ty": null, "symbol_origin": "none" }, "geometry": { "type": "Polygon", "coordinates": [ [ [ 23.187531, 40.584569 ], [ 23.187522, 40.584482 ], [ 23.187294, 40.584495 ], [ 23.187303, 40.584582 ], [ 23.187531, 40.584569 ] ] ] } },
{ "type": "Feature", "properties": { "culture_type": "Culture", "culture_subtype": "Religious heritage", "culture_source": "culture_polygons", "path": "D:\\30.10\\datagis\\religion 2100.shp", "name": "Μεταμόρφωση του Σωτήρος", "name_el": "Μεταμόρφωση του Σωτήρος", "name_en": null, "amenity": "place_of_worship", "tourism": null, "historic": null, "religion": "christian", "museum": null, "theatre_ty": null, "library_ty": null, "symbol_origin": "none" }, "geometry": { "type": "Polygon", "coordinates": [ [ [ 23.215922, 40.58899 ], [ 23.215894, 40.588912 ], [ 23.215683, 40.588955 ], [ 23.21571, 40.589033 ], [ 23.215922, 40.58899 ] ] ] } },
{ "type": "Feature", "properties": { "culture_type": "Culture", "culture_subtype": "Religious heritage", "culture_source": "culture_polygons", "path": "D:\\30.10\\datagis\\religion 2100.shp", "name": "Ναός Κοιμήσεως της Θεοτόκου", "name_el": "Ναός Κοιμήσεως της Θεοτόκου", "name_en": null, "amenity": "place_of_worship", "tourism": null, "historic": null, "religion": "christian", "museum": null, "theatre_ty": null, "library_ty": null, "symbol_origin": "none" }, "geometry": { "type": "Polygon", "coordinates": [ [ [ 23.184305, 40.594608 ], [ 23.184282, 40.594753 ], [ 23.184332, 40.594758 ], [ 23.184331, 40.594766 ], [ 23.184538, 40.594785 ], [ 23.184546, 40.594737 ], [ 23.18456, 40.594732 ], [ 23.184569, 40.594723 ], [ 23.18457, 40.594711 ], [ 23.184565, 40.594703 ], [ 23.184552, 40.594696 ], [ 23.184559, 40.594655 ], [ 23.184407, 40.59464 ], [ 23.184411, 40.594617 ], [ 23.184305, 40.594608 ] ], [ [ 23.184391, 40.59464 ], [ 23.184386, 40.594664 ], [ 23.184347, 40.59466 ], [ 23.184352, 40.594635 ], [ 23.184391, 40.59464 ] ] ] } },
{ "type": "Feature", "properties": { "culture_type": "Culture", "culture_subtype": "Religious heritage", "culture_source": "culture_polygons", "path": "D:\\30.10\\datagis\\religion 2100.shp", "name": "I.N. Αγίου Γεωργίου", "name_el": "I.N. Αγίου Γεωργίου", "name_en": null, "amenity": "place_of_worship", "tourism": null, "historic": null, "religion": "christian", "museum": null, "theatre_ty": null, "library_ty": null, "symbol_origin": "none" }, "geometry": { "type": "Polygon", "coordinates": [ [ [ 23.474404, 40.600302 ], [ 23.47447, 40.600178 ], [ 23.474251, 40.600111 ], [ 23.474186, 40.600235 ], [ 23.474404, 40.600302 ] ] ] } },
{ "type": "Feature", "properties": { "culture_type": "Culture", "culture_subtype": "Religious heritage", "culture_source": "culture_polygons", "path": "D:\\30.10\\datagis\\religion 2100.shp", "name": "Ι.Ν. Αποστόλου Παύλου", "name_el": "Ι.Ν. Αποστόλου Παύλου", "name_en": null, "amenity": "place_of_worship", "tourism": null, "historic": null, "religion": "christian", "museum": null, "theatre_ty": null, "library_ty": null, "symbol_origin": "none" }, "geometry": { "type": "Polygon", "coordinates": [ [ [ 23.44213, 40.62668 ], [ 23.44213, 40.626535 ], [ 23.442108, 40.626535 ], [ 23.442108, 40.626513 ], [ 23.44203, 40.626513 ], [ 23.44203, 40.626533 ], [ 23.442008, 40.626533 ], [ 23.441844, 40.626533 ], [ 23.441844, 40.626675 ], [ 23.441844, 40.62668 ], [ 23.44213, 40.62668 ] ] ] } },
{ "type": "Feature", "properties": { "culture_type": "Culture", "culture_subtype": "Religious heritage", "culture_source": "culture_polygons", "path": "D:\\30.10\\datagis\\religion 2100.shp", "name": null, "name_el": null, "name_en": null, "amenity": "place_of_worship", "tourism": null, "historic": null, "religion": "muslim", "museum": null, "theatre_ty": null, "library_ty": null, "symbol_origin": "none" }, "geometry": { "type": "Polygon", "coordinates": [ [ [ 23.247504, 40.627117 ], [ 23.247665, 40.627142 ], [ 23.247682, 40.627075 ], [ 23.247521, 40.627051 ], [ 23.247504, 40.627117 ] ] ] } },
{ "type": "Feature", "properties": { "culture_type": "Culture", "culture_subtype": "Religious heritage", "culture_source": "culture_polygons", "path": "D:\\30.10\\datagis\\religion 2100.shp", "name": "I.N. Γεννήσεως Θεοτόκου Γερακαρού", "name_el": "I.N. Γεννήσεως Θεοτόκου Γερακαρού", "name_en": "Nativity of Vigin Mary Church, Yerakarou", "amenity": "place_of_worship", "tourism": null, "historic": null, "religion": "christian", "museum": null, "theatre_ty": null, "library_ty": null, "symbol_origin": "none" }, "geometry": { "type": "Polygon", "coordinates": [ [ [ 23.212102, 40.629473 ], [ 23.212108, 40.629507 ], [ 23.212323, 40.629485 ], [ 23.212308, 40.629404 ], [ 23.212094, 40.629426 ], [ 23.212102, 40.629473 ] ] ] } },
{ "type": "Feature", "properties": { "culture_type": "Culture", "culture_subtype": "Religious heritage", "culture_source": "culture_polygons", "path": "D:\\30.10\\datagis\\religion 2100.shp", "name": "Άγιος Νεκτάριος", "name_el": null, "name_en": null, "amenity": "place_of_worship", "tourism": null, "historic": null, "religion": "christian", "museum": null, "theatre_ty": null, "library_ty": null, "symbol_origin": "none" }, "geometry": { "type": "Polygon", "coordinates": [ [ [ 23.18815, 40.629968 ], [ 23.188151, 40.629941 ], [ 23.188076, 40.62994 ], [ 23.188075, 40.629967 ], [ 23.18815, 40.629968 ] ] ] } },
{ "type": "Feature", "properties": { "culture_type": "Culture", "culture_subtype": "Religious heritage", "culture_source": "culture_polygons", "path": "D:\\30.10\\datagis\\religion 2100.shp", "name": "Εκκλησία Αγίου Γεωργίου", "name_el": "Εκκλησία Αγίου Γεωργίου", "name_en": "Saint George Church", "amenity": "place_of_worship", "tourism": null, "historic": null, "religion": "christian", "museum": null, "theatre_ty": null, "library_ty": null, "symbol_origin": "none" }, "geometry": { "type": "Polygon", "coordinates": [ [ [ 23.211937, 40.630615 ], [ 23.212152, 40.630593 ], [ 23.212137, 40.630512 ], [ 23.211922, 40.630534 ], [ 23.211937, 40.630615 ] ] ] } },
{ "type": "Feature", "properties": { "culture_type": "Culture", "culture_subtype": "Religious heritage", "culture_source": "culture_polygons", "path": "D:\\30.10\\datagis\\religion 2100.shp", "name": null, "name_el": null, "name_en": null, "amenity": "place_of_worship", "tourism": null, "historic": null, "religion": "christian", "museum": null, "theatre_ty": null, "library_ty": null, "symbol_origin": "none" }, "geometry": { "type": "Polygon", "coordinates": [ [ [ 23.095714, 40.600523 ], [ 23.095514, 40.600613 ], [ 23.095604, 40.600729 ], [ 23.095804, 40.600639 ], [ 23.095714, 40.600523 ] ] ] } },
{ "type": "Feature", "properties": { "culture_type": "Culture", "culture_subtype": "Religious heritage", "culture_source": "culture_polygons", "path": "D:\\30.10\\datagis\\religion 2100.shp", "name": null, "name_el": null, "name_en": null, "amenity": "place_of_worship", "tourism": null, "historic": null, "religion": "christian", "museum": null, "theatre_ty": null, "library_ty": null, "symbol_origin": "none" }, "geometry": { "type": "Polygon", "coordinates": [ [ [ 23.095877, 40.600698 ], [ 23.095845, 40.600649 ], [ 23.095753, 40.600695 ], [ 23.095783, 40.600735 ], [ 23.095877, 40.600698 ] ] ] } },
{ "type": "Feature", "properties": { "culture_type": "Culture", "culture_subtype": "Historic monument", "culture_source": "culture_polygons", "path": "D:\\30.10\\datagis\\historic monument 2100.shp", "name": null, "name_el": null, "name_en": null, "amenity": null, "tourism": null, "historic": "monument", "religion": null, "museum": null, "theatre_ty": null, "library_ty": null, "symbol_origin": "none" }, "geometry": { "type": "Polygon", "coordinates": [ [ [ 23.101527, 40.607333 ], [ 23.101444, 40.607237 ], [ 23.101326, 40.607312 ], [ 23.101403, 40.607382 ], [ 23.101527, 40.607333 ] ] ] } },
{ "type": "Feature", "properties": { "culture_type": "Culture", "culture_subtype": "Historic monument", "culture_source": "culture_polygons", "path": "D:\\30.10\\datagis\\historic monument 2100.shp", "name": null, "name_el": null, "name_en": null, "amenity": null, "tourism": null, "historic": "monument", "religion": null, "museum": null, "theatre_ty": null, "library_ty": null, "symbol_origin": "none" }, "geometry": { "type": "Polygon", "coordinates": [ [ [ 23.102338, 40.607553 ], [ 23.102432, 40.607582 ], [ 23.102436, 40.607564 ], [ 23.10244, 40.607548 ], [ 23.102472, 40.607476 ], [ 23.102446, 40.607464 ], [ 23.102382, 40.60744 ], [ 23.102416, 40.607389 ], [ 23.102357, 40.607367 ], [ 23.10233, 40.607389 ], [ 23.102231, 40.607493 ], [ 23.102228, 40.607497 ], [ 23.102217, 40.607515 ], [ 23.102338, 40.607553 ] ] ] } },
{ "type": "Feature", "properties": { "culture_type": "Culture", "culture_subtype": "Religious heritage", "culture_source": "culture_polygons", "path": "D:\\30.10\\datagis\\religion 2100.shp", "name": "Ι. Ν. Αγίου Γεωργίου", "name_el": "Ι. Ν. Αγίου Γεωργίου", "name_en": "Church of Agios Georgios", "amenity": "place_of_worship", "tourism": null, "historic": null, "religion": "christian", "museum": null, "theatre_ty": null, "library_ty": null, "symbol_origin": "none" }, "geometry": { "type": "Polygon", "coordinates": [ [ [ 23.103152, 40.608447 ], [ 23.103155, 40.60842 ], [ 23.103173, 40.608408 ], [ 23.103176, 40.608388 ], [ 23.103161, 40.608372 ], [ 23.103164, 40.608339 ], [ 23.102907, 40.6083 ], [ 23.102905, 40.608314 ], [ 23.102872, 40.608312 ], [ 23.102851, 40.608413 ], [ 23.102884, 40.608418 ], [ 23.102881, 40.608432 ], [ 23.103152, 40.608447 ] ] ] } },
{ "type": "Feature", "properties": { "culture_type": "Culture", "culture_subtype": "Religious heritage", "culture_source": "culture_polygons", "path": "D:\\30.10\\datagis\\religion 2100.shp", "name": null, "name_el": null, "name_en": null, "amenity": "place_of_worship", "tourism": null, "historic": null, "religion": "christian", "museum": null, "theatre_ty": null, "library_ty": null, "symbol_origin": "none" }, "geometry": { "type": "Polygon", "coordinates": [ [ [ 23.050829, 40.608247 ], [ 23.050895, 40.608104 ], [ 23.050639, 40.608036 ], [ 23.050573, 40.60818 ], [ 23.050829, 40.608247 ] ] ] } },
{ "type": "Feature", "properties": { "culture_type": "Culture", "culture_subtype": "Religious heritage", "culture_source": "culture_polygons", "path": "D:\\30.10\\datagis\\religion 2100.shp", "name": "I.N. Μεταμορφώσεως του Σωτήρος", "name_el": "I.N. Μεταμορφώσεως του Σωτήρος", "name_en": "Transfiguration Church", "amenity": "place_of_worship", "tourism": null, "historic": null, "religion": "christian", "museum": null, "theatre_ty": null, "library_ty": null, "symbol_origin": "none" }, "geometry": { "type": "Polygon", "coordinates": [ [ [ 23.102506, 40.608648 ], [ 23.102546, 40.608574 ], [ 23.102458, 40.608546 ], [ 23.102417, 40.60862 ], [ 23.102506, 40.608648 ] ] ] } },
{ "type": "Feature", "properties": { "culture_type": "Culture", "culture_subtype": "Religious heritage", "culture_source": "culture_polygons", "path": "D:\\30.10\\datagis\\religion 2100.shp", "name": "Μεταμόρφωση του Σωτήρος", "name_el": null, "name_en": null, "amenity": "place_of_worship", "tourism": null, "historic": null, "religion": "christian", "museum": null, "theatre_ty": null, "library_ty": null, "symbol_origin": "none" }, "geometry": { "type": "Polygon", "coordinates": [ [ [ 23.044344, 40.619906 ], [ 23.044357, 40.619927 ], [ 23.044504, 40.619876 ], [ 23.044548, 40.619815 ], [ 23.044549, 40.619799 ], [ 23.044552, 40.619776 ], [ 23.044548, 40.619747 ], [ 23.044543, 40.619735 ], [ 23.044529, 40.619727 ], [ 23.044499, 40.619722 ], [ 23.044492, 40.619716 ], [ 23.044494, 40.619708 ], [ 23.044488, 40.619696 ], [ 23.044475, 40.619689 ], [ 23.044443, 40.619683 ], [ 23.044407, 40.619689 ], [ 23.044373, 40.61968 ], [ 23.044358, 40.619652 ], [ 23.044204, 40.619706 ], [ 23.044235, 40.619761 ], [ 23.044243, 40.619774 ], [ 23.04423, 40.619779 ], [ 23.044309, 40.619911 ], [ 23.044313, 40.619917 ], [ 23.044331, 40.61991 ], [ 23.044344, 40.619906 ] ] ] } },
{ "type": "Feature", "properties": { "culture_type": "Culture", "culture_subtype": "Religious heritage", "culture_source": "culture_polygons", "path": "D:\\30.10\\datagis\\religion 2100.shp", "name": "Προφήτης Ηλίας", "name_el": "Προφήτης Ηλίας", "name_en": "Saint Elias", "amenity": "place_of_worship", "tourism": null, "historic": null, "religion": "christian", "museum": null, "theatre_ty": null, "library_ty": null, "symbol_origin": "none" }, "geometry": { "type": "Polygon", "coordinates": [ [ [ 23.040622, 40.640338 ], [ 23.040576, 40.640191 ], [ 23.040387, 40.640225 ], [ 23.040398, 40.640261 ], [ 23.040373, 40.640265 ], [ 23.040397, 40.640342 ], [ 23.040429, 40.640337 ], [ 23.040439, 40.640371 ], [ 23.040622, 40.640338 ] ] ] } },
{ "type": "Feature", "properties": { "culture_type": "Culture", "culture_subtype": "Religious heritage", "culture_source": "culture_polygons", "path": "D:\\30.10\\datagis\\religion 2100.shp", "name": null, "name_el": null, "name_en": null, "amenity": "place_of_worship", "tourism": null, "historic": null, "religion": "christian", "museum": null, "theatre_ty": null, "library_ty": null, "symbol_origin": "none" }, "geometry": { "type": "Polygon", "coordinates": [ [ [ 23.063929, 40.658065 ], [ 23.063963, 40.657965 ], [ 23.063757, 40.657925 ], [ 23.063723, 40.658025 ], [ 23.063929, 40.658065 ] ] ] } },
{ "type": "Feature", "properties": { "culture_type": "Culture", "culture_subtype": "Theatre", "culture_source": "culture_polygons", "path": "D:\\30.10\\datagis\\theatre2100.shp", "name": "Ανοιχτό θέατρο", "name_el": null, "name_en": null, "amenity": "theatre", "tourism": null, "historic": null, "religion": null, "museum": null, "theatre_ty": null, "library_ty": null, "symbol_origin": "none" }, "geometry": { "type": "Polygon", "coordinates": [ [ [ 23.24285, 40.634976 ], [ 23.242798, 40.635029 ], [ 23.242839, 40.635093 ], [ 23.242935, 40.635101 ], [ 23.242987, 40.635039 ], [ 23.242943, 40.634986 ], [ 23.24285, 40.634976 ] ] ] } },
{ "type": "Feature", "properties": { "culture_type": "Culture", "culture_subtype": "Religious heritage", "culture_source": "culture_polygons", "path": "D:\\30.10\\datagis\\religion 2100.shp", "name": "Ιερός Ναός Αγίου Παντελεήμονα", "name_el": null, "name_en": null, "amenity": "place_of_worship", "tourism": null, "historic": null, "religion": "christian", "museum": null, "theatre_ty": null, "library_ty": null, "symbol_origin": "none" }, "geometry": { "type": "Polygon", "coordinates": [ [ [ 23.246007, 40.637501 ], [ 23.246034, 40.637492 ], [ 23.246034, 40.637471 ], [ 23.24601, 40.637459 ], [ 23.246006, 40.637418 ], [ 23.245759, 40.637418 ], [ 23.245759, 40.637537 ], [ 23.246006, 40.637534 ], [ 23.246007, 40.637501 ] ] ] } },
{ "type": "Feature", "properties": { "culture_type": "Culture", "culture_subtype": "Religious heritage", "culture_source": "culture_polygons", "path": "D:\\30.10\\datagis\\religion 2100.shp", "name": "Ναός Αγίου Γεωργίου", "name_el": null, "name_en": null, "amenity": "place_of_worship", "tourism": null, "historic": null, "religion": "christian", "museum": null, "theatre_ty": null, "library_ty": null, "symbol_origin": "none" }, "geometry": { "type": "Polygon", "coordinates": [ [ [ 23.30507, 40.647471 ], [ 23.30504, 40.647348 ], [ 23.304766, 40.647386 ], [ 23.304795, 40.647509 ], [ 23.30507, 40.647471 ] ] ] } },
{ "type": "Feature", "properties": { "culture_type": "Culture", "culture_subtype": "Castle / fortification", "culture_source": "culture_polygons", "path": "D:\\30.10\\datagis\\historic castle 2100.shp", "name": "Κάστρο Ρεντίνας", "name_el": "Κάστρο Ρεντίνας", "name_en": "Rendina Castle", "amenity": null, "tourism": null, "historic": "castle", "religion": null, "museum": null, "theatre_ty": null, "library_ty": null, "symbol_origin": "none" }, "geometry": { "type": "Polygon", "coordinates": [ [ [ 23.622427, 40.65664 ], [ 23.622792, 40.656664 ], [ 23.622808, 40.656734 ], [ 23.623038, 40.656726 ], [ 23.62306, 40.656652 ], [ 23.623848, 40.656599 ], [ 23.624133, 40.656644 ], [ 23.624589, 40.656717 ], [ 23.62483, 40.656925 ], [ 23.624959, 40.656921 ], [ 23.62498, 40.656835 ], [ 23.624793, 40.656787 ], [ 23.624621, 40.656677 ], [ 23.624144, 40.656445 ], [ 23.62358, 40.656396 ], [ 23.623354, 40.656302 ], [ 23.623277, 40.65619 ], [ 23.623103, 40.656107 ], [ 23.622829, 40.656099 ], [ 23.622523, 40.656152 ], [ 23.62233, 40.656192 ], [ 23.622245, 40.656351 ], [ 23.622427, 40.65664 ] ] ] } },
{ "type": "Feature", "properties": { "culture_type": "Culture", "culture_subtype": "Religious heritage", "culture_source": "culture_polygons", "path": "D:\\30.10\\datagis\\religion 2100.shp", "name": "Ναός Κοίμησης της Θεοτόκου και Άγιος Σπυρίδων", "name_el": null, "name_en": null, "amenity": "place_of_worship", "tourism": null, "historic": null, "religion": "christian", "museum": null, "theatre_ty": null, "library_ty": null, "symbol_origin": "none" }, "geometry": { "type": "Polygon", "coordinates": [ [ [ 23.340835, 40.661022 ], [ 23.340834, 40.661028 ], [ 23.340891, 40.661034 ], [ 23.340893, 40.661026 ], [ 23.340949, 40.661032 ], [ 23.340953, 40.661005 ], [ 23.340964, 40.661002 ], [ 23.340971, 40.660998 ], [ 23.340975, 40.66099 ], [ 23.340978, 40.660981 ], [ 23.340975, 40.660974 ], [ 23.340969, 40.660969 ], [ 23.340961, 40.660964 ], [ 23.340965, 40.660936 ], [ 23.34091, 40.660931 ], [ 23.340912, 40.660921 ], [ 23.340856, 40.660915 ], [ 23.340854, 40.660924 ], [ 23.340773, 40.660916 ], [ 23.340769, 40.660941 ], [ 23.340752, 40.660939 ], [ 23.340743, 40.660987 ], [ 23.340759, 40.660988 ], [ 23.340754, 40.661013 ], [ 23.340835, 40.661022 ] ] ] } },
{ "type": "Feature", "properties": { "culture_type": "Culture", "culture_subtype": "Religious heritage", "culture_source": "culture_polygons", "path": "D:\\30.10\\datagis\\religion 2100.shp", "name": null, "name_el": null, "name_en": null, "amenity": "place_of_worship", "tourism": null, "historic": null, "religion": "christian", "museum": null, "theatre_ty": null, "library_ty": null, "symbol_origin": "none" }, "geometry": { "type": "Polygon", "coordinates": [ [ [ 23.254239, 40.67272 ], [ 23.254306, 40.672597 ], [ 23.254013, 40.672503 ], [ 23.253953, 40.672637 ], [ 23.254239, 40.67272 ] ] ] } },
{ "type": "Feature", "properties": { "culture_type": "Culture", "culture_subtype": "Religious heritage", "culture_source": "culture_polygons", "path": "D:\\30.10\\datagis\\religion 2100.shp", "name": null, "name_el": null, "name_en": null, "amenity": "place_of_worship", "tourism": null, "historic": null, "religion": "christian", "museum": null, "theatre_ty": null, "library_ty": null, "symbol_origin": "none" }, "geometry": { "type": "Polygon", "coordinates": [ [ [ 23.561373, 40.679298 ], [ 23.561368, 40.679278 ], [ 23.561367, 40.679253 ], [ 23.561375, 40.679227 ], [ 23.561361, 40.679211 ], [ 23.561341, 40.67917 ], [ 23.56111, 40.679203 ], [ 23.561115, 40.679221 ], [ 23.561057, 40.679239 ], [ 23.561073, 40.679317 ], [ 23.561138, 40.679313 ], [ 23.561142, 40.67933 ], [ 23.561373, 40.679298 ] ] ] } },
{ "type": "Feature", "properties": { "culture_type": "Culture", "culture_subtype": "Religious heritage", "culture_source": "culture_polygons", "path": "D:\\30.10\\datagis\\religion 2100.shp", "name": null, "name_el": null, "name_en": null, "amenity": "place_of_worship", "tourism": null, "historic": null, "religion": "christian", "museum": null, "theatre_ty": null, "library_ty": null, "symbol_origin": "none" }, "geometry": { "type": "Polygon", "coordinates": [ [ [ 23.27549, 40.688717 ], [ 23.275522, 40.688719 ], [ 23.275777, 40.688728 ], [ 23.275796, 40.688583 ], [ 23.275507, 40.688565 ], [ 23.27549, 40.688717 ] ] ] } },
{ "type": "Feature", "properties": { "culture_type": "Culture", "culture_subtype": "Religious heritage", "culture_source": "culture_polygons", "path": "D:\\30.10\\datagis\\religion 2100.shp", "name": null, "name_el": null, "name_en": null, "amenity": "place_of_worship", "tourism": null, "historic": null, "religion": "christian", "museum": null, "theatre_ty": null, "library_ty": null, "symbol_origin": "none" }, "geometry": { "type": "Polygon", "coordinates": [ [ [ 23.245999, 40.689101 ], [ 23.246184, 40.689103 ], [ 23.246187, 40.689036 ], [ 23.246002, 40.689038 ], [ 23.245999, 40.689101 ] ] ] } },
{ "type": "Feature", "properties": { "culture_type": "Culture", "culture_subtype": "Historic site", "culture_source": "culture_polygons", "path": "D:\\30.10\\datagis\\historic site2100.shp", "name": null, "name_el": null, "name_en": null, "amenity": null, "tourism": null, "historic": "archaeological_site", "religion": null, "museum": null, "theatre_ty": null, "library_ty": null, "symbol_origin": "none" }, "geometry": { "type": "Polygon", "coordinates": [ [ [ 23.308263, 40.692319 ], [ 23.308788, 40.692476 ], [ 23.309423, 40.691262 ], [ 23.308898, 40.691104 ], [ 23.308263, 40.692319 ] ] ] } },
{ "type": "Feature", "properties": { "culture_type": "Culture", "culture_subtype": "Religious heritage", "culture_source": "culture_polygons", "path": "D:\\30.10\\datagis\\religion 2100.shp", "name": "Ναός Κοιμήσεως Θεοτόκου", "name_el": "Ναός Κοιμήσεως Θεοτόκου", "name_en": null, "amenity": "place_of_worship", "tourism": null, "historic": null, "religion": "christian", "museum": null, "theatre_ty": null, "library_ty": null, "symbol_origin": "none" }, "geometry": { "type": "Polygon", "coordinates": [ [ [ 23.116673, 40.664076 ], [ 23.116607, 40.663981 ], [ 23.116413, 40.664058 ], [ 23.116479, 40.664154 ], [ 23.116673, 40.664076 ] ] ] } },
{ "type": "Feature", "properties": { "culture_type": "Culture", "culture_subtype": "Religious heritage", "culture_source": "culture_polygons", "path": "D:\\30.10\\datagis\\religion 2100.shp", "name": "Ναός Αγίου Γεωργίου", "name_el": "Ναός Αγίου Γεωργίου", "name_en": "Saint George Church", "amenity": "place_of_worship", "tourism": null, "historic": null, "religion": "christian", "museum": null, "theatre_ty": null, "library_ty": null, "symbol_origin": "none" }, "geometry": { "type": "Polygon", "coordinates": [ [ [ 23.117885, 40.665768 ], [ 23.117886, 40.665737 ], [ 23.117906, 40.665735 ], [ 23.117914, 40.665732 ], [ 23.11792, 40.665725 ], [ 23.117925, 40.665717 ], [ 23.117923, 40.665709 ], [ 23.11792, 40.6657 ], [ 23.117912, 40.665694 ], [ 23.117902, 40.665692 ], [ 23.11789, 40.665691 ], [ 23.117891, 40.665666 ], [ 23.117672, 40.665664 ], [ 23.117671, 40.665767 ], [ 23.117885, 40.665768 ] ] ] } },
{ "type": "Feature", "properties": { "culture_type": "Culture", "culture_subtype": "Religious heritage", "culture_source": "culture_polygons", "path": "D:\\30.10\\datagis\\religion 2100.shp", "name": "Παρεκκλήσιο Αγίου Νικολάου", "name_el": null, "name_en": null, "amenity": "place_of_worship", "tourism": null, "historic": null, "religion": "christian", "museum": null, "theatre_ty": null, "library_ty": null, "symbol_origin": "none" }, "geometry": { "type": "Polygon", "coordinates": [ [ [ 23.119801, 40.667017 ], [ 23.119824, 40.667016 ], [ 23.119821, 40.666977 ], [ 23.119778, 40.666979 ], [ 23.119781, 40.667018 ], [ 23.119801, 40.667017 ] ] ] } },
{ "type": "Feature", "properties": { "culture_type": "Culture", "culture_subtype": "Castle / fortification", "culture_source": "culture_polygons", "path": "D:\\30.10\\datagis\\historic castle 2100.shp", "name": "Πύργος Αγίου Βασιλείου", "name_el": "Πύργος Αγίου Βασιλείου", "name_en": "The Tower of Agios Vassilios", "amenity": null, "tourism": null, "historic": "castle", "religion": null, "museum": null, "theatre_ty": null, "library_ty": null, "symbol_origin": "none" }, "geometry": { "type": "Polygon", "coordinates": [ [ [ 23.117772, 40.66762 ], [ 23.117672, 40.667677 ], [ 23.117746, 40.667752 ], [ 23.117846, 40.667694 ], [ 23.117772, 40.66762 ] ] ] } },
{ "type": "Feature", "properties": { "culture_type": "Culture", "culture_subtype": "Religious heritage", "culture_source": "culture_polygons", "path": "D:\\30.10\\datagis\\religion 2100.shp", "name": "Ι.Ν. Αγίου Αθανασίου", "name_el": null, "name_en": null, "amenity": "place_of_worship", "tourism": null, "historic": null, "religion": "christian", "museum": null, "theatre_ty": null, "library_ty": null, "symbol_origin": "none" }, "geometry": { "type": "Polygon", "coordinates": [ [ [ 23.046492, 40.714969 ], [ 23.04653, 40.714807 ], [ 23.046155, 40.714756 ], [ 23.046116, 40.714918 ], [ 23.046492, 40.714969 ] ] ] } },
{ "type": "Feature", "properties": { "culture_type": "Culture", "culture_subtype": "Religious heritage", "culture_source": "culture_polygons", "path": "D:\\30.10\\datagis\\religion 2100.shp", "name": "Ναός Αγίου Αθανασίου", "name_el": "Ναός Αγίου Αθανασίου", "name_en": "Saint Athanasius Church", "amenity": "place_of_worship", "tourism": null, "historic": "church", "religion": "christian", "museum": null, "theatre_ty": null, "library_ty": null, "symbol_origin": "none" }, "geometry": { "type": "Polygon", "coordinates": [ [ [ 23.046848, 40.718842 ], [ 23.046848, 40.718723 ], [ 23.046619, 40.718722 ], [ 23.046619, 40.718842 ], [ 23.046848, 40.718842 ] ] ] } },
{ "type": "Feature", "properties": { "culture_type": "Culture", "culture_subtype": "Religious heritage", "culture_source": "culture_polygons", "path": "D:\\30.10\\datagis\\religion 2100.shp", "name": null, "name_el": null, "name_en": null, "amenity": "place_of_worship", "tourism": null, "historic": null, "religion": "christian", "museum": null, "theatre_ty": null, "library_ty": null, "symbol_origin": "none" }, "geometry": { "type": "Polygon", "coordinates": [ [ [ 23.159441, 40.737579 ], [ 23.159515, 40.737543 ], [ 23.159503, 40.737528 ], [ 23.159642, 40.73746 ], [ 23.159569, 40.737375 ], [ 23.159422, 40.737447 ], [ 23.159407, 40.737429 ], [ 23.159342, 40.737461 ], [ 23.159441, 40.737579 ] ] ] } },
{ "type": "Feature", "properties": { "culture_type": "Culture", "culture_subtype": "Religious heritage", "culture_source": "culture_polygons", "path": "D:\\30.10\\datagis\\religion 2100.shp", "name": null, "name_el": null, "name_en": null, "amenity": "place_of_worship", "tourism": null, "historic": null, "religion": "christian", "museum": null, "theatre_ty": null, "library_ty": null, "symbol_origin": "none" }, "geometry": { "type": "Polygon", "coordinates": [ [ [ 23.15943, 40.738989 ], [ 23.159549, 40.738933 ], [ 23.159513, 40.738895 ], [ 23.159393, 40.738945 ], [ 23.15943, 40.738989 ] ] ] } },
{ "type": "Feature", "properties": { "culture_type": "Culture", "culture_subtype": "Religious heritage", "culture_source": "culture_polygons", "path": "D:\\30.10\\datagis\\religion 2100.shp", "name": null, "name_el": null, "name_en": null, "amenity": "place_of_worship", "tourism": null, "historic": null, "religion": "christian", "museum": null, "theatre_ty": null, "library_ty": null, "symbol_origin": "none" }, "geometry": { "type": "Polygon", "coordinates": [ [ [ 23.158789, 40.740087 ], [ 23.158958, 40.740053 ], [ 23.158935, 40.739988 ], [ 23.158766, 40.740022 ], [ 23.158789, 40.740087 ] ] ] } },
{ "type": "Feature", "properties": { "culture_type": "Culture", "culture_subtype": "Religious heritage", "culture_source": "culture_polygons", "path": "D:\\30.10\\datagis\\religion 2100.shp", "name": "Άγιοι Ανάργυροι", "name_el": null, "name_en": null, "amenity": "place_of_worship", "tourism": null, "historic": null, "religion": "christian", "museum": null, "theatre_ty": null, "library_ty": null, "symbol_origin": "none" }, "geometry": { "type": "Polygon", "coordinates": [ [ [ 23.071715, 40.74694 ], [ 23.071606, 40.747016 ], [ 23.071819, 40.74719 ], [ 23.071801, 40.747203 ], [ 23.071843, 40.747237 ], [ 23.071969, 40.747148 ], [ 23.071715, 40.74694 ] ] ] } },
{ "type": "Feature", "properties": { "culture_type": "Culture", "culture_subtype": "Religious heritage", "culture_source": "culture_polygons", "path": "D:\\30.10\\datagis\\religion 2100.shp", "name": null, "name_el": null, "name_en": null, "amenity": "place_of_worship", "tourism": null, "historic": null, "religion": "christian", "museum": null, "theatre_ty": null, "library_ty": null, "symbol_origin": "none" }, "geometry": { "type": "Polygon", "coordinates": [ [ [ 23.332106, 40.69371 ], [ 23.332162, 40.69371 ], [ 23.332162, 40.693737 ], [ 23.332357, 40.693736 ], [ 23.332356, 40.693606 ], [ 23.332151, 40.693608 ], [ 23.332152, 40.693639 ], [ 23.332105, 40.693639 ], [ 23.332106, 40.69371 ] ] ] } },
{ "type": "Feature", "properties": { "culture_type": "Culture", "culture_subtype": "Religious heritage", "culture_source": "culture_polygons", "path": "D:\\30.10\\datagis\\religion 2100.shp", "name": null, "name_el": null, "name_en": null, "amenity": "place_of_worship", "tourism": null, "historic": null, "religion": "christian", "museum": null, "theatre_ty": null, "library_ty": null, "symbol_origin": "none" }, "geometry": { "type": "Polygon", "coordinates": [ [ [ 23.219558, 40.695752 ], [ 23.219829, 40.695732 ], [ 23.219814, 40.695619 ], [ 23.219543, 40.695639 ], [ 23.219558, 40.695752 ] ] ] } },
{ "type": "Feature", "properties": { "culture_type": "Culture", "culture_subtype": "Religious heritage", "culture_source": "culture_polygons", "path": "D:\\30.10\\datagis\\religion 2100.shp", "name": null, "name_el": null, "name_en": null, "amenity": "place_of_worship", "tourism": null, "historic": null, "religion": "christian", "museum": null, "theatre_ty": null, "library_ty": null, "symbol_origin": "none" }, "geometry": { "type": "Polygon", "coordinates": [ [ [ 23.220892, 40.697102 ], [ 23.220973, 40.697081 ], [ 23.220947, 40.69703 ], [ 23.22087, 40.697053 ], [ 23.220892, 40.697102 ] ] ] } },
{ "type": "Feature", "properties": { "culture_type": "Culture", "culture_subtype": "Religious heritage", "culture_source": "culture_polygons", "path": "D:\\30.10\\datagis\\religion 2100.shp", "name": null, "name_el": null, "name_en": null, "amenity": "place_of_worship", "tourism": null, "historic": null, "religion": "christian", "museum": null, "theatre_ty": null, "library_ty": null, "symbol_origin": "none" }, "geometry": { "type": "Polygon", "coordinates": [ [ [ 23.25942, 40.702182 ], [ 23.259554, 40.702164 ], [ 23.25954, 40.702094 ], [ 23.25941, 40.702108 ], [ 23.25942, 40.702182 ] ] ] } },
{ "type": "Feature", "properties": { "culture_type": "Culture", "culture_subtype": "Historic site", "culture_source": "culture_polygons", "path": "D:\\30.10\\datagis\\historic site2100.shp", "name": "Vrasna fort (Thessaloniki)", "name_el": null, "name_en": null, "amenity": null, "tourism": null, "historic": "archaeological_site", "religion": null, "museum": null, "theatre_ty": null, "library_ty": null, "symbol_origin": "none" }, "geometry": { "type": "Polygon", "coordinates": [ [ [ 23.689269, 40.705068 ], [ 23.689246, 40.704937 ], [ 23.689045, 40.704835 ], [ 23.688962, 40.70482 ], [ 23.688821, 40.704894 ], [ 23.688791, 40.704882 ], [ 23.688555, 40.704963 ], [ 23.688431, 40.704989 ], [ 23.688333, 40.705032 ], [ 23.688229, 40.704986 ], [ 23.688192, 40.705 ], [ 23.688508, 40.705392 ], [ 23.689269, 40.705068 ] ] ] } },
{ "type": "Feature", "properties": { "culture_type": "Culture", "culture_subtype": "Religious heritage", "culture_source": "culture_polygons", "path": "D:\\30.10\\datagis\\religion 2100.shp", "name": "Ναός Αγίου Δημητρίου", "name_el": "Ναός Αγίου Δημητρίου", "name_en": "Saint Demetrius Church", "amenity": "place_of_worship", "tourism": null, "historic": null, "religion": "christian", "museum": null, "theatre_ty": null, "library_ty": null, "symbol_origin": "none" }, "geometry": { "type": "Polygon", "coordinates": [ [ [ 23.174736, 40.720968 ], [ 23.17498, 40.720859 ], [ 23.174893, 40.720747 ], [ 23.174649, 40.720856 ], [ 23.174736, 40.720968 ] ] ] } },
{ "type": "Feature", "properties": { "culture_type": "Culture", "culture_subtype": "Religious heritage", "culture_source": "culture_polygons", "path": "D:\\30.10\\datagis\\religion 2100.shp", "name": null, "name_el": null, "name_en": null, "amenity": "place_of_worship", "tourism": null, "historic": null, "religion": "christian", "museum": null, "theatre_ty": null, "library_ty": null, "symbol_origin": "none" }, "geometry": { "type": "Polygon", "coordinates": [ [ [ 23.467543, 40.725237 ], [ 23.467627, 40.725221 ], [ 23.467611, 40.725182 ], [ 23.467533, 40.725203 ], [ 23.467543, 40.725237 ] ] ] } },
{ "type": "Feature", "properties": { "culture_type": "Culture", "culture_subtype": "Religious heritage", "culture_source": "culture_polygons", "path": "D:\\30.10\\datagis\\religion 2100.shp", "name": null, "name_el": null, "name_en": null, "amenity": "place_of_worship", "tourism": null, "historic": null, "religion": "christian", "museum": null, "theatre_ty": null, "library_ty": null, "symbol_origin": "none" }, "geometry": { "type": "Polygon", "coordinates": [ [ [ 23.176073, 40.723818 ], [ 23.176074, 40.723763 ], [ 23.175948, 40.723762 ], [ 23.175947, 40.723817 ], [ 23.176073, 40.723818 ] ] ] } },
{ "type": "Feature", "properties": { "culture_type": "Culture", "culture_subtype": "Religious heritage", "culture_source": "culture_polygons", "path": "D:\\30.10\\datagis\\religion 2100.shp", "name": null, "name_el": null, "name_en": null, "amenity": "place_of_worship", "tourism": null, "historic": null, "religion": "christian", "museum": null, "theatre_ty": null, "library_ty": null, "symbol_origin": "none" }, "geometry": { "type": "Polygon", "coordinates": [ [ [ 23.546209, 40.737957 ], [ 23.546398, 40.737865 ], [ 23.546316, 40.73778 ], [ 23.546141, 40.737874 ], [ 23.546209, 40.737957 ] ] ] } },
{ "type": "Feature", "properties": { "culture_type": "Culture", "culture_subtype": "Religious heritage", "culture_source": "culture_polygons", "path": "D:\\30.10\\datagis\\religion 2100.shp", "name": null, "name_el": null, "name_en": null, "amenity": "place_of_worship", "tourism": null, "historic": null, "religion": "christian", "museum": null, "theatre_ty": null, "library_ty": null, "symbol_origin": "none" }, "geometry": { "type": "Polygon", "coordinates": [ [ [ 23.711571, 40.739124 ], [ 23.711763, 40.73902 ], [ 23.711587, 40.738834 ], [ 23.711396, 40.738938 ], [ 23.711571, 40.739124 ] ] ] } },
{ "type": "Feature", "properties": { "culture_type": "Culture", "culture_subtype": "Religious heritage", "culture_source": "culture_polygons", "path": "D:\\30.10\\datagis\\religion 2100.shp", "name": "Κόκκινο Γαλλικό παρεκκλήσι", "name_el": "Κόκκινο Γαλλικό παρεκκλήσι", "name_en": "Red Roman-Catholic Church Zeitenlik", "amenity": "place_of_worship", "tourism": null, "historic": null, "religion": "christian", "museum": null, "theatre_ty": null, "library_ty": null, "symbol_origin": "none" }, "geometry": { "type": "Polygon", "coordinates": [ [ [ 22.932481, 40.654658 ], [ 22.932473, 40.654664 ], [ 22.932469, 40.654671 ], [ 22.932468, 40.654679 ], [ 22.93247, 40.654687 ], [ 22.932475, 40.654693 ], [ 22.932483, 40.654699 ], [ 22.932483, 40.654712 ], [ 22.932522, 40.654711 ], [ 22.932522, 40.654697 ], [ 22.932528, 40.654691 ], [ 22.932532, 40.654684 ], [ 22.932533, 40.654676 ], [ 22.932531, 40.654669 ], [ 22.932526, 40.654662 ], [ 22.932519, 40.654657 ], [ 22.93251, 40.654654 ], [ 22.9325, 40.654653 ], [ 22.93249, 40.654654 ], [ 22.932481, 40.654658 ] ] ] } },
{ "type": "Feature", "properties": { "culture_type": "Culture", "culture_subtype": "Library", "culture_source": "culture_polygons", "path": "D:\\30.10\\datagis\\library 2100.shp", "name": "Δημοτική Βιβλιοθήκη Νεάπολης", "name_el": null, "name_en": null, "amenity": "library", "tourism": null, "historic": null, "religion": null, "museum": null, "theatre_ty": null, "library_ty": null, "symbol_origin": "none" }, "geometry": { "type": "Polygon", "coordinates": [ [ [ 22.942544, 40.654895 ], [ 22.942581, 40.654891 ], [ 22.942634, 40.654831 ], [ 22.942561, 40.654789 ], [ 22.942504, 40.654842 ], [ 22.942465, 40.654844 ], [ 22.942396, 40.654909 ], [ 22.942496, 40.654956 ], [ 22.942544, 40.654895 ] ] ] } },
{ "type": "Feature", "properties": { "culture_type": "Culture", "culture_subtype": "Museum", "culture_source": "culture_polygons", "path": "D:\\30.10\\datagis\\museum2100.shp", "name": "Μουσείο Ζέιτενλικ", "name_el": "Μουσείο Ζέιτενλικ", "name_en": null, "amenity": null, "tourism": "museum", "historic": null, "religion": null, "museum": "military", "theatre_ty": null, "library_ty": null, "symbol_origin": "none" }, "geometry": { "type": "Polygon", "coordinates": [ [ [ 22.934221, 40.654986 ], [ 22.934219, 40.654908 ], [ 22.934098, 40.65491 ], [ 22.9341, 40.654987 ], [ 22.934221, 40.654986 ] ] ] } },
{ "type": "Feature", "properties": { "culture_type": "Culture", "culture_subtype": "Religious heritage", "culture_source": "culture_polygons", "path": "D:\\30.10\\datagis\\religion 2100.shp", "name": "Ναός Αγίας Βαρβάρας", "name_el": "Ναός Αγίας Βαρβάρας", "name_en": null, "amenity": "place_of_worship", "tourism": null, "historic": null, "religion": "christian", "museum": null, "theatre_ty": null, "library_ty": null, "symbol_origin": "none" }, "geometry": { "type": "Polygon", "coordinates": [ [ [ 22.936091, 40.657733 ], [ 22.936086, 40.657593 ], [ 22.935745, 40.6576 ], [ 22.935747, 40.65767 ], [ 22.935749, 40.65774 ], [ 22.936091, 40.657733 ] ] ] } },
{ "type": "Feature", "properties": { "culture_type": "Culture", "culture_subtype": "Religious heritage", "culture_source": "culture_polygons", "path": "D:\\30.10\\datagis\\religion 2100.shp", "name": "Παρεκκλήσιο Αγίου Βικεντίου του Παύλου", "name_el": null, "name_en": null, "amenity": "place_of_worship", "tourism": null, "historic": null, "religion": "christian", "museum": null, "theatre_ty": null, "library_ty": null, "symbol_origin": "none" }, "geometry": { "type": "Polygon", "coordinates": [ [ [ 22.932283, 40.65806 ], [ 22.932227, 40.657965 ], [ 22.931987, 40.658045 ], [ 22.932043, 40.658141 ], [ 22.932283, 40.65806 ] ] ] } },
{ "type": "Feature", "properties": { "culture_type": "Culture", "culture_subtype": "Theatre", "culture_source": "culture_polygons", "path": "D:\\30.10\\datagis\\theatre2100.shp", "name": "ΚΘΒΕ - Μονή Λαζαριστών", "name_el": null, "name_en": null, "amenity": "theatre", "tourism": null, "historic": null, "religion": null, "museum": null, "theatre_ty": null, "library_ty": null, "symbol_origin": "none" }, "geometry": { "type": "Polygon", "coordinates": [ [ [ 22.930369, 40.658397 ], [ 22.93049, 40.658602 ], [ 22.93074, 40.658519 ], [ 22.930926, 40.658453 ], [ 22.930944, 40.658447 ], [ 22.931031, 40.658416 ], [ 22.930986, 40.658342 ], [ 22.930906, 40.658371 ], [ 22.930695, 40.658445 ], [ 22.930653, 40.658377 ], [ 22.930695, 40.658361 ], [ 22.930715, 40.658255 ], [ 22.930901, 40.658232 ], [ 22.93092, 40.658193 ], [ 22.930928, 40.658132 ], [ 22.930917, 40.658053 ], [ 22.93089, 40.657984 ], [ 22.930847, 40.65792 ], [ 22.930807, 40.657927 ], [ 22.930794, 40.657841 ], [ 22.930446, 40.657958 ], [ 22.930318, 40.658001 ], [ 22.930166, 40.658053 ], [ 22.930369, 40.658397 ] ] ] } },
{ "type": "Feature", "properties": { "culture_type": "Culture", "culture_subtype": "Historic monument", "culture_source": "culture_polygons", "path": "D:\\30.10\\datagis\\historic monument 2100.shp", "name": "Τζαμί του Λεμπέτ", "name_el": "Τζαμί του Λεμπέτ", "name_en": null, "amenity": null, "tourism": null, "historic": "monument", "religion": null, "museum": null, "theatre_ty": null, "library_ty": null, "symbol_origin": "none" }, "geometry": { "type": "Polygon", "coordinates": [ [ [ 22.936091, 40.660588 ], [ 22.93596, 40.660508 ], [ 22.935814, 40.660645 ], [ 22.935945, 40.660725 ], [ 22.936091, 40.660588 ] ] ] } },
{ "type": "Feature", "properties": { "culture_type": "Culture", "culture_subtype": "Religious heritage", "culture_source": "culture_polygons", "path": "D:\\30.10\\datagis\\religion 2100.shp", "name": "Ιερός Ναός Αγίου Ιωσήφ και Φωτεινής", "name_el": null, "name_en": null, "amenity": "place_of_worship", "tourism": null, "historic": null, "religion": "christian", "museum": null, "theatre_ty": null, "library_ty": null, "symbol_origin": "none" }, "geometry": { "type": "Polygon", "coordinates": [ [ [ 22.922042, 40.663555 ], [ 22.921702, 40.663568 ], [ 22.921721, 40.663838 ], [ 22.921764, 40.663855 ], [ 22.921817, 40.663857 ], [ 22.921852, 40.663873 ], [ 22.921911, 40.663873 ], [ 22.921943, 40.66385 ], [ 22.922029, 40.663844 ], [ 22.922064, 40.663816 ], [ 22.922042, 40.663555 ] ] ] } },
{ "type": "Feature", "properties": { "culture_type": "Culture", "culture_subtype": "Religious heritage", "culture_source": "culture_polygons", "path": "D:\\30.10\\datagis\\religion 2100.shp", "name": "Ναός Αγίου Ελευθερίου", "name_el": "Ναός Αγίου Ελευθερίου", "name_en": "Saint Eleftherios church", "amenity": "place_of_worship", "tourism": null, "historic": null, "religion": "christian", "museum": null, "theatre_ty": null, "library_ty": null, "symbol_origin": "none" }, "geometry": { "type": "Polygon", "coordinates": [ [ [ 22.936633, 40.664218 ], [ 22.936632, 40.664263 ], [ 22.936691, 40.664264 ], [ 22.936692, 40.66422 ], [ 22.936768, 40.664221 ], [ 22.936767, 40.664237 ], [ 22.936823, 40.664239 ], [ 22.936824, 40.664223 ], [ 22.936942, 40.664225 ], [ 22.936948, 40.664068 ], [ 22.936834, 40.664066 ], [ 22.936834, 40.664047 ], [ 22.936779, 40.664046 ], [ 22.936779, 40.664064 ], [ 22.936639, 40.664061 ], [ 22.936633, 40.664218 ] ] ] } },
{ "type": "Feature", "properties": { "culture_type": "Culture", "culture_subtype": "Religious heritage", "culture_source": "culture_polygons", "path": "D:\\30.10\\datagis\\religion 2100.shp", "name": null, "name_el": null, "name_en": null, "amenity": "place_of_worship", "tourism": null, "historic": null, "religion": "christian", "museum": null, "theatre_ty": null, "library_ty": null, "symbol_origin": "none" }, "geometry": { "type": "Polygon", "coordinates": [ [ [ 22.939519, 40.66662 ], [ 22.939489, 40.666512 ], [ 22.939236, 40.666552 ], [ 22.939265, 40.66666 ], [ 22.939519, 40.66662 ] ] ] } },
{ "type": "Feature", "properties": { "culture_type": "Culture", "culture_subtype": "Museum", "culture_source": "culture_polygons", "path": "D:\\30.10\\datagis\\museum2100.shp", "name": "Σιδηροδρομικό Μουσείο", "name_el": "Σιδηροδρομικό Μουσείο", "name_en": "Railroad Museum", "amenity": null, "tourism": "museum", "historic": null, "religion": null, "museum": "railway", "theatre_ty": null, "library_ty": null, "symbol_origin": "none" }, "geometry": { "type": "Polygon", "coordinates": [ [ [ 22.891737, 40.666161 ], [ 22.891924, 40.666363 ], [ 22.893204, 40.66563 ], [ 22.892937, 40.665311 ], [ 22.892784, 40.66514 ], [ 22.89123, 40.66599 ], [ 22.891422, 40.666184 ], [ 22.891737, 40.666161 ] ] ] } },
{ "type": "Feature", "properties": { "culture_type": "Culture", "culture_subtype": "Religious heritage", "culture_source": "culture_polygons", "path": "D:\\30.10\\datagis\\religion 2100.shp", "name": "Ιερός Ναός Υψώσεως Τιμίου Σταυρού", "name_el": null, "name_en": null, "amenity": "place_of_worship", "tourism": null, "historic": null, "religion": "christian", "museum": null, "theatre_ty": null, "library_ty": null, "symbol_origin": "none" }, "geometry": { "type": "Polygon", "coordinates": [ [ [ 22.885115, 40.667405 ], [ 22.885304, 40.667347 ], [ 22.885282, 40.667306 ], [ 22.885288, 40.667303 ], [ 22.885294, 40.667298 ], [ 22.885297, 40.667293 ], [ 22.885297, 40.667287 ], [ 22.885295, 40.667281 ], [ 22.885291, 40.667276 ], [ 22.885285, 40.667272 ], [ 22.885277, 40.66727 ], [ 22.885269, 40.667269 ], [ 22.885262, 40.667271 ], [ 22.88524, 40.667231 ], [ 22.885149, 40.667259 ], [ 22.885052, 40.66729 ], [ 22.885115, 40.667405 ] ] ] } },
{ "type": "Feature", "properties": { "culture_type": "Culture", "culture_subtype": "Library", "culture_source": "culture_polygons", "path": "D:\\30.10\\datagis\\library 2100.shp", "name": "Πολιτιστικό Κέντρο \"Μελίνα Μερκούρη\"", "name_el": null, "name_en": null, "amenity": "library", "tourism": null, "historic": null, "religion": null, "museum": null, "theatre_ty": null, "library_ty": null, "symbol_origin": "none" }, "geometry": { "type": "Polygon", "coordinates": [ [ [ 22.895968, 40.667585 ], [ 22.895923, 40.667607 ], [ 22.895911, 40.667703 ], [ 22.895938, 40.667717 ], [ 22.895966, 40.667718 ], [ 22.895996, 40.667708 ], [ 22.896005, 40.667685 ], [ 22.896019, 40.667681 ], [ 22.89603, 40.667703 ], [ 22.896047, 40.667701 ], [ 22.895968, 40.667585 ] ] ] } },
{ "type": "Feature", "properties": { "culture_type": "Culture", "culture_subtype": "Religious heritage", "culture_source": "culture_polygons", "path": "D:\\30.10\\datagis\\religion 2100.shp", "name": "Ευαγγελισμός της Θεοτόκου", "name_el": null, "name_en": null, "amenity": "place_of_worship", "tourism": null, "historic": null, "religion": "christian", "museum": null, "theatre_ty": null, "library_ty": null, "symbol_origin": "none" }, "geometry": { "type": "Polygon", "coordinates": [ [ [ 22.911284, 40.668318 ], [ 22.911386, 40.668294 ], [ 22.911718, 40.668221 ], [ 22.911712, 40.668201 ], [ 22.91172, 40.668193 ], [ 22.911728, 40.668182 ], [ 22.911733, 40.668175 ], [ 22.911737, 40.668158 ], [ 22.911736, 40.668139 ], [ 22.911729, 40.668124 ], [ 22.911716, 40.66811 ], [ 22.911696, 40.668097 ], [ 22.911679, 40.668091 ], [ 22.911658, 40.668086 ], [ 22.911645, 40.668085 ], [ 22.911629, 40.668038 ], [ 22.911537, 40.668059 ], [ 22.911526, 40.668028 ], [ 22.911407, 40.668052 ], [ 22.911417, 40.668085 ], [ 22.911264, 40.668116 ], [ 22.911195, 40.66813 ], [ 22.911269, 40.668322 ], [ 22.911284, 40.668318 ] ] ] } },
{ "type": "Feature", "properties": { "culture_type": "Culture", "culture_subtype": "Religious heritage", "culture_source": "culture_polygons", "path": "D:\\30.10\\datagis\\religion 2100.shp", "name": "Ι.Ν. ΤΙΜΙΟΥ ΣΤΑΥΡΟΥ ΘΕΙΑΣ ΑΝΑΛΗΨΕΩΣ", "name_el": null, "name_en": null, "amenity": "place_of_worship", "tourism": null, "historic": null, "religion": "christian", "museum": null, "theatre_ty": null, "library_ty": null, "symbol_origin": "none" }, "geometry": { "type": "Polygon", "coordinates": [ [ [ 22.918177, 40.668858 ], [ 22.918176, 40.668833 ], [ 22.918246, 40.668833 ], [ 22.918245, 40.668794 ], [ 22.918246, 40.668724 ], [ 22.918189, 40.668724 ], [ 22.918102, 40.668724 ], [ 22.918104, 40.66877 ], [ 22.918044, 40.66877 ], [ 22.918044, 40.668822 ], [ 22.918104, 40.668822 ], [ 22.918104, 40.668858 ], [ 22.918177, 40.668858 ] ] ] } },
{ "type": "Feature", "properties": { "culture_type": "Culture", "culture_subtype": "Theatre", "culture_source": "culture_polygons", "path": "D:\\30.10\\datagis\\theatre2100.shp", "name": "Ανοιχτό θεατράκι", "name_el": null, "name_en": null, "amenity": "theatre", "tourism": null, "historic": null, "religion": null, "museum": null, "theatre_ty": null, "library_ty": null, "symbol_origin": "none" }, "geometry": { "type": "Polygon", "coordinates": [ [ [ 22.89697, 40.670089 ], [ 22.896925, 40.670109 ], [ 22.896892, 40.67014 ], [ 22.896873, 40.670176 ], [ 22.896871, 40.670216 ], [ 22.896885, 40.670254 ], [ 22.896915, 40.670286 ], [ 22.896956, 40.67031 ], [ 22.897008, 40.670323 ], [ 22.897063, 40.670321 ], [ 22.897113, 40.670306 ], [ 22.897155, 40.670279 ], [ 22.897182, 40.670243 ], [ 22.897191, 40.670202 ], [ 22.897182, 40.670162 ], [ 22.897158, 40.670127 ], [ 22.89712, 40.6701 ], [ 22.897072, 40.670084 ], [ 22.89702, 40.67008 ], [ 22.89697, 40.670089 ] ] ] } },
{ "type": "Feature", "properties": { "culture_type": "Culture", "culture_subtype": "Theatre", "culture_source": "culture_polygons", "path": "D:\\30.10\\datagis\\theatre2100.shp", "name": null, "name_el": null, "name_en": null, "amenity": "theatre", "tourism": null, "historic": null, "religion": null, "museum": null, "theatre_ty": null, "library_ty": null, "symbol_origin": "none" }, "geometry": { "type": "Polygon", "coordinates": [ [ [ 22.899415, 40.67084 ], [ 22.899425, 40.670867 ], [ 22.899445, 40.67089 ], [ 22.899475, 40.670906 ], [ 22.89951, 40.670914 ], [ 22.899547, 40.670913 ], [ 22.899579, 40.670903 ], [ 22.899605, 40.670886 ], [ 22.899623, 40.670864 ], [ 22.899631, 40.670839 ], [ 22.899628, 40.670813 ], [ 22.899615, 40.670789 ], [ 22.899592, 40.670769 ], [ 22.899562, 40.670756 ], [ 22.899529, 40.670751 ], [ 22.899492, 40.670754 ], [ 22.899459, 40.670766 ], [ 22.899434, 40.670786 ], [ 22.899418, 40.670812 ], [ 22.899415, 40.67084 ] ] ] } },
{ "type": "Feature", "properties": { "culture_type": "Culture", "culture_subtype": "Religious heritage", "culture_source": "culture_polygons", "path": "D:\\30.10\\datagis\\religion 2100.shp", "name": "Ναός Αγίου Αθανασίου", "name_el": "Ναός Αγίου Αθανασίου", "name_en": "Agios Athanasios church", "amenity": "place_of_worship", "tourism": null, "historic": null, "religion": "christian", "museum": null, "theatre_ty": null, "library_ty": null, "symbol_origin": "none" }, "geometry": { "type": "Polygon", "coordinates": [ [ [ 22.912263, 40.671029 ], [ 22.912207, 40.670916 ], [ 22.911914, 40.670998 ], [ 22.91197, 40.671111 ], [ 22.912263, 40.671029 ] ] ] } },
{ "type": "Feature", "properties": { "culture_type": "Culture", "culture_subtype": "Religious heritage", "culture_source": "culture_polygons", "path": "D:\\30.10\\datagis\\religion 2100.shp", "name": "Μεταμόρφωση του Σωτήρος", "name_el": null, "name_en": null, "amenity": "place_of_worship", "tourism": null, "historic": null, "religion": "christian", "museum": null, "theatre_ty": null, "library_ty": null, "symbol_origin": "none" }, "geometry": { "type": "Polygon", "coordinates": [ [ [ 22.8952, 40.671088 ], [ 22.89523, 40.670847 ], [ 22.894876, 40.670823 ], [ 22.894846, 40.671063 ], [ 22.8952, 40.671088 ] ] ] } },
{ "type": "Feature", "properties": { "culture_type": "Culture", "culture_subtype": "Religious heritage", "culture_source": "culture_polygons", "path": "D:\\30.10\\datagis\\religion 2100.shp", "name": "Άγιος Ελευθέριος", "name_el": null, "name_en": null, "amenity": "place_of_worship", "tourism": null, "historic": null, "religion": "christian", "museum": null, "theatre_ty": null, "library_ty": null, "symbol_origin": "none" }, "geometry": { "type": "Polygon", "coordinates": [ [ [ 22.899553, 40.671044 ], [ 22.899644, 40.671045 ], [ 22.899644, 40.670988 ], [ 22.899553, 40.670988 ], [ 22.899553, 40.671044 ] ] ] } },
{ "type": "Feature", "properties": { "culture_type": "Culture", "culture_subtype": "Religious heritage", "culture_source": "culture_polygons", "path": "D:\\30.10\\datagis\\religion 2100.shp", "name": "Άγιος Κωνσταντίνος", "name_el": null, "name_en": null, "amenity": "place_of_worship", "tourism": null, "historic": null, "religion": "christian", "museum": null, "theatre_ty": null, "library_ty": null, "symbol_origin": "none" }, "geometry": { "type": "Polygon", "coordinates": [ [ [ 22.928262, 40.668152 ], [ 22.928303, 40.667793 ], [ 22.92797, 40.667771 ], [ 22.927929, 40.66813 ], [ 22.928262, 40.668152 ] ] ] } },
{ "type": "Feature", "properties": { "culture_type": "Culture", "culture_subtype": "Historic site", "culture_source": "culture_polygons", "path": "D:\\30.10\\datagis\\historic site2100.shp", "name": null, "name_el": null, "name_en": null, "amenity": null, "tourism": null, "historic": "archaeological_site", "religion": null, "museum": null, "theatre_ty": null, "library_ty": null, "symbol_origin": "none" }, "geometry": { "type": "Polygon", "coordinates": [ [ [ 22.935689, 40.669464 ], [ 22.935675, 40.669415 ], [ 22.935624, 40.669424 ], [ 22.935634, 40.669473 ], [ 22.935689, 40.669464 ] ] ] } },
{ "type": "Feature", "properties": { "culture_type": "Culture", "culture_subtype": "Historic site", "culture_source": "culture_polygons", "path": "D:\\30.10\\datagis\\historic site2100.shp", "name": null, "name_el": null, "name_en": null, "amenity": null, "tourism": null, "historic": "archaeological_site", "religion": null, "museum": null, "theatre_ty": null, "library_ty": null, "symbol_origin": "none" }, "geometry": { "type": "Polygon", "coordinates": [ [ [ 22.935377, 40.669553 ], [ 22.935606, 40.669517 ], [ 22.935569, 40.669384 ], [ 22.935341, 40.669421 ], [ 22.935377, 40.669553 ] ] ] } },
{ "type": "Feature", "properties": { "culture_type": "Culture", "culture_subtype": "Historic site", "culture_source": "culture_polygons", "path": "D:\\30.10\\datagis\\historic site2100.shp", "name": null, "name_el": null, "name_en": null, "amenity": null, "tourism": null, "historic": "archaeological_site", "religion": null, "museum": null, "theatre_ty": null, "library_ty": null, "symbol_origin": "none" }, "geometry": { "type": "Polygon", "coordinates": [ [ [ 22.934533, 40.669575 ], [ 22.934583, 40.669689 ], [ 22.934747, 40.669647 ], [ 22.934697, 40.669534 ], [ 22.934533, 40.669575 ] ] ] } },
{ "type": "Feature", "properties": { "culture_type": "Culture", "culture_subtype": "Historic site", "culture_source": "culture_polygons", "path": "D:\\30.10\\datagis\\historic site2100.shp", "name": "Νεολιθικός οικισμός Σταυρούπολης", "name_el": null, "name_en": null, "amenity": null, "tourism": null, "historic": "archaeological_site", "religion": null, "museum": null, "theatre_ty": null, "library_ty": null, "symbol_origin": "none" }, "geometry": { "type": "Polygon", "coordinates": [ [ [ 22.934455, 40.670269 ], [ 22.934492, 40.670386 ], [ 22.934787, 40.670333 ], [ 22.934797, 40.670327 ], [ 22.934806, 40.670319 ], [ 22.934809, 40.670313 ], [ 22.934811, 40.6703 ], [ 22.93481, 40.670291 ], [ 22.934802, 40.670271 ], [ 22.934742, 40.670174 ], [ 22.934407, 40.670235 ], [ 22.934309, 40.670254 ], [ 22.934284, 40.670176 ], [ 22.933704, 40.670286 ], [ 22.933714, 40.670318 ], [ 22.933729, 40.670327 ], [ 22.933738, 40.670368 ], [ 22.933857, 40.670354 ], [ 22.933922, 40.670335 ], [ 22.934032, 40.670328 ], [ 22.934239, 40.670284 ], [ 22.934248, 40.670309 ], [ 22.934455, 40.670269 ] ] ] } },
{ "type": "Feature", "properties": { "culture_type": "Culture", "culture_subtype": "Historic site", "culture_source": "culture_polygons", "path": "D:\\30.10\\datagis\\historic site2100.shp", "name": "Νεολιθικός οικισμός Σταυρούπολης", "name_el": null, "name_en": null, "amenity": null, "tourism": null, "historic": "archaeological_site", "religion": null, "museum": null, "theatre_ty": null, "library_ty": null, "symbol_origin": "none" }, "geometry": { "type": "Polygon", "coordinates": [ [ [ 22.935347, 40.670895 ], [ 22.936083, 40.670829 ], [ 22.936472, 40.670801 ], [ 22.936832, 40.670773 ], [ 22.936861, 40.670843 ], [ 22.937112, 40.670819 ], [ 22.93716, 40.670722 ], [ 22.937064, 40.670723 ], [ 22.937061, 40.670585 ], [ 22.936211, 40.670654 ], [ 22.936197, 40.670615 ], [ 22.935982, 40.670632 ], [ 22.935947, 40.670494 ], [ 22.935709, 40.670513 ], [ 22.935728, 40.670668 ], [ 22.935213, 40.670729 ], [ 22.935164, 40.670705 ], [ 22.935146, 40.670723 ], [ 22.93361, 40.670971 ], [ 22.93367, 40.671159 ], [ 22.933301, 40.671242 ], [ 22.933274, 40.671149 ], [ 22.933097, 40.671189 ], [ 22.933064, 40.671031 ], [ 22.933262, 40.670992 ], [ 22.933169, 40.670609 ], [ 22.932932, 40.670648 ], [ 22.933077, 40.671429 ], [ 22.933556, 40.671348 ], [ 22.933533, 40.671269 ], [ 22.93369, 40.671225 ], [ 22.935295, 40.670953 ], [ 22.935347, 40.670895 ] ] ] } },
{ "type": "Feature", "properties": { "culture_type": "Culture", "culture_subtype": "Historic site", "culture_source": "culture_polygons", "path": "D:\\30.10\\datagis\\historic site2100.shp", "name": "Νεολιθικός οικισμός Σταυρούπολης", "name_el": null, "name_en": null, "amenity": null, "tourism": null, "historic": "archaeological_site", "religion": null, "museum": null, "theatre_ty": null, "library_ty": null, "symbol_origin": "none" }, "geometry": { "type": "Polygon", "coordinates": [ [ [ 22.936026, 40.672244 ], [ 22.936129, 40.672433 ], [ 22.936462, 40.672392 ], [ 22.936554, 40.67238 ], [ 22.936939, 40.672333 ], [ 22.936912, 40.672228 ], [ 22.936715, 40.67225 ], [ 22.936608, 40.672258 ], [ 22.936617, 40.672296 ], [ 22.936331, 40.672351 ], [ 22.936275, 40.672194 ], [ 22.936026, 40.672244 ] ] ] } },
{ "type": "Feature", "properties": { "culture_type": "Culture", "culture_subtype": "Art & Exhibition Space", "culture_source": "culture_polygons", "path": "D:\\30.10\\datagis\\art center 2100.shp", "name": "Δημοτική Επιχείρηση \"Ιρις\"", "name_el": null, "name_en": null, "amenity": "arts_centre", "tourism": null, "historic": null, "religion": null, "museum": null, "theatre_ty": null, "library_ty": null, "symbol_origin": "none" }, "geometry": { "type": "Polygon", "coordinates": [ [ [ 22.9266, 40.672783 ], [ 22.926606, 40.672696 ], [ 22.926645, 40.672697 ], [ 22.926656, 40.6727 ], [ 22.926664, 40.672698 ], [ 22.926676, 40.672693 ], [ 22.926686, 40.672683 ], [ 22.926685, 40.672661 ], [ 22.926678, 40.672648 ], [ 22.926667, 40.672642 ], [ 22.926654, 40.672631 ], [ 22.926653, 40.672577 ], [ 22.926616, 40.672576 ], [ 22.926619, 40.672534 ], [ 22.926386, 40.672525 ], [ 22.926366, 40.672747 ], [ 22.92635, 40.672757 ], [ 22.926348, 40.672762 ], [ 22.926352, 40.672768 ], [ 22.926368, 40.672774 ], [ 22.9266, 40.672783 ] ] ] } },
{ "type": "Feature", "properties": { "culture_type": "Culture", "culture_subtype": "Religious heritage", "culture_source": "culture_polygons", "path": "D:\\30.10\\datagis\\religion 2100.shp", "name": "Ι.Ν. Αγίου Λουκά", "name_el": null, "name_en": null, "amenity": "place_of_worship", "tourism": null, "historic": null, "religion": "christian", "museum": null, "theatre_ty": null, "library_ty": null, "symbol_origin": "none" }, "geometry": { "type": "Polygon", "coordinates": [ [ [ 22.932775, 40.67467 ], [ 22.93278, 40.674624 ], [ 22.932804, 40.67461 ], [ 22.932807, 40.674588 ], [ 22.932795, 40.674574 ], [ 22.932775, 40.674561 ], [ 22.932779, 40.674525 ], [ 22.932405, 40.674521 ], [ 22.932406, 40.674678 ], [ 22.932775, 40.67467 ] ] ] } },
{ "type": "Feature", "properties": { "culture_type": "Culture", "culture_subtype": "Religious heritage", "culture_source": "culture_polygons", "path": "D:\\30.10\\datagis\\religion 2100.shp", "name": "Προφήτης Ηλίας", "name_el": null, "name_en": null, "amenity": "place_of_worship", "tourism": null, "historic": null, "religion": "christian", "museum": null, "theatre_ty": null, "library_ty": null, "symbol_origin": "none" }, "geometry": { "type": "Polygon", "coordinates": [ [ [ 22.925893, 40.675893 ], [ 22.925841, 40.675948 ], [ 22.925903, 40.675983 ], [ 22.925955, 40.675928 ], [ 22.926138, 40.676028 ], [ 22.926284, 40.675874 ], [ 22.926016, 40.675728 ], [ 22.92587, 40.675881 ], [ 22.925893, 40.675893 ] ] ] } },
{ "type": "Feature", "properties": { "culture_type": "Culture", "culture_subtype": "Religious heritage", "culture_source": "culture_polygons", "path": "D:\\30.10\\datagis\\religion 2100.shp", "name": "Ναός Κυρίλλου και Μεθοδίου", "name_el": null, "name_en": null, "amenity": "place_of_worship", "tourism": null, "historic": null, "religion": "christian", "museum": null, "theatre_ty": null, "library_ty": null, "symbol_origin": "none" }, "geometry": { "type": "Polygon", "coordinates": [ [ [ 22.915976, 40.674933 ], [ 22.916039, 40.674933 ], [ 22.916039, 40.67498 ], [ 22.916503, 40.67498 ], [ 22.916503, 40.674779 ], [ 22.916037, 40.674779 ], [ 22.916037, 40.674844 ], [ 22.915976, 40.674844 ], [ 22.915976, 40.674933 ] ] ] } },
{ "type": "Feature", "properties": { "culture_type": "Culture", "culture_subtype": "Religious heritage", "culture_source": "culture_polygons", "path": "D:\\30.10\\datagis\\religion 2100.shp", "name": "Τρεις Ιεράρχες", "name_el": null, "name_en": null, "amenity": "place_of_worship", "tourism": null, "historic": null, "religion": "christian", "museum": null, "theatre_ty": null, "library_ty": null, "symbol_origin": "none" }, "geometry": { "type": "Polygon", "coordinates": [ [ [ 22.909461, 40.675033 ], [ 22.909461, 40.675023 ], [ 22.909497, 40.675023 ], [ 22.909497, 40.674977 ], [ 22.909539, 40.674977 ], [ 22.909539, 40.674961 ], [ 22.909555, 40.674961 ], [ 22.909573, 40.674947 ], [ 22.909576, 40.674921 ], [ 22.909553, 40.674901 ], [ 22.909538, 40.674901 ], [ 22.909538, 40.674887 ], [ 22.909491, 40.674887 ], [ 22.909491, 40.674833 ], [ 22.909462, 40.674833 ], [ 22.909462, 40.674822 ], [ 22.909441, 40.674823 ], [ 22.909441, 40.674815 ], [ 22.909433, 40.674803 ], [ 22.909415, 40.674795 ], [ 22.909394, 40.674795 ], [ 22.909376, 40.674804 ], [ 22.909368, 40.674815 ], [ 22.909368, 40.674823 ], [ 22.909296, 40.674823 ], [ 22.909296, 40.674803 ], [ 22.909177, 40.674803 ], [ 22.909177, 40.674846 ], [ 22.909112, 40.674846 ], [ 22.909112, 40.674919 ], [ 22.909095, 40.674918 ], [ 22.909088, 40.67492 ], [ 22.90908, 40.674929 ], [ 22.909081, 40.674941 ], [ 22.909087, 40.674946 ], [ 22.909102, 40.67495 ], [ 22.909113, 40.674947 ], [ 22.909114, 40.675025 ], [ 22.909182, 40.675025 ], [ 22.909182, 40.675053 ], [ 22.909283, 40.675053 ], [ 22.909283, 40.675035 ], [ 22.909365, 40.675035 ], [ 22.909365, 40.675049 ], [ 22.909378, 40.675063 ], [ 22.909396, 40.675069 ], [ 22.909422, 40.675065 ], [ 22.909431, 40.675059 ], [ 22.909439, 40.675048 ], [ 22.909439, 40.675033 ], [ 22.909461, 40.675033 ] ] ] } },
{ "type": "Feature", "properties": { "culture_type": "Culture", "culture_subtype": "Religious heritage", "culture_source": "culture_polygons", "path": "D:\\30.10\\datagis\\religion 2100.shp", "name": null, "name_el": null, "name_en": null, "amenity": "place_of_worship", "tourism": null, "historic": null, "religion": "christian", "museum": null, "theatre_ty": null, "library_ty": null, "symbol_origin": "none" }, "geometry": { "type": "Polygon", "coordinates": [ [ [ 22.603266, 40.674225 ], [ 22.603301, 40.674175 ], [ 22.60319, 40.674129 ], [ 22.603154, 40.674179 ], [ 22.603266, 40.674225 ] ] ] } },
{ "type": "Feature", "properties": { "culture_type": "Culture", "culture_subtype": "Religious heritage", "culture_source": "culture_polygons", "path": "D:\\30.10\\datagis\\religion 2100.shp", "name": "Ύψωσης Τιμίου Σταυρού", "name_el": null, "name_en": null, "amenity": "place_of_worship", "tourism": null, "historic": null, "religion": "christian", "museum": null, "theatre_ty": null, "library_ty": null, "symbol_origin": "none" }, "geometry": { "type": "Polygon", "coordinates": [ [ [ 22.541134, 40.67643 ], [ 22.541186, 40.676358 ], [ 22.540985, 40.676273 ], [ 22.540932, 40.676345 ], [ 22.541134, 40.67643 ] ] ] } },
{ "type": "Feature", "properties": { "culture_type": "Culture", "culture_subtype": "Religious heritage", "culture_source": "culture_polygons", "path": "D:\\30.10\\datagis\\religion 2100.shp", "name": "Ιερός Ναός Αγίου Δημητρίου", "name_el": "Ιερός Ναός Αγίου Δημητρίου", "name_en": "Church of Saint Demetrios", "amenity": "place_of_worship", "tourism": "attraction", "historic": null, "religion": "christian", "museum": null, "theatre_ty": null, "library_ty": null, "symbol_origin": "none" }, "geometry": { "type": "Polygon", "coordinates": [ [ [ 22.859316, 40.688503 ], [ 22.859274, 40.688378 ], [ 22.859039, 40.688423 ], [ 22.85906, 40.688485 ], [ 22.859081, 40.688548 ], [ 22.859316, 40.688503 ] ] ] } },
{ "type": "Feature", "properties": { "culture_type": "Culture", "culture_subtype": "Religious heritage", "culture_source": "culture_polygons", "path": "D:\\30.10\\datagis\\religion 2100.shp", "name": "Ιερός Ναός Αγίων Αναργύρων", "name_el": "Ιερός Ναός Αγίων Αναργύρων", "name_en": "Church of Holy Unmercenaries", "amenity": "place_of_worship", "tourism": null, "historic": null, "religion": "christian", "museum": null, "theatre_ty": null, "library_ty": null, "symbol_origin": "none" }, "geometry": { "type": "Polygon", "coordinates": [ [ [ 22.859532, 40.68864 ], [ 22.859487, 40.688487 ], [ 22.859134, 40.688547 ], [ 22.859159, 40.688631 ], [ 22.85918, 40.688701 ], [ 22.859532, 40.68864 ] ] ] } },
{ "type": "Feature", "properties": { "culture_type": "Culture", "culture_subtype": "Religious heritage", "culture_source": "culture_polygons", "path": "D:\\30.10\\datagis\\religion 2100.shp", "name": "Ι. Ν. Αγίου Αθανασίου", "name_el": null, "name_en": null, "amenity": "place_of_worship", "tourism": null, "historic": null, "religion": "christian", "museum": null, "theatre_ty": null, "library_ty": null, "symbol_origin": "none" }, "geometry": { "type": "Polygon", "coordinates": [ [ [ 22.835056, 40.689206 ], [ 22.835049, 40.689064 ], [ 22.834705, 40.689074 ], [ 22.834712, 40.689216 ], [ 22.835056, 40.689206 ] ] ] } },
{ "type": "Feature", "properties": { "culture_type": "Culture", "culture_subtype": "Religious heritage", "culture_source": "culture_polygons", "path": "D:\\30.10\\datagis\\religion 2100.shp", "name": "Ιερός Ναός Αρχαγγέλων Μιχαήλ και Γαβριήλ", "name_el": "Ιερός Ναός Αρχαγγέλων Μιχαήλ και Γαβριήλ", "name_en": "Church of Archangels Michael and Gabriel", "amenity": "place_of_worship", "tourism": null, "historic": null, "religion": "christian", "museum": null, "theatre_ty": null, "library_ty": null, "symbol_origin": "none" }, "geometry": { "type": "Polygon", "coordinates": [ [ [ 22.901912, 40.690772 ], [ 22.901934, 40.69076 ], [ 22.90194, 40.690732 ], [ 22.901942, 40.690702 ], [ 22.901926, 40.690687 ], [ 22.901897, 40.690668 ], [ 22.901884, 40.690653 ], [ 22.901824, 40.690654 ], [ 22.901814, 40.690683 ], [ 22.901761, 40.690688 ], [ 22.901719, 40.690687 ], [ 22.901631, 40.690685 ], [ 22.901645, 40.690801 ], [ 22.901912, 40.690772 ] ] ] } },
{ "type": "Feature", "properties": { "culture_type": "Culture", "culture_subtype": "Religious heritage", "culture_source": "culture_polygons", "path": "D:\\30.10\\datagis\\religion 2100.shp", "name": null, "name_el": null, "name_en": null, "amenity": "place_of_worship", "tourism": null, "historic": null, "religion": "christian", "museum": null, "theatre_ty": null, "library_ty": null, "symbol_origin": "none" }, "geometry": { "type": "Polygon", "coordinates": [ [ [ 22.870935, 40.698333 ], [ 22.870962, 40.698307 ], [ 22.870987, 40.698322 ], [ 22.871027, 40.698313 ], [ 22.871029, 40.69828 ], [ 22.871053, 40.69826 ], [ 22.87101, 40.698234 ], [ 22.870989, 40.698221 ], [ 22.87096, 40.698204 ], [ 22.870937, 40.698226 ], [ 22.870917, 40.698214 ], [ 22.870882, 40.698246 ], [ 22.870921, 40.69827 ], [ 22.870886, 40.698303 ], [ 22.870935, 40.698333 ] ] ] } },
{ "type": "Feature", "properties": { "culture_type": "Culture", "culture_subtype": "Religious heritage", "culture_source": "culture_polygons", "path": "D:\\30.10\\datagis\\religion 2100.shp", "name": "Εκκλησία Αγίου Γεωργίου", "name_el": null, "name_en": null, "amenity": "place_of_worship", "tourism": null, "historic": null, "religion": "christian", "museum": null, "theatre_ty": null, "library_ty": null, "symbol_origin": "none" }, "geometry": { "type": "Polygon", "coordinates": [ [ [ 22.60475, 40.699203 ], [ 22.604804, 40.699046 ], [ 22.604511, 40.698975 ], [ 22.604452, 40.699137 ], [ 22.60475, 40.699203 ] ] ] } },
{ "type": "Feature", "properties": { "culture_type": "Culture", "culture_subtype": "Historic site", "culture_source": "culture_polygons", "path": "D:\\30.10\\datagis\\historic site2100.shp", "name": null, "name_el": null, "name_en": null, "amenity": null, "tourism": null, "historic": "archaeological_site", "religion": null, "museum": null, "theatre_ty": null, "library_ty": null, "symbol_origin": "none" }, "geometry": { "type": "Polygon", "coordinates": [ [ [ 22.941863, 40.677737 ], [ 22.942102, 40.677689 ], [ 22.942409, 40.677607 ], [ 22.942656, 40.677436 ], [ 22.942634, 40.677134 ], [ 22.942598, 40.677009 ], [ 22.942503, 40.6769 ], [ 22.942337, 40.676827 ], [ 22.942177, 40.676784 ], [ 22.942011, 40.676766 ], [ 22.941864, 40.676801 ], [ 22.941812, 40.676824 ], [ 22.941482, 40.677101 ], [ 22.941303, 40.677085 ], [ 22.941254, 40.677185 ], [ 22.941147, 40.677727 ], [ 22.941443, 40.677764 ], [ 22.941696, 40.67776 ], [ 22.941863, 40.677737 ] ] ] } },
{ "type": "Feature", "properties": { "culture_type": "Culture", "culture_subtype": "Religious heritage", "culture_source": "culture_polygons", "path": "D:\\30.10\\datagis\\religion 2100.shp", "name": "Ι.Ν. Αγίων Θεοπατόρων Ιωακείμ και Άννης", "name_el": "Ι.Ν. Αγίων Θεοπατόρων Ιωακείμ και Άννης", "name_en": "Saints Joachim and Anna", "amenity": "place_of_worship", "tourism": null, "historic": null, "religion": "christian", "museum": null, "theatre_ty": null, "library_ty": null, "symbol_origin": "none" }, "geometry": { "type": "Polygon", "coordinates": [ [ [ 22.942467, 40.681113 ], [ 22.942441, 40.681137 ], [ 22.942309, 40.681254 ], [ 22.942649, 40.681474 ], [ 22.942781, 40.681357 ], [ 22.942472, 40.681157 ], [ 22.942498, 40.681134 ], [ 22.942467, 40.681113 ] ] ] } },
{ "type": "Feature", "properties": { "culture_type": "Culture", "culture_subtype": "Religious heritage", "culture_source": "culture_polygons", "path": "D:\\30.10\\datagis\\religion 2100.shp", "name": "Άγιος Σεραφείμ του Σαρώφ", "name_el": null, "name_en": null, "amenity": "place_of_worship", "tourism": null, "historic": null, "religion": "christian", "museum": null, "theatre_ty": null, "library_ty": null, "symbol_origin": "none" }, "geometry": { "type": "Polygon", "coordinates": [ [ [ 22.929075, 40.686648 ], [ 22.929027, 40.686715 ], [ 22.929116, 40.686755 ], [ 22.92915, 40.686719 ], [ 22.929194, 40.686715 ], [ 22.929235, 40.686734 ], [ 22.929345, 40.686606 ], [ 22.929255, 40.686515 ], [ 22.929123, 40.686497 ], [ 22.929044, 40.686629 ], [ 22.929075, 40.686648 ] ] ] } },
{ "type": "Feature", "properties": { "culture_type": "Culture", "culture_subtype": "Religious heritage", "culture_source": "culture_polygons", "path": "D:\\30.10\\datagis\\religion 2100.shp", "name": null, "name_el": null, "name_en": null, "amenity": "place_of_worship", "tourism": null, "historic": null, "religion": "christian", "museum": null, "theatre_ty": null, "library_ty": null, "symbol_origin": "none" }, "geometry": { "type": "Polygon", "coordinates": [ [ [ 22.934444, 40.687617 ], [ 22.934488, 40.687473 ], [ 22.934359, 40.687451 ], [ 22.934316, 40.687595 ], [ 22.934444, 40.687617 ] ] ] } },
{ "type": "Feature", "properties": { "culture_type": "Culture", "culture_subtype": "Museum", "culture_source": "culture_polygons", "path": "D:\\30.10\\datagis\\museum2100.shp", "name": "Πάρκο Δεινοσαύρων", "name_el": null, "name_en": null, "amenity": null, "tourism": "museum", "historic": null, "religion": null, "museum": "children", "theatre_ty": null, "library_ty": null, "symbol_origin": "none" }, "geometry": { "type": "Polygon", "coordinates": [ [ [ 22.939564, 40.702602 ], [ 22.93961, 40.702438 ], [ 22.939432, 40.702399 ], [ 22.939509, 40.702185 ], [ 22.939429, 40.702171 ], [ 22.939456, 40.702084 ], [ 22.939485, 40.702093 ], [ 22.939576, 40.701773 ], [ 22.939899, 40.701814 ], [ 22.940012, 40.701826 ], [ 22.940073, 40.70177 ], [ 22.940259, 40.701486 ], [ 22.940488, 40.701139 ], [ 22.939606, 40.700975 ], [ 22.939282, 40.702068 ], [ 22.939378, 40.702143 ], [ 22.939265, 40.702549 ], [ 22.939564, 40.702602 ] ] ] } },
{ "type": "Feature", "properties": { "culture_type": "Culture", "culture_subtype": "Religious heritage", "culture_source": "culture_polygons", "path": "D:\\30.10\\datagis\\religion 2100.shp", "name": "Άγιος Γεώργιος", "name_el": "Άγιος Γεώργιος", "name_en": null, "amenity": "place_of_worship", "tourism": null, "historic": null, "religion": "christian", "museum": null, "theatre_ty": null, "library_ty": null, "symbol_origin": "none" }, "geometry": { "type": "Polygon", "coordinates": [ [ [ 22.932219, 40.704313 ], [ 22.932219, 40.704034 ], [ 22.931959, 40.704034 ], [ 22.93196, 40.704313 ], [ 22.932219, 40.704313 ] ] ] } },
{ "type": "Feature", "properties": { "culture_type": "Culture", "culture_subtype": "Religious heritage", "culture_source": "culture_polygons", "path": "D:\\30.10\\datagis\\religion 2100.shp", "name": "Ναός Υψώσεως Τιμίου Σταυρού", "name_el": "Ναός Υψώσεως Τιμίου Σταυρού", "name_en": "Holly Cross Church", "amenity": "place_of_worship", "tourism": null, "historic": null, "religion": "christian", "museum": null, "theatre_ty": null, "library_ty": null, "symbol_origin": "none" }, "geometry": { "type": "Polygon", "coordinates": [ [ [ 22.928454, 40.712529 ], [ 22.928446, 40.712524 ], [ 22.928436, 40.712522 ], [ 22.928426, 40.712522 ], [ 22.928416, 40.712525 ], [ 22.928409, 40.71253 ], [ 22.928404, 40.712536 ], [ 22.928402, 40.712543 ], [ 22.928403, 40.71255 ], [ 22.928407, 40.712557 ], [ 22.928413, 40.712562 ], [ 22.928422, 40.712566 ], [ 22.928431, 40.712567 ], [ 22.928445, 40.712569 ], [ 22.928429, 40.71258 ], [ 22.928405, 40.712619 ], [ 22.928398, 40.712661 ], [ 22.928404, 40.712682 ], [ 22.928357, 40.712695 ], [ 22.928425, 40.712785 ], [ 22.928464, 40.712754 ], [ 22.928482, 40.712766 ], [ 22.928534, 40.712781 ], [ 22.92859, 40.712783 ], [ 22.928644, 40.712771 ], [ 22.928689, 40.712746 ], [ 22.928722, 40.712712 ], [ 22.928738, 40.712671 ], [ 22.928736, 40.712629 ], [ 22.928716, 40.712589 ], [ 22.928679, 40.712556 ], [ 22.928631, 40.712534 ], [ 22.928615, 40.712532 ], [ 22.928576, 40.712525 ], [ 22.92852, 40.712531 ], [ 22.928469, 40.71255 ], [ 22.928466, 40.712552 ], [ 22.928462, 40.712543 ], [ 22.92846, 40.712535 ], [ 22.928454, 40.712529 ] ] ] } },
{ "type": "Feature", "properties": { "culture_type": "Culture", "culture_subtype": "Historic site", "culture_source": "culture_polygons", "path": "D:\\30.10\\datagis\\historic site2100.shp", "name": "Τούμπα Δαούτμπαλη", "name_el": "Τούμπα Δαούτμπαλη", "name_en": null, "amenity": null, "tourism": null, "historic": "archaeological_site", "religion": null, "museum": null, "theatre_ty": null, "library_ty": null, "symbol_origin": "none" }, "geometry": { "type": "Polygon", "coordinates": [ [ [ 22.91747, 40.71907 ], [ 22.917684, 40.719298 ], [ 22.918049, 40.719461 ], [ 22.918296, 40.719444 ], [ 22.918487, 40.719367 ], [ 22.918757, 40.71916 ], [ 22.91894, 40.718902 ], [ 22.919036, 40.718607 ], [ 22.919088, 40.718343 ], [ 22.91911, 40.717952 ], [ 22.919024, 40.717757 ], [ 22.918852, 40.717684 ], [ 22.91865, 40.717664 ], [ 22.918316, 40.717619 ], [ 22.918081, 40.717623 ], [ 22.917866, 40.717644 ], [ 22.917631, 40.717786 ], [ 22.917438, 40.71794 ], [ 22.917356, 40.718145 ], [ 22.917302, 40.718339 ], [ 22.917309, 40.718534 ], [ 22.917298, 40.71868 ], [ 22.91747, 40.71907 ] ] ] } },
{ "type": "Feature", "properties": { "culture_type": "Culture", "culture_subtype": "Historic site", "culture_source": "culture_polygons", "path": "D:\\30.10\\datagis\\historic site2100.shp", "name": "Τράπεζα Ασπρόβρυση", "name_el": "Τράπεζα Ασπρόβρυση", "name_en": "Asprovrysi tumulus", "amenity": null, "tourism": null, "historic": "archaeological_site", "religion": null, "museum": null, "theatre_ty": null, "library_ty": null, "symbol_origin": "none" }, "geometry": { "type": "Polygon", "coordinates": [ [ [ 22.930115, 40.724095 ], [ 22.930333, 40.72427 ], [ 22.930589, 40.724332 ], [ 22.930883, 40.724344 ], [ 22.931135, 40.724256 ], [ 22.931283, 40.724119 ], [ 22.931463, 40.723954 ], [ 22.93153, 40.723797 ], [ 22.931558, 40.723622 ], [ 22.931489, 40.723476 ], [ 22.931388, 40.723363 ], [ 22.930848, 40.723186 ], [ 22.930723, 40.723151 ], [ 22.930592, 40.723198 ], [ 22.930179, 40.723361 ], [ 22.929935, 40.723691 ], [ 22.929935, 40.723878 ], [ 22.930115, 40.724095 ] ] ] } },
{ "type": "Feature", "properties": { "culture_type": "Culture", "culture_subtype": "Religious heritage", "culture_source": "culture_polygons", "path": "D:\\30.10\\datagis\\religion 2100.shp", "name": "Άγιος Νεκτάριος", "name_el": null, "name_en": null, "amenity": "place_of_worship", "tourism": null, "historic": null, "religion": "christian", "museum": null, "theatre_ty": null, "library_ty": null, "symbol_origin": "none" }, "geometry": { "type": "Polygon", "coordinates": [ [ [ 22.927858, 40.729751 ], [ 22.927971, 40.729905 ], [ 22.928159, 40.729832 ], [ 22.928185, 40.72945 ], [ 22.928024, 40.729377 ], [ 22.927692, 40.729592 ], [ 22.927858, 40.729751 ] ] ] } },
{ "type": "Feature", "properties": { "culture_type": "Culture", "culture_subtype": "Religious heritage", "culture_source": "culture_polygons", "path": "D:\\30.10\\datagis\\religion 2100.shp", "name": null, "name_el": null, "name_en": null, "amenity": "place_of_worship", "tourism": null, "historic": null, "religion": "christian", "museum": null, "theatre_ty": null, "library_ty": null, "symbol_origin": "none" }, "geometry": { "type": "Polygon", "coordinates": [ [ [ 22.54287, 40.705229 ], [ 22.542905, 40.705083 ], [ 22.542593, 40.705025 ], [ 22.542547, 40.705168 ], [ 22.54287, 40.705229 ] ] ] } },
{ "type": "Feature", "properties": { "culture_type": "Culture", "culture_subtype": "Religious heritage", "culture_source": "culture_polygons", "path": "D:\\30.10\\datagis\\religion 2100.shp", "name": "Παρεκκλήσι Αγίας Παρασκευής", "name_el": null, "name_en": "Saint Paraskevi", "amenity": "place_of_worship", "tourism": null, "historic": null, "religion": "christian", "museum": null, "theatre_ty": null, "library_ty": null, "symbol_origin": "none" }, "geometry": { "type": "Polygon", "coordinates": [ [ [ 22.722563, 40.708503 ], [ 22.722569, 40.70846 ], [ 22.722583, 40.708459 ], [ 22.722593, 40.708456 ], [ 22.722601, 40.708443 ], [ 22.722599, 40.708428 ], [ 22.722587, 40.708419 ], [ 22.722574, 40.708417 ], [ 22.722579, 40.708373 ], [ 22.722403, 40.708361 ], [ 22.722388, 40.708491 ], [ 22.722563, 40.708503 ] ] ] } },
{ "type": "Feature", "properties": { "culture_type": "Culture", "culture_subtype": "Religious heritage", "culture_source": "culture_polygons", "path": "D:\\30.10\\datagis\\religion 2100.shp", "name": "Ι.Ν. Αγίου Γεωργίου Αγχιάλου", "name_el": "Ι.Ν. Αγίου Γεωργίου Αγχιάλου", "name_en": null, "amenity": "place_of_worship", "tourism": null, "historic": null, "religion": "christian", "museum": null, "theatre_ty": null, "library_ty": null, "symbol_origin": "none" }, "geometry": { "type": "Polygon", "coordinates": [ [ [ 22.782398, 40.713729 ], [ 22.78247, 40.713646 ], [ 22.782212, 40.713516 ], [ 22.78214, 40.7136 ], [ 22.782398, 40.713729 ] ] ] } },
{ "type": "Feature", "properties": { "culture_type": "Culture", "culture_subtype": "Religious heritage", "culture_source": "culture_polygons", "path": "D:\\30.10\\datagis\\religion 2100.shp", "name": "Ιερός Ναός Κοιμήσεως της Θεοτόκου", "name_el": "Ιερός Ναός Κοιμήσεως της Θεοτόκου", "name_en": null, "amenity": "place_of_worship", "tourism": null, "historic": null, "religion": "christian", "museum": null, "theatre_ty": null, "library_ty": null, "symbol_origin": "none" }, "geometry": { "type": "Polygon", "coordinates": [ [ [ 22.637951, 40.717517 ], [ 22.637973, 40.717488 ], [ 22.637981, 40.71743 ], [ 22.637967, 40.717396 ], [ 22.637734, 40.717386 ], [ 22.63773, 40.717511 ], [ 22.637951, 40.717517 ] ] ] } },
{ "type": "Feature", "properties": { "culture_type": "Culture", "culture_subtype": "Religious heritage", "culture_source": "culture_polygons", "path": "D:\\30.10\\datagis\\religion 2100.shp", "name": "Ναός Κοιμήσεως Θεοτόκου", "name_el": "Ναός Κοιμήσεως Θεοτόκου", "name_en": null, "amenity": "place_of_worship", "tourism": null, "historic": null, "religion": "christian", "museum": null, "theatre_ty": null, "library_ty": null, "symbol_origin": "none" }, "geometry": { "type": "Polygon", "coordinates": [ [ [ 22.916368, 40.727865 ], [ 22.916463, 40.727863 ], [ 22.916537, 40.727862 ], [ 22.916636, 40.72786 ], [ 22.916635, 40.727814 ], [ 22.916633, 40.727758 ], [ 22.916632, 40.727718 ], [ 22.916534, 40.72772 ], [ 22.916459, 40.727721 ], [ 22.916313, 40.727724 ], [ 22.916314, 40.727763 ], [ 22.916316, 40.727819 ], [ 22.916318, 40.727866 ], [ 22.916368, 40.727865 ] ] ] } },
{ "type": "Feature", "properties": { "culture_type": "Culture", "culture_subtype": "Museum", "culture_source": "culture_polygons", "path": "D:\\30.10\\datagis\\museum2100.shp", "name": "Στρατιωτικό Μουσείο Βαλκανικών Πολέμων", "name_el": "Στρατιωτικό Μουσείο Βαλκανικών Πολέμων", "name_en": null, "amenity": null, "tourism": "museum", "historic": null, "religion": null, "museum": null, "theatre_ty": null, "library_ty": null, "symbol_origin": "none" }, "geometry": { "type": "Polygon", "coordinates": [ [ [ 22.69973, 40.728442 ], [ 22.699106, 40.728816 ], [ 22.698786, 40.72901 ], [ 22.69814, 40.729403 ], [ 22.699091, 40.730302 ], [ 22.700633, 40.729364 ], [ 22.700715, 40.729315 ], [ 22.69973, 40.728442 ] ] ] } },
{ "type": "Feature", "properties": { "culture_type": "Culture", "culture_subtype": "Religious heritage", "culture_source": "culture_polygons", "path": "D:\\30.10\\datagis\\religion 2100.shp", "name": "Άγιος Παντελεήμων", "name_el": null, "name_en": null, "amenity": "place_of_worship", "tourism": null, "historic": null, "religion": "christian", "museum": null, "theatre_ty": null, "library_ty": null, "symbol_origin": "none" }, "geometry": { "type": "Polygon", "coordinates": [ [ [ 22.599604, 40.731492 ], [ 22.599612, 40.731578 ], [ 22.599595, 40.731579 ], [ 22.5996, 40.731639 ], [ 22.599711, 40.731633 ], [ 22.599705, 40.73157 ], [ 22.599736, 40.731568 ], [ 22.599739, 40.731601 ], [ 22.599958, 40.731589 ], [ 22.599954, 40.73155 ], [ 22.59999, 40.731548 ], [ 22.599983, 40.731472 ], [ 22.599604, 40.731492 ] ] ] } },
{ "type": "Feature", "properties": { "culture_type": "Culture", "culture_subtype": "Religious heritage", "culture_source": "culture_polygons", "path": "D:\\30.10\\datagis\\religion 2100.shp", "name": "Ιερός Ναός Αποστόλων Πέτρου & Παύλου", "name_el": null, "name_en": null, "amenity": "place_of_worship", "tourism": null, "historic": null, "religion": "christian", "museum": null, "theatre_ty": null, "library_ty": null, "symbol_origin": "none" }, "geometry": { "type": "Polygon", "coordinates": [ [ [ 22.617826, 40.735506 ], [ 22.617827, 40.735477 ], [ 22.617845, 40.735472 ], [ 22.617854, 40.735461 ], [ 22.617846, 40.735448 ], [ 22.617828, 40.735444 ], [ 22.617829, 40.735411 ], [ 22.617653, 40.73541 ], [ 22.617652, 40.735505 ], [ 22.617826, 40.735506 ] ] ] } },
{ "type": "Feature", "properties": { "culture_type": "Culture", "culture_subtype": "Theatre", "culture_source": "culture_polygons", "path": "D:\\30.10\\datagis\\theatre2100.shp", "name": "Ανοιχτό Δημοτικό Θέατρο Χαλκηδόνος", "name_el": null, "name_en": null, "amenity": "theatre", "tourism": null, "historic": null, "religion": null, "museum": null, "theatre_ty": "amphi", "library_ty": null, "symbol_origin": "none" }, "geometry": { "type": "Polygon", "coordinates": [ [ [ 22.596404, 40.741312 ], [ 22.596378, 40.741297 ], [ 22.596371, 40.741264 ], [ 22.596404, 40.741243 ], [ 22.596436, 40.741247 ], [ 22.596457, 40.741161 ], [ 22.596405, 40.741156 ], [ 22.596356, 40.741162 ], [ 22.596311, 40.74118 ], [ 22.596276, 40.741205 ], [ 22.596249, 40.741239 ], [ 22.596243, 40.741279 ], [ 22.596246, 40.741313 ], [ 22.596262, 40.741343 ], [ 22.59629, 40.741368 ], [ 22.596328, 40.741388 ], [ 22.596404, 40.741312 ] ] ] } },
{ "type": "Feature", "properties": { "culture_type": "Culture", "culture_subtype": "Religious heritage", "culture_source": "culture_polygons", "path": "D:\\30.10\\datagis\\religion 2100.shp", "name": "Ναός Κοίμησης της Θεοτόκου", "name_el": null, "name_en": null, "amenity": "place_of_worship", "tourism": null, "historic": null, "religion": "christian", "museum": null, "theatre_ty": null, "library_ty": null, "symbol_origin": "none" }, "geometry": { "type": "Polygon", "coordinates": [ [ [ 22.852859, 40.744176 ], [ 22.852879, 40.744173 ], [ 22.852881, 40.744148 ], [ 22.85286, 40.744144 ], [ 22.852854, 40.744095 ], [ 22.852615, 40.744086 ], [ 22.852608, 40.744227 ], [ 22.852705, 40.744227 ], [ 22.852704, 40.744239 ], [ 22.8528, 40.74424 ], [ 22.8528, 40.744226 ], [ 22.852851, 40.744227 ], [ 22.852859, 40.744176 ] ] ] } },
{ "type": "Feature", "properties": { "culture_type": "Culture", "culture_subtype": "Religious heritage", "culture_source": "culture_polygons", "path": "D:\\30.10\\datagis\\religion 2100.shp", "name": "Ιερός Ναός Αγίου Γεωργίου", "name_el": null, "name_en": null, "amenity": "place_of_worship", "tourism": null, "historic": null, "religion": "christian", "museum": null, "theatre_ty": null, "library_ty": null, "symbol_origin": "none" }, "geometry": { "type": "Polygon", "coordinates": [ [ [ 22.625496, 40.747878 ], [ 22.62552, 40.747857 ], [ 22.625545, 40.747827 ], [ 22.625551, 40.747777 ], [ 22.625547, 40.747748 ], [ 22.625279, 40.747689 ], [ 22.625233, 40.747825 ], [ 22.625496, 40.747878 ] ] ] } },
{ "type": "Feature", "properties": { "culture_type": "Culture", "culture_subtype": "Religious heritage", "culture_source": "culture_polygons", "path": "D:\\30.10\\datagis\\religion 2100.shp", "name": "Εξωκλήσι Προφήτη Ηλία", "name_el": null, "name_en": null, "amenity": "place_of_worship", "tourism": null, "historic": null, "religion": "christian", "museum": null, "theatre_ty": null, "library_ty": null, "symbol_origin": "none" }, "geometry": { "type": "Polygon", "coordinates": [ [ [ 22.69862, 40.770513 ], [ 22.698686, 40.770361 ], [ 22.698466, 40.7703 ], [ 22.698393, 40.770462 ], [ 22.69862, 40.770513 ] ] ] } },
{ "type": "Feature", "properties": { "culture_type": "Culture", "culture_subtype": "Religious heritage", "culture_source": "culture_polygons", "path": "D:\\30.10\\datagis\\religion 2100.shp", "name": null, "name_el": null, "name_en": null, "amenity": "place_of_worship", "tourism": null, "historic": null, "religion": "christian", "museum": null, "theatre_ty": null, "library_ty": null, "symbol_origin": "none" }, "geometry": { "type": "Polygon", "coordinates": [ [ [ 22.833824, 40.774356 ], [ 22.833894, 40.774358 ], [ 22.833895, 40.774323 ], [ 22.833824, 40.774323 ], [ 22.833824, 40.774356 ] ] ] } },
{ "type": "Feature", "properties": { "culture_type": "Culture", "culture_subtype": "Religious heritage", "culture_source": "culture_polygons", "path": "D:\\30.10\\datagis\\religion 2100.shp", "name": null, "name_el": null, "name_en": null, "amenity": "place_of_worship", "tourism": null, "historic": null, "religion": "christian", "museum": null, "theatre_ty": null, "library_ty": null, "symbol_origin": "none" }, "geometry": { "type": "Polygon", "coordinates": [ [ [ 22.576449, 40.7783 ], [ 22.576494, 40.7783 ], [ 22.576494, 40.778278 ], [ 22.576543, 40.778278 ], [ 22.576543, 40.778307 ], [ 22.576626, 40.778307 ], [ 22.576627, 40.778276 ], [ 22.576806, 40.778276 ], [ 22.576806, 40.778238 ], [ 22.576911, 40.778238 ], [ 22.576911, 40.778163 ], [ 22.576845, 40.778163 ], [ 22.576846, 40.778083 ], [ 22.57645, 40.778082 ], [ 22.576449, 40.7783 ] ] ] } },
{ "type": "Feature", "properties": { "culture_type": "Culture", "culture_subtype": "Religious heritage", "culture_source": "culture_polygons", "path": "D:\\30.10\\datagis\\religion 2100.shp", "name": "Άγιο Πνεύμα", "name_el": null, "name_en": null, "amenity": "place_of_worship", "tourism": null, "historic": null, "religion": "christian", "museum": null, "theatre_ty": null, "library_ty": null, "symbol_origin": "none" }, "geometry": { "type": "Polygon", "coordinates": [ [ [ 22.693279, 40.796498 ], [ 22.693283, 40.79638 ], [ 22.693089, 40.796375 ], [ 22.693082, 40.796492 ], [ 22.693279, 40.796498 ] ] ] } },
{ "type": "Feature", "properties": { "culture_type": "Culture", "culture_subtype": "Religious heritage", "culture_source": "culture_polygons", "path": "D:\\30.10\\datagis\\religion 2100.shp", "name": "Άγιο Πνεύμα", "name_el": null, "name_en": null, "amenity": "place_of_worship", "tourism": null, "historic": null, "religion": "christian", "museum": null, "theatre_ty": null, "library_ty": null, "symbol_origin": "none" }, "geometry": { "type": "Polygon", "coordinates": [ [ [ 22.692909, 40.796467 ], [ 22.692906, 40.796537 ], [ 22.692998, 40.796539 ], [ 22.692998, 40.796467 ], [ 22.692909, 40.796467 ] ] ] } },
{ "type": "Feature", "properties": { "culture_type": "Culture", "culture_subtype": "Religious heritage", "culture_source": "culture_polygons", "path": "D:\\30.10\\datagis\\religion 2100.shp", "name": "Ι. Ν. Υψώσεως Τιμίου Σταυρού", "name_el": null, "name_en": null, "amenity": "place_of_worship", "tourism": null, "historic": null, "religion": "christian", "museum": null, "theatre_ty": null, "library_ty": null, "symbol_origin": "none" }, "geometry": { "type": "Polygon", "coordinates": [ [ [ 22.667015, 40.798891 ], [ 22.666998, 40.798784 ], [ 22.666691, 40.798811 ], [ 22.666708, 40.798919 ], [ 22.667015, 40.798891 ] ] ] } },
{ "type": "Feature", "properties": { "culture_type": "Culture", "culture_subtype": "Religious heritage", "culture_source": "culture_polygons", "path": "D:\\30.10\\datagis\\religion 2100.shp", "name": "Ναός Αγίων Κωνσταντίνου και Ελένης", "name_el": "Ναός Αγίων Κωνσταντίνου και Ελένης", "name_en": null, "amenity": "place_of_worship", "tourism": null, "historic": null, "religion": "christian", "museum": null, "theatre_ty": null, "library_ty": null, "symbol_origin": "none" }, "geometry": { "type": "Polygon", "coordinates": [ [ [ 22.775058, 40.8039 ], [ 22.775058, 40.803921 ], [ 22.77498, 40.803921 ], [ 22.774979, 40.803957 ], [ 22.774928, 40.803957 ], [ 22.774929, 40.804038 ], [ 22.774979, 40.804038 ], [ 22.775023, 40.804039 ], [ 22.775022, 40.804071 ], [ 22.775285, 40.804071 ], [ 22.775286, 40.803922 ], [ 22.775159, 40.803922 ], [ 22.775159, 40.8039 ], [ 22.775058, 40.8039 ] ] ] } },
{ "type": "Feature", "properties": { "culture_type": "Culture", "culture_subtype": "Religious heritage", "culture_source": "culture_polygons", "path": "D:\\30.10\\datagis\\religion 2100.shp", "name": null, "name_el": null, "name_en": null, "amenity": null, "tourism": null, "historic": null, "religion": null, "museum": null, "theatre_ty": null, "library_ty": null, "symbol_origin": "none" }, "geometry": { "type": "Polygon", "coordinates": [ [ [ 22.774979, 40.80407 ], [ 22.775022, 40.804071 ], [ 22.775023, 40.804039 ], [ 22.774979, 40.804038 ], [ 22.774979, 40.80407 ] ] ] } },
{ "type": "Feature", "properties": { "culture_type": "Culture", "culture_subtype": "Religious heritage", "culture_source": "culture_polygons", "path": "D:\\30.10\\datagis\\religion 2100.shp", "name": null, "name_el": null, "name_en": null, "amenity": "place_of_worship", "tourism": null, "historic": null, "religion": "christian", "museum": null, "theatre_ty": null, "library_ty": null, "symbol_origin": "none" }, "geometry": { "type": "Polygon", "coordinates": [ [ [ 22.869891, 40.814071 ], [ 22.86989, 40.813886 ], [ 22.869578, 40.813887 ], [ 22.869579, 40.814072 ], [ 22.869891, 40.814071 ] ] ] } },
{ "type": "Feature", "properties": { "culture_type": "Culture", "culture_subtype": "Religious heritage", "culture_source": "culture_polygons", "path": "D:\\30.10\\datagis\\religion 2100.shp", "name": "Ιερός Ναός Αγίων Κωνσταντίνου και Ελένης", "name_el": "Ιερός Ναός Αγίων Κωνσταντίνου και Ελένης", "name_en": "St. Konstantine and St. Helen Orthodox Church", "amenity": "place_of_worship", "tourism": null, "historic": null, "religion": "christian", "museum": null, "theatre_ty": null, "library_ty": null, "symbol_origin": "none" }, "geometry": { "type": "Polygon", "coordinates": [ [ [ 22.955799, 40.624856 ], [ 22.955827, 40.624858 ], [ 22.955855, 40.624852 ], [ 22.955879, 40.62484 ], [ 22.955889, 40.624841 ], [ 22.955901, 40.62484 ], [ 22.955911, 40.624836 ], [ 22.95592, 40.62483 ], [ 22.955926, 40.624823 ], [ 22.955929, 40.624814 ], [ 22.955928, 40.624805 ], [ 22.955923, 40.624797 ], [ 22.955914, 40.62479 ], [ 22.955908, 40.624787 ], [ 22.955905, 40.624786 ], [ 22.955905, 40.62478 ], [ 22.955894, 40.624759 ], [ 22.955876, 40.624743 ], [ 22.95585, 40.624731 ], [ 22.955773, 40.624713 ], [ 22.955704, 40.624696 ], [ 22.955687, 40.624738 ], [ 22.955669, 40.62478 ], [ 22.955651, 40.624823 ], [ 22.955799, 40.624856 ] ] ] } },
{ "type": "Feature", "properties": { "culture_type": "Culture", "culture_subtype": "Museum", "culture_source": "culture_polygons", "path": "D:\\30.10\\datagis\\museum2100.shp", "name": "Αρχαιολογικό Μουσείο Θεσσαλονίκης", "name_el": "Αρχαιολογικό Μουσείο Θεσσαλονίκης", "name_en": "Archaeological Museum of Thessaloniki", "amenity": null, "tourism": "museum", "historic": null, "religion": null, "museum": "archaeological", "theatre_ty": null, "library_ty": null, "symbol_origin": "none" }, "geometry": { "type": "Polygon", "coordinates": [ [ [ 22.953686, 40.624835 ], [ 22.953475, 40.624663 ], [ 22.953362, 40.624743 ], [ 22.953497, 40.624853 ], [ 22.953296, 40.624995 ], [ 22.953244, 40.625032 ], [ 22.953327, 40.625101 ], [ 22.953372, 40.625069 ], [ 22.953502, 40.625175 ], [ 22.953411, 40.625239 ], [ 22.953372, 40.625207 ], [ 22.953328, 40.625238 ], [ 22.953317, 40.625246 ], [ 22.953271, 40.625279 ], [ 22.953697, 40.625627 ], [ 22.95376, 40.625583 ], [ 22.953799, 40.625555 ], [ 22.953788, 40.625546 ], [ 22.953822, 40.625522 ], [ 22.953827, 40.625519 ], [ 22.953895, 40.62547 ], [ 22.953902, 40.625476 ], [ 22.954345, 40.625163 ], [ 22.954281, 40.625111 ], [ 22.954308, 40.625091 ], [ 22.954044, 40.624875 ], [ 22.954003, 40.624904 ], [ 22.953934, 40.624847 ], [ 22.953791, 40.624948 ], [ 22.953694, 40.624869 ], [ 22.953726, 40.624847 ], [ 22.953735, 40.624854 ], [ 22.953883, 40.62475 ], [ 22.953658, 40.624566 ], [ 22.953634, 40.624583 ], [ 22.953562, 40.624524 ], [ 22.953523, 40.624552 ], [ 22.953411, 40.62446 ], [ 22.953327, 40.624519 ], [ 22.953701, 40.624824 ], [ 22.953686, 40.624835 ] ], [ [ 22.953571, 40.62493 ], [ 22.953683, 40.625019 ], [ 22.953519, 40.625137 ], [ 22.953408, 40.625049 ], [ 22.953571, 40.62493 ] ], [ [ 22.953921, 40.625063 ], [ 22.954051, 40.625164 ], [ 22.953862, 40.625304 ], [ 22.953732, 40.625203 ], [ 22.953921, 40.625063 ] ] ] } },
{ "type": "Feature", "properties": { "culture_type": "Culture", "culture_subtype": "Religious heritage", "culture_source": "culture_polygons", "path": "D:\\30.10\\datagis\\religion 2100.shp", "name": null, "name_el": null, "name_en": null, "amenity": "place_of_worship", "tourism": null, "historic": null, "religion": "christian", "museum": null, "theatre_ty": null, "library_ty": null, "symbol_origin": "none" }, "geometry": { "type": "Polygon", "coordinates": [ [ [ 22.961598, 40.625307 ], [ 22.961641, 40.625251 ], [ 22.961554, 40.625212 ], [ 22.96151, 40.625268 ], [ 22.961598, 40.625307 ] ] ] } },
{ "type": "Feature", "properties": { "culture_type": "Culture", "culture_subtype": "Religious heritage", "culture_source": "culture_polygons", "path": "D:\\30.10\\datagis\\religion 2100.shp", "name": "Αγία Φωτεινή", "name_el": "Αγία Φωτεινή", "name_en": "St. Photini", "amenity": "place_of_worship", "tourism": null, "historic": null, "religion": "christian", "museum": null, "theatre_ty": null, "library_ty": null, "symbol_origin": "none" }, "geometry": { "type": "Polygon", "coordinates": [ [ [ 22.959044, 40.626046 ], [ 22.959086, 40.626057 ], [ 22.959106, 40.626013 ], [ 22.95902, 40.625991 ], [ 22.959001, 40.626035 ], [ 22.959044, 40.626046 ] ] ] } },
{ "type": "Feature", "properties": { "culture_type": "Culture", "culture_subtype": "Religious heritage", "culture_source": "culture_polygons", "path": "D:\\30.10\\datagis\\religion 2100.shp", "name": "Αγία Ανυσία", "name_el": "Αγία Ανυσία", "name_en": "St. Anysia", "amenity": "place_of_worship", "tourism": null, "historic": null, "religion": "christian", "museum": null, "theatre_ty": null, "library_ty": null, "symbol_origin": "none" }, "geometry": { "type": "Polygon", "coordinates": [ [ [ 22.959051, 40.626137 ], [ 22.95907, 40.626093 ], [ 22.958988, 40.626073 ], [ 22.958969, 40.626116 ], [ 22.959051, 40.626137 ] ] ] } },
{ "type": "Feature", "properties": { "culture_type": "Culture", "culture_subtype": "Religious heritage", "culture_source": "culture_polygons", "path": "D:\\30.10\\datagis\\religion 2100.shp", "name": "Άγιος Νέστωρ", "name_el": "Άγιος Νέστωρ", "name_en": "St. Nestor", "amenity": "place_of_worship", "tourism": null, "historic": null, "religion": "christian", "museum": null, "theatre_ty": null, "library_ty": null, "symbol_origin": "none" }, "geometry": { "type": "Polygon", "coordinates": [ [ [ 22.964675, 40.62671 ], [ 22.96468, 40.626596 ], [ 22.964582, 40.626594 ], [ 22.964548, 40.626593 ], [ 22.964543, 40.626707 ], [ 22.964675, 40.62671 ] ] ] } },
{ "type": "Feature", "properties": { "culture_type": "Culture", "culture_subtype": "Historic monument", "culture_source": "culture_polygons", "path": "D:\\30.10\\datagis\\historic monument 2100.shp", "name": null, "name_el": null, "name_en": null, "amenity": null, "tourism": null, "historic": "monument", "religion": null, "museum": null, "theatre_ty": null, "library_ty": null, "symbol_origin": "none" }, "geometry": { "type": "Polygon", "coordinates": [ [ [ 22.953789, 40.626936 ], [ 22.953785, 40.626931 ], [ 22.953525, 40.627112 ], [ 22.953531, 40.627118 ], [ 22.953789, 40.626936 ] ] ] } },
{ "type": "Feature", "properties": { "culture_type": "Culture", "culture_subtype": "Art & Exhibition Space", "culture_source": "culture_polygons", "path": "D:\\30.10\\datagis\\gallery 2100.shp", "name": "Μακεδονικό Μουσείο Σύγχρονης Τέχνης", "name_el": "Μακεδονικό Μουσείο Σύγχρονης Τέχνης", "name_en": "Macedonian Museum of Contemporary Art", "amenity": null, "tourism": "gallery", "historic": null, "religion": null, "museum": null, "theatre_ty": null, "library_ty": null, "symbol_origin": "none" }, "geometry": { "type": "Polygon", "coordinates": [ [ [ 22.954628, 40.627511 ], [ 22.954712, 40.627532 ], [ 22.954683, 40.6276 ], [ 22.954679, 40.627609 ], [ 22.954673, 40.627624 ], [ 22.954672, 40.627648 ], [ 22.954674, 40.627658 ], [ 22.95468, 40.62767 ], [ 22.954694, 40.62769 ], [ 22.954706, 40.627701 ], [ 22.95472, 40.627709 ], [ 22.954737, 40.627717 ], [ 22.954758, 40.627723 ], [ 22.954782, 40.627726 ], [ 22.955191, 40.626813 ], [ 22.955171, 40.626799 ], [ 22.955152, 40.626784 ], [ 22.95513, 40.626773 ], [ 22.955104, 40.626766 ], [ 22.955083, 40.626766 ], [ 22.955066, 40.626768 ], [ 22.954914, 40.626728 ], [ 22.954859, 40.626843 ], [ 22.954887, 40.626841 ], [ 22.954911, 40.626862 ], [ 22.954871, 40.626911 ], [ 22.954775, 40.626886 ], [ 22.954784, 40.626865 ], [ 22.954556, 40.626818 ], [ 22.954518, 40.626906 ], [ 22.954757, 40.626967 ], [ 22.954743, 40.626997 ], [ 22.954798, 40.627012 ], [ 22.954783, 40.62705 ], [ 22.954724, 40.627041 ], [ 22.954716, 40.627018 ], [ 22.954699, 40.626999 ], [ 22.954674, 40.626985 ], [ 22.954644, 40.626978 ], [ 22.954627, 40.626978 ], [ 22.954611, 40.62698 ], [ 22.954595, 40.626984 ], [ 22.954581, 40.62699 ], [ 22.954568, 40.626998 ], [ 22.954557, 40.627008 ], [ 22.954549, 40.627019 ], [ 22.954543, 40.62703 ], [ 22.954541, 40.627043 ], [ 22.954541, 40.627055 ], [ 22.954549, 40.627078 ], [ 22.954567, 40.627097 ], [ 22.954578, 40.627104 ], [ 22.954587, 40.627109 ], [ 22.954608, 40.627115 ], [ 22.954626, 40.627118 ], [ 22.954652, 40.627116 ], [ 22.954672, 40.627111 ], [ 22.954686, 40.627105 ], [ 22.9547, 40.627095 ], [ 22.954779, 40.627113 ], [ 22.954715, 40.627259 ], [ 22.954642, 40.627238 ], [ 22.954612, 40.627299 ], [ 22.954642, 40.627307 ], [ 22.954558, 40.627494 ], [ 22.954586, 40.627501 ], [ 22.95461, 40.627507 ], [ 22.954628, 40.627511 ] ] ] } },
{ "type": "Feature", "properties": { "culture_type": "Culture", "culture_subtype": "Library", "culture_source": "culture_polygons", "path": "D:\\30.10\\datagis\\library 2100.shp", "name": "Κεντρική Βιβλιοθήκη ΑΠΘ", "name_el": "Κεντρική Βιβλιοθήκη ΑΠΘ", "name_en": "Central library AUTh", "amenity": "library", "tourism": null, "historic": null, "religion": null, "museum": null, "theatre_ty": null, "library_ty": "academic", "symbol_origin": "none" }, "geometry": { "type": "Polygon", "coordinates": [ [ [ 22.957485, 40.629521 ], [ 22.958055, 40.629974 ], [ 22.958114, 40.629931 ], [ 22.958159, 40.629899 ], [ 22.958166, 40.629893 ], [ 22.958177, 40.629885 ], [ 22.958422, 40.629708 ], [ 22.957851, 40.629256 ], [ 22.957485, 40.629521 ] ], [ [ 22.957978, 40.629562 ], [ 22.958097, 40.629655 ], [ 22.958002, 40.629725 ], [ 22.957884, 40.629632 ], [ 22.957978, 40.629562 ] ] ] } },
{ "type": "Feature", "properties": { "culture_type": "Culture", "culture_subtype": "Religious heritage", "culture_source": "culture_polygons", "path": "D:\\30.10\\datagis\\religion 2100.shp", "name": "Άγιος Στυλιανός", "name_el": "Άγιος Στυλιανός", "name_en": "St. Stylianos", "amenity": "place_of_worship", "tourism": null, "historic": null, "religion": "christian", "museum": null, "theatre_ty": null, "library_ty": null, "symbol_origin": "none" }, "geometry": { "type": "Polygon", "coordinates": [ [ [ 22.954088, 40.631585 ], [ 22.954147, 40.631559 ], [ 22.954197, 40.631537 ], [ 22.954183, 40.63152 ], [ 22.954147, 40.631473 ], [ 22.954134, 40.631456 ], [ 22.954082, 40.631479 ], [ 22.954023, 40.631506 ], [ 22.953993, 40.631519 ], [ 22.953977, 40.631526 ], [ 22.953987, 40.631538 ], [ 22.95399, 40.631543 ], [ 22.954026, 40.63159 ], [ 22.95404, 40.631607 ], [ 22.954088, 40.631585 ] ] ] } },
{ "type": "Feature", "properties": { "culture_type": "Culture", "culture_subtype": "Religious heritage", "culture_source": "culture_polygons", "path": "D:\\30.10\\datagis\\religion 2100.shp", "name": "Ιερός Ναός Παναγίας Δέξιας", "name_el": null, "name_en": null, "amenity": "place_of_worship", "tourism": null, "historic": null, "religion": "christian", "museum": null, "theatre_ty": null, "library_ty": null, "symbol_origin": "none" }, "geometry": { "type": "Polygon", "coordinates": [ [ [ 22.952563, 40.632036 ], [ 22.952563, 40.632005 ], [ 22.952794, 40.632005 ], [ 22.952794, 40.632026 ], [ 22.952854, 40.632026 ], [ 22.952855, 40.631983 ], [ 22.952854, 40.631933 ], [ 22.952864, 40.631929 ], [ 22.952872, 40.631922 ], [ 22.952876, 40.631914 ], [ 22.952877, 40.631905 ], [ 22.952874, 40.631897 ], [ 22.952869, 40.631889 ], [ 22.95286, 40.631884 ], [ 22.952855, 40.631882 ], [ 22.952856, 40.631822 ], [ 22.952855, 40.631778 ], [ 22.952795, 40.631779 ], [ 22.952795, 40.631809 ], [ 22.952568, 40.631809 ], [ 22.952568, 40.631774 ], [ 22.952501, 40.631774 ], [ 22.952501, 40.63182 ], [ 22.952501, 40.63182 ], [ 22.95245, 40.63182 ], [ 22.95245, 40.63199 ], [ 22.952499, 40.63199 ], [ 22.952499, 40.631992 ], [ 22.952499, 40.632036 ], [ 22.952563, 40.632036 ] ] ] } },
{ "type": "Feature", "properties": { "culture_type": "Culture", "culture_subtype": "Library", "culture_source": "culture_polygons", "path": "D:\\30.10\\datagis\\library 2100.shp", "name": "Βιβλιοθήκη Φιλοσοφικής Σχολής", "name_el": "Βιβλιοθήκη Φιλοσοφικής Σχολής", "name_en": "Library of Philosophy Department", "amenity": "library", "tourism": null, "historic": null, "religion": null, "museum": null, "theatre_ty": null, "library_ty": null, "symbol_origin": "none" }, "geometry": { "type": "Polygon", "coordinates": [ [ [ 22.955379, 40.632051 ], [ 22.955392, 40.632064 ], [ 22.955409, 40.632073 ], [ 22.955429, 40.632077 ], [ 22.95545, 40.632076 ], [ 22.95547, 40.63207 ], [ 22.955486, 40.63206 ], [ 22.955496, 40.632046 ], [ 22.9555, 40.63203 ], [ 22.955497, 40.632014 ], [ 22.955487, 40.632 ], [ 22.955472, 40.631989 ], [ 22.955453, 40.631983 ], [ 22.955433, 40.631981 ], [ 22.955412, 40.631984 ], [ 22.955395, 40.631993 ], [ 22.955381, 40.632005 ], [ 22.955374, 40.63202 ], [ 22.955373, 40.632036 ], [ 22.955379, 40.632051 ] ] ] } },
{ "type": "Feature", "properties": { "culture_type": "Culture", "culture_subtype": "Art & Exhibition Space", "culture_source": "culture_polygons", "path": "D:\\30.10\\datagis\\gallery 2100.shp", "name": "Τελλόγλειο Ίδρυμα Τεχνών Α.Π.Θ.", "name_el": "Τελλόγλειο Ίδρυμα Τεχνών Α.Π.Θ.", "name_en": "Teloglion Foundation of Art A.U.Th.", "amenity": null, "tourism": "gallery", "historic": null, "religion": null, "museum": null, "theatre_ty": null, "library_ty": null, "symbol_origin": "none" }, "geometry": { "type": "Polygon", "coordinates": [ [ [ 22.960683, 40.632944 ], [ 22.960775, 40.632794 ], [ 22.960885, 40.632753 ], [ 22.960861, 40.632677 ], [ 22.961009, 40.632424 ], [ 22.960722, 40.63232 ], [ 22.960396, 40.63284 ], [ 22.960683, 40.632944 ] ] ] } },
{ "type": "Feature", "properties": { "culture_type": "Culture", "culture_subtype": "Museum", "culture_source": "culture_polygons", "path": "D:\\30.10\\datagis\\museum2100.shp", "name": "Ροτόντα", "name_el": "Ροτόντα", "name_en": "Rotonda", "amenity": null, "tourism": "museum", "historic": null, "religion": null, "museum": "history", "theatre_ty": null, "library_ty": null, "symbol_origin": "none" }, "geometry": { "type": "Polygon", "coordinates": [ [ [ 22.952816, 40.63364 ], [ 22.952884, 40.633674 ], [ 22.952934, 40.633633 ], [ 22.952991, 40.633559 ], [ 22.953094, 40.63342 ], [ 22.953161, 40.633363 ], [ 22.95336, 40.633213 ], [ 22.953537, 40.633086 ], [ 22.953458, 40.63304 ], [ 22.953431, 40.633014 ], [ 22.953391, 40.633016 ], [ 22.952983, 40.632759 ], [ 22.952815, 40.632865 ], [ 22.952662, 40.63296 ], [ 22.952563, 40.633032 ], [ 22.952486, 40.633069 ], [ 22.952424, 40.633076 ], [ 22.952398, 40.63309 ], [ 22.9523, 40.633239 ], [ 22.952339, 40.633348 ], [ 22.952396, 40.633536 ], [ 22.952401, 40.633543 ], [ 22.952503, 40.633597 ], [ 22.952631, 40.633662 ], [ 22.952675, 40.633684 ], [ 22.952762, 40.633616 ], [ 22.952816, 40.63364 ] ] ] } },
{ "type": "Feature", "properties": { "culture_type": "Culture", "culture_subtype": "Historic site", "culture_source": "culture_polygons", "path": "D:\\30.10\\datagis\\historic site2100.shp", "name": "Ροτόντα", "name_el": "Ροτόντα", "name_en": "Rotunda", "amenity": null, "tourism": null, "historic": "archaeological_site", "religion": null, "museum": null, "theatre_ty": null, "library_ty": null, "symbol_origin": "none" }, "geometry": { "type": "Polygon", "coordinates": [ [ [ 22.953017, 40.633453 ], [ 22.953043, 40.633432 ], [ 22.953069, 40.633403 ], [ 22.953086, 40.633372 ], [ 22.953093, 40.633345 ], [ 22.953095, 40.633316 ], [ 22.953087, 40.633281 ], [ 22.953179, 40.633233 ], [ 22.953187, 40.633225 ], [ 22.953195, 40.633217 ], [ 22.953202, 40.633205 ], [ 22.953205, 40.633192 ], [ 22.953205, 40.633179 ], [ 22.9532, 40.633165 ], [ 22.953192, 40.633153 ], [ 22.953181, 40.633143 ], [ 22.953167, 40.633135 ], [ 22.953151, 40.63313 ], [ 22.953134, 40.633128 ], [ 22.953118, 40.633128 ], [ 22.953102, 40.63313 ], [ 22.953089, 40.633133 ], [ 22.952993, 40.633183 ], [ 22.952931, 40.633157 ], [ 22.952872, 40.63315 ], [ 22.952814, 40.633155 ], [ 22.952762, 40.63317 ], [ 22.952711, 40.633197 ], [ 22.952679, 40.633225 ], [ 22.952651, 40.633268 ], [ 22.95264, 40.633306 ], [ 22.952641, 40.633344 ], [ 22.95265, 40.633373 ], [ 22.952625, 40.633386 ], [ 22.952655, 40.63342 ], [ 22.952702, 40.633473 ], [ 22.952728, 40.63346 ], [ 22.952773, 40.63348 ], [ 22.952813, 40.633491 ], [ 22.952856, 40.633496 ], [ 22.952904, 40.633494 ], [ 22.952945, 40.633485 ], [ 22.952982, 40.633472 ], [ 22.953017, 40.633453 ] ] ] } },
{ "type": "Feature", "properties": { "culture_type": "Culture", "culture_subtype": "Theatre", "culture_source": "culture_polygons", "path": "D:\\30.10\\datagis\\theatre2100.shp", "name": null, "name_el": null, "name_en": null, "amenity": "theatre", "tourism": null, "historic": null, "religion": null, "museum": null, "theatre_ty": null, "library_ty": null, "symbol_origin": "none" }, "geometry": { "type": "Polygon", "coordinates": [ [ [ 22.958691, 40.633539 ], [ 22.95875, 40.633533 ], [ 22.958791, 40.633515 ], [ 22.958826, 40.633485 ], [ 22.958837, 40.633437 ], [ 22.958837, 40.633412 ], [ 22.958751, 40.633423 ], [ 22.958641, 40.63348 ], [ 22.958634, 40.633519 ], [ 22.958691, 40.633539 ] ] ] } },
{ "type": "Feature", "properties": { "culture_type": "Culture", "culture_subtype": "Religious heritage", "culture_source": "culture_polygons", "path": "D:\\30.10\\datagis\\religion 2100.shp", "name": "Ιερός Ναός Αγίου Γεωργίου", "name_el": "Ιερός Ναός Αγίου Γεωργίου", "name_en": "St. George", "amenity": "place_of_worship", "tourism": null, "historic": null, "religion": "christian", "museum": null, "theatre_ty": null, "library_ty": null, "symbol_origin": "none" }, "geometry": { "type": "Polygon", "coordinates": [ [ [ 22.952673, 40.633899 ], [ 22.952577, 40.633793 ], [ 22.952524, 40.63378 ], [ 22.952397, 40.633846 ], [ 22.952419, 40.63387 ], [ 22.952389, 40.633886 ], [ 22.952436, 40.633938 ], [ 22.952469, 40.633921 ], [ 22.952521, 40.633979 ], [ 22.952673, 40.633899 ] ] ] } },
{ "type": "Feature", "properties": { "culture_type": "Culture", "culture_subtype": "Religious heritage", "culture_source": "culture_polygons", "path": "D:\\30.10\\datagis\\religion 2100.shp", "name": "Άγιος Λάζαρος", "name_el": "Άγιος Λάζαρος", "name_en": "St. Lazarus", "amenity": "place_of_worship", "tourism": null, "historic": null, "religion": "christian", "museum": null, "theatre_ty": null, "library_ty": null, "symbol_origin": "none" }, "geometry": { "type": "Polygon", "coordinates": [ [ [ 22.958067, 40.635026 ], [ 22.958073, 40.635017 ], [ 22.958074, 40.635007 ], [ 22.958067, 40.634997 ], [ 22.958049, 40.634991 ], [ 22.958051, 40.634971 ], [ 22.957909, 40.634962 ], [ 22.957899, 40.635046 ], [ 22.958042, 40.635055 ], [ 22.958045, 40.635032 ], [ 22.958067, 40.635026 ] ] ] } },
{ "type": "Feature", "properties": { "culture_type": "Culture", "culture_subtype": "Religious heritage", "culture_source": "culture_polygons", "path": "D:\\30.10\\datagis\\religion 2100.shp", "name": "Ευαγγελίστρια", "name_el": null, "name_en": null, "amenity": "place_of_worship", "tourism": null, "historic": null, "religion": "christian", "museum": null, "theatre_ty": null, "library_ty": null, "symbol_origin": "none" }, "geometry": { "type": "Polygon", "coordinates": [ [ [ 22.957268, 40.635795 ], [ 22.957428, 40.635713 ], [ 22.95732, 40.635592 ], [ 22.95716, 40.635675 ], [ 22.957268, 40.635795 ] ] ] } },
{ "type": "Feature", "properties": { "culture_type": "Culture", "culture_subtype": "Religious heritage", "culture_source": "culture_polygons", "path": "D:\\30.10\\datagis\\religion 2100.shp", "name": "Άγιος Σίλας", "name_el": "Άγιος Σίλας", "name_en": "Saint Silas", "amenity": "place_of_worship", "tourism": null, "historic": null, "religion": "christian", "museum": null, "theatre_ty": null, "library_ty": null, "symbol_origin": "none" }, "geometry": { "type": "Polygon", "coordinates": [ [ [ 22.962176, 40.636023 ], [ 22.962174, 40.63595 ], [ 22.962046, 40.635951 ], [ 22.962048, 40.636025 ], [ 22.962176, 40.636023 ] ] ] } },
{ "type": "Feature", "properties": { "culture_type": "Culture", "culture_subtype": "Historic site", "culture_source": "culture_polygons", "path": "D:\\30.10\\datagis\\historic site2100.shp", "name": "Παλαιοχριστιανικό Νεκροταφείο Ευαγγελίστριας", "name_el": "Παλαιοχριστιανικό Νεκροταφείο Ευαγγελίστριας", "name_en": "Early Christian Cemetery of Evagelistria", "amenity": null, "tourism": null, "historic": "archaeological_site", "religion": null, "museum": null, "theatre_ty": null, "library_ty": null, "symbol_origin": "none" }, "geometry": { "type": "Polygon", "coordinates": [ [ [ 22.957337, 40.636524 ], [ 22.957497, 40.636711 ], [ 22.957647, 40.636631 ], [ 22.957783, 40.636557 ], [ 22.957937, 40.636471 ], [ 22.958186, 40.636332 ], [ 22.957996, 40.636123 ], [ 22.957992, 40.636118 ], [ 22.958309, 40.635938 ], [ 22.958126, 40.635725 ], [ 22.957086, 40.636229 ], [ 22.957337, 40.636524 ] ] ] } },
{ "type": "Feature", "properties": { "culture_type": "Culture", "culture_subtype": "Religious heritage", "culture_source": "culture_polygons", "path": "D:\\30.10\\datagis\\religion 2100.shp", "name": "Ναός Παναγίας Λαοδηγήτριας", "name_el": "Ναός Παναγίας Λαοδηγήτριας", "name_en": null, "amenity": "place_of_worship", "tourism": null, "historic": null, "religion": "christian", "museum": null, "theatre_ty": null, "library_ty": null, "symbol_origin": "none" }, "geometry": { "type": "Polygon", "coordinates": [ [ [ 22.953469, 40.637522 ], [ 22.953353, 40.637356 ], [ 22.953128, 40.637459 ], [ 22.953257, 40.637619 ], [ 22.953469, 40.637522 ] ] ] } },
{ "type": "Feature", "properties": { "culture_type": "Culture", "culture_subtype": "Religious heritage", "culture_source": "culture_polygons", "path": "D:\\30.10\\datagis\\religion 2100.shp", "name": "Ιερός Ναός Αγίου Νικολάου Ορφανού", "name_el": "Ιερός Ναός Αγίου Νικολάου Ορφανού", "name_en": "St. Nicolas Orphanos", "amenity": "place_of_worship", "tourism": null, "historic": "heritage", "religion": "christian", "museum": null, "theatre_ty": null, "library_ty": null, "symbol_origin": "none" }, "geometry": { "type": "Polygon", "coordinates": [ [ [ 22.956233, 40.637748 ], [ 22.956309, 40.637674 ], [ 22.956181, 40.637601 ], [ 22.956106, 40.637675 ], [ 22.956233, 40.637748 ] ] ] } },
{ "type": "Feature", "properties": { "culture_type": "Culture", "culture_subtype": "Religious heritage", "culture_source": "culture_polygons", "path": "D:\\30.10\\datagis\\religion 2100.shp", "name": "Ναός Αγίου Παύλου", "name_el": "Ναός Αγίου Παύλου", "name_en": "Saint Paul Church", "amenity": "place_of_worship", "tourism": null, "historic": null, "religion": "christian", "museum": null, "theatre_ty": null, "library_ty": null, "symbol_origin": "none" }, "geometry": { "type": "Polygon", "coordinates": [ [ [ 22.961715, 40.637944 ], [ 22.961721, 40.637937 ], [ 22.961725, 40.637933 ], [ 22.961732, 40.637935 ], [ 22.96173, 40.637943 ], [ 22.961731, 40.637951 ], [ 22.961735, 40.637957 ], [ 22.96174, 40.637962 ], [ 22.961746, 40.637965 ], [ 22.961754, 40.637967 ], [ 22.961764, 40.637968 ], [ 22.961774, 40.637966 ], [ 22.961783, 40.637962 ], [ 22.961789, 40.637957 ], [ 22.961792, 40.637951 ], [ 22.961794, 40.637943 ], [ 22.961791, 40.637935 ], [ 22.961807, 40.637922 ], [ 22.961815, 40.637927 ], [ 22.961845, 40.637933 ], [ 22.961875, 40.637933 ], [ 22.961904, 40.637924 ], [ 22.961928, 40.63791 ], [ 22.961944, 40.63789 ], [ 22.96195, 40.637867 ], [ 22.961947, 40.637844 ], [ 22.961934, 40.637823 ], [ 22.961952, 40.637815 ], [ 22.961964, 40.6378 ], [ 22.961965, 40.637785 ], [ 22.961944, 40.637758 ], [ 22.961966, 40.637736 ], [ 22.961977, 40.637709 ], [ 22.961975, 40.637681 ], [ 22.96196, 40.637655 ], [ 22.961937, 40.637636 ], [ 22.961922, 40.637628 ], [ 22.961902, 40.637622 ], [ 22.961866, 40.637618 ], [ 22.96183, 40.637624 ], [ 22.961813, 40.637631 ], [ 22.961805, 40.637624 ], [ 22.961788, 40.637611 ], [ 22.961776, 40.637605 ], [ 22.961757, 40.637604 ], [ 22.961728, 40.637607 ], [ 22.961711, 40.637616 ], [ 22.961696, 40.637632 ], [ 22.961689, 40.63764 ], [ 22.961666, 40.637633 ], [ 22.96163, 40.637629 ], [ 22.961594, 40.637635 ], [ 22.961563, 40.63765 ], [ 22.961541, 40.637671 ], [ 22.96153, 40.637693 ], [ 22.961528, 40.637709 ], [ 22.961529, 40.637725 ], [ 22.961537, 40.637744 ], [ 22.961546, 40.637756 ], [ 22.961544, 40.637764 ], [ 22.961525, 40.637771 ], [ 22.961517, 40.637783 ], [ 22.961514, 40.637798 ], [ 22.961516, 40.637816 ], [ 22.961533, 40.637832 ], [ 22.961546, 40.637838 ], [ 22.961546, 40.637847 ], [ 22.961538, 40.63786 ], [ 22.961534, 40.637875 ], [ 22.961535, 40.637899 ], [ 22.961544, 40.63792 ], [ 22.961563, 40.637941 ], [ 22.961587, 40.637955 ], [ 22.961614, 40.637963 ], [ 22.96164, 40.637966 ], [ 22.961675, 40.637962 ], [ 22.961699, 40.637953 ], [ 22.961715, 40.637944 ] ] ] } },
{ "type": "Feature", "properties": { "culture_type": "Culture", "culture_subtype": "Religious heritage", "culture_source": "culture_polygons", "path": "D:\\30.10\\datagis\\religion 2100.shp", "name": "Ναός Αγίου Παύλου", "name_el": "Ναός Αγίου Παύλου", "name_en": "Saint Paul Church", "amenity": "place_of_worship", "tourism": null, "historic": null, "religion": "christian", "museum": null, "theatre_ty": null, "library_ty": null, "symbol_origin": "none" }, "geometry": { "type": "Polygon", "coordinates": [ [ [ 22.961429, 40.638655 ], [ 22.961428, 40.638583 ], [ 22.961295, 40.638584 ], [ 22.961296, 40.638656 ], [ 22.961429, 40.638655 ] ] ] } },
{ "type": "Feature", "properties": { "culture_type": "Culture", "culture_subtype": "Religious heritage", "culture_source": "culture_polygons", "path": "D:\\30.10\\datagis\\religion 2100.shp", "name": null, "name_el": null, "name_en": null, "amenity": "place_of_worship", "tourism": null, "historic": null, "religion": "christian", "museum": null, "theatre_ty": null, "library_ty": null, "symbol_origin": "none" }, "geometry": { "type": "Polygon", "coordinates": [ [ [ 22.960391, 40.639394 ], [ 22.960602, 40.639364 ], [ 22.960583, 40.639288 ], [ 22.960372, 40.639318 ], [ 22.960391, 40.639394 ] ] ] } },
{ "type": "Feature", "properties": { "culture_type": "Culture", "culture_subtype": "Historic site", "culture_source": "culture_polygons", "path": "D:\\30.10\\datagis\\historic site2100.shp", "name": "Βυζαντινό Λουτρό", "name_el": "Βυζαντινό Λουτρό", "name_en": "Byzantine Bath", "amenity": null, "tourism": null, "historic": "archaeological_site", "religion": null, "museum": null, "theatre_ty": null, "library_ty": null, "symbol_origin": "none" }, "geometry": { "type": "Polygon", "coordinates": [ [ [ 22.952832, 40.639707 ], [ 22.952905, 40.639606 ], [ 22.952768, 40.63957 ], [ 22.952762, 40.639587 ], [ 22.952668, 40.639572 ], [ 22.952637, 40.639669 ], [ 22.952832, 40.639707 ] ] ] } },
{ "type": "Feature", "properties": { "culture_type": "Culture", "culture_subtype": "Religious heritage", "culture_source": "culture_polygons", "path": "D:\\30.10\\datagis\\religion 2100.shp", "name": "Ιερός Ναός Παμμεγίστων Ταξιαρχών", "name_el": null, "name_en": null, "amenity": "place_of_worship", "tourism": null, "historic": null, "religion": "christian", "museum": null, "theatre_ty": null, "library_ty": null, "symbol_origin": "none" }, "geometry": { "type": "Polygon", "coordinates": [ [ [ 22.954729, 40.639871 ], [ 22.954903, 40.639785 ], [ 22.954886, 40.639765 ], [ 22.954913, 40.639752 ], [ 22.954856, 40.639686 ], [ 22.954822, 40.639703 ], [ 22.954799, 40.639676 ], [ 22.954633, 40.639759 ], [ 22.954729, 40.639871 ] ] ] } },
{ "type": "Feature", "properties": { "culture_type": "Culture", "culture_subtype": "Religious heritage", "culture_source": "culture_polygons", "path": "D:\\30.10\\datagis\\religion 2100.shp", "name": "Ναός Αγίων Αναργύρων", "name_el": null, "name_en": null, "amenity": "place_of_worship", "tourism": null, "historic": null, "religion": "christian", "museum": null, "theatre_ty": null, "library_ty": null, "symbol_origin": "none" }, "geometry": { "type": "Polygon", "coordinates": [ [ [ 22.959499, 40.641783 ], [ 22.959647, 40.641655 ], [ 22.959518, 40.641569 ], [ 22.959472, 40.641609 ], [ 22.959359, 40.641706 ], [ 22.959336, 40.641727 ], [ 22.959465, 40.641813 ], [ 22.959499, 40.641783 ] ] ] } },
{ "type": "Feature", "properties": { "culture_type": "Culture", "culture_subtype": "Religious heritage", "culture_source": "culture_polygons", "path": "D:\\30.10\\datagis\\religion 2100.shp", "name": "Μονή Λατόμου", "name_el": "Μονή Λατόμου", "name_en": "Moni Latomou", "amenity": "place_of_worship", "tourism": null, "historic": "yes", "religion": "christian", "museum": null, "theatre_ty": null, "library_ty": null, "symbol_origin": "none" }, "geometry": { "type": "Polygon", "coordinates": [ [ [ 22.952144, 40.641733 ], [ 22.95218, 40.641748 ], [ 22.9522, 40.641779 ], [ 22.952242, 40.641844 ], [ 22.95231, 40.641819 ], [ 22.952342, 40.641807 ], [ 22.952321, 40.641774 ], [ 22.952324, 40.641773 ], [ 22.95233, 40.641769 ], [ 22.952333, 40.641764 ], [ 22.952334, 40.641758 ], [ 22.952333, 40.641753 ], [ 22.952329, 40.641748 ], [ 22.952324, 40.641744 ], [ 22.952317, 40.641741 ], [ 22.952309, 40.64174 ], [ 22.952302, 40.641741 ], [ 22.952299, 40.641742 ], [ 22.952278, 40.641711 ], [ 22.952259, 40.641682 ], [ 22.95216, 40.64172 ], [ 22.952144, 40.641733 ] ] ] } },
{ "type": "Feature", "properties": { "culture_type": "Culture", "culture_subtype": "Religious heritage", "culture_source": "culture_polygons", "path": "D:\\30.10\\datagis\\religion 2100.shp", "name": "Ναός Αγίου Σπυρίδωνος", "name_el": "Ναός Αγίου Σπυρίδωνος", "name_en": null, "amenity": "place_of_worship", "tourism": null, "historic": null, "religion": "christian", "museum": null, "theatre_ty": null, "library_ty": null, "symbol_origin": "none" }, "geometry": { "type": "Polygon", "coordinates": [ [ [ 22.97253, 40.623418 ], [ 22.972834, 40.623378 ], [ 22.972819, 40.62331 ], [ 22.972832, 40.623305 ], [ 22.972841, 40.623296 ], [ 22.972846, 40.623285 ], [ 22.972846, 40.623274 ], [ 22.972841, 40.623263 ], [ 22.972832, 40.623255 ], [ 22.972819, 40.623249 ], [ 22.972805, 40.623246 ], [ 22.97279, 40.623184 ], [ 22.972481, 40.623224 ], [ 22.972423, 40.623232 ], [ 22.972434, 40.623278 ], [ 22.9724, 40.623282 ], [ 22.972426, 40.623397 ], [ 22.97246, 40.623392 ], [ 22.972468, 40.623426 ], [ 22.97253, 40.623418 ] ] ] } },
{ "type": "Feature", "properties": { "culture_type": "Culture", "culture_subtype": "Religious heritage", "culture_source": "culture_polygons", "path": "D:\\30.10\\datagis\\religion 2100.shp", "name": "Εκκλησάκι", "name_el": null, "name_en": null, "amenity": "place_of_worship", "tourism": null, "historic": null, "religion": "christian", "museum": null, "theatre_ty": null, "library_ty": null, "symbol_origin": "none" }, "geometry": { "type": "Polygon", "coordinates": [ [ [ 22.964781, 40.623943 ], [ 22.964798, 40.623923 ], [ 22.96477, 40.623909 ], [ 22.964753, 40.62393 ], [ 22.964781, 40.623943 ] ] ] } },
{ "type": "Feature", "properties": { "culture_type": "Culture", "culture_subtype": "Theatre", "culture_source": "culture_polygons", "path": "D:\\30.10\\datagis\\theatre2100.shp", "name": "Θέατρο Γης", "name_el": null, "name_en": null, "amenity": "theatre", "tourism": null, "historic": null, "religion": null, "museum": null, "theatre_ty": null, "library_ty": null, "symbol_origin": "none" }, "geometry": { "type": "Polygon", "coordinates": [ [ [ 22.972458, 40.627837 ], [ 22.972457, 40.627889 ], [ 22.972467, 40.627939 ], [ 22.972486, 40.627981 ], [ 22.972507, 40.628027 ], [ 22.972542, 40.628068 ], [ 22.972582, 40.628102 ], [ 22.972624, 40.628138 ], [ 22.972674, 40.628163 ], [ 22.97274, 40.62819 ], [ 22.972796, 40.628202 ], [ 22.972865, 40.628208 ], [ 22.972938, 40.628203 ], [ 22.972986, 40.628191 ], [ 22.973039, 40.628173 ], [ 22.973088, 40.628147 ], [ 22.973136, 40.628119 ], [ 22.973182, 40.628077 ], [ 22.973216, 40.628042 ], [ 22.973246, 40.627988 ], [ 22.973267, 40.62793 ], [ 22.973283, 40.627824 ], [ 22.972993, 40.627735 ], [ 22.972976, 40.627762 ], [ 22.97295, 40.627781 ], [ 22.972913, 40.627797 ], [ 22.972871, 40.6278 ], [ 22.972833, 40.627794 ], [ 22.972803, 40.627778 ], [ 22.972779, 40.627756 ], [ 22.972768, 40.627728 ], [ 22.972468, 40.627795 ], [ 22.972458, 40.627837 ] ] ] } },
{ "type": "Feature", "properties": { "culture_type": "Culture", "culture_subtype": "Religious heritage", "culture_source": "culture_polygons", "path": "D:\\30.10\\datagis\\religion 2100.shp", "name": "Ιερός Ναός Κοιμήσεως της Θεοτόκου", "name_el": null, "name_en": null, "amenity": "place_of_worship", "tourism": null, "historic": null, "religion": "christian", "museum": null, "theatre_ty": null, "library_ty": null, "symbol_origin": "none" }, "geometry": { "type": "Polygon", "coordinates": [ [ [ 22.967621, 40.631496 ], [ 22.967633, 40.631421 ], [ 22.967657, 40.631408 ], [ 22.967664, 40.631357 ], [ 22.967648, 40.631331 ], [ 22.967657, 40.631267 ], [ 22.967224, 40.631217 ], [ 22.967233, 40.631162 ], [ 22.967176, 40.631155 ], [ 22.967153, 40.631273 ], [ 22.967121, 40.631269 ], [ 22.967098, 40.631395 ], [ 22.96712, 40.631397 ], [ 22.967111, 40.631439 ], [ 22.967621, 40.631496 ] ] ] } },
{ "type": "Feature", "properties": { "culture_type": "Culture", "culture_subtype": "Religious heritage", "culture_source": "culture_polygons", "path": "D:\\30.10\\datagis\\religion 2100.shp", "name": "Ι. Ν. Κοιμήσεως Θεοτόκου", "name_el": null, "name_en": null, "amenity": "place_of_worship", "tourism": null, "historic": null, "religion": "christian", "museum": null, "theatre_ty": null, "library_ty": null, "symbol_origin": "none" }, "geometry": { "type": "Polygon", "coordinates": [ [ [ 22.965665, 40.631745 ], [ 22.965666, 40.631711 ], [ 22.965685, 40.631701 ], [ 22.965693, 40.631686 ], [ 22.965686, 40.631669 ], [ 22.965668, 40.631659 ], [ 22.965669, 40.631616 ], [ 22.965598, 40.631615 ], [ 22.965572, 40.631615 ], [ 22.965571, 40.631589 ], [ 22.965508, 40.631589 ], [ 22.965512, 40.63174 ], [ 22.965665, 40.631745 ] ] ] } },
{ "type": "Feature", "properties": { "culture_type": "Culture", "culture_subtype": "Theatre", "culture_source": "culture_polygons", "path": "D:\\30.10\\datagis\\theatre2100.shp", "name": "Θέατρο Δάσους", "name_el": null, "name_en": null, "amenity": "theatre", "tourism": null, "historic": null, "religion": null, "museum": null, "theatre_ty": null, "library_ty": null, "symbol_origin": "none" }, "geometry": { "type": "Polygon", "coordinates": [ [ [ 22.965764, 40.637813 ], [ 22.965815, 40.637876 ], [ 22.965878, 40.637931 ], [ 22.965957, 40.637978 ], [ 22.966043, 40.638004 ], [ 22.96612, 40.638015 ], [ 22.966236, 40.638015 ], [ 22.966337, 40.638002 ], [ 22.966425, 40.637975 ], [ 22.966508, 40.637939 ], [ 22.966573, 40.637896 ], [ 22.966636, 40.637834 ], [ 22.966671, 40.637776 ], [ 22.966695, 40.637712 ], [ 22.966693, 40.637643 ], [ 22.966681, 40.637584 ], [ 22.966661, 40.637526 ], [ 22.966624, 40.63747 ], [ 22.96659, 40.637428 ], [ 22.966504, 40.637464 ], [ 22.966292, 40.637549 ], [ 22.966308, 40.637568 ], [ 22.96632, 40.637586 ], [ 22.966331, 40.637608 ], [ 22.966334, 40.637632 ], [ 22.966331, 40.637656 ], [ 22.966322, 40.637678 ], [ 22.966306, 40.6377 ], [ 22.966285, 40.637717 ], [ 22.96626, 40.637731 ], [ 22.96623, 40.637739 ], [ 22.966198, 40.637743 ], [ 22.966155, 40.637743 ], [ 22.966108, 40.637731 ], [ 22.966078, 40.637713 ], [ 22.966055, 40.637691 ], [ 22.966038, 40.637669 ], [ 22.965764, 40.637813 ] ] ] } },
{ "type": "Feature", "properties": { "culture_type": "Culture", "culture_subtype": "Religious heritage", "culture_source": "culture_polygons", "path": "D:\\30.10\\datagis\\religion 2100.shp", "name": "Άγιος Γεώργιος", "name_el": "Άγιος Γεώργιος", "name_en": "Saint Georgios", "amenity": "place_of_worship", "tourism": null, "historic": null, "religion": "christian", "museum": null, "theatre_ty": null, "library_ty": null, "symbol_origin": "none" }, "geometry": { "type": "Polygon", "coordinates": [ [ [ 23.021969, 40.640466 ], [ 23.022297, 40.640411 ], [ 23.022288, 40.64038 ], [ 23.02238, 40.640364 ], [ 23.022364, 40.640308 ], [ 23.022374, 40.640299 ], [ 23.022379, 40.640288 ], [ 23.02238, 40.640277 ], [ 23.022375, 40.640266 ], [ 23.022366, 40.640256 ], [ 23.022353, 40.64025 ], [ 23.022346, 40.640249 ], [ 23.022335, 40.640209 ], [ 23.022242, 40.640225 ], [ 23.02223, 40.640183 ], [ 23.021902, 40.640238 ], [ 23.021969, 40.640466 ] ] ] } },
{ "type": "Feature", "properties": { "culture_type": "Culture", "culture_subtype": "Religious heritage", "culture_source": "culture_polygons", "path": "D:\\30.10\\datagis\\religion 2100.shp", "name": "Άγιος Βασίλειος", "name_el": "Άγιος Βασίλειος", "name_en": null, "amenity": "place_of_worship", "tourism": null, "historic": null, "religion": "christian", "museum": null, "theatre_ty": null, "library_ty": null, "symbol_origin": "none" }, "geometry": { "type": "Polygon", "coordinates": [ [ [ 22.979288, 40.640613 ], [ 22.979235, 40.640566 ], [ 22.979169, 40.64061 ], [ 22.979222, 40.640656 ], [ 22.979288, 40.640613 ] ] ] } },
{ "type": "Feature", "properties": { "culture_type": "Culture", "culture_subtype": "Religious heritage", "culture_source": "culture_polygons", "path": "D:\\30.10\\datagis\\religion 2100.shp", "name": "Αγία Τριάδα", "name_el": null, "name_en": null, "amenity": "place_of_worship", "tourism": null, "historic": null, "religion": "christian", "museum": null, "theatre_ty": null, "library_ty": null, "symbol_origin": "none" }, "geometry": { "type": "Polygon", "coordinates": [ [ [ 23.00429, 40.658134 ], [ 23.004335, 40.658126 ], [ 23.004326, 40.658093 ], [ 23.00436, 40.658087 ], [ 23.00438, 40.658067 ], [ 23.00437, 40.65804 ], [ 23.004339, 40.658029 ], [ 23.004308, 40.658034 ], [ 23.004304, 40.658019 ], [ 23.00414, 40.658045 ], [ 23.00417, 40.658153 ], [ 23.00429, 40.658134 ] ] ] } },
{ "type": "Feature", "properties": { "culture_type": "Culture", "culture_subtype": "Religious heritage", "culture_source": "culture_polygons", "path": "D:\\30.10\\datagis\\religion 2100.shp", "name": "Κοιμήσεως της Θεοτόκου", "name_el": null, "name_en": null, "amenity": "place_of_worship", "tourism": null, "historic": null, "religion": "christian", "museum": null, "theatre_ty": null, "library_ty": null, "symbol_origin": "none" }, "geometry": { "type": "Polygon", "coordinates": [ [ [ 22.988765, 40.658471 ], [ 22.98876, 40.658365 ], [ 22.988712, 40.658366 ], [ 22.988711, 40.65835 ], [ 22.988584, 40.658353 ], [ 22.988589, 40.658475 ], [ 22.988765, 40.658471 ] ] ] } },
{ "type": "Feature", "properties": { "culture_type": "Culture", "culture_subtype": "Religious heritage", "culture_source": "culture_polygons", "path": "D:\\30.10\\datagis\\religion 2100.shp", "name": "Παλαιός ναός Α.Θ.", "name_el": null, "name_en": null, "amenity": "place_of_worship", "tourism": null, "historic": null, "religion": "christian", "museum": null, "theatre_ty": null, "library_ty": null, "symbol_origin": "none" }, "geometry": { "type": "Polygon", "coordinates": [ [ [ 22.945325, 40.646787 ], [ 22.945337, 40.646676 ], [ 22.945197, 40.646667 ], [ 22.945195, 40.646691 ], [ 22.945139, 40.646687 ], [ 22.945132, 40.646752 ], [ 22.945187, 40.646756 ], [ 22.945185, 40.646778 ], [ 22.945325, 40.646787 ] ] ] } },
{ "type": "Feature", "properties": { "culture_type": "Culture", "culture_subtype": "Religious heritage", "culture_source": "culture_polygons", "path": "D:\\30.10\\datagis\\religion 2100.shp", "name": "Ναός Αγίων Θεοδώρων", "name_el": "Ναός Αγίων Θεοδώρων", "name_en": "Saints Theodores Church", "amenity": "place_of_worship", "tourism": null, "historic": null, "religion": "christian", "museum": null, "theatre_ty": null, "library_ty": null, "symbol_origin": "none" }, "geometry": { "type": "Polygon", "coordinates": [ [ [ 22.945747, 40.646892 ], [ 22.945735, 40.646919 ], [ 22.945864, 40.646951 ], [ 22.945877, 40.64692 ], [ 22.945968, 40.646943 ], [ 22.946024, 40.646813 ], [ 22.945933, 40.646791 ], [ 22.945949, 40.646753 ], [ 22.94582, 40.646722 ], [ 22.945804, 40.646758 ], [ 22.945619, 40.646713 ], [ 22.945562, 40.646847 ], [ 22.945747, 40.646892 ] ] ] } },
{ "type": "Feature", "properties": { "culture_type": "Culture", "culture_subtype": "Religious heritage", "culture_source": "culture_polygons", "path": "D:\\30.10\\datagis\\religion 2100.shp", "name": "Εκκλησία Άγιος Δημήτριος", "name_el": "Εκκλησία Άγιος Δημήτριος", "name_en": "Ekklisia Agiou Dimitriou", "amenity": "place_of_worship", "tourism": null, "historic": null, "religion": "christian", "museum": null, "theatre_ty": null, "library_ty": null, "symbol_origin": "none" }, "geometry": { "type": "Polygon", "coordinates": [ [ [ 22.951567, 40.649774 ], [ 22.951545, 40.649793 ], [ 22.951603, 40.649831 ], [ 22.951626, 40.64981 ], [ 22.951692, 40.649854 ], [ 22.951937, 40.649639 ], [ 22.951725, 40.6495 ], [ 22.951479, 40.649716 ], [ 22.951567, 40.649774 ] ] ] } },
{ "type": "Feature", "properties": { "culture_type": "Culture", "culture_subtype": "Theatre", "culture_source": "culture_polygons", "path": "D:\\30.10\\datagis\\theatre2100.shp", "name": "Ανοιχτό Θέατρο Νεάπολης", "name_el": "Ανοιχτό Θέατρο Νεάπολης", "name_en": "Open Air Theater of Neapoli", "amenity": "theatre", "tourism": null, "historic": null, "religion": null, "museum": null, "theatre_ty": "open_air", "library_ty": null, "symbol_origin": "none" }, "geometry": { "type": "Polygon", "coordinates": [ [ [ 22.945413, 40.65414 ], [ 22.945375, 40.65418 ], [ 22.945939, 40.654498 ], [ 22.946218, 40.654214 ], [ 22.945653, 40.653895 ], [ 22.945413, 40.65414 ] ] ] } },
{ "type": "Feature", "properties": { "culture_type": "Culture", "culture_subtype": "Theatre", "culture_source": "culture_polygons", "path": "D:\\30.10\\datagis\\theatre2100.shp", "name": "Ανοιχτό Θέατρο της Κρύας Βρύσης \"Τάσος Πεζιρκιανίδης\"", "name_el": null, "name_en": null, "amenity": "theatre", "tourism": null, "historic": null, "religion": null, "museum": null, "theatre_ty": null, "library_ty": null, "symbol_origin": "none" }, "geometry": { "type": "Polygon", "coordinates": [ [ [ 22.946517, 40.659733 ], [ 22.946473, 40.659775 ], [ 22.94645, 40.659826 ], [ 22.946449, 40.659879 ], [ 22.946468, 40.659922 ], [ 22.946894, 40.659841 ], [ 22.946872, 40.65979 ], [ 22.946834, 40.659745 ], [ 22.94678, 40.65971 ], [ 22.946714, 40.659691 ], [ 22.946643, 40.659688 ], [ 22.946575, 40.659703 ], [ 22.946517, 40.659733 ] ] ] } },
{ "type": "Feature", "properties": { "culture_type": "Culture", "culture_subtype": "Religious heritage", "culture_source": "culture_polygons", "path": "D:\\30.10\\datagis\\religion 2100.shp", "name": "Άγιος Παντελεήμων", "name_el": null, "name_en": null, "amenity": "place_of_worship", "tourism": null, "historic": null, "religion": "christian", "museum": null, "theatre_ty": null, "library_ty": null, "symbol_origin": "none" }, "geometry": { "type": "Polygon", "coordinates": [ [ [ 22.949862, 40.661581 ], [ 22.94987, 40.661515 ], [ 22.949877, 40.661515 ], [ 22.949883, 40.661513 ], [ 22.949888, 40.661509 ], [ 22.94989, 40.661505 ], [ 22.949891, 40.6615 ], [ 22.949889, 40.661495 ], [ 22.949886, 40.661491 ], [ 22.949881, 40.661488 ], [ 22.949874, 40.661487 ], [ 22.949878, 40.661462 ], [ 22.949887, 40.661461 ], [ 22.949895, 40.66146 ], [ 22.949909, 40.661454 ], [ 22.949919, 40.661446 ], [ 22.949925, 40.661435 ], [ 22.949926, 40.661424 ], [ 22.949922, 40.661413 ], [ 22.949913, 40.661403 ], [ 22.9499, 40.661397 ], [ 22.949886, 40.661394 ], [ 22.949889, 40.661378 ], [ 22.949892, 40.661377 ], [ 22.949898, 40.661375 ], [ 22.949902, 40.661372 ], [ 22.949904, 40.661368 ], [ 22.949905, 40.661363 ], [ 22.949903, 40.661359 ], [ 22.9499, 40.661355 ], [ 22.949896, 40.661352 ], [ 22.949893, 40.66135 ], [ 22.949901, 40.661288 ], [ 22.949383, 40.661248 ], [ 22.949343, 40.66154 ], [ 22.949862, 40.661581 ] ] ] } },
{ "type": "Feature", "properties": { "culture_type": "Culture", "culture_subtype": "Religious heritage", "culture_source": "culture_polygons", "path": "D:\\30.10\\datagis\\religion 2100.shp", "name": "Ιωάννου Χρυσοστόμου - Γρηγορίου του Παλαμά Γ.Ο.Χ.", "name_el": null, "name_en": null, "amenity": "place_of_worship", "tourism": null, "historic": null, "religion": "christian", "museum": null, "theatre_ty": null, "library_ty": null, "symbol_origin": "none" }, "geometry": { "type": "Polygon", "coordinates": [ [ [ 22.947598, 40.665987 ], [ 22.947581, 40.665963 ], [ 22.947487, 40.665999 ], [ 22.947504, 40.666023 ], [ 22.947441, 40.666048 ], [ 22.947463, 40.66608 ], [ 22.947494, 40.666068 ], [ 22.947568, 40.666178 ], [ 22.947558, 40.666181 ], [ 22.947613, 40.666262 ], [ 22.947624, 40.666257 ], [ 22.947662, 40.666313 ], [ 22.947715, 40.666292 ], [ 22.947726, 40.666309 ], [ 22.947786, 40.666285 ], [ 22.947772, 40.666265 ], [ 22.947836, 40.66624 ], [ 22.947787, 40.666167 ], [ 22.947822, 40.666154 ], [ 22.947776, 40.666085 ], [ 22.947745, 40.666097 ], [ 22.947655, 40.665964 ], [ 22.947598, 40.665987 ] ] ] } },
{ "type": "Feature", "properties": { "culture_type": "Culture", "culture_subtype": "Religious heritage", "culture_source": "culture_polygons", "path": "D:\\30.10\\datagis\\religion 2100.shp", "name": "Ιερός Ναός Θείας Αναλήψεως", "name_el": null, "name_en": null, "amenity": "place_of_worship", "tourism": null, "historic": null, "religion": "christian", "museum": null, "theatre_ty": null, "library_ty": null, "symbol_origin": "none" }, "geometry": { "type": "Polygon", "coordinates": [ [ [ 22.94727, 40.671683 ], [ 22.947688, 40.671684 ], [ 22.947688, 40.67152 ], [ 22.947619, 40.67152 ], [ 22.94762, 40.671422 ], [ 22.947271, 40.671421 ], [ 22.94727, 40.671683 ] ] ] } },
{ "type": "Feature", "properties": { "culture_type": "Culture", "culture_subtype": "Religious heritage", "culture_source": "culture_polygons", "path": "D:\\30.10\\datagis\\religion 2100.shp", "name": "Άγιος Δημήτριος", "name_el": null, "name_en": null, "amenity": "place_of_worship", "tourism": null, "historic": null, "religion": "christian", "museum": null, "theatre_ty": null, "library_ty": null, "symbol_origin": "none" }, "geometry": { "type": "Polygon", "coordinates": [ [ [ 22.949897, 40.673361 ], [ 22.949809, 40.673224 ], [ 22.949598, 40.673301 ], [ 22.949628, 40.673348 ], [ 22.949532, 40.673383 ], [ 22.94959, 40.673474 ], [ 22.949897, 40.673361 ] ] ] } },
{ "type": "Feature", "properties": { "culture_type": "Culture", "culture_subtype": "Religious heritage", "culture_source": "culture_polygons", "path": "D:\\30.10\\datagis\\religion 2100.shp", "name": "Παναγία", "name_el": null, "name_en": null, "amenity": "place_of_worship", "tourism": null, "historic": null, "religion": "christian", "museum": null, "theatre_ty": null, "library_ty": null, "symbol_origin": "none" }, "geometry": { "type": "Polygon", "coordinates": [ [ [ 22.94787, 40.710109 ], [ 22.94792, 40.71001 ], [ 22.947682, 40.70995 ], [ 22.947636, 40.710052 ], [ 22.94787, 40.710109 ] ] ] } },
{ "type": "Feature", "properties": { "culture_type": "Culture", "culture_subtype": "Religious heritage", "culture_source": "culture_polygons", "path": "D:\\30.10\\datagis\\religion 2100.shp", "name": "Καθολικό Βλατάδων", "name_el": "Καθολικό Βλατάδων", "name_en": "Vlatadon Katholikon", "amenity": "place_of_worship", "tourism": null, "historic": "monastery", "religion": "christian", "museum": null, "theatre_ty": null, "library_ty": null, "symbol_origin": "none" }, "geometry": { "type": "Polygon", "coordinates": [ [ [ 22.954576, 40.641927 ], [ 22.954573, 40.641773 ], [ 22.954422, 40.641775 ], [ 22.954422, 40.64179 ], [ 22.954374, 40.64179 ], [ 22.954376, 40.641871 ], [ 22.954415, 40.641871 ], [ 22.954416, 40.641929 ], [ 22.954576, 40.641927 ] ] ] } },
{ "type": "Feature", "properties": { "culture_type": "Culture", "culture_subtype": "Castle / fortification", "culture_source": "culture_polygons", "path": "D:\\30.10\\datagis\\historic castle 2100.shp", "name": "Επταπύργιο", "name_el": "Επταπύργιο", "name_en": "Heptapyrgio", "amenity": null, "tourism": "attraction", "historic": "castle", "religion": null, "museum": null, "theatre_ty": null, "library_ty": null, "symbol_origin": "none" }, "geometry": { "type": "Polygon", "coordinates": [ [ [ 22.961741, 40.644026 ], [ 22.961656, 40.644089 ], [ 22.961632, 40.644107 ], [ 22.96156, 40.644183 ], [ 22.96154, 40.644206 ], [ 22.961439, 40.644335 ], [ 22.961361, 40.644455 ], [ 22.961587, 40.644549 ], [ 22.961732, 40.644548 ], [ 22.961743, 40.644619 ], [ 22.961876, 40.644607 ], [ 22.961867, 40.644551 ], [ 22.961915, 40.644542 ], [ 22.962039, 40.644619 ], [ 22.962109, 40.644529 ], [ 22.962118, 40.644517 ], [ 22.962194, 40.644513 ], [ 22.962222, 40.644556 ], [ 22.962323, 40.644518 ], [ 22.962299, 40.644481 ], [ 22.962309, 40.644468 ], [ 22.962369, 40.64439 ], [ 22.962524, 40.644374 ], [ 22.962475, 40.64425 ], [ 22.962559, 40.644209 ], [ 22.962644, 40.644147 ], [ 22.962616, 40.644088 ], [ 22.962634, 40.64406 ], [ 22.962623, 40.644051 ], [ 22.962648, 40.644019 ], [ 22.962667, 40.643999 ], [ 22.962714, 40.643949 ], [ 22.962325, 40.643828 ], [ 22.96221, 40.643817 ], [ 22.962202, 40.643861 ], [ 22.962078, 40.643875 ], [ 22.962029, 40.643896 ], [ 22.961944, 40.643934 ], [ 22.961848, 40.643972 ], [ 22.961806, 40.643987 ], [ 22.961772, 40.644002 ], [ 22.961741, 40.644026 ] ] ] } },
{ "type": "Feature", "properties": { "culture_type": "Culture", "culture_subtype": "Theatre", "culture_source": "culture_polygons", "path": "D:\\30.10\\datagis\\theatre2100.shp", "name": null, "name_el": null, "name_en": null, "amenity": "theatre", "tourism": null, "historic": null, "religion": null, "museum": null, "theatre_ty": "amphi", "library_ty": null, "symbol_origin": "none" }, "geometry": { "type": "Polygon", "coordinates": [ [ [ 22.959908, 40.65367 ], [ 22.9601, 40.653514 ], [ 22.960058, 40.653498 ], [ 22.960012, 40.653493 ], [ 22.959966, 40.6535 ], [ 22.959925, 40.653517 ], [ 22.959893, 40.653543 ], [ 22.959874, 40.653576 ], [ 22.959869, 40.653611 ], [ 22.959879, 40.653646 ], [ 22.959908, 40.65367 ] ] ] } },
{ "type": "Feature", "properties": { "culture_type": "Culture", "culture_subtype": "Religious heritage", "culture_source": "culture_polygons", "path": "D:\\30.10\\datagis\\religion 2100.shp", "name": "Ναός Αγίου Ιωάννη Θεολόγου", "name_el": "Ναός Αγίου Ιωάννη Θεολόγου", "name_en": null, "amenity": "place_of_worship", "tourism": null, "historic": null, "religion": "christian", "museum": null, "theatre_ty": null, "library_ty": null, "symbol_origin": "none" }, "geometry": { "type": "Polygon", "coordinates": [ [ [ 22.959415, 40.658517 ], [ 22.959371, 40.658536 ], [ 22.959506, 40.658718 ], [ 22.959833, 40.658578 ], [ 22.959637, 40.658313 ], [ 22.959354, 40.658434 ], [ 22.959415, 40.658517 ] ] ] } },
{ "type": "Feature", "properties": { "culture_type": "Culture", "culture_subtype": "Religious heritage", "culture_source": "culture_polygons", "path": "D:\\30.10\\datagis\\religion 2100.shp", "name": "Αγ. Ραφαήλ Νικολάου & Ειρήνης", "name_el": null, "name_en": null, "amenity": "place_of_worship", "tourism": null, "historic": null, "religion": "christian", "museum": null, "theatre_ty": null, "library_ty": null, "symbol_origin": "none" }, "geometry": { "type": "Polygon", "coordinates": [ [ [ 22.960208, 40.663042 ], [ 22.960232, 40.66307 ], [ 22.960266, 40.66309 ], [ 22.960285, 40.663097 ], [ 22.960319, 40.663117 ], [ 22.960316, 40.663119 ], [ 22.960307, 40.663125 ], [ 22.960291, 40.663146 ], [ 22.960285, 40.663169 ], [ 22.960289, 40.663193 ], [ 22.960295, 40.663203 ], [ 22.960303, 40.663214 ], [ 22.960325, 40.663231 ], [ 22.960353, 40.663242 ], [ 22.960385, 40.663245 ], [ 22.960416, 40.66324 ], [ 22.960443, 40.663227 ], [ 22.960459, 40.663213 ], [ 22.960464, 40.663209 ], [ 22.960465, 40.663207 ], [ 22.960469, 40.663208 ], [ 22.9605, 40.663226 ], [ 22.960521, 40.663206 ], [ 22.960543, 40.663215 ], [ 22.960553, 40.663216 ], [ 22.960575, 40.663218 ], [ 22.960606, 40.663213 ], [ 22.960633, 40.6632 ], [ 22.960654, 40.663182 ], [ 22.960665, 40.663159 ], [ 22.960666, 40.663135 ], [ 22.960657, 40.663112 ], [ 22.96064, 40.663095 ], [ 22.960658, 40.663075 ], [ 22.960627, 40.663056 ], [ 22.960623, 40.663053 ], [ 22.960624, 40.663053 ], [ 22.960645, 40.663035 ], [ 22.960656, 40.663012 ], [ 22.960657, 40.662988 ], [ 22.960646, 40.662966 ], [ 22.960632, 40.662949 ], [ 22.960602, 40.662932 ], [ 22.960572, 40.662925 ], [ 22.960541, 40.662927 ], [ 22.960512, 40.662936 ], [ 22.960488, 40.662951 ], [ 22.960477, 40.662965 ], [ 22.960445, 40.662948 ], [ 22.960444, 40.662945 ], [ 22.960417, 40.662923 ], [ 22.960379, 40.662906 ], [ 22.960336, 40.6629 ], [ 22.960292, 40.662904 ], [ 22.96026, 40.662915 ], [ 22.96024, 40.662926 ], [ 22.960224, 40.66294 ], [ 22.960211, 40.662956 ], [ 22.960202, 40.662974 ], [ 22.960197, 40.663009 ], [ 22.960208, 40.663042 ] ] ] } },
{ "type": "Feature", "properties": { "culture_type": "Culture", "culture_subtype": "Religious heritage", "culture_source": "culture_polygons", "path": "D:\\30.10\\datagis\\religion 2100.shp", "name": null, "name_el": null, "name_en": null, "amenity": "place_of_worship", "tourism": null, "historic": null, "religion": "christian", "museum": null, "theatre_ty": null, "library_ty": null, "symbol_origin": "none" }, "geometry": { "type": "Polygon", "coordinates": [ [ [ 22.963185, 40.675429 ], [ 22.963076, 40.675409 ], [ 22.963056, 40.675468 ], [ 22.963166, 40.675489 ], [ 22.963185, 40.675429 ] ] ] } },
{ "type": "Feature", "properties": { "culture_type": "Culture", "culture_subtype": "Religious heritage", "culture_source": "culture_polygons", "path": "D:\\30.10\\datagis\\religion 2100.shp", "name": "Άγιος Γεώργιος", "name_el": "Άγιος Γεώργιος", "name_en": "Aghios Georgios", "amenity": "place_of_worship", "tourism": null, "historic": null, "religion": "christian", "museum": null, "theatre_ty": null, "library_ty": null, "symbol_origin": "none" }, "geometry": { "type": "Polygon", "coordinates": [ [ [ 22.953605, 40.688469 ], [ 22.953569, 40.688382 ], [ 22.953583, 40.688376 ], [ 22.953595, 40.688365 ], [ 22.953593, 40.688351 ], [ 22.953584, 40.68834 ], [ 22.953569, 40.688337 ], [ 22.953551, 40.68834 ], [ 22.953515, 40.688254 ], [ 22.953079, 40.68836 ], [ 22.953169, 40.688575 ], [ 22.953605, 40.688469 ] ] ] } },
{ "type": "Feature", "properties": { "culture_type": "Culture", "culture_subtype": "Theatre", "culture_source": "culture_polygons", "path": "D:\\30.10\\datagis\\theatre2100.shp", "name": "Ανοιχτό θέατρο Ευκαρπίας", "name_el": null, "name_en": null, "amenity": "theatre", "tourism": null, "historic": null, "religion": null, "museum": null, "theatre_ty": null, "library_ty": null, "symbol_origin": "none" }, "geometry": { "type": "Polygon", "coordinates": [ [ [ 22.95717, 40.689815 ], [ 22.957158, 40.689765 ], [ 22.957285, 40.689747 ], [ 22.957313, 40.689859 ], [ 22.957435, 40.689842 ], [ 22.957528, 40.68972 ], [ 22.957542, 40.68965 ], [ 22.957502, 40.689577 ], [ 22.957405, 40.689513 ], [ 22.957319, 40.689486 ], [ 22.957232, 40.689499 ], [ 22.95726, 40.689609 ], [ 22.957138, 40.689627 ], [ 22.957128, 40.689588 ], [ 22.957012, 40.689605 ], [ 22.957068, 40.68983 ], [ 22.95717, 40.689815 ] ] ] } },
{ "type": "Feature", "properties": { "culture_type": "Culture", "culture_subtype": "Religious heritage", "culture_source": "culture_polygons", "path": "D:\\30.10\\datagis\\religion 2100.shp", "name": "Ιερός Ναός Κοιμήσεως της Θεοτόκου", "name_el": null, "name_en": null, "amenity": "place_of_worship", "tourism": null, "historic": null, "religion": "christian", "museum": null, "theatre_ty": null, "library_ty": null, "symbol_origin": "none" }, "geometry": { "type": "Polygon", "coordinates": [ [ [ 22.95897, 40.7824 ], [ 22.959138, 40.782218 ], [ 22.959132, 40.782075 ], [ 22.958937, 40.781976 ], [ 22.958854, 40.782066 ], [ 22.95857, 40.7821 ], [ 22.958523, 40.782199 ], [ 22.958585, 40.782275 ], [ 22.95897, 40.7824 ] ] ] } },
{ "type": "Feature", "properties": { "culture_type": "Culture", "culture_subtype": "Theatre", "culture_source": "culture_polygons", "path": "D:\\30.10\\datagis\\theatre2100.shp", "name": null, "name_el": null, "name_en": null, "amenity": "theatre", "tourism": null, "historic": null, "religion": null, "museum": null, "theatre_ty": "amphi", "library_ty": null, "symbol_origin": "none" }, "geometry": { "type": "Polygon", "coordinates": [ [ [ 22.956786, 40.787362 ], [ 22.956786, 40.787427 ], [ 22.956803, 40.787472 ], [ 22.956837, 40.787531 ], [ 22.956906, 40.787576 ], [ 22.956983, 40.787602 ], [ 22.957077, 40.787609 ], [ 22.957146, 40.787596 ], [ 22.957223, 40.78755 ], [ 22.957275, 40.787498 ], [ 22.957301, 40.787414 ], [ 22.957301, 40.787342 ], [ 22.957155, 40.787342 ], [ 22.957163, 40.787277 ], [ 22.956949, 40.787277 ], [ 22.956949, 40.787342 ], [ 22.956786, 40.787342 ], [ 22.956786, 40.787362 ] ] ] } },
{ "type": "Feature", "properties": { "culture_type": "Culture", "culture_subtype": "Religious heritage", "culture_source": "culture_polygons", "path": "D:\\30.10\\datagis\\religion 2100.shp", "name": "Ναός Αγίων Αποστόλων", "name_el": "Ναός Αγίων Αποστόλων", "name_en": "Apostles Church", "amenity": "place_of_worship", "tourism": null, "historic": null, "religion": "christian", "museum": null, "theatre_ty": null, "library_ty": null, "symbol_origin": "none" }, "geometry": { "type": "Polygon", "coordinates": [ [ [ 22.992932, 40.660001 ], [ 22.992952, 40.659972 ], [ 22.993235, 40.660087 ], [ 22.993247, 40.66007 ], [ 22.993348, 40.660111 ], [ 22.99347, 40.659938 ], [ 22.993407, 40.659912 ], [ 22.993441, 40.659863 ], [ 22.993322, 40.659815 ], [ 22.993345, 40.659783 ], [ 22.993074, 40.659673 ], [ 22.993023, 40.659746 ], [ 22.993046, 40.659755 ], [ 22.993005, 40.659813 ], [ 22.992976, 40.659801 ], [ 22.992945, 40.659844 ], [ 22.992986, 40.659861 ], [ 22.992947, 40.659916 ], [ 22.992906, 40.6599 ], [ 22.992856, 40.65997 ], [ 22.992932, 40.660001 ] ] ] } },
{ "type": "Feature", "properties": { "culture_type": "Culture", "culture_subtype": "Theatre", "culture_source": "culture_polygons", "path": "D:\\30.10\\datagis\\theatre2100.shp", "name": "Ανοικτό Θέατρο Βυζαντινών Νερόμυλων", "name_el": "Ανοικτό Θέατρο Βυζαντινών Νερόμυλων", "name_en": null, "amenity": "theatre", "tourism": null, "historic": null, "religion": null, "museum": null, "theatre_ty": "amphi", "library_ty": null, "symbol_origin": "none" }, "geometry": { "type": "Polygon", "coordinates": [ [ [ 22.964891, 40.667052 ], [ 22.965083, 40.666976 ], [ 22.965043, 40.666934 ], [ 22.964988, 40.666904 ], [ 22.964923, 40.666889 ], [ 22.964855, 40.666889 ], [ 22.964791, 40.666906 ], [ 22.964736, 40.666936 ], [ 22.964697, 40.666978 ], [ 22.964677, 40.667028 ], [ 22.964678, 40.667079 ], [ 22.964891, 40.667052 ] ] ] } },
{ "type": "Feature", "properties": { "culture_type": "Culture", "culture_subtype": "Religious heritage", "culture_source": "culture_polygons", "path": "D:\\30.10\\datagis\\religion 2100.shp", "name": null, "name_el": null, "name_en": null, "amenity": "place_of_worship", "tourism": null, "historic": null, "religion": "christian", "museum": null, "theatre_ty": null, "library_ty": null, "symbol_origin": "none" }, "geometry": { "type": "Polygon", "coordinates": [ [ [ 23.020034, 40.68417 ], [ 23.019887, 40.684184 ], [ 23.019898, 40.684254 ], [ 23.020045, 40.68424 ], [ 23.020034, 40.68417 ] ] ] } },
{ "type": "Feature", "properties": { "culture_type": "Culture", "culture_subtype": "Religious heritage", "culture_source": "culture_polygons", "path": "D:\\30.10\\datagis\\religion 2100.shp", "name": "Ι. Ν. Αγίου Γεωργίου", "name_el": null, "name_en": null, "amenity": "place_of_worship", "tourism": null, "historic": null, "religion": "christian", "museum": null, "theatre_ty": null, "library_ty": null, "symbol_origin": "none" }, "geometry": { "type": "Polygon", "coordinates": [ [ [ 23.00258, 40.692189 ], [ 23.00261, 40.692176 ], [ 23.002685, 40.692276 ], [ 23.002929, 40.692172 ], [ 23.00281, 40.692012 ], [ 23.002641, 40.692085 ], [ 23.002656, 40.692104 ], [ 23.00255, 40.69215 ], [ 23.00258, 40.692189 ] ] ] } },
{ "type": "Feature", "properties": { "culture_type": "Culture", "culture_subtype": "Religious heritage", "culture_source": "culture_polygons", "path": "D:\\30.10\\datagis\\religion 2100.shp", "name": "Ι. Μ. Αγίας Τριάδος και Αγίου Ραφαήλ Φιλύρου (ΓΟΧ)", "name_el": null, "name_en": null, "amenity": "place_of_worship", "tourism": null, "historic": null, "religion": "christian", "museum": null, "theatre_ty": null, "library_ty": null, "symbol_origin": "none" }, "geometry": { "type": "Polygon", "coordinates": [ [ [ 23.001457, 40.708278 ], [ 23.001463, 40.708256 ], [ 23.001531, 40.708266 ], [ 23.001524, 40.708294 ], [ 23.001605, 40.708307 ], [ 23.001613, 40.708276 ], [ 23.001643, 40.708163 ], [ 23.001816, 40.708189 ], [ 23.001865, 40.708005 ], [ 23.001873, 40.707975 ], [ 23.001921, 40.707983 ], [ 23.001912, 40.708015 ], [ 23.002068, 40.708039 ], [ 23.002052, 40.708102 ], [ 23.002212, 40.708126 ], [ 23.002295, 40.708139 ], [ 23.00232, 40.708044 ], [ 23.002352, 40.708049 ], [ 23.002373, 40.707971 ], [ 23.002126, 40.707933 ], [ 23.002151, 40.707841 ], [ 23.00179, 40.707785 ], [ 23.001761, 40.707894 ], [ 23.001826, 40.707904 ], [ 23.001802, 40.707997 ], [ 23.001429, 40.70794 ], [ 23.001382, 40.708114 ], [ 23.001447, 40.708124 ], [ 23.001417, 40.708237 ], [ 23.001406, 40.708235 ], [ 23.001397, 40.708269 ], [ 23.001457, 40.708278 ] ] ] } },
{ "type": "Feature", "properties": { "culture_type": "Culture", "culture_subtype": "Religious heritage", "culture_source": "culture_polygons", "path": "D:\\30.10\\datagis\\religion 2100.shp", "name": "Άγιος Λάζαρος", "name_el": null, "name_en": null, "amenity": "place_of_worship", "tourism": null, "historic": null, "religion": "christian", "museum": null, "theatre_ty": null, "library_ty": null, "symbol_origin": "none" }, "geometry": { "type": "Polygon", "coordinates": [ [ [ 23.004202, 40.709356 ], [ 23.004247, 40.709279 ], [ 23.004172, 40.709254 ], [ 23.004126, 40.70933 ], [ 23.004202, 40.709356 ] ] ] } },
{ "type": "Feature", "properties": { "culture_type": "Culture", "culture_subtype": "Historic site", "culture_source": "culture_polygons", "path": "D:\\30.10\\datagis\\historic site2100.shp", "name": "Νεκρόπολη Δερβενίου", "name_el": "Νεκρόπολη Δερβενίου", "name_en": "Derveni Necropolis", "amenity": null, "tourism": null, "historic": "archaeological_site", "religion": null, "museum": null, "theatre_ty": null, "library_ty": null, "symbol_origin": "none" }, "geometry": { "type": "Polygon", "coordinates": [ [ [ 22.958958, 40.712824 ], [ 22.959439, 40.714136 ], [ 22.95974, 40.71487 ], [ 22.959931, 40.715088 ], [ 22.960181, 40.71525 ], [ 22.960451, 40.715352 ], [ 22.960916, 40.715527 ], [ 22.961552, 40.715812 ], [ 22.962167, 40.716176 ], [ 22.962796, 40.716615 ], [ 22.963363, 40.716978 ], [ 22.963929, 40.717374 ], [ 22.964584, 40.717777 ], [ 22.964889, 40.717975 ], [ 22.965181, 40.718175 ], [ 22.965568, 40.718403 ], [ 22.965949, 40.718588 ], [ 22.966404, 40.718729 ], [ 22.966668, 40.718813 ], [ 22.966914, 40.718891 ], [ 22.96746, 40.719014 ], [ 22.968389, 40.719331 ], [ 22.969348, 40.71997 ], [ 22.970095, 40.720513 ], [ 22.970325, 40.720681 ], [ 22.970925, 40.720937 ], [ 22.972707, 40.721675 ], [ 22.97302, 40.721873 ], [ 22.973482, 40.721379 ], [ 22.973176, 40.721132 ], [ 22.972232, 40.720505 ], [ 22.970983, 40.719924 ], [ 22.968962, 40.718965 ], [ 22.968723, 40.718842 ], [ 22.966648, 40.717797 ], [ 22.964497, 40.716737 ], [ 22.962161, 40.715264 ], [ 22.960885, 40.714474 ], [ 22.959824, 40.713646 ], [ 22.958958, 40.712824 ] ] ] } },
{ "type": "Feature", "properties": { "culture_type": "Culture", "culture_subtype": "Religious heritage", "culture_source": "culture_polygons", "path": "D:\\30.10\\datagis\\religion 2100.shp", "name": "Άγιος Νικόλαος", "name_el": null, "name_en": null, "amenity": "place_of_worship", "tourism": null, "historic": null, "religion": "christian", "museum": null, "theatre_ty": null, "library_ty": null, "symbol_origin": "none" }, "geometry": { "type": "Polygon", "coordinates": [ [ [ 23.001077, 40.722514 ], [ 23.001262, 40.722464 ], [ 23.00127, 40.72248 ], [ 23.001374, 40.722453 ], [ 23.001364, 40.722432 ], [ 23.00144, 40.722412 ], [ 23.001407, 40.722342 ], [ 23.001429, 40.72233 ], [ 23.001442, 40.72231 ], [ 23.001436, 40.72229 ], [ 23.001423, 40.722276 ], [ 23.001399, 40.722268 ], [ 23.001375, 40.72227 ], [ 23.001311, 40.722133 ], [ 23.001144, 40.722178 ], [ 23.001172, 40.722239 ], [ 23.000977, 40.722291 ], [ 23.001004, 40.722349 ], [ 23.000961, 40.722361 ], [ 23.001007, 40.722459 ], [ 23.001047, 40.722449 ], [ 23.001077, 40.722514 ] ] ] } },
{ "type": "Feature", "properties": { "culture_type": "Culture", "culture_subtype": "Religious heritage", "culture_source": "culture_polygons", "path": "D:\\30.10\\datagis\\religion 2100.shp", "name": "Εκκλησία Άγιος Αθανάσιος", "name_el": null, "name_en": null, "amenity": "place_of_worship", "tourism": null, "historic": null, "religion": "christian", "museum": null, "theatre_ty": null, "library_ty": null, "symbol_origin": "none" }, "geometry": { "type": "Polygon", "coordinates": [ [ [ 22.975541, 40.744533 ], [ 22.975511, 40.744575 ], [ 22.975412, 40.744799 ], [ 22.975492, 40.744827 ], [ 22.975455, 40.745073 ], [ 22.975403, 40.745143 ], [ 22.975477, 40.74515 ], [ 22.975514, 40.745089 ], [ 22.975745, 40.745112 ], [ 22.975773, 40.744921 ], [ 22.975779, 40.744811 ], [ 22.975883, 40.744827 ], [ 22.97589, 40.744785 ], [ 22.975588, 40.744715 ], [ 22.975655, 40.74455 ], [ 22.975541, 40.744533 ] ] ] } },
{ "type": "Feature", "properties": { "culture_type": "Culture", "culture_subtype": "Religious heritage", "culture_source": "culture_polygons", "path": "D:\\30.10\\datagis\\religion 2100.shp", "name": "Άγιος Γεώργιος", "name_el": "Άγιος Γεώργιος", "name_en": null, "amenity": "place_of_worship", "tourism": null, "historic": null, "religion": "christian", "museum": null, "theatre_ty": null, "library_ty": null, "symbol_origin": "none" }, "geometry": { "type": "Polygon", "coordinates": [ [ [ 23.005607, 40.865705 ], [ 23.00583, 40.865718 ], [ 23.005838, 40.865639 ], [ 23.005615, 40.865625 ], [ 23.005607, 40.865705 ] ] ] } },
{ "type": "Feature", "properties": { "culture_type": "Culture", "culture_subtype": "Religious heritage", "culture_source": "culture_polygons", "path": "D:\\30.10\\datagis\\religion 2100.shp", "name": "Ναός Αγίου Δημητρίου", "name_el": "Ναός Αγίου Δημητρίου", "name_en": null, "amenity": "place_of_worship", "tourism": null, "historic": null, "religion": "christian", "museum": null, "theatre_ty": null, "library_ty": null, "symbol_origin": "none" }, "geometry": { "type": "Polygon", "coordinates": [ [ [ 23.591256, 40.74217 ], [ 23.591488, 40.742074 ], [ 23.591405, 40.74196 ], [ 23.591173, 40.742056 ], [ 23.591256, 40.74217 ] ] ] } },
{ "type": "Feature", "properties": { "culture_type": "Culture", "culture_subtype": "Religious heritage", "culture_source": "culture_polygons", "path": "D:\\30.10\\datagis\\religion 2100.shp", "name": "Άγιος Γεώργιος", "name_el": "Άγιος Γεώργιος", "name_en": null, "amenity": "place_of_worship", "tourism": null, "historic": "building", "religion": "christian", "museum": null, "theatre_ty": null, "library_ty": null, "symbol_origin": "none" }, "geometry": { "type": "Polygon", "coordinates": [ [ [ 23.678828, 40.748868 ], [ 23.67904, 40.748848 ], [ 23.679025, 40.748762 ], [ 23.678814, 40.748782 ], [ 23.678828, 40.748868 ] ] ] } },
{ "type": "Feature", "properties": { "culture_type": "Culture", "culture_subtype": "Religious heritage", "culture_source": "culture_polygons", "path": "D:\\30.10\\datagis\\religion 2100.shp", "name": null, "name_el": null, "name_en": null, "amenity": "place_of_worship", "tourism": null, "historic": null, "religion": "christian", "museum": null, "theatre_ty": null, "library_ty": null, "symbol_origin": "none" }, "geometry": { "type": "Polygon", "coordinates": [ [ [ 23.388726, 40.748127 ], [ 23.388772, 40.747993 ], [ 23.388415, 40.747937 ], [ 23.388379, 40.748074 ], [ 23.388726, 40.748127 ] ] ] } },
{ "type": "Feature", "properties": { "culture_type": "Culture", "culture_subtype": "Religious heritage", "culture_source": "culture_polygons", "path": "D:\\30.10\\datagis\\religion 2100.shp", "name": null, "name_el": null, "name_en": null, "amenity": "place_of_worship", "tourism": null, "historic": null, "religion": "christian", "museum": null, "theatre_ty": null, "library_ty": null, "symbol_origin": "none" }, "geometry": { "type": "Polygon", "coordinates": [ [ [ 23.735256, 40.757705 ], [ 23.735247, 40.757743 ], [ 23.73521, 40.757738 ], [ 23.735175, 40.757892 ], [ 23.73527, 40.757905 ], [ 23.735276, 40.757879 ], [ 23.735521, 40.757911 ], [ 23.735546, 40.757802 ], [ 23.735504, 40.757796 ], [ 23.735517, 40.757739 ], [ 23.735256, 40.757705 ] ] ] } },
{ "type": "Feature", "properties": { "culture_type": "Culture", "culture_subtype": "Religious heritage", "culture_source": "culture_polygons", "path": "D:\\30.10\\datagis\\religion 2100.shp", "name": null, "name_el": null, "name_en": null, "amenity": "place_of_worship", "tourism": null, "historic": null, "religion": "christian", "museum": null, "theatre_ty": null, "library_ty": null, "symbol_origin": "none" }, "geometry": { "type": "Polygon", "coordinates": [ [ [ 23.377489, 40.758449 ], [ 23.377556, 40.758449 ], [ 23.37756, 40.758425 ], [ 23.377765, 40.75843 ], [ 23.377761, 40.758334 ], [ 23.377492, 40.758337 ], [ 23.377489, 40.758449 ] ] ] } },
{ "type": "Feature", "properties": { "culture_type": "Culture", "culture_subtype": "Religious heritage", "culture_source": "culture_polygons", "path": "D:\\30.10\\datagis\\religion 2100.shp", "name": null, "name_el": null, "name_en": null, "amenity": "place_of_worship", "tourism": null, "historic": null, "religion": "christian", "museum": null, "theatre_ty": null, "library_ty": null, "symbol_origin": "none" }, "geometry": { "type": "Polygon", "coordinates": [ [ [ 23.255424, 40.758474 ], [ 23.255617, 40.758414 ], [ 23.255573, 40.758324 ], [ 23.255372, 40.758387 ], [ 23.255424, 40.758474 ] ] ] } },
{ "type": "Feature", "properties": { "culture_type": "Culture", "culture_subtype": "Religious heritage", "culture_source": "culture_polygons", "path": "D:\\30.10\\datagis\\religion 2100.shp", "name": "Ναός Αγίου Στεφάνου και Αγίου Δημητρίου", "name_el": "Ναός Αγίου Στεφάνου και Αγίου Δημητρίου", "name_en": null, "amenity": "place_of_worship", "tourism": null, "historic": null, "religion": "christian", "museum": null, "theatre_ty": null, "library_ty": null, "symbol_origin": "none" }, "geometry": { "type": "Polygon", "coordinates": [ [ [ 23.589721, 40.761086 ], [ 23.58998, 40.761022 ], [ 23.589921, 40.760883 ], [ 23.589661, 40.760947 ], [ 23.589721, 40.761086 ] ] ] } },
{ "type": "Feature", "properties": { "culture_type": "Culture", "culture_subtype": "Religious heritage", "culture_source": "culture_polygons", "path": "D:\\30.10\\datagis\\religion 2100.shp", "name": "Ναός Κοίμησης της Θεοτόκου", "name_el": "Ναός Κοίμησης της Θεοτόκου", "name_en": null, "amenity": "place_of_worship", "tourism": null, "historic": null, "religion": "christian", "museum": null, "theatre_ty": null, "library_ty": null, "symbol_origin": "none" }, "geometry": { "type": "Polygon", "coordinates": [ [ [ 23.587896, 40.761792 ], [ 23.58809, 40.761749 ], [ 23.588054, 40.761655 ], [ 23.58786, 40.761698 ], [ 23.587896, 40.761792 ] ] ] } },
{ "type": "Feature", "properties": { "culture_type": "Culture", "culture_subtype": "Religious heritage", "culture_source": "culture_polygons", "path": "D:\\30.10\\datagis\\religion 2100.shp", "name": null, "name_el": null, "name_en": null, "amenity": "place_of_worship", "tourism": null, "historic": null, "religion": "christian", "museum": null, "theatre_ty": null, "library_ty": null, "symbol_origin": "none" }, "geometry": { "type": "Polygon", "coordinates": [ [ [ 23.476129, 40.76848 ], [ 23.476154, 40.768443 ], [ 23.476064, 40.76842 ], [ 23.476044, 40.768456 ], [ 23.476129, 40.76848 ] ] ] } },
{ "type": "Feature", "properties": { "culture_type": "Culture", "culture_subtype": "Religious heritage", "culture_source": "culture_polygons", "path": "D:\\30.10\\datagis\\religion 2100.shp", "name": null, "name_el": null, "name_en": null, "amenity": "place_of_worship", "tourism": null, "historic": null, "religion": "christian", "museum": null, "theatre_ty": null, "library_ty": null, "symbol_origin": "none" }, "geometry": { "type": "Polygon", "coordinates": [ [ [ 23.222514, 40.774473 ], [ 23.222767, 40.774486 ], [ 23.222777, 40.774379 ], [ 23.222523, 40.774366 ], [ 23.222514, 40.774473 ] ] ] } },
{ "type": "Feature", "properties": { "culture_type": "Culture", "culture_subtype": "Religious heritage", "culture_source": "culture_polygons", "path": "D:\\30.10\\datagis\\religion 2100.shp", "name": "Ευαγγελική Εκκλησία", "name_el": null, "name_en": null, "amenity": "place_of_worship", "tourism": null, "historic": null, "religion": "christian", "museum": null, "theatre_ty": null, "library_ty": null, "symbol_origin": "none" }, "geometry": { "type": "Polygon", "coordinates": [ [ [ 23.06276, 40.748297 ], [ 23.062667, 40.748136 ], [ 23.062551, 40.748175 ], [ 23.062643, 40.748336 ], [ 23.06276, 40.748297 ] ] ] } },
{ "type": "Feature", "properties": { "culture_type": "Culture", "culture_subtype": "Religious heritage", "culture_source": "culture_polygons", "path": "D:\\30.10\\datagis\\religion 2100.shp", "name": "Ιερός Ναός Κοιμήσεως της Θεοτόκου", "name_el": "Ιερός Ναός Κοιμήσεως της Θεοτόκου", "name_en": null, "amenity": "place_of_worship", "tourism": null, "historic": null, "religion": "christian", "museum": null, "theatre_ty": null, "library_ty": null, "symbol_origin": "none" }, "geometry": { "type": "Polygon", "coordinates": [ [ [ 23.067394, 40.749624 ], [ 23.067439, 40.74965 ], [ 23.06748, 40.749674 ], [ 23.067506, 40.749689 ], [ 23.067526, 40.749669 ], [ 23.067669, 40.749527 ], [ 23.067629, 40.749503 ], [ 23.067636, 40.749496 ], [ 23.067639, 40.749486 ], [ 23.067639, 40.749476 ], [ 23.067634, 40.749468 ], [ 23.067626, 40.749461 ], [ 23.067615, 40.749456 ], [ 23.067603, 40.749454 ], [ 23.067591, 40.749455 ], [ 23.06758, 40.749459 ], [ 23.067573, 40.749463 ], [ 23.067567, 40.749469 ], [ 23.067531, 40.749447 ], [ 23.067389, 40.749588 ], [ 23.067368, 40.749609 ], [ 23.067394, 40.749624 ] ] ] } },
{ "type": "Feature", "properties": { "culture_type": "Culture", "culture_subtype": "Religious heritage", "culture_source": "culture_polygons", "path": "D:\\30.10\\datagis\\religion 2100.shp", "name": "Ι.Ν. Αγίας Παρασκευής", "name_el": "Ι.Ν. Αγίας Παρασκευής", "name_en": "Aghia Paraskevi", "amenity": "place_of_worship", "tourism": null, "historic": null, "religion": "christian", "museum": null, "theatre_ty": null, "library_ty": null, "symbol_origin": "none" }, "geometry": { "type": "Polygon", "coordinates": [ [ [ 23.06335, 40.752287 ], [ 23.063437, 40.752291 ], [ 23.063436, 40.752304 ], [ 23.063524, 40.752308 ], [ 23.063526, 40.752295 ], [ 23.063609, 40.752299 ], [ 23.063611, 40.752276 ], [ 23.063612, 40.752265 ], [ 23.063622, 40.752263 ], [ 23.063631, 40.75226 ], [ 23.06364, 40.752255 ], [ 23.063647, 40.752249 ], [ 23.063652, 40.752241 ], [ 23.063655, 40.752234 ], [ 23.063655, 40.752223 ], [ 23.063651, 40.752213 ], [ 23.063646, 40.752207 ], [ 23.06364, 40.752201 ], [ 23.06363, 40.752196 ], [ 23.063619, 40.752192 ], [ 23.063619, 40.752176 ], [ 23.063621, 40.75216 ], [ 23.063538, 40.752156 ], [ 23.063538, 40.752142 ], [ 23.063449, 40.752138 ], [ 23.063448, 40.752152 ], [ 23.063319, 40.752146 ], [ 23.063317, 40.752169 ], [ 23.063286, 40.752168 ], [ 23.063283, 40.752197 ], [ 23.063282, 40.752211 ], [ 23.063281, 40.752226 ], [ 23.063279, 40.752254 ], [ 23.06331, 40.752255 ], [ 23.063309, 40.752262 ], [ 23.063307, 40.752285 ], [ 23.06335, 40.752287 ] ] ] } },
{ "type": "Feature", "properties": { "culture_type": "Culture", "culture_subtype": "Religious heritage", "culture_source": "culture_polygons", "path": "D:\\30.10\\datagis\\religion 2100.shp", "name": "Άγιος Ευγένιος Τραπεζούντος", "name_el": null, "name_en": null, "amenity": "place_of_worship", "tourism": null, "historic": null, "religion": "christian", "museum": null, "theatre_ty": null, "library_ty": null, "symbol_origin": "none" }, "geometry": { "type": "Polygon", "coordinates": [ [ [ 23.131421, 40.754271 ], [ 23.131561, 40.754258 ], [ 23.131551, 40.754189 ], [ 23.131414, 40.754202 ], [ 23.131421, 40.754271 ] ] ] } },
{ "type": "Feature", "properties": { "culture_type": "Culture", "culture_subtype": "Religious heritage", "culture_source": "culture_polygons", "path": "D:\\30.10\\datagis\\religion 2100.shp", "name": "Ναός Μεταμορφώσεως του Σωτήρος", "name_el": "Ναός Μεταμορφώσεως του Σωτήρος", "name_en": null, "amenity": "place_of_worship", "tourism": null, "historic": null, "religion": "christian", "museum": null, "theatre_ty": null, "library_ty": null, "symbol_origin": "none" }, "geometry": { "type": "Polygon", "coordinates": [ [ [ 23.071164, 40.754564 ], [ 23.071099, 40.754571 ], [ 23.071067, 40.754574 ], [ 23.07108, 40.754645 ], [ 23.071112, 40.754642 ], [ 23.071177, 40.754635 ], [ 23.071195, 40.754634 ], [ 23.071192, 40.754615 ], [ 23.071194, 40.754615 ], [ 23.071201, 40.754611 ], [ 23.071206, 40.754604 ], [ 23.071208, 40.754598 ], [ 23.071207, 40.754592 ], [ 23.071203, 40.754586 ], [ 23.071197, 40.754581 ], [ 23.07119, 40.754578 ], [ 23.071185, 40.754577 ], [ 23.071182, 40.754562 ], [ 23.071164, 40.754564 ] ] ] } },
{ "type": "Feature", "properties": { "culture_type": "Culture", "culture_subtype": "Museum", "culture_source": "culture_polygons", "path": "D:\\30.10\\datagis\\museum2100.shp", "name": "Λαογραφικό Μουσείο Κολχικού", "name_el": null, "name_en": null, "amenity": null, "tourism": "museum", "historic": null, "religion": null, "museum": null, "theatre_ty": null, "library_ty": null, "symbol_origin": "none" }, "geometry": { "type": "Polygon", "coordinates": [ [ [ 23.13554, 40.756905 ], [ 23.135509, 40.75703 ], [ 23.135631, 40.757047 ], [ 23.135662, 40.756922 ], [ 23.13554, 40.756905 ] ] ] } },
{ "type": "Feature", "properties": { "culture_type": "Culture", "culture_subtype": "Religious heritage", "culture_source": "culture_polygons", "path": "D:\\30.10\\datagis\\religion 2100.shp", "name": "Αγίας Παρασκευής", "name_el": null, "name_en": null, "amenity": "place_of_worship", "tourism": null, "historic": null, "religion": "christian", "museum": null, "theatre_ty": null, "library_ty": null, "symbol_origin": "none" }, "geometry": { "type": "Polygon", "coordinates": [ [ [ 23.134632, 40.758287 ], [ 23.134986, 40.758182 ], [ 23.134922, 40.758033 ], [ 23.134561, 40.758135 ], [ 23.134632, 40.758287 ] ] ] } },
{ "type": "Feature", "properties": { "culture_type": "Culture", "culture_subtype": "Religious heritage", "culture_source": "culture_polygons", "path": "D:\\30.10\\datagis\\religion 2100.shp", "name": "Μεταμορφώσεως Σωτήρος", "name_el": null, "name_en": null, "amenity": "place_of_worship", "tourism": null, "historic": null, "religion": "christian", "museum": null, "theatre_ty": null, "library_ty": null, "symbol_origin": "none" }, "geometry": { "type": "Polygon", "coordinates": [ [ [ 23.13568, 40.758779 ], [ 23.135988, 40.758665 ], [ 23.135908, 40.758537 ], [ 23.135594, 40.758656 ], [ 23.13568, 40.758779 ] ] ] } },
{ "type": "Feature", "properties": { "culture_type": "Culture", "culture_subtype": "Religious heritage", "culture_source": "culture_polygons", "path": "D:\\30.10\\datagis\\religion 2100.shp", "name": "Άγιος Γεώργιος", "name_el": null, "name_en": null, "amenity": "place_of_worship", "tourism": null, "historic": null, "religion": "christian", "museum": null, "theatre_ty": null, "library_ty": null, "symbol_origin": "none" }, "geometry": { "type": "Polygon", "coordinates": [ [ [ 23.138764, 40.761628 ], [ 23.139011, 40.76164 ], [ 23.139017, 40.76149 ], [ 23.13877, 40.761486 ], [ 23.138764, 40.761628 ] ] ] } },
{ "type": "Feature", "properties": { "culture_type": "Culture", "culture_subtype": "Religious heritage", "culture_source": "culture_polygons", "path": "D:\\30.10\\datagis\\religion 2100.shp", "name": "Ναός Αγίου Δημητρίου", "name_el": null, "name_en": null, "amenity": "place_of_worship", "tourism": null, "historic": null, "religion": "christian", "museum": null, "theatre_ty": null, "library_ty": null, "symbol_origin": "none" }, "geometry": { "type": "Polygon", "coordinates": [ [ [ 23.081044, 40.765652 ], [ 23.081171, 40.765643 ], [ 23.081333, 40.765632 ], [ 23.081316, 40.76549 ], [ 23.081027, 40.76551 ], [ 23.081044, 40.765652 ] ] ] } },
{ "type": "Feature", "properties": { "culture_type": "Culture", "culture_subtype": "Religious heritage", "culture_source": "culture_polygons", "path": "D:\\30.10\\datagis\\religion 2100.shp", "name": null, "name_el": null, "name_en": null, "amenity": "place_of_worship", "tourism": null, "historic": null, "religion": "christian", "museum": null, "theatre_ty": null, "library_ty": null, "symbol_origin": "none" }, "geometry": { "type": "Polygon", "coordinates": [ [ [ 23.467538, 40.804292 ], [ 23.467794, 40.804292 ], [ 23.467802, 40.804125 ], [ 23.467542, 40.804122 ], [ 23.467538, 40.804292 ] ] ] } },
{ "type": "Feature", "properties": { "culture_type": "Culture", "culture_subtype": "Religious heritage", "culture_source": "culture_polygons", "path": "D:\\30.10\\datagis\\religion 2100.shp", "name": null, "name_el": null, "name_en": null, "amenity": "place_of_worship", "tourism": null, "historic": null, "religion": "christian", "museum": null, "theatre_ty": null, "library_ty": null, "symbol_origin": "none" }, "geometry": { "type": "Polygon", "coordinates": [ [ [ 23.367102, 40.808189 ], [ 23.367208, 40.808185 ], [ 23.367205, 40.808143 ], [ 23.367104, 40.808144 ], [ 23.367102, 40.808189 ] ] ] } },
{ "type": "Feature", "properties": { "culture_type": "Culture", "culture_subtype": "Religious heritage", "culture_source": "culture_polygons", "path": "D:\\30.10\\datagis\\religion 2100.shp", "name": null, "name_el": null, "name_en": null, "amenity": "place_of_worship", "tourism": null, "historic": null, "religion": "christian", "museum": null, "theatre_ty": null, "library_ty": null, "symbol_origin": "none" }, "geometry": { "type": "Polygon", "coordinates": [ [ [ 23.519564, 40.809286 ], [ 23.519503, 40.809267 ], [ 23.519471, 40.809332 ], [ 23.519502, 40.809337 ], [ 23.519501, 40.809372 ], [ 23.519771, 40.809375 ], [ 23.51978, 40.809258 ], [ 23.519602, 40.809259 ], [ 23.519564, 40.809286 ] ] ] } },
{ "type": "Feature", "properties": { "culture_type": "Culture", "culture_subtype": "Theatre", "culture_source": "culture_polygons", "path": "D:\\30.10\\datagis\\theatre2100.shp", "name": null, "name_el": null, "name_en": null, "amenity": "theatre", "tourism": null, "historic": null, "religion": null, "museum": null, "theatre_ty": "amphi", "library_ty": null, "symbol_origin": "none" }, "geometry": { "type": "Polygon", "coordinates": [ [ [ 23.360434, 40.816997 ], [ 23.360466, 40.817042 ], [ 23.360524, 40.817062 ], [ 23.360606, 40.817074 ], [ 23.360669, 40.817059 ], [ 23.360728, 40.817028 ], [ 23.360753, 40.816995 ], [ 23.360767, 40.816953 ], [ 23.360774, 40.816926 ], [ 23.360417, 40.816945 ], [ 23.360434, 40.816997 ] ] ] } },
{ "type": "Feature", "properties": { "culture_type": "Culture", "culture_subtype": "Religious heritage", "culture_source": "culture_polygons", "path": "D:\\30.10\\datagis\\religion 2100.shp", "name": "Άγιος Γεώργιος", "name_el": null, "name_en": null, "amenity": "place_of_worship", "tourism": null, "historic": null, "religion": "christian", "museum": null, "theatre_ty": null, "library_ty": null, "symbol_origin": "none" }, "geometry": { "type": "Polygon", "coordinates": [ [ [ 23.355771, 40.818534 ], [ 23.355766, 40.818402 ], [ 23.355477, 40.818409 ], [ 23.35543, 40.81841 ], [ 23.355436, 40.818542 ], [ 23.355771, 40.818534 ] ] ] } },
{ "type": "Feature", "properties": { "culture_type": "Culture", "culture_subtype": "Religious heritage", "culture_source": "culture_polygons", "path": "D:\\30.10\\datagis\\religion 2100.shp", "name": "12 Αποστόλων", "name_el": null, "name_en": null, "amenity": "place_of_worship", "tourism": null, "historic": null, "religion": "christian", "museum": null, "theatre_ty": null, "library_ty": null, "symbol_origin": "none" }, "geometry": { "type": "Polygon", "coordinates": [ [ [ 23.363441, 40.821 ], [ 23.363628, 40.821025 ], [ 23.363644, 40.820957 ], [ 23.363457, 40.820931 ], [ 23.363441, 40.821 ] ] ] } },
{ "type": "Feature", "properties": { "culture_type": "Culture", "culture_subtype": "Religious heritage", "culture_source": "culture_polygons", "path": "D:\\30.10\\datagis\\religion 2100.shp", "name": "Ξωκλήσι Προφήτης Ηλίας", "name_el": null, "name_en": null, "amenity": "place_of_worship", "tourism": null, "historic": null, "religion": "christian", "museum": null, "theatre_ty": null, "library_ty": null, "symbol_origin": "none" }, "geometry": { "type": "Polygon", "coordinates": [ [ [ 23.343547, 40.824751 ], [ 23.34354, 40.824702 ], [ 23.343428, 40.824711 ], [ 23.343435, 40.824759 ], [ 23.343547, 40.824751 ] ] ] } },
{ "type": "Feature", "properties": { "culture_type": "Culture", "culture_subtype": "Religious heritage", "culture_source": "culture_polygons", "path": "D:\\30.10\\datagis\\religion 2100.shp", "name": null, "name_el": null, "name_en": null, "amenity": "place_of_worship", "tourism": null, "historic": null, "religion": "christian", "museum": null, "theatre_ty": null, "library_ty": null, "symbol_origin": "none" }, "geometry": { "type": "Polygon", "coordinates": [ [ [ 23.356359, 40.826342 ], [ 23.356467, 40.826332 ], [ 23.356459, 40.826276 ], [ 23.356355, 40.82629 ], [ 23.356359, 40.826342 ] ] ] } },
{ "type": "Feature", "properties": { "culture_type": "Culture", "culture_subtype": "Theatre", "culture_source": "culture_polygons", "path": "D:\\30.10\\datagis\\theatre2100.shp", "name": "Θέατρο Γιάννης Γλαβίνας", "name_el": "Θέατρο Γιάννης Γλαβίνας", "name_en": null, "amenity": "theatre", "tourism": null, "historic": null, "religion": null, "museum": null, "theatre_ty": null, "library_ty": null, "symbol_origin": "none" }, "geometry": { "type": "Polygon", "coordinates": [ [ [ 23.350001, 40.830434 ], [ 23.349912, 40.830477 ], [ 23.349954, 40.830511 ], [ 23.350007, 40.830533 ], [ 23.350068, 40.830541 ], [ 23.350128, 40.830535 ], [ 23.350183, 40.830514 ], [ 23.350227, 40.830482 ], [ 23.350255, 40.83044 ], [ 23.350264, 40.830395 ], [ 23.350255, 40.830349 ], [ 23.350243, 40.830332 ], [ 23.350155, 40.830375 ], [ 23.350122, 40.830333 ], [ 23.349971, 40.830393 ], [ 23.350001, 40.830434 ] ] ] } },
{ "type": "Feature", "properties": { "culture_type": "Culture", "culture_subtype": "Religious heritage", "culture_source": "culture_polygons", "path": "D:\\30.10\\datagis\\religion 2100.shp", "name": null, "name_el": null, "name_en": null, "amenity": "place_of_worship", "tourism": null, "historic": null, "religion": "christian", "museum": null, "theatre_ty": null, "library_ty": null, "symbol_origin": "none" }, "geometry": { "type": "Polygon", "coordinates": [ [ [ 23.337712, 40.83061 ], [ 23.33757, 40.830465 ], [ 23.337475, 40.830519 ], [ 23.337618, 40.830663 ], [ 23.337712, 40.83061 ] ] ] } },
{ "type": "Feature", "properties": { "culture_type": "Culture", "culture_subtype": "Religious heritage", "culture_source": "culture_polygons", "path": "D:\\30.10\\datagis\\religion 2100.shp", "name": null, "name_el": null, "name_en": null, "amenity": "place_of_worship", "tourism": null, "historic": null, "religion": "christian", "museum": null, "theatre_ty": null, "library_ty": null, "symbol_origin": "none" }, "geometry": { "type": "Polygon", "coordinates": [ [ [ 23.16205, 40.811635 ], [ 23.161832, 40.811671 ], [ 23.161853, 40.811741 ], [ 23.16207, 40.811705 ], [ 23.16205, 40.811635 ] ] ] } },
{ "type": "Feature", "properties": { "culture_type": "Culture", "culture_subtype": "Religious heritage", "culture_source": "culture_polygons", "path": "D:\\30.10\\datagis\\religion 2100.shp", "name": "Ναός Αγίου Δημητρίου", "name_el": null, "name_en": null, "amenity": "place_of_worship", "tourism": null, "historic": null, "religion": "christian", "museum": null, "theatre_ty": null, "library_ty": null, "symbol_origin": "none" }, "geometry": { "type": "Polygon", "coordinates": [ [ [ 23.11719, 40.818542 ], [ 23.117468, 40.818427 ], [ 23.117377, 40.8183 ], [ 23.117298, 40.818333 ], [ 23.117184, 40.81838 ], [ 23.117099, 40.818416 ], [ 23.11719, 40.818542 ] ] ] } },
{ "type": "Feature", "properties": { "culture_type": "Culture", "culture_subtype": "Religious heritage", "culture_source": "culture_polygons", "path": "D:\\30.10\\datagis\\religion 2100.shp", "name": "Ναός Αγίων Κωνσταντίνου και Ελένης", "name_el": null, "name_en": null, "amenity": "place_of_worship", "tourism": null, "historic": null, "religion": "christian", "museum": null, "theatre_ty": null, "library_ty": null, "symbol_origin": "none" }, "geometry": { "type": "Polygon", "coordinates": [ [ [ 23.031647, 40.820729 ], [ 23.031567, 40.820868 ], [ 23.031874, 40.820969 ], [ 23.031898, 40.820927 ], [ 23.031912, 40.82093 ], [ 23.031927, 40.820929 ], [ 23.031935, 40.820926 ], [ 23.031942, 40.820923 ], [ 23.03195, 40.820916 ], [ 23.031956, 40.820907 ], [ 23.031957, 40.820898 ], [ 23.031957, 40.820892 ], [ 23.031955, 40.820887 ], [ 23.03195, 40.82088 ], [ 23.031944, 40.820874 ], [ 23.031936, 40.82087 ], [ 23.031958, 40.820831 ], [ 23.031647, 40.820729 ] ] ] } },
{ "type": "Feature", "properties": { "culture_type": "Culture", "culture_subtype": "Religious heritage", "culture_source": "culture_polygons", "path": "D:\\30.10\\datagis\\religion 2100.shp", "name": "Προφήτης Ηλίας", "name_el": "Προφήτης Ηλίας", "name_en": "Church of Prophet Elias", "amenity": "place_of_worship", "tourism": null, "historic": null, "religion": "christian", "museum": null, "theatre_ty": null, "library_ty": null, "symbol_origin": "none" }, "geometry": { "type": "Polygon", "coordinates": [ [ [ 23.034384, 40.822078 ], [ 23.034701, 40.822084 ], [ 23.034707, 40.821938 ], [ 23.034612, 40.821936 ], [ 23.034612, 40.821916 ], [ 23.03439, 40.821911 ], [ 23.034384, 40.822078 ] ] ] } },
{ "type": "Feature", "properties": { "culture_type": "Culture", "culture_subtype": "Religious heritage", "culture_source": "culture_polygons", "path": "D:\\30.10\\datagis\\religion 2100.shp", "name": null, "name_el": null, "name_en": null, "amenity": "place_of_worship", "tourism": null, "historic": null, "religion": "christian", "museum": null, "theatre_ty": null, "library_ty": null, "symbol_origin": "none" }, "geometry": { "type": "Polygon", "coordinates": [ [ [ 23.109265, 40.854148 ], [ 23.109235, 40.854151 ], [ 23.109241, 40.854184 ], [ 23.109246, 40.854217 ], [ 23.109404, 40.854202 ], [ 23.109393, 40.854136 ], [ 23.109265, 40.854148 ] ] ] } },
{ "type": "Feature", "properties": { "culture_type": "Culture", "culture_subtype": "Religious heritage", "culture_source": "culture_polygons", "path": "D:\\30.10\\datagis\\religion 2100.shp", "name": "Άγιος Δημήτριος", "name_el": "Ι.Ν. Αγίου Δημητρίου", "name_en": "Aghios Demitrios", "amenity": "place_of_worship", "tourism": null, "historic": null, "religion": "christian", "museum": null, "theatre_ty": null, "library_ty": null, "symbol_origin": "none" }, "geometry": { "type": "Polygon", "coordinates": [ [ [ 23.102982, 40.886508 ], [ 23.103224, 40.886543 ], [ 23.103248, 40.886448 ], [ 23.103275, 40.886452 ], [ 23.103295, 40.886378 ], [ 23.103026, 40.886338 ], [ 23.102982, 40.886508 ] ] ] } },
{ "type": "Feature", "properties": { "culture_type": "Culture", "culture_subtype": "Religious heritage", "culture_source": "culture_polygons", "path": "D:\\30.10\\datagis\\religion 2100.shp", "name": "Άγιος Γεώργιος", "name_el": null, "name_en": null, "amenity": "place_of_worship", "tourism": null, "historic": null, "religion": "christian", "museum": null, "theatre_ty": null, "library_ty": null, "symbol_origin": "none" }, "geometry": { "type": "Polygon", "coordinates": [ [ [ 23.083247, 40.908978 ], [ 23.083238, 40.909109 ], [ 23.083508, 40.90912 ], [ 23.083517, 40.908989 ], [ 23.083247, 40.908978 ] ] ] } },
{ "type": "Feature", "properties": { "culture_type": "Culture", "culture_subtype": "Religious heritage", "culture_source": "culture_polygons", "path": "D:\\30.10\\datagis\\religion 2100.shp", "name": "Ι.Ν. Αγίου Κωνσταντίνου και Ελένης", "name_el": null, "name_en": null, "amenity": "place_of_worship", "tourism": null, "historic": null, "religion": "christian", "museum": null, "theatre_ty": null, "library_ty": null, "symbol_origin": "none" }, "geometry": { "type": "Polygon", "coordinates": [ [ [ 23.045375, 40.916648 ], [ 23.04537, 40.916541 ], [ 23.045172, 40.916546 ], [ 23.045176, 40.916653 ], [ 23.045375, 40.916648 ] ] ] } },
{ "type": "Feature", "properties": { "culture_type": "Culture", "culture_subtype": "Religious heritage", "culture_source": "culture_polygons", "path": "D:\\30.10\\datagis\\religion 2100.shp", "name": "Άγιος Γεώργιος", "name_el": null, "name_en": null, "amenity": "place_of_worship", "tourism": null, "historic": null, "religion": "christian", "museum": null, "theatre_ty": null, "library_ty": null, "symbol_origin": "none" }, "geometry": { "type": "Polygon", "coordinates": [ [ [ 23.074532, 40.923951 ], [ 23.07454, 40.923894 ], [ 23.074452, 40.923887 ], [ 23.074444, 40.923944 ], [ 23.074532, 40.923951 ] ] ] } },
{ "type": "Feature", "properties": { "culture_type": "Culture", "culture_subtype": "Religious heritage", "culture_source": "culture_polygons", "path": "D:\\30.10\\datagis\\religion 2100.shp", "name": "Άγιος Αθανάσιος", "name_el": null, "name_en": null, "amenity": "place_of_worship", "tourism": null, "historic": null, "religion": "christian", "museum": null, "theatre_ty": null, "library_ty": null, "symbol_origin": "none" }, "geometry": { "type": "Polygon", "coordinates": [ [ [ 23.068747, 40.926759 ], [ 23.068947, 40.92669 ], [ 23.068877, 40.926575 ], [ 23.068677, 40.926644 ], [ 23.068747, 40.926759 ] ] ] } },
{ "type": "Feature", "properties": { "culture_type": "Culture", "culture_subtype": "Religious heritage", "culture_source": "culture_polygons", "path": "D:\\30.10\\datagis\\religion 2100.shp", "name": "Ιερός Ναός Αγίας Κυράννας", "name_el": "Ιερός Ναός Αγίας Κυράννας", "name_en": "Saint Kyranna church", "amenity": "place_of_worship", "tourism": null, "historic": null, "religion": "christian", "museum": null, "theatre_ty": null, "library_ty": null, "symbol_origin": "none" }, "geometry": { "type": "Polygon", "coordinates": [ [ [ 23.205103, 40.836477 ], [ 23.205086, 40.836352 ], [ 23.204725, 40.836379 ], [ 23.204743, 40.836518 ], [ 23.204951, 40.836502 ], [ 23.204949, 40.836488 ], [ 23.205103, 40.836477 ] ] ] } },
{ "type": "Feature", "properties": { "culture_type": "Culture", "culture_subtype": "Religious heritage", "culture_source": "culture_polygons", "path": "D:\\30.10\\datagis\\religion 2100.shp", "name": "Ιερός Ναός Παμμεγίστων Ταξιαρχών", "name_el": "Ιερός Ναός Παμμεγίστων Ταξιαρχών", "name_en": "Church of Pammegiston Taxiarchon", "amenity": "place_of_worship", "tourism": null, "historic": null, "religion": "christian", "museum": null, "theatre_ty": null, "library_ty": null, "symbol_origin": "none" }, "geometry": { "type": "Polygon", "coordinates": [ [ [ 23.208608, 40.837988 ], [ 23.208607, 40.83782 ], [ 23.208308, 40.837822 ], [ 23.20831, 40.837989 ], [ 23.208608, 40.837988 ] ] ] } },
{ "type": "Feature", "properties": { "culture_type": "Culture", "culture_subtype": "Religious heritage", "culture_source": "culture_polygons", "path": "D:\\30.10\\datagis\\religion 2100.shp", "name": "Ι.Ν. Αγίου Αθανασίου", "name_el": null, "name_en": null, "amenity": "place_of_worship", "tourism": null, "historic": null, "religion": "christian", "museum": null, "theatre_ty": null, "library_ty": null, "symbol_origin": "none" }, "geometry": { "type": "Polygon", "coordinates": [ [ [ 23.171545, 40.838584 ], [ 23.171698, 40.838611 ], [ 23.171718, 40.838547 ], [ 23.171565, 40.838519 ], [ 23.171545, 40.838584 ] ] ] } },
{ "type": "Feature", "properties": { "culture_type": "Culture", "culture_subtype": "Religious heritage", "culture_source": "culture_polygons", "path": "D:\\30.10\\datagis\\religion 2100.shp", "name": "Ξωκλήσι Αγίου Γεωργίου", "name_el": null, "name_en": null, "amenity": "place_of_worship", "tourism": null, "historic": null, "religion": "christian", "museum": null, "theatre_ty": null, "library_ty": null, "symbol_origin": "none" }, "geometry": { "type": "Polygon", "coordinates": [ [ [ 23.226492, 40.87319 ], [ 23.226442, 40.873118 ], [ 23.226382, 40.873143 ], [ 23.226431, 40.873213 ], [ 23.226492, 40.87319 ] ] ] } },
{ "type": "Feature", "properties": { "culture_type": "Culture", "culture_subtype": "Religious heritage", "culture_source": "culture_polygons", "path": "D:\\30.10\\datagis\\religion 2100.shp", "name": "Άγιος Γεώργιος", "name_el": "Ι.Ν. Αγίου Γεωργίου", "name_en": null, "amenity": "place_of_worship", "tourism": null, "historic": null, "religion": "christian", "museum": null, "theatre_ty": null, "library_ty": null, "symbol_origin": "none" }, "geometry": { "type": "Polygon", "coordinates": [ [ [ 23.229996, 40.883978 ], [ 23.230039, 40.883829 ], [ 23.229774, 40.883792 ], [ 23.229734, 40.883934 ], [ 23.229996, 40.883978 ] ] ] } },
{ "type": "Feature", "properties": { "culture_type": "Culture", "culture_subtype": "Religious heritage", "culture_source": "culture_polygons", "path": "D:\\30.10\\datagis\\religion 2100.shp", "name": "Ξωκλήσι Κοίμησης Θεοτόκου", "name_el": null, "name_en": null, "amenity": "place_of_worship", "tourism": null, "historic": null, "religion": "christian", "museum": null, "theatre_ty": null, "library_ty": null, "symbol_origin": "none" }, "geometry": { "type": "Polygon", "coordinates": [ [ [ 23.220211, 40.885791 ], [ 23.220235, 40.885703 ], [ 23.22012, 40.88569 ], [ 23.220097, 40.885779 ], [ 23.220211, 40.885791 ] ] ] } },
{ "type": "Feature", "properties": { "culture_type": "Culture", "culture_subtype": "Religious heritage", "culture_source": "culture_polygons", "path": "D:\\30.10\\datagis\\religion 2100.shp", "name": "Προφήτης Ηλίας", "name_el": "Προφήτης Ηλίας", "name_en": null, "amenity": "place_of_worship", "tourism": null, "historic": null, "religion": "christian", "museum": null, "theatre_ty": null, "library_ty": null, "symbol_origin": "none" }, "geometry": { "type": "Polygon", "coordinates": [ [ [ 23.181131, 40.887596 ], [ 23.181402, 40.88755 ], [ 23.181362, 40.887413 ], [ 23.18109, 40.887459 ], [ 23.181131, 40.887596 ] ] ] } },
{ "type": "Feature", "properties": { "culture_type": "Culture", "culture_subtype": "Religious heritage", "culture_source": "culture_polygons", "path": "D:\\30.10\\datagis\\religion 2100.shp", "name": "Άγιος Αθανάσιος", "name_el": "Άγιος Αθανάσιος", "name_en": "Saint Athanasius", "amenity": "place_of_worship", "tourism": null, "historic": null, "religion": "christian", "museum": null, "theatre_ty": null, "library_ty": null, "symbol_origin": "none" }, "geometry": { "type": "Polygon", "coordinates": [ [ [ 23.258779, 40.889544 ], [ 23.258769, 40.889457 ], [ 23.258559, 40.889472 ], [ 23.258569, 40.889559 ], [ 23.258779, 40.889544 ] ] ] } },
{ "type": "Feature", "properties": { "culture_type": "Culture", "culture_subtype": "Religious heritage", "culture_source": "culture_polygons", "path": "D:\\30.10\\datagis\\religion 2100.shp", "name": "Άγιος Γεώργιος", "name_el": "Άγιος Γεώργιος", "name_en": null, "amenity": "place_of_worship", "tourism": null, "historic": null, "religion": "christian", "museum": null, "theatre_ty": null, "library_ty": null, "symbol_origin": "none" }, "geometry": { "type": "Polygon", "coordinates": [ [ [ 23.178977, 40.928275 ], [ 23.179096, 40.928163 ], [ 23.178883, 40.928033 ], [ 23.178901, 40.928016 ], [ 23.178858, 40.92799 ], [ 23.178721, 40.92812 ], [ 23.178977, 40.928275 ] ] ] } },
{ "type": "Feature", "properties": { "culture_type": "Culture", "culture_subtype": "Religious heritage", "culture_source": "culture_polygons", "path": "D:\\30.10\\datagis\\religion 2100.shp", "name": "Ναός Αγίου Γεωργίου", "name_el": "Ναός Αγίου Γεωργίου", "name_en": "Agios Georgios church", "amenity": "place_of_worship", "tourism": null, "historic": "church", "religion": "christian", "museum": null, "theatre_ty": null, "library_ty": null, "symbol_origin": "none" }, "geometry": { "type": "Polygon", "coordinates": [ [ [ 23.172025, 40.928532 ], [ 23.172046, 40.928388 ], [ 23.171761, 40.928364 ], [ 23.17174, 40.928508 ], [ 23.172025, 40.928532 ] ] ] } }
]
}
