{
"type": "FeatureCollection",
"name": "education_symbols",
"crs": { "type": "name", "properties": { "name": "urn:ogc:def:crs:OGC:1.3:CRS84" } },
"xy_coordinate_resolution": 1e-06,
"features": [
{ "type": "Feature", "properties": { "education_source": "education_8", "education_type": "School", "name": null, "name_el": null, "operator": null, "amenity": "school", "education": null, "office": null }, "geometry": { "type": "Point", "coordinates": [ 23.007763, 40.413582 ] } },
{ "type": "Feature", "properties": { "education_source": "education_8", "education_type": "School", "name": "3ο Γυμνάσιο Μίκρας (Καρδία)", "name_el": null, "operator": null, "amenity": "school", "education": null, "office": null }, "geometry": { "type": "Point", "coordinates": [ 22.992495, 40.465364 ] } },
{ "type": "Feature", "properties": { "education_source": "education_8", "education_type": "School", "name": "2ο Δημοτικό Σχολείο Καρδίας", "name_el": null, "operator": null, "amenity": "school", "education": null, "office": null }, "geometry": { "type": "Point", "coordinates": [ 22.994399, 40.466489 ] } },
{ "type": "Feature", "properties": { "education_source": "education_8", "education_type": "School", "name": "1ο Δημοτικό Σχολείο Καρδίας", "name_el": null, "operator": null, "amenity": "school", "education": null, "office": null }, "geometry": { "type": "Point", "coordinates": [ 22.994437, 40.468996 ] } },
{ "type": "Feature", "properties": { "education_source": "education_8", "education_type": "School", "name": "Δημοτικό Σχολείο Ταγαράδων", "name_el": null, "operator": null, "amenity": "school", "education": null, "office": null }, "geometry": { "type": "Point", "coordinates": [ 23.020629, 40.48683 ] } },
{ "type": "Feature", "properties": { "education_source": "education_8", "education_type": "School", "name": "Δημοτικό Σχολείο Νέου Ρυσίου", "name_el": "Δημοτικό Σχολείο Νέου Ρυσίου", "operator": null, "amenity": "school", "education": null, "office": null }, "geometry": { "type": "Point", "coordinates": [ 22.989399, 40.492932 ] } },
{ "type": "Feature", "properties": { "education_source": "education_9", "education_type": "School", "name": "2ο Γυμνάσιο Θέρμης", "name_el": null, "operator": null, "amenity": "school", "education": null, "office": null }, "geometry": { "type": "Point", "coordinates": [ 22.989988, 40.512282 ] } },
{ "type": "Feature", "properties": { "education_source": "education_8", "education_type": "School", "name": "ΙΕΚ Θέρμης", "name_el": null, "operator": null, "amenity": "school", "education": null, "office": null }, "geometry": { "type": "Point", "coordinates": [ 22.995163, 40.523381 ] } },
{ "type": "Feature", "properties": { "education_source": "education_8", "education_type": "School", "name": "2ο Λύκειο Μίκρας", "name_el": null, "operator": null, "amenity": "school", "education": null, "office": null }, "geometry": { "type": "Point", "coordinates": [ 22.99526, 40.523894 ] } },
{ "type": "Feature", "properties": { "education_source": "education_8", "education_type": "School", "name": "Δημοτικό Σχολείο Αγίου Αντωνίου", "name_el": null, "operator": null, "amenity": "school", "education": null, "office": null }, "geometry": { "type": "Point", "coordinates": [ 23.091582, 40.435828 ] } },
{ "type": "Feature", "properties": { "education_source": "education_8", "education_type": "School", "name": null, "name_el": null, "operator": null, "amenity": "school", "education": null, "office": null }, "geometry": { "type": "Point", "coordinates": [ 23.123233, 40.481838 ] } },
{ "type": "Feature", "properties": { "education_source": "education_8", "education_type": "School", "name": "Δημοτικό Σχολείο Αγίας Παρασκευής", "name_el": "Δημοτικό Σχολείο Αγίας Παρασκευής", "operator": null, "amenity": "school", "education": null, "office": null }, "geometry": { "type": "Point", "coordinates": [ 23.051486, 40.483956 ] } },
{ "type": "Feature", "properties": { "education_source": "education_8", "education_type": "School", "name": null, "name_el": null, "operator": null, "amenity": "school", "education": null, "office": null }, "geometry": { "type": "Point", "coordinates": [ 23.047796, 40.525744 ] } },
{ "type": "Feature", "properties": { "education_source": "education_8", "education_type": "School", "name": "3ο Δημοτικό Σχολείο", "name_el": null, "operator": null, "amenity": "school", "education": null, "office": null }, "geometry": { "type": "Point", "coordinates": [ 23.049203, 40.547485 ] } },
{ "type": "Feature", "properties": { "education_source": "education_8", "education_type": "School", "name": null, "name_el": null, "operator": null, "amenity": "school", "education": null, "office": null }, "geometry": { "type": "Point", "coordinates": [ 23.303451, 40.55227 ] } },
{ "type": "Feature", "properties": { "education_source": "education_5", "education_type": "Training institute", "name": "1ο Σύστημα Προσκόπων Θέρμης", "name_el": "1ο Σύστημα Προσκόπων Θέρμης", "operator": null, "amenity": null, "education": null, "office": "educational_institution" }, "geometry": { "type": "Point", "coordinates": [ 23.026996, 40.550357 ] } },
{ "type": "Feature", "properties": { "education_source": "education_8", "education_type": "School", "name": "Γυμνάσιο και Γενικό Λύκειο Καλλινδοίων", "name_el": null, "operator": null, "amenity": "school", "education": null, "office": null }, "geometry": { "type": "Point", "coordinates": [ 23.291475, 40.574582 ] } },
{ "type": "Feature", "properties": { "education_source": "education_8", "education_type": "School", "name": "Δημοτικό Σχολείο Ζαγκλιβερίου", "name_el": null, "operator": null, "amenity": "school", "education": null, "office": null }, "geometry": { "type": "Point", "coordinates": [ 23.29245, 40.574599 ] } },
{ "type": "Feature", "properties": { "education_source": "education_8", "education_type": "School", "name": "1ο Δημοτικό Σχολείο Πανοράματος", "name_el": null, "operator": null, "amenity": "school", "education": null, "office": null }, "geometry": { "type": "Point", "coordinates": [ 23.038407, 40.586621 ] } },
{ "type": "Feature", "properties": { "education_source": "education_8", "education_type": "School", "name": "2ο Γυμνάσιο Μίκρας (Τρίλοφος)", "name_el": null, "operator": null, "amenity": "school", "education": null, "office": null }, "geometry": { "type": "Point", "coordinates": [ 22.971794, 40.472654 ] } },
{ "type": "Feature", "properties": { "education_source": "education_8", "education_type": "School", "name": "Ελληνογαλλική Σχολή Καλαμαρί", "name_el": "Ελληνογαλλική Σχολή Καλαμαρί", "operator": null, "amenity": "school", "education": null, "office": null }, "geometry": { "type": "Point", "coordinates": [ 22.974818, 40.562184 ] } },
{ "type": "Feature", "properties": { "education_source": "education_3", "education_type": "University", "name": "Τμήμα Δασολογίας & Φυσικού Περιβάλλοντος ΑΠΘ", "name_el": "Τμήμα Δασολογίας & Φυσικού Περιβάλλοντος", "operator": "Αριστοτέλειο Πανεπιστήμιο Θεσσαλονίκης", "amenity": "university", "education": null, "office": null }, "geometry": { "type": "Point", "coordinates": [ 22.970565, 40.566865 ] } },
{ "type": "Feature", "properties": { "education_source": "education_8", "education_type": "School", "name": "10ο Γυμνάσιο Καλαμαριάς", "name_el": null, "operator": null, "amenity": "school", "education": null, "office": null }, "geometry": { "type": "Point", "coordinates": [ 22.967929, 40.56835 ] } },
{ "type": "Feature", "properties": { "education_source": "education_8", "education_type": "School", "name": "8th Primary School Kalamaria", "name_el": null, "operator": null, "amenity": "school", "education": null, "office": null }, "geometry": { "type": "Point", "coordinates": [ 22.971173, 40.570036 ] } },
{ "type": "Feature", "properties": { "education_source": "education_8", "education_type": "School", "name": "1ο Επαγγελματικό Λύκειο Καλαμαριάς", "name_el": null, "operator": null, "amenity": "school", "education": null, "office": null }, "geometry": { "type": "Point", "coordinates": [ 22.968237, 40.575042 ] } },
{ "type": "Feature", "properties": { "education_source": "education_8", "education_type": "School", "name": "Γερμανική Σχολή", "name_el": null, "operator": null, "amenity": "school", "education": null, "office": null }, "geometry": { "type": "Point", "coordinates": [ 22.986031, 40.575991 ] } },
{ "type": "Feature", "properties": { "education_source": "education_8", "education_type": "School", "name": null, "name_el": null, "operator": null, "amenity": "school", "education": null, "office": null }, "geometry": { "type": "Point", "coordinates": [ 22.986929, 40.576721 ] } },
{ "type": "Feature", "properties": { "education_source": "education_9", "education_type": "School", "name": "33ο Δημοτικό Σχολείο Θεσσαλονίκης", "name_el": null, "operator": null, "amenity": "school", "education": null, "office": null }, "geometry": { "type": "Point", "coordinates": [ 22.986625, 40.577035 ] } },
{ "type": "Feature", "properties": { "education_source": "education_8", "education_type": "School", "name": "4ο Γυμνάσιο Καλαμαριάς", "name_el": null, "operator": null, "amenity": "school", "education": null, "office": null }, "geometry": { "type": "Point", "coordinates": [ 22.967543, 40.586621 ] } },
{ "type": "Feature", "properties": { "education_source": "education_8", "education_type": "School", "name": "Pinewood American College", "name_el": null, "operator": null, "amenity": "school", "education": null, "office": null }, "geometry": { "type": "Point", "coordinates": [ 23.012466, 40.529212 ] } },
{ "type": "Feature", "properties": { "education_source": "education_3", "education_type": "University", "name": "International Hellenic University", "name_el": "Διεθνές Πανεπιστήμιο Ελλάδος", "operator": null, "amenity": "university", "education": null, "office": null }, "geometry": { "type": "Point", "coordinates": [ 23.008883, 40.536882 ] } },
{ "type": "Feature", "properties": { "education_source": "education_3", "education_type": "University", "name": "Αγρόκτημα Γεωπονίας ΑΠΘ", "name_el": null, "operator": null, "amenity": "university", "education": null, "office": null }, "geometry": { "type": "Point", "coordinates": [ 22.995372, 40.536769 ] } },
{ "type": "Feature", "properties": { "education_source": "education_3", "education_type": "University", "name": null, "name_el": null, "operator": null, "amenity": "university", "education": null, "office": null }, "geometry": { "type": "Point", "coordinates": [ 22.988018, 40.537108 ] } },
{ "type": "Feature", "properties": { "education_source": "education_3", "education_type": "University", "name": null, "name_el": null, "operator": null, "amenity": "university", "education": null, "office": null }, "geometry": { "type": "Point", "coordinates": [ 22.988818, 40.537706 ] } },
{ "type": "Feature", "properties": { "education_source": "education_3", "education_type": "University", "name": null, "name_el": null, "operator": null, "amenity": "university", "education": null, "office": null }, "geometry": { "type": "Point", "coordinates": [ 22.988477, 40.538515 ] } },
{ "type": "Feature", "properties": { "education_source": "education_8", "education_type": "School", "name": "6ο Δημοτικό Σχολείο Πυλαίας", "name_el": null, "operator": null, "amenity": "school", "education": null, "office": null }, "geometry": { "type": "Point", "coordinates": [ 22.990741, 40.540251 ] } },
{ "type": "Feature", "properties": { "education_source": "education_8", "education_type": "School", "name": "5ο Δημοτικό Σχολείο Πυλαίας", "name_el": null, "operator": null, "amenity": "school", "education": null, "office": null }, "geometry": { "type": "Point", "coordinates": [ 22.990555, 40.54074 ] } },
{ "type": "Feature", "properties": { "education_source": "education_3", "education_type": "University", "name": "Αγρόκτημα Γεωπονίας ΑΠΘ", "name_el": null, "operator": null, "amenity": "university", "education": null, "office": null }, "geometry": { "type": "Point", "coordinates": [ 23.003517, 40.541188 ] } },
{ "type": "Feature", "properties": { "education_source": "education_8", "education_type": "School", "name": "3ο Γυμνάσιο Θέρμης", "name_el": null, "operator": null, "amenity": "school", "education": null, "office": null }, "geometry": { "type": "Point", "coordinates": [ 22.996439, 40.543617 ] } },
{ "type": "Feature", "properties": { "education_source": "education_8", "education_type": "School", "name": null, "name_el": null, "operator": null, "amenity": "school", "education": null, "office": null }, "geometry": { "type": "Point", "coordinates": [ 23.023414, 40.545405 ] } },
{ "type": "Feature", "properties": { "education_source": "education_8", "education_type": "School", "name": "2ο Λύκειο Θέρμης \"Γιώργος Ιωάννου\"", "name_el": null, "operator": null, "amenity": "school", "education": null, "office": null }, "geometry": { "type": "Point", "coordinates": [ 22.992371, 40.54697 ] } },
{ "type": "Feature", "properties": { "education_source": "education_8", "education_type": "School", "name": "1ο Λύκειο Θέρμης", "name_el": null, "operator": null, "amenity": "school", "education": null, "office": null }, "geometry": { "type": "Point", "coordinates": [ 23.013546, 40.54785 ] } },
{ "type": "Feature", "properties": { "education_source": "education_8", "education_type": "School", "name": "1ο Γυμνάσιο Θέρμης", "name_el": null, "operator": null, "amenity": "school", "education": null, "office": null }, "geometry": { "type": "Point", "coordinates": [ 23.01405, 40.548755 ] } },
{ "type": "Feature", "properties": { "education_source": "education_9", "education_type": "School", "name": "Μαντουλίδη", "name_el": null, "operator": null, "amenity": "school", "education": null, "office": null }, "geometry": { "type": "Point", "coordinates": [ 23.001332, 40.549059 ] } },
{ "type": "Feature", "properties": { "education_source": "education_8", "education_type": "School", "name": null, "name_el": null, "operator": null, "amenity": "school", "education": null, "office": null }, "geometry": { "type": "Point", "coordinates": [ 23.021966, 40.549696 ] } },
{ "type": "Feature", "properties": { "education_source": "education_8", "education_type": "School", "name": "Εκπαιδευτήρια Βασιλειάδη", "name_el": null, "operator": null, "amenity": "school", "education": null, "office": null }, "geometry": { "type": "Point", "coordinates": [ 23.002436, 40.551524 ] } },
{ "type": "Feature", "properties": { "education_source": "education_8", "education_type": "School", "name": "Αριστοτέλειο Κολλέγιο (Γυμνάσιο-Λύκειο)", "name_el": null, "operator": null, "amenity": "school", "education": null, "office": null }, "geometry": { "type": "Point", "coordinates": [ 23.005301, 40.552399 ] } },
{ "type": "Feature", "properties": { "education_source": "education_2", "education_type": "Research institute", "name": "Εθνικό Κεντρο Έρευνας και Τεχνολογικής Ανάπτυξης (ΕΚΕΤΑ)", "name_el": "Εθνικό Κεντρο Έρευνας και Τεχνολογικής Ανάπτυξης (ΕΚΕΤΑ)", "operator": null, "amenity": "research_institute", "education": null, "office": null }, "geometry": { "type": "Point", "coordinates": [ 23.022046, 40.557816 ] } },
{ "type": "Feature", "properties": { "education_source": "education_4", "education_type": "Training institute", "name": null, "name_el": null, "operator": null, "amenity": null, "education": null, "office": "educational_institution" }, "geometry": { "type": "Point", "coordinates": [ 23.007532, 40.558547 ] } },
{ "type": "Feature", "properties": { "education_source": "education_8", "education_type": "School", "name": "Ελληνικό Κολλέγιο Θεσσαλονίκης (Δημοτικό)", "name_el": null, "operator": null, "amenity": "school", "education": null, "office": null }, "geometry": { "type": "Point", "coordinates": [ 23.006313, 40.561042 ] } },
{ "type": "Feature", "properties": { "education_source": "education_8", "education_type": "School", "name": "Ελληνικό Κολλέγιο Θεσσαλονίκης (Γυμνάσιο-Λύκειο)", "name_el": null, "operator": null, "amenity": "school", "education": null, "office": null }, "geometry": { "type": "Point", "coordinates": [ 23.009941, 40.56198 ] } },
{ "type": "Feature", "properties": { "education_source": "education_7", "education_type": "Education", "name": null, "name_el": null, "operator": null, "amenity": null, "education": null, "office": null }, "geometry": { "type": "Point", "coordinates": [ 22.992843, 40.564158 ] } },
{ "type": "Feature", "properties": { "education_source": "education_3", "education_type": "University", "name": "Σχολή Καλών Τεχνών Α.Π.Θ.", "name_el": null, "operator": null, "amenity": "university", "education": null, "office": null }, "geometry": { "type": "Point", "coordinates": [ 23.001416, 40.564914 ] } },
{ "type": "Feature", "properties": { "education_source": "education_3", "education_type": "University", "name": "Τμήμα Εικαστικών & Εφαρμοσμένων Τεχνών Σ.Κ.Τ. Α.Π.Θ.", "name_el": null, "operator": null, "amenity": "university", "education": null, "office": null }, "geometry": { "type": "Point", "coordinates": [ 23.001043, 40.565478 ] } },
{ "type": "Feature", "properties": { "education_source": "education_2", "education_type": "Research institute", "name": "Τεχνολογικό Πάρκο Θεσσαλονίκης /ΕΔΑΠ A.E.", "name_el": "Τεχνολογικό Πάρκο Θεσσαλονίκης /ΕΔΑΠ A.E.", "operator": null, "amenity": "research_institute", "education": null, "office": null }, "geometry": { "type": "Point", "coordinates": [ 22.997764, 40.567199 ] } },
{ "type": "Feature", "properties": { "education_source": "education_3", "education_type": "University", "name": "Τμήμα Επιστήμης Φυσικής Αγωγής & Αθλητισμού Α.Π.Θ.", "name_el": null, "operator": null, "amenity": "university", "education": null, "office": null }, "geometry": { "type": "Point", "coordinates": [ 23.001225, 40.567463 ] } },
{ "type": "Feature", "properties": { "education_source": "education_1", "education_type": "College", "name": "Αμερικανική Γεωργική Σχολή", "name_el": "Αμερικανική Γεωργική Σχολή", "operator": null, "amenity": "college", "education": null, "office": null }, "geometry": { "type": "Point", "coordinates": [ 22.991233, 40.56841 ] } },
{ "type": "Feature", "properties": { "education_source": "education_8", "education_type": "School", "name": null, "name_el": null, "operator": null, "amenity": "school", "education": null, "office": null }, "geometry": { "type": "Point", "coordinates": [ 22.991962, 40.576812 ] } },
{ "type": "Feature", "properties": { "education_source": "education_8", "education_type": "School", "name": "Χιονάτη", "name_el": "Χιονάτη", "operator": null, "amenity": "school", "education": null, "office": null }, "geometry": { "type": "Point", "coordinates": [ 23.015009, 40.592188 ] } },
{ "type": "Feature", "properties": { "education_source": "education_8", "education_type": "School", "name": null, "name_el": null, "operator": null, "amenity": "school", "education": null, "office": null }, "geometry": { "type": "Point", "coordinates": [ 22.986146, 40.592765 ] } },
{ "type": "Feature", "properties": { "education_source": "education_8", "education_type": "School", "name": null, "name_el": null, "operator": null, "amenity": "school", "education": null, "office": null }, "geometry": { "type": "Point", "coordinates": [ 22.983638, 40.593554 ] } },
{ "type": "Feature", "properties": { "education_source": "education_8", "education_type": "School", "name": null, "name_el": null, "operator": null, "amenity": "school", "education": null, "office": null }, "geometry": { "type": "Point", "coordinates": [ 22.974609, 40.5959 ] } },
{ "type": "Feature", "properties": { "education_source": "education_8", "education_type": "School", "name": null, "name_el": null, "operator": null, "amenity": "school", "education": null, "office": null }, "geometry": { "type": "Point", "coordinates": [ 22.976316, 40.596878 ] } },
{ "type": "Feature", "properties": { "education_source": "education_8", "education_type": "School", "name": null, "name_el": null, "operator": null, "amenity": "school", "education": null, "office": null }, "geometry": { "type": "Point", "coordinates": [ 22.981837, 40.597131 ] } },
{ "type": "Feature", "properties": { "education_source": "education_9", "education_type": "School", "name": "Ξένες Γλώσσες ΣΑΤΚΑ", "name_el": null, "operator": null, "amenity": "school", "education": null, "office": null }, "geometry": { "type": "Point", "coordinates": [ 22.984609, 40.597815 ] } },
{ "type": "Feature", "properties": { "education_source": "education_9", "education_type": "School", "name": "Μουσική Σχολή Θεοφιλίδου", "name_el": null, "operator": null, "amenity": "school", "education": null, "office": null }, "geometry": { "type": "Point", "coordinates": [ 22.985023, 40.597893 ] } },
{ "type": "Feature", "properties": { "education_source": "education_8", "education_type": "School", "name": null, "name_el": null, "operator": null, "amenity": "school", "education": null, "office": null }, "geometry": { "type": "Point", "coordinates": [ 22.969838, 40.597826 ] } },
{ "type": "Feature", "properties": { "education_source": "education_8", "education_type": "School", "name": "15ο & 69ο Δημοτικό Σχολείο, 76o & 99ο Νηπιαγωγείο", "name_el": null, "operator": null, "amenity": "school", "education": null, "office": null }, "geometry": { "type": "Point", "coordinates": [ 22.969177, 40.601229 ] } },
{ "type": "Feature", "properties": { "education_source": "education_9", "education_type": "School", "name": "Σχολή Ανώτερης Επαγγελματικής Κατάρτισης του ΕΚΑΒ", "name_el": null, "operator": null, "amenity": "school", "education": null, "office": null }, "geometry": { "type": "Point", "coordinates": [ 22.996515, 40.592856 ] } },
{ "type": "Feature", "properties": { "education_source": "education_8", "education_type": "School", "name": "Απόστολος Παύλος", "name_el": "Απόστολος Παύλος", "operator": null, "amenity": "school", "education": null, "office": null }, "geometry": { "type": "Point", "coordinates": [ 23.007848, 40.595541 ] } },
{ "type": "Feature", "properties": { "education_source": "education_9", "education_type": "School", "name": "ΆΓΙΟΣ ΔΗΜΗΤΡΙΟΣ", "name_el": null, "operator": null, "amenity": "school", "education": null, "office": null }, "geometry": { "type": "Point", "coordinates": [ 23.00461, 40.595611 ] } },
{ "type": "Feature", "properties": { "education_source": "education_8", "education_type": "School", "name": "Anatolia College", "name_el": null, "operator": null, "amenity": "school", "education": null, "office": null }, "geometry": { "type": "Point", "coordinates": [ 23.002598, 40.59758 ] } },
{ "type": "Feature", "properties": { "education_source": "education_8", "education_type": "School", "name": "Δημοτικό Μικρών Τάξεων Κολλεγίου Ανατόλια", "name_el": null, "operator": null, "amenity": "school", "education": null, "office": null }, "geometry": { "type": "Point", "coordinates": [ 23.00899, 40.597641 ] } },
{ "type": "Feature", "properties": { "education_source": "education_8", "education_type": "School", "name": "Αριστοτέλειο Κολλέγιο", "name_el": "Αριστοτέλειο Κολλέγιο", "operator": null, "amenity": "school", "education": "school", "office": null }, "geometry": { "type": "Point", "coordinates": [ 22.997358, 40.597987 ] } },
{ "type": "Feature", "properties": { "education_source": "education_9", "education_type": "School", "name": "Κολλέγιο Ανατόλια", "name_el": null, "operator": null, "amenity": "school", "education": null, "office": null }, "geometry": { "type": "Point", "coordinates": [ 23.001635, 40.598455 ] } },
{ "type": "Feature", "properties": { "education_source": "education_1", "education_type": "College", "name": "ACT", "name_el": null, "operator": null, "amenity": "college", "education": null, "office": null }, "geometry": { "type": "Point", "coordinates": [ 23.002335, 40.600145 ] } },
{ "type": "Feature", "properties": { "education_source": "education_8", "education_type": "School", "name": "2o Γυμνάσιο / Λύκειο Πυλαίας", "name_el": null, "operator": null, "amenity": "school", "education": null, "office": null }, "geometry": { "type": "Point", "coordinates": [ 22.994966, 40.611504 ] } },
{ "type": "Feature", "properties": { "education_source": "education_8", "education_type": "School", "name": "1ο ΓΕΛ Πανοράματος", "name_el": "1ο Γενικό Λύκειο Πανοράματος", "operator": null, "amenity": "school", "education": null, "office": null }, "geometry": { "type": "Point", "coordinates": [ 23.025353, 40.58742 ] } },
{ "type": "Feature", "properties": { "education_source": "education_8", "education_type": "School", "name": "1ο Γυμνάσιο Πανοράματος", "name_el": "1ο Γυμνάσιο Πανοράματος", "operator": null, "amenity": "school", "education": null, "office": null }, "geometry": { "type": "Point", "coordinates": [ 23.024979, 40.587969 ] } },
{ "type": "Feature", "properties": { "education_source": "education_8", "education_type": "School", "name": null, "name_el": null, "operator": null, "amenity": "school", "education": null, "office": null }, "geometry": { "type": "Point", "coordinates": [ 23.035623, 40.590318 ] } },
{ "type": "Feature", "properties": { "education_source": "education_8", "education_type": "School", "name": null, "name_el": null, "operator": null, "amenity": "school", "education": null, "office": null }, "geometry": { "type": "Point", "coordinates": [ 23.182067, 40.59595 ] } },
{ "type": "Feature", "properties": { "education_source": "education_8", "education_type": "School", "name": "Δημοτικό Σχολείο Μελισσουργού", "name_el": null, "operator": null, "amenity": "school", "education": null, "office": null }, "geometry": { "type": "Point", "coordinates": [ 23.473724, 40.600327 ] } },
{ "type": "Feature", "properties": { "education_source": "education_8", "education_type": "School", "name": "Ημερήσιο Γυμνάσιο Χορτιάτη", "name_el": null, "operator": "Δήμος Πυλαίας-Χορτιάτη", "amenity": "school", "education": null, "office": null }, "geometry": { "type": "Point", "coordinates": [ 23.102739, 40.609763 ] } },
{ "type": "Feature", "properties": { "education_source": "education_9", "education_type": "School", "name": "Hortiatis Kids Academy", "name_el": null, "operator": null, "amenity": "school", "education": null, "office": null }, "geometry": { "type": "Point", "coordinates": [ 23.09978, 40.610949 ] } },
{ "type": "Feature", "properties": { "education_source": "education_8", "education_type": "School", "name": "1ο Νηπιαγωγείο Χορτιάτη", "name_el": null, "operator": "Δήμος Πυλαίας-Χορτιάτη", "amenity": "school", "education": null, "office": null }, "geometry": { "type": "Point", "coordinates": [ 23.099611, 40.611503 ] } },
{ "type": "Feature", "properties": { "education_source": "education_8", "education_type": "School", "name": "Δημοτικό Σχολείο Χορτιάτη", "name_el": null, "operator": "Δήμος Πυλαίας-Χορτιάτη", "amenity": "school", "education": null, "office": null }, "geometry": { "type": "Point", "coordinates": [ 23.09757, 40.620037 ] } },
{ "type": "Feature", "properties": { "education_source": "education_8", "education_type": "School", "name": "Γενικό Λύκειο Χορτιάτη", "name_el": null, "operator": "Δήμος Πυλαίας-Χορτιάτη", "amenity": "school", "education": null, "office": null }, "geometry": { "type": "Point", "coordinates": [ 23.092887, 40.623144 ] } },
{ "type": "Feature", "properties": { "education_source": "education_8", "education_type": "School", "name": null, "name_el": null, "operator": null, "amenity": "school", "education": null, "office": null }, "geometry": { "type": "Point", "coordinates": [ 22.971079, 40.601469 ] } },
{ "type": "Feature", "properties": { "education_source": "education_5", "education_type": "Education", "name": null, "name_el": null, "operator": null, "amenity": null, "education": null, "office": null }, "geometry": { "type": "Point", "coordinates": [ 22.979841, 40.602142 ] } },
{ "type": "Feature", "properties": { "education_source": "education_4", "education_type": "Training institute", "name": "Ίδρυμα Άγιος Γρηγόριος ο Παλαμάς", "name_el": "Ίδρυμα Άγιος Γρηγόριος ο Παλαμάς", "operator": null, "amenity": null, "education": null, "office": "educational_institution" }, "geometry": { "type": "Point", "coordinates": [ 22.979804, 40.602653 ] } },
{ "type": "Feature", "properties": { "education_source": "education_8", "education_type": "School", "name": null, "name_el": null, "operator": null, "amenity": "school", "education": null, "office": null }, "geometry": { "type": "Point", "coordinates": [ 22.977194, 40.604362 ] } },
{ "type": "Feature", "properties": { "education_source": "education_5", "education_type": "Training institute", "name": "ΚΔΑΠ-ΜΕΑ", "name_el": "Κέντρο Δημιουργικής Απασχόλησης παιδιών και ατόμων με αναπηρία", "operator": null, "amenity": null, "education": null, "office": "educational_institution" }, "geometry": { "type": "Point", "coordinates": [ 22.970473, 40.604722 ] } },
{ "type": "Feature", "properties": { "education_source": "education_8", "education_type": "School", "name": null, "name_el": null, "operator": null, "amenity": "school", "education": null, "office": null }, "geometry": { "type": "Point", "coordinates": [ 22.969497, 40.605354 ] } },
{ "type": "Feature", "properties": { "education_source": "education_8", "education_type": "School", "name": null, "name_el": null, "operator": null, "amenity": "school", "education": null, "office": null }, "geometry": { "type": "Point", "coordinates": [ 22.971644, 40.605539 ] } },
{ "type": "Feature", "properties": { "education_source": "education_5", "education_type": "Training institute", "name": "Ξένες Γλώσσες Σαμαρά", "name_el": null, "operator": null, "amenity": null, "education": null, "office": "educational_institution" }, "geometry": { "type": "Point", "coordinates": [ 22.967645, 40.607332 ] } },
{ "type": "Feature", "properties": { "education_source": "education_9", "education_type": "School", "name": "101ο Δημοτικό Σχολείο Θεσσαλονίκης", "name_el": null, "operator": null, "amenity": "school", "education": null, "office": null }, "geometry": { "type": "Point", "coordinates": [ 22.975826, 40.608099 ] } },
{ "type": "Feature", "properties": { "education_source": "education_9", "education_type": "School", "name": "Το Σχολείο της Φύσης", "name_el": "Το Σχολείο της Φύσης", "operator": null, "amenity": "school", "education": null, "office": null }, "geometry": { "type": "Point", "coordinates": [ 22.956102, 40.442175 ] } },
{ "type": "Feature", "properties": { "education_source": "education_8", "education_type": "School", "name": "1ο Δημοτικό Σχολείο Πλαγιαρίου", "name_el": null, "operator": null, "amenity": "school", "education": null, "office": null }, "geometry": { "type": "Point", "coordinates": [ 22.955807, 40.472542 ] } },
{ "type": "Feature", "properties": { "education_source": "education_9", "education_type": "School", "name": "1ο ΓΕΛ Θερμαϊκού", "name_el": "1ο Γενικό Λύκειο Θερμαϊκού", "operator": null, "amenity": "school", "education": null, "office": null }, "geometry": { "type": "Point", "coordinates": [ 22.949997, 40.499961 ] } },
{ "type": "Feature", "properties": { "education_source": "education_8", "education_type": "School", "name": "Μοντεσσοριανή Σχολή Ζαφρανά", "name_el": null, "operator": null, "amenity": "school", "education": null, "office": null }, "geometry": { "type": "Point", "coordinates": [ 22.953036, 40.574364 ] } },
{ "type": "Feature", "properties": { "education_source": "education_8", "education_type": "School", "name": "6ο Γυμνάσιο & 6ο Λύκειο Καλαμαριάς", "name_el": null, "operator": null, "amenity": "school", "education": null, "office": null }, "geometry": { "type": "Point", "coordinates": [ 22.956254, 40.574404 ] } },
{ "type": "Feature", "properties": { "education_source": "education_8", "education_type": "School", "name": "13ο Δημοτικό Σχολείο Καλαμαριάς", "name_el": null, "operator": null, "amenity": "school", "education": null, "office": null }, "geometry": { "type": "Point", "coordinates": [ 22.949929, 40.577594 ] } },
{ "type": "Feature", "properties": { "education_source": "education_8", "education_type": "School", "name": "5ο Δημοτικό Σχολείο Καλαμαριάς", "name_el": null, "operator": null, "amenity": "school", "education": null, "office": null }, "geometry": { "type": "Point", "coordinates": [ 22.950243, 40.577886 ] } },
{ "type": "Feature", "properties": { "education_source": "education_8", "education_type": "School", "name": "3ο Δημοτικό Σχολείο Καλαμαριάς", "name_el": null, "operator": null, "amenity": "school", "education": null, "office": null }, "geometry": { "type": "Point", "coordinates": [ 22.952985, 40.579812 ] } },
{ "type": "Feature", "properties": { "education_source": "education_8", "education_type": "School", "name": "8ο Γυμνάσιο & 7ο Λύκειο Καλαμαριάς", "name_el": null, "operator": null, "amenity": "school", "education": null, "office": null }, "geometry": { "type": "Point", "coordinates": [ 22.953953, 40.588436 ] } },
{ "type": "Feature", "properties": { "education_source": "education_8", "education_type": "School", "name": "7ο Γυμνάσιο Καλαμαριάς", "name_el": null, "operator": null, "amenity": "school", "education": null, "office": null }, "geometry": { "type": "Point", "coordinates": [ 22.95551, 40.589658 ] } },
{ "type": "Feature", "properties": { "education_source": "education_8", "education_type": "School", "name": "1ο Γυμνάσιο & 1ο Λύκειο Μίκρας (Τρίλοφος)", "name_el": null, "operator": null, "amenity": "school", "education": null, "office": null }, "geometry": { "type": "Point", "coordinates": [ 22.969178, 40.473212 ] } },
{ "type": "Feature", "properties": { "education_source": "education_8", "education_type": "School", "name": "Κεντρο Δημιουργικής Απασχόλησης Παιδιών, Εφήβων και Ενηλίκων με Αναπηρία Ονειροχώρα (ΚΔΑΠ ΜΕΑ Ονειροχώρα)", "name_el": null, "operator": null, "amenity": "school", "education": null, "office": null }, "geometry": { "type": "Point", "coordinates": [ 22.965372, 40.498291 ] } },
{ "type": "Feature", "properties": { "education_source": "education_5", "education_type": "Training institute", "name": "Κέντρο Ευρωπαϊκού Δικαίου", "name_el": null, "operator": null, "amenity": null, "education": null, "office": "educational_institution" }, "geometry": { "type": "Point", "coordinates": [ 22.967643, 40.561123 ] } },
{ "type": "Feature", "properties": { "education_source": "education_1", "education_type": "College", "name": "Εθνική Σχολή Δικαστικών Λειτουργών", "name_el": "Εθνική Σχολή Δικαστικών Λειτουργών", "operator": null, "amenity": "college", "education": "college", "office": null }, "geometry": { "type": "Point", "coordinates": [ 22.96701, 40.561417 ] } },
{ "type": "Feature", "properties": { "education_source": "education_8", "education_type": "School", "name": "3ο Γυμνάσιο & 3ο Λύκειο Καλαμαριάς", "name_el": null, "operator": null, "amenity": "school", "education": null, "office": null }, "geometry": { "type": "Point", "coordinates": [ 22.962332, 40.569746 ] } },
{ "type": "Feature", "properties": { "education_source": "education_9", "education_type": "School", "name": "18ο Δημοτικό Σχολείο Καλαμαριάς", "name_el": null, "operator": null, "amenity": "school", "education": null, "office": null }, "geometry": { "type": "Point", "coordinates": [ 22.965894, 40.570111 ] } },
{ "type": "Feature", "properties": { "education_source": "education_8", "education_type": "School", "name": "12ο Δημοτικό Σχολείο Καλαμαριάς", "name_el": null, "operator": null, "amenity": "school", "education": null, "office": null }, "geometry": { "type": "Point", "coordinates": [ 22.962794, 40.570219 ] } },
{ "type": "Feature", "properties": { "education_source": "education_8", "education_type": "School", "name": "6ο Δημοτικό Σχολείο Καλαμαριάς", "name_el": null, "operator": null, "amenity": "school", "education": null, "office": null }, "geometry": { "type": "Point", "coordinates": [ 22.95917, 40.571091 ] } },
{ "type": "Feature", "properties": { "education_source": "education_8", "education_type": "School", "name": "10 Δημοτικό Σχολείο Καλαμαριάς", "name_el": null, "operator": null, "amenity": "school", "education": null, "office": null }, "geometry": { "type": "Point", "coordinates": [ 22.963048, 40.576435 ] } },
{ "type": "Feature", "properties": { "education_source": "education_8", "education_type": "School", "name": null, "name_el": null, "operator": null, "amenity": "school", "education": null, "office": null }, "geometry": { "type": "Point", "coordinates": [ 22.949556, 40.499875 ] } },
{ "type": "Feature", "properties": { "education_source": "education_8", "education_type": "School", "name": "1ο Γυμνάσιο & 1ο Λύκειο Καλαμαριάς \"Φροντιστήριον Τραπεζούντος\"", "name_el": null, "operator": null, "amenity": "school", "education": null, "office": null }, "geometry": { "type": "Point", "coordinates": [ 22.947105, 40.582126 ] } },
{ "type": "Feature", "properties": { "education_source": "education_8", "education_type": "School", "name": "2ο Δημοτικό Σχολείο Καλαμαριάς", "name_el": null, "operator": null, "amenity": "school", "education": null, "office": null }, "geometry": { "type": "Point", "coordinates": [ 22.943663, 40.582433 ] } },
{ "type": "Feature", "properties": { "education_source": "education_8", "education_type": "School", "name": "4ο Δημοτικό Σχολείο Καλαμαριάς", "name_el": null, "operator": null, "amenity": "school", "education": null, "office": null }, "geometry": { "type": "Point", "coordinates": [ 22.944156, 40.582766 ] } },
{ "type": "Feature", "properties": { "education_source": "education_8", "education_type": "School", "name": "15ο Δημοτικό Σχολείο Καλαμαριάς", "name_el": null, "operator": null, "amenity": "school", "education": null, "office": null }, "geometry": { "type": "Point", "coordinates": [ 22.944572, 40.58305 ] } },
{ "type": "Feature", "properties": { "education_source": "education_8", "education_type": "School", "name": "2ο Γυμνάσιο & 2ο Λύκειο Καλαμαριάς", "name_el": null, "operator": null, "amenity": "school", "education": null, "office": null }, "geometry": { "type": "Point", "coordinates": [ 22.940849, 40.58691 ] } },
{ "type": "Feature", "properties": { "education_source": "education_8", "education_type": "School", "name": "43ο Δημοτικό Σχολείο", "name_el": "43ο Δημοτικό Σχολείο", "operator": null, "amenity": "school", "education": null, "office": null }, "geometry": { "type": "Point", "coordinates": [ 22.943935, 40.630654 ] } },
{ "type": "Feature", "properties": { "education_source": "education_8", "education_type": "School", "name": "2ο Γυμνάσιο - Λύκειο θεσ/νίκης", "name_el": null, "operator": null, "amenity": "school", "education": null, "office": null }, "geometry": { "type": "Point", "coordinates": [ 22.945722, 40.63202 ] } },
{ "type": "Feature", "properties": { "education_source": "education_8", "education_type": "School", "name": "2ο Λύκειο Θεσσαλονίκης", "name_el": null, "operator": null, "amenity": "school", "education": null, "office": null }, "geometry": { "type": "Point", "coordinates": [ 22.946192, 40.632374 ] } },
{ "type": "Feature", "properties": { "education_source": "education_5", "education_type": "Training institute", "name": "Φροντιστήρια Πουκαμισάς", "name_el": null, "operator": null, "amenity": null, "education": null, "office": "educational_institution" }, "geometry": { "type": "Point", "coordinates": [ 22.94525, 40.63296 ] } },
{ "type": "Feature", "properties": { "education_source": "education_8", "education_type": "School", "name": "9ο Γυμνάσιο Καλαμαριάς", "name_el": null, "operator": null, "amenity": "school", "education": null, "office": null }, "geometry": { "type": "Point", "coordinates": [ 22.962366, 40.57661 ] } },
{ "type": "Feature", "properties": { "education_source": "education_9", "education_type": "School", "name": "Jubilee Language Centre", "name_el": null, "operator": null, "amenity": "school", "education": null, "office": null }, "geometry": { "type": "Point", "coordinates": [ 22.96124, 40.582724 ] } },
{ "type": "Feature", "properties": { "education_source": "education_8", "education_type": "School", "name": "7o Δημοτικό Σχολείο Καλαμαριάς", "name_el": null, "operator": null, "amenity": "school", "education": null, "office": null }, "geometry": { "type": "Point", "coordinates": [ 22.96673, 40.582838 ] } },
{ "type": "Feature", "properties": { "education_source": "education_8", "education_type": "School", "name": "11ο Δημοτικό Σχολείο Καλαμαριάς", "name_el": null, "operator": null, "amenity": "school", "education": null, "office": null }, "geometry": { "type": "Point", "coordinates": [ 22.961213, 40.583118 ] } },
{ "type": "Feature", "properties": { "education_source": "education_9", "education_type": "School", "name": "4ο Λύκειο Καλαμαριάς", "name_el": null, "operator": null, "amenity": "school", "education": null, "office": null }, "geometry": { "type": "Point", "coordinates": [ 22.965135, 40.585106 ] } },
{ "type": "Feature", "properties": { "education_source": "education_8", "education_type": "School", "name": "4ο & 5ο Λύκειο Καλαμαριάς", "name_el": null, "operator": null, "amenity": "school", "education": null, "office": null }, "geometry": { "type": "Point", "coordinates": [ 22.965662, 40.58515 ] } },
{ "type": "Feature", "properties": { "education_source": "education_8", "education_type": "School", "name": "13ο Νηπιαγωγείο Καλαμαριάς", "name_el": null, "operator": null, "amenity": "school", "education": null, "office": null }, "geometry": { "type": "Point", "coordinates": [ 22.965928, 40.585549 ] } },
{ "type": "Feature", "properties": { "education_source": "education_8", "education_type": "School", "name": "1ο Δημοτικό Σχολείο Θεσσαλονίκης", "name_el": null, "operator": null, "amenity": "school", "education": null, "office": null }, "geometry": { "type": "Point", "coordinates": [ 22.958014, 40.593223 ] } },
{ "type": "Feature", "properties": { "education_source": "education_8", "education_type": "School", "name": "14ο Λύκειο Θεσσαλονίκης", "name_el": null, "operator": null, "amenity": "school", "education": null, "office": null }, "geometry": { "type": "Point", "coordinates": [ 22.954312, 40.59502 ] } },
{ "type": "Feature", "properties": { "education_source": "education_5", "education_type": "Training institute", "name": "Φροντιστήρια Μπαχαράκη", "name_el": "Φροντιστήρια Μπαχαράκη", "operator": null, "amenity": null, "education": null, "office": "educational_institution" }, "geometry": { "type": "Point", "coordinates": [ 22.956277, 40.596673 ] } },
{ "type": "Feature", "properties": { "education_source": "education_5", "education_type": "Training institute", "name": "Φροντιστήριο Μέσης Εκπαίδευσης ΚΟΡΥΦΗ", "name_el": null, "operator": null, "amenity": null, "education": null, "office": "educational_institution" }, "geometry": { "type": "Point", "coordinates": [ 22.955533, 40.596977 ] } },
{ "type": "Feature", "properties": { "education_source": "education_5", "education_type": "Training institute", "name": "Φροντιστήρια Βακάλης", "name_el": null, "operator": null, "amenity": null, "education": null, "office": "educational_institution" }, "geometry": { "type": "Point", "coordinates": [ 22.956177, 40.597213 ] } },
{ "type": "Feature", "properties": { "education_source": "education_8", "education_type": "School", "name": "87ο Δημοτικό Σχολείο Θεσσαλονίκης", "name_el": null, "operator": null, "amenity": "school", "education": null, "office": null }, "geometry": { "type": "Point", "coordinates": [ 22.950882, 40.598819 ] } },
{ "type": "Feature", "properties": { "education_source": "education_8", "education_type": "School", "name": null, "name_el": null, "operator": null, "amenity": "school", "education": null, "office": null }, "geometry": { "type": "Point", "coordinates": [ 22.949659, 40.598867 ] } },
{ "type": "Feature", "properties": { "education_source": "education_8", "education_type": "School", "name": "19ο Γυμνάσιο και Λύκειο", "name_el": "19ο Γυμνάσιο και Λύκειο", "operator": null, "amenity": "school", "education": null, "office": null }, "geometry": { "type": "Point", "coordinates": [ 22.956887, 40.59917 ] } },
{ "type": "Feature", "properties": { "education_source": "education_8", "education_type": "School", "name": "5ο Λύκειο", "name_el": null, "operator": null, "amenity": "school", "education": null, "office": null }, "geometry": { "type": "Point", "coordinates": [ 22.951955, 40.601796 ] } },
{ "type": "Feature", "properties": { "education_source": "education_8", "education_type": "School", "name": "94ο Δημοτικό Σχολείο Θεσσαλονίκης", "name_el": null, "operator": null, "amenity": "school", "education": null, "office": null }, "geometry": { "type": "Point", "coordinates": [ 22.958605, 40.595158 ] } },
{ "type": "Feature", "properties": { "education_source": "education_9", "education_type": "School", "name": "Ωδείο 'Σείριος'", "name_el": "Ωδείο 'Σείριος'", "operator": "Odeio Seirios O.E.", "amenity": "school", "education": null, "office": null }, "geometry": { "type": "Point", "coordinates": [ 22.958757, 40.595911 ] } },
{ "type": "Feature", "properties": { "education_source": "education_9", "education_type": "School", "name": "Παιδικός σταθμός \"Γαλήνη\"", "name_el": null, "operator": null, "amenity": "school", "education": null, "office": null }, "geometry": { "type": "Point", "coordinates": [ 22.957623, 40.598302 ] } },
{ "type": "Feature", "properties": { "education_source": "education_8", "education_type": "School", "name": null, "name_el": null, "operator": null, "amenity": "school", "education": null, "office": null }, "geometry": { "type": "Point", "coordinates": [ 22.959412, 40.59848 ] } },
{ "type": "Feature", "properties": { "education_source": "education_5", "education_type": "Training institute", "name": "Human Asset SA", "name_el": null, "operator": null, "amenity": null, "education": null, "office": "educational_institution" }, "geometry": { "type": "Point", "coordinates": [ 22.959871, 40.60029 ] } },
{ "type": "Feature", "properties": { "education_source": "education_8", "education_type": "School", "name": null, "name_el": null, "operator": null, "amenity": "school", "education": null, "office": null }, "geometry": { "type": "Point", "coordinates": [ 22.960223, 40.602381 ] } },
{ "type": "Feature", "properties": { "education_source": "education_9", "education_type": "School", "name": "4ο Δημοτικό", "name_el": null, "operator": null, "amenity": "school", "education": null, "office": null }, "geometry": { "type": "Point", "coordinates": [ 22.95849, 40.603055 ] } },
{ "type": "Feature", "properties": { "education_source": "education_8", "education_type": "School", "name": "81ο Δημοτικό Σχολείο Θεσσαλονίκης", "name_el": "81ο Δημοτικό Σχολείο Θεσσαλονίκης", "operator": null, "amenity": "school", "education": null, "office": null }, "geometry": { "type": "Point", "coordinates": [ 22.958929, 40.603617 ] } },
{ "type": "Feature", "properties": { "education_source": "education_5", "education_type": "Training institute", "name": "ΚΔΑΠ Χαριλάου", "name_el": "Κέντρο Δημιουργικής Απασχόλησης Χαριλάου", "operator": null, "amenity": null, "education": null, "office": "educational_institution" }, "geometry": { "type": "Point", "coordinates": [ 22.966835, 40.603869 ] } },
{ "type": "Feature", "properties": { "education_source": "education_8", "education_type": "School", "name": "9ο Γυμνάσιο & 9ο Λύκειο Θεσσαλονίκης", "name_el": null, "operator": null, "amenity": "school", "education": null, "office": null }, "geometry": { "type": "Point", "coordinates": [ 22.95763, 40.604894 ] } },
{ "type": "Feature", "properties": { "education_source": "education_8", "education_type": "School", "name": "5ο Δημοτικό Σχολείο Θεσσαλονίκης", "name_el": null, "operator": null, "amenity": "school", "education": null, "office": null }, "geometry": { "type": "Point", "coordinates": [ 22.957567, 40.605387 ] } },
{ "type": "Feature", "properties": { "education_source": "education_8", "education_type": "School", "name": "14ο & 107ο Δημοτικά Σχολεία Θεσσαλονίκης", "name_el": null, "operator": null, "amenity": "school", "education": null, "office": null }, "geometry": { "type": "Point", "coordinates": [ 22.965466, 40.605639 ] } },
{ "type": "Feature", "properties": { "education_source": "education_8", "education_type": "School", "name": "90ο Δημοτικό σχολείο Θεσσαλονίκης", "name_el": null, "operator": null, "amenity": "school", "education": null, "office": null }, "geometry": { "type": "Point", "coordinates": [ 22.959045, 40.607494 ] } },
{ "type": "Feature", "properties": { "education_source": "education_8", "education_type": "School", "name": "10ο Νηπιαγωγείο Θεσσαλονίκης", "name_el": "10ο Νηπιαγωγείο Θεσσαλονίκης", "operator": null, "amenity": "school", "education": null, "office": null }, "geometry": { "type": "Point", "coordinates": [ 22.964152, 40.607643 ] } },
{ "type": "Feature", "properties": { "education_source": "education_8", "education_type": "School", "name": null, "name_el": null, "operator": null, "amenity": "school", "education": null, "office": null }, "geometry": { "type": "Point", "coordinates": [ 22.96407, 40.608514 ] } },
{ "type": "Feature", "properties": { "education_source": "education_8", "education_type": "School", "name": "8ο & 18ο Δημοτικό Σχολείο Θεσσαλονίκης", "name_el": null, "operator": null, "amenity": "school", "education": null, "office": null }, "geometry": { "type": "Point", "coordinates": [ 22.956781, 40.60946 ] } },
{ "type": "Feature", "properties": { "education_source": "education_8", "education_type": "School", "name": null, "name_el": null, "operator": null, "amenity": "school", "education": null, "office": null }, "geometry": { "type": "Point", "coordinates": [ 22.96599, 40.610212 ] } },
{ "type": "Feature", "properties": { "education_source": "education_5", "education_type": "Training institute", "name": "INFOLAB", "name_el": null, "operator": null, "amenity": null, "education": null, "office": "educational_institution" }, "geometry": { "type": "Point", "coordinates": [ 22.964583, 40.610633 ] } },
{ "type": "Feature", "properties": { "education_source": "education_8", "education_type": "School", "name": null, "name_el": null, "operator": null, "amenity": "school", "education": null, "office": null }, "geometry": { "type": "Point", "coordinates": [ 22.964006, 40.611016 ] } },
{ "type": "Feature", "properties": { "education_source": "education_8", "education_type": "School", "name": null, "name_el": null, "operator": null, "amenity": "school", "education": null, "office": null }, "geometry": { "type": "Point", "coordinates": [ 22.96712, 40.611892 ] } },
{ "type": "Feature", "properties": { "education_source": "education_8", "education_type": "School", "name": "9ο Δημοτικό & 4ο Νηπιαγωγείο Θεσσαλονίκης", "name_el": null, "operator": null, "amenity": "school", "education": null, "office": null }, "geometry": { "type": "Point", "coordinates": [ 22.9583, 40.614349 ] } },
{ "type": "Feature", "properties": { "education_source": "education_8", "education_type": "School", "name": null, "name_el": null, "operator": null, "amenity": "school", "education": null, "office": null }, "geometry": { "type": "Point", "coordinates": [ 22.960596, 40.615015 ] } },
{ "type": "Feature", "properties": { "education_source": "education_8", "education_type": "School", "name": null, "name_el": null, "operator": null, "amenity": "school", "education": null, "office": null }, "geometry": { "type": "Point", "coordinates": [ 22.96246, 40.615495 ] } },
{ "type": "Feature", "properties": { "education_source": "education_8", "education_type": "School", "name": null, "name_el": null, "operator": null, "amenity": "school", "education": null, "office": null }, "geometry": { "type": "Point", "coordinates": [ 22.962079, 40.616147 ] } },
{ "type": "Feature", "properties": { "education_source": "education_8", "education_type": "School", "name": "11ο Δημοτικό Σχολείο Θεσσαλονίκης", "name_el": null, "operator": null, "amenity": "school", "education": null, "office": null }, "geometry": { "type": "Point", "coordinates": [ 22.9571, 40.61659 ] } },
{ "type": "Feature", "properties": { "education_source": "education_8", "education_type": "School", "name": null, "name_el": null, "operator": null, "amenity": "school", "education": null, "office": null }, "geometry": { "type": "Point", "coordinates": [ 22.966548, 40.616781 ] } },
{ "type": "Feature", "properties": { "education_source": "education_8", "education_type": "School", "name": "Τεχνική Σχολή Ευκλείδης", "name_el": null, "operator": null, "amenity": "school", "education": null, "office": null }, "geometry": { "type": "Point", "coordinates": [ 22.96074, 40.61708 ] } },
{ "type": "Feature", "properties": { "education_source": "education_8", "education_type": "School", "name": null, "name_el": null, "operator": null, "amenity": "school", "education": null, "office": null }, "geometry": { "type": "Point", "coordinates": [ 22.961578, 40.617687 ] } },
{ "type": "Feature", "properties": { "education_source": "education_5", "education_type": "Training institute", "name": "Ακαδημία", "name_el": null, "operator": null, "amenity": null, "education": null, "office": "educational_institution" }, "geometry": { "type": "Point", "coordinates": [ 22.958098, 40.618833 ] } },
{ "type": "Feature", "properties": { "education_source": "education_8", "education_type": "School", "name": null, "name_el": null, "operator": null, "amenity": "school", "education": null, "office": null }, "geometry": { "type": "Point", "coordinates": [ 22.958909, 40.621171 ] } },
{ "type": "Feature", "properties": { "education_source": "education_8", "education_type": "School", "name": "89ο Δημοτικό Σχολείο Θεσσαλονίκης", "name_el": null, "operator": null, "amenity": "school", "education": null, "office": null }, "geometry": { "type": "Point", "coordinates": [ 22.952956, 40.607705 ] } },
{ "type": "Feature", "properties": { "education_source": "education_8", "education_type": "School", "name": "8ο Γυμνάσιο και 8ο Λύκειο Θεσσαλονίκης", "name_el": null, "operator": null, "amenity": "school", "education": null, "office": null }, "geometry": { "type": "Point", "coordinates": [ 22.95187, 40.608155 ] } },
{ "type": "Feature", "properties": { "education_source": "education_5", "education_type": "Training institute", "name": "Ινστιτούτο Γκαίτε Θεσσαλονίκης", "name_el": "Ινστιτούτο Γκαίτε Θεσσαλονίκης", "operator": null, "amenity": "arts_centre", "education": null, "office": "educational_institution" }, "geometry": { "type": "Point", "coordinates": [ 22.952628, 40.610317 ] } },
{ "type": "Feature", "properties": { "education_source": "education_5", "education_type": "Training institute", "name": "Ίδρυμα Μελετών Χερσονήσου του Αίμου", "name_el": "Ίδρυμα Μελετών Χερσονήσου του Αίμου", "operator": null, "amenity": null, "education": null, "office": "educational_institution" }, "geometry": { "type": "Point", "coordinates": [ 22.953072, 40.613557 ] } },
{ "type": "Feature", "properties": { "education_source": "education_9", "education_type": "School", "name": null, "name_el": null, "operator": null, "amenity": "school", "education": null, "office": null }, "geometry": { "type": "Point", "coordinates": [ 22.952935, 40.614625 ] } },
{ "type": "Feature", "properties": { "education_source": "education_8", "education_type": "School", "name": null, "name_el": null, "operator": null, "amenity": "school", "education": null, "office": null }, "geometry": { "type": "Point", "coordinates": [ 22.956644, 40.616089 ] } },
{ "type": "Feature", "properties": { "education_source": "education_8", "education_type": "School", "name": "1ο Γυμνάσιο Θεσσαλονίκης", "name_el": null, "operator": null, "amenity": "school", "education": null, "office": null }, "geometry": { "type": "Point", "coordinates": [ 22.955119, 40.617416 ] } },
{ "type": "Feature", "properties": { "education_source": "education_8", "education_type": "School", "name": "3ο Γυμνάσιο, 1ο Γενικό Λύκειο", "name_el": null, "operator": null, "amenity": "school", "education": null, "office": null }, "geometry": { "type": "Point", "coordinates": [ 22.952694, 40.622214 ] } },
{ "type": "Feature", "properties": { "education_source": "education_8", "education_type": "School", "name": "1ο Εσπερινό Γυμνάσιο & 1ο Εσπερινό Λύκειο", "name_el": null, "operator": null, "amenity": "school", "education": null, "office": null }, "geometry": { "type": "Point", "coordinates": [ 22.950261, 40.627296 ] } },
{ "type": "Feature", "properties": { "education_source": "education_7", "education_type": "College", "name": "DEI College", "name_el": null, "operator": null, "amenity": "college", "education": null, "office": null }, "geometry": { "type": "Point", "coordinates": [ 22.950531, 40.628317 ] } },
{ "type": "Feature", "properties": { "education_source": "education_8", "education_type": "School", "name": "40o Δημοτικό Σχολείο Θεσσαλονίκης", "name_el": "40o Δημοτικό Σχολείο Θεσσαλονίκης", "operator": null, "amenity": "school", "education": null, "office": null }, "geometry": { "type": "Point", "coordinates": [ 22.950431, 40.628879 ] } },
{ "type": "Feature", "properties": { "education_source": "education_8", "education_type": "School", "name": "2ο Πρότυπο Πειραματικό ΓΕΛ", "name_el": null, "operator": null, "amenity": "school", "education": null, "office": null }, "geometry": { "type": "Point", "coordinates": [ 22.951795, 40.628946 ] } },
{ "type": "Feature", "properties": { "education_source": "education_5", "education_type": "Training institute", "name": "Άσυλο του Παιδιού", "name_el": null, "operator": null, "amenity": null, "education": null, "office": "educational_institution" }, "geometry": { "type": "Point", "coordinates": [ 22.954, 40.631264 ] } },
{ "type": "Feature", "properties": { "education_source": "education_8", "education_type": "School", "name": "13ο Γυμνάσιο Θεσσαλονίκης", "name_el": "13ο Γυμνάσιο Θεσσαλονίκης", "operator": null, "amenity": "school", "education": null, "office": null }, "geometry": { "type": "Point", "coordinates": [ 22.949819, 40.632635 ] } },
{ "type": "Feature", "properties": { "education_source": "education_9", "education_type": "School", "name": "34ο Δημοτικό Σχολείο Θεσ/νίκης", "name_el": null, "operator": null, "amenity": "school", "education": null, "office": null }, "geometry": { "type": "Point", "coordinates": [ 22.951188, 40.63383 ] } },
{ "type": "Feature", "properties": { "education_source": "education_9", "education_type": "School", "name": "63ο Νηπιαγωγείο Θεσ/νίκης", "name_el": null, "operator": null, "amenity": "school", "education": null, "office": null }, "geometry": { "type": "Point", "coordinates": [ 22.950824, 40.634023 ] } },
{ "type": "Feature", "properties": { "education_source": "education_8", "education_type": "School", "name": null, "name_el": null, "operator": null, "amenity": "school", "education": null, "office": null }, "geometry": { "type": "Point", "coordinates": [ 22.949298, 40.634761 ] } },
{ "type": "Feature", "properties": { "education_source": "education_8", "education_type": "School", "name": "3o Ενιαίο Λύκειο Θεσσαλονίκης", "name_el": null, "operator": null, "amenity": "school", "education": null, "office": null }, "geometry": { "type": "Point", "coordinates": [ 22.955378, 40.635992 ] } },
{ "type": "Feature", "properties": { "education_source": "education_8", "education_type": "School", "name": "36ο Δημοτικό Σχολείο Θεσσαλονίκης", "name_el": null, "operator": null, "amenity": "school", "education": null, "office": null }, "geometry": { "type": "Point", "coordinates": [ 22.948874, 40.636302 ] } },
{ "type": "Feature", "properties": { "education_source": "education_9", "education_type": "School", "name": "Πρότυπο Επαγγελματικό Λύκειο Επανομής", "name_el": null, "operator": null, "amenity": "school", "education": null, "office": null }, "geometry": { "type": "Point", "coordinates": [ 22.93407, 40.422554 ] } },
{ "type": "Feature", "properties": { "education_source": "education_8", "education_type": "School", "name": "1ο Δημοτικό Σχολείο Επανομής", "name_el": null, "operator": null, "amenity": "school", "education": null, "office": null }, "geometry": { "type": "Point", "coordinates": [ 22.929872, 40.425201 ] } },
{ "type": "Feature", "properties": { "education_source": "education_5", "education_type": "Training institute", "name": "Φροντιστήρια Τσακανίκας", "name_el": null, "operator": null, "amenity": null, "education": null, "office": "educational_institution" }, "geometry": { "type": "Point", "coordinates": [ 22.927436, 40.427239 ] } },
{ "type": "Feature", "properties": { "education_source": "education_8", "education_type": "School", "name": "2ο Δημοτικό Σχολείο Επανομής", "name_el": null, "operator": null, "amenity": "school", "education": null, "office": null }, "geometry": { "type": "Point", "coordinates": [ 22.928206, 40.429525 ] } },
{ "type": "Feature", "properties": { "education_source": "education_8", "education_type": "School", "name": "2ο Νηπιαγωγείο Περαίας", "name_el": null, "operator": null, "amenity": "school", "education": null, "office": null }, "geometry": { "type": "Point", "coordinates": [ 22.928475, 40.495365 ] } },
{ "type": "Feature", "properties": { "education_source": "education_8", "education_type": "School", "name": "2ο Ημερήσιο Γενικό Λύκειο Θερμαϊκού", "name_el": null, "operator": null, "amenity": "school", "education": null, "office": null }, "geometry": { "type": "Point", "coordinates": [ 22.927766, 40.495789 ] } },
{ "type": "Feature", "properties": { "education_source": "education_8", "education_type": "School", "name": "2ο Δημοτικό Σχολείο Περαίας", "name_el": null, "operator": null, "amenity": "school", "education": null, "office": null }, "geometry": { "type": "Point", "coordinates": [ 22.928514, 40.495843 ] } },
{ "type": "Feature", "properties": { "education_source": "education_9", "education_type": "School", "name": "Νηπιαγωγίο", "name_el": null, "operator": null, "amenity": "school", "education": null, "office": null }, "geometry": { "type": "Point", "coordinates": [ 22.9267, 40.501364 ] } },
{ "type": "Feature", "properties": { "education_source": "education_8", "education_type": "School", "name": "Primary School", "name_el": null, "operator": null, "amenity": "school", "education": null, "office": null }, "geometry": { "type": "Point", "coordinates": [ 22.922667, 40.422226 ] } },
{ "type": "Feature", "properties": { "education_source": "education_8", "education_type": "School", "name": "Γυμνάσιο και Λύκειο", "name_el": null, "operator": null, "amenity": "school", "education": null, "office": null }, "geometry": { "type": "Point", "coordinates": [ 22.908185, 40.498685 ] } },
{ "type": "Feature", "properties": { "education_source": "education_8", "education_type": "School", "name": "1ο Γυμνάσιο Περαίας", "name_el": null, "operator": null, "amenity": "school", "education": null, "office": null }, "geometry": { "type": "Point", "coordinates": [ 22.919896, 40.50057 ] } },
{ "type": "Feature", "properties": { "education_source": "education_9", "education_type": "School", "name": "Δημοτικο Σχολειο", "name_el": null, "operator": null, "amenity": "school", "education": null, "office": null }, "geometry": { "type": "Point", "coordinates": [ 22.911244, 40.501002 ] } },
{ "type": "Feature", "properties": { "education_source": "education_8", "education_type": "School", "name": null, "name_el": null, "operator": null, "amenity": "school", "education": null, "office": null }, "geometry": { "type": "Point", "coordinates": [ 22.920501, 40.503359 ] } },
{ "type": "Feature", "properties": { "education_source": "education_8", "education_type": "School", "name": "3ο Νηπιαγωγείο Περαίας", "name_el": null, "operator": null, "amenity": "school", "education": null, "office": null }, "geometry": { "type": "Point", "coordinates": [ 22.922229, 40.505806 ] } },
{ "type": "Feature", "properties": { "education_source": "education_8", "education_type": "School", "name": "3ο Δημοτικό Σχολείο Περαίας", "name_el": null, "operator": null, "amenity": "school", "education": null, "office": null }, "geometry": { "type": "Point", "coordinates": [ 22.922936, 40.506076 ] } },
{ "type": "Feature", "properties": { "education_source": "education_8", "education_type": "School", "name": "30ο Γυμνάσιο", "name_el": null, "operator": null, "amenity": "school", "education": null, "office": null }, "geometry": { "type": "Point", "coordinates": [ 22.9177, 40.64683 ] } },
{ "type": "Feature", "properties": { "education_source": "education_9", "education_type": "School", "name": "5ο Εσπερινό ΕΠΑ.Λ. Θεσσαλονίκης", "name_el": null, "operator": null, "amenity": "school", "education": null, "office": null }, "geometry": { "type": "Point", "coordinates": [ 22.918426, 40.648756 ] } },
{ "type": "Feature", "properties": { "education_source": "education_8", "education_type": "School", "name": "1o Λύκειο Ν. Μηχανιώνας", "name_el": null, "operator": null, "amenity": "school", "education": null, "office": null }, "geometry": { "type": "Point", "coordinates": [ 22.867912, 40.463071 ] } },
{ "type": "Feature", "properties": { "education_source": "education_8", "education_type": "School", "name": "1ο & 2ο Γυμνάσιο Ν. Μηχανιώνας", "name_el": null, "operator": null, "amenity": "school", "education": null, "office": null }, "geometry": { "type": "Point", "coordinates": [ 22.866206, 40.463128 ] } },
{ "type": "Feature", "properties": { "education_source": "education_8", "education_type": "School", "name": "1ο Δημοτικό Σχολείο Νέας Μηχανιώνας", "name_el": "1ο Δημοτικό Σχολείο Νέας Μηχανιώνας", "operator": null, "amenity": "school", "education": null, "office": null }, "geometry": { "type": "Point", "coordinates": [ 22.858648, 40.468047 ] } },
{ "type": "Feature", "properties": { "education_source": "education_8", "education_type": "School", "name": "Δημοτικό Σχολείο Νέας Κερασιάς", "name_el": "Δημοτικό Σχολείο Νέας Κερασιάς", "operator": null, "amenity": "school", "education": null, "office": null }, "geometry": { "type": "Point", "coordinates": [ 22.86701, 40.475287 ] } },
{ "type": "Feature", "properties": { "education_source": "education_8", "education_type": "School", "name": "Δημοτικό Σχολείο Αγίας Τριάδας", "name_el": null, "operator": null, "amenity": "school", "education": null, "office": null }, "geometry": { "type": "Point", "coordinates": [ 22.878041, 40.50011 ] } },
{ "type": "Feature", "properties": { "education_source": "education_9", "education_type": "School", "name": "2ο Δημοτικό Σχολείο", "name_el": null, "operator": null, "amenity": "school", "education": null, "office": null }, "geometry": { "type": "Point", "coordinates": [ 22.731685, 40.623808 ] } },
{ "type": "Feature", "properties": { "education_source": "education_9", "education_type": "School", "name": "Γυμνάσιο Χαλάστρας", "name_el": null, "operator": null, "amenity": "school", "education": null, "office": null }, "geometry": { "type": "Point", "coordinates": [ 22.743862, 40.631194 ] } },
{ "type": "Feature", "properties": { "education_source": "education_9", "education_type": "School", "name": "Λύκειο Χαλάστρας", "name_el": null, "operator": null, "amenity": "school", "education": null, "office": null }, "geometry": { "type": "Point", "coordinates": [ 22.743669, 40.631682 ] } },
{ "type": "Feature", "properties": { "education_source": "education_8", "education_type": "School", "name": null, "name_el": null, "operator": null, "amenity": "school", "education": null, "office": null }, "geometry": { "type": "Point", "coordinates": [ 22.85882, 40.638275 ] } },
{ "type": "Feature", "properties": { "education_source": "education_8", "education_type": "School", "name": "2ο Γυμνάσιο Περαίας", "name_el": null, "operator": null, "amenity": "school", "education": null, "office": null }, "geometry": { "type": "Point", "coordinates": [ 22.92927, 40.50734 ] } },
{ "type": "Feature", "properties": { "education_source": "education_8", "education_type": "School", "name": "4ο Δημοτικό Σχολείο Περαίας", "name_el": null, "operator": null, "amenity": "school", "education": null, "office": null }, "geometry": { "type": "Point", "coordinates": [ 22.929145, 40.508021 ] } },
{ "type": "Feature", "properties": { "education_source": "education_3", "education_type": "University", "name": "Κτηνιατρική Σχολή Αριστοτέλειου Πανεπιστήμιου Θεσσαλονίκης", "name_el": "Κτηνιατρική Σχολή Αριστοτέλειου Πανεπιστήμιου Θεσσαλονίκης", "operator": null, "amenity": "university", "education": null, "office": null }, "geometry": { "type": "Point", "coordinates": [ 22.925404, 40.643743 ] } },
{ "type": "Feature", "properties": { "education_source": "education_8", "education_type": "School", "name": null, "name_el": null, "operator": null, "amenity": "school", "education": null, "office": null }, "geometry": { "type": "Point", "coordinates": [ 22.933373, 40.644706 ] } },
{ "type": "Feature", "properties": { "education_source": "education_8", "education_type": "School", "name": "63ο & 65ο Δημοτικό Σχολείο, 38ο & 42ο Νηπιαγωγείο", "name_el": null, "operator": null, "amenity": "school", "education": null, "office": null }, "geometry": { "type": "Point", "coordinates": [ 22.927371, 40.645078 ] } },
{ "type": "Feature", "properties": { "education_source": "education_8", "education_type": "School", "name": "16ο Γενικό Λύκειο Θεσσαλονίκης", "name_el": "16ο Γενικό Λύκειο Θεσσαλονίκης", "operator": null, "amenity": "school", "education": null, "office": null }, "geometry": { "type": "Point", "coordinates": [ 22.932671, 40.645145 ] } },
{ "type": "Feature", "properties": { "education_source": "education_8", "education_type": "School", "name": null, "name_el": null, "operator": null, "amenity": "school", "education": null, "office": null }, "geometry": { "type": "Point", "coordinates": [ 22.933362, 40.646911 ] } },
{ "type": "Feature", "properties": { "education_source": "education_8", "education_type": "School", "name": "67ο Δημοτικό Σχολείο Θεσσαλονίκης", "name_el": null, "operator": null, "amenity": "school", "education": null, "office": null }, "geometry": { "type": "Point", "coordinates": [ 22.930326, 40.646944 ] } },
{ "type": "Feature", "properties": { "education_source": "education_8", "education_type": "School", "name": "66ο Δημοτικό Σχολείο", "name_el": null, "operator": null, "amenity": "school", "education": null, "office": null }, "geometry": { "type": "Point", "coordinates": [ 22.934264, 40.647299 ] } },
{ "type": "Feature", "properties": { "education_source": "education_8", "education_type": "School", "name": "Σκεπάρνη", "name_el": "Σκεπάρνη", "operator": null, "amenity": "school", "education": null, "office": null }, "geometry": { "type": "Point", "coordinates": [ 22.924965, 40.649324 ] } },
{ "type": "Feature", "properties": { "education_source": "education_9", "education_type": "School", "name": "8o Ολοήμερο Νπιαγωγείο", "name_el": null, "operator": null, "amenity": "school", "education": null, "office": null }, "geometry": { "type": "Point", "coordinates": [ 22.926148, 40.650031 ] } },
{ "type": "Feature", "properties": { "education_source": "education_9", "education_type": "School", "name": "13o Δημοτικό Σχολείο Αμπελοκήπων", "name_el": null, "operator": null, "amenity": "school", "education": null, "office": null }, "geometry": { "type": "Point", "coordinates": [ 22.929931, 40.651957 ] } },
{ "type": "Feature", "properties": { "education_source": "education_8", "education_type": "School", "name": "4ο Γυμνάσιο Αμπελοκήπων", "name_el": null, "operator": null, "amenity": "school", "education": null, "office": null }, "geometry": { "type": "Point", "coordinates": [ 22.929638, 40.652246 ] } },
{ "type": "Feature", "properties": { "education_source": "education_9", "education_type": "School", "name": "Δημοτικό Ωδείο Αμπελοκήπων", "name_el": null, "operator": null, "amenity": "school", "education": null, "office": null }, "geometry": { "type": "Point", "coordinates": [ 22.930738, 40.652597 ] } },
{ "type": "Feature", "properties": { "education_source": "education_8", "education_type": "School", "name": "12o Νηπιαγωγείο Αμπελοκήπων", "name_el": "12o Νηπιαγωγείο Αμπελοκήπων", "operator": null, "amenity": "school", "education": null, "office": null }, "geometry": { "type": "Point", "coordinates": [ 22.929569, 40.653025 ] } },
{ "type": "Feature", "properties": { "education_source": "education_8", "education_type": "School", "name": "2ο και 12ο Δημοτικά Σχολεία Αμπελοκήπων", "name_el": null, "operator": null, "amenity": "school", "education": null, "office": null }, "geometry": { "type": "Point", "coordinates": [ 22.922298, 40.653717 ] } },
{ "type": "Feature", "properties": { "education_source": "education_8", "education_type": "School", "name": "1ο Δημοτικό Σχολείο Αμπελοκήπων", "name_el": null, "operator": null, "amenity": "school", "education": null, "office": null }, "geometry": { "type": "Point", "coordinates": [ 22.921516, 40.653942 ] } },
{ "type": "Feature", "properties": { "education_source": "education_8", "education_type": "School", "name": "4ο Δημοτικό Σχολείο Αμπελοκήπων", "name_el": "4ο Δημοτικό Σχολείο Αμπελοκήπων", "operator": null, "amenity": "school", "education": null, "office": null }, "geometry": { "type": "Point", "coordinates": [ 22.929048, 40.654547 ] } },
{ "type": "Feature", "properties": { "education_source": "education_8", "education_type": "School", "name": "Καλλιτεχνικό Γυμνάσιο-Λύκειο Αμπελοκήπων", "name_el": null, "operator": null, "amenity": "school", "education": null, "office": null }, "geometry": { "type": "Point", "coordinates": [ 22.922218, 40.654649 ] } },
{ "type": "Feature", "properties": { "education_source": "education_8", "education_type": "School", "name": "3ο Γυμνάσιο Αμπελοκήπων", "name_el": null, "operator": null, "amenity": "school", "education": null, "office": null }, "geometry": { "type": "Point", "coordinates": [ 22.918941, 40.651823 ] } },
{ "type": "Feature", "properties": { "education_source": "education_9", "education_type": "School", "name": "2o - 4o Δημοτικό Μενεμένης", "name_el": null, "operator": null, "amenity": "school", "education": null, "office": null }, "geometry": { "type": "Point", "coordinates": [ 22.914525, 40.655517 ] } },
{ "type": "Feature", "properties": { "education_source": "education_9", "education_type": "School", "name": "10ο Νηπιαγωγείο Αμπελοκήπων", "name_el": null, "operator": null, "amenity": "school", "education": null, "office": null }, "geometry": { "type": "Point", "coordinates": [ 22.919795, 40.655815 ] } },
{ "type": "Feature", "properties": { "education_source": "education_8", "education_type": "School", "name": "6ο Δημοτικό Σχολείο Μενεμένης", "name_el": null, "operator": null, "amenity": "school", "education": null, "office": null }, "geometry": { "type": "Point", "coordinates": [ 22.908183, 40.655763 ] } },
{ "type": "Feature", "properties": { "education_source": "education_9", "education_type": "School", "name": "5ο Νηπιαγωγείο Αμπελοκήπων", "name_el": null, "operator": null, "amenity": "school", "education": null, "office": null }, "geometry": { "type": "Point", "coordinates": [ 22.92018, 40.656935 ] } },
{ "type": "Feature", "properties": { "education_source": "education_8", "education_type": "School", "name": "Γυμνάσιο-Λύκειο Μενεμένης", "name_el": null, "operator": null, "amenity": "school", "education": null, "office": null }, "geometry": { "type": "Point", "coordinates": [ 22.909196, 40.656834 ] } },
{ "type": "Feature", "properties": { "education_source": "education_9", "education_type": "School", "name": "4ο Δημοτικό Σχολείο", "name_el": null, "operator": null, "amenity": "school", "education": null, "office": null }, "geometry": { "type": "Point", "coordinates": [ 22.915451, 40.656937 ] } },
{ "type": "Feature", "properties": { "education_source": "education_9", "education_type": "School", "name": "ΚΔΑΠ Μεμεμένης", "name_el": null, "operator": null, "amenity": "school", "education": null, "office": null }, "geometry": { "type": "Point", "coordinates": [ 22.913665, 40.65742 ] } },
{ "type": "Feature", "properties": { "education_source": "education_9", "education_type": "School", "name": "11ο - 13ο Νηπιαγωγείο Αμπελοκήπων", "name_el": null, "operator": null, "amenity": "school", "education": null, "office": null }, "geometry": { "type": "Point", "coordinates": [ 22.929808, 40.65505 ] } },
{ "type": "Feature", "properties": { "education_source": "education_8", "education_type": "School", "name": null, "name_el": null, "operator": null, "amenity": "school", "education": null, "office": null }, "geometry": { "type": "Point", "coordinates": [ 22.931209, 40.657323 ] } },
{ "type": "Feature", "properties": { "education_source": "education_8", "education_type": "School", "name": "1ο & 2ο ΕΠΑΛ Σταυρούπολης", "name_el": null, "operator": null, "amenity": "school", "education": null, "office": null }, "geometry": { "type": "Point", "coordinates": [ 22.930549, 40.657338 ] } },
{ "type": "Feature", "properties": { "education_source": "education_9", "education_type": "School", "name": "5ο Δημοτικό Σχολείο Αμπελοκήπων", "name_el": null, "operator": null, "amenity": "school", "education": null, "office": null }, "geometry": { "type": "Point", "coordinates": [ 22.920641, 40.657319 ] } },
{ "type": "Feature", "properties": { "education_source": "education_9", "education_type": "School", "name": "1ο Λύκειο Αμπελοκήπων 'Γρηγόριος Γερομιχαλός'", "name_el": null, "operator": null, "amenity": "school", "education": null, "office": null }, "geometry": { "type": "Point", "coordinates": [ 22.920587, 40.657637 ] } },
{ "type": "Feature", "properties": { "education_source": "education_8", "education_type": "School", "name": "13ο Δημοτικό Σχολείο Σταυρούπολης", "name_el": "13ο Δημοτικό Σχολείο Σταυρούπολης", "operator": null, "amenity": "school", "education": null, "office": null }, "geometry": { "type": "Point", "coordinates": [ 22.929572, 40.657758 ] } },
{ "type": "Feature", "properties": { "education_source": "education_3", "education_type": "University", "name": "Σχολή Καλών Τεχνών ΑΠΘ", "name_el": "Σχολή Καλών Τεχνών ΑΠΘ", "operator": "Αριστοτέλειο Πανεπιστήμιο Θεσσαλονίκης", "amenity": "university", "education": null, "office": null }, "geometry": { "type": "Point", "coordinates": [ 22.927981, 40.658329 ] } },
{ "type": "Feature", "properties": { "education_source": "education_9", "education_type": "School", "name": "1ο ΕΠΑΛ Αμπελοκήπων", "name_el": null, "operator": null, "amenity": "school", "education": null, "office": null }, "geometry": { "type": "Point", "coordinates": [ 22.92168, 40.6587 ] } },
{ "type": "Feature", "properties": { "education_source": "education_8", "education_type": "School", "name": null, "name_el": null, "operator": null, "amenity": "school", "education": null, "office": null }, "geometry": { "type": "Point", "coordinates": [ 22.908645, 40.658994 ] } },
{ "type": "Feature", "properties": { "education_source": "education_9", "education_type": "School", "name": "6ο Δημοτικό Μενεμένης", "name_el": null, "operator": null, "amenity": "school", "education": null, "office": null }, "geometry": { "type": "Point", "coordinates": [ 22.911887, 40.659778 ] } },
{ "type": "Feature", "properties": { "education_source": "education_8", "education_type": "School", "name": null, "name_el": null, "operator": null, "amenity": "school", "education": null, "office": null }, "geometry": { "type": "Point", "coordinates": [ 22.899031, 40.659684 ] } },
{ "type": "Feature", "properties": { "education_source": "education_8", "education_type": "School", "name": "3ο & 7ο Δημοτικό Σχολείο", "name_el": null, "operator": null, "amenity": "school", "education": null, "office": null }, "geometry": { "type": "Point", "coordinates": [ 22.910403, 40.661725 ] } },
{ "type": "Feature", "properties": { "education_source": "education_8", "education_type": "School", "name": "Β' παιδικός σταθμός Ευόσμου", "name_el": null, "operator": null, "amenity": "school", "education": null, "office": null }, "geometry": { "type": "Point", "coordinates": [ 22.907868, 40.662201 ] } },
{ "type": "Feature", "properties": { "education_source": "education_8", "education_type": "School", "name": "3ο και 6ο Νηπιαγωγείο Ευόσμου", "name_el": null, "operator": null, "amenity": "school", "education": null, "office": null }, "geometry": { "type": "Point", "coordinates": [ 22.908239, 40.662391 ] } },
{ "type": "Feature", "properties": { "education_source": "education_8", "education_type": "School", "name": "5ο Γυμνάσιο Ευόσμου", "name_el": "5ο Γυμνάσιο Ευόσμου", "operator": null, "amenity": "school", "education": null, "office": null }, "geometry": { "type": "Point", "coordinates": [ 22.90111, 40.662347 ] } },
{ "type": "Feature", "properties": { "education_source": "education_8", "education_type": "School", "name": null, "name_el": null, "operator": null, "amenity": "school", "education": null, "office": null }, "geometry": { "type": "Point", "coordinates": [ 22.919172, 40.663165 ] } },
{ "type": "Feature", "properties": { "education_source": "education_8", "education_type": "School", "name": "2ο Γυμνάσιο-Λύκειο 3ο-5ο Δημοτικό", "name_el": null, "operator": null, "amenity": "school", "education": null, "office": null }, "geometry": { "type": "Point", "coordinates": [ 22.895972, 40.656929 ] } },
{ "type": "Feature", "properties": { "education_source": "education_8", "education_type": "School", "name": "2ο Νηπιαγωγείο", "name_el": null, "operator": null, "amenity": "school", "education": null, "office": null }, "geometry": { "type": "Point", "coordinates": [ 22.895041, 40.657334 ] } },
{ "type": "Feature", "properties": { "education_source": "education_3", "education_type": "University", "name": "Διεθνές Πανεπιστήμιο Ελλάδος - Αλεξάνδρεια Πανεπιστημιούπολη", "name_el": "Διεθνές Πανεπιστήμιο Ελλάδος - Αλεξάνδρεια Πανεπιστημιούπολη", "operator": null, "amenity": "university", "education": null, "office": null }, "geometry": { "type": "Point", "coordinates": [ 22.810777, 40.65676 ] } },
{ "type": "Feature", "properties": { "education_source": "education_8", "education_type": "School", "name": "Γυμνάσιο Ανατολικού", "name_el": null, "operator": null, "amenity": "school", "education": null, "office": null }, "geometry": { "type": "Point", "coordinates": [ 22.716353, 40.656717 ] } },
{ "type": "Feature", "properties": { "education_source": "education_8", "education_type": "School", "name": "Δημοτικό Σχολείο Ανατολικού", "name_el": null, "operator": null, "amenity": "school", "education": null, "office": null }, "geometry": { "type": "Point", "coordinates": [ 22.714093, 40.661784 ] } },
{ "type": "Feature", "properties": { "education_source": "education_9", "education_type": "School", "name": "1ο Δημοτικό Σχολείο Σίνδου", "name_el": null, "operator": null, "amenity": "school", "education": null, "office": null }, "geometry": { "type": "Point", "coordinates": [ 22.800866, 40.66287 ] } },
{ "type": "Feature", "properties": { "education_source": "education_8", "education_type": "School", "name": "Νηπιαγωγείο Ανατολικού", "name_el": null, "operator": null, "amenity": "school", "education": null, "office": null }, "geometry": { "type": "Point", "coordinates": [ 22.711701, 40.661976 ] } },
{ "type": "Feature", "properties": { "education_source": "education_8", "education_type": "School", "name": "Γυμνάσιο Σίνδου", "name_el": null, "operator": null, "amenity": "school", "education": null, "office": null }, "geometry": { "type": "Point", "coordinates": [ 22.805562, 40.663714 ] } },
{ "type": "Feature", "properties": { "education_source": "education_8", "education_type": "School", "name": null, "name_el": null, "operator": null, "amenity": "school", "education": null, "office": null }, "geometry": { "type": "Point", "coordinates": [ 22.898062, 40.665723 ] } },
{ "type": "Feature", "properties": { "education_source": "education_8", "education_type": "School", "name": "Λύκειο Σίνδου", "name_el": null, "operator": null, "amenity": "school", "education": null, "office": null }, "geometry": { "type": "Point", "coordinates": [ 22.799115, 40.665073 ] } },
{ "type": "Feature", "properties": { "education_source": "education_9", "education_type": "School", "name": "2ο Γυμνάσιο Αμπελοκήπων", "name_el": null, "operator": null, "amenity": "school", "education": null, "office": null }, "geometry": { "type": "Point", "coordinates": [ 22.921397, 40.659311 ] } },
{ "type": "Feature", "properties": { "education_source": "education_8", "education_type": "School", "name": "3ο Δημοτικό Σχολείο Σταυρούπολης «Μίκης Θεοδωράκης»»", "name_el": "3ο Δημοτικό Σχολείο Σταυρούπολης «Μίκης Θεοδωράκης»»", "operator": null, "amenity": "school", "education": null, "office": null }, "geometry": { "type": "Point", "coordinates": [ 22.930376, 40.660081 ] } },
{ "type": "Feature", "properties": { "education_source": "education_8", "education_type": "School", "name": "ΕΕΕΕΚ Παύλου Μελά", "name_el": null, "operator": null, "amenity": "school", "education": null, "office": null }, "geometry": { "type": "Point", "coordinates": [ 22.934053, 40.661257 ] } },
{ "type": "Feature", "properties": { "education_source": "education_8", "education_type": "School", "name": "17ο Νηπιαγωγείο Σταυρούπολης", "name_el": null, "operator": null, "amenity": "school", "education": null, "office": null }, "geometry": { "type": "Point", "coordinates": [ 22.926637, 40.661389 ] } },
{ "type": "Feature", "properties": { "education_source": "education_8", "education_type": "School", "name": "Δ' Παιδικός Σταθμός Ευόσμου", "name_el": null, "operator": null, "amenity": "school", "education": null, "office": null }, "geometry": { "type": "Point", "coordinates": [ 22.925751, 40.662253 ] } },
{ "type": "Feature", "properties": { "education_source": "education_8", "education_type": "School", "name": null, "name_el": null, "operator": null, "amenity": "school", "education": null, "office": null }, "geometry": { "type": "Point", "coordinates": [ 22.922023, 40.664205 ] } },
{ "type": "Feature", "properties": { "education_source": "education_8", "education_type": "School", "name": "14ο Νηπειαγωγείο Ευόσμου", "name_el": null, "operator": null, "amenity": "school", "education": null, "office": null }, "geometry": { "type": "Point", "coordinates": [ 22.925726, 40.665214 ] } },
{ "type": "Feature", "properties": { "education_source": "education_8", "education_type": "School", "name": "3ο & 4ο Γυμνάσιο Ευόσμου", "name_el": null, "operator": null, "amenity": "school", "education": null, "office": null }, "geometry": { "type": "Point", "coordinates": [ 22.925141, 40.665547 ] } },
{ "type": "Feature", "properties": { "education_source": "education_8", "education_type": "School", "name": "11ο Δημοτικό Σχολείο Ευόσμου", "name_el": null, "operator": null, "amenity": "school", "education": null, "office": null }, "geometry": { "type": "Point", "coordinates": [ 22.925682, 40.665988 ] } },
{ "type": "Feature", "properties": { "education_source": "education_3", "education_type": "University", "name": "Στρατιωτική Σχολή Αξιωματικών Σωμάτων", "name_el": "Στρατιωτική Σχολή Αξιωματικών Σωμάτων", "operator": null, "amenity": "university", "education": null, "office": null }, "geometry": { "type": "Point", "coordinates": [ 22.962841, 40.624397 ] } },
{ "type": "Feature", "properties": { "education_source": "education_3", "education_type": "University", "name": "Πανεπιστήμιο Μακεδονίας", "name_el": "Πανεπιστήμιο Μακεδονίας", "operator": null, "amenity": "university", "education": null, "office": null }, "geometry": { "type": "Point", "coordinates": [ 22.960107, 40.625133 ] } },
{ "type": "Feature", "properties": { "education_source": "education_3", "education_type": "University", "name": "Αριστοτέλειο Πανεπιστήμιο", "name_el": "Αριστοτέλειο Πανεπιστήμιο Θεσσαλονίκης", "operator": null, "amenity": "university", "education": null, "office": null }, "geometry": { "type": "Point", "coordinates": [ 22.958994, 40.629807 ] } },
{ "type": "Feature", "properties": { "education_source": "education_8", "education_type": "School", "name": null, "name_el": null, "operator": null, "amenity": "school", "education": null, "office": null }, "geometry": { "type": "Point", "coordinates": [ 22.959757, 40.636943 ] } },
{ "type": "Feature", "properties": { "education_source": "education_8", "education_type": "School", "name": "1ο Δημοτικό Σχολείο Αγίου Παύλου", "name_el": null, "operator": null, "amenity": "school", "education": null, "office": null }, "geometry": { "type": "Point", "coordinates": [ 22.964255, 40.637879 ] } },
{ "type": "Feature", "properties": { "education_source": "education_8", "education_type": "School", "name": "7ο Γυμνάσιο Θεσσαλονίκης", "name_el": "7ο Γυμνάσιο Θεσσαλονίκης", "operator": null, "amenity": "school", "education": null, "office": null }, "geometry": { "type": "Point", "coordinates": [ 22.959511, 40.63894 ] } },
{ "type": "Feature", "properties": { "education_source": "education_8", "education_type": "School", "name": "50ο Δημοτικό Σχολείο Θεσσαλονίκης", "name_el": "50ο Δημοτικό Σχολείο Θεσσαλονίκης", "operator": null, "amenity": "school", "education": null, "office": null }, "geometry": { "type": "Point", "coordinates": [ 22.959807, 40.641847 ] } },
{ "type": "Feature", "properties": { "education_source": "education_8", "education_type": "School", "name": null, "name_el": null, "operator": null, "amenity": "school", "education": null, "office": null }, "geometry": { "type": "Point", "coordinates": [ 22.957255, 40.644876 ] } },
{ "type": "Feature", "properties": { "education_source": "education_8", "education_type": "School", "name": null, "name_el": null, "operator": null, "amenity": "school", "education": null, "office": null }, "geometry": { "type": "Point", "coordinates": [ 22.959238, 40.644925 ] } },
{ "type": "Feature", "properties": { "education_source": "education_8", "education_type": "School", "name": "15ο Γυμνάσιο - Γενικό Λύκειο Θεσσαλονίκης", "name_el": "15ο Γυμνάσιο - Γενικό Λύκειο Θεσσαλονίκης", "operator": null, "amenity": "school", "education": null, "office": null }, "geometry": { "type": "Point", "coordinates": [ 22.9443, 40.63308 ] } },
{ "type": "Feature", "properties": { "education_source": "education_7", "education_type": "College", "name": "Σχολή Αεροσυνοδών ΙΑΤΑ Airline Training Center Greece", "name_el": "Σχολή Αεροσυνοδών ΙΑΤΑ Airline Training Center Greece", "operator": "Airline Training Center", "amenity": "college", "education": null, "office": null }, "geometry": { "type": "Point", "coordinates": [ 22.938386, 40.633384 ] } },
{ "type": "Feature", "properties": { "education_source": "education_8", "education_type": "School", "name": "ΙΕΚ Ακμή", "name_el": "ΙΕΚ Ακμή", "operator": null, "amenity": "school", "education": null, "office": null }, "geometry": { "type": "Point", "coordinates": [ 22.939793, 40.634317 ] } },
{ "type": "Feature", "properties": { "education_source": "education_5", "education_type": "Training institute", "name": "Ipodomi", "name_el": null, "operator": null, "amenity": null, "education": null, "office": "educational_institution" }, "geometry": { "type": "Point", "coordinates": [ 22.946224, 40.634542 ] } },
{ "type": "Feature", "properties": { "education_source": "education_5", "education_type": "Training institute", "name": null, "name_el": null, "operator": null, "amenity": null, "education": null, "office": "educational_institution" }, "geometry": { "type": "Point", "coordinates": [ 22.94624, 40.634998 ] } },
{ "type": "Feature", "properties": { "education_source": "education_9", "education_type": "School", "name": "ΙΕΚ Ακμή", "name_el": null, "operator": null, "amenity": "school", "education": null, "office": null }, "geometry": { "type": "Point", "coordinates": [ 22.935625, 40.635122 ] } },
{ "type": "Feature", "properties": { "education_source": "education_3", "education_type": "University", "name": "Τμήμα Δημοσιογραφίας ΑΠΘ", "name_el": null, "operator": null, "amenity": "university", "education": null, "office": null }, "geometry": { "type": "Point", "coordinates": [ 22.940372, 40.637637 ] } },
{ "type": "Feature", "properties": { "education_source": "education_9", "education_type": "School", "name": "1ο ΕΠΑΛ Θεσσαλονίκης", "name_el": null, "operator": null, "amenity": "school", "education": null, "office": null }, "geometry": { "type": "Point", "coordinates": [ 22.934856, 40.638071 ] } },
{ "type": "Feature", "properties": { "education_source": "education_8", "education_type": "School", "name": "4ο Γυμνάσιο - Λύκειο Θεσσαλονίκης", "name_el": null, "operator": null, "amenity": "school", "education": null, "office": null }, "geometry": { "type": "Point", "coordinates": [ 22.940907, 40.639443 ] } },
{ "type": "Feature", "properties": { "education_source": "education_7", "education_type": "College", "name": "Mediterranean College", "name_el": null, "operator": null, "amenity": "college", "education": null, "office": null }, "geometry": { "type": "Point", "coordinates": [ 22.936523, 40.639466 ] } },
{ "type": "Feature", "properties": { "education_source": "education_8", "education_type": "School", "name": "51ο Δημοτικό Σχολείο Θεσσαλονίκης", "name_el": "51ο Δημοτικό Σχολείο Θεσσαλονίκης", "operator": null, "amenity": "school", "education": null, "office": null }, "geometry": { "type": "Point", "coordinates": [ 22.946968, 40.639693 ] } },
{ "type": "Feature", "properties": { "education_source": "education_8", "education_type": "School", "name": "53ο Δημοτικό και 32ο Νηπιαγωγείο", "name_el": null, "operator": null, "amenity": "school", "education": null, "office": null }, "geometry": { "type": "Point", "coordinates": [ 22.945655, 40.6418 ] } },
{ "type": "Feature", "properties": { "education_source": "education_8", "education_type": "School", "name": null, "name_el": null, "operator": null, "amenity": "school", "education": null, "office": null }, "geometry": { "type": "Point", "coordinates": [ 22.943777, 40.642238 ] } },
{ "type": "Feature", "properties": { "education_source": "education_8", "education_type": "School", "name": "54ο Δημοτικό Σχολείο Θεσσαλονίκης", "name_el": null, "operator": null, "amenity": "school", "education": null, "office": null }, "geometry": { "type": "Point", "coordinates": [ 22.94494, 40.642615 ] } },
{ "type": "Feature", "properties": { "education_source": "education_8", "education_type": "School", "name": "Δημοτικά Σχολεία Παναγίας Φανερωμένης", "name_el": null, "operator": null, "amenity": "school", "education": null, "office": null }, "geometry": { "type": "Point", "coordinates": [ 22.939463, 40.645587 ] } },
{ "type": "Feature", "properties": { "education_source": "education_8", "education_type": "School", "name": "Πειραματικό Σχολείο Πανεπιστημίου Θεσσαλονίκης", "name_el": null, "operator": null, "amenity": "school", "education": null, "office": null }, "geometry": { "type": "Point", "coordinates": [ 22.948378, 40.6365 ] } },
{ "type": "Feature", "properties": { "education_source": "education_8", "education_type": "School", "name": "37ο Δημοτικό & 64ο Νηπιαγωγείο Θεσσαλονίκης", "name_el": null, "operator": null, "amenity": "school", "education": null, "office": null }, "geometry": { "type": "Point", "coordinates": [ 22.949364, 40.636946 ] } },
{ "type": "Feature", "properties": { "education_source": "education_8", "education_type": "School", "name": null, "name_el": null, "operator": null, "amenity": "school", "education": null, "office": null }, "geometry": { "type": "Point", "coordinates": [ 22.951904, 40.638849 ] } },
{ "type": "Feature", "properties": { "education_source": "education_8", "education_type": "School", "name": null, "name_el": null, "operator": null, "amenity": "school", "education": null, "office": null }, "geometry": { "type": "Point", "coordinates": [ 22.953939, 40.647182 ] } },
{ "type": "Feature", "properties": { "education_source": "education_9", "education_type": "School", "name": "Φροντιστήριο Εφόδιο 2000", "name_el": null, "operator": null, "amenity": "school", "education": null, "office": null }, "geometry": { "type": "Point", "coordinates": [ 22.950343, 40.649642 ] } },
{ "type": "Feature", "properties": { "education_source": "education_9", "education_type": "School", "name": "3ο Δημοτικό Σχολείο Συκεών", "name_el": null, "operator": null, "amenity": "school", "education": null, "office": null }, "geometry": { "type": "Point", "coordinates": [ 22.949502, 40.649964 ] } },
{ "type": "Feature", "properties": { "education_source": "education_8", "education_type": "School", "name": "2ο Δημοτικό Σχολείο Νεάπολης", "name_el": "2ο Δημοτικό Σχολείο Νεάπολης", "operator": null, "amenity": "school", "education": null, "office": null }, "geometry": { "type": "Point", "coordinates": [ 22.947212, 40.651863 ] } },
{ "type": "Feature", "properties": { "education_source": "education_9", "education_type": "School", "name": "60ό Δημοτικό Σχολείο", "name_el": null, "operator": null, "amenity": "school", "education": null, "office": null }, "geometry": { "type": "Point", "coordinates": [ 22.939867, 40.646081 ] } },
{ "type": "Feature", "properties": { "education_source": "education_9", "education_type": "School", "name": "13ο Νηπιαγωγείο Συκεών", "name_el": null, "operator": null, "amenity": "school", "education": null, "office": null }, "geometry": { "type": "Point", "coordinates": [ 22.943776, 40.647091 ] } },
{ "type": "Feature", "properties": { "education_source": "education_9", "education_type": "School", "name": "1ο Νηπιαγωγείο Συκεών", "name_el": null, "operator": null, "amenity": "school", "education": null, "office": null }, "geometry": { "type": "Point", "coordinates": [ 22.942812, 40.647161 ] } },
{ "type": "Feature", "properties": { "education_source": "education_9", "education_type": "School", "name": "5ο Νηπιαγωγείο Συκεών", "name_el": null, "operator": null, "amenity": "school", "education": null, "office": null }, "geometry": { "type": "Point", "coordinates": [ 22.942296, 40.647309 ] } },
{ "type": "Feature", "properties": { "education_source": "education_4", "education_type": "Training institute", "name": "ΔΥΠΑ ΚΠΑ2 Νεάπολης & 2Η ΕΠΑΣ Θεσσαλονίκης", "name_el": null, "operator": null, "amenity": null, "education": null, "office": "educational_institution" }, "geometry": { "type": "Point", "coordinates": [ 22.934715, 40.651749 ] } },
{ "type": "Feature", "properties": { "education_source": "education_5", "education_type": "Education", "name": null, "name_el": null, "operator": null, "amenity": null, "education": null, "office": null }, "geometry": { "type": "Point", "coordinates": [ 22.935025, 40.652312 ] } },
{ "type": "Feature", "properties": { "education_source": "education_8", "education_type": "School", "name": "1ο Δημοτικό Σχολείο Νεάπολης", "name_el": null, "operator": null, "amenity": "school", "education": null, "office": null }, "geometry": { "type": "Point", "coordinates": [ 22.941066, 40.652645 ] } },
{ "type": "Feature", "properties": { "education_source": "education_9", "education_type": "School", "name": "Kotsopoulou Language school", "name_el": null, "operator": null, "amenity": "school", "education": null, "office": null }, "geometry": { "type": "Point", "coordinates": [ 22.939621, 40.653288 ] } },
{ "type": "Feature", "properties": { "education_source": "education_8", "education_type": "School", "name": "2ο Γυμνάσιο Συκεών", "name_el": null, "operator": null, "amenity": "school", "education": null, "office": null }, "geometry": { "type": "Point", "coordinates": [ 22.962041, 40.645491 ] } },
{ "type": "Feature", "properties": { "education_source": "education_8", "education_type": "School", "name": null, "name_el": null, "operator": null, "amenity": "school", "education": null, "office": null }, "geometry": { "type": "Point", "coordinates": [ 22.961737, 40.645757 ] } },
{ "type": "Feature", "properties": { "education_source": "education_8", "education_type": "School", "name": null, "name_el": null, "operator": null, "amenity": "school", "education": null, "office": null }, "geometry": { "type": "Point", "coordinates": [ 22.956687, 40.647264 ] } },
{ "type": "Feature", "properties": { "education_source": "education_8", "education_type": "School", "name": "4ο Γυμνάσιο Συκεών", "name_el": "4ο Γυμνάσιο Συκεών", "operator": null, "amenity": "school", "education": null, "office": null }, "geometry": { "type": "Point", "coordinates": [ 22.959805, 40.653548 ] } },
{ "type": "Feature", "properties": { "education_source": "education_8", "education_type": "School", "name": "2ο Δημοτικό Σχολείο Πολίχνης", "name_el": null, "operator": null, "amenity": "school", "education": null, "office": null }, "geometry": { "type": "Point", "coordinates": [ 22.957856, 40.65636 ] } },
{ "type": "Feature", "properties": { "education_source": "education_8", "education_type": "School", "name": "3o ΓΕΛ Πολίχνης", "name_el": null, "operator": null, "amenity": "school", "education": null, "office": null }, "geometry": { "type": "Point", "coordinates": [ 22.964455, 40.66255 ] } },
{ "type": "Feature", "properties": { "education_source": "education_8", "education_type": "School", "name": "4ο Γυμνάσιο Πολίχνης", "name_el": null, "operator": null, "amenity": "school", "education": null, "office": null }, "geometry": { "type": "Point", "coordinates": [ 22.959253, 40.663268 ] } },
{ "type": "Feature", "properties": { "education_source": "education_8", "education_type": "School", "name": null, "name_el": null, "operator": null, "amenity": "school", "education": null, "office": null }, "geometry": { "type": "Point", "coordinates": [ 22.945194, 40.653851 ] } },
{ "type": "Feature", "properties": { "education_source": "education_8", "education_type": "School", "name": "1ο Γενικό Λύκειο Νεάπολης", "name_el": "1ο Γενικό Λύκειο Νεάπολης", "operator": null, "amenity": "school", "education": null, "office": null }, "geometry": { "type": "Point", "coordinates": [ 22.943203, 40.654908 ] } },
{ "type": "Feature", "properties": { "education_source": "education_8", "education_type": "School", "name": "3ο & 5ο Δημοτικό Σχολείο Νεάπολης", "name_el": null, "operator": null, "amenity": "school", "education": null, "office": null }, "geometry": { "type": "Point", "coordinates": [ 22.937395, 40.656026 ] } },
{ "type": "Feature", "properties": { "education_source": "education_8", "education_type": "School", "name": "1ο & 3ο Γυμνάσιο Νεάπολης", "name_el": null, "operator": null, "amenity": "school", "education": null, "office": null }, "geometry": { "type": "Point", "coordinates": [ 22.942343, 40.656308 ] } },
{ "type": "Feature", "properties": { "education_source": "education_8", "education_type": "School", "name": "Δημοτικός Παιδικός Σταθμός", "name_el": null, "operator": null, "amenity": "school", "education": null, "office": null }, "geometry": { "type": "Point", "coordinates": [ 22.938209, 40.656529 ] } },
{ "type": "Feature", "properties": { "education_source": "education_8", "education_type": "School", "name": "Σχολικό συγκρότημα Στρεμπενιώτη", "name_el": null, "operator": null, "amenity": "school", "education": null, "office": null }, "geometry": { "type": "Point", "coordinates": [ 22.944775, 40.656995 ] } },
{ "type": "Feature", "properties": { "education_source": "education_9", "education_type": "School", "name": "ΙΕΚ Νεάπολης", "name_el": null, "operator": null, "amenity": "school", "education": null, "office": null }, "geometry": { "type": "Point", "coordinates": [ 22.943062, 40.657017 ] } },
{ "type": "Feature", "properties": { "education_source": "education_8", "education_type": "School", "name": "3o Δημοτικό Σχολείο / Διθέσιο Νηπιαγωγείο", "name_el": null, "operator": null, "amenity": "school", "education": null, "office": null }, "geometry": { "type": "Point", "coordinates": [ 22.946922, 40.65714 ] } },
{ "type": "Feature", "properties": { "education_source": "education_8", "education_type": "School", "name": "8ο Δημοτικό Σχολείο Νεάπολης", "name_el": null, "operator": null, "amenity": "school", "education": null, "office": null }, "geometry": { "type": "Point", "coordinates": [ 22.947201, 40.654421 ] } },
{ "type": "Feature", "properties": { "education_source": "education_8", "education_type": "School", "name": null, "name_el": null, "operator": null, "amenity": "school", "education": null, "office": null }, "geometry": { "type": "Point", "coordinates": [ 22.94759, 40.654867 ] } },
{ "type": "Feature", "properties": { "education_source": "education_8", "education_type": "School", "name": "4ο & 5ο γυμνάσιο Νεάπολης", "name_el": "4ο & 5ο γυμνάσιο Νεάπολης", "operator": null, "amenity": "school", "education": null, "office": null }, "geometry": { "type": "Point", "coordinates": [ 22.948488, 40.655436 ] } },
{ "type": "Feature", "properties": { "education_source": "education_8", "education_type": "School", "name": "13ο Δημοτικό Σχολείο Πολίχνης", "name_el": null, "operator": null, "amenity": "school", "education": null, "office": null }, "geometry": { "type": "Point", "coordinates": [ 22.955091, 40.661923 ] } },
{ "type": "Feature", "properties": { "education_source": "education_9", "education_type": "School", "name": "12ο Νηπιαγωγείο Πολίχνης", "name_el": null, "operator": null, "amenity": "school", "education": null, "office": null }, "geometry": { "type": "Point", "coordinates": [ 22.95537, 40.66268 ] } },
{ "type": "Feature", "properties": { "education_source": "education_8", "education_type": "School", "name": "2ος Δημοτικός Παιδικός Σταθμός Πολίχνης", "name_el": null, "operator": null, "amenity": "school", "education": null, "office": null }, "geometry": { "type": "Point", "coordinates": [ 22.954454, 40.662918 ] } },
{ "type": "Feature", "properties": { "education_source": "education_8", "education_type": "School", "name": "1ο και 10ο Δημοτικό Σχολείο", "name_el": null, "operator": null, "amenity": "school", "education": null, "office": null }, "geometry": { "type": "Point", "coordinates": [ 22.948355, 40.663381 ] } },
{ "type": "Feature", "properties": { "education_source": "education_8", "education_type": "School", "name": "14ο Δημοτικό Σχολείο Πολίχνης", "name_el": null, "operator": null, "amenity": "school", "education": null, "office": null }, "geometry": { "type": "Point", "coordinates": [ 22.951491, 40.666349 ] } },
{ "type": "Feature", "properties": { "education_source": "education_8", "education_type": "School", "name": null, "name_el": null, "operator": null, "amenity": "school", "education": null, "office": null }, "geometry": { "type": "Point", "coordinates": [ 22.953628, 40.666944 ] } },
{ "type": "Feature", "properties": { "education_source": "education_4", "education_type": "Training institute", "name": "Πνευματικό Κέντρο Δήμου Πολίχνης", "name_el": "Ένωση Ποντίων Πολίχνης", "operator": null, "amenity": null, "education": null, "office": "educational_institution" }, "geometry": { "type": "Point", "coordinates": [ 22.946868, 40.659439 ] } },
{ "type": "Feature", "properties": { "education_source": "education_8", "education_type": "School", "name": "1ο Γυμνάσιο & 1ο Λύκειο Σταυρούπολης", "name_el": "1ο Γυμνάσιο & 1ο Λύκειο Σταυρούπολης", "operator": null, "amenity": "school", "education": null, "office": null }, "geometry": { "type": "Point", "coordinates": [ 22.934892, 40.661606 ] } },
{ "type": "Feature", "properties": { "education_source": "education_8", "education_type": "School", "name": "14ο Δημοτικό Σχολείο Πολίχνης", "name_el": null, "operator": null, "amenity": "school", "education": null, "office": null }, "geometry": { "type": "Point", "coordinates": [ 22.94171, 40.663023 ] } },
{ "type": "Feature", "properties": { "education_source": "education_8", "education_type": "School", "name": "3ο Γυμνάσιο Σταυρούπολης", "name_el": "3ο Γυμνάσιο Σταυρούπολης", "operator": null, "amenity": "school", "education": null, "office": null }, "geometry": { "type": "Point", "coordinates": [ 22.939883, 40.663842 ] } },
{ "type": "Feature", "properties": { "education_source": "education_8", "education_type": "School", "name": "1ο Δημοτικό Σχολείο Σταυρούπολης", "name_el": "1ο Δημοτικό Σχολείο Σταυρούπολης", "operator": null, "amenity": "school", "education": null, "office": null }, "geometry": { "type": "Point", "coordinates": [ 22.939478, 40.664007 ] } },
{ "type": "Feature", "properties": { "education_source": "education_8", "education_type": "School", "name": "12ο και 16ο Νηπιαγωγείο", "name_el": null, "operator": null, "amenity": "school", "education": null, "office": null }, "geometry": { "type": "Point", "coordinates": [ 22.934821, 40.665299 ] } },
{ "type": "Feature", "properties": { "education_source": "education_8", "education_type": "School", "name": "2ο Δημοτικό Σχολείο Σταυρούπολης", "name_el": null, "operator": null, "amenity": "school", "education": null, "office": null }, "geometry": { "type": "Point", "coordinates": [ 22.934555, 40.667289 ] } },
{ "type": "Feature", "properties": { "education_source": "education_8", "education_type": "School", "name": "1ο Γυμνάσιο Πολίχνης", "name_el": "1ο Γυμνάσιο Πολίχνης", "operator": null, "amenity": "school", "education": null, "office": null }, "geometry": { "type": "Point", "coordinates": [ 22.944208, 40.670152 ] } },
{ "type": "Feature", "properties": { "education_source": "education_9", "education_type": "School", "name": "2ο Γυμνάσιο Σταυρούπολης", "name_el": null, "operator": "Ελληνική Δημοκρατία", "amenity": "school", "education": null, "office": null }, "geometry": { "type": "Point", "coordinates": [ 22.937817, 40.670915 ] } },
{ "type": "Feature", "properties": { "education_source": "education_8", "education_type": "School", "name": "8ο Δημοτικό Σχολείο Σταυρούπολης", "name_el": null, "operator": null, "amenity": "school", "education": null, "office": null }, "geometry": { "type": "Point", "coordinates": [ 22.934839, 40.675303 ] } },
{ "type": "Feature", "properties": { "education_source": "education_8", "education_type": "School", "name": null, "name_el": null, "operator": null, "amenity": "school", "education": null, "office": null }, "geometry": { "type": "Point", "coordinates": [ 22.944498, 40.676442 ] } },
{ "type": "Feature", "properties": { "education_source": "education_8", "education_type": "School", "name": null, "name_el": null, "operator": null, "amenity": "school", "education": null, "office": null }, "geometry": { "type": "Point", "coordinates": [ 22.943564, 40.676694 ] } },
{ "type": "Feature", "properties": { "education_source": "education_8", "education_type": "School", "name": "18ο Δημοτικό Σχολείο Σταυρούπολης", "name_el": null, "operator": null, "amenity": "school", "education": null, "office": null }, "geometry": { "type": "Point", "coordinates": [ 22.935303, 40.679416 ] } },
{ "type": "Feature", "properties": { "education_source": "education_8", "education_type": "School", "name": null, "name_el": null, "operator": null, "amenity": "school", "education": null, "office": null }, "geometry": { "type": "Point", "coordinates": [ 22.982175, 40.609394 ] } },
{ "type": "Feature", "properties": { "education_source": "education_8", "education_type": "School", "name": "19ο Δημοτικό Σχολείο", "name_el": null, "operator": null, "amenity": "school", "education": null, "office": null }, "geometry": { "type": "Point", "coordinates": [ 22.972156, 40.610089 ] } },
{ "type": "Feature", "properties": { "education_source": "education_8", "education_type": "School", "name": "Δημοτικός Παιδικός Σταθμός Τούμπας", "name_el": null, "operator": null, "amenity": "school", "education": null, "office": null }, "geometry": { "type": "Point", "coordinates": [ 22.967347, 40.610569 ] } },
{ "type": "Feature", "properties": { "education_source": "education_8", "education_type": "School", "name": "27ο Δημοτικό Σχολείο", "name_el": null, "operator": null, "amenity": "school", "education": null, "office": null }, "geometry": { "type": "Point", "coordinates": [ 22.976022, 40.611011 ] } },
{ "type": "Feature", "properties": { "education_source": "education_9", "education_type": "School", "name": "21o Δημοτικό Σχολείο Θεσσαλονίκης (Τενεκεδένιο)", "name_el": null, "operator": null, "amenity": "school", "education": null, "office": null }, "geometry": { "type": "Point", "coordinates": [ 22.978416, 40.611449 ] } },
{ "type": "Feature", "properties": { "education_source": "education_8", "education_type": "School", "name": null, "name_el": null, "operator": null, "amenity": "school", "education": null, "office": null }, "geometry": { "type": "Point", "coordinates": [ 22.983287, 40.611762 ] } },
{ "type": "Feature", "properties": { "education_source": "education_5", "education_type": "Training institute", "name": "Αξιώτη", "name_el": null, "operator": null, "amenity": null, "education": null, "office": "educational_institution" }, "geometry": { "type": "Point", "coordinates": [ 22.984691, 40.612097 ] } },
{ "type": "Feature", "properties": { "education_source": "education_9", "education_type": "School", "name": "Θερμαϊκό Ωδείο", "name_el": null, "operator": null, "amenity": "school", "education": null, "office": null }, "geometry": { "type": "Point", "coordinates": [ 22.98464, 40.613291 ] } },
{ "type": "Feature", "properties": { "education_source": "education_8", "education_type": "School", "name": null, "name_el": null, "operator": null, "amenity": "school", "education": null, "office": null }, "geometry": { "type": "Point", "coordinates": [ 22.973861, 40.613624 ] } },
{ "type": "Feature", "properties": { "education_source": "education_8", "education_type": "School", "name": null, "name_el": null, "operator": null, "amenity": "school", "education": null, "office": null }, "geometry": { "type": "Point", "coordinates": [ 22.977209, 40.614278 ] } },
{ "type": "Feature", "properties": { "education_source": "education_8", "education_type": "School", "name": "1ο Γυμνάσιο Άνω Τούμπας", "name_el": null, "operator": null, "amenity": "school", "education": null, "office": null }, "geometry": { "type": "Point", "coordinates": [ 22.971118, 40.615141 ] } },
{ "type": "Feature", "properties": { "education_source": "education_8", "education_type": "School", "name": "27o Ενιαίο Λύκειο Θεσ/κης", "name_el": null, "operator": null, "amenity": "school", "education": null, "office": null }, "geometry": { "type": "Point", "coordinates": [ 22.971697, 40.61539 ] } },
{ "type": "Feature", "properties": { "education_source": "education_8", "education_type": "School", "name": null, "name_el": null, "operator": null, "amenity": "school", "education": null, "office": null }, "geometry": { "type": "Point", "coordinates": [ 22.980223, 40.615676 ] } },
{ "type": "Feature", "properties": { "education_source": "education_9", "education_type": "School", "name": "Δημοτικό Σχολείο", "name_el": null, "operator": null, "amenity": "school", "education": null, "office": null }, "geometry": { "type": "Point", "coordinates": [ 22.976883, 40.616476 ] } },
{ "type": "Feature", "properties": { "education_source": "education_8", "education_type": "School", "name": null, "name_el": null, "operator": null, "amenity": "school", "education": null, "office": null }, "geometry": { "type": "Point", "coordinates": [ 22.976417, 40.617822 ] } },
{ "type": "Feature", "properties": { "education_source": "education_8", "education_type": "School", "name": "25ο Δημοτικό Σχολείο Θεσσαλονίκης", "name_el": null, "operator": null, "amenity": "school", "education": null, "office": null }, "geometry": { "type": "Point", "coordinates": [ 22.976823, 40.6202 ] } },
{ "type": "Feature", "properties": { "education_source": "education_8", "education_type": "School", "name": null, "name_el": null, "operator": null, "amenity": "school", "education": null, "office": null }, "geometry": { "type": "Point", "coordinates": [ 22.970478, 40.620471 ] } },
{ "type": "Feature", "properties": { "education_source": "education_8", "education_type": "School", "name": null, "name_el": null, "operator": null, "amenity": "school", "education": null, "office": null }, "geometry": { "type": "Point", "coordinates": [ 22.971057, 40.620607 ] } },
{ "type": "Feature", "properties": { "education_source": "education_8", "education_type": "School", "name": null, "name_el": null, "operator": null, "amenity": "school", "education": null, "office": null }, "geometry": { "type": "Point", "coordinates": [ 22.967084, 40.621115 ] } },
{ "type": "Feature", "properties": { "education_source": "education_8", "education_type": "School", "name": "2ο & 3ο Νηπιαγωγείο Τριανδρίας", "name_el": null, "operator": null, "amenity": "school", "education": null, "office": null }, "geometry": { "type": "Point", "coordinates": [ 22.97537, 40.621805 ] } },
{ "type": "Feature", "properties": { "education_source": "education_8", "education_type": "School", "name": "Βρεφονηπιακός Σταθμός Δήμου Τριανδρίας", "name_el": null, "operator": null, "amenity": "school", "education": null, "office": null }, "geometry": { "type": "Point", "coordinates": [ 22.973955, 40.621815 ] } },
{ "type": "Feature", "properties": { "education_source": "education_8", "education_type": "School", "name": null, "name_el": null, "operator": null, "amenity": "school", "education": null, "office": null }, "geometry": { "type": "Point", "coordinates": [ 22.975254, 40.622477 ] } },
{ "type": "Feature", "properties": { "education_source": "education_8", "education_type": "School", "name": "Δημοτικό και Γραφείο Π.Ε.", "name_el": null, "operator": null, "amenity": "school", "education": null, "office": null }, "geometry": { "type": "Point", "coordinates": [ 22.971192, 40.623294 ] } },
{ "type": "Feature", "properties": { "education_source": "education_9", "education_type": "School", "name": "12ο Ενιαίο Λύκειο Θεσ/κης, 2ο Γυμνάσιο Μαλακοπής", "name_el": null, "operator": null, "amenity": "school", "education": null, "office": null }, "geometry": { "type": "Point", "coordinates": [ 22.987851, 40.611631 ] } },
{ "type": "Feature", "properties": { "education_source": "education_8", "education_type": "School", "name": "3ο Δημοτικό Σχολείο Πυλαίας", "name_el": null, "operator": null, "amenity": "school", "education": null, "office": null }, "geometry": { "type": "Point", "coordinates": [ 22.994043, 40.611852 ] } },
{ "type": "Feature", "properties": { "education_source": "education_9", "education_type": "School", "name": "105ο Δημοτικό Σχολείο Θεσσαλονίκης", "name_el": null, "operator": null, "amenity": "school", "education": null, "office": null }, "geometry": { "type": "Point", "coordinates": [ 22.988237, 40.612014 ] } },
{ "type": "Feature", "properties": { "education_source": "education_8", "education_type": "School", "name": "2ο Δημοτικό Σχολείο Ασβεστοχωρίου", "name_el": null, "operator": null, "amenity": "school", "education": null, "office": null }, "geometry": { "type": "Point", "coordinates": [ 23.021004, 40.641344 ] } },
{ "type": "Feature", "properties": { "education_source": "education_8", "education_type": "School", "name": "1ο Δημοτικό Σχολείο Ασβεστοχωρίου", "name_el": null, "operator": null, "amenity": "school", "education": null, "office": null }, "geometry": { "type": "Point", "coordinates": [ 23.021529, 40.641452 ] } },
{ "type": "Feature", "properties": { "education_source": "education_8", "education_type": "School", "name": "1ο Δημοτικό Σχολείο Πεύκων", "name_el": null, "operator": null, "amenity": "school", "education": null, "office": null }, "geometry": { "type": "Point", "coordinates": [ 22.990225, 40.655715 ] } },
{ "type": "Feature", "properties": { "education_source": "education_8", "education_type": "School", "name": "Δελασάλ", "name_el": null, "operator": null, "amenity": "school", "education": null, "office": null }, "geometry": { "type": "Point", "coordinates": [ 22.995745, 40.655821 ] } },
{ "type": "Feature", "properties": { "education_source": "education_8", "education_type": "School", "name": "Γυμνάσιο Πεύκων - Παράρτημα", "name_el": null, "operator": null, "amenity": "school", "education": null, "office": null }, "geometry": { "type": "Point", "coordinates": [ 23.000257, 40.656624 ] } },
{ "type": "Feature", "properties": { "education_source": "education_8", "education_type": "School", "name": "Φρυγανιώτη", "name_el": null, "operator": null, "amenity": "school", "education": null, "office": null }, "geometry": { "type": "Point", "coordinates": [ 22.986159, 40.656665 ] } },
{ "type": "Feature", "properties": { "education_source": "education_8", "education_type": "School", "name": null, "name_el": null, "operator": null, "amenity": "school", "education": null, "office": null }, "geometry": { "type": "Point", "coordinates": [ 23.247841, 40.627037 ] } },
{ "type": "Feature", "properties": { "education_source": "education_9", "education_type": "School", "name": "Δημοτικό Σχολείο Εξοχής", "name_el": null, "operator": null, "amenity": "school", "education": null, "office": null }, "geometry": { "type": "Point", "coordinates": [ 23.040642, 40.630251 ] } },
{ "type": "Feature", "properties": { "education_source": "education_9", "education_type": "School", "name": "Νηπιαγωγείο Βασιλουδίου", "name_el": null, "operator": null, "amenity": "school", "education": null, "office": null }, "geometry": { "type": "Point", "coordinates": [ 23.190739, 40.632148 ] } },
{ "type": "Feature", "properties": { "education_source": "education_8", "education_type": "School", "name": "Δημοτικό Σχολείο Λαγκαδικίων", "name_el": "Δημοτικό Σχολείο Λαγκαδικίων", "operator": null, "amenity": "school", "education": null, "office": null }, "geometry": { "type": "Point", "coordinates": [ 23.246373, 40.633942 ] } },
{ "type": "Feature", "properties": { "education_source": "education_8", "education_type": "School", "name": "Γυμνάσιο-Λύκειο Λαγκαδικίων", "name_el": "Γυμνάσιο-Λύκειο Λαγκαδικίων", "operator": null, "amenity": "school", "education": null, "office": null }, "geometry": { "type": "Point", "coordinates": [ 23.243436, 40.634755 ] } },
{ "type": "Feature", "properties": { "education_source": "education_9", "education_type": "School", "name": "1ο Γενικό Λύκειο Χορτιάτη", "name_el": null, "operator": null, "amenity": "school", "education": null, "office": null }, "geometry": { "type": "Point", "coordinates": [ 23.032496, 40.641725 ] } },
{ "type": "Feature", "properties": { "education_source": "education_8", "education_type": "School", "name": "Λύκεια Σταυρού", "name_el": null, "operator": null, "amenity": "school", "education": null, "office": null }, "geometry": { "type": "Point", "coordinates": [ 23.699542, 40.662553 ] } },
{ "type": "Feature", "properties": { "education_source": "education_8", "education_type": "School", "name": null, "name_el": null, "operator": null, "amenity": "school", "education": null, "office": null }, "geometry": { "type": "Point", "coordinates": [ 22.975587, 40.62385 ] } },
{ "type": "Feature", "properties": { "education_source": "education_8", "education_type": "School", "name": "11ο Γυμνάσιο & 11ο Λύκειο Θεσ/νίκης", "name_el": null, "operator": null, "amenity": "school", "education": null, "office": null }, "geometry": { "type": "Point", "coordinates": [ 22.970707, 40.627259 ] } },
{ "type": "Feature", "properties": { "education_source": "education_9", "education_type": "School", "name": "31ο και 111ο Δημοτικό Σχολείο Θεσσαλονίκης", "name_el": "31ο και 111ο Δημοτικό Σχολείο Θεσσαλονίκης", "operator": null, "amenity": "school", "education": null, "office": null }, "geometry": { "type": "Point", "coordinates": [ 22.967344, 40.631703 ] } },
{ "type": "Feature", "properties": { "education_source": "education_8", "education_type": "School", "name": null, "name_el": null, "operator": null, "amenity": "school", "education": null, "office": null }, "geometry": { "type": "Point", "coordinates": [ 22.967954, 40.631876 ] } },
{ "type": "Feature", "properties": { "education_source": "education_8", "education_type": "School", "name": "1ο Διθέσιο Νηπιαγωγείο Πευκών", "name_el": null, "operator": null, "amenity": "school", "education": null, "office": null }, "geometry": { "type": "Point", "coordinates": [ 22.985445, 40.659798 ] } },
{ "type": "Feature", "properties": { "education_source": "education_9", "education_type": "School", "name": "Ευρωγνώση", "name_el": null, "operator": null, "amenity": "school", "education": null, "office": null }, "geometry": { "type": "Point", "coordinates": [ 22.981686, 40.659873 ] } },
{ "type": "Feature", "properties": { "education_source": "education_8", "education_type": "School", "name": "2ο Γυμνάσιο Πεύκων", "name_el": null, "operator": null, "amenity": "school", "education": null, "office": null }, "geometry": { "type": "Point", "coordinates": [ 22.97652, 40.662883 ] } },
{ "type": "Feature", "properties": { "education_source": "education_8", "education_type": "School", "name": "1ο Γυμνάσιο Πεύκων", "name_el": null, "operator": null, "amenity": "school", "education": null, "office": null }, "geometry": { "type": "Point", "coordinates": [ 22.998849, 40.656782 ] } },
{ "type": "Feature", "properties": { "education_source": "education_8", "education_type": "School", "name": "Νηπιαγωγείο", "name_el": null, "operator": null, "amenity": "school", "education": null, "office": null }, "geometry": { "type": "Point", "coordinates": [ 22.999722, 40.657065 ] } },
{ "type": "Feature", "properties": { "education_source": "education_8", "education_type": "School", "name": "2ο & 4ο Δημοτικά Σχολεία Πεύκων", "name_el": null, "operator": null, "amenity": "school", "education": null, "office": null }, "geometry": { "type": "Point", "coordinates": [ 22.999273, 40.657176 ] } },
{ "type": "Feature", "properties": { "education_source": "education_8", "education_type": "School", "name": "3ο Δημοτικό Σχολείο Πεύκων", "name_el": null, "operator": null, "amenity": "school", "education": null, "office": null }, "geometry": { "type": "Point", "coordinates": [ 22.991224, 40.657242 ] } },
{ "type": "Feature", "properties": { "education_source": "education_8", "education_type": "School", "name": "Λύκειο Πεύκων", "name_el": null, "operator": null, "amenity": "school", "education": null, "office": null }, "geometry": { "type": "Point", "coordinates": [ 22.998604, 40.657526 ] } },
{ "type": "Feature", "properties": { "education_source": "education_9", "education_type": "School", "name": "Μουσική Σχολή Σείριος", "name_el": "Μουσική Σχολή Σείριος", "operator": null, "amenity": "school", "education": null, "office": null }, "geometry": { "type": "Point", "coordinates": [ 22.990892, 40.658281 ] } },
{ "type": "Feature", "properties": { "education_source": "education_8", "education_type": "School", "name": "Γενικό Λύκειο Πεύκων", "name_el": null, "operator": null, "amenity": "school", "education": null, "office": null }, "geometry": { "type": "Point", "coordinates": [ 22.993776, 40.659437 ] } },
{ "type": "Feature", "properties": { "education_source": "education_8", "education_type": "School", "name": "3ο ΓΕΛ Χορτιάτη, Φίλυρο", "name_el": null, "operator": null, "amenity": "school", "education": null, "office": null }, "geometry": { "type": "Point", "coordinates": [ 22.99693, 40.686364 ] } },
{ "type": "Feature", "properties": { "education_source": "education_8", "education_type": "School", "name": "Δημοτικό Σχολείο Φιλύρου", "name_el": null, "operator": null, "amenity": "school", "education": null, "office": null }, "geometry": { "type": "Point", "coordinates": [ 23.003767, 40.690677 ] } },
{ "type": "Feature", "properties": { "education_source": "education_8", "education_type": "School", "name": null, "name_el": null, "operator": null, "amenity": "school", "education": null, "office": null }, "geometry": { "type": "Point", "coordinates": [ 22.999651, 40.694328 ] } },
{ "type": "Feature", "properties": { "education_source": "education_8", "education_type": "School", "name": "Δημοτικό Σχολείο Σταυρού", "name_el": null, "operator": null, "amenity": "school", "education": null, "office": null }, "geometry": { "type": "Point", "coordinates": [ 23.701101, 40.662712 ] } },
{ "type": "Feature", "properties": { "education_source": "education_8", "education_type": "School", "name": "2ο Δημοτικό Σχολείο", "name_el": "2ο Δημοτικό Σχολείο", "operator": null, "amenity": "school", "education": null, "office": null }, "geometry": { "type": "Point", "coordinates": [ 23.695444, 40.664586 ] } },
{ "type": "Feature", "properties": { "education_source": "education_8", "education_type": "School", "name": "Secondary School", "name_el": null, "operator": null, "amenity": "school", "education": null, "office": null }, "geometry": { "type": "Point", "coordinates": [ 23.694481, 40.664593 ] } },
{ "type": "Feature", "properties": { "education_source": "education_8", "education_type": "School", "name": null, "name_el": null, "operator": null, "amenity": "school", "education": null, "office": null }, "geometry": { "type": "Point", "coordinates": [ 23.331291, 40.693719 ] } },
{ "type": "Feature", "properties": { "education_source": "education_9", "education_type": "School", "name": null, "name_el": null, "operator": null, "amenity": "school", "education": null, "office": null }, "geometry": { "type": "Point", "coordinates": [ 23.697697, 40.706686 ] } },
{ "type": "Feature", "properties": { "education_source": "education_8", "education_type": "School", "name": "Γυμνάσιο Αγίου Γεωργίου", "name_el": null, "operator": null, "amenity": "school", "education": null, "office": null }, "geometry": { "type": "Point", "coordinates": [ 23.706039, 40.716342 ] } },
{ "type": "Feature", "properties": { "education_source": "education_8", "education_type": "School", "name": "Λύκειο Αγίου Γεωργίου", "name_el": null, "operator": null, "amenity": "school", "education": null, "office": null }, "geometry": { "type": "Point", "coordinates": [ 23.705556, 40.716449 ] } },
{ "type": "Feature", "properties": { "education_source": "education_8", "education_type": "School", "name": "Δημοτικό Σχολείο Ασπροβάλτας", "name_el": null, "operator": null, "amenity": "school", "education": null, "office": null }, "geometry": { "type": "Point", "coordinates": [ 23.706105, 40.716963 ] } },
{ "type": "Feature", "properties": { "education_source": "education_8", "education_type": "School", "name": null, "name_el": null, "operator": null, "amenity": "school", "education": null, "office": null }, "geometry": { "type": "Point", "coordinates": [ 23.590481, 40.741551 ] } },
{ "type": "Feature", "properties": { "education_source": "education_8", "education_type": "School", "name": "Φρυγανιώτη", "name_el": null, "operator": null, "amenity": "school", "education": null, "office": null }, "geometry": { "type": "Point", "coordinates": [ 22.969898, 40.669117 ] } },
{ "type": "Feature", "properties": { "education_source": "education_9", "education_type": "School", "name": "Δημοτικό Σχολείο Λητής", "name_el": null, "operator": null, "amenity": "school", "education": null, "office": null }, "geometry": { "type": "Point", "coordinates": [ 22.980574, 40.743075 ] } },
{ "type": "Feature", "properties": { "education_source": "education_9", "education_type": "School", "name": "Νηπιαγωγείο", "name_el": null, "operator": null, "amenity": "school", "education": null, "office": null }, "geometry": { "type": "Point", "coordinates": [ 23.007201, 40.723534 ] } },
{ "type": "Feature", "properties": { "education_source": "education_8", "education_type": "School", "name": null, "name_el": null, "operator": null, "amenity": "school", "education": null, "office": null }, "geometry": { "type": "Point", "coordinates": [ 23.00438, 40.725137 ] } },
{ "type": "Feature", "properties": { "education_source": "education_8", "education_type": "School", "name": "3ο Δημοτικό Σχολείο Ειδικής Αγωγής Ευόσμου", "name_el": null, "operator": null, "amenity": "school", "education": null, "office": null }, "geometry": { "type": "Point", "coordinates": [ 22.918791, 40.663511 ] } },
{ "type": "Feature", "properties": { "education_source": "education_8", "education_type": "School", "name": "3ο Δημοτικό Σχολείο Ευόσμου (Πρότυπο Πειραματικό)", "name_el": null, "operator": null, "amenity": "school", "education": null, "office": null }, "geometry": { "type": "Point", "coordinates": [ 22.906208, 40.664842 ] } },
{ "type": "Feature", "properties": { "education_source": "education_8", "education_type": "School", "name": "Α' παιδικός σταθμός Ευόσμου", "name_el": null, "operator": null, "amenity": "school", "education": null, "office": null }, "geometry": { "type": "Point", "coordinates": [ 22.905408, 40.665813 ] } },
{ "type": "Feature", "properties": { "education_source": "education_8", "education_type": "School", "name": null, "name_el": null, "operator": null, "amenity": "school", "education": null, "office": null }, "geometry": { "type": "Point", "coordinates": [ 22.909027, 40.666281 ] } },
{ "type": "Feature", "properties": { "education_source": "education_8", "education_type": "School", "name": "2ο & 18ο Δημοτικό Σχολείο Ευόσμου", "name_el": null, "operator": null, "amenity": "school", "education": null, "office": null }, "geometry": { "type": "Point", "coordinates": [ 22.903264, 40.66665 ] } },
{ "type": "Feature", "properties": { "education_source": "education_8", "education_type": "School", "name": null, "name_el": null, "operator": null, "amenity": "school", "education": null, "office": null }, "geometry": { "type": "Point", "coordinates": [ 22.919423, 40.667382 ] } },
{ "type": "Feature", "properties": { "education_source": "education_8", "education_type": "School", "name": null, "name_el": null, "operator": null, "amenity": "school", "education": null, "office": null }, "geometry": { "type": "Point", "coordinates": [ 22.900941, 40.667469 ] } },
{ "type": "Feature", "properties": { "education_source": "education_8", "education_type": "School", "name": "1ο & 14ο Δημοτικό, 10 & 26 Νηπιαγωγείο", "name_el": null, "operator": null, "amenity": "school", "education": null, "office": null }, "geometry": { "type": "Point", "coordinates": [ 22.907652, 40.66818 ] } },
{ "type": "Feature", "properties": { "education_source": "education_8", "education_type": "School", "name": "5ο, 8ο & 20ο Δημοτικό Σχολείο Ευόσμου", "name_el": null, "operator": null, "amenity": "school", "education": null, "office": null }, "geometry": { "type": "Point", "coordinates": [ 22.916299, 40.669384 ] } },
{ "type": "Feature", "properties": { "education_source": "education_8", "education_type": "School", "name": "2ο Νηπιαγωγείο Σταυρούπολης", "name_el": null, "operator": null, "amenity": "school", "education": null, "office": null }, "geometry": { "type": "Point", "coordinates": [ 22.933971, 40.666989 ] } },
{ "type": "Feature", "properties": { "education_source": "education_8", "education_type": "School", "name": null, "name_el": null, "operator": null, "amenity": "school", "education": null, "office": null }, "geometry": { "type": "Point", "coordinates": [ 22.930918, 40.668758 ] } },
{ "type": "Feature", "properties": { "education_source": "education_8", "education_type": "School", "name": null, "name_el": null, "operator": null, "amenity": "school", "education": null, "office": null }, "geometry": { "type": "Point", "coordinates": [ 22.92916, 40.669139 ] } },
{ "type": "Feature", "properties": { "education_source": "education_8", "education_type": "School", "name": "10ο και 17ο Δημοτικό Σχολείο Σταυρούπολης", "name_el": null, "operator": null, "amenity": "school", "education": null, "office": null }, "geometry": { "type": "Point", "coordinates": [ 22.92501, 40.669599 ] } },
{ "type": "Feature", "properties": { "education_source": "education_8", "education_type": "School", "name": "9ο Δημοτικό Σχολείο Σταυρούπολης", "name_el": null, "operator": null, "amenity": "school", "education": null, "office": null }, "geometry": { "type": "Point", "coordinates": [ 22.931913, 40.671169 ] } },
{ "type": "Feature", "properties": { "education_source": "education_8", "education_type": "School", "name": "4ο Γυμνάσιο Σταυρούπολης", "name_el": null, "operator": null, "amenity": "school", "education": null, "office": null }, "geometry": { "type": "Point", "coordinates": [ 22.931995, 40.671808 ] } },
{ "type": "Feature", "properties": { "education_source": "education_8", "education_type": "School", "name": "5ο Γυμνάσιο Σταυρούπολης", "name_el": null, "operator": null, "amenity": "school", "education": null, "office": null }, "geometry": { "type": "Point", "coordinates": [ 22.925487, 40.67263 ] } },
{ "type": "Feature", "properties": { "education_source": "education_8", "education_type": "School", "name": "20ο Ολοήμερο Νηπιαγωγείο Σταυρούπολης", "name_el": null, "operator": null, "amenity": "school", "education": null, "office": null }, "geometry": { "type": "Point", "coordinates": [ 22.926242, 40.672783 ] } },
{ "type": "Feature", "properties": { "education_source": "education_8", "education_type": "School", "name": "4ο Γενικό Λύκειο Σταυρούπολης", "name_el": null, "operator": null, "amenity": "school", "education": null, "office": null }, "geometry": { "type": "Point", "coordinates": [ 22.923977, 40.674045 ] } },
{ "type": "Feature", "properties": { "education_source": "education_8", "education_type": "School", "name": "3ο Δημοτικό Σχολείο Σίνδου", "name_el": null, "operator": null, "amenity": "school", "education": null, "office": null }, "geometry": { "type": "Point", "coordinates": [ 22.800828, 40.666538 ] } },
{ "type": "Feature", "properties": { "education_source": "education_8", "education_type": "School", "name": null, "name_el": null, "operator": null, "amenity": "school", "education": null, "office": null }, "geometry": { "type": "Point", "coordinates": [ 22.895571, 40.668011 ] } },
{ "type": "Feature", "properties": { "education_source": "education_8", "education_type": "School", "name": "8ο Δημοτικό Σχολείο Ελευθερίου Κορδελιού", "name_el": null, "operator": null, "amenity": "school", "education": null, "office": null }, "geometry": { "type": "Point", "coordinates": [ 22.892667, 40.668133 ] } },
{ "type": "Feature", "properties": { "education_source": "education_9", "education_type": "School", "name": "2o Δημοτικό Σχολείο Σίνδου", "name_el": null, "operator": null, "amenity": "school", "education": null, "office": null }, "geometry": { "type": "Point", "coordinates": [ 22.809699, 40.669696 ] } },
{ "type": "Feature", "properties": { "education_source": "education_8", "education_type": "School", "name": "6ο Διαπολιτισμικό Σχολείο", "name_el": null, "operator": null, "amenity": "school", "education": null, "office": null }, "geometry": { "type": "Point", "coordinates": [ 22.890644, 40.672359 ] } },
{ "type": "Feature", "properties": { "education_source": "education_9", "education_type": "School", "name": "2ο Λύκειο Ελευθερίου Κορδελιού", "name_el": null, "operator": null, "amenity": "school", "education": null, "office": null }, "geometry": { "type": "Point", "coordinates": [ 22.891037, 40.672799 ] } },
{ "type": "Feature", "properties": { "education_source": "education_8", "education_type": "School", "name": "Γενικό Γυμνάσιο-Λύκειο Αδένδρου", "name_el": null, "operator": null, "amenity": "school", "education": null, "office": null }, "geometry": { "type": "Point", "coordinates": [ 22.593858, 40.670439 ] } },
{ "type": "Feature", "properties": { "education_source": "education_8", "education_type": "School", "name": null, "name_el": null, "operator": null, "amenity": "school", "education": null, "office": null }, "geometry": { "type": "Point", "coordinates": [ 22.893608, 40.673713 ] } },
{ "type": "Feature", "properties": { "education_source": "education_8", "education_type": "School", "name": "4ο & 9ο Δημοτικό Σχολείο Ελευθερίου Κορδελιού", "name_el": null, "operator": null, "amenity": "school", "education": null, "office": null }, "geometry": { "type": "Point", "coordinates": [ 22.898883, 40.671564 ] } },
{ "type": "Feature", "properties": { "education_source": "education_8", "education_type": "School", "name": null, "name_el": null, "operator": null, "amenity": "school", "education": null, "office": null }, "geometry": { "type": "Point", "coordinates": [ 22.919065, 40.672307 ] } },
{ "type": "Feature", "properties": { "education_source": "education_8", "education_type": "School", "name": "2ο Γυμνάσιο Ευόσμου", "name_el": null, "operator": null, "amenity": "school", "education": null, "office": null }, "geometry": { "type": "Point", "coordinates": [ 22.904155, 40.672986 ] } },
{ "type": "Feature", "properties": { "education_source": "education_8", "education_type": "School", "name": "24ο Δημοτικό Σχολείο Ευόσμου", "name_el": null, "operator": null, "amenity": "school", "education": null, "office": null }, "geometry": { "type": "Point", "coordinates": [ 22.917326, 40.674056 ] } },
{ "type": "Feature", "properties": { "education_source": "education_8", "education_type": "School", "name": "19ο Δημοτικό Σχολείο Ευόσμου", "name_el": null, "operator": null, "amenity": "school", "education": null, "office": null }, "geometry": { "type": "Point", "coordinates": [ 22.916409, 40.674084 ] } },
{ "type": "Feature", "properties": { "education_source": "education_8", "education_type": "School", "name": null, "name_el": null, "operator": null, "amenity": "school", "education": null, "office": null }, "geometry": { "type": "Point", "coordinates": [ 22.914005, 40.674383 ] } },
{ "type": "Feature", "properties": { "education_source": "education_8", "education_type": "School", "name": null, "name_el": null, "operator": null, "amenity": "school", "education": null, "office": null }, "geometry": { "type": "Point", "coordinates": [ 22.903543, 40.675258 ] } },
{ "type": "Feature", "properties": { "education_source": "education_8", "education_type": "School", "name": "1ο Γενικό Λύκειο Ευόσμου", "name_el": null, "operator": null, "amenity": "school", "education": null, "office": null }, "geometry": { "type": "Point", "coordinates": [ 22.903133, 40.675678 ] } },
{ "type": "Feature", "properties": { "education_source": "education_8", "education_type": "School", "name": "Συγκρότημα Τεχνικών Σχολείων Ευόσμου", "name_el": null, "operator": null, "amenity": "school", "education": null, "office": null }, "geometry": { "type": "Point", "coordinates": [ 22.909982, 40.675842 ] } },
{ "type": "Feature", "properties": { "education_source": "education_9", "education_type": "School", "name": "25ο Δημοτικό Σχολείο Ευόσμου", "name_el": null, "operator": null, "amenity": "school", "education": null, "office": null }, "geometry": { "type": "Point", "coordinates": [ 22.918939, 40.68031 ] } },
{ "type": "Feature", "properties": { "education_source": "education_8", "education_type": "School", "name": "Δημοτικό Σχολείο Λουδία", "name_el": "Δημοτικό Σχολείο Λουδία", "operator": null, "amenity": "school", "education": null, "office": null }, "geometry": { "type": "Point", "coordinates": [ 22.541817, 40.677846 ] } },
{ "type": "Feature", "properties": { "education_source": "education_1", "education_type": "College", "name": "Σχολή Πυροσβεστών - Παράρτημα Θεσσαλονίκης", "name_el": null, "operator": "Πυροσβεστικό Σώμα", "amenity": "college", "education": null, "office": null }, "geometry": { "type": "Point", "coordinates": [ 22.81682, 40.682145 ] } },
{ "type": "Feature", "properties": { "education_source": "education_2", "education_type": "Research institute", "name": "Ινστιτούτο Βάμβακος", "name_el": null, "operator": null, "amenity": "research_institute", "education": null, "office": null }, "geometry": { "type": "Point", "coordinates": [ 22.802453, 40.684903 ] } },
{ "type": "Feature", "properties": { "education_source": "education_8", "education_type": "School", "name": null, "name_el": null, "operator": null, "amenity": "school", "education": null, "office": null }, "geometry": { "type": "Point", "coordinates": [ 22.836408, 40.687072 ] } },
{ "type": "Feature", "properties": { "education_source": "education_9", "education_type": "School", "name": "2ο Γυμνάσιο Εχεδώρου (Διαβατών)", "name_el": "2ο Γυμνάσιο Εχεδώρου (Διαβατών)", "operator": "Διεύθυνση Δευτεροβάθμιας Εκπαίδευσης Δυτικής Θεσσαλονίκης", "amenity": "school", "education": null, "office": null }, "geometry": { "type": "Point", "coordinates": [ 22.857722, 40.68753 ] } },
{ "type": "Feature", "properties": { "education_source": "education_9", "education_type": "School", "name": "1ο Δημοτικό Σχολείο Διαβατών", "name_el": "1ο Δημοτικό Σχολείο Διαβατών", "operator": "Διεύθυνση Πρωτοβάθμιας Εκπαίδευσης Δυτικής Θεσσαλονίκης", "amenity": "school", "education": null, "office": null }, "geometry": { "type": "Point", "coordinates": [ 22.856523, 40.687643 ] } },
{ "type": "Feature", "properties": { "education_source": "education_9", "education_type": "School", "name": "3ο Δημοτικό Σχολείο Διαβατών", "name_el": "3ο Δημοτικό Σχολείο Διαβατών", "operator": "Διεύθυνση Πρωτοβάθμιας Εκπαίδευσης Δυτικής Θεσσαλονίκης", "amenity": "school", "education": null, "office": null }, "geometry": { "type": "Point", "coordinates": [ 22.857192, 40.687878 ] } },
{ "type": "Feature", "properties": { "education_source": "education_9", "education_type": "School", "name": "1ο Δημοτικό Σχολείο Νέας Μαγνησίας", "name_el": null, "operator": null, "amenity": "school", "education": null, "office": null }, "geometry": { "type": "Point", "coordinates": [ 22.84387, 40.688287 ] } },
{ "type": "Feature", "properties": { "education_source": "education_8", "education_type": "School", "name": "3ο Γενικό Λύκειο Σταυρούπολης", "name_el": null, "operator": null, "amenity": "school", "education": null, "office": null }, "geometry": { "type": "Point", "coordinates": [ 22.924751, 40.674193 ] } },
{ "type": "Feature", "properties": { "education_source": "education_8", "education_type": "School", "name": "16ο Δημοτικό Σχολείο Ευόσμου", "name_el": null, "operator": null, "amenity": "school", "education": null, "office": null }, "geometry": { "type": "Point", "coordinates": [ 22.92087, 40.674651 ] } },
{ "type": "Feature", "properties": { "education_source": "education_8", "education_type": "School", "name": "7ο Δημοτικό Σχολείο", "name_el": null, "operator": null, "amenity": "school", "education": null, "office": null }, "geometry": { "type": "Point", "coordinates": [ 22.925005, 40.675298 ] } },
{ "type": "Feature", "properties": { "education_source": "education_8", "education_type": "School", "name": "14ο Νηπιαγωγείο Σταυρούπολης", "name_el": null, "operator": null, "amenity": "school", "education": null, "office": null }, "geometry": { "type": "Point", "coordinates": [ 22.930288, 40.676264 ] } },
{ "type": "Feature", "properties": { "education_source": "education_8", "education_type": "School", "name": "6ο Γυμνάσιο Σταυρούπολης", "name_el": null, "operator": null, "amenity": "school", "education": null, "office": null }, "geometry": { "type": "Point", "coordinates": [ 22.9334, 40.680808 ] } },
{ "type": "Feature", "properties": { "education_source": "education_8", "education_type": "School", "name": "5ο Δημοτικό Σχολείο Σταυρούπολης", "name_el": null, "operator": null, "amenity": "school", "education": null, "office": null }, "geometry": { "type": "Point", "coordinates": [ 22.933659, 40.682719 ] } },
{ "type": "Feature", "properties": { "education_source": "education_1", "education_type": "College", "name": "AAS College - School of Art & Design", "name_el": null, "operator": null, "amenity": "college", "education": null, "office": null }, "geometry": { "type": "Point", "coordinates": [ 22.931319, 40.70598 ] } },
{ "type": "Feature", "properties": { "education_source": "education_9", "education_type": "School", "name": "Γυμνάσιο Γαλήνης", "name_el": "Γυμνάσιο Γαλήνης", "operator": null, "amenity": "school", "education": null, "office": null }, "geometry": { "type": "Point", "coordinates": [ 22.924205, 40.71103 ] } },
{ "type": "Feature", "properties": { "education_source": "education_8", "education_type": "School", "name": "2ο Γυμνάσιο Ωραιοκάστρου (Αλέξανδρος Υψηλάντης)", "name_el": null, "operator": null, "amenity": "school", "education": null, "office": null }, "geometry": { "type": "Point", "coordinates": [ 22.919726, 40.723974 ] } },
{ "type": "Feature", "properties": { "education_source": "education_9", "education_type": "School", "name": "1ο Δημοτικό Σχολείο Παλαιοκάστρου", "name_el": null, "operator": null, "amenity": "school", "education": null, "office": null }, "geometry": { "type": "Point", "coordinates": [ 22.909058, 40.720348 ] } },
{ "type": "Feature", "properties": { "education_source": "education_8", "education_type": "School", "name": null, "name_el": null, "operator": null, "amenity": "school", "education": null, "office": null }, "geometry": { "type": "Point", "coordinates": [ 22.905731, 40.721983 ] } },
{ "type": "Feature", "properties": { "education_source": "education_8", "education_type": "School", "name": null, "name_el": null, "operator": null, "amenity": "school", "education": null, "office": null }, "geometry": { "type": "Point", "coordinates": [ 22.905271, 40.722201 ] } },
{ "type": "Feature", "properties": { "education_source": "education_8", "education_type": "School", "name": null, "name_el": null, "operator": null, "amenity": "school", "education": null, "office": null }, "geometry": { "type": "Point", "coordinates": [ 22.910553, 40.722282 ] } },
{ "type": "Feature", "properties": { "education_source": "education_8", "education_type": "School", "name": null, "name_el": null, "operator": null, "amenity": "school", "education": null, "office": null }, "geometry": { "type": "Point", "coordinates": [ 22.905771, 40.7223 ] } },
{ "type": "Feature", "properties": { "education_source": "education_9", "education_type": "School", "name": "(υπό Κατασκευή) 2ο Δημοτικό Σχολείο Παλαιοκάστρου", "name_el": null, "operator": null, "amenity": "school", "education": null, "office": null }, "geometry": { "type": "Point", "coordinates": [ 22.907082, 40.724398 ] } },
{ "type": "Feature", "properties": { "education_source": "education_8", "education_type": "School", "name": "1ο Δημοτικό Σχολείο Ωραιοκάστρου", "name_el": "1ο Δημοτικό Σχολείο Ωραιοκάστρου", "operator": null, "amenity": "school", "education": null, "office": null }, "geometry": { "type": "Point", "coordinates": [ 22.916315, 40.726983 ] } },
{ "type": "Feature", "properties": { "education_source": "education_2", "education_type": "Research institute", "name": "Τμήμα Εγγείων Βελτιώσεων", "name_el": null, "operator": "Ινστιτούτο Εδαφοϋδατικών Πόρων", "amenity": "research_institute", "education": null, "office": null }, "geometry": { "type": "Point", "coordinates": [ 22.80503, 40.69243 ] } },
{ "type": "Feature", "properties": { "education_source": "education_8", "education_type": "School", "name": null, "name_el": null, "operator": null, "amenity": "school", "education": null, "office": null }, "geometry": { "type": "Point", "coordinates": [ 22.60607, 40.700011 ] } },
{ "type": "Feature", "properties": { "education_source": "education_9", "education_type": "School", "name": "Επαγγελματικό Λύκειο Αγίου Αθανασίου", "name_el": null, "operator": "Διεύθυνση Δευτεροβάθμιας Εκπαίδευσης Δυτικής Θεσσαλονίκης", "amenity": "school", "education": null, "office": null }, "geometry": { "type": "Point", "coordinates": [ 22.738603, 40.70977 ] } },
{ "type": "Feature", "properties": { "education_source": "education_8", "education_type": "School", "name": null, "name_el": null, "operator": null, "amenity": "school", "education": null, "office": null }, "geometry": { "type": "Point", "coordinates": [ 22.738085, 40.709874 ] } },
{ "type": "Feature", "properties": { "education_source": "education_8", "education_type": "School", "name": "2ο Δημοτικό Αγίου Αθανασίου", "name_el": null, "operator": "Διεύθυνση Πρωτοβάθμιας Εκπαίδευσης ΔυτικήςΘεσσαλονίκης", "amenity": "school", "education": null, "office": null }, "geometry": { "type": "Point", "coordinates": [ 22.73081, 40.711726 ] } },
{ "type": "Feature", "properties": { "education_source": "education_8", "education_type": "School", "name": "1ο Γενικό Λύκειο Αγίου Αθανασίου και 1ο Γυμνάσιο Αγίου Αθανασίου", "name_el": null, "operator": "Διεύθυνση Δευτεροβάθμιας Εκπαίδευσης Δυτικής Θεσσαλονίκης", "amenity": "school", "education": null, "office": null }, "geometry": { "type": "Point", "coordinates": [ 22.729582, 40.712093 ] } },
{ "type": "Feature", "properties": { "education_source": "education_9", "education_type": "School", "name": "Δημοτικό Σχολείο Αγχιάλου", "name_el": null, "operator": "Διεύθυνση Πρωτοβάθμιας Εκπαίδευσης Δυτικής Θεσσαλονίκης", "amenity": "school", "education": null, "office": null }, "geometry": { "type": "Point", "coordinates": [ 22.779403, 40.71531 ] } },
{ "type": "Feature", "properties": { "education_source": "education_9", "education_type": "School", "name": "ΕΕΕΕΚ Αγίου Αθανασίου", "name_el": null, "operator": "Διεύθυνση Δευτεροβάθμιας Εκπαίδευσης Δυτικής Θεσσαλονίκης", "amenity": "school", "education": null, "office": null }, "geometry": { "type": "Point", "coordinates": [ 22.73778, 40.716201 ] } },
{ "type": "Feature", "properties": { "education_source": "education_8", "education_type": "School", "name": null, "name_el": null, "operator": null, "amenity": "school", "education": null, "office": null }, "geometry": { "type": "Point", "coordinates": [ 22.726919, 40.716582 ] } },
{ "type": "Feature", "properties": { "education_source": "education_9", "education_type": "School", "name": "Δημοτικό Σχολείο Κάτω Γέφυρας", "name_el": null, "operator": "Διεύθυνση Πρωτοβάθμιας Εκπαίδευσης Δυτικής Θεσσαλονίκης", "amenity": "school", "education": null, "office": null }, "geometry": { "type": "Point", "coordinates": [ 22.688151, 40.720953 ] } },
{ "type": "Feature", "properties": { "education_source": "education_9", "education_type": "School", "name": "Δημοτικό Σχολείο Γέφυρας", "name_el": null, "operator": "Διεύθυνση Πρωτοβάθμιας Εκπαίδευσης Δυτικής Θεσσαλονίκης", "amenity": "school", "education": null, "office": null }, "geometry": { "type": "Point", "coordinates": [ 22.694167, 40.730783 ] } },
{ "type": "Feature", "properties": { "education_source": "education_8", "education_type": "School", "name": null, "name_el": null, "operator": null, "amenity": "school", "education": null, "office": null }, "geometry": { "type": "Point", "coordinates": [ 22.606724, 40.731562 ] } },
{ "type": "Feature", "properties": { "education_source": "education_8", "education_type": "School", "name": "Δημοτικό Σχολείο Χαλκηδόνος", "name_el": null, "operator": null, "amenity": "school", "education": null, "office": null }, "geometry": { "type": "Point", "coordinates": [ 22.597698, 40.732048 ] } },
{ "type": "Feature", "properties": { "education_source": "education_9", "education_type": "School", "name": "Γυμνάσιο Γέφυρας", "name_el": null, "operator": "Διεύθυνση Δευτεροβάθμιας Εκπαίδευσης Δυτικής Θεσσαλονίκης", "amenity": "school", "education": null, "office": null }, "geometry": { "type": "Point", "coordinates": [ 22.691574, 40.73411 ] } },
{ "type": "Feature", "properties": { "education_source": "education_8", "education_type": "School", "name": "4ο Δημοτικό Σχολείο Ωραιοκάστρου", "name_el": "4ο Δημοτικό Σχολείο Ωραιοκάστρου", "operator": null, "amenity": "school", "education": null, "office": null }, "geometry": { "type": "Point", "coordinates": [ 22.917268, 40.727085 ] } },
{ "type": "Feature", "properties": { "education_source": "education_8", "education_type": "School", "name": "4ο Δημοτικό Σχολείο Ωραιοκάστρου", "name_el": "4ο Δημοτικό Σχολείο Ωραιοκάστρου", "operator": null, "amenity": "school", "education": null, "office": null }, "geometry": { "type": "Point", "coordinates": [ 22.917322, 40.727556 ] } },
{ "type": "Feature", "properties": { "education_source": "education_8", "education_type": "School", "name": "4ο Δημοτικό Σχολείο Ωραιοκάστρου", "name_el": "4ο Δημοτικό Σχολείο Ωραιοκάστρου", "operator": null, "amenity": "school", "education": null, "office": null }, "geometry": { "type": "Point", "coordinates": [ 22.917384, 40.727886 ] } },
{ "type": "Feature", "properties": { "education_source": "education_9", "education_type": "School", "name": "Palladio φροντιστήριο", "name_el": "Palladio φροντιστήριο", "operator": null, "amenity": "school", "education": null, "office": null }, "geometry": { "type": "Point", "coordinates": [ 22.915645, 40.731975 ] } },
{ "type": "Feature", "properties": { "education_source": "education_9", "education_type": "School", "name": "1o Γυμνάσιο Ωραιοκάστρου", "name_el": "1o Γυμνάσιο Ωραιοκάστρου", "operator": null, "amenity": "school", "education": null, "office": null }, "geometry": { "type": "Point", "coordinates": [ 22.918118, 40.734837 ] } },
{ "type": "Feature", "properties": { "education_source": "education_9", "education_type": "School", "name": "1ο Λύκειο Ωραιοκάστρου", "name_el": "1ο Γενικό Λύκειο Ωραιοκάστρου", "operator": null, "amenity": "school", "education": null, "office": null }, "geometry": { "type": "Point", "coordinates": [ 22.917299, 40.734975 ] } },
{ "type": "Feature", "properties": { "education_source": "education_8", "education_type": "School", "name": null, "name_el": null, "operator": null, "amenity": "school", "education": null, "office": null }, "geometry": { "type": "Point", "coordinates": [ 22.917675, 40.73514 ] } },
{ "type": "Feature", "properties": { "education_source": "education_8", "education_type": "School", "name": "Νηπιαγωγείο", "name_el": null, "operator": null, "amenity": "school", "education": null, "office": null }, "geometry": { "type": "Point", "coordinates": [ 22.935983, 40.679928 ] } },
{ "type": "Feature", "properties": { "education_source": "education_8", "education_type": "School", "name": "3ο Δημοτικό Σχολείο Ευκαρπίας", "name_el": null, "operator": null, "amenity": "school", "education": null, "office": null }, "geometry": { "type": "Point", "coordinates": [ 22.94431, 40.682875 ] } },
{ "type": "Feature", "properties": { "education_source": "education_8", "education_type": "School", "name": "2ο Δημοτικό Σχολείο Ευκαρπίας", "name_el": null, "operator": null, "amenity": "school", "education": null, "office": null }, "geometry": { "type": "Point", "coordinates": [ 22.948858, 40.681058 ] } },
{ "type": "Feature", "properties": { "education_source": "education_8", "education_type": "School", "name": null, "name_el": null, "operator": null, "amenity": "school", "education": null, "office": null }, "geometry": { "type": "Point", "coordinates": [ 22.95462, 40.683054 ] } },
{ "type": "Feature", "properties": { "education_source": "education_9", "education_type": "School", "name": "3ο-6ο Νηπιαγωγείο", "name_el": null, "operator": null, "amenity": "school", "education": null, "office": null }, "geometry": { "type": "Point", "coordinates": [ 22.954204, 40.683291 ] } },
{ "type": "Feature", "properties": { "education_source": "education_8", "education_type": "School", "name": "Γυμνάσιο & Λύκειο Ευκαρπίας", "name_el": null, "operator": null, "amenity": "school", "education": null, "office": null }, "geometry": { "type": "Point", "coordinates": [ 22.952437, 40.683969 ] } },
{ "type": "Feature", "properties": { "education_source": "education_8", "education_type": "School", "name": "5ο Νηπιαγωγείο", "name_el": null, "operator": null, "amenity": "school", "education": null, "office": null }, "geometry": { "type": "Point", "coordinates": [ 22.949298, 40.685057 ] } },
{ "type": "Feature", "properties": { "education_source": "education_8", "education_type": "School", "name": "4ο Δημοτικό Σχολείο Ευκαρπίας", "name_el": null, "operator": null, "amenity": "school", "education": null, "office": null }, "geometry": { "type": "Point", "coordinates": [ 22.954197, 40.685457 ] } },
{ "type": "Feature", "properties": { "education_source": "education_8", "education_type": "School", "name": "1ο Δημοτικό Σχολείο Ευκαρπίας", "name_el": null, "operator": null, "amenity": "school", "education": null, "office": null }, "geometry": { "type": "Point", "coordinates": [ 22.954618, 40.685549 ] } },
{ "type": "Feature", "properties": { "education_source": "education_8", "education_type": "School", "name": "1ο Νηπιαγωγείο Ευκαρπίας", "name_el": null, "operator": null, "amenity": "school", "education": null, "office": null }, "geometry": { "type": "Point", "coordinates": [ 22.952477, 40.688647 ] } },
{ "type": "Feature", "properties": { "education_source": "education_8", "education_type": "School", "name": "6ο Δημοτικό Σχολείο Πολίχνης", "name_el": null, "operator": null, "amenity": "school", "education": null, "office": null }, "geometry": { "type": "Point", "coordinates": [ 22.959746, 40.663525 ] } },
{ "type": "Feature", "properties": { "education_source": "education_8", "education_type": "School", "name": "Δημοτικό Σχολείο Δρυμού", "name_el": null, "operator": null, "amenity": "school", "education": null, "office": null }, "geometry": { "type": "Point", "coordinates": [ 22.963733, 40.779168 ] } },
{ "type": "Feature", "properties": { "education_source": "education_9", "education_type": "School", "name": "5ο Δημοτικό Ωραιοκάστρου", "name_el": "5ο Δημοτικό Ωραιοκάστρου", "operator": null, "amenity": "school", "education": null, "office": null }, "geometry": { "type": "Point", "coordinates": [ 22.950009, 40.760686 ] } },
{ "type": "Feature", "properties": { "education_source": "education_8", "education_type": "School", "name": "5ο Γυμνάσιο Ωραιοκάστρου", "name_el": "5ο Γυμνάσιο Ωραιοκάστρου", "operator": null, "amenity": "school", "education": null, "office": null }, "geometry": { "type": "Point", "coordinates": [ 22.949856, 40.762121 ] } },
{ "type": "Feature", "properties": { "education_source": "education_8", "education_type": "School", "name": null, "name_el": null, "operator": null, "amenity": "school", "education": null, "office": null }, "geometry": { "type": "Point", "coordinates": [ 22.917876, 40.735545 ] } },
{ "type": "Feature", "properties": { "education_source": "education_8", "education_type": "School", "name": "ΚΕΤΕΚ ΟΑΕΔ", "name_el": null, "operator": null, "amenity": "school", "education": null, "office": null }, "geometry": { "type": "Point", "coordinates": [ 22.925048, 40.72531 ] } },
{ "type": "Feature", "properties": { "education_source": "education_8", "education_type": "School", "name": "Δημοτικό Σχολείο Μελισσοχωρίου", "name_el": "Δημοτικό Σχολείο Μελισσοχωρίου", "operator": null, "amenity": "school", "education": null, "office": null }, "geometry": { "type": "Point", "coordinates": [ 22.93164, 40.76869 ] } },
{ "type": "Feature", "properties": { "education_source": "education_8", "education_type": "School", "name": "Λύκειο Χαλκηδόνος", "name_el": null, "operator": null, "amenity": "school", "education": null, "office": null }, "geometry": { "type": "Point", "coordinates": [ 22.59903, 40.735163 ] } },
{ "type": "Feature", "properties": { "education_source": "education_8", "education_type": "School", "name": null, "name_el": null, "operator": null, "amenity": "school", "education": null, "office": null }, "geometry": { "type": "Point", "coordinates": [ 22.774111, 40.746016 ] } },
{ "type": "Feature", "properties": { "education_source": "education_9", "education_type": "School", "name": "Δημοτικό Σχολείο Βαθυλάκου", "name_el": null, "operator": "Διεύθυνση Πρωτοβάθμιας Εκπαίδευσης Δυτικής Θεσσαλονίκης", "amenity": "school", "education": null, "office": null }, "geometry": { "type": "Point", "coordinates": [ 22.708413, 40.770001 ] } },
{ "type": "Feature", "properties": { "education_source": "education_9", "education_type": "School", "name": "Γυμνάσιο Βαθυλάκου", "name_el": null, "operator": "Διεύθυνση Δευτεροβάθμιας Εκπαίδευσης Δυτικής Θεσσαλονίκης", "amenity": "school", "education": null, "office": null }, "geometry": { "type": "Point", "coordinates": [ 22.710448, 40.77237 ] } },
{ "type": "Feature", "properties": { "education_source": "education_8", "education_type": "School", "name": null, "name_el": null, "operator": null, "amenity": "school", "education": null, "office": null }, "geometry": { "type": "Point", "coordinates": [ 22.575135, 40.7862 ] } },
{ "type": "Feature", "properties": { "education_source": "education_9", "education_type": "School", "name": "1ο ΕΚ Κουφαλίων", "name_el": null, "operator": null, "amenity": "school", "education": null, "office": null }, "geometry": { "type": "Point", "coordinates": [ 22.575421, 40.786629 ] } },
{ "type": "Feature", "properties": { "education_source": "education_9", "education_type": "School", "name": "Γυμνάσιο & Γενικό Λύκειο Προχώματος", "name_el": null, "operator": "Διεύθυνση Δευτεροβάθμιας Εκπαίδευσης Δυτικής Θεσσαλονίκης", "amenity": "school", "education": null, "office": null }, "geometry": { "type": "Point", "coordinates": [ 22.671032, 40.79566 ] } },
{ "type": "Feature", "properties": { "education_source": "education_9", "education_type": "School", "name": "Δημοτικό Σχολείο Προχώματος", "name_el": null, "operator": "Διεύθυνση Πρωτοβάθμιας Εκπαίδευσης Δυτικής Θεσσαλονίκης", "amenity": "school", "education": null, "office": null }, "geometry": { "type": "Point", "coordinates": [ 22.670388, 40.797078 ] } },
{ "type": "Feature", "properties": { "education_source": "education_8", "education_type": "School", "name": null, "name_el": null, "operator": null, "amenity": "school", "education": null, "office": null }, "geometry": { "type": "Point", "coordinates": [ 22.774624, 40.803144 ] } },
{ "type": "Feature", "properties": { "education_source": "education_9", "education_type": "School", "name": "Γυμνάσιο Αρέθουσας Δημου Βολβης", "name_el": null, "operator": null, "amenity": "school", "education": null, "office": null }, "geometry": { "type": "Point", "coordinates": [ 23.589914, 40.741907 ] } },
{ "type": "Feature", "properties": { "education_source": "education_9", "education_type": "School", "name": "2ο Δημοτικό Σχολείο Λαγκαδά", "name_el": null, "operator": null, "amenity": "school", "education": null, "office": null }, "geometry": { "type": "Point", "coordinates": [ 23.070117, 40.74745 ] } },
{ "type": "Feature", "properties": { "education_source": "education_8", "education_type": "School", "name": "1ο και 2ο Γυμνάσιο", "name_el": null, "operator": null, "amenity": "school", "education": null, "office": null }, "geometry": { "type": "Point", "coordinates": [ 23.071144, 40.748169 ] } },
{ "type": "Feature", "properties": { "education_source": "education_8", "education_type": "School", "name": "1ο Δημοτικό Σχολείο Λαγκαδά", "name_el": null, "operator": null, "amenity": "school", "education": null, "office": null }, "geometry": { "type": "Point", "coordinates": [ 23.063684, 40.750272 ] } },
{ "type": "Feature", "properties": { "education_source": "education_8", "education_type": "School", "name": null, "name_el": null, "operator": null, "amenity": "school", "education": null, "office": null }, "geometry": { "type": "Point", "coordinates": [ 23.131152, 40.753616 ] } },
{ "type": "Feature", "properties": { "education_source": "education_8", "education_type": "School", "name": "ΓΕΛ Λαγκαδά", "name_el": null, "operator": null, "amenity": "school", "education": null, "office": null }, "geometry": { "type": "Point", "coordinates": [ 23.076169, 40.755012 ] } },
{ "type": "Feature", "properties": { "education_source": "education_8", "education_type": "School", "name": "1ο ΕΠΑΛ Λαγκαδά", "name_el": null, "operator": null, "amenity": "school", "education": null, "office": null }, "geometry": { "type": "Point", "coordinates": [ 23.077458, 40.755793 ] } },
{ "type": "Feature", "properties": { "education_source": "education_9", "education_type": "School", "name": "1ο ΣΕΚ Λαγκαδά", "name_el": null, "operator": null, "amenity": "school", "education": null, "office": null }, "geometry": { "type": "Point", "coordinates": [ 23.077028, 40.7558 ] } },
{ "type": "Feature", "properties": { "education_source": "education_8", "education_type": "School", "name": null, "name_el": null, "operator": null, "amenity": "school", "education": null, "office": null }, "geometry": { "type": "Point", "coordinates": [ 23.067141, 40.755761 ] } },
{ "type": "Feature", "properties": { "education_source": "education_8", "education_type": "School", "name": "Δημοτικό Σχολείο Κολχικού", "name_el": null, "operator": null, "amenity": "school", "education": null, "office": null }, "geometry": { "type": "Point", "coordinates": [ 23.135771, 40.757763 ] } },
{ "type": "Feature", "properties": { "education_source": "education_8", "education_type": "School", "name": "Σ.Α.Ε.Κ. Λαγκαδά", "name_el": null, "operator": null, "amenity": "school", "education": null, "office": null }, "geometry": { "type": "Point", "coordinates": [ 23.078351, 40.757321 ] } },
{ "type": "Feature", "properties": { "education_source": "education_8", "education_type": "School", "name": "Δημοτικό Σχολείο Χρυσαυγής", "name_el": null, "operator": null, "amenity": "school", "education": null, "office": null }, "geometry": { "type": "Point", "coordinates": [ 23.081856, 40.765321 ] } },
{ "type": "Feature", "properties": { "education_source": "education_8", "education_type": "School", "name": "Νηπιαγωγείο Χρυσαυγής", "name_el": null, "operator": null, "amenity": "school", "education": null, "office": null }, "geometry": { "type": "Point", "coordinates": [ 23.082589, 40.767034 ] } },
{ "type": "Feature", "properties": { "education_source": "education_8", "education_type": "School", "name": null, "name_el": null, "operator": null, "amenity": "school", "education": null, "office": null }, "geometry": { "type": "Point", "coordinates": [ 23.519614, 40.810078 ] } },
{ "type": "Feature", "properties": { "education_source": "education_8", "education_type": "School", "name": "Λύκειο Σοχού", "name_el": null, "operator": null, "amenity": "school", "education": null, "office": null }, "geometry": { "type": "Point", "coordinates": [ 23.358857, 40.816144 ] } },
{ "type": "Feature", "properties": { "education_source": "education_8", "education_type": "School", "name": "Δημοτικό Σχολείο Σοχού", "name_el": null, "operator": null, "amenity": "school", "education": null, "office": null }, "geometry": { "type": "Point", "coordinates": [ 23.361244, 40.816937 ] } },
{ "type": "Feature", "properties": { "education_source": "education_8", "education_type": "School", "name": "Γυμνάσιο και Γενικό Λύκειο Ασσήρου", "name_el": null, "operator": null, "amenity": "school", "education": null, "office": null }, "geometry": { "type": "Point", "coordinates": [ 23.029746, 40.81768 ] } },
{ "type": "Feature", "properties": { "education_source": "education_8", "education_type": "School", "name": null, "name_el": null, "operator": null, "amenity": "school", "education": null, "office": null }, "geometry": { "type": "Point", "coordinates": [ 23.116632, 40.818903 ] } },
{ "type": "Feature", "properties": { "education_source": "education_8", "education_type": "School", "name": "Δημοτικό Σχολείο Ασσήρου", "name_el": null, "operator": null, "amenity": "school", "education": null, "office": null }, "geometry": { "type": "Point", "coordinates": [ 23.028978, 40.818332 ] } },
{ "type": "Feature", "properties": { "education_source": "education_9", "education_type": "School", "name": "Δημοτικό Σχολείο Όσσας", "name_el": "Δημοτικό Σχολείο Όσσας", "operator": null, "amenity": "school", "education": null, "office": null }, "geometry": { "type": "Point", "coordinates": [ 23.204215, 40.837881 ] } },
{ "type": "Feature", "properties": { "education_source": "education_8", "education_type": "School", "name": "Δημοτικό Σχολείο Δορκάδας", "name_el": "Δημοτικό Σχολείο Δορκάδας", "operator": null, "amenity": "school", "education": null, "office": null }, "geometry": { "type": "Point", "coordinates": [ 23.10539, 40.887345 ] } },
{ "type": "Feature", "properties": { "education_source": "education_8", "education_type": "School", "name": "Σχολείο Νικόπολης", "name_el": null, "operator": null, "amenity": "school", "education": null, "office": null }, "geometry": { "type": "Point", "coordinates": [ 23.178924, 40.889687 ] } }
]
}
