{
"type": "FeatureCollection",
"name": "education_polygons",
"crs": { "type": "name", "properties": { "name": "urn:ogc:def:crs:OGC:1.3:CRS84" } },
"xy_coordinate_resolution": 1e-06,
"features": [
{ "type": "Feature", "properties": { "education_source": "education_8", "education_type": "School", "name": null, "name_el": null, "operator": null, "amenity": "school", "education": null, "office": null }, "geometry": { "type": "Polygon", "coordinates": [ [ [ 23.008055, 40.413625 ], [ 23.007749, 40.413236 ], [ 23.007549, 40.413337 ], [ 23.007631, 40.413482 ], [ 23.007432, 40.413634 ], [ 23.007288, 40.413537 ], [ 23.00712, 40.413667 ], [ 23.007588, 40.413987 ], [ 23.007762, 40.413828 ], [ 23.007843, 40.413866 ], [ 23.008055, 40.413625 ] ] ] } },
{ "type": "Feature", "properties": { "education_source": "education_8", "education_type": "School", "name": "3ο Γυμνάσιο Μίκρας (Καρδία)", "name_el": null, "operator": null, "amenity": "school", "education": null, "office": null }, "geometry": { "type": "Polygon", "coordinates": [ [ [ 22.992325, 40.465633 ], [ 22.99256, 40.465656 ], [ 22.992865, 40.465147 ], [ 22.992474, 40.465017 ], [ 22.992465, 40.465032 ], [ 22.992117, 40.46558 ], [ 22.992325, 40.465633 ] ] ] } },
{ "type": "Feature", "properties": { "education_source": "education_8", "education_type": "School", "name": "2ο Δημοτικό Σχολείο Καρδίας", "name_el": null, "operator": null, "amenity": "school", "education": null, "office": null }, "geometry": { "type": "Polygon", "coordinates": [ [ [ 22.993996, 40.466674 ], [ 22.994458, 40.466828 ], [ 22.994827, 40.466305 ], [ 22.994876, 40.466234 ], [ 22.994975, 40.466031 ], [ 22.994435, 40.465905 ], [ 22.993996, 40.466674 ] ] ] } },
{ "type": "Feature", "properties": { "education_source": "education_8", "education_type": "School", "name": "1ο Δημοτικό Σχολείο Καρδίας", "name_el": null, "operator": null, "amenity": "school", "education": null, "office": null }, "geometry": { "type": "Polygon", "coordinates": [ [ [ 22.994528, 40.469246 ], [ 22.994735, 40.46907 ], [ 22.994871, 40.468927 ], [ 22.994788, 40.468864 ], [ 22.994433, 40.468809 ], [ 22.994225, 40.468795 ], [ 22.994009, 40.469069 ], [ 22.994528, 40.469246 ] ] ] } },
{ "type": "Feature", "properties": { "education_source": "education_8", "education_type": "School", "name": "Δημοτικό Σχολείο Νέου Ρυσίου", "name_el": "Δημοτικό Σχολείο Νέου Ρυσίου", "operator": null, "amenity": "school", "education": null, "office": null }, "geometry": { "type": "Polygon", "coordinates": [ [ [ 22.989863, 40.493447 ], [ 22.98982, 40.492701 ], [ 22.989816, 40.492556 ], [ 22.988985, 40.492577 ], [ 22.988936, 40.49261 ], [ 22.988986, 40.493163 ], [ 22.989413, 40.493174 ], [ 22.989411, 40.49345 ], [ 22.989863, 40.493447 ] ] ] } },
{ "type": "Feature", "properties": { "education_source": "education_8", "education_type": "School", "name": "ΙΕΚ Θέρμης", "name_el": null, "operator": null, "amenity": "school", "education": null, "office": null }, "geometry": { "type": "Polygon", "coordinates": [ [ [ 22.995619, 40.523156 ], [ 22.994659, 40.522945 ], [ 22.994717, 40.523606 ], [ 22.99483, 40.523609 ], [ 22.995638, 40.523627 ], [ 22.995619, 40.523156 ] ] ] } },
{ "type": "Feature", "properties": { "education_source": "education_8", "education_type": "School", "name": "2ο Λύκειο Μίκρας", "name_el": null, "operator": null, "amenity": "school", "education": null, "office": null }, "geometry": { "type": "Polygon", "coordinates": [ [ [ 22.995638, 40.523627 ], [ 22.99483, 40.523609 ], [ 22.994897, 40.524174 ], [ 22.995676, 40.524167 ], [ 22.995638, 40.523627 ] ] ] } },
{ "type": "Feature", "properties": { "education_source": "education_3", "education_type": "University", "name": "Αγρόκτημα Γεωπονίας ΑΠΘ", "name_el": null, "operator": null, "amenity": "university", "education": null, "office": null }, "geometry": { "type": "Polygon", "coordinates": [ [ [ 22.991359, 40.538874 ], [ 22.991434, 40.538947 ], [ 22.991594, 40.539016 ], [ 22.995898, 40.538913 ], [ 22.99647, 40.538899 ], [ 22.998002, 40.538882 ], [ 22.998142, 40.538247 ], [ 22.998265, 40.537698 ], [ 22.998653, 40.535893 ], [ 22.997096, 40.535651 ], [ 22.99706, 40.53563 ], [ 22.997052, 40.535593 ], [ 22.997488, 40.533931 ], [ 22.995722, 40.533764 ], [ 22.994909, 40.533548 ], [ 22.99416, 40.533261 ], [ 22.994018, 40.533304 ], [ 22.993917, 40.533369 ], [ 22.991351, 40.538671 ], [ 22.991329, 40.538761 ], [ 22.991359, 40.538874 ] ] ] } },
{ "type": "Feature", "properties": { "education_source": "education_3", "education_type": "University", "name": "International Hellenic University", "name_el": "Διεθνές Πανεπιστήμιο Ελλάδος", "operator": null, "amenity": "university", "education": null, "office": null }, "geometry": { "type": "Polygon", "coordinates": [ [ [ 23.00811, 40.537397 ], [ 23.008126, 40.537712 ], [ 23.008186, 40.538038 ], [ 23.008289, 40.53858 ], [ 23.008847, 40.538576 ], [ 23.009217, 40.53801 ], [ 23.009435, 40.53768 ], [ 23.009556, 40.537424 ], [ 23.009596, 40.537007 ], [ 23.009594, 40.53697 ], [ 23.00954, 40.536661 ], [ 23.00945, 40.536357 ], [ 23.009391, 40.536169 ], [ 23.009318, 40.535995 ], [ 23.009228, 40.535871 ], [ 23.009043, 40.535677 ], [ 23.008832, 40.535512 ], [ 23.008549, 40.535339 ], [ 23.008493, 40.535329 ], [ 23.008448, 40.535345 ], [ 23.008202, 40.536794 ], [ 23.00813, 40.537191 ], [ 23.00811, 40.537397 ] ] ] } },
{ "type": "Feature", "properties": { "education_source": "education_3", "education_type": "University", "name": null, "name_el": null, "operator": null, "amenity": "university", "education": null, "office": null }, "geometry": { "type": "Polygon", "coordinates": [ [ [ 22.987728, 40.536831 ], [ 22.987597, 40.537186 ], [ 22.987512, 40.537345 ], [ 22.988237, 40.537498 ], [ 22.988445, 40.53703 ], [ 22.987728, 40.536831 ] ] ] } },
{ "type": "Feature", "properties": { "education_source": "education_8", "education_type": "School", "name": "Δημοτικό Σχολείο Αγίου Αντωνίου", "name_el": null, "operator": null, "amenity": "school", "education": null, "office": null }, "geometry": { "type": "Polygon", "coordinates": [ [ [ 23.092132, 40.435628 ], [ 23.09161, 40.435466 ], [ 23.091328, 40.43549 ], [ 23.091162, 40.436028 ], [ 23.091615, 40.436174 ], [ 23.092132, 40.435628 ] ] ] } },
{ "type": "Feature", "properties": { "education_source": "education_8", "education_type": "School", "name": null, "name_el": null, "operator": null, "amenity": "school", "education": null, "office": null }, "geometry": { "type": "Polygon", "coordinates": [ [ [ 23.122377, 40.482583 ], [ 23.124452, 40.482225 ], [ 23.124055, 40.480941 ], [ 23.123538, 40.481033 ], [ 23.123561, 40.481108 ], [ 23.123282, 40.481158 ], [ 23.123301, 40.48122 ], [ 23.123224, 40.481234 ], [ 23.122007, 40.481452 ], [ 23.122377, 40.482583 ] ] ] } },
{ "type": "Feature", "properties": { "education_source": "education_8", "education_type": "School", "name": "Δημοτικό Σχολείο Αγίας Παρασκευής", "name_el": "Δημοτικό Σχολείο Αγίας Παρασκευής", "operator": null, "amenity": "school", "education": null, "office": null }, "geometry": { "type": "Polygon", "coordinates": [ [ [ 23.051225, 40.484402 ], [ 23.051528, 40.484385 ], [ 23.051944, 40.484362 ], [ 23.052061, 40.483307 ], [ 23.051533, 40.483419 ], [ 23.051006, 40.483531 ], [ 23.051005, 40.48355 ], [ 23.050961, 40.484417 ], [ 23.051225, 40.484402 ] ] ] } },
{ "type": "Feature", "properties": { "education_source": "education_8", "education_type": "School", "name": "Δημοτικό Σχολείο Ταγαράδων", "name_el": null, "operator": null, "amenity": "school", "education": null, "office": null }, "geometry": { "type": "Polygon", "coordinates": [ [ [ 23.021315, 40.486699 ], [ 23.020937, 40.486629 ], [ 23.020003, 40.486625 ], [ 23.02, 40.486962 ], [ 23.021198, 40.486972 ], [ 23.021315, 40.486699 ] ] ] } },
{ "type": "Feature", "properties": { "education_source": "education_8", "education_type": "School", "name": null, "name_el": null, "operator": null, "amenity": "school", "education": null, "office": null }, "geometry": { "type": "Polygon", "coordinates": [ [ [ 23.047833, 40.525548 ], [ 23.047563, 40.525681 ], [ 23.04766, 40.525804 ], [ 23.047806, 40.525986 ], [ 23.048034, 40.525816 ], [ 23.047833, 40.525548 ] ] ] } },
{ "type": "Feature", "properties": { "education_source": "education_8", "education_type": "School", "name": "Pinewood American College", "name_el": null, "operator": null, "amenity": "school", "education": null, "office": null }, "geometry": { "type": "Polygon", "coordinates": [ [ [ 23.012781, 40.528576 ], [ 23.012344, 40.528197 ], [ 23.011585, 40.528727 ], [ 23.012751, 40.529693 ], [ 23.012781, 40.528576 ] ] ] } },
{ "type": "Feature", "properties": { "education_source": "education_8", "education_type": "School", "name": null, "name_el": null, "operator": null, "amenity": "school", "education": null, "office": null }, "geometry": { "type": "Polygon", "coordinates": [ [ [ 23.022947, 40.545247 ], [ 23.022807, 40.545672 ], [ 23.023377, 40.545823 ], [ 23.023387, 40.545806 ], [ 23.0235, 40.545441 ], [ 23.023871, 40.545541 ], [ 23.023949, 40.545374 ], [ 23.023387, 40.545264 ], [ 23.023249, 40.545205 ], [ 23.023092, 40.545054 ], [ 23.023019, 40.545029 ], [ 23.022947, 40.545247 ] ] ] } },
{ "type": "Feature", "properties": { "education_source": "education_8", "education_type": "School", "name": "3ο Δημοτικό Σχολείο", "name_el": null, "operator": null, "amenity": "school", "education": null, "office": null }, "geometry": { "type": "Polygon", "coordinates": [ [ [ 23.049548, 40.547728 ], [ 23.049599, 40.547047 ], [ 23.048985, 40.547107 ], [ 23.048872, 40.547273 ], [ 23.048806, 40.547691 ], [ 23.049548, 40.547728 ] ] ] } },
{ "type": "Feature", "properties": { "education_source": "education_8", "education_type": "School", "name": "1ο Λύκειο Θέρμης", "name_el": null, "operator": null, "amenity": "school", "education": null, "office": null }, "geometry": { "type": "Polygon", "coordinates": [ [ [ 23.01417, 40.548316 ], [ 23.014127, 40.548263 ], [ 23.014111, 40.548232 ], [ 23.014084, 40.548211 ], [ 23.014201, 40.548154 ], [ 23.013681, 40.547504 ], [ 23.013499, 40.547594 ], [ 23.012764, 40.548099 ], [ 23.013417, 40.548636 ], [ 23.01417, 40.548316 ] ] ] } },
{ "type": "Feature", "properties": { "education_source": "education_8", "education_type": "School", "name": "1ο Γυμνάσιο Θέρμης", "name_el": null, "operator": null, "amenity": "school", "education": null, "office": null }, "geometry": { "type": "Polygon", "coordinates": [ [ [ 23.014774, 40.549023 ], [ 23.01417, 40.548316 ], [ 23.013417, 40.548636 ], [ 23.013687, 40.548867 ], [ 23.014078, 40.549333 ], [ 23.014774, 40.549023 ] ] ] } },
{ "type": "Feature", "properties": { "education_source": "education_3", "education_type": "University", "name": null, "name_el": null, "operator": null, "amenity": "university", "education": null, "office": null }, "geometry": { "type": "Polygon", "coordinates": [ [ [ 22.988332, 40.537375 ], [ 22.988341, 40.537434 ], [ 22.98839, 40.537475 ], [ 22.988428, 40.537504 ], [ 22.988487, 40.537528 ], [ 22.988519, 40.537572 ], [ 22.988464, 40.537834 ], [ 22.988435, 40.537979 ], [ 22.988418, 40.538177 ], [ 22.988754, 40.538264 ], [ 22.989434, 40.537297 ], [ 22.98848, 40.537036 ], [ 22.988332, 40.537375 ] ] ] } },
{ "type": "Feature", "properties": { "education_source": "education_3", "education_type": "University", "name": null, "name_el": null, "operator": null, "amenity": "university", "education": null, "office": null }, "geometry": { "type": "Polygon", "coordinates": [ [ [ 22.988119, 40.539104 ], [ 22.988719, 40.538301 ], [ 22.988575, 40.538264 ], [ 22.988241, 40.538729 ], [ 22.98815, 40.538855 ], [ 22.988039, 40.539004 ], [ 22.987951, 40.539133 ], [ 22.988119, 40.539104 ] ] ] } },
{ "type": "Feature", "properties": { "education_source": "education_8", "education_type": "School", "name": "6ο Δημοτικό Σχολείο Πυλαίας", "name_el": null, "operator": null, "amenity": "school", "education": null, "office": null }, "geometry": { "type": "Polygon", "coordinates": [ [ [ 22.990974, 40.540154 ], [ 22.990654, 40.540044 ], [ 22.990454, 40.540348 ], [ 22.990378, 40.540459 ], [ 22.990927, 40.540639 ], [ 22.990974, 40.540154 ] ] ] } },
{ "type": "Feature", "properties": { "education_source": "education_8", "education_type": "School", "name": "5ο Δημοτικό Σχολείο Πυλαίας", "name_el": null, "operator": null, "amenity": "school", "education": null, "office": null }, "geometry": { "type": "Polygon", "coordinates": [ [ [ 22.990378, 40.540459 ], [ 22.990274, 40.540613 ], [ 22.990124, 40.540841 ], [ 22.990891, 40.541074 ], [ 22.990927, 40.540639 ], [ 22.990378, 40.540459 ] ] ] } },
{ "type": "Feature", "properties": { "education_source": "education_3", "education_type": "University", "name": "Αγρόκτημα Γεωπονίας ΑΠΘ", "name_el": null, "operator": null, "amenity": "university", "education": null, "office": null }, "geometry": { "type": "Polygon", "coordinates": [ [ [ 22.990837, 40.543215 ], [ 22.990911, 40.543214 ], [ 22.991443, 40.543027 ], [ 22.991764, 40.542891 ], [ 22.992018, 40.542761 ], [ 22.992525, 40.542329 ], [ 22.993468, 40.541902 ], [ 22.99426, 40.541546 ], [ 22.995064, 40.541305 ], [ 22.996178, 40.541068 ], [ 22.996622, 40.540887 ], [ 22.997063, 40.540749 ], [ 22.997617, 40.540645 ], [ 22.998358, 40.540713 ], [ 22.99903, 40.540833 ], [ 22.999481, 40.540919 ], [ 23.000057, 40.541114 ], [ 23.00123, 40.541482 ], [ 23.001896, 40.541669 ], [ 23.002402, 40.541703 ], [ 23.002945, 40.541672 ], [ 23.003542, 40.541498 ], [ 23.004099, 40.541328 ], [ 23.004657, 40.541242 ], [ 23.006525, 40.541556 ], [ 23.00667, 40.541504 ], [ 23.007168, 40.540623 ], [ 23.006748, 40.540349 ], [ 23.006636, 40.539782 ], [ 23.004895, 40.539132 ], [ 23.004816, 40.539096 ], [ 23.004336, 40.539028 ], [ 23.002599, 40.539029 ], [ 23.001785, 40.538974 ], [ 22.994164, 40.539145 ], [ 22.992303, 40.539149 ], [ 22.99173, 40.539153 ], [ 22.991466, 40.539152 ], [ 22.99129, 40.539163 ], [ 22.991104, 40.539201 ], [ 22.991053, 40.540006 ], [ 22.990774, 40.543181 ], [ 22.990837, 40.543215 ] ] ] } },
{ "type": "Feature", "properties": { "education_source": "education_8", "education_type": "School", "name": "3ο Γυμνάσιο Θέρμης", "name_el": null, "operator": null, "amenity": "school", "education": null, "office": null }, "geometry": { "type": "Polygon", "coordinates": [ [ [ 22.996921, 40.543947 ], [ 22.997185, 40.54384 ], [ 22.99731, 40.543946 ], [ 22.997652, 40.543969 ], [ 22.997496, 40.543409 ], [ 22.996751, 40.54334 ], [ 22.995378, 40.543252 ], [ 22.995247, 40.544085 ], [ 22.996876, 40.544233 ], [ 22.996921, 40.543947 ] ] ] } },
{ "type": "Feature", "properties": { "education_source": "education_8", "education_type": "School", "name": "2ο Λύκειο Θέρμης \"Γιώργος Ιωάννου\"", "name_el": null, "operator": null, "amenity": "school", "education": null, "office": null }, "geometry": { "type": "Polygon", "coordinates": [ [ [ 22.992342, 40.547414 ], [ 22.99235, 40.547344 ], [ 22.992946, 40.547402 ], [ 22.993022, 40.547341 ], [ 22.993082, 40.547039 ], [ 22.993022, 40.546913 ], [ 22.992916, 40.546811 ], [ 22.992793, 40.546761 ], [ 22.992799, 40.546725 ], [ 22.992478, 40.546693 ], [ 22.991692, 40.546602 ], [ 22.991661, 40.546763 ], [ 22.991737, 40.547303 ], [ 22.992342, 40.547414 ] ] ] } },
{ "type": "Feature", "properties": { "education_source": "education_8", "education_type": "School", "name": "Εκπαιδευτήρια Βασιλειάδη", "name_el": null, "operator": null, "amenity": "school", "education": null, "office": null }, "geometry": { "type": "Polygon", "coordinates": [ [ [ 23.002995, 40.551786 ], [ 23.002746, 40.551271 ], [ 23.002039, 40.550849 ], [ 23.001598, 40.551108 ], [ 23.002536, 40.552068 ], [ 23.002995, 40.551786 ] ] ] } },
{ "type": "Feature", "properties": { "education_source": "education_8", "education_type": "School", "name": "Αριστοτέλειο Κολλέγιο (Γυμνάσιο-Λύκειο)", "name_el": null, "operator": null, "amenity": "school", "education": null, "office": null }, "geometry": { "type": "Polygon", "coordinates": [ [ [ 23.006039, 40.55251 ], [ 23.006447, 40.5523 ], [ 23.00603, 40.551812 ], [ 23.005664, 40.551934 ], [ 23.004498, 40.552309 ], [ 23.004366, 40.552355 ], [ 23.004363, 40.552427 ], [ 23.004447, 40.552526 ], [ 23.00492, 40.553045 ], [ 23.006039, 40.55251 ] ] ] } },
{ "type": "Feature", "properties": { "education_source": "education_4", "education_type": "Training institute", "name": null, "name_el": null, "operator": null, "amenity": null, "education": null, "office": "educational_institution" }, "geometry": { "type": "Polygon", "coordinates": [ [ [ 23.008174, 40.559215 ], [ 23.008485, 40.559047 ], [ 23.00854, 40.559018 ], [ 23.008093, 40.558437 ], [ 23.00793, 40.558431 ], [ 23.007526, 40.557913 ], [ 23.007142, 40.558115 ], [ 23.006702, 40.558328 ], [ 23.007141, 40.558848 ], [ 23.007174, 40.558891 ], [ 23.007611, 40.558662 ], [ 23.008093, 40.559258 ], [ 23.008174, 40.559215 ] ] ] } },
{ "type": "Feature", "properties": { "education_source": "education_8", "education_type": "School", "name": null, "name_el": null, "operator": null, "amenity": "school", "education": null, "office": null }, "geometry": { "type": "Polygon", "coordinates": [ [ [ 23.021476, 40.549805 ], [ 23.022082, 40.54993 ], [ 23.022395, 40.549752 ], [ 23.022432, 40.549647 ], [ 23.021597, 40.549487 ], [ 23.021476, 40.549805 ] ] ] } },
{ "type": "Feature", "properties": { "education_source": "education_8", "education_type": "School", "name": null, "name_el": null, "operator": null, "amenity": "school", "education": null, "office": null }, "geometry": { "type": "Polygon", "coordinates": [ [ [ 23.30304, 40.552576 ], [ 23.30397, 40.552424 ], [ 23.303903, 40.55193 ], [ 23.303043, 40.552007 ], [ 23.30304, 40.552103 ], [ 23.302911, 40.552115 ], [ 23.30304, 40.552576 ] ] ] } },
{ "type": "Feature", "properties": { "education_source": "education_2", "education_type": "Research institute", "name": "Εθνικό Κεντρο Έρευνας και Τεχνολογικής Ανάπτυξης (ΕΚΕΤΑ)", "name_el": "Εθνικό Κεντρο Έρευνας και Τεχνολογικής Ανάπτυξης (ΕΚΕΤΑ)", "operator": null, "amenity": "research_institute", "education": null, "office": null }, "geometry": { "type": "Polygon", "coordinates": [ [ [ 23.022173, 40.557458 ], [ 23.021665, 40.557583 ], [ 23.02192, 40.558175 ], [ 23.022362, 40.558065 ], [ 23.022427, 40.558049 ], [ 23.022173, 40.557458 ] ] ] } },
{ "type": "Feature", "properties": { "education_source": "education_8", "education_type": "School", "name": "Ελληνικό Κολλέγιο Θεσσαλονίκης (Γυμνάσιο-Λύκειο)", "name_el": null, "operator": null, "amenity": "school", "education": null, "office": null }, "geometry": { "type": "Polygon", "coordinates": [ [ [ 23.010039, 40.562626 ], [ 23.0108, 40.562194 ], [ 23.010826, 40.562181 ], [ 23.010895, 40.562143 ], [ 23.010953, 40.562089 ], [ 23.011005, 40.562016 ], [ 23.011033, 40.561962 ], [ 23.011046, 40.561897 ], [ 23.010339, 40.561204 ], [ 23.010295, 40.561182 ], [ 23.010235, 40.561179 ], [ 23.010188, 40.561186 ], [ 23.010139, 40.561203 ], [ 23.009461, 40.561534 ], [ 23.009434, 40.561547 ], [ 23.00926, 40.561357 ], [ 23.008724, 40.561828 ], [ 23.009698, 40.562821 ], [ 23.010039, 40.562626 ] ] ] } },
{ "type": "Feature", "properties": { "education_source": "education_8", "education_type": "School", "name": "Δημοτικό Σχολείο Ζαγκλιβερίου", "name_el": null, "operator": null, "amenity": "school", "education": null, "office": null }, "geometry": { "type": "Polygon", "coordinates": [ [ [ 23.292019, 40.574899 ], [ 23.292049, 40.575504 ], [ 23.293044, 40.575243 ], [ 23.29307, 40.575179 ], [ 23.293019, 40.574299 ], [ 23.292914, 40.574127 ], [ 23.292636, 40.573672 ], [ 23.291967, 40.5739 ], [ 23.291953, 40.573904 ], [ 23.291572, 40.574034 ], [ 23.292019, 40.574899 ] ] ] } },
{ "type": "Feature", "properties": { "education_source": "education_8", "education_type": "School", "name": "Γυμνάσιο και Γενικό Λύκειο Καλλινδοίων", "name_el": null, "operator": null, "amenity": "school", "education": null, "office": null }, "geometry": { "type": "Polygon", "coordinates": [ [ [ 23.291542, 40.575695 ], [ 23.292053, 40.575578 ], [ 23.292049, 40.575504 ], [ 23.292019, 40.574899 ], [ 23.291572, 40.574034 ], [ 23.290967, 40.574265 ], [ 23.291542, 40.575695 ] ] ] } },
{ "type": "Feature", "properties": { "education_source": "education_8", "education_type": "School", "name": "1ο Δημοτικό Σχολείο Πανοράματος", "name_el": null, "operator": null, "amenity": "school", "education": null, "office": null }, "geometry": { "type": "Polygon", "coordinates": [ [ [ 23.038182, 40.587143 ], [ 23.038357, 40.587089 ], [ 23.038608, 40.586992 ], [ 23.038778, 40.58699 ], [ 23.038875, 40.587061 ], [ 23.038932, 40.587061 ], [ 23.039098, 40.586949 ], [ 23.039126, 40.586816 ], [ 23.038167, 40.586385 ], [ 23.038115, 40.586429 ], [ 23.038122, 40.587146 ], [ 23.038182, 40.587143 ] ] ] } },
{ "type": "Feature", "properties": { "education_source": "education_8", "education_type": "School", "name": "1ο ΓΕΛ Πανοράματος", "name_el": "1ο Γενικό Λύκειο Πανοράματος", "operator": null, "amenity": "school", "education": null, "office": null }, "geometry": { "type": "Polygon", "coordinates": [ [ [ 23.02451, 40.587332 ], [ 23.024773, 40.587344 ], [ 23.024769, 40.587453 ], [ 23.024937, 40.587441 ], [ 23.025316, 40.587542 ], [ 23.025417, 40.587568 ], [ 23.02552, 40.587613 ], [ 23.026024, 40.587827 ], [ 23.026086, 40.587736 ], [ 23.026178, 40.58761 ], [ 23.026265, 40.587527 ], [ 23.025798, 40.587383 ], [ 23.02566, 40.587341 ], [ 23.025449, 40.58727 ], [ 23.025407, 40.587255 ], [ 23.025178, 40.587179 ], [ 23.025104, 40.587154 ], [ 23.02508, 40.587146 ], [ 23.024726, 40.587028 ], [ 23.024701, 40.587018 ], [ 23.024675, 40.587011 ], [ 23.024536, 40.587048 ], [ 23.024439, 40.5871 ], [ 23.024405, 40.587086 ], [ 23.024294, 40.58714 ], [ 23.024158, 40.587216 ], [ 23.024202, 40.587266 ], [ 23.024188, 40.587391 ], [ 23.024401, 40.587431 ], [ 23.02451, 40.587332 ] ] ] } },
{ "type": "Feature", "properties": { "education_source": "education_8", "education_type": "School", "name": "1ο Γυμνάσιο Πανοράματος", "name_el": "1ο Γυμνάσιο Πανοράματος", "operator": null, "amenity": "school", "education": null, "office": null }, "geometry": { "type": "Polygon", "coordinates": [ [ [ 23.02454, 40.588383 ], [ 23.024735, 40.588681 ], [ 23.025554, 40.588479 ], [ 23.025824, 40.588412 ], [ 23.025843, 40.588251 ], [ 23.025803, 40.588177 ], [ 23.025909, 40.587876 ], [ 23.02597, 40.587909 ], [ 23.025981, 40.587894 ], [ 23.026024, 40.587827 ], [ 23.02552, 40.587613 ], [ 23.025417, 40.587568 ], [ 23.025316, 40.587542 ], [ 23.024937, 40.587441 ], [ 23.024769, 40.587453 ], [ 23.024773, 40.587344 ], [ 23.02451, 40.587332 ], [ 23.024401, 40.587431 ], [ 23.024321, 40.587532 ], [ 23.024173, 40.587551 ], [ 23.024113, 40.587615 ], [ 23.024078, 40.58803 ], [ 23.024249, 40.588178 ], [ 23.02454, 40.588383 ] ] ] } },
{ "type": "Feature", "properties": { "education_source": "education_8", "education_type": "School", "name": null, "name_el": null, "operator": null, "amenity": "school", "education": null, "office": null }, "geometry": { "type": "Polygon", "coordinates": [ [ [ 23.035339, 40.590576 ], [ 23.03559, 40.590778 ], [ 23.035864, 40.590568 ], [ 23.035905, 40.590068 ], [ 23.035639, 40.590068 ], [ 23.035384, 40.590068 ], [ 23.035339, 40.590576 ] ] ] } },
{ "type": "Feature", "properties": { "education_source": "education_8", "education_type": "School", "name": "Ελληνικό Κολλέγιο Θεσσαλονίκης (Δημοτικό)", "name_el": null, "operator": null, "amenity": "school", "education": null, "office": null }, "geometry": { "type": "Polygon", "coordinates": [ [ [ 23.005545, 40.561187 ], [ 23.006157, 40.561852 ], [ 23.006819, 40.561506 ], [ 23.00704, 40.561659 ], [ 23.00732, 40.560718 ], [ 23.006609, 40.560149 ], [ 23.006031, 40.560467 ], [ 23.005832, 40.560577 ], [ 23.005299, 40.560864 ], [ 23.005265, 40.560882 ], [ 23.005545, 40.561187 ] ] ] } },
{ "type": "Feature", "properties": { "education_source": "education_3", "education_type": "University", "name": "Σχολή Καλών Τεχνών Α.Π.Θ.", "name_el": null, "operator": null, "amenity": "university", "education": null, "office": null }, "geometry": { "type": "Polygon", "coordinates": [ [ [ 23.000589, 40.566269 ], [ 23.000622, 40.566272 ], [ 23.000664, 40.566266 ], [ 23.000702, 40.56625 ], [ 23.001571, 40.565802 ], [ 23.00193, 40.565627 ], [ 23.002144, 40.56559 ], [ 23.00234, 40.565582 ], [ 23.002535, 40.565592 ], [ 23.002726, 40.565607 ], [ 23.002861, 40.56562 ], [ 23.001861, 40.563658 ], [ 23.001575, 40.563945 ], [ 23.001292, 40.564247 ], [ 23.001023, 40.56449 ], [ 23.000738, 40.564684 ], [ 22.999912, 40.565124 ], [ 22.999838, 40.565177 ], [ 22.999793, 40.565244 ], [ 22.999783, 40.565312 ], [ 22.999801, 40.565368 ], [ 23.000332, 40.566003 ], [ 23.000551, 40.566252 ], [ 23.000589, 40.566269 ] ] ] } },
{ "type": "Feature", "properties": { "education_source": "education_3", "education_type": "University", "name": "Τμήμα Εικαστικών & Εφαρμοσμένων Τεχνών Σ.Κ.Τ. Α.Π.Θ.", "name_el": null, "operator": null, "amenity": "university", "education": null, "office": null }, "geometry": { "type": "Polygon", "coordinates": [ [ [ 23.001215, 40.565946 ], [ 23.001327, 40.565877 ], [ 23.00135, 40.565084 ], [ 23.001323, 40.565047 ], [ 23.000796, 40.565032 ], [ 23.000758, 40.565059 ], [ 23.000737, 40.565943 ], [ 23.001215, 40.565946 ] ] ] } },
{ "type": "Feature", "properties": { "education_source": "education_2", "education_type": "Research institute", "name": "Τεχνολογικό Πάρκο Θεσσαλονίκης /ΕΔΑΠ A.E.", "name_el": "Τεχνολογικό Πάρκο Θεσσαλονίκης /ΕΔΑΠ A.E.", "operator": null, "amenity": "research_institute", "education": null, "office": null }, "geometry": { "type": "Polygon", "coordinates": [ [ [ 22.998164, 40.568758 ], [ 22.998122, 40.56861 ], [ 22.998148, 40.568414 ], [ 22.998291, 40.567854 ], [ 22.998325, 40.567753 ], [ 22.998384, 40.567582 ], [ 22.998482, 40.567293 ], [ 22.99874, 40.567071 ], [ 22.999016, 40.567123 ], [ 22.999165, 40.566676 ], [ 22.998996, 40.565657 ], [ 22.998927, 40.5656 ], [ 22.998759, 40.56567 ], [ 22.998638, 40.565733 ], [ 22.998458, 40.565824 ], [ 22.998286, 40.565918 ], [ 22.998104, 40.566036 ], [ 22.998006, 40.56611 ], [ 22.99789, 40.566212 ], [ 22.997579, 40.566505 ], [ 22.997203, 40.566917 ], [ 22.996073, 40.568119 ], [ 22.998164, 40.568758 ] ] ] } },
{ "type": "Feature", "properties": { "education_source": "education_3", "education_type": "University", "name": "Τμήμα Επιστήμης Φυσικής Αγωγής & Αθλητισμού Α.Π.Θ.", "name_el": null, "operator": null, "amenity": "university", "education": null, "office": null }, "geometry": { "type": "Polygon", "coordinates": [ [ [ 23.003264, 40.569492 ], [ 23.003491, 40.569484 ], [ 23.003569, 40.569114 ], [ 23.003624, 40.568599 ], [ 23.003468, 40.56793 ], [ 23.003574, 40.567035 ], [ 23.003829, 40.566972 ], [ 23.003952, 40.566985 ], [ 23.00402, 40.566404 ], [ 23.003438, 40.566168 ], [ 23.003068, 40.565936 ], [ 23.00286, 40.56564 ], [ 23.002714, 40.565621 ], [ 23.002235, 40.565632 ], [ 23.002024, 40.565653 ], [ 23.001911, 40.565689 ], [ 23.001697, 40.565817 ], [ 23.00052, 40.566413 ], [ 22.999578, 40.565395 ], [ 22.999549, 40.565378 ], [ 22.999515, 40.565369 ], [ 22.999481, 40.565374 ], [ 22.999448, 40.565382 ], [ 22.998945, 40.565596 ], [ 22.999012, 40.565652 ], [ 22.99918, 40.566677 ], [ 22.998696, 40.568153 ], [ 22.998712, 40.568428 ], [ 22.998874, 40.568643 ], [ 22.998868, 40.568698 ], [ 23.000277, 40.570364 ], [ 23.003264, 40.569492 ] ] ] } },
{ "type": "Feature", "properties": { "education_source": "education_1", "education_type": "College", "name": "Αμερικανική Γεωργική Σχολή", "name_el": "Αμερικανική Γεωργική Σχολή", "operator": null, "amenity": "college", "education": null, "office": null }, "geometry": { "type": "Polygon", "coordinates": [ [ [ 22.985545, 40.57117 ], [ 22.98577, 40.571332 ], [ 22.985987, 40.571478 ], [ 22.986163, 40.571587 ], [ 22.986351, 40.571682 ], [ 22.986756, 40.571851 ], [ 22.986785, 40.57187 ], [ 22.987653, 40.572328 ], [ 22.987673, 40.572302 ], [ 22.987916, 40.572336 ], [ 22.988105, 40.572407 ], [ 22.988294, 40.57244 ], [ 22.9885, 40.572466 ], [ 22.988688, 40.572505 ], [ 22.988834, 40.572544 ], [ 22.988972, 40.572629 ], [ 22.989057, 40.572701 ], [ 22.989135, 40.572825 ], [ 22.989178, 40.572948 ], [ 22.989178, 40.573066 ], [ 22.989624, 40.573255 ], [ 22.990139, 40.57347 ], [ 22.990173, 40.573405 ], [ 22.990371, 40.573463 ], [ 22.990525, 40.573477 ], [ 22.990628, 40.573477 ], [ 22.991185, 40.572872 ], [ 22.991311, 40.572776 ], [ 22.991454, 40.572656 ], [ 22.991499, 40.572646 ], [ 22.99441, 40.569597 ], [ 22.994861, 40.569125 ], [ 22.995819, 40.568099 ], [ 22.996243, 40.567645 ], [ 22.996255, 40.567556 ], [ 22.996186, 40.567426 ], [ 22.995835, 40.567077 ], [ 22.995728, 40.566971 ], [ 22.994892, 40.566154 ], [ 22.994524, 40.565742 ], [ 22.994033, 40.565211 ], [ 22.993453, 40.564585 ], [ 22.993037, 40.56417 ], [ 22.99293, 40.564176 ], [ 22.992843, 40.564158 ], [ 22.992818, 40.564004 ], [ 22.992813, 40.563885 ], [ 22.992758, 40.563754 ], [ 22.992702, 40.563665 ], [ 22.992649, 40.563584 ], [ 22.992541, 40.563498 ], [ 22.992437, 40.563432 ], [ 22.992345, 40.563385 ], [ 22.991527, 40.56301 ], [ 22.991457, 40.562982 ], [ 22.991384, 40.562958 ], [ 22.991295, 40.562935 ], [ 22.991212, 40.562927 ], [ 22.991119, 40.562931 ], [ 22.991028, 40.562946 ], [ 22.990953, 40.562965 ], [ 22.990879, 40.562995 ], [ 22.990802, 40.563036 ], [ 22.990732, 40.563098 ], [ 22.990666, 40.563174 ], [ 22.989894, 40.564144 ], [ 22.989792, 40.564233 ], [ 22.989381, 40.56481 ], [ 22.988731, 40.565711 ], [ 22.987849, 40.567026 ], [ 22.986744, 40.568721 ], [ 22.98576, 40.570215 ], [ 22.985308, 40.570972 ], [ 22.985545, 40.57117 ] ] ] } },
{ "type": "Feature", "properties": { "education_source": "education_8", "education_type": "School", "name": "Γερμανική Σχολή", "name_el": null, "operator": null, "amenity": "school", "education": null, "office": null }, "geometry": { "type": "Polygon", "coordinates": [ [ [ 22.987214, 40.575745 ], [ 22.988005, 40.576189 ], [ 22.988023, 40.576147 ], [ 22.988033, 40.5761 ], [ 22.988036, 40.576047 ], [ 22.988005, 40.575969 ], [ 22.987914, 40.5759 ], [ 22.98778, 40.575814 ], [ 22.987382, 40.575611 ], [ 22.987321, 40.57561 ], [ 22.987271, 40.575583 ], [ 22.987212, 40.575552 ], [ 22.987202, 40.575518 ], [ 22.986801, 40.57532 ], [ 22.986747, 40.575321 ], [ 22.986689, 40.575289 ], [ 22.986621, 40.575254 ], [ 22.986606, 40.57521 ], [ 22.986001, 40.574884 ], [ 22.985963, 40.57488 ], [ 22.985925, 40.574886 ], [ 22.985901, 40.574903 ], [ 22.985898, 40.574906 ], [ 22.985879, 40.574925 ], [ 22.984883, 40.576269 ], [ 22.98484, 40.576327 ], [ 22.985914, 40.577082 ], [ 22.987214, 40.575745 ] ] ] } },
{ "type": "Feature", "properties": { "education_source": "education_8", "education_type": "School", "name": null, "name_el": null, "operator": null, "amenity": "school", "education": null, "office": null }, "geometry": { "type": "Polygon", "coordinates": [ [ [ 22.987944, 40.57636 ], [ 22.987981, 40.576274 ], [ 22.988005, 40.576189 ], [ 22.987214, 40.575745 ], [ 22.985914, 40.577082 ], [ 22.98672, 40.577617 ], [ 22.987944, 40.57636 ] ] ] } },
{ "type": "Feature", "properties": { "education_source": "education_8", "education_type": "School", "name": null, "name_el": null, "operator": null, "amenity": "school", "education": null, "office": null }, "geometry": { "type": "Polygon", "coordinates": [ [ [ 22.991882, 40.577502 ], [ 22.992778, 40.576667 ], [ 22.992274, 40.576298 ], [ 22.991886, 40.576676 ], [ 22.99159, 40.576517 ], [ 22.991175, 40.576939 ], [ 22.991882, 40.577502 ] ] ] } },
{ "type": "Feature", "properties": { "education_source": "education_8", "education_type": "School", "name": null, "name_el": null, "operator": null, "amenity": "school", "education": null, "office": null }, "geometry": { "type": "Polygon", "coordinates": [ [ [ 22.986701, 40.593287 ], [ 22.986999, 40.592553 ], [ 22.986363, 40.592368 ], [ 22.985703, 40.591959 ], [ 22.985293, 40.592977 ], [ 22.986701, 40.593287 ] ] ] } },
{ "type": "Feature", "properties": { "education_source": "education_8", "education_type": "School", "name": null, "name_el": null, "operator": null, "amenity": "school", "education": null, "office": null }, "geometry": { "type": "Polygon", "coordinates": [ [ [ 22.984281, 40.593332 ], [ 22.984026, 40.593247 ], [ 22.983417, 40.593094 ], [ 22.982838, 40.592961 ], [ 22.982697, 40.592929 ], [ 22.982527, 40.59289 ], [ 22.982404, 40.593283 ], [ 22.982352, 40.593439 ], [ 22.982301, 40.593592 ], [ 22.983015, 40.593724 ], [ 22.982985, 40.593818 ], [ 22.983849, 40.593983 ], [ 22.983954, 40.593919 ], [ 22.984036, 40.593933 ], [ 22.984075, 40.593974 ], [ 22.984598, 40.594071 ], [ 22.984643, 40.59414 ], [ 22.98476, 40.594158 ], [ 22.984894, 40.593756 ], [ 22.984974, 40.593516 ], [ 22.984281, 40.593332 ] ] ] } },
{ "type": "Feature", "properties": { "education_source": "education_8", "education_type": "School", "name": null, "name_el": null, "operator": null, "amenity": "school", "education": null, "office": null }, "geometry": { "type": "Polygon", "coordinates": [ [ [ 22.976168, 40.596699 ], [ 22.975924, 40.597052 ], [ 22.976001, 40.597127 ], [ 22.976139, 40.597253 ], [ 22.976269, 40.597329 ], [ 22.976991, 40.596311 ], [ 22.976557, 40.596126 ], [ 22.976168, 40.596699 ] ] ] } },
{ "type": "Feature", "properties": { "education_source": "education_8", "education_type": "School", "name": null, "name_el": null, "operator": null, "amenity": "school", "education": null, "office": null }, "geometry": { "type": "Polygon", "coordinates": [ [ [ 22.982161, 40.596872 ], [ 22.982227, 40.596513 ], [ 22.981751, 40.596478 ], [ 22.981498, 40.597391 ], [ 22.98203, 40.597475 ], [ 22.982161, 40.596872 ] ] ] } },
{ "type": "Feature", "properties": { "education_source": "education_8", "education_type": "School", "name": "Anatolia College", "name_el": null, "operator": null, "amenity": "school", "education": null, "office": null }, "geometry": { "type": "Polygon", "coordinates": [ [ [ 22.998952, 40.59854 ], [ 22.999116, 40.598802 ], [ 22.999312, 40.59889 ], [ 22.99991, 40.598965 ], [ 23.0005, 40.598973 ], [ 23.001852, 40.59899 ], [ 23.003364, 40.598648 ], [ 23.00449, 40.598349 ], [ 23.004357, 40.596662 ], [ 23.004201, 40.596114 ], [ 23.0037, 40.596315 ], [ 23.00332, 40.596477 ], [ 23.003005, 40.596613 ], [ 23.002645, 40.596758 ], [ 23.002405, 40.596841 ], [ 23.002272, 40.596887 ], [ 23.001844, 40.597057 ], [ 23.001057, 40.597419 ], [ 23.000919, 40.597496 ], [ 23.00086, 40.597523 ], [ 23.000672, 40.597606 ], [ 23.000676, 40.597649 ], [ 23.000425, 40.597759 ], [ 23.000373, 40.59774 ], [ 22.998994, 40.598384 ], [ 22.998952, 40.59854 ] ] ] } },
{ "type": "Feature", "properties": { "education_source": "education_8", "education_type": "School", "name": "Αριστοτέλειο Κολλέγιο", "name_el": "Αριστοτέλειο Κολλέγιο", "operator": null, "amenity": "school", "education": "school", "office": null }, "geometry": { "type": "Polygon", "coordinates": [ [ [ 22.998288, 40.598421 ], [ 22.998281, 40.598393 ], [ 22.997786, 40.598452 ], [ 22.997732, 40.597588 ], [ 22.997944, 40.597497 ], [ 22.99793, 40.597223 ], [ 22.997412, 40.597257 ], [ 22.997253, 40.597268 ], [ 22.997147, 40.597279 ], [ 22.997035, 40.597296 ], [ 22.996936, 40.597326 ], [ 22.99687, 40.597351 ], [ 22.996828, 40.597382 ], [ 22.996774, 40.597447 ], [ 22.996773, 40.597509 ], [ 22.996793, 40.597584 ], [ 22.997328, 40.598864 ], [ 22.998288, 40.598421 ] ] ] } },
{ "type": "Feature", "properties": { "education_source": "education_1", "education_type": "College", "name": "ACT", "name_el": null, "operator": null, "amenity": "college", "education": null, "office": null }, "geometry": { "type": "Polygon", "coordinates": [ [ [ 23.001626, 40.601605 ], [ 23.002121, 40.601559 ], [ 23.002253, 40.601537 ], [ 23.00255, 40.601463 ], [ 23.002988, 40.601349 ], [ 23.003204, 40.601286 ], [ 23.003434, 40.601184 ], [ 23.003733, 40.600982 ], [ 23.003929, 40.600828 ], [ 23.003914, 40.600434 ], [ 23.003879, 40.600282 ], [ 23.003839, 40.599536 ], [ 23.003823, 40.598587 ], [ 23.003732, 40.59862 ], [ 23.003696, 40.598671 ], [ 23.003683, 40.598728 ], [ 23.003592, 40.598729 ], [ 23.003576, 40.598702 ], [ 23.003515, 40.598676 ], [ 23.002509, 40.598936 ], [ 23.002078, 40.599038 ], [ 23.001814, 40.599081 ], [ 23.00052, 40.599097 ], [ 23.000004, 40.599153 ], [ 23.00006, 40.599361 ], [ 23.000239, 40.599349 ], [ 23.000601, 40.599373 ], [ 23.000662, 40.599488 ], [ 23.000766, 40.600008 ], [ 23.001009, 40.600972 ], [ 23.001112, 40.601531 ], [ 23.001626, 40.601605 ] ] ] } },
{ "type": "Feature", "properties": { "education_source": "education_4", "education_type": "Training institute", "name": "Ίδρυμα Άγιος Γρηγόριος ο Παλαμάς", "name_el": "Ίδρυμα Άγιος Γρηγόριος ο Παλαμάς", "operator": null, "amenity": null, "education": null, "office": "educational_institution" }, "geometry": { "type": "Polygon", "coordinates": [ [ [ 22.979273, 40.602242 ], [ 22.978903, 40.602301 ], [ 22.979188, 40.602539 ], [ 22.979272, 40.602657 ], [ 22.979191, 40.602794 ], [ 22.979726, 40.60309 ], [ 22.980038, 40.603194 ], [ 22.980347, 40.602649 ], [ 22.980328, 40.60236 ], [ 22.980386, 40.602236 ], [ 22.979913, 40.602157 ], [ 22.979841, 40.602142 ], [ 22.979769, 40.602128 ], [ 22.979676, 40.602104 ], [ 22.979273, 40.602242 ] ] ] } },
{ "type": "Feature", "properties": { "education_source": "education_8", "education_type": "School", "name": null, "name_el": null, "operator": null, "amenity": "school", "education": null, "office": null }, "geometry": { "type": "Polygon", "coordinates": [ [ [ 22.97759, 40.604177 ], [ 22.977281, 40.604085 ], [ 22.976756, 40.604547 ], [ 22.977069, 40.604751 ], [ 22.97759, 40.604177 ] ] ] } },
{ "type": "Feature", "properties": { "education_source": "education_8", "education_type": "School", "name": null, "name_el": null, "operator": null, "amenity": "school", "education": null, "office": null }, "geometry": { "type": "Polygon", "coordinates": [ [ [ 22.975878, 40.607944 ], [ 22.975817, 40.607956 ], [ 22.975589, 40.608388 ], [ 22.975913, 40.608493 ], [ 22.976169, 40.608035 ], [ 22.975878, 40.607944 ] ] ] } },
{ "type": "Feature", "properties": { "education_source": "education_8", "education_type": "School", "name": null, "name_el": null, "operator": null, "amenity": "school", "education": null, "office": null }, "geometry": { "type": "Polygon", "coordinates": [ [ [ 22.982807, 40.609204 ], [ 22.982655, 40.609122 ], [ 22.982311, 40.608937 ], [ 22.981577, 40.609585 ], [ 22.981939, 40.609863 ], [ 22.982807, 40.609204 ] ] ] } },
{ "type": "Feature", "properties": { "education_source": "education_8", "education_type": "School", "name": null, "name_el": null, "operator": null, "amenity": "school", "education": null, "office": null }, "geometry": { "type": "Polygon", "coordinates": [ [ [ 22.974275, 40.596 ], [ 22.974402, 40.596652 ], [ 22.974694, 40.596747 ], [ 22.974747, 40.596248 ], [ 22.974964, 40.595989 ], [ 22.975095, 40.595823 ], [ 22.975141, 40.595765 ], [ 22.975162, 40.595737 ], [ 22.975163, 40.595736 ], [ 22.975221, 40.595662 ], [ 22.975277, 40.59559 ], [ 22.97418, 40.595083 ], [ 22.973989, 40.59511 ], [ 22.974177, 40.595867 ], [ 22.974197, 40.595925 ], [ 22.974275, 40.596 ] ] ] } },
{ "type": "Feature", "properties": { "education_source": "education_8", "education_type": "School", "name": null, "name_el": null, "operator": null, "amenity": "school", "education": null, "office": null }, "geometry": { "type": "Polygon", "coordinates": [ [ [ 22.969147, 40.597665 ], [ 22.969579, 40.59798 ], [ 22.969731, 40.598079 ], [ 22.969792, 40.598112 ], [ 22.969867, 40.59813 ], [ 22.969934, 40.598137 ], [ 22.969981, 40.598137 ], [ 22.970301, 40.598134 ], [ 22.970322, 40.597613 ], [ 22.970323, 40.59759 ], [ 22.969317, 40.597568 ], [ 22.969147, 40.597665 ] ] ] } },
{ "type": "Feature", "properties": { "education_source": "education_8", "education_type": "School", "name": "15ο & 69ο Δημοτικό Σχολείο, 76o & 99ο Νηπιαγωγείο", "name_el": null, "operator": null, "amenity": "school", "education": null, "office": null }, "geometry": { "type": "Polygon", "coordinates": [ [ [ 22.968827, 40.600839 ], [ 22.968572, 40.601378 ], [ 22.968721, 40.601417 ], [ 22.968768, 40.60143 ], [ 22.969146, 40.60153 ], [ 22.969536, 40.601634 ], [ 22.969775, 40.60108 ], [ 22.969188, 40.600931 ], [ 22.968827, 40.600839 ] ] ] } },
{ "type": "Feature", "properties": { "education_source": "education_8", "education_type": "School", "name": null, "name_el": null, "operator": null, "amenity": "school", "education": null, "office": null }, "geometry": { "type": "Polygon", "coordinates": [ [ [ 22.971333, 40.601707 ], [ 22.97135, 40.601659 ], [ 22.971543, 40.601141 ], [ 22.971371, 40.601101 ], [ 22.970908, 40.601005 ], [ 22.970798, 40.601301 ], [ 22.970676, 40.601631 ], [ 22.97064, 40.601726 ], [ 22.970947, 40.601791 ], [ 22.971275, 40.601862 ], [ 22.971333, 40.601707 ] ] ] } },
{ "type": "Feature", "properties": { "education_source": "education_8", "education_type": "School", "name": null, "name_el": null, "operator": null, "amenity": "school", "education": null, "office": null }, "geometry": { "type": "Polygon", "coordinates": [ [ [ 22.969398, 40.605623 ], [ 22.969592, 40.605538 ], [ 22.970274, 40.605252 ], [ 22.970128, 40.604972 ], [ 22.969322, 40.60523 ], [ 22.968666, 40.605456 ], [ 22.968778, 40.605647 ], [ 22.969398, 40.605623 ] ] ] } },
{ "type": "Feature", "properties": { "education_source": "education_8", "education_type": "School", "name": null, "name_el": null, "operator": null, "amenity": "school", "education": null, "office": null }, "geometry": { "type": "Polygon", "coordinates": [ [ [ 22.972051, 40.605191 ], [ 22.971459, 40.605345 ], [ 22.97144, 40.605383 ], [ 22.971317, 40.605673 ], [ 22.971401, 40.605769 ], [ 22.972214, 40.605407 ], [ 22.972051, 40.605191 ] ] ] } },
{ "type": "Feature", "properties": { "education_source": "education_8", "education_type": "School", "name": "14ο & 107ο Δημοτικά Σχολεία Θεσσαλονίκης", "name_el": null, "operator": null, "amenity": "school", "education": null, "office": null }, "geometry": { "type": "Polygon", "coordinates": [ [ [ 22.965079, 40.605791 ], [ 22.965016, 40.605942 ], [ 22.965364, 40.606016 ], [ 22.96542, 40.60589 ], [ 22.965658, 40.605944 ], [ 22.965857, 40.605481 ], [ 22.96521, 40.605481 ], [ 22.965079, 40.605791 ] ] ] } },
{ "type": "Feature", "properties": { "education_source": "education_8", "education_type": "School", "name": "10ο Νηπιαγωγείο Θεσσαλονίκης", "name_el": "10ο Νηπιαγωγείο Θεσσαλονίκης", "operator": null, "amenity": "school", "education": null, "office": null }, "geometry": { "type": "Polygon", "coordinates": [ [ [ 22.964433, 40.607659 ], [ 22.96437, 40.607631 ], [ 22.964382, 40.607604 ], [ 22.964304, 40.607584 ], [ 22.964319, 40.607549 ], [ 22.964131, 40.607501 ], [ 22.963914, 40.607491 ], [ 22.963913, 40.607502 ], [ 22.963899, 40.607674 ], [ 22.964507, 40.607819 ], [ 22.964543, 40.607732 ], [ 22.964554, 40.607706 ], [ 22.964433, 40.607659 ] ] ] } },
{ "type": "Feature", "properties": { "education_source": "education_8", "education_type": "School", "name": null, "name_el": null, "operator": null, "amenity": "school", "education": null, "office": null }, "geometry": { "type": "Polygon", "coordinates": [ [ [ 22.96398, 40.60871 ], [ 22.964013, 40.608712 ], [ 22.964135, 40.608741 ], [ 22.964156, 40.608769 ], [ 22.964196, 40.608751 ], [ 22.964262, 40.608839 ], [ 22.964452, 40.608756 ], [ 22.964307, 40.608557 ], [ 22.964251, 40.608475 ], [ 22.964314, 40.608322 ], [ 22.964076, 40.608271 ], [ 22.963892, 40.608231 ], [ 22.963889, 40.608261 ], [ 22.963886, 40.608292 ], [ 22.96384, 40.6087 ], [ 22.96398, 40.60871 ] ] ] } },
{ "type": "Feature", "properties": { "education_source": "education_8", "education_type": "School", "name": "19ο Δημοτικό Σχολείο", "name_el": null, "operator": null, "amenity": "school", "education": null, "office": null }, "geometry": { "type": "Polygon", "coordinates": [ [ [ 22.972354, 40.610502 ], [ 22.972619, 40.610011 ], [ 22.972683, 40.609874 ], [ 22.972708, 40.609813 ], [ 22.972003, 40.609608 ], [ 22.971814, 40.609943 ], [ 22.971692, 40.610166 ], [ 22.97204, 40.610563 ], [ 22.972133, 40.610667 ], [ 22.97225, 40.610708 ], [ 22.972354, 40.610502 ] ] ] } },
{ "type": "Feature", "properties": { "education_source": "education_8", "education_type": "School", "name": "Χιονάτη", "name_el": "Χιονάτη", "operator": null, "amenity": "school", "education": null, "office": null }, "geometry": { "type": "Polygon", "coordinates": [ [ [ 23.014866, 40.59228 ], [ 23.014876, 40.592276 ], [ 23.014901, 40.592309 ], [ 23.014993, 40.59227 ], [ 23.014968, 40.592237 ], [ 23.014985, 40.59223 ], [ 23.0152, 40.592293 ], [ 23.015225, 40.59222 ], [ 23.015079, 40.592183 ], [ 23.015083, 40.592175 ], [ 23.015046, 40.592166 ], [ 23.015018, 40.592158 ], [ 23.014961, 40.592066 ], [ 23.01488, 40.592096 ], [ 23.014937, 40.592179 ], [ 23.014908, 40.592192 ], [ 23.014898, 40.592178 ], [ 23.014818, 40.592213 ], [ 23.014826, 40.592221 ], [ 23.014866, 40.59228 ] ] ] } },
{ "type": "Feature", "properties": { "education_source": "education_8", "education_type": "School", "name": null, "name_el": null, "operator": null, "amenity": "school", "education": null, "office": null }, "geometry": { "type": "Polygon", "coordinates": [ [ [ 23.181753, 40.595747 ], [ 23.181705, 40.596215 ], [ 23.182214, 40.596468 ], [ 23.182606, 40.596154 ], [ 23.181997, 40.595549 ], [ 23.181947, 40.595572 ], [ 23.181898, 40.595594 ], [ 23.181753, 40.595747 ] ] ] } },
{ "type": "Feature", "properties": { "education_source": "education_8", "education_type": "School", "name": "Απόστολος Παύλος", "name_el": "Απόστολος Παύλος", "operator": null, "amenity": "school", "education": null, "office": null }, "geometry": { "type": "Polygon", "coordinates": [ [ [ 23.009589, 40.596129 ], [ 23.009639, 40.595954 ], [ 23.009628, 40.59574 ], [ 23.00951, 40.595666 ], [ 23.009297, 40.595674 ], [ 23.008973, 40.595782 ], [ 23.008776, 40.595438 ], [ 23.008659, 40.59534 ], [ 23.008482, 40.59538 ], [ 23.00806, 40.594634 ], [ 23.007958, 40.594467 ], [ 23.007832, 40.594228 ], [ 23.0077, 40.594275 ], [ 23.007563, 40.594335 ], [ 23.007388, 40.594361 ], [ 23.007015, 40.59457 ], [ 23.006855, 40.59473 ], [ 23.00679, 40.594826 ], [ 23.006832, 40.595026 ], [ 23.006865, 40.595738 ], [ 23.006893, 40.595989 ], [ 23.006913, 40.59623 ], [ 23.00705, 40.596425 ], [ 23.007113, 40.596807 ], [ 23.007055, 40.596889 ], [ 23.007066, 40.596964 ], [ 23.007276, 40.597007 ], [ 23.007601, 40.596966 ], [ 23.008266, 40.596824 ], [ 23.009013, 40.596741 ], [ 23.009324, 40.596453 ], [ 23.009589, 40.596129 ] ] ] } },
{ "type": "Feature", "properties": { "education_source": "education_8", "education_type": "School", "name": "Δημοτικό Σχολείο Μελισσουργού", "name_el": null, "operator": null, "amenity": "school", "education": null, "office": null }, "geometry": { "type": "Polygon", "coordinates": [ [ [ 23.473905, 40.600687 ], [ 23.474018, 40.600598 ], [ 23.474077, 40.600552 ], [ 23.474112, 40.600435 ], [ 23.474019, 40.600435 ], [ 23.474076, 40.600223 ], [ 23.474028, 40.600214 ], [ 23.473482, 40.60011 ], [ 23.47333, 40.600515 ], [ 23.473905, 40.600687 ] ] ] } },
{ "type": "Feature", "properties": { "education_source": "education_8", "education_type": "School", "name": "Δημοτικό Μικρών Τάξεων Κολλεγίου Ανατόλια", "name_el": null, "operator": null, "amenity": "school", "education": null, "office": null }, "geometry": { "type": "Polygon", "coordinates": [ [ [ 23.009086, 40.596824 ], [ 23.00903, 40.596876 ], [ 23.008959, 40.596917 ], [ 23.008869, 40.596949 ], [ 23.0087, 40.597005 ], [ 23.008271, 40.597124 ], [ 23.007834, 40.597255 ], [ 23.007641, 40.597319 ], [ 23.007837, 40.597477 ], [ 23.008183, 40.597802 ], [ 23.008912, 40.598309 ], [ 23.009491, 40.598237 ], [ 23.009786, 40.598064 ], [ 23.010037, 40.597803 ], [ 23.00973, 40.596987 ], [ 23.009522, 40.596782 ], [ 23.009195, 40.596723 ], [ 23.009086, 40.596824 ] ] ] } },
{ "type": "Feature", "properties": { "education_source": "education_8", "education_type": "School", "name": "Ημερήσιο Γυμνάσιο Χορτιάτη", "name_el": null, "operator": "Δήμος Πυλαίας-Χορτιάτη", "amenity": "school", "education": null, "office": null }, "geometry": { "type": "Polygon", "coordinates": [ [ [ 23.102533, 40.610169 ], [ 23.102564, 40.610173 ], [ 23.102644, 40.610016 ], [ 23.102961, 40.610107 ], [ 23.103143, 40.610017 ], [ 23.103139, 40.609552 ], [ 23.103077, 40.609408 ], [ 23.10261, 40.609413 ], [ 23.10244, 40.609464 ], [ 23.102383, 40.609647 ], [ 23.102292, 40.609872 ], [ 23.102216, 40.610057 ], [ 23.102243, 40.610092 ], [ 23.102533, 40.610169 ] ] ] } },
{ "type": "Feature", "properties": { "education_source": "education_8", "education_type": "School", "name": "1ο Νηπιαγωγείο Χορτιάτη", "name_el": null, "operator": "Δήμος Πυλαίας-Χορτιάτη", "amenity": "school", "education": null, "office": null }, "geometry": { "type": "Polygon", "coordinates": [ [ [ 23.099762, 40.611632 ], [ 23.099781, 40.611538 ], [ 23.099713, 40.61153 ], [ 23.099732, 40.611399 ], [ 23.099572, 40.611368 ], [ 23.09954, 40.611362 ], [ 23.099525, 40.611419 ], [ 23.099536, 40.611431 ], [ 23.099532, 40.611452 ], [ 23.099529, 40.611469 ], [ 23.099512, 40.611476 ], [ 23.099478, 40.611612 ], [ 23.099759, 40.61165 ], [ 23.099762, 40.611632 ] ] ] } },
{ "type": "Feature", "properties": { "education_source": "education_8", "education_type": "School", "name": "Δημοτικό Σχολείο Χορτιάτη", "name_el": null, "operator": "Δήμος Πυλαίας-Χορτιάτη", "amenity": "school", "education": null, "office": null }, "geometry": { "type": "Polygon", "coordinates": [ [ [ 23.097572, 40.619501 ], [ 23.097389, 40.619627 ], [ 23.097161, 40.619784 ], [ 23.097307, 40.620094 ], [ 23.096467, 40.620272 ], [ 23.096698, 40.620787 ], [ 23.097495, 40.620452 ], [ 23.097444, 40.620284 ], [ 23.097722, 40.6202 ], [ 23.097795, 40.62013 ], [ 23.097905, 40.619981 ], [ 23.097921, 40.61996 ], [ 23.098219, 40.619875 ], [ 23.098136, 40.619621 ], [ 23.098114, 40.619284 ], [ 23.097572, 40.619501 ] ] ] } },
{ "type": "Feature", "properties": { "education_source": "education_8", "education_type": "School", "name": "Γενικό Λύκειο Χορτιάτη", "name_el": null, "operator": "Δήμος Πυλαίας-Χορτιάτη", "amenity": "school", "education": null, "office": null }, "geometry": { "type": "Polygon", "coordinates": [ [ [ 23.092024, 40.62284 ], [ 23.092472, 40.623231 ], [ 23.09295, 40.62365 ], [ 23.09352, 40.623267 ], [ 23.093321, 40.623056 ], [ 23.093291, 40.623026 ], [ 23.093109, 40.622842 ], [ 23.092739, 40.622652 ], [ 23.092512, 40.622644 ], [ 23.092017, 40.622786 ], [ 23.092024, 40.62284 ] ] ] } },
{ "type": "Feature", "properties": { "education_source": "education_8", "education_type": "School", "name": null, "name_el": null, "operator": null, "amenity": "school", "education": null, "office": null }, "geometry": { "type": "Polygon", "coordinates": [ [ [ 23.24777, 40.627051 ], [ 23.247893, 40.627076 ], [ 23.247912, 40.627023 ], [ 23.247789, 40.626998 ], [ 23.24777, 40.627051 ] ] ] } },
{ "type": "Feature", "properties": { "education_source": "education_8", "education_type": "School", "name": "27ο Δημοτικό Σχολείο", "name_el": null, "operator": null, "amenity": "school", "education": null, "office": null }, "geometry": { "type": "Polygon", "coordinates": [ [ [ 22.976287, 40.611239 ], [ 22.976588, 40.611135 ], [ 22.976601, 40.61111 ], [ 22.97662, 40.611071 ], [ 22.976627, 40.611057 ], [ 22.97572, 40.610777 ], [ 22.975548, 40.610724 ], [ 22.975424, 40.610956 ], [ 22.97542, 40.610964 ], [ 22.976287, 40.611239 ] ] ] } },
{ "type": "Feature", "properties": { "education_source": "education_8", "education_type": "School", "name": null, "name_el": null, "operator": null, "amenity": "school", "education": null, "office": null }, "geometry": { "type": "Polygon", "coordinates": [ [ [ 22.994832, 40.611682 ], [ 22.994853, 40.611705 ], [ 22.995055, 40.611598 ], [ 22.995316, 40.611455 ], [ 22.994983, 40.611092 ], [ 22.994393, 40.61142 ], [ 22.994115, 40.611575 ], [ 22.994243, 40.611707 ], [ 22.99434, 40.611805 ], [ 22.994415, 40.611882 ], [ 22.994432, 40.6119 ], [ 22.994832, 40.611682 ] ] ] } },
{ "type": "Feature", "properties": { "education_source": "education_8", "education_type": "School", "name": "2o Γυμνάσιο / Λύκειο Πυλαίας", "name_el": null, "operator": null, "amenity": "school", "education": null, "office": null }, "geometry": { "type": "Polygon", "coordinates": [ [ [ 22.995055, 40.611598 ], [ 22.995015, 40.611555 ], [ 22.995061, 40.611531 ], [ 22.995086, 40.611558 ], [ 22.995097, 40.611552 ], [ 22.995108, 40.611564 ], [ 22.995272, 40.611476 ], [ 22.995139, 40.611333 ], [ 22.99496, 40.611428 ], [ 22.994984, 40.611454 ], [ 22.994943, 40.611476 ], [ 22.994918, 40.611449 ], [ 22.994863, 40.611478 ], [ 22.994817, 40.611429 ], [ 22.994865, 40.611404 ], [ 22.994759, 40.611289 ], [ 22.994555, 40.611398 ], [ 22.994662, 40.611514 ], [ 22.994706, 40.61149 ], [ 22.994752, 40.611539 ], [ 22.994717, 40.611558 ], [ 22.994832, 40.611682 ], [ 22.994853, 40.611705 ], [ 22.995055, 40.611598 ] ] ] } },
{ "type": "Feature", "properties": { "education_source": "education_8", "education_type": "School", "name": "3ο Δημοτικό Σχολείο Πυλαίας", "name_el": null, "operator": null, "amenity": "school", "education": null, "office": null }, "geometry": { "type": "Polygon", "coordinates": [ [ [ 22.993982, 40.612145 ], [ 22.994027, 40.61212 ], [ 22.994203, 40.612024 ], [ 22.994432, 40.6119 ], [ 22.994415, 40.611882 ], [ 22.99434, 40.611805 ], [ 22.994243, 40.611707 ], [ 22.994115, 40.611575 ], [ 22.993672, 40.611823 ], [ 22.993982, 40.612145 ] ] ] } },
{ "type": "Feature", "properties": { "education_source": "education_8", "education_type": "School", "name": null, "name_el": null, "operator": null, "amenity": "school", "education": null, "office": null }, "geometry": { "type": "Polygon", "coordinates": [ [ [ 22.988395, 40.611612 ], [ 22.988065, 40.611258 ], [ 22.987867, 40.611347 ], [ 22.987494, 40.611511 ], [ 22.987491, 40.611546 ], [ 22.987782, 40.61186 ], [ 22.987821, 40.611838 ], [ 22.987882, 40.611897 ], [ 22.987988, 40.612006 ], [ 22.98796, 40.61202 ], [ 22.988078, 40.612144 ], [ 22.98824, 40.612315 ], [ 22.98829, 40.612368 ], [ 22.988857, 40.612114 ], [ 22.988395, 40.611612 ] ] ] } },
{ "type": "Feature", "properties": { "education_source": "education_8", "education_type": "School", "name": "21ο Δημ. Σχολείο Θεσσαλονίκης", "name_el": null, "operator": null, "amenity": "school", "education": null, "office": null }, "geometry": { "type": "Polygon", "coordinates": [ [ [ 22.977758, 40.612228 ], [ 22.977931, 40.612121 ], [ 22.977959, 40.612106 ], [ 22.978149, 40.61193 ], [ 22.978338, 40.611755 ], [ 22.978773, 40.611344 ], [ 22.978266, 40.611203 ], [ 22.978039, 40.611655 ], [ 22.977812, 40.612105 ], [ 22.977743, 40.612245 ], [ 22.977758, 40.612228 ] ] ] } },
{ "type": "Feature", "properties": { "education_source": "education_8", "education_type": "School", "name": null, "name_el": null, "operator": null, "amenity": "school", "education": null, "office": null }, "geometry": { "type": "Polygon", "coordinates": [ [ [ 22.983, 40.611885 ], [ 22.983234, 40.612271 ], [ 22.983925, 40.612037 ], [ 22.983746, 40.611857 ], [ 22.98356, 40.611674 ], [ 22.98335, 40.611481 ], [ 22.983324, 40.611466 ], [ 22.983229, 40.611305 ], [ 22.982799, 40.611451 ], [ 22.982743, 40.611473 ], [ 22.983, 40.611885 ] ] ] } },
{ "type": "Feature", "properties": { "education_source": "education_8", "education_type": "School", "name": null, "name_el": null, "operator": null, "amenity": "school", "education": null, "office": null }, "geometry": { "type": "Polygon", "coordinates": [ [ [ 22.976945, 40.614067 ], [ 22.976879, 40.614091 ], [ 22.977007, 40.614293 ], [ 22.977183, 40.614576 ], [ 22.977485, 40.614468 ], [ 22.977541, 40.614449 ], [ 22.97741, 40.614263 ], [ 22.977329, 40.61413 ], [ 22.977229, 40.613966 ], [ 22.976945, 40.614067 ] ] ] } },
{ "type": "Feature", "properties": { "education_source": "education_8", "education_type": "School", "name": null, "name_el": null, "operator": null, "amenity": "school", "education": null, "office": null }, "geometry": { "type": "Polygon", "coordinates": [ [ [ 22.980542, 40.615719 ], [ 22.980074, 40.615323 ], [ 22.979974, 40.615402 ], [ 22.980008, 40.615634 ], [ 22.979834, 40.615756 ], [ 22.979895, 40.61586 ], [ 22.980094, 40.616026 ], [ 22.980542, 40.615719 ] ] ] } },
{ "type": "Feature", "properties": { "education_source": "education_8", "education_type": "School", "name": "24ο Δημοτικό Σχολείο Θεσσαλονίκης", "name_el": null, "operator": null, "amenity": "school", "education": null, "office": null }, "geometry": { "type": "Polygon", "coordinates": [ [ [ 22.976985, 40.616487 ], [ 22.976998, 40.616459 ], [ 22.976882, 40.616264 ], [ 22.976429, 40.61644 ], [ 22.97626, 40.616506 ], [ 22.976296, 40.616566 ], [ 22.97646, 40.616832 ], [ 22.976507, 40.616815 ], [ 22.976631, 40.616768 ], [ 22.977056, 40.616607 ], [ 22.976985, 40.616487 ] ] ] } },
{ "type": "Feature", "properties": { "education_source": "education_8", "education_type": "School", "name": null, "name_el": null, "operator": null, "amenity": "school", "education": null, "office": null }, "geometry": { "type": "Polygon", "coordinates": [ [ [ 22.976124, 40.618121 ], [ 22.976911, 40.617829 ], [ 22.976713, 40.617521 ], [ 22.975922, 40.617815 ], [ 22.976124, 40.618121 ] ] ] } },
{ "type": "Feature", "properties": { "education_source": "education_8", "education_type": "School", "name": "25ο Δημοτικό Σχολείο Θεσσαλονίκης", "name_el": null, "operator": null, "amenity": "school", "education": null, "office": null }, "geometry": { "type": "Polygon", "coordinates": [ [ [ 22.977264, 40.620484 ], [ 22.977372, 40.620307 ], [ 22.977053, 40.61981 ], [ 22.976272, 40.620092 ], [ 22.976675, 40.620708 ], [ 22.977264, 40.620484 ] ] ] } },
{ "type": "Feature", "properties": { "education_source": "education_8", "education_type": "School", "name": "Δελασάλ", "name_el": null, "operator": null, "amenity": "school", "education": null, "office": null }, "geometry": { "type": "Polygon", "coordinates": [ [ [ 22.995287, 40.656465 ], [ 22.996762, 40.656501 ], [ 22.997099, 40.65615 ], [ 22.996316, 40.655463 ], [ 22.996288, 40.655491 ], [ 22.99627, 40.655508 ], [ 22.996137, 40.655335 ], [ 22.995851, 40.65506 ], [ 22.995565, 40.654809 ], [ 22.994414, 40.655392 ], [ 22.995287, 40.656465 ] ] ] } },
{ "type": "Feature", "properties": { "education_source": "education_8", "education_type": "School", "name": "1ο Δημοτικό Σχολείο Πεύκων", "name_el": null, "operator": null, "amenity": "school", "education": null, "office": null }, "geometry": { "type": "Polygon", "coordinates": [ [ [ 22.990236, 40.655918 ], [ 22.990267, 40.655911 ], [ 22.99032, 40.655883 ], [ 22.990559, 40.655834 ], [ 22.990573, 40.655767 ], [ 22.990235, 40.655413 ], [ 22.989896, 40.65549 ], [ 22.989924, 40.655664 ], [ 22.989916, 40.655922 ], [ 22.990236, 40.655918 ] ] ] } },
{ "type": "Feature", "properties": { "education_source": "education_8", "education_type": "School", "name": "Γυμνάσιο Πεύκων - Παράρτημα", "name_el": null, "operator": null, "amenity": "school", "education": null, "office": null }, "geometry": { "type": "Polygon", "coordinates": [ [ [ 23.00057, 40.656479 ], [ 23.000361, 40.656376 ], [ 23.000309, 40.65636 ], [ 23.000248, 40.65634 ], [ 23.000073, 40.656528 ], [ 23.000135, 40.65656 ], [ 22.99991, 40.656841 ], [ 23.000104, 40.656944 ], [ 23.00037, 40.656688 ], [ 23.00057, 40.656479 ] ] ] } },
{ "type": "Feature", "properties": { "education_source": "education_8", "education_type": "School", "name": "Φρυγανιώτη", "name_el": null, "operator": null, "amenity": "school", "education": null, "office": null }, "geometry": { "type": "Polygon", "coordinates": [ [ [ 22.986287, 40.656418 ], [ 22.985821, 40.656594 ], [ 22.986031, 40.656913 ], [ 22.986496, 40.656736 ], [ 22.986287, 40.656418 ] ] ] } },
{ "type": "Feature", "properties": { "education_source": "education_8", "education_type": "School", "name": "1ο Γυμνάσιο Πεύκων", "name_el": null, "operator": null, "amenity": "school", "education": null, "office": null }, "geometry": { "type": "Polygon", "coordinates": [ [ [ 22.998846, 40.6573 ], [ 22.999445, 40.65669 ], [ 22.998819, 40.656355 ], [ 22.998483, 40.656657 ], [ 22.998241, 40.656875 ], [ 22.998846, 40.6573 ] ] ] } },
{ "type": "Feature", "properties": { "education_source": "education_8", "education_type": "School", "name": "Νηπιαγωγείο", "name_el": null, "operator": null, "amenity": "school", "education": null, "office": null }, "geometry": { "type": "Polygon", "coordinates": [ [ [ 23.000001, 40.657022 ], [ 22.999758, 40.656868 ], [ 22.999734, 40.656853 ], [ 22.999453, 40.657107 ], [ 22.999699, 40.65725 ], [ 23.000001, 40.657022 ] ] ] } },
{ "type": "Feature", "properties": { "education_source": "education_8", "education_type": "School", "name": "2ο & 4ο Δημοτικά Σχολεία Πεύκων", "name_el": null, "operator": null, "amenity": "school", "education": null, "office": null }, "geometry": { "type": "Polygon", "coordinates": [ [ [ 22.998876, 40.657315 ], [ 22.999252, 40.657579 ], [ 22.999699, 40.65725 ], [ 22.999453, 40.657107 ], [ 22.999734, 40.656853 ], [ 22.999708, 40.656838 ], [ 22.999445, 40.65669 ], [ 22.998846, 40.6573 ], [ 22.998876, 40.657315 ] ] ] } },
{ "type": "Feature", "properties": { "education_source": "education_8", "education_type": "School", "name": "3ο Δημοτικό Σχολείο Πεύκων", "name_el": null, "operator": null, "amenity": "school", "education": null, "office": null }, "geometry": { "type": "Polygon", "coordinates": [ [ [ 22.99147, 40.657713 ], [ 22.991476, 40.657553 ], [ 22.991481, 40.657283 ], [ 22.99148, 40.65728 ], [ 22.991482, 40.657208 ], [ 22.991491, 40.656905 ], [ 22.991388, 40.656858 ], [ 22.991277, 40.656847 ], [ 22.991242, 40.656796 ], [ 22.991093, 40.65677 ], [ 22.990958, 40.65675 ], [ 22.990974, 40.657593 ], [ 22.99147, 40.657713 ] ] ] } },
{ "type": "Feature", "properties": { "education_source": "education_8", "education_type": "School", "name": "Primary School", "name_el": null, "operator": null, "amenity": "school", "education": null, "office": null }, "geometry": { "type": "Polygon", "coordinates": [ [ [ 22.921994, 40.422375 ], [ 22.92242, 40.422722 ], [ 22.922707, 40.422518 ], [ 22.922892, 40.422668 ], [ 22.923303, 40.422376 ], [ 22.922945, 40.422084 ], [ 22.922993, 40.422051 ], [ 22.922793, 40.421888 ], [ 22.922737, 40.421901 ], [ 22.922701, 40.421872 ], [ 22.921994, 40.422375 ] ] ] } },
{ "type": "Feature", "properties": { "education_source": "education_8", "education_type": "School", "name": "1ο Δημοτικό Σχολείο Επανομής", "name_el": null, "operator": null, "amenity": "school", "education": null, "office": null }, "geometry": { "type": "Polygon", "coordinates": [ [ [ 22.930388, 40.425351 ], [ 22.929756, 40.425056 ], [ 22.929585, 40.425347 ], [ 22.930192, 40.425572 ], [ 22.930388, 40.425351 ] ] ] } },
{ "type": "Feature", "properties": { "education_source": "education_8", "education_type": "School", "name": "2ο Δημοτικό Σχολείο Επανομής", "name_el": null, "operator": null, "amenity": "school", "education": null, "office": null }, "geometry": { "type": "Polygon", "coordinates": [ [ [ 22.928164, 40.429189 ], [ 22.927898, 40.429285 ], [ 22.927712, 40.429326 ], [ 22.928022, 40.429622 ], [ 22.927999, 40.429773 ], [ 22.92849, 40.430067 ], [ 22.9285, 40.429771 ], [ 22.928508, 40.429659 ], [ 22.928486, 40.429429 ], [ 22.928414, 40.429231 ], [ 22.928385, 40.42917 ], [ 22.92832, 40.4291 ], [ 22.928164, 40.429189 ] ] ] } },
{ "type": "Feature", "properties": { "education_source": "education_8", "education_type": "School", "name": "2ο Νηπιαγωγείο Περαίας", "name_el": null, "operator": null, "amenity": "school", "education": null, "office": null }, "geometry": { "type": "Polygon", "coordinates": [ [ [ 22.928515, 40.49549 ], [ 22.928499, 40.495595 ], [ 22.928776, 40.495595 ], [ 22.928594, 40.495228 ], [ 22.928397, 40.495236 ], [ 22.928307, 40.495239 ], [ 22.928265, 40.495488 ], [ 22.928515, 40.49549 ] ] ] } },
{ "type": "Feature", "properties": { "education_source": "education_8", "education_type": "School", "name": "2ο Ημερήσιο Γενικό Λύκειο Θερμαϊκού", "name_el": null, "operator": null, "amenity": "school", "education": null, "office": null }, "geometry": { "type": "Polygon", "coordinates": [ [ [ 22.927416, 40.496104 ], [ 22.927437, 40.496124 ], [ 22.928041, 40.496177 ], [ 22.928135, 40.495494 ], [ 22.927866, 40.49548 ], [ 22.927883, 40.495346 ], [ 22.928139, 40.495358 ], [ 22.928147, 40.495289 ], [ 22.927507, 40.495309 ], [ 22.927396, 40.496084 ], [ 22.927416, 40.496104 ] ] ] } },
{ "type": "Feature", "properties": { "education_source": "education_8", "education_type": "School", "name": "2ο Δημοτικό Σχολείο Περαίας", "name_el": null, "operator": null, "amenity": "school", "education": null, "office": null }, "geometry": { "type": "Polygon", "coordinates": [ [ [ 22.928753, 40.496246 ], [ 22.928792, 40.495945 ], [ 22.928818, 40.495747 ], [ 22.928776, 40.495595 ], [ 22.928499, 40.495595 ], [ 22.928515, 40.49549 ], [ 22.928265, 40.495488 ], [ 22.928179, 40.496193 ], [ 22.928753, 40.496246 ] ] ] } },
{ "type": "Feature", "properties": { "education_source": "education_8", "education_type": "School", "name": "1ο Γυμνάσιο Περαίας", "name_el": null, "operator": null, "amenity": "school", "education": null, "office": null }, "geometry": { "type": "Polygon", "coordinates": [ [ [ 22.919534, 40.500084 ], [ 22.919406, 40.501012 ], [ 22.919415, 40.501047 ], [ 22.920293, 40.500993 ], [ 22.920355, 40.500154 ], [ 22.919534, 40.500084 ] ] ] } },
{ "type": "Feature", "properties": { "education_source": "education_8", "education_type": "School", "name": null, "name_el": null, "operator": null, "amenity": "school", "education": null, "office": null }, "geometry": { "type": "Polygon", "coordinates": [ [ [ 22.926223, 40.501856 ], [ 22.92706, 40.501857 ], [ 22.927078, 40.501667 ], [ 22.927085, 40.501543 ], [ 22.927069, 40.501481 ], [ 22.926546, 40.501473 ], [ 22.926559, 40.501162 ], [ 22.926161, 40.501126 ], [ 22.926223, 40.501856 ] ] ] } },
{ "type": "Feature", "properties": { "education_source": "education_8", "education_type": "School", "name": null, "name_el": null, "operator": null, "amenity": "school", "education": null, "office": null }, "geometry": { "type": "Polygon", "coordinates": [ [ [ 22.920538, 40.503797 ], [ 22.920941, 40.503854 ], [ 22.921007, 40.503661 ], [ 22.921054, 40.503456 ], [ 22.92108, 40.503273 ], [ 22.921081, 40.502969 ], [ 22.92108, 40.502935 ], [ 22.920102, 40.502793 ], [ 22.920067, 40.50292 ], [ 22.919825, 40.503713 ], [ 22.920538, 40.503797 ] ] ] } },
{ "type": "Feature", "properties": { "education_source": "education_8", "education_type": "School", "name": "3ο Νηπιαγωγείο Περαίας", "name_el": null, "operator": null, "amenity": "school", "education": null, "office": null }, "geometry": { "type": "Polygon", "coordinates": [ [ [ 22.921971, 40.506027 ], [ 22.922242, 40.506102 ], [ 22.92234, 40.505906 ], [ 22.922438, 40.505709 ], [ 22.922145, 40.505635 ], [ 22.921971, 40.506027 ] ] ] } },
{ "type": "Feature", "properties": { "education_source": "education_8", "education_type": "School", "name": "1o Λύκειο Ν. Μηχανιώνας", "name_el": null, "operator": null, "amenity": "school", "education": null, "office": null }, "geometry": { "type": "Polygon", "coordinates": [ [ [ 22.867371, 40.462841 ], [ 22.867365, 40.463292 ], [ 22.868446, 40.463301 ], [ 22.868468, 40.462852 ], [ 22.867371, 40.462841 ] ] ] } },
{ "type": "Feature", "properties": { "education_source": "education_8", "education_type": "School", "name": "1ο & 2ο Γυμνάσιο Ν. Μηχανιώνας", "name_el": null, "operator": null, "amenity": "school", "education": null, "office": null }, "geometry": { "type": "Polygon", "coordinates": [ [ [ 22.865243, 40.463926 ], [ 22.865434, 40.463833 ], [ 22.865612, 40.463801 ], [ 22.865792, 40.463791 ], [ 22.866818, 40.463803 ], [ 22.86685, 40.462423 ], [ 22.866496, 40.462433 ], [ 22.865841, 40.46271 ], [ 22.865316, 40.463534 ], [ 22.865141, 40.4638 ], [ 22.865066, 40.463983 ], [ 22.865243, 40.463926 ] ] ] } },
{ "type": "Feature", "properties": { "education_source": "education_8", "education_type": "School", "name": "1ο Δημοτικό Σχολείο Νέας Μηχανιώνας", "name_el": "1ο Δημοτικό Σχολείο Νέας Μηχανιώνας", "operator": null, "amenity": "school", "education": null, "office": null }, "geometry": { "type": "Polygon", "coordinates": [ [ [ 22.858668, 40.467782 ], [ 22.858449, 40.46761 ], [ 22.85822, 40.467984 ], [ 22.858409, 40.468074 ], [ 22.858243, 40.468285 ], [ 22.858526, 40.46845 ], [ 22.858661, 40.468447 ], [ 22.858858, 40.468176 ], [ 22.858972, 40.468021 ], [ 22.858668, 40.467782 ] ] ] } },
{ "type": "Feature", "properties": { "education_source": "education_8", "education_type": "School", "name": "Δημοτικό Σχολείο Νέας Κερασιάς", "name_el": "Δημοτικό Σχολείο Νέας Κερασιάς", "operator": null, "amenity": "school", "education": null, "office": null }, "geometry": { "type": "Polygon", "coordinates": [ [ [ 22.866637, 40.475383 ], [ 22.866925, 40.47558 ], [ 22.867384, 40.475191 ], [ 22.867283, 40.475122 ], [ 22.867096, 40.474995 ], [ 22.866637, 40.475383 ] ] ] } },
{ "type": "Feature", "properties": { "education_source": "education_8", "education_type": "School", "name": "Γυμνάσιο και Λύκειο", "name_el": null, "operator": null, "amenity": "school", "education": null, "office": null }, "geometry": { "type": "Polygon", "coordinates": [ [ [ 22.907922, 40.499103 ], [ 22.908406, 40.499075 ], [ 22.908398, 40.498894 ], [ 22.908412, 40.498866 ], [ 22.908681, 40.498423 ], [ 22.907821, 40.498503 ], [ 22.907922, 40.499103 ] ] ] } },
{ "type": "Feature", "properties": { "education_source": "education_8", "education_type": "School", "name": "Δημοτικό Σχολείο Αγίας Τριάδας", "name_el": null, "operator": null, "amenity": "school", "education": null, "office": null }, "geometry": { "type": "Polygon", "coordinates": [ [ [ 22.878325, 40.500283 ], [ 22.878344, 40.499957 ], [ 22.877756, 40.499935 ], [ 22.877737, 40.500263 ], [ 22.878325, 40.500283 ] ] ] } },
{ "type": "Feature", "properties": { "education_source": "education_8", "education_type": "School", "name": null, "name_el": null, "operator": null, "amenity": "school", "education": null, "office": null }, "geometry": { "type": "Polygon", "coordinates": [ [ [ 22.744047, 40.632093 ], [ 22.744554, 40.630786 ], [ 22.74454, 40.630743 ], [ 22.743508, 40.630955 ], [ 22.743068, 40.631816 ], [ 22.744047, 40.632093 ] ] ] } },
{ "type": "Feature", "properties": { "education_source": "education_8", "education_type": "School", "name": null, "name_el": null, "operator": null, "amenity": "school", "education": null, "office": null }, "geometry": { "type": "Polygon", "coordinates": [ [ [ 22.859169, 40.638636 ], [ 22.859518, 40.637982 ], [ 22.858354, 40.63785 ], [ 22.858229, 40.638569 ], [ 22.859169, 40.638636 ] ] ] } },
{ "type": "Feature", "properties": { "education_source": "education_8", "education_type": "School", "name": "6ο Δημοτικό Σχολείο Μενεμένης", "name_el": null, "operator": null, "amenity": "school", "education": null, "office": null }, "geometry": { "type": "Polygon", "coordinates": [ [ [ 22.908654, 40.655869 ], [ 22.908205, 40.655385 ], [ 22.90771, 40.655658 ], [ 22.908166, 40.656138 ], [ 22.908654, 40.655869 ] ] ] } },
{ "type": "Feature", "properties": { "education_source": "education_8", "education_type": "School", "name": "2ο Γυμνάσιο-Λύκειο 3ο-5ο Δημοτικό", "name_el": null, "operator": null, "amenity": "school", "education": null, "office": null }, "geometry": { "type": "Polygon", "coordinates": [ [ [ 22.895133, 40.656986 ], [ 22.895453, 40.657489 ], [ 22.895782, 40.657371 ], [ 22.896686, 40.657053 ], [ 22.896444, 40.656495 ], [ 22.895485, 40.656859 ], [ 22.895133, 40.656986 ] ] ] } },
{ "type": "Feature", "properties": { "education_source": "education_8", "education_type": "School", "name": "3ο Δημοτικό Σχολείο Περαίας", "name_el": null, "operator": null, "amenity": "school", "education": null, "office": null }, "geometry": { "type": "Polygon", "coordinates": [ [ [ 22.922588, 40.505901 ], [ 22.92244, 40.506243 ], [ 22.923285, 40.506441 ], [ 22.923398, 40.505872 ], [ 22.922663, 40.505729 ], [ 22.922588, 40.505901 ] ] ] } },
{ "type": "Feature", "properties": { "education_source": "education_8", "education_type": "School", "name": "2ο Γυμνάσιο Περαίας", "name_el": null, "operator": null, "amenity": "school", "education": null, "office": null }, "geometry": { "type": "Polygon", "coordinates": [ [ [ 22.929737, 40.507706 ], [ 22.929814, 40.507445 ], [ 22.929899, 40.507133 ], [ 22.928798, 40.506908 ], [ 22.928718, 40.507234 ], [ 22.928657, 40.507555 ], [ 22.929737, 40.507706 ] ] ] } },
{ "type": "Feature", "properties": { "education_source": "education_8", "education_type": "School", "name": "4ο Δημοτικό Σχολείο Περαίας", "name_el": null, "operator": null, "amenity": "school", "education": null, "office": null }, "geometry": { "type": "Polygon", "coordinates": [ [ [ 22.928765, 40.508254 ], [ 22.929598, 40.508534 ], [ 22.929754, 40.507865 ], [ 22.928661, 40.50769 ], [ 22.928531, 40.508177 ], [ 22.928765, 40.508254 ] ] ] } },
{ "type": "Feature", "properties": { "education_source": "education_3", "education_type": "University", "name": "Κτηνιατρική Σχολή Αριστοτέλειου Πανεπιστήμιου Θεσσαλονίκης", "name_el": "Κτηνιατρική Σχολή Αριστοτέλειου Πανεπιστήμιου Θεσσαλονίκης", "operator": null, "amenity": "university", "education": null, "office": null }, "geometry": { "type": "Polygon", "coordinates": [ [ [ 22.926216, 40.644274 ], [ 22.925536, 40.642619 ], [ 22.924284, 40.64292 ], [ 22.924408, 40.64308 ], [ 22.924574, 40.643386 ], [ 22.924627, 40.643407 ], [ 22.924749, 40.643629 ], [ 22.924867, 40.643846 ], [ 22.925328, 40.644689 ], [ 22.926216, 40.644274 ] ] ] } },
{ "type": "Feature", "properties": { "education_source": "education_8", "education_type": "School", "name": "63ο & 65ο Δημοτικό Σχολείο, 38ο & 42ο Νηπιαγωγείο", "name_el": null, "operator": null, "amenity": "school", "education": null, "office": null }, "geometry": { "type": "Polygon", "coordinates": [ [ [ 22.927412, 40.645334 ], [ 22.927421, 40.645319 ], [ 22.927663, 40.645276 ], [ 22.927743, 40.645264 ], [ 22.927842, 40.645267 ], [ 22.927892, 40.645125 ], [ 22.927879, 40.645115 ], [ 22.927744, 40.645148 ], [ 22.927723, 40.645129 ], [ 22.927686, 40.644984 ], [ 22.927664, 40.644869 ], [ 22.927621, 40.64483 ], [ 22.927539, 40.644755 ], [ 22.927219, 40.644934 ], [ 22.927239, 40.645009 ], [ 22.927022, 40.645043 ], [ 22.927047, 40.645137 ], [ 22.927031, 40.64514 ], [ 22.927048, 40.645201 ], [ 22.927096, 40.645383 ], [ 22.927412, 40.645334 ] ] ] } },
{ "type": "Feature", "properties": { "education_source": "education_8", "education_type": "School", "name": "30ο Γυμνάσιο", "name_el": null, "operator": null, "amenity": "school", "education": null, "office": null }, "geometry": { "type": "Polygon", "coordinates": [ [ [ 22.917528, 40.647263 ], [ 22.918286, 40.647028 ], [ 22.917948, 40.646489 ], [ 22.918117, 40.646426 ], [ 22.918036, 40.646306 ], [ 22.917104, 40.646633 ], [ 22.917528, 40.647263 ] ] ] } },
{ "type": "Feature", "properties": { "education_source": "education_8", "education_type": "School", "name": "67ο Δημοτικό Σχολείο Θεσσαλονίκης", "name_el": null, "operator": null, "amenity": "school", "education": null, "office": null }, "geometry": { "type": "Polygon", "coordinates": [ [ [ 22.92969, 40.647324 ], [ 22.930269, 40.647592 ], [ 22.930355, 40.647165 ], [ 22.930602, 40.646726 ], [ 22.929597, 40.647236 ], [ 22.92969, 40.647324 ] ] ] } },
{ "type": "Feature", "properties": { "education_source": "education_8", "education_type": "School", "name": "Σκεπάρνη", "name_el": "Σκεπάρνη", "operator": null, "amenity": "school", "education": null, "office": null }, "geometry": { "type": "Polygon", "coordinates": [ [ [ 22.924376, 40.649105 ], [ 22.924827, 40.649617 ], [ 22.925357, 40.649354 ], [ 22.925372, 40.649301 ], [ 22.924442, 40.649071 ], [ 22.924376, 40.649105 ] ] ] } },
{ "type": "Feature", "properties": { "education_source": "education_8", "education_type": "School", "name": "3ο Γυμνάσιο Αμπελοκήπων", "name_el": null, "operator": null, "amenity": "school", "education": null, "office": null }, "geometry": { "type": "Polygon", "coordinates": [ [ [ 22.918544, 40.65244 ], [ 22.918945, 40.652186 ], [ 22.919211, 40.652037 ], [ 22.919542, 40.651522 ], [ 22.919143, 40.651209 ], [ 22.91883, 40.65138 ], [ 22.918907, 40.651445 ], [ 22.918779, 40.651528 ], [ 22.918846, 40.65161 ], [ 22.918132, 40.65209 ], [ 22.918544, 40.65244 ] ] ] } },
{ "type": "Feature", "properties": { "education_source": "education_8", "education_type": "School", "name": "4ο Γυμνάσιο Αμπελοκήπων", "name_el": null, "operator": null, "amenity": "school", "education": null, "office": null }, "geometry": { "type": "Polygon", "coordinates": [ [ [ 22.929244, 40.65219 ], [ 22.929269, 40.652212 ], [ 22.929591, 40.652507 ], [ 22.929613, 40.652527 ], [ 22.929831, 40.65239 ], [ 22.930007, 40.652279 ], [ 22.929638, 40.651942 ], [ 22.929244, 40.65219 ] ] ] } },
{ "type": "Feature", "properties": { "education_source": "education_8", "education_type": "School", "name": null, "name_el": null, "operator": null, "amenity": "school", "education": null, "office": null }, "geometry": { "type": "Polygon", "coordinates": [ [ [ 22.944838, 40.642853 ], [ 22.945178, 40.642768 ], [ 22.945151, 40.642707 ], [ 22.945063, 40.642729 ], [ 22.945045, 40.642688 ], [ 22.944796, 40.642751 ], [ 22.944838, 40.642853 ] ] ] } },
{ "type": "Feature", "properties": { "education_source": "education_8", "education_type": "School", "name": null, "name_el": null, "operator": null, "amenity": "school", "education": null, "office": null }, "geometry": { "type": "Polygon", "coordinates": [ [ [ 22.933401, 40.644847 ], [ 22.933685, 40.644568 ], [ 22.93315, 40.644427 ], [ 22.932958, 40.644528 ], [ 22.933401, 40.644847 ] ] ] } },
{ "type": "Feature", "properties": { "education_source": "education_8", "education_type": "School", "name": "16ο Γενικό Λύκειο Θεσσαλονίκης", "name_el": "16ο Γενικό Λύκειο Θεσσαλονίκης", "operator": null, "amenity": "school", "education": null, "office": null }, "geometry": { "type": "Polygon", "coordinates": [ [ [ 22.933341, 40.64488 ], [ 22.932864, 40.644587 ], [ 22.931993, 40.64541 ], [ 22.932478, 40.645719 ], [ 22.933341, 40.64488 ] ] ] } },
{ "type": "Feature", "properties": { "education_source": "education_8", "education_type": "School", "name": "Δημοτικά Σχολεία Παναγίας Φανερωμένης", "name_el": null, "operator": null, "amenity": "school", "education": null, "office": null }, "geometry": { "type": "Polygon", "coordinates": [ [ [ 22.938951, 40.645817 ], [ 22.938877, 40.645945 ], [ 22.938854, 40.645982 ], [ 22.939091, 40.646057 ], [ 22.939419, 40.646167 ], [ 22.939551, 40.646208 ], [ 22.939627, 40.646205 ], [ 22.940169, 40.646212 ], [ 22.940177, 40.646187 ], [ 22.940188, 40.646138 ], [ 22.94019, 40.64603 ], [ 22.939645, 40.645353 ], [ 22.9396, 40.645297 ], [ 22.939515, 40.64534 ], [ 22.939381, 40.645315 ], [ 22.939262, 40.645293 ], [ 22.938951, 40.645817 ] ] ] } },
{ "type": "Feature", "properties": { "education_source": "education_8", "education_type": "School", "name": null, "name_el": null, "operator": null, "amenity": "school", "education": null, "office": null }, "geometry": { "type": "Polygon", "coordinates": [ [ [ 22.932957, 40.64707 ], [ 22.933243, 40.647222 ], [ 22.933275, 40.647237 ], [ 22.933307, 40.647252 ], [ 22.933422, 40.647308 ], [ 22.933483, 40.647235 ], [ 22.933844, 40.646806 ], [ 22.933877, 40.646771 ], [ 22.933379, 40.646488 ], [ 22.932865, 40.647017 ], [ 22.932957, 40.64707 ] ] ] } },
{ "type": "Feature", "properties": { "education_source": "education_8", "education_type": "School", "name": "66ο Δημοτικό Σχολείο", "name_el": null, "operator": null, "amenity": "school", "education": null, "office": null }, "geometry": { "type": "Polygon", "coordinates": [ [ [ 22.934224, 40.647749 ], [ 22.934309, 40.647788 ], [ 22.934623, 40.64779 ], [ 22.934616, 40.647107 ], [ 22.93439, 40.647107 ], [ 22.934177, 40.646984 ], [ 22.933744, 40.647487 ], [ 22.934224, 40.647749 ] ] ] } },
{ "type": "Feature", "properties": { "education_source": "education_4", "education_type": "Training institute", "name": "ΔΥΠΑ ΚΠΑ2 Νεάπολης & 2Η ΕΠΑΣ Θεσσαλονίκης", "name_el": null, "operator": null, "amenity": null, "education": null, "office": "educational_institution" }, "geometry": { "type": "Polygon", "coordinates": [ [ [ 22.934258, 40.651439 ], [ 22.934275, 40.651439 ], [ 22.934356, 40.651444 ], [ 22.934347, 40.651554 ], [ 22.934268, 40.651549 ], [ 22.934257, 40.651656 ], [ 22.934262, 40.651834 ], [ 22.93428, 40.652093 ], [ 22.934288, 40.652224 ], [ 22.934293, 40.652301 ], [ 22.935025, 40.652312 ], [ 22.935112, 40.652314 ], [ 22.935223, 40.651263 ], [ 22.935209, 40.65123 ], [ 22.935174, 40.651211 ], [ 22.934528, 40.651167 ], [ 22.934419, 40.6513 ], [ 22.934273, 40.651295 ], [ 22.934258, 40.651439 ] ] ] } },
{ "type": "Feature", "properties": { "education_source": "education_4", "education_type": "Training institute", "name": null, "name_el": null, "operator": null, "amenity": null, "education": null, "office": "educational_institution" }, "geometry": { "type": "Polygon", "coordinates": [ [ [ 22.934356, 40.651444 ], [ 22.934347, 40.651554 ], [ 22.934268, 40.651549 ], [ 22.934257, 40.651656 ], [ 22.934262, 40.651834 ], [ 22.93428, 40.652093 ], [ 22.934288, 40.652224 ], [ 22.934822, 40.652255 ], [ 22.934832, 40.652127 ], [ 22.934702, 40.652118 ], [ 22.934712, 40.652045 ], [ 22.934799, 40.65205 ], [ 22.934816, 40.651914 ], [ 22.93485, 40.651916 ], [ 22.934855, 40.651877 ], [ 22.93486, 40.651803 ], [ 22.934843, 40.6518 ], [ 22.934843, 40.651782 ], [ 22.934892, 40.651312 ], [ 22.934759, 40.651304 ], [ 22.934758, 40.651319 ], [ 22.934419, 40.6513 ], [ 22.934273, 40.651295 ], [ 22.934258, 40.651439 ], [ 22.934275, 40.651439 ], [ 22.934356, 40.651444 ] ], [ [ 22.934475, 40.652031 ], [ 22.934648, 40.652041 ], [ 22.934661, 40.652042 ], [ 22.934652, 40.652115 ], [ 22.934467, 40.652102 ], [ 22.934475, 40.652031 ] ], [ [ 22.93445, 40.651472 ], [ 22.93474, 40.651491 ], [ 22.934731, 40.651577 ], [ 22.934441, 40.651559 ], [ 22.93445, 40.651472 ] ], [ [ 22.934697, 40.651685 ], [ 22.934686, 40.651772 ], [ 22.934674, 40.651864 ], [ 22.9345, 40.651851 ], [ 22.93447, 40.651849 ], [ 22.934493, 40.65167 ], [ 22.934697, 40.651685 ] ] ] } },
{ "type": "Feature", "properties": { "education_source": "education_8", "education_type": "School", "name": "2ο Δημοτικό Σχολείο Νεάπολης", "name_el": "2ο Δημοτικό Σχολείο Νεάπολης", "operator": null, "amenity": "school", "education": null, "office": null }, "geometry": { "type": "Polygon", "coordinates": [ [ [ 22.946783, 40.651997 ], [ 22.946834, 40.652054 ], [ 22.946985, 40.652135 ], [ 22.947102, 40.652197 ], [ 22.947114, 40.652204 ], [ 22.947144, 40.652186 ], [ 22.947447, 40.652006 ], [ 22.947492, 40.651979 ], [ 22.947263, 40.651749 ], [ 22.946783, 40.651997 ] ] ] } },
{ "type": "Feature", "properties": { "education_source": "education_8", "education_type": "School", "name": "1ο Δημοτικό Σχολείο Νεάπολης", "name_el": null, "operator": null, "amenity": "school", "education": null, "office": null }, "geometry": { "type": "Polygon", "coordinates": [ [ [ 22.941424, 40.652489 ], [ 22.940946, 40.65222 ], [ 22.94059, 40.652301 ], [ 22.940532, 40.652441 ], [ 22.941122, 40.652804 ], [ 22.941424, 40.652489 ] ] ] } },
{ "type": "Feature", "properties": { "education_source": "education_8", "education_type": "School", "name": "12o Νηπιαγωγείο Αμπελοκήπων", "name_el": "12o Νηπιαγωγείο Αμπελοκήπων", "operator": null, "amenity": "school", "education": null, "office": null }, "geometry": { "type": "Polygon", "coordinates": [ [ [ 22.929334, 40.653309 ], [ 22.929599, 40.653131 ], [ 22.929909, 40.652922 ], [ 22.929749, 40.652784 ], [ 22.929163, 40.653168 ], [ 22.929334, 40.653309 ] ] ] } },
{ "type": "Feature", "properties": { "education_source": "education_8", "education_type": "School", "name": "2ο και 12ο Δημοτικά Σχολεία Αμπελοκήπων", "name_el": null, "operator": null, "amenity": "school", "education": null, "office": null }, "geometry": { "type": "Polygon", "coordinates": [ [ [ 22.922216, 40.654154 ], [ 22.922308, 40.654153 ], [ 22.922471, 40.654061 ], [ 22.922892, 40.653898 ], [ 22.922921, 40.653849 ], [ 22.922887, 40.653761 ], [ 22.922864, 40.653729 ], [ 22.922836, 40.653702 ], [ 22.9228, 40.653677 ], [ 22.922753, 40.653644 ], [ 22.922722, 40.653613 ], [ 22.922694, 40.653574 ], [ 22.922668, 40.653521 ], [ 22.922652, 40.653475 ], [ 22.922644, 40.653431 ], [ 22.922644, 40.653381 ], [ 22.922658, 40.653335 ], [ 22.922628, 40.653286 ], [ 22.922263, 40.653399 ], [ 22.921731, 40.653705 ], [ 22.922216, 40.654154 ] ] ] } },
{ "type": "Feature", "properties": { "education_source": "education_8", "education_type": "School", "name": "1ο Δημοτικό Σχολείο Αμπελοκήπων", "name_el": null, "operator": null, "amenity": "school", "education": null, "office": null }, "geometry": { "type": "Polygon", "coordinates": [ [ [ 22.921653, 40.654504 ], [ 22.922216, 40.654154 ], [ 22.921731, 40.653705 ], [ 22.92155, 40.653537 ], [ 22.921233, 40.653734 ], [ 22.921048, 40.653562 ], [ 22.921, 40.65355 ], [ 22.920774, 40.653691 ], [ 22.921653, 40.654504 ] ] ] } },
{ "type": "Feature", "properties": { "education_source": "education_8", "education_type": "School", "name": "4ο Δημοτικό Σχολείο Αμπελοκήπων", "name_el": "4ο Δημοτικό Σχολείο Αμπελοκήπων", "operator": null, "amenity": "school", "education": null, "office": null }, "geometry": { "type": "Polygon", "coordinates": [ [ [ 22.929035, 40.65475 ], [ 22.929507, 40.654347 ], [ 22.929126, 40.654018 ], [ 22.929002, 40.653949 ], [ 22.928851, 40.654036 ], [ 22.928791, 40.65398 ], [ 22.92846, 40.654186 ], [ 22.929035, 40.65475 ] ] ] } },
{ "type": "Feature", "properties": { "education_source": "education_8", "education_type": "School", "name": "Καλλιτεχνικό Γυμνάσιο-Λύκειο Αμπελοκήπων", "name_el": null, "operator": null, "amenity": "school", "education": null, "office": null }, "geometry": { "type": "Polygon", "coordinates": [ [ [ 22.921684, 40.654513 ], [ 22.922192, 40.654992 ], [ 22.922752, 40.654784 ], [ 22.922273, 40.654331 ], [ 22.922307, 40.654286 ], [ 22.922224, 40.654194 ], [ 22.921684, 40.654513 ] ] ] } },
{ "type": "Feature", "properties": { "education_source": "education_8", "education_type": "School", "name": null, "name_el": null, "operator": null, "amenity": "school", "education": null, "office": null }, "geometry": { "type": "Polygon", "coordinates": [ [ [ 22.920893, 40.657495 ], [ 22.920415, 40.657037 ], [ 22.920115, 40.656758 ], [ 22.919813, 40.656946 ], [ 22.919606, 40.657075 ], [ 22.919879, 40.657338 ], [ 22.919901, 40.657359 ], [ 22.920377, 40.657812 ], [ 22.920893, 40.657495 ] ] ] } },
{ "type": "Feature", "properties": { "education_source": "education_8", "education_type": "School", "name": null, "name_el": null, "operator": null, "amenity": "school", "education": null, "office": null }, "geometry": { "type": "Polygon", "coordinates": [ [ [ 22.930919, 40.657665 ], [ 22.930929, 40.657691 ], [ 22.931248, 40.657567 ], [ 22.931295, 40.657595 ], [ 22.931401, 40.657559 ], [ 22.931391, 40.657482 ], [ 22.931454, 40.657436 ], [ 22.93127, 40.657105 ], [ 22.931189, 40.657134 ], [ 22.930959, 40.657209 ], [ 22.931096, 40.657435 ], [ 22.93075, 40.657547 ], [ 22.930822, 40.657702 ], [ 22.930919, 40.657665 ] ] ] } },
{ "type": "Feature", "properties": { "education_source": "education_8", "education_type": "School", "name": "1ο & 2ο ΕΠΑΛ Σταυρούπολης", "name_el": null, "operator": null, "amenity": "school", "education": null, "office": null }, "geometry": { "type": "Polygon", "coordinates": [ [ [ 22.930836, 40.657748 ], [ 22.931295, 40.657595 ], [ 22.931401, 40.657559 ], [ 22.931505, 40.657525 ], [ 22.931454, 40.657436 ], [ 22.93127, 40.657105 ], [ 22.931128, 40.656863 ], [ 22.930469, 40.657058 ], [ 22.930432, 40.656981 ], [ 22.930109, 40.657085 ], [ 22.930087, 40.657052 ], [ 22.929626, 40.657199 ], [ 22.929645, 40.65724 ], [ 22.930058, 40.65799 ], [ 22.930836, 40.657748 ] ] ] } },
{ "type": "Feature", "properties": { "education_source": "education_8", "education_type": "School", "name": null, "name_el": null, "operator": null, "amenity": "school", "education": null, "office": null }, "geometry": { "type": "Polygon", "coordinates": [ [ [ 22.930189, 40.657909 ], [ 22.93028, 40.657832 ], [ 22.930371, 40.657846 ], [ 22.930481, 40.657791 ], [ 22.93057, 40.657771 ], [ 22.930602, 40.657803 ], [ 22.930768, 40.657742 ], [ 22.930822, 40.657702 ], [ 22.93075, 40.657547 ], [ 22.930682, 40.657588 ], [ 22.930599, 40.657571 ], [ 22.930575, 40.65751 ], [ 22.93043, 40.657466 ], [ 22.930414, 40.657407 ], [ 22.930393, 40.657384 ], [ 22.930168, 40.657472 ], [ 22.930074, 40.657309 ], [ 22.930192, 40.657262 ], [ 22.930237, 40.657352 ], [ 22.93043, 40.657303 ], [ 22.930299, 40.657065 ], [ 22.929969, 40.657171 ], [ 22.929945, 40.65713 ], [ 22.92969, 40.657223 ], [ 22.929872, 40.657545 ], [ 22.930031, 40.657498 ], [ 22.930071, 40.657582 ], [ 22.929907, 40.65763 ], [ 22.930017, 40.657846 ], [ 22.930066, 40.657938 ], [ 22.930189, 40.657909 ] ] ] } },
{ "type": "Feature", "properties": { "education_source": "education_8", "education_type": "School", "name": "13ο Δημοτικό Σχολείο Σταυρούπολης", "name_el": "13ο Δημοτικό Σχολείο Σταυρούπολης", "operator": null, "amenity": "school", "education": null, "office": null }, "geometry": { "type": "Polygon", "coordinates": [ [ [ 22.929977, 40.658006 ], [ 22.929821, 40.657726 ], [ 22.92966, 40.657441 ], [ 22.929635, 40.657406 ], [ 22.929605, 40.657379 ], [ 22.929558, 40.657357 ], [ 22.92952, 40.657348 ], [ 22.929444, 40.657339 ], [ 22.929396, 40.657339 ], [ 22.929338, 40.657343 ], [ 22.929267, 40.657349 ], [ 22.929218, 40.657362 ], [ 22.929174, 40.657375 ], [ 22.929114, 40.657394 ], [ 22.929323, 40.65779 ], [ 22.929538, 40.658156 ], [ 22.929977, 40.658006 ] ] ] } },
{ "type": "Feature", "properties": { "education_source": "education_8", "education_type": "School", "name": "Γυμνάσιο-Λύκειο Μενεμένης", "name_el": null, "operator": null, "amenity": "school", "education": null, "office": null }, "geometry": { "type": "Polygon", "coordinates": [ [ [ 22.908779, 40.657701 ], [ 22.908913, 40.657686 ], [ 22.908958, 40.657679 ], [ 22.909025, 40.657661 ], [ 22.909137, 40.657618 ], [ 22.909228, 40.657571 ], [ 22.909508, 40.657422 ], [ 22.909626, 40.657394 ], [ 22.909943, 40.657206 ], [ 22.909321, 40.656536 ], [ 22.908258, 40.657125 ], [ 22.908779, 40.657701 ] ] ] } },
{ "type": "Feature", "properties": { "education_source": "education_8", "education_type": "School", "name": "2ο Νηπιαγωγείο", "name_el": null, "operator": null, "amenity": "school", "education": null, "office": null }, "geometry": { "type": "Polygon", "coordinates": [ [ [ 22.894983, 40.657659 ], [ 22.895453, 40.657489 ], [ 22.895133, 40.656986 ], [ 22.894606, 40.657179 ], [ 22.894983, 40.657659 ] ] ] } },
{ "type": "Feature", "properties": { "education_source": "education_3", "education_type": "University", "name": "Διεθνές Πανεπιστήμιο Ελλάδος - Αλεξάνδρεια Πανεπιστημιούπολη", "name_el": "Διεθνές Πανεπιστήμιο Ελλάδος - Αλεξάνδρεια Πανεπιστημιούπολη", "operator": null, "amenity": "university", "education": null, "office": null }, "geometry": { "type": "Polygon", "coordinates": [ [ [ 22.801528, 40.656026 ], [ 22.801541, 40.656336 ], [ 22.801553, 40.656993 ], [ 22.8016, 40.657021 ], [ 22.801673, 40.657044 ], [ 22.801713, 40.658083 ], [ 22.801615, 40.658236 ], [ 22.801627, 40.658362 ], [ 22.801669, 40.659299 ], [ 22.801669, 40.659462 ], [ 22.801679, 40.659501 ], [ 22.8017, 40.659524 ], [ 22.801733, 40.65954 ], [ 22.803151, 40.659504 ], [ 22.803543, 40.659494 ], [ 22.805462, 40.659479 ], [ 22.8065, 40.659354 ], [ 22.806551, 40.659193 ], [ 22.807471, 40.65904 ], [ 22.808871, 40.659066 ], [ 22.811649, 40.659168 ], [ 22.811653, 40.661266 ], [ 22.811707, 40.661267 ], [ 22.811841, 40.661268 ], [ 22.819643, 40.661342 ], [ 22.82002, 40.661346 ], [ 22.820044, 40.661065 ], [ 22.820215, 40.659048 ], [ 22.819999, 40.658598 ], [ 22.819997, 40.65833 ], [ 22.820016, 40.655406 ], [ 22.820017, 40.655347 ], [ 22.820024, 40.654672 ], [ 22.820029, 40.653601 ], [ 22.820023, 40.65297 ], [ 22.814565, 40.652952 ], [ 22.811776, 40.652943 ], [ 22.811628, 40.652948 ], [ 22.808786, 40.652961 ], [ 22.806108, 40.652973 ], [ 22.805917, 40.65311 ], [ 22.805369, 40.653473 ], [ 22.804815, 40.653643 ], [ 22.803931, 40.654198 ], [ 22.802532, 40.655159 ], [ 22.801689, 40.655871 ], [ 22.801528, 40.656026 ] ] ] } },
{ "type": "Feature", "properties": { "education_source": "education_8", "education_type": "School", "name": "Γυμνάσιο Ανατολικού", "name_el": null, "operator": null, "amenity": "school", "education": null, "office": null }, "geometry": { "type": "Polygon", "coordinates": [ [ [ 22.717121, 40.657572 ], [ 22.717323, 40.657487 ], [ 22.716444, 40.656396 ], [ 22.715557, 40.657029 ], [ 22.716898, 40.657662 ], [ 22.717121, 40.657572 ] ] ] } },
{ "type": "Feature", "properties": { "education_source": "education_8", "education_type": "School", "name": null, "name_el": null, "operator": null, "amenity": "school", "education": null, "office": null }, "geometry": { "type": "Polygon", "coordinates": [ [ [ 22.908974, 40.65902 ], [ 22.908834, 40.658874 ], [ 22.908656, 40.65878 ], [ 22.908506, 40.658863 ], [ 22.908424, 40.658909 ], [ 22.908316, 40.658968 ], [ 22.908567, 40.659237 ], [ 22.908838, 40.659092 ], [ 22.908974, 40.65902 ] ] ] } },
{ "type": "Feature", "properties": { "education_source": "education_8", "education_type": "School", "name": null, "name_el": null, "operator": null, "amenity": "school", "education": null, "office": null }, "geometry": { "type": "Polygon", "coordinates": [ [ [ 22.898967, 40.659926 ], [ 22.899578, 40.659359 ], [ 22.899578, 40.659161 ], [ 22.898705, 40.659438 ], [ 22.898967, 40.659926 ] ] ] } },
{ "type": "Feature", "properties": { "education_source": "education_8", "education_type": "School", "name": "3ο & 7ο Δημοτικό Σχολείο", "name_el": null, "operator": null, "amenity": "school", "education": null, "office": null }, "geometry": { "type": "Polygon", "coordinates": [ [ [ 22.909854, 40.661797 ], [ 22.909933, 40.661881 ], [ 22.909948, 40.661875 ], [ 22.910063, 40.662024 ], [ 22.911004, 40.661653 ], [ 22.910906, 40.661548 ], [ 22.910865, 40.661568 ], [ 22.910686, 40.661369 ], [ 22.910611, 40.661402 ], [ 22.910599, 40.661389 ], [ 22.909854, 40.661797 ] ] ] } },
{ "type": "Feature", "properties": { "education_source": "education_8", "education_type": "School", "name": "Β' παιδικός σταθμός Ευόσμου", "name_el": null, "operator": null, "amenity": "school", "education": null, "office": null }, "geometry": { "type": "Polygon", "coordinates": [ [ [ 22.9077, 40.662153 ], [ 22.907644, 40.662217 ], [ 22.907932, 40.662362 ], [ 22.908093, 40.662184 ], [ 22.907856, 40.662059 ], [ 22.9077, 40.662153 ] ] ] } },
{ "type": "Feature", "properties": { "education_source": "education_8", "education_type": "School", "name": "5ο Γυμνάσιο Ευόσμου", "name_el": "5ο Γυμνάσιο Ευόσμου", "operator": null, "amenity": "school", "education": null, "office": null }, "geometry": { "type": "Polygon", "coordinates": [ [ [ 22.900867, 40.662424 ], [ 22.901242, 40.662614 ], [ 22.901535, 40.66227 ], [ 22.90148, 40.662246 ], [ 22.901293, 40.662168 ], [ 22.901101, 40.662083 ], [ 22.900793, 40.661939 ], [ 22.900573, 40.662215 ], [ 22.900867, 40.662424 ] ] ] } },
{ "type": "Feature", "properties": { "education_source": "education_8", "education_type": "School", "name": "3ο και 6ο Νηπιαγωγείο Ευόσμου", "name_el": null, "operator": null, "amenity": "school", "education": null, "office": null }, "geometry": { "type": "Polygon", "coordinates": [ [ [ 22.908384, 40.662598 ], [ 22.908518, 40.662451 ], [ 22.908545, 40.66242 ], [ 22.908149, 40.662213 ], [ 22.908093, 40.662184 ], [ 22.907932, 40.662362 ], [ 22.908384, 40.662598 ] ] ] } },
{ "type": "Feature", "properties": { "education_source": "education_3", "education_type": "University", "name": "Σχολή Καλών Τεχνών ΑΠΘ", "name_el": "Σχολή Καλών Τεχνών ΑΠΘ", "operator": "Αριστοτέλειο Πανεπιστήμιο Θεσσαλονίκης", "amenity": "university", "education": null, "office": null }, "geometry": { "type": "Polygon", "coordinates": [ [ [ 22.927435, 40.657957 ], [ 22.927876, 40.65871 ], [ 22.928429, 40.65853 ], [ 22.928192, 40.658134 ], [ 22.927974, 40.65777 ], [ 22.927435, 40.657957 ] ] ] } },
{ "type": "Feature", "properties": { "education_source": "education_8", "education_type": "School", "name": null, "name_el": null, "operator": null, "amenity": "school", "education": null, "office": null }, "geometry": { "type": "Polygon", "coordinates": [ [ [ 22.921318, 40.659561 ], [ 22.921876, 40.659224 ], [ 22.921895, 40.659213 ], [ 22.922286, 40.658987 ], [ 22.921896, 40.658595 ], [ 22.921658, 40.658362 ], [ 22.921157, 40.658641 ], [ 22.921136, 40.658669 ], [ 22.921109, 40.658694 ], [ 22.921069, 40.658709 ], [ 22.92103, 40.658718 ], [ 22.920575, 40.659005 ], [ 22.921068, 40.659473 ], [ 22.921106, 40.659451 ], [ 22.921275, 40.659587 ], [ 22.921318, 40.659561 ] ] ] } },
{ "type": "Feature", "properties": { "education_source": "education_8", "education_type": "School", "name": "3ο Δημοτικό Σχολείο Σταυρούπολης «Μίκης Θεοδωράκης»»", "name_el": "3ο Δημοτικό Σχολείο Σταυρούπολης «Μίκης Θεοδωράκης»»", "operator": null, "amenity": "school", "education": null, "office": null }, "geometry": { "type": "Polygon", "coordinates": [ [ [ 22.930669, 40.660016 ], [ 22.930546, 40.659808 ], [ 22.930531, 40.659781 ], [ 22.930379, 40.659758 ], [ 22.92998, 40.659697 ], [ 22.929874, 40.659681 ], [ 22.929829, 40.659723 ], [ 22.929912, 40.659861 ], [ 22.930083, 40.660145 ], [ 22.930198, 40.660347 ], [ 22.930758, 40.660166 ], [ 22.930669, 40.660016 ] ] ] } },
{ "type": "Feature", "properties": { "education_source": "education_8", "education_type": "School", "name": "17ο Νηπιαγωγείο Σταυρούπολης", "name_el": null, "operator": null, "amenity": "school", "education": null, "office": null }, "geometry": { "type": "Polygon", "coordinates": [ [ [ 22.926407, 40.661398 ], [ 22.92635, 40.661441 ], [ 22.926384, 40.661474 ], [ 22.926428, 40.661516 ], [ 22.926594, 40.661524 ], [ 22.92676, 40.661457 ], [ 22.926743, 40.66142 ], [ 22.926825, 40.661392 ], [ 22.92684, 40.661388 ], [ 22.92688, 40.661376 ], [ 22.926902, 40.661368 ], [ 22.926848, 40.661282 ], [ 22.92683, 40.661254 ], [ 22.926407, 40.661398 ] ] ] } },
{ "type": "Feature", "properties": { "education_source": "education_8", "education_type": "School", "name": "Δ' Παιδικός Σταθμός Ευόσμου", "name_el": null, "operator": null, "amenity": "school", "education": null, "office": null }, "geometry": { "type": "Polygon", "coordinates": [ [ [ 22.925882, 40.662386 ], [ 22.92595, 40.662353 ], [ 22.925973, 40.662158 ], [ 22.925545, 40.662143 ], [ 22.925535, 40.662375 ], [ 22.925882, 40.662386 ] ] ] } },
{ "type": "Feature", "properties": { "education_source": "education_8", "education_type": "School", "name": null, "name_el": null, "operator": null, "amenity": "school", "education": null, "office": null }, "geometry": { "type": "Polygon", "coordinates": [ [ [ 22.919319, 40.663142 ], [ 22.919319, 40.663114 ], [ 22.919213, 40.663114 ], [ 22.919214, 40.663135 ], [ 22.919137, 40.663135 ], [ 22.919137, 40.663111 ], [ 22.918958, 40.663112 ], [ 22.918959, 40.663191 ], [ 22.919131, 40.66319 ], [ 22.919132, 40.663211 ], [ 22.919301, 40.66321 ], [ 22.919301, 40.66323 ], [ 22.919386, 40.663229 ], [ 22.919386, 40.663141 ], [ 22.919319, 40.663142 ] ] ] } },
{ "type": "Feature", "properties": { "education_source": "education_8", "education_type": "School", "name": "9ο & 12ο Δημοτικό Σχολείο Εύοσμου", "name_el": null, "operator": null, "amenity": "school", "education": null, "office": null }, "geometry": { "type": "Polygon", "coordinates": [ [ [ 22.918749, 40.663409 ], [ 22.918748, 40.663378 ], [ 22.918787, 40.663378 ], [ 22.918788, 40.663405 ], [ 22.918996, 40.663404 ], [ 22.918996, 40.663389 ], [ 22.91903, 40.663389 ], [ 22.919031, 40.663407 ], [ 22.919247, 40.663406 ], [ 22.919245, 40.663232 ], [ 22.919021, 40.663233 ], [ 22.919022, 40.663264 ], [ 22.918997, 40.663264 ], [ 22.918996, 40.66324 ], [ 22.918774, 40.663241 ], [ 22.918774, 40.663262 ], [ 22.918748, 40.663262 ], [ 22.918748, 40.663237 ], [ 22.918529, 40.663238 ], [ 22.918531, 40.66341 ], [ 22.918749, 40.663409 ] ] ] } },
{ "type": "Feature", "properties": { "education_source": "education_8", "education_type": "School", "name": "3ο Δημοτικό Σχολείο Ειδικής Αγωγής Ευόσμου", "name_el": null, "operator": null, "amenity": "school", "education": null, "office": null }, "geometry": { "type": "Polygon", "coordinates": [ [ [ 22.919011, 40.663576 ], [ 22.919001, 40.663429 ], [ 22.91857, 40.663446 ], [ 22.91858, 40.663593 ], [ 22.919011, 40.663576 ] ] ] } },
{ "type": "Feature", "properties": { "education_source": "education_8", "education_type": "School", "name": null, "name_el": null, "operator": null, "amenity": "school", "education": null, "office": null }, "geometry": { "type": "Polygon", "coordinates": [ [ [ 22.921673, 40.663914 ], [ 22.921723, 40.664544 ], [ 22.922434, 40.664496 ], [ 22.922252, 40.663876 ], [ 22.921673, 40.663914 ] ] ] } },
{ "type": "Feature", "properties": { "education_source": "education_8", "education_type": "School", "name": "14ο Νηπειαγωγείο Ευόσμου", "name_el": null, "operator": null, "amenity": "school", "education": null, "office": null }, "geometry": { "type": "Polygon", "coordinates": [ [ [ 22.925576, 40.665322 ], [ 22.925876, 40.66532 ], [ 22.925878, 40.66511 ], [ 22.925575, 40.665105 ], [ 22.925576, 40.665322 ] ] ] } },
{ "type": "Feature", "properties": { "education_source": "education_8", "education_type": "School", "name": "Δημοτικό Σχολείο Ανατολικού", "name_el": null, "operator": null, "amenity": "school", "education": null, "office": null }, "geometry": { "type": "Polygon", "coordinates": [ [ [ 22.714031, 40.662046 ], [ 22.714269, 40.662075 ], [ 22.714388, 40.66156 ], [ 22.713904, 40.661504 ], [ 22.713807, 40.662007 ], [ 22.714031, 40.662046 ] ] ] } },
{ "type": "Feature", "properties": { "education_source": "education_8", "education_type": "School", "name": "Νηπιαγωγείο Ανατολικού", "name_el": null, "operator": null, "amenity": "school", "education": null, "office": null }, "geometry": { "type": "Polygon", "coordinates": [ [ [ 22.711885, 40.662135 ], [ 22.711919, 40.661799 ], [ 22.711499, 40.661816 ], [ 22.711503, 40.662149 ], [ 22.711885, 40.662135 ] ] ] } },
{ "type": "Feature", "properties": { "education_source": "education_8", "education_type": "School", "name": "Γυμνάσιο Σίνδου", "name_el": null, "operator": null, "amenity": "school", "education": null, "office": null }, "geometry": { "type": "Polygon", "coordinates": [ [ [ 22.804816, 40.663641 ], [ 22.805265, 40.664232 ], [ 22.806309, 40.663786 ], [ 22.805851, 40.663187 ], [ 22.804816, 40.663641 ] ] ] } },
{ "type": "Feature", "properties": { "education_source": "education_8", "education_type": "School", "name": "3ο Δημοτικό Σχολείο Ευόσμου (Πρότυπο Πειραματικό)", "name_el": null, "operator": null, "amenity": "school", "education": null, "office": null }, "geometry": { "type": "Polygon", "coordinates": [ [ [ 22.905905, 40.665006 ], [ 22.906047, 40.664998 ], [ 22.906024, 40.664794 ], [ 22.906132, 40.66479 ], [ 22.906151, 40.664989 ], [ 22.906291, 40.664981 ], [ 22.906264, 40.664643 ], [ 22.905872, 40.664672 ], [ 22.905895, 40.664886 ], [ 22.905905, 40.665006 ] ] ] } },
{ "type": "Feature", "properties": { "education_source": "education_8", "education_type": "School", "name": null, "name_el": null, "operator": null, "amenity": "school", "education": null, "office": null }, "geometry": { "type": "Polygon", "coordinates": [ [ [ 22.897585, 40.665974 ], [ 22.897768, 40.665893 ], [ 22.898018, 40.665766 ], [ 22.89804, 40.665791 ], [ 22.898144, 40.665926 ], [ 22.89817, 40.665925 ], [ 22.898229, 40.665911 ], [ 22.898462, 40.66583 ], [ 22.898504, 40.665799 ], [ 22.898524, 40.665741 ], [ 22.898298, 40.665457 ], [ 22.898053, 40.66557 ], [ 22.897968, 40.665588 ], [ 22.897639, 40.665705 ], [ 22.897479, 40.665784 ], [ 22.897585, 40.665974 ] ] ] } },
{ "type": "Feature", "properties": { "education_source": "education_8", "education_type": "School", "name": "Α' παιδικός σταθμός Ευόσμου", "name_el": null, "operator": null, "amenity": "school", "education": null, "office": null }, "geometry": { "type": "Polygon", "coordinates": [ [ [ 22.90541, 40.665894 ], [ 22.90551, 40.665839 ], [ 22.90546, 40.665788 ], [ 22.905497, 40.665767 ], [ 22.905481, 40.66575 ], [ 22.905471, 40.665739 ], [ 22.905463, 40.665743 ], [ 22.905427, 40.665764 ], [ 22.905403, 40.665739 ], [ 22.905441, 40.665719 ], [ 22.905408, 40.665682 ], [ 22.905387, 40.665693 ], [ 22.905276, 40.665756 ], [ 22.90541, 40.665894 ] ] ] } },
{ "type": "Feature", "properties": { "education_source": "education_8", "education_type": "School", "name": "Λύκειο Σίνδου", "name_el": null, "operator": null, "amenity": "school", "education": null, "office": null }, "geometry": { "type": "Polygon", "coordinates": [ [ [ 22.798126, 40.664257 ], [ 22.797949, 40.664766 ], [ 22.797697, 40.665827 ], [ 22.798735, 40.665964 ], [ 22.798872, 40.665378 ], [ 22.800282, 40.66538 ], [ 22.800519, 40.664377 ], [ 22.798126, 40.664257 ] ] ] } },
{ "type": "Feature", "properties": { "education_source": "education_8", "education_type": "School", "name": null, "name_el": null, "operator": null, "amenity": "school", "education": null, "office": null }, "geometry": { "type": "Polygon", "coordinates": [ [ [ 22.908955, 40.666753 ], [ 22.909107, 40.666704 ], [ 22.909337, 40.666582 ], [ 22.90958, 40.666453 ], [ 22.908886, 40.66608 ], [ 22.9088, 40.666112 ], [ 22.908764, 40.666719 ], [ 22.908955, 40.666753 ] ] ] } },
{ "type": "Feature", "properties": { "education_source": "education_8", "education_type": "School", "name": "2ο & 18ο Δημοτικό Σχολείο Ευόσμου", "name_el": null, "operator": null, "amenity": "school", "education": null, "office": null }, "geometry": { "type": "Polygon", "coordinates": [ [ [ 22.903389, 40.667184 ], [ 22.903703, 40.667057 ], [ 22.903198, 40.666074 ], [ 22.902764, 40.666243 ], [ 22.903389, 40.667184 ] ] ] } },
{ "type": "Feature", "properties": { "education_source": "education_8", "education_type": "School", "name": "3ο Δημοτικό Σχολείο Σίνδου", "name_el": null, "operator": null, "amenity": "school", "education": null, "office": null }, "geometry": { "type": "Polygon", "coordinates": [ [ [ 22.80105, 40.666795 ], [ 22.801108, 40.66677 ], [ 22.80111, 40.666336 ], [ 22.800802, 40.666235 ], [ 22.800545, 40.666152 ], [ 22.800548, 40.66674 ], [ 22.800746, 40.666929 ], [ 22.80105, 40.666795 ] ] ] } },
{ "type": "Feature", "properties": { "education_source": "education_8", "education_type": "School", "name": "3ο & 4ο Γυμνάσιο Ευόσμου", "name_el": null, "operator": null, "amenity": "school", "education": null, "office": null }, "geometry": { "type": "Polygon", "coordinates": [ [ [ 22.925522, 40.665654 ], [ 22.925512, 40.665413 ], [ 22.924753, 40.66544 ], [ 22.924777, 40.665673 ], [ 22.925522, 40.665654 ] ] ] } },
{ "type": "Feature", "properties": { "education_source": "education_8", "education_type": "School", "name": "11ο Δημοτικό Σχολείο Ευόσμου", "name_el": null, "operator": null, "amenity": "school", "education": null, "office": null }, "geometry": { "type": "Polygon", "coordinates": [ [ [ 22.925867, 40.66615 ], [ 22.925863, 40.66582 ], [ 22.925492, 40.665827 ], [ 22.925505, 40.666156 ], [ 22.925867, 40.66615 ] ] ] } },
{ "type": "Feature", "properties": { "education_source": "education_8", "education_type": "School", "name": null, "name_el": null, "operator": null, "amenity": "school", "education": null, "office": null }, "geometry": { "type": "Polygon", "coordinates": [ [ [ 22.919953, 40.667677 ], [ 22.919952, 40.66708 ], [ 22.918889, 40.66709 ], [ 22.9189, 40.667665 ], [ 22.919953, 40.667677 ] ] ] } },
{ "type": "Feature", "properties": { "education_source": "education_8", "education_type": "School", "name": null, "name_el": null, "operator": null, "amenity": "school", "education": null, "office": null }, "geometry": { "type": "Polygon", "coordinates": [ [ [ 22.930888, 40.66917 ], [ 22.931058, 40.669072 ], [ 22.931266, 40.66893 ], [ 22.931162, 40.66881 ], [ 22.931096, 40.668709 ], [ 22.931014, 40.668569 ], [ 22.93093, 40.66836 ], [ 22.930897, 40.668246 ], [ 22.930758, 40.668248 ], [ 22.930701, 40.668811 ], [ 22.930678, 40.668982 ], [ 22.930673, 40.669034 ], [ 22.93065, 40.669215 ], [ 22.930635, 40.669328 ], [ 22.930888, 40.66917 ] ] ] } },
{ "type": "Feature", "properties": { "education_source": "education_8", "education_type": "School", "name": null, "name_el": null, "operator": null, "amenity": "school", "education": null, "office": null }, "geometry": { "type": "Polygon", "coordinates": [ [ [ 22.928847, 40.6694 ], [ 22.929396, 40.669435 ], [ 22.929476, 40.669441 ], [ 22.929537, 40.669444 ], [ 22.9296, 40.668796 ], [ 22.928769, 40.668876 ], [ 22.92874, 40.669393 ], [ 22.928847, 40.6694 ] ] ] } },
{ "type": "Feature", "properties": { "education_source": "education_8", "education_type": "School", "name": "10ο και 17ο Δημοτικό Σχολείο Σταυρούπολης", "name_el": null, "operator": null, "amenity": "school", "education": null, "office": null }, "geometry": { "type": "Polygon", "coordinates": [ [ [ 22.925342, 40.669834 ], [ 22.925443, 40.669393 ], [ 22.924651, 40.669363 ], [ 22.924601, 40.669806 ], [ 22.925342, 40.669834 ] ] ] } },
{ "type": "Feature", "properties": { "education_source": "education_8", "education_type": "School", "name": "10ο και 17ο Δημοτικά Σχολεία", "name_el": null, "operator": null, "amenity": "school", "education": null, "office": null }, "geometry": { "type": "Polygon", "coordinates": [ [ [ 22.925049, 40.669778 ], [ 22.92505, 40.669764 ], [ 22.925091, 40.669767 ], [ 22.925089, 40.669783 ], [ 22.925301, 40.669798 ], [ 22.925346, 40.669438 ], [ 22.925142, 40.669423 ], [ 22.925123, 40.669575 ], [ 22.925158, 40.669578 ], [ 22.925152, 40.669621 ], [ 22.925127, 40.669619 ], [ 22.925124, 40.669644 ], [ 22.925056, 40.66964 ], [ 22.925059, 40.66961 ], [ 22.924868, 40.669596 ], [ 22.924848, 40.669763 ], [ 22.925049, 40.669778 ] ] ] } },
{ "type": "Feature", "properties": { "education_source": "education_8", "education_type": "School", "name": null, "name_el": null, "operator": null, "amenity": "school", "education": null, "office": null }, "geometry": { "type": "Polygon", "coordinates": [ [ [ 22.919463, 40.672596 ], [ 22.919463, 40.672019 ], [ 22.918667, 40.672019 ], [ 22.918667, 40.672596 ], [ 22.919463, 40.672596 ] ] ] } },
{ "type": "Feature", "properties": { "education_source": "education_8", "education_type": "School", "name": "20ο Ολοήμερο Νηπιαγωγείο Σταυρούπολης", "name_el": null, "operator": null, "amenity": "school", "education": null, "office": null }, "geometry": { "type": "Polygon", "coordinates": [ [ [ 22.926144, 40.672783 ], [ 22.926273, 40.673085 ], [ 22.926407, 40.673143 ], [ 22.926737, 40.672808 ], [ 22.926333, 40.672784 ], [ 22.926357, 40.672434 ], [ 22.926068, 40.672423 ], [ 22.926014, 40.672481 ], [ 22.926144, 40.672783 ] ] ] } },
{ "type": "Feature", "properties": { "education_source": "education_8", "education_type": "School", "name": "5ο Γυμνάσιο Σταυρούπολης", "name_el": null, "operator": null, "amenity": "school", "education": null, "office": null }, "geometry": { "type": "Polygon", "coordinates": [ [ [ 22.92504, 40.673088 ], [ 22.926126, 40.673191 ], [ 22.925948, 40.672803 ], [ 22.925791, 40.672463 ], [ 22.925135, 40.672404 ], [ 22.92504, 40.673088 ] ] ] } },
{ "type": "Feature", "properties": { "education_source": "education_8", "education_type": "School", "name": null, "name_el": null, "operator": null, "amenity": "school", "education": null, "office": null }, "geometry": { "type": "Polygon", "coordinates": [ [ [ 22.900743, 40.667836 ], [ 22.901288, 40.668418 ], [ 22.901819, 40.668201 ], [ 22.900887, 40.66689 ], [ 22.900455, 40.667071 ], [ 22.900417, 40.667096 ], [ 22.900743, 40.667836 ] ] ] } },
{ "type": "Feature", "properties": { "education_source": "education_8", "education_type": "School", "name": "1ο & 14ο Δημοτικό, 10 & 26 Νηπιαγωγείο", "name_el": null, "operator": null, "amenity": "school", "education": null, "office": null }, "geometry": { "type": "Polygon", "coordinates": [ [ [ 22.908514, 40.667532 ], [ 22.906988, 40.667485 ], [ 22.906894, 40.667508 ], [ 22.907006, 40.66767 ], [ 22.906969, 40.667684 ], [ 22.907496, 40.668432 ], [ 22.908478, 40.667934 ], [ 22.908514, 40.667532 ] ] ] } },
{ "type": "Feature", "properties": { "education_source": "education_8", "education_type": "School", "name": null, "name_el": null, "operator": null, "amenity": "school", "education": null, "office": null }, "geometry": { "type": "Polygon", "coordinates": [ [ [ 22.895102, 40.668219 ], [ 22.895646, 40.668219 ], [ 22.896337, 40.668217 ], [ 22.896524, 40.668215 ], [ 22.89655, 40.668194 ], [ 22.896307, 40.667832 ], [ 22.894749, 40.667724 ], [ 22.894724, 40.6679 ], [ 22.894696, 40.668106 ], [ 22.894758, 40.668207 ], [ 22.895102, 40.668219 ] ] ] } },
{ "type": "Feature", "properties": { "education_source": "education_8", "education_type": "School", "name": "8ο Δημοτικό Σχολείο Ελευθερίου Κορδελιού", "name_el": null, "operator": null, "amenity": "school", "education": null, "office": null }, "geometry": { "type": "Polygon", "coordinates": [ [ [ 22.893001, 40.668317 ], [ 22.892769, 40.667954 ], [ 22.892634, 40.667742 ], [ 22.892257, 40.667866 ], [ 22.892694, 40.66847 ], [ 22.893023, 40.668352 ], [ 22.893001, 40.668317 ] ] ] } },
{ "type": "Feature", "properties": { "education_source": "education_8", "education_type": "School", "name": "5ο, 8ο & 20ο Δημοτικό Σχολείο Ευόσμου", "name_el": null, "operator": null, "amenity": "school", "education": null, "office": null }, "geometry": { "type": "Polygon", "coordinates": [ [ [ 22.915691, 40.669671 ], [ 22.91691, 40.66967 ], [ 22.916913, 40.669096 ], [ 22.915683, 40.669099 ], [ 22.915691, 40.669671 ] ] ] } },
{ "type": "Feature", "properties": { "education_source": "education_8", "education_type": "School", "name": "4ο & 9ο Δημοτικό Σχολείο Ελευθερίου Κορδελιού", "name_el": null, "operator": null, "amenity": "school", "education": null, "office": null }, "geometry": { "type": "Polygon", "coordinates": [ [ [ 22.898596, 40.671383 ], [ 22.898573, 40.671409 ], [ 22.898638, 40.671715 ], [ 22.898693, 40.671739 ], [ 22.89872, 40.671921 ], [ 22.898989, 40.67193 ], [ 22.89907, 40.671929 ], [ 22.899168, 40.67191 ], [ 22.89923, 40.671868 ], [ 22.899258, 40.671783 ], [ 22.899031, 40.671277 ], [ 22.898596, 40.671383 ] ] ] } },
{ "type": "Feature", "properties": { "education_source": "education_8", "education_type": "School", "name": "6ο Διαπολιτισμικό Σχολείο", "name_el": null, "operator": null, "amenity": "school", "education": null, "office": null }, "geometry": { "type": "Polygon", "coordinates": [ [ [ 22.890303, 40.672207 ], [ 22.890516, 40.672645 ], [ 22.890982, 40.672511 ], [ 22.89078, 40.672073 ], [ 22.890303, 40.672207 ] ] ] } },
{ "type": "Feature", "properties": { "education_source": "education_8", "education_type": "School", "name": "2ο Γυμνάσιο Ευόσμου", "name_el": null, "operator": null, "amenity": "school", "education": null, "office": null }, "geometry": { "type": "Polygon", "coordinates": [ [ [ 22.9049, 40.673098 ], [ 22.9049, 40.672888 ], [ 22.90485, 40.672781 ], [ 22.904827, 40.672733 ], [ 22.903416, 40.672713 ], [ 22.903408, 40.673087 ], [ 22.9049, 40.673098 ] ] ] } },
{ "type": "Feature", "properties": { "education_source": "education_8", "education_type": "School", "name": null, "name_el": null, "operator": null, "amenity": "school", "education": null, "office": null }, "geometry": { "type": "Polygon", "coordinates": [ [ [ 22.893693, 40.67418 ], [ 22.894115, 40.674099 ], [ 22.893902, 40.673103 ], [ 22.893803, 40.673046 ], [ 22.893202, 40.673012 ], [ 22.893019, 40.673054 ], [ 22.893025, 40.673109 ], [ 22.893139, 40.673537 ], [ 22.893225, 40.673881 ], [ 22.893328, 40.674253 ], [ 22.893693, 40.67418 ] ] ] } },
{ "type": "Feature", "properties": { "education_source": "education_8", "education_type": "School", "name": "19ο Δημοτικό Σχολείο Ευόσμου", "name_el": null, "operator": null, "amenity": "school", "education": null, "office": null }, "geometry": { "type": "Polygon", "coordinates": [ [ [ 22.916609, 40.674365 ], [ 22.916609, 40.6738 ], [ 22.916725, 40.6738 ], [ 22.916725, 40.673394 ], [ 22.916003, 40.673398 ], [ 22.915755, 40.673399 ], [ 22.91575, 40.6738 ], [ 22.91621, 40.6738 ], [ 22.916207, 40.674364 ], [ 22.916609, 40.674365 ] ] ] } },
{ "type": "Feature", "properties": { "education_source": "education_8", "education_type": "School", "name": "2ο Γυμνάσιο Μίκρας (Τρίλοφος)", "name_el": null, "operator": null, "amenity": "school", "education": null, "office": null }, "geometry": { "type": "Polygon", "coordinates": [ [ [ 22.971737, 40.473238 ], [ 22.971898, 40.473217 ], [ 22.972209, 40.472309 ], [ 22.971547, 40.472082 ], [ 22.971546, 40.472252 ], [ 22.971595, 40.472438 ], [ 22.97159, 40.472462 ], [ 22.971503, 40.472609 ], [ 22.971494, 40.472693 ], [ 22.971575, 40.473073 ], [ 22.971661, 40.473191 ], [ 22.971737, 40.473238 ] ] ] } },
{ "type": "Feature", "properties": { "education_source": "education_8", "education_type": "School", "name": "1ο Γυμνάσιο & 1ο Λύκειο Μίκρας (Τρίλοφος)", "name_el": null, "operator": null, "amenity": "school", "education": null, "office": null }, "geometry": { "type": "Polygon", "coordinates": [ [ [ 22.969778, 40.473015 ], [ 22.969511, 40.472941 ], [ 22.968873, 40.472764 ], [ 22.968582, 40.473409 ], [ 22.969517, 40.473574 ], [ 22.969778, 40.473015 ] ] ] } },
{ "type": "Feature", "properties": { "education_source": "education_8", "education_type": "School", "name": "Κεντρο Δημιουργικής Απασχόλησης Παιδιών, Εφήβων και Ενηλίκων με Αναπηρία Ονειροχώρα (ΚΔΑΠ ΜΕΑ Ονειροχώρα)", "name_el": null, "operator": null, "amenity": "school", "education": null, "office": null }, "geometry": { "type": "Polygon", "coordinates": [ [ [ 22.965782, 40.498572 ], [ 22.965764, 40.498389 ], [ 22.965764, 40.4982 ], [ 22.965807, 40.498024 ], [ 22.965871, 40.497828 ], [ 22.96485, 40.497868 ], [ 22.965078, 40.498611 ], [ 22.965782, 40.498572 ] ] ] } },
{ "type": "Feature", "properties": { "education_source": "education_1", "education_type": "College", "name": "Εθνική Σχολή Δικαστικών Λειτουργών", "name_el": "Εθνική Σχολή Δικαστικών Λειτουργών", "operator": null, "amenity": "college", "education": "college", "office": null }, "geometry": { "type": "Polygon", "coordinates": [ [ [ 22.968325, 40.561007 ], [ 22.968171, 40.560284 ], [ 22.967236, 40.56025 ], [ 22.966864, 40.560708 ], [ 22.966474, 40.561835 ], [ 22.968325, 40.561007 ] ] ] } },
{ "type": "Feature", "properties": { "education_source": "education_8", "education_type": "School", "name": "Ελληνογαλλική Σχολή Καλαμαρί", "name_el": "Ελληνογαλλική Σχολή Καλαμαρί", "operator": null, "amenity": "school", "education": null, "office": null }, "geometry": { "type": "Polygon", "coordinates": [ [ [ 22.975793, 40.562863 ], [ 22.974579, 40.561389 ], [ 22.974374, 40.561493 ], [ 22.974229, 40.561324 ], [ 22.973882, 40.561488 ], [ 22.973849, 40.561504 ], [ 22.975107, 40.563046 ], [ 22.97516, 40.563092 ], [ 22.975607, 40.5636 ], [ 22.975793, 40.562863 ] ] ] } },
{ "type": "Feature", "properties": { "education_source": "education_3", "education_type": "University", "name": "Τμήμα Δασολογίας & Φυσικού Περιβάλλοντος ΑΠΘ", "name_el": "Τμήμα Δασολογίας & Φυσικού Περιβάλλοντος", "operator": "Αριστοτέλειο Πανεπιστήμιο Θεσσαλονίκης", "amenity": "university", "education": null, "office": null }, "geometry": { "type": "Polygon", "coordinates": [ [ [ 22.969539, 40.567259 ], [ 22.970841, 40.568064 ], [ 22.971182, 40.567934 ], [ 22.971215, 40.56791 ], [ 22.971976, 40.567602 ], [ 22.972205, 40.567204 ], [ 22.971644, 40.56655 ], [ 22.970942, 40.565382 ], [ 22.968824, 40.566198 ], [ 22.968724, 40.566265 ], [ 22.969539, 40.567259 ] ] ] } },
{ "type": "Feature", "properties": { "education_source": "education_8", "education_type": "School", "name": "10ο Γυμνάσιο Καλαμαριάς", "name_el": null, "operator": null, "amenity": "school", "education": null, "office": null }, "geometry": { "type": "Polygon", "coordinates": [ [ [ 22.967702, 40.568259 ], [ 22.967658, 40.568232 ], [ 22.967417, 40.568435 ], [ 22.967679, 40.568862 ], [ 22.968529, 40.568753 ], [ 22.968526, 40.568655 ], [ 22.968123, 40.568019 ], [ 22.968003, 40.568015 ], [ 22.967702, 40.568259 ] ] ] } },
{ "type": "Feature", "properties": { "education_source": "education_8", "education_type": "School", "name": "3ο Γυμνάσιο & 3ο Λύκειο Καλαμαριάς", "name_el": null, "operator": null, "amenity": "school", "education": null, "office": null }, "geometry": { "type": "Polygon", "coordinates": [ [ [ 22.961743, 40.569667 ], [ 22.96228, 40.570176 ], [ 22.962906, 40.569824 ], [ 22.962496, 40.569352 ], [ 22.961743, 40.569667 ] ] ] } },
{ "type": "Feature", "properties": { "education_source": "education_8", "education_type": "School", "name": "8th Primary School Kalamaria", "name_el": null, "operator": null, "amenity": "school", "education": null, "office": null }, "geometry": { "type": "Polygon", "coordinates": [ [ [ 22.971089, 40.56965 ], [ 22.970849, 40.570095 ], [ 22.971167, 40.570375 ], [ 22.971286, 40.570296 ], [ 22.971258, 40.570173 ], [ 22.971556, 40.569978 ], [ 22.971089, 40.56965 ] ] ] } },
{ "type": "Feature", "properties": { "education_source": "education_8", "education_type": "School", "name": null, "name_el": null, "operator": null, "amenity": "school", "education": null, "office": null }, "geometry": { "type": "Polygon", "coordinates": [ [ [ 22.966029, 40.569806 ], [ 22.965488, 40.570051 ], [ 22.965775, 40.570421 ], [ 22.966325, 40.570184 ], [ 22.966029, 40.569806 ] ] ] } },
{ "type": "Feature", "properties": { "education_source": "education_8", "education_type": "School", "name": "1ο Δημοτικό Σχολείο Πλαγιαρίου", "name_el": null, "operator": null, "amenity": "school", "education": null, "office": null }, "geometry": { "type": "Polygon", "coordinates": [ [ [ 22.956252, 40.472402 ], [ 22.955475, 40.47229 ], [ 22.955357, 40.472683 ], [ 22.956133, 40.472856 ], [ 22.956252, 40.472402 ] ] ] } },
{ "type": "Feature", "properties": { "education_source": "education_8", "education_type": "School", "name": "6ο Δημοτικό Σχολείο Καλαμαριάς", "name_el": null, "operator": null, "amenity": "school", "education": null, "office": null }, "geometry": { "type": "Polygon", "coordinates": [ [ [ 22.958911, 40.571012 ], [ 22.958778, 40.57115 ], [ 22.95924, 40.571392 ], [ 22.959558, 40.571032 ], [ 22.959103, 40.570796 ], [ 22.958911, 40.571012 ] ] ] } },
{ "type": "Feature", "properties": { "education_source": "education_8", "education_type": "School", "name": "6ο Γυμνάσιο & 6ο Λύκειο Καλαμαριάς", "name_el": null, "operator": null, "amenity": "school", "education": null, "office": null }, "geometry": { "type": "Polygon", "coordinates": [ [ [ 22.955787, 40.574269 ], [ 22.955603, 40.574354 ], [ 22.956271, 40.574838 ], [ 22.95688, 40.574455 ], [ 22.956458, 40.573955 ], [ 22.955787, 40.574269 ] ] ] } },
{ "type": "Feature", "properties": { "education_source": "education_8", "education_type": "School", "name": "Μοντεσσοριανή Σχολή Ζαφρανά", "name_el": null, "operator": null, "amenity": "school", "education": null, "office": null }, "geometry": { "type": "Polygon", "coordinates": [ [ [ 22.953273, 40.574403 ], [ 22.953191, 40.574327 ], [ 22.95302, 40.574169 ], [ 22.952788, 40.574314 ], [ 22.952918, 40.574434 ], [ 22.953089, 40.574592 ], [ 22.95325, 40.574492 ], [ 22.953321, 40.574448 ], [ 22.953273, 40.574403 ] ] ] } },
{ "type": "Feature", "properties": { "education_source": "education_8", "education_type": "School", "name": "13ο Δημοτικό Σχολείο Καλαμαριάς", "name_el": null, "operator": null, "amenity": "school", "education": null, "office": null }, "geometry": { "type": "Polygon", "coordinates": [ [ [ 22.950388, 40.577595 ], [ 22.950045, 40.577264 ], [ 22.949469, 40.577592 ], [ 22.949846, 40.577923 ], [ 22.950388, 40.577595 ] ] ] } },
{ "type": "Feature", "properties": { "education_source": "education_8", "education_type": "School", "name": "5ο Δημοτικό Σχολείο Καλαμαριάς", "name_el": null, "operator": null, "amenity": "school", "education": null, "office": null }, "geometry": { "type": "Polygon", "coordinates": [ [ [ 22.950641, 40.57785 ], [ 22.950388, 40.577595 ], [ 22.949846, 40.577923 ], [ 22.950107, 40.578173 ], [ 22.950641, 40.57785 ] ] ] } },
{ "type": "Feature", "properties": { "education_source": "education_8", "education_type": "School", "name": "3ο Δημοτικό Σχολείο Καλαμαριάς", "name_el": null, "operator": null, "amenity": "school", "education": null, "office": null }, "geometry": { "type": "Polygon", "coordinates": [ [ [ 22.95241, 40.579602 ], [ 22.95268, 40.579741 ], [ 22.952541, 40.579889 ], [ 22.952607, 40.579925 ], [ 22.953174, 40.580232 ], [ 22.95322, 40.580227 ], [ 22.953258, 40.580201 ], [ 22.953479, 40.579897 ], [ 22.953488, 40.579884 ], [ 22.952574, 40.579421 ], [ 22.952427, 40.579583 ], [ 22.95241, 40.579602 ] ] ] } },
{ "type": "Feature", "properties": { "education_source": "education_8", "education_type": "School", "name": "8ο Γυμνάσιο & 7ο Λύκειο Καλαμαριάς", "name_el": null, "operator": null, "amenity": "school", "education": null, "office": null }, "geometry": { "type": "Polygon", "coordinates": [ [ [ 22.953717, 40.588718 ], [ 22.954284, 40.588697 ], [ 22.954189, 40.588229 ], [ 22.954098, 40.588023 ], [ 22.953836, 40.588012 ], [ 22.953762, 40.58821 ], [ 22.953592, 40.588641 ], [ 22.953635, 40.588703 ], [ 22.953717, 40.588718 ] ] ] } },
{ "type": "Feature", "properties": { "education_source": "education_8", "education_type": "School", "name": "7ο Γυμνάσιο Καλαμαριάς", "name_el": null, "operator": null, "amenity": "school", "education": null, "office": null }, "geometry": { "type": "Polygon", "coordinates": [ [ [ 22.955744, 40.589867 ], [ 22.955755, 40.589453 ], [ 22.955624, 40.589363 ], [ 22.954975, 40.589901 ], [ 22.955478, 40.590269 ], [ 22.955745, 40.590068 ], [ 22.955744, 40.589867 ] ] ] } },
{ "type": "Feature", "properties": { "education_source": "education_8", "education_type": "School", "name": "1ο Δημοτικό Σχολείο Θεσσαλονίκης", "name_el": null, "operator": null, "amenity": "school", "education": null, "office": null }, "geometry": { "type": "Polygon", "coordinates": [ [ [ 22.957665, 40.593514 ], [ 22.957876, 40.593414 ], [ 22.958308, 40.593444 ], [ 22.958449, 40.593541 ], [ 22.958689, 40.593563 ], [ 22.958759, 40.592943 ], [ 22.958255, 40.592602 ], [ 22.957916, 40.59303 ], [ 22.957329, 40.593 ], [ 22.957266, 40.593489 ], [ 22.957665, 40.593514 ] ] ] } },
{ "type": "Feature", "properties": { "education_source": "education_8", "education_type": "School", "name": null, "name_el": null, "operator": null, "amenity": "school", "education": null, "office": null }, "geometry": { "type": "Polygon", "coordinates": [ [ [ 22.949491, 40.499512 ], [ 22.948976, 40.499518 ], [ 22.948985, 40.500374 ], [ 22.949698, 40.500348 ], [ 22.949801, 40.500328 ], [ 22.949972, 40.500276 ], [ 22.950041, 40.500237 ], [ 22.950092, 40.500171 ], [ 22.950144, 40.50008 ], [ 22.950137, 40.499961 ], [ 22.950127, 40.499799 ], [ 22.9501, 40.499538 ], [ 22.949499, 40.499538 ], [ 22.949491, 40.499512 ] ] ] } },
{ "type": "Feature", "properties": { "education_source": "education_8", "education_type": "School", "name": "1ο Γυμνάσιο & 1ο Λύκειο Καλαμαριάς \"Φροντιστήριον Τραπεζούντος\"", "name_el": null, "operator": null, "amenity": "school", "education": null, "office": null }, "geometry": { "type": "Polygon", "coordinates": [ [ [ 22.947271, 40.582635 ], [ 22.94761, 40.582359 ], [ 22.94778, 40.582211 ], [ 22.947533, 40.582051 ], [ 22.947494, 40.582026 ], [ 22.947412, 40.581969 ], [ 22.946928, 40.581635 ], [ 22.946432, 40.582033 ], [ 22.947271, 40.582635 ] ] ] } },
{ "type": "Feature", "properties": { "education_source": "education_8", "education_type": "School", "name": "2ο Δημοτικό Σχολείο Καλαμαριάς", "name_el": null, "operator": null, "amenity": "school", "education": null, "office": null }, "geometry": { "type": "Polygon", "coordinates": [ [ [ 22.943386, 40.582226 ], [ 22.943325, 40.582279 ], [ 22.943015, 40.582547 ], [ 22.943588, 40.582929 ], [ 22.944316, 40.582319 ], [ 22.943994, 40.582094 ], [ 22.943759, 40.582289 ], [ 22.943514, 40.582116 ], [ 22.943386, 40.582226 ] ] ] } },
{ "type": "Feature", "properties": { "education_source": "education_8", "education_type": "School", "name": "4ο Δημοτικό Σχολείο Καλαμαριάς", "name_el": null, "operator": null, "amenity": "school", "education": null, "office": null }, "geometry": { "type": "Polygon", "coordinates": [ [ [ 22.943588, 40.582929 ], [ 22.944001, 40.583198 ], [ 22.94473, 40.582603 ], [ 22.944316, 40.582319 ], [ 22.943588, 40.582929 ] ] ] } },
{ "type": "Feature", "properties": { "education_source": "education_8", "education_type": "School", "name": "15ο Δημοτικό Σχολείο Καλαμαριάς", "name_el": null, "operator": null, "amenity": "school", "education": null, "office": null }, "geometry": { "type": "Polygon", "coordinates": [ [ [ 22.944001, 40.583198 ], [ 22.944408, 40.583477 ], [ 22.944625, 40.583309 ], [ 22.945155, 40.582901 ], [ 22.94473, 40.582603 ], [ 22.944001, 40.583198 ] ] ] } },
{ "type": "Feature", "properties": { "education_source": "education_8", "education_type": "School", "name": "2ο Γυμνάσιο & 2ο Λύκειο Καλαμαριάς", "name_el": null, "operator": null, "amenity": "school", "education": null, "office": null }, "geometry": { "type": "Polygon", "coordinates": [ [ [ 22.940148, 40.587058 ], [ 22.940859, 40.587502 ], [ 22.941561, 40.586967 ], [ 22.941465, 40.586865 ], [ 22.941356, 40.58679 ], [ 22.941103, 40.586616 ], [ 22.940478, 40.5864 ], [ 22.940279, 40.586523 ], [ 22.940148, 40.587058 ] ] ] } },
{ "type": "Feature", "properties": { "education_source": "education_8", "education_type": "School", "name": "43ο Δημοτικό Σχολείο", "name_el": "43ο Δημοτικό Σχολείο", "operator": null, "amenity": "school", "education": null, "office": null }, "geometry": { "type": "Polygon", "coordinates": [ [ [ 22.943928, 40.630756 ], [ 22.944069, 40.630657 ], [ 22.943941, 40.630552 ], [ 22.9438, 40.630651 ], [ 22.943928, 40.630756 ] ] ] } },
{ "type": "Feature", "properties": { "education_source": "education_8", "education_type": "School", "name": "2ο Γυμνάσιο - Λύκειο θεσ/νίκης", "name_el": null, "operator": null, "amenity": "school", "education": null, "office": null }, "geometry": { "type": "Polygon", "coordinates": [ [ [ 22.945628, 40.631603 ], [ 22.945123, 40.631904 ], [ 22.94583, 40.632642 ], [ 22.945979, 40.632571 ], [ 22.946334, 40.632384 ], [ 22.946374, 40.632363 ], [ 22.946472, 40.632312 ], [ 22.94638, 40.63221 ], [ 22.946312, 40.632137 ], [ 22.945825, 40.631588 ], [ 22.945848, 40.631576 ], [ 22.945796, 40.631517 ], [ 22.945628, 40.631603 ] ] ] } },
{ "type": "Feature", "properties": { "education_source": "education_8", "education_type": "School", "name": "2ο Λύκειο Θεσσαλονίκης", "name_el": null, "operator": null, "amenity": "school", "education": null, "office": null }, "geometry": { "type": "Polygon", "coordinates": [ [ [ 22.946334, 40.632384 ], [ 22.946374, 40.632363 ], [ 22.946472, 40.632312 ], [ 22.946384, 40.632215 ], [ 22.945895, 40.632472 ], [ 22.945966, 40.63255 ], [ 22.946317, 40.632366 ], [ 22.946334, 40.632384 ] ] ] } },
{ "type": "Feature", "properties": { "education_source": "education_8", "education_type": "School", "name": "15ο Γυμνάσιο - Γενικό Λύκειο Θεσσαλονίκης", "name_el": "15ο Γυμνάσιο - Γενικό Λύκειο Θεσσαλονίκης", "operator": null, "amenity": "school", "education": null, "office": null }, "geometry": { "type": "Polygon", "coordinates": [ [ [ 22.944432, 40.632911 ], [ 22.944306, 40.632782 ], [ 22.943931, 40.633011 ], [ 22.94417, 40.633244 ], [ 22.944231, 40.633306 ], [ 22.94429, 40.633361 ], [ 22.944433, 40.633281 ], [ 22.944667, 40.63315 ], [ 22.944432, 40.632911 ] ] ] } },
{ "type": "Feature", "properties": { "education_source": "education_8", "education_type": "School", "name": "12ο Δημοτικό Σχολείο Καλαμαριάς", "name_el": null, "operator": null, "amenity": "school", "education": null, "office": null }, "geometry": { "type": "Polygon", "coordinates": [ [ [ 22.96279, 40.570647 ], [ 22.963301, 40.570262 ], [ 22.962906, 40.569824 ], [ 22.96228, 40.570176 ], [ 22.96279, 40.570647 ] ] ] } },
{ "type": "Feature", "properties": { "education_source": "education_8", "education_type": "School", "name": "1ο Επαγγελματικό Λύκειο Καλαμαριάς", "name_el": null, "operator": null, "amenity": "school", "education": null, "office": null }, "geometry": { "type": "Polygon", "coordinates": [ [ [ 22.968447, 40.57564 ], [ 22.968864, 40.574853 ], [ 22.968046, 40.574647 ], [ 22.967548, 40.57523 ], [ 22.967531, 40.575253 ], [ 22.967534, 40.575317 ], [ 22.967574, 40.57538 ], [ 22.967607, 40.575422 ], [ 22.967674, 40.575455 ], [ 22.968447, 40.57564 ] ] ] } },
{ "type": "Feature", "properties": { "education_source": "education_8", "education_type": "School", "name": "10 Δημοτικό Σχολείο Καλαμαριάς", "name_el": null, "operator": null, "amenity": "school", "education": null, "office": null }, "geometry": { "type": "Polygon", "coordinates": [ [ [ 22.963014, 40.576519 ], [ 22.963051, 40.576512 ], [ 22.96308, 40.57661 ], [ 22.963342, 40.576566 ], [ 22.963314, 40.576469 ], [ 22.963347, 40.576463 ], [ 22.963634, 40.576414 ], [ 22.963621, 40.576377 ], [ 22.96368, 40.576363 ], [ 22.963676, 40.576349 ], [ 22.963594, 40.576151 ], [ 22.963492, 40.576175 ], [ 22.963484, 40.576141 ], [ 22.963474, 40.576108 ], [ 22.962568, 40.576309 ], [ 22.962713, 40.576786 ], [ 22.963075, 40.576725 ], [ 22.963014, 40.576519 ] ] ] } },
{ "type": "Feature", "properties": { "education_source": "education_8", "education_type": "School", "name": "9ο Γυμνάσιο Καλαμαριάς", "name_el": null, "operator": null, "amenity": "school", "education": null, "office": null }, "geometry": { "type": "Polygon", "coordinates": [ [ [ 22.962208, 40.57703 ], [ 22.962761, 40.576928 ], [ 22.962713, 40.576786 ], [ 22.962568, 40.576309 ], [ 22.962016, 40.576434 ], [ 22.962208, 40.57703 ] ] ] } },
{ "type": "Feature", "properties": { "education_source": "education_8", "education_type": "School", "name": "7o Δημοτικό Σχολείο Καλαμαριάς", "name_el": null, "operator": null, "amenity": "school", "education": null, "office": null }, "geometry": { "type": "Polygon", "coordinates": [ [ [ 22.966896, 40.583245 ], [ 22.967046, 40.583013 ], [ 22.966962, 40.582975 ], [ 22.967149, 40.582706 ], [ 22.966466, 40.582411 ], [ 22.966408, 40.582436 ], [ 22.966402, 40.583017 ], [ 22.966896, 40.583245 ] ] ] } },
{ "type": "Feature", "properties": { "education_source": "education_8", "education_type": "School", "name": "11ο Δημοτικό Σχολείο Καλαμαριάς", "name_el": null, "operator": null, "amenity": "school", "education": null, "office": null }, "geometry": { "type": "Polygon", "coordinates": [ [ [ 22.961108, 40.583301 ], [ 22.961207, 40.583421 ], [ 22.961629, 40.583251 ], [ 22.961564, 40.583016 ], [ 22.961083, 40.582795 ], [ 22.960751, 40.58322 ], [ 22.960991, 40.583301 ], [ 22.961108, 40.583301 ] ] ] } },
{ "type": "Feature", "properties": { "education_source": "education_8", "education_type": "School", "name": "4ο & 5ο Λύκειο Καλαμαριάς", "name_el": null, "operator": null, "amenity": "school", "education": null, "office": null }, "geometry": { "type": "Polygon", "coordinates": [ [ [ 22.965415, 40.585263 ], [ 22.965737, 40.585398 ], [ 22.965717, 40.585427 ], [ 22.965804, 40.585463 ], [ 22.965827, 40.585433 ], [ 22.96607, 40.585539 ], [ 22.96619, 40.585369 ], [ 22.966186, 40.584968 ], [ 22.965357, 40.584617 ], [ 22.965269, 40.584735 ], [ 22.965037, 40.584871 ], [ 22.96499, 40.584852 ], [ 22.964856, 40.585028 ], [ 22.965415, 40.585263 ] ] ] } },
{ "type": "Feature", "properties": { "education_source": "education_8", "education_type": "School", "name": "17ο Δημοτικό Σχολείο Καλαμαριάς", "name_el": null, "operator": null, "amenity": "school", "education": null, "office": null }, "geometry": { "type": "Polygon", "coordinates": [ [ [ 22.964511, 40.585513 ], [ 22.96459, 40.585542 ], [ 22.965216, 40.585776 ], [ 22.965278, 40.58568 ], [ 22.965303, 40.585642 ], [ 22.96544, 40.585697 ], [ 22.965488, 40.585627 ], [ 22.965455, 40.585614 ], [ 22.965488, 40.585567 ], [ 22.965536, 40.585556 ], [ 22.965606, 40.585584 ], [ 22.965581, 40.585621 ], [ 22.965709, 40.585673 ], [ 22.965725, 40.58565 ], [ 22.965757, 40.585663 ], [ 22.965812, 40.585584 ], [ 22.965777, 40.58557 ], [ 22.965814, 40.585516 ], [ 22.965717, 40.585477 ], [ 22.9657, 40.585501 ], [ 22.965576, 40.585451 ], [ 22.965595, 40.585424 ], [ 22.965363, 40.58533 ], [ 22.965415, 40.585263 ], [ 22.964856, 40.585028 ], [ 22.964503, 40.58551 ], [ 22.964511, 40.585513 ] ] ] } },
{ "type": "Feature", "properties": { "education_source": "education_8", "education_type": "School", "name": "13ο Νηπιαγωγείο Καλαμαριάς", "name_el": null, "operator": null, "amenity": "school", "education": null, "office": null }, "geometry": { "type": "Polygon", "coordinates": [ [ [ 22.965327, 40.585817 ], [ 22.966012, 40.585626 ], [ 22.96607, 40.585539 ], [ 22.965827, 40.585433 ], [ 22.965804, 40.585463 ], [ 22.965717, 40.585427 ], [ 22.965737, 40.585398 ], [ 22.965415, 40.585263 ], [ 22.965363, 40.58533 ], [ 22.965595, 40.585424 ], [ 22.965576, 40.585451 ], [ 22.9657, 40.585501 ], [ 22.965717, 40.585477 ], [ 22.965814, 40.585516 ], [ 22.965777, 40.58557 ], [ 22.965812, 40.585584 ], [ 22.965757, 40.585663 ], [ 22.965725, 40.58565 ], [ 22.965709, 40.585673 ], [ 22.965581, 40.585621 ], [ 22.965606, 40.585584 ], [ 22.965536, 40.585556 ], [ 22.965488, 40.585567 ], [ 22.965455, 40.585614 ], [ 22.965488, 40.585627 ], [ 22.96544, 40.585697 ], [ 22.965303, 40.585642 ], [ 22.965216, 40.585776 ], [ 22.965327, 40.585817 ] ] ] } },
{ "type": "Feature", "properties": { "education_source": "education_8", "education_type": "School", "name": "4ο Γυμνάσιο Καλαμαριάς", "name_el": null, "operator": null, "amenity": "school", "education": null, "office": null }, "geometry": { "type": "Polygon", "coordinates": [ [ [ 22.967472, 40.586377 ], [ 22.967088, 40.586854 ], [ 22.967473, 40.587025 ], [ 22.968003, 40.586388 ], [ 22.967606, 40.586214 ], [ 22.967472, 40.586377 ] ] ] } },
{ "type": "Feature", "properties": { "education_source": "education_8", "education_type": "School", "name": "94ο Δημοτικό Σχολείο Θεσσαλονίκης", "name_el": null, "operator": null, "amenity": "school", "education": null, "office": null }, "geometry": { "type": "Polygon", "coordinates": [ [ [ 22.958829, 40.595556 ], [ 22.958941, 40.595543 ], [ 22.959083, 40.595256 ], [ 22.958467, 40.594799 ], [ 22.95812, 40.59506 ], [ 22.958829, 40.595556 ] ] ] } },
{ "type": "Feature", "properties": { "education_source": "education_8", "education_type": "School", "name": "14ο Λύκειο Θεσσαλονίκης", "name_el": null, "operator": null, "amenity": "school", "education": null, "office": null }, "geometry": { "type": "Polygon", "coordinates": [ [ [ 22.954115, 40.595428 ], [ 22.954589, 40.59553 ], [ 22.954689, 40.595538 ], [ 22.954691, 40.595527 ], [ 22.954696, 40.595489 ], [ 22.954707, 40.595401 ], [ 22.954719, 40.595304 ], [ 22.954723, 40.595277 ], [ 22.95473, 40.595194 ], [ 22.954766, 40.594854 ], [ 22.953903, 40.594798 ], [ 22.953842, 40.595302 ], [ 22.954115, 40.595428 ] ] ] } },
{ "type": "Feature", "properties": { "education_source": "education_8", "education_type": "School", "name": null, "name_el": null, "operator": null, "amenity": "school", "education": null, "office": null }, "geometry": { "type": "Polygon", "coordinates": [ [ [ 22.959851, 40.598757 ], [ 22.960033, 40.598199 ], [ 22.959963, 40.598056 ], [ 22.958874, 40.59839 ], [ 22.958893, 40.598559 ], [ 22.959851, 40.598757 ] ] ] } },
{ "type": "Feature", "properties": { "education_source": "education_8", "education_type": "School", "name": "87ο Δημοτικό Σχολείο Θεσσαλονίκης", "name_el": null, "operator": null, "amenity": "school", "education": null, "office": null }, "geometry": { "type": "Polygon", "coordinates": [ [ [ 22.950521, 40.598921 ], [ 22.951088, 40.599081 ], [ 22.951238, 40.598717 ], [ 22.951249, 40.59869 ], [ 22.950696, 40.598531 ], [ 22.950521, 40.598921 ] ] ] } },
{ "type": "Feature", "properties": { "education_source": "education_8", "education_type": "School", "name": null, "name_el": null, "operator": null, "amenity": "school", "education": null, "office": null }, "geometry": { "type": "Polygon", "coordinates": [ [ [ 22.950002, 40.599289 ], [ 22.950256, 40.598689 ], [ 22.949984, 40.598669 ], [ 22.949206, 40.598612 ], [ 22.949093, 40.599045 ], [ 22.950002, 40.599289 ] ] ] } },
{ "type": "Feature", "properties": { "education_source": "education_8", "education_type": "School", "name": "19ο Γυμνάσιο και Λύκειο", "name_el": "19ο Γυμνάσιο και Λύκειο", "operator": null, "amenity": "school", "education": null, "office": null }, "geometry": { "type": "Polygon", "coordinates": [ [ [ 22.956554, 40.599336 ], [ 22.956575, 40.599342 ], [ 22.956928, 40.599446 ], [ 22.957072, 40.599489 ], [ 22.957276, 40.599085 ], [ 22.957285, 40.599067 ], [ 22.956682, 40.59889 ], [ 22.956498, 40.599256 ], [ 22.956471, 40.599311 ], [ 22.956554, 40.599336 ] ] ] } },
{ "type": "Feature", "properties": { "education_source": "education_8", "education_type": "School", "name": "5ο Λύκειο", "name_el": null, "operator": null, "amenity": "school", "education": null, "office": null }, "geometry": { "type": "Polygon", "coordinates": [ [ [ 22.952011, 40.60199 ], [ 22.952031, 40.60192 ], [ 22.951991, 40.601914 ], [ 22.952071, 40.60163 ], [ 22.952, 40.601618 ], [ 22.951988, 40.601657 ], [ 22.951901, 40.601642 ], [ 22.951906, 40.601625 ], [ 22.951836, 40.601613 ], [ 22.951813, 40.601695 ], [ 22.951911, 40.601711 ], [ 22.951903, 40.60174 ], [ 22.951867, 40.601864 ], [ 22.951792, 40.601851 ], [ 22.951786, 40.601874 ], [ 22.951632, 40.601849 ], [ 22.951611, 40.601924 ], [ 22.952011, 40.60199 ] ] ] } },
{ "type": "Feature", "properties": { "education_source": "education_8", "education_type": "School", "name": null, "name_el": null, "operator": null, "amenity": "school", "education": null, "office": null }, "geometry": { "type": "Polygon", "coordinates": [ [ [ 22.959685, 40.602648 ], [ 22.960362, 40.602847 ], [ 22.960759, 40.602114 ], [ 22.960072, 40.601937 ], [ 22.959685, 40.602648 ] ] ] } },
{ "type": "Feature", "properties": { "education_source": "education_8", "education_type": "School", "name": "81ο Δημοτικό Σχολείο Θεσσαλονίκης", "name_el": "81ο Δημοτικό Σχολείο Θεσσαλονίκης", "operator": null, "amenity": "school", "education": null, "office": null }, "geometry": { "type": "Polygon", "coordinates": [ [ [ 22.959212, 40.603999 ], [ 22.959059, 40.603345 ], [ 22.958939, 40.603346 ], [ 22.958817, 40.603347 ], [ 22.958653, 40.603883 ], [ 22.959212, 40.603999 ] ] ] } },
{ "type": "Feature", "properties": { "education_source": "education_8", "education_type": "School", "name": "9ο Γυμνάσιο & 9ο Λύκειο Θεσσαλονίκης", "name_el": null, "operator": null, "amenity": "school", "education": null, "office": null }, "geometry": { "type": "Polygon", "coordinates": [ [ [ 22.957669, 40.60497 ], [ 22.957714, 40.60482 ], [ 22.957597, 40.6048 ], [ 22.95754, 40.604989 ], [ 22.957563, 40.604993 ], [ 22.957555, 40.605021 ], [ 22.957593, 40.605028 ], [ 22.957585, 40.605052 ], [ 22.957846, 40.605097 ], [ 22.95801, 40.605127 ], [ 22.958038, 40.605034 ], [ 22.958043, 40.605018 ], [ 22.957791, 40.604974 ], [ 22.957787, 40.60499 ], [ 22.957669, 40.60497 ] ] ] } },
{ "type": "Feature", "properties": { "education_source": "education_8", "education_type": "School", "name": null, "name_el": null, "operator": null, "amenity": "school", "education": null, "office": null }, "geometry": { "type": "Polygon", "coordinates": [ [ [ 22.966371, 40.610616 ], [ 22.966482, 40.61036 ], [ 22.966617, 40.610055 ], [ 22.966665, 40.609943 ], [ 22.966599, 40.609829 ], [ 22.966566, 40.60977 ], [ 22.965627, 40.610064 ], [ 22.96553, 40.610042 ], [ 22.965522, 40.610063 ], [ 22.965498, 40.610057 ], [ 22.965365, 40.610375 ], [ 22.966371, 40.610616 ] ] ] } },
{ "type": "Feature", "properties": { "education_source": "education_8", "education_type": "School", "name": "Δημοτικός Παιδικός Σταθμός Τούμπας", "name_el": null, "operator": null, "amenity": "school", "education": null, "office": null }, "geometry": { "type": "Polygon", "coordinates": [ [ [ 22.967427, 40.61047 ], [ 22.967373, 40.610495 ], [ 22.967175, 40.610587 ], [ 22.967248, 40.610678 ], [ 22.967519, 40.610552 ], [ 22.967446, 40.610461 ], [ 22.967427, 40.61047 ] ] ] } },
{ "type": "Feature", "properties": { "education_source": "education_8", "education_type": "School", "name": null, "name_el": null, "operator": null, "amenity": "school", "education": null, "office": null }, "geometry": { "type": "Polygon", "coordinates": [ [ [ 22.964487, 40.610853 ], [ 22.964356, 40.610825 ], [ 22.963633, 40.610674 ], [ 22.96357, 40.611181 ], [ 22.964296, 40.611345 ], [ 22.964487, 40.610853 ] ] ] } },
{ "type": "Feature", "properties": { "education_source": "education_8", "education_type": "School", "name": null, "name_el": null, "operator": null, "amenity": "school", "education": null, "office": null }, "geometry": { "type": "Polygon", "coordinates": [ [ [ 22.966967, 40.612908 ], [ 22.967305, 40.612275 ], [ 22.967504, 40.611923 ], [ 22.967916, 40.612005 ], [ 22.967982, 40.611873 ], [ 22.96799, 40.611651 ], [ 22.967902, 40.611155 ], [ 22.967825, 40.611086 ], [ 22.966717, 40.610825 ], [ 22.966064, 40.612376 ], [ 22.966216, 40.612413 ], [ 22.966109, 40.612712 ], [ 22.966967, 40.612908 ] ] ] } },
{ "type": "Feature", "properties": { "education_source": "education_8", "education_type": "School", "name": null, "name_el": null, "operator": null, "amenity": "school", "education": null, "office": null }, "geometry": { "type": "Polygon", "coordinates": [ [ [ 22.97393, 40.613114 ], [ 22.973315, 40.613347 ], [ 22.973795, 40.614129 ], [ 22.974405, 40.6139 ], [ 22.97393, 40.613114 ] ] ] } },
{ "type": "Feature", "properties": { "education_source": "education_8", "education_type": "School", "name": "1ο Γυμνάσιο Άνω Τούμπας", "name_el": null, "operator": null, "amenity": "school", "education": null, "office": null }, "geometry": { "type": "Polygon", "coordinates": [ [ [ 22.971377, 40.614828 ], [ 22.971104, 40.614708 ], [ 22.970882, 40.614622 ], [ 22.970844, 40.614623 ], [ 22.970804, 40.614648 ], [ 22.970658, 40.614933 ], [ 22.97103, 40.615479 ], [ 22.971193, 40.615425 ], [ 22.971279, 40.615347 ], [ 22.971601, 40.614939 ], [ 22.971377, 40.614828 ] ] ] } },
{ "type": "Feature", "properties": { "education_source": "education_8", "education_type": "School", "name": null, "name_el": null, "operator": null, "amenity": "school", "education": null, "office": null }, "geometry": { "type": "Polygon", "coordinates": [ [ [ 22.96019, 40.615388 ], [ 22.961034, 40.615072 ], [ 22.961101, 40.614967 ], [ 22.960274, 40.614665 ], [ 22.959981, 40.615337 ], [ 22.96019, 40.615388 ] ] ] } },
{ "type": "Feature", "properties": { "education_source": "education_8", "education_type": "School", "name": "27o Ενιαίο Λύκειο Θεσ/κης", "name_el": null, "operator": null, "amenity": "school", "education": null, "office": null }, "geometry": { "type": "Polygon", "coordinates": [ [ [ 22.971253, 40.615829 ], [ 22.971978, 40.615555 ], [ 22.97198, 40.615517 ], [ 22.972005, 40.615506 ], [ 22.972033, 40.615495 ], [ 22.97206, 40.615506 ], [ 22.97208, 40.61549 ], [ 22.972246, 40.615289 ], [ 22.971819, 40.615053 ], [ 22.971601, 40.614939 ], [ 22.971279, 40.615347 ], [ 22.971193, 40.615425 ], [ 22.97103, 40.615479 ], [ 22.971253, 40.615829 ] ] ] } },
{ "type": "Feature", "properties": { "education_source": "education_8", "education_type": "School", "name": null, "name_el": null, "operator": null, "amenity": "school", "education": null, "office": null }, "geometry": { "type": "Polygon", "coordinates": [ [ [ 22.962761, 40.615752 ], [ 22.962775, 40.615445 ], [ 22.962777, 40.61538 ], [ 22.962657, 40.615297 ], [ 22.962636, 40.615286 ], [ 22.962605, 40.615265 ], [ 22.9625, 40.615193 ], [ 22.962379, 40.615299 ], [ 22.962086, 40.615544 ], [ 22.962525, 40.615846 ], [ 22.962542, 40.615832 ], [ 22.96261, 40.615879 ], [ 22.962761, 40.615752 ] ] ] } },
{ "type": "Feature", "properties": { "education_source": "education_8", "education_type": "School", "name": null, "name_el": null, "operator": null, "amenity": "school", "education": null, "office": null }, "geometry": { "type": "Polygon", "coordinates": [ [ [ 22.962131, 40.61629 ], [ 22.962447, 40.616009 ], [ 22.962343, 40.615946 ], [ 22.9623, 40.615988 ], [ 22.962102, 40.615997 ], [ 22.961739, 40.615779 ], [ 22.96153, 40.615958 ], [ 22.962131, 40.61629 ] ] ] } },
{ "type": "Feature", "properties": { "education_source": "education_8", "education_type": "School", "name": "5ο Δημοτικό Σχολείο Θεσσαλονίκης", "name_el": null, "operator": null, "amenity": "school", "education": null, "office": null }, "geometry": { "type": "Polygon", "coordinates": [ [ [ 22.957776, 40.605375 ], [ 22.957396, 40.605294 ], [ 22.957358, 40.605398 ], [ 22.957737, 40.605479 ], [ 22.957776, 40.605375 ] ] ] } },
{ "type": "Feature", "properties": { "education_source": "education_8", "education_type": "School", "name": "90ο Δημοτικό σχολείο Θεσσαλονίκης", "name_el": null, "operator": null, "amenity": "school", "education": null, "office": null }, "geometry": { "type": "Polygon", "coordinates": [ [ [ 22.958689, 40.607617 ], [ 22.959137, 40.607648 ], [ 22.959266, 40.607692 ], [ 22.95943, 40.607371 ], [ 22.959247, 40.607346 ], [ 22.958781, 40.607289 ], [ 22.958689, 40.607617 ] ] ] } },
{ "type": "Feature", "properties": { "education_source": "education_8", "education_type": "School", "name": "89ο Δημοτικό Σχολείο Θεσσαλονίκης", "name_el": null, "operator": null, "amenity": "school", "education": null, "office": null }, "geometry": { "type": "Polygon", "coordinates": [ [ [ 22.953182, 40.607868 ], [ 22.953167, 40.60753 ], [ 22.952729, 40.607541 ], [ 22.952744, 40.607879 ], [ 22.953182, 40.607868 ] ] ] } },
{ "type": "Feature", "properties": { "education_source": "education_8", "education_type": "School", "name": "8ο Γυμνάσιο και 8ο Λύκειο Θεσσαλονίκης", "name_el": null, "operator": null, "amenity": "school", "education": null, "office": null }, "geometry": { "type": "Polygon", "coordinates": [ [ [ 22.952193, 40.608414 ], [ 22.952171, 40.607878 ], [ 22.951541, 40.607896 ], [ 22.951577, 40.608432 ], [ 22.952193, 40.608414 ] ] ] } },
{ "type": "Feature", "properties": { "education_source": "education_8", "education_type": "School", "name": "8ο & 18ο Δημοτικό Σχολείο Θεσσαλονίκης", "name_el": null, "operator": null, "amenity": "school", "education": null, "office": null }, "geometry": { "type": "Polygon", "coordinates": [ [ [ 22.9564, 40.609712 ], [ 22.957113, 40.609636 ], [ 22.957094, 40.609491 ], [ 22.957183, 40.609479 ], [ 22.957188, 40.609449 ], [ 22.957207, 40.60944 ], [ 22.957196, 40.609371 ], [ 22.95707, 40.609381 ], [ 22.957049, 40.609188 ], [ 22.95636, 40.609278 ], [ 22.9564, 40.609712 ] ] ] } },
{ "type": "Feature", "properties": { "education_source": "education_8", "education_type": "School", "name": "9ο Δημοτικό & 4ο Νηπιαγωγείο Θεσσαλονίκης", "name_el": null, "operator": null, "amenity": "school", "education": null, "office": null }, "geometry": { "type": "Polygon", "coordinates": [ [ [ 22.957849, 40.613982 ], [ 22.957917, 40.614185 ], [ 22.958139, 40.614173 ], [ 22.958202, 40.614527 ], [ 22.958435, 40.61451 ], [ 22.958425, 40.614172 ], [ 22.9585, 40.614172 ], [ 22.958494, 40.613987 ], [ 22.957849, 40.613982 ] ] ] } },
{ "type": "Feature", "properties": { "education_source": "education_8", "education_type": "School", "name": null, "name_el": null, "operator": null, "amenity": "school", "education": null, "office": null }, "geometry": { "type": "Polygon", "coordinates": [ [ [ 22.956555, 40.616246 ], [ 22.956541, 40.616375 ], [ 22.956919, 40.616399 ], [ 22.956942, 40.616199 ], [ 22.956986, 40.615809 ], [ 22.956303, 40.615769 ], [ 22.956302, 40.615779 ], [ 22.956296, 40.615874 ], [ 22.956296, 40.615887 ], [ 22.956294, 40.615908 ], [ 22.956354, 40.61591 ], [ 22.956353, 40.615927 ], [ 22.956351, 40.615944 ], [ 22.956341, 40.616026 ], [ 22.956337, 40.616055 ], [ 22.95633, 40.616118 ], [ 22.956328, 40.616133 ], [ 22.956278, 40.616134 ], [ 22.956272, 40.616228 ], [ 22.956555, 40.616246 ] ] ] } },
{ "type": "Feature", "properties": { "education_source": "education_8", "education_type": "School", "name": "11ο Δημοτικό Σχολείο Θεσσαλονίκης", "name_el": null, "operator": null, "amenity": "school", "education": null, "office": null }, "geometry": { "type": "Polygon", "coordinates": [ [ [ 22.957236, 40.616786 ], [ 22.957344, 40.61679 ], [ 22.957361, 40.61662 ], [ 22.957378, 40.616441 ], [ 22.956952, 40.61643 ], [ 22.956844, 40.616426 ], [ 22.956842, 40.616469 ], [ 22.956837, 40.61656 ], [ 22.956832, 40.616646 ], [ 22.956831, 40.616659 ], [ 22.956826, 40.616774 ], [ 22.957236, 40.616786 ] ] ] } },
{ "type": "Feature", "properties": { "education_source": "education_8", "education_type": "School", "name": "1ο Γυμνάσιο Θεσσαλονίκης", "name_el": null, "operator": null, "amenity": "school", "education": null, "office": null }, "geometry": { "type": "Polygon", "coordinates": [ [ [ 22.95488, 40.617691 ], [ 22.955156, 40.617737 ], [ 22.955197, 40.617745 ], [ 22.955418, 40.617781 ], [ 22.955442, 40.61768 ], [ 22.955452, 40.617611 ], [ 22.955503, 40.617243 ], [ 22.955447, 40.617241 ], [ 22.95536, 40.617238 ], [ 22.955296, 40.617235 ], [ 22.954778, 40.617222 ], [ 22.954771, 40.617295 ], [ 22.954749, 40.617531 ], [ 22.954736, 40.617665 ], [ 22.95476, 40.617669 ], [ 22.95488, 40.617691 ] ] ] } },
{ "type": "Feature", "properties": { "education_source": "education_8", "education_type": "School", "name": null, "name_el": null, "operator": null, "amenity": "school", "education": null, "office": null }, "geometry": { "type": "Polygon", "coordinates": [ [ [ 22.959025, 40.62138 ], [ 22.959225, 40.621192 ], [ 22.958973, 40.621059 ], [ 22.958801, 40.620969 ], [ 22.958594, 40.621151 ], [ 22.959025, 40.62138 ] ] ] } },
{ "type": "Feature", "properties": { "education_source": "education_8", "education_type": "School", "name": null, "name_el": null, "operator": null, "amenity": "school", "education": null, "office": null }, "geometry": { "type": "Polygon", "coordinates": [ [ [ 22.966596, 40.617014 ], [ 22.966675, 40.616858 ], [ 22.967061, 40.616931 ], [ 22.967167, 40.616732 ], [ 22.966191, 40.616457 ], [ 22.965918, 40.61683 ], [ 22.966596, 40.617014 ] ] ] } },
{ "type": "Feature", "properties": { "education_source": "education_8", "education_type": "School", "name": "Τεχνική Σχολή Ευκλείδης", "name_el": null, "operator": null, "amenity": "school", "education": null, "office": null }, "geometry": { "type": "Polygon", "coordinates": [ [ [ 22.96025, 40.617207 ], [ 22.960381, 40.617295 ], [ 22.960707, 40.617517 ], [ 22.960747, 40.617483 ], [ 22.960824, 40.617416 ], [ 22.961171, 40.617118 ], [ 22.96125, 40.61705 ], [ 22.961285, 40.617021 ], [ 22.960901, 40.616747 ], [ 22.96077, 40.616653 ], [ 22.960502, 40.616879 ], [ 22.960411, 40.616956 ], [ 22.960175, 40.617156 ], [ 22.96025, 40.617207 ] ] ] } },
{ "type": "Feature", "properties": { "education_source": "education_8", "education_type": "School", "name": null, "name_el": null, "operator": null, "amenity": "school", "education": null, "office": null }, "geometry": { "type": "Polygon", "coordinates": [ [ [ 22.961774, 40.61824 ], [ 22.962322, 40.617779 ], [ 22.9614, 40.617117 ], [ 22.960827, 40.617594 ], [ 22.961774, 40.61824 ] ] ] } },
{ "type": "Feature", "properties": { "education_source": "education_8", "education_type": "School", "name": null, "name_el": null, "operator": null, "amenity": "school", "education": null, "office": null }, "geometry": { "type": "Polygon", "coordinates": [ [ [ 22.970562, 40.620736 ], [ 22.9707, 40.620253 ], [ 22.970459, 40.620192 ], [ 22.970208, 40.620688 ], [ 22.970562, 40.620736 ] ] ] } },
{ "type": "Feature", "properties": { "education_source": "education_8", "education_type": "School", "name": null, "name_el": null, "operator": null, "amenity": "school", "education": null, "office": null }, "geometry": { "type": "Polygon", "coordinates": [ [ [ 22.970976, 40.620757 ], [ 22.970992, 40.620759 ], [ 22.971179, 40.62078 ], [ 22.971172, 40.620813 ], [ 22.97132, 40.620829 ], [ 22.971337, 40.620759 ], [ 22.971404, 40.620761 ], [ 22.971459, 40.620492 ], [ 22.971339, 40.620453 ], [ 22.971219, 40.620415 ], [ 22.971173, 40.620396 ], [ 22.971132, 40.620374 ], [ 22.971095, 40.620352 ], [ 22.971064, 40.620328 ], [ 22.971022, 40.620294 ], [ 22.970886, 40.620209 ], [ 22.970785, 40.620193 ], [ 22.970649, 40.620721 ], [ 22.970976, 40.620757 ] ] ] } },
{ "type": "Feature", "properties": { "education_source": "education_8", "education_type": "School", "name": null, "name_el": null, "operator": null, "amenity": "school", "education": null, "office": null }, "geometry": { "type": "Polygon", "coordinates": [ [ [ 22.971034, 40.620753 ], [ 22.971235, 40.620779 ], [ 22.971276, 40.620597 ], [ 22.971085, 40.620572 ], [ 22.971081, 40.620591 ], [ 22.971056, 40.620588 ], [ 22.971049, 40.620621 ], [ 22.970996, 40.620614 ], [ 22.971008, 40.620563 ], [ 22.970944, 40.620554 ], [ 22.970957, 40.620496 ], [ 22.971032, 40.620506 ], [ 22.971066, 40.620356 ], [ 22.970826, 40.620325 ], [ 22.970793, 40.620474 ], [ 22.970834, 40.620479 ], [ 22.97082, 40.620541 ], [ 22.970773, 40.620535 ], [ 22.970732, 40.620714 ], [ 22.970968, 40.620745 ], [ 22.970977, 40.620707 ], [ 22.971043, 40.620715 ], [ 22.971034, 40.620753 ] ] ] } },
{ "type": "Feature", "properties": { "education_source": "education_8", "education_type": "School", "name": null, "name_el": null, "operator": null, "amenity": "school", "education": null, "office": null }, "geometry": { "type": "Polygon", "coordinates": [ [ [ 22.967442, 40.621335 ], [ 22.967438, 40.621319 ], [ 22.967392, 40.62125 ], [ 22.967386, 40.621239 ], [ 22.967386, 40.621212 ], [ 22.967385, 40.621006 ], [ 22.967455, 40.621007 ], [ 22.967454, 40.620802 ], [ 22.967373, 40.620695 ], [ 22.966897, 40.6209 ], [ 22.966686, 40.621018 ], [ 22.967024, 40.621351 ], [ 22.967441, 40.621356 ], [ 22.967442, 40.621335 ] ] ] } },
{ "type": "Feature", "properties": { "education_source": "education_8", "education_type": "School", "name": "2ο & 3ο Νηπιαγωγείο Τριανδρίας", "name_el": null, "operator": null, "amenity": "school", "education": null, "office": null }, "geometry": { "type": "Polygon", "coordinates": [ [ [ 22.975304, 40.622071 ], [ 22.975652, 40.621965 ], [ 22.975429, 40.621542 ], [ 22.975093, 40.621644 ], [ 22.975304, 40.622071 ] ] ] } },
{ "type": "Feature", "properties": { "education_source": "education_8", "education_type": "School", "name": "Βρεφονηπιακός Σταθμός Δήμου Τριανδρίας", "name_el": null, "operator": null, "amenity": "school", "education": null, "office": null }, "geometry": { "type": "Polygon", "coordinates": [ [ [ 22.974244, 40.621942 ], [ 22.974237, 40.621895 ], [ 22.974157, 40.621752 ], [ 22.973746, 40.621687 ], [ 22.973701, 40.621877 ], [ 22.974244, 40.621942 ] ] ] } },
{ "type": "Feature", "properties": { "education_source": "education_8", "education_type": "School", "name": null, "name_el": null, "operator": null, "amenity": "school", "education": null, "office": null }, "geometry": { "type": "Polygon", "coordinates": [ [ [ 22.975652, 40.622622 ], [ 22.975815, 40.622064 ], [ 22.975814, 40.622045 ], [ 22.975788, 40.62202 ], [ 22.975773, 40.62201 ], [ 22.974721, 40.622331 ], [ 22.974997, 40.622748 ], [ 22.975037, 40.622742 ], [ 22.975652, 40.622622 ] ] ] } },
{ "type": "Feature", "properties": { "education_source": "education_8", "education_type": "School", "name": "3ο Γυμνάσιο, 1ο Γενικό Λύκειο", "name_el": null, "operator": null, "amenity": "school", "education": null, "office": null }, "geometry": { "type": "Polygon", "coordinates": [ [ [ 22.952201, 40.622269 ], [ 22.952226, 40.622275 ], [ 22.953112, 40.622484 ], [ 22.953192, 40.622503 ], [ 22.953305, 40.622187 ], [ 22.95325, 40.622172 ], [ 22.953009, 40.622107 ], [ 22.952347, 40.621927 ], [ 22.952225, 40.621894 ], [ 22.952082, 40.622241 ], [ 22.952201, 40.622269 ] ] ] } },
{ "type": "Feature", "properties": { "education_source": "education_8", "education_type": "School", "name": "1ο Εσπερινό Γυμνάσιο & 1ο Εσπερινό Λύκειο", "name_el": null, "operator": null, "amenity": "school", "education": null, "office": null }, "geometry": { "type": "Polygon", "coordinates": [ [ [ 22.950555, 40.627353 ], [ 22.950287, 40.627065 ], [ 22.949967, 40.627239 ], [ 22.950236, 40.627528 ], [ 22.950555, 40.627353 ] ] ] } },
{ "type": "Feature", "properties": { "education_source": "education_8", "education_type": "School", "name": "40o Δημοτικό Σχολείο Θεσσαλονίκης", "name_el": "40o Δημοτικό Σχολείο Θεσσαλονίκης", "operator": null, "amenity": "school", "education": null, "office": null }, "geometry": { "type": "Polygon", "coordinates": [ [ [ 22.950489, 40.629039 ], [ 22.950638, 40.628956 ], [ 22.950695, 40.628923 ], [ 22.950625, 40.628848 ], [ 22.950464, 40.628678 ], [ 22.95029, 40.628777 ], [ 22.950193, 40.628834 ], [ 22.950216, 40.628909 ], [ 22.950248, 40.629013 ], [ 22.95035, 40.629117 ], [ 22.950489, 40.629039 ] ] ] } },
{ "type": "Feature", "properties": { "education_source": "education_8", "education_type": "School", "name": "2ο Πρότυπο Πειραματικό ΓΕΛ", "name_el": null, "operator": null, "amenity": "school", "education": null, "office": null }, "geometry": { "type": "Polygon", "coordinates": [ [ [ 22.951844, 40.629084 ], [ 22.951919, 40.629045 ], [ 22.952082, 40.628959 ], [ 22.951881, 40.628738 ], [ 22.951699, 40.628833 ], [ 22.95164, 40.628865 ], [ 22.951508, 40.628934 ], [ 22.95171, 40.629155 ], [ 22.951844, 40.629084 ] ] ] } },
{ "type": "Feature", "properties": { "education_source": "education_3", "education_type": "University", "name": "Αριστοτέλειο Πανεπιστήμιο", "name_el": "Αριστοτέλειο Πανεπιστήμιο Θεσσαλονίκης", "operator": null, "amenity": "university", "education": null, "office": null }, "geometry": { "type": "Polygon", "coordinates": [ [ [ 22.961662, 40.625514 ], [ 22.961272, 40.625394 ], [ 22.960876, 40.625293 ], [ 22.960503, 40.62572 ], [ 22.960842, 40.625873 ], [ 22.961456, 40.626184 ], [ 22.961473, 40.626193 ], [ 22.961147, 40.626694 ], [ 22.96062, 40.626523 ], [ 22.960476, 40.626685 ], [ 22.960326, 40.626607 ], [ 22.960336, 40.626592 ], [ 22.96018, 40.626529 ], [ 22.959927, 40.626496 ], [ 22.959314, 40.627069 ], [ 22.958811, 40.627536 ], [ 22.958354, 40.627944 ], [ 22.9578, 40.628457 ], [ 22.957446, 40.628782 ], [ 22.957197, 40.62901 ], [ 22.956989, 40.629195 ], [ 22.956767, 40.629389 ], [ 22.956669, 40.62946 ], [ 22.956479, 40.629572 ], [ 22.955987, 40.629841 ], [ 22.955426, 40.630148 ], [ 22.955321, 40.630207 ], [ 22.954629, 40.630594 ], [ 22.954575, 40.630623 ], [ 22.954662, 40.630754 ], [ 22.954367, 40.630876 ], [ 22.9544, 40.63091 ], [ 22.954748, 40.631263 ], [ 22.954681, 40.631416 ], [ 22.954411, 40.631425 ], [ 22.954238, 40.631469 ], [ 22.954147, 40.631435 ], [ 22.954051, 40.631429 ], [ 22.953911, 40.631509 ], [ 22.953954, 40.63156 ], [ 22.95459, 40.632256 ], [ 22.954865, 40.632553 ], [ 22.954936, 40.632631 ], [ 22.955373, 40.633097 ], [ 22.95576, 40.633511 ], [ 22.955769, 40.633521 ], [ 22.956311, 40.634117 ], [ 22.956421, 40.634203 ], [ 22.957799, 40.633453 ], [ 22.958594, 40.633015 ], [ 22.959432, 40.63254 ], [ 22.959869, 40.632201 ], [ 22.959899, 40.632177 ], [ 22.959985, 40.632117 ], [ 22.960025, 40.632087 ], [ 22.96032, 40.631815 ], [ 22.960397, 40.631754 ], [ 22.960486, 40.631675 ], [ 22.960634, 40.631515 ], [ 22.960712, 40.631426 ], [ 22.960922, 40.631195 ], [ 22.961086, 40.631007 ], [ 22.96125, 40.630808 ], [ 22.961462, 40.6305 ], [ 22.96193, 40.629772 ], [ 22.962072, 40.62956 ], [ 22.962365, 40.629124 ], [ 22.963414, 40.627591 ], [ 22.96358, 40.627334 ], [ 22.963595, 40.62731 ], [ 22.963877, 40.626878 ], [ 22.964101, 40.626534 ], [ 22.964292, 40.626242 ], [ 22.964608, 40.625756 ], [ 22.964291, 40.625662 ], [ 22.963388, 40.625628 ], [ 22.963089, 40.625627 ], [ 22.962913, 40.625626 ], [ 22.962202, 40.62563 ], [ 22.962096, 40.625624 ], [ 22.962027, 40.625608 ], [ 22.961662, 40.625514 ] ] ] } },
{ "type": "Feature", "properties": { "education_source": "education_8", "education_type": "School", "name": "13ο Γυμνάσιο Θεσσαλονίκης", "name_el": "13ο Γυμνάσιο Θεσσαλονίκης", "operator": null, "amenity": "school", "education": null, "office": null }, "geometry": { "type": "Polygon", "coordinates": [ [ [ 22.949864, 40.632475 ], [ 22.949832, 40.632441 ], [ 22.949745, 40.632346 ], [ 22.949618, 40.632413 ], [ 22.949691, 40.632492 ], [ 22.949559, 40.632562 ], [ 22.949689, 40.632704 ], [ 22.949775, 40.632796 ], [ 22.949804, 40.632829 ], [ 22.950063, 40.632691 ], [ 22.949963, 40.632583 ], [ 22.949864, 40.632475 ] ] ] } },
{ "type": "Feature", "properties": { "education_source": "education_8", "education_type": "School", "name": "34ο Δημοτικό Σχολείο Θεσσαλονίκης", "name_el": "34ο Δημοτικό Σχολείο Θεσσαλονίκης", "operator": null, "amenity": "school", "education": null, "office": null }, "geometry": { "type": "Polygon", "coordinates": [ [ [ 22.950813, 40.634123 ], [ 22.950931, 40.634141 ], [ 22.951171, 40.63402 ], [ 22.951141, 40.633978 ], [ 22.951311, 40.633879 ], [ 22.951142, 40.633684 ], [ 22.951016, 40.633747 ], [ 22.950924, 40.63366 ], [ 22.950886, 40.6337 ], [ 22.950761, 40.633679 ], [ 22.950635, 40.634086 ], [ 22.950813, 40.634123 ] ] ] } },
{ "type": "Feature", "properties": { "education_source": "education_8", "education_type": "School", "name": null, "name_el": null, "operator": null, "amenity": "school", "education": null, "office": null }, "geometry": { "type": "Polygon", "coordinates": [ [ [ 22.949183, 40.634903 ], [ 22.949516, 40.634735 ], [ 22.949601, 40.634686 ], [ 22.94949, 40.634567 ], [ 22.949377, 40.634629 ], [ 22.94921, 40.63472 ], [ 22.949083, 40.634788 ], [ 22.949183, 40.634903 ] ] ] } },
{ "type": "Feature", "properties": { "education_source": "education_8", "education_type": "School", "name": "3o Ενιαίο Λύκειο Θεσσαλονίκης", "name_el": null, "operator": null, "amenity": "school", "education": null, "office": null }, "geometry": { "type": "Polygon", "coordinates": [ [ [ 22.954979, 40.636489 ], [ 22.955087, 40.636432 ], [ 22.955827, 40.636088 ], [ 22.955664, 40.635903 ], [ 22.955589, 40.635818 ], [ 22.955553, 40.635777 ], [ 22.955399, 40.635603 ], [ 22.955251, 40.635682 ], [ 22.955087, 40.63589 ], [ 22.954789, 40.636275 ], [ 22.954979, 40.636489 ] ] ] } },
{ "type": "Feature", "properties": { "education_source": "education_8", "education_type": "School", "name": "36ο Δημοτικό Σχολείο Θεσσαλονίκης", "name_el": null, "operator": null, "amenity": "school", "education": null, "office": null }, "geometry": { "type": "Polygon", "coordinates": [ [ [ 22.948522, 40.63618 ], [ 22.948555, 40.636215 ], [ 22.948762, 40.63645 ], [ 22.948974, 40.636371 ], [ 22.949263, 40.636237 ], [ 22.949268, 40.636117 ], [ 22.948524, 40.636101 ], [ 22.948522, 40.63618 ] ] ] } },
{ "type": "Feature", "properties": { "education_source": "education_8", "education_type": "School", "name": "Δημοτικό και Γραφείο Π.Ε.", "name_el": null, "operator": null, "amenity": "school", "education": null, "office": null }, "geometry": { "type": "Polygon", "coordinates": [ [ [ 22.971128, 40.623343 ], [ 22.971128, 40.62336 ], [ 22.971188, 40.623361 ], [ 22.971189, 40.623346 ], [ 22.971556, 40.623351 ], [ 22.971558, 40.623248 ], [ 22.971248, 40.623244 ], [ 22.971163, 40.623243 ], [ 22.970829, 40.623239 ], [ 22.970827, 40.62334 ], [ 22.971128, 40.623343 ] ] ] } },
{ "type": "Feature", "properties": { "education_source": "education_8", "education_type": "School", "name": null, "name_el": null, "operator": null, "amenity": "school", "education": null, "office": null }, "geometry": { "type": "Polygon", "coordinates": [ [ [ 22.975671, 40.623535 ], [ 22.975351, 40.62359 ], [ 22.97551, 40.624157 ], [ 22.975816, 40.624109 ], [ 22.975671, 40.623535 ] ] ] } },
{ "type": "Feature", "properties": { "education_source": "education_3", "education_type": "University", "name": "Στρατιωτική Σχολή Αξιωματικών Σωμάτων", "name_el": "Στρατιωτική Σχολή Αξιωματικών Σωμάτων", "operator": null, "amenity": "university", "education": null, "office": null }, "geometry": { "type": "Polygon", "coordinates": [ [ [ 22.961113, 40.625231 ], [ 22.962047, 40.62551 ], [ 22.962244, 40.62552 ], [ 22.962582, 40.625515 ], [ 22.962825, 40.625513 ], [ 22.963046, 40.625513 ], [ 22.963416, 40.625513 ], [ 22.963551, 40.625322 ], [ 22.964145, 40.624473 ], [ 22.962675, 40.623878 ], [ 22.963046, 40.623362 ], [ 22.962396, 40.623222 ], [ 22.962352, 40.623351 ], [ 22.962299, 40.623505 ], [ 22.962246, 40.623635 ], [ 22.962214, 40.623705 ], [ 22.962172, 40.623777 ], [ 22.962132, 40.623836 ], [ 22.962023, 40.623986 ], [ 22.961756, 40.624322 ], [ 22.961621, 40.624482 ], [ 22.961055, 40.625171 ], [ 22.961056, 40.625189 ], [ 22.961113, 40.625231 ] ] ] } },
{ "type": "Feature", "properties": { "education_source": "education_3", "education_type": "University", "name": "Πανεπιστήμιο Μακεδονίας", "name_el": "Πανεπιστήμιο Μακεδονίας", "operator": null, "amenity": "university", "education": null, "office": null }, "geometry": { "type": "Polygon", "coordinates": [ [ [ 22.959369, 40.625871 ], [ 22.959846, 40.625882 ], [ 22.960049, 40.625886 ], [ 22.960367, 40.625431 ], [ 22.960833, 40.624844 ], [ 22.960058, 40.624534 ], [ 22.959112, 40.625798 ], [ 22.959369, 40.625871 ] ] ] } },
{ "type": "Feature", "properties": { "education_source": "education_8", "education_type": "School", "name": "11ο Γυμνάσιο & 11ο Λύκειο Θεσ/νίκης", "name_el": null, "operator": null, "amenity": "school", "education": null, "office": null }, "geometry": { "type": "Polygon", "coordinates": [ [ [ 22.970882, 40.627469 ], [ 22.970907, 40.627439 ], [ 22.971149, 40.627441 ], [ 22.971151, 40.627419 ], [ 22.971185, 40.627418 ], [ 22.971181, 40.627326 ], [ 22.970931, 40.627327 ], [ 22.970757, 40.627145 ], [ 22.970863, 40.627089 ], [ 22.970851, 40.627075 ], [ 22.970887, 40.627053 ], [ 22.970837, 40.626997 ], [ 22.97059, 40.627108 ], [ 22.970552, 40.627068 ], [ 22.970333, 40.627174 ], [ 22.970428, 40.627277 ], [ 22.970533, 40.627223 ], [ 22.970559, 40.62725 ], [ 22.970535, 40.627265 ], [ 22.970612, 40.627352 ], [ 22.970705, 40.627457 ], [ 22.970732, 40.627439 ], [ 22.97074, 40.627448 ], [ 22.970701, 40.627469 ], [ 22.970754, 40.627533 ], [ 22.970882, 40.627469 ] ] ] } },
{ "type": "Feature", "properties": { "education_source": "education_8", "education_type": "School", "name": null, "name_el": null, "operator": null, "amenity": "school", "education": null, "office": null }, "geometry": { "type": "Polygon", "coordinates": [ [ [ 22.971099, 40.626819 ], [ 22.971045, 40.626812 ], [ 22.970825, 40.626871 ], [ 22.970512, 40.62703 ], [ 22.970401, 40.627066 ], [ 22.97027, 40.627101 ], [ 22.970333, 40.627174 ], [ 22.970428, 40.627277 ], [ 22.970533, 40.627223 ], [ 22.970559, 40.62725 ], [ 22.970535, 40.627265 ], [ 22.970612, 40.627352 ], [ 22.970705, 40.627457 ], [ 22.970732, 40.627439 ], [ 22.97074, 40.627448 ], [ 22.970701, 40.627469 ], [ 22.970754, 40.627533 ], [ 22.970758, 40.627544 ], [ 22.970933, 40.627453 ], [ 22.971006, 40.62745 ], [ 22.971325, 40.627817 ], [ 22.971398, 40.627804 ], [ 22.971372, 40.627727 ], [ 22.971587, 40.627649 ], [ 22.971356, 40.627266 ], [ 22.971132, 40.626842 ], [ 22.971099, 40.626819 ] ] ] } },
{ "type": "Feature", "properties": { "education_source": "education_8", "education_type": "School", "name": null, "name_el": null, "operator": null, "amenity": "school", "education": null, "office": null }, "geometry": { "type": "Polygon", "coordinates": [ [ [ 22.967629, 40.631898 ], [ 22.967695, 40.631921 ], [ 22.967985, 40.632057 ], [ 22.96833, 40.632186 ], [ 22.968361, 40.632197 ], [ 22.968507, 40.631834 ], [ 22.968407, 40.631772 ], [ 22.968166, 40.631623 ], [ 22.968073, 40.631617 ], [ 22.967991, 40.631612 ], [ 22.967901, 40.631601 ], [ 22.967606, 40.631565 ], [ 22.967531, 40.631567 ], [ 22.966934, 40.631577 ], [ 22.966936, 40.631629 ], [ 22.966938, 40.631669 ], [ 22.967211, 40.631844 ], [ 22.967629, 40.631898 ] ] ] } },
{ "type": "Feature", "properties": { "education_source": "education_8", "education_type": "School", "name": null, "name_el": null, "operator": null, "amenity": "school", "education": null, "office": null }, "geometry": { "type": "Polygon", "coordinates": [ [ [ 22.959259, 40.636876 ], [ 22.959274, 40.636895 ], [ 22.959399, 40.637047 ], [ 22.959578, 40.637217 ], [ 22.960201, 40.636991 ], [ 22.96023, 40.636608 ], [ 22.960152, 40.636606 ], [ 22.960054, 40.636613 ], [ 22.959862, 40.636613 ], [ 22.959862, 40.636626 ], [ 22.959603, 40.636637 ], [ 22.959245, 40.636858 ], [ 22.959259, 40.636876 ] ] ] } },
{ "type": "Feature", "properties": { "education_source": "education_8", "education_type": "School", "name": "1ο Δημοτικό Σχολείο Αγίου Παύλου", "name_el": null, "operator": null, "amenity": "school", "education": null, "office": null }, "geometry": { "type": "Polygon", "coordinates": [ [ [ 22.964254, 40.637522 ], [ 22.964113, 40.637565 ], [ 22.963866, 40.637906 ], [ 22.963968, 40.638009 ], [ 22.964213, 40.638256 ], [ 22.964696, 40.637964 ], [ 22.964593, 40.637851 ], [ 22.964623, 40.637837 ], [ 22.96437, 40.637524 ], [ 22.964301, 40.63752 ], [ 22.964254, 40.637522 ] ] ] } },
{ "type": "Feature", "properties": { "education_source": "education_8", "education_type": "School", "name": "50ο Δημοτικό Σχολείο Θεσσαλονίκης", "name_el": "50ο Δημοτικό Σχολείο Θεσσαλονίκης", "operator": null, "amenity": "school", "education": null, "office": null }, "geometry": { "type": "Polygon", "coordinates": [ [ [ 22.959627, 40.642032 ], [ 22.959705, 40.641979 ], [ 22.959739, 40.641962 ], [ 22.959786, 40.641986 ], [ 22.95985, 40.642032 ], [ 22.959914, 40.642071 ], [ 22.959968, 40.64204 ], [ 22.960086, 40.641949 ], [ 22.960185, 40.641847 ], [ 22.95992, 40.641722 ], [ 22.959676, 40.641631 ], [ 22.959647, 40.641655 ], [ 22.959428, 40.641847 ], [ 22.959627, 40.642032 ] ] ] } },
{ "type": "Feature", "properties": { "education_source": "education_8", "education_type": "School", "name": "ΙΕΚ Ακμή", "name_el": "ΙΕΚ Ακμή", "operator": null, "amenity": "school", "education": null, "office": null }, "geometry": { "type": "Polygon", "coordinates": [ [ [ 22.93985, 40.63426 ], [ 22.939806, 40.634288 ], [ 22.939683, 40.634161 ], [ 22.939584, 40.634217 ], [ 22.93971, 40.634346 ], [ 22.939661, 40.634378 ], [ 22.939756, 40.634473 ], [ 22.939954, 40.634369 ], [ 22.93985, 40.63426 ] ] ] } },
{ "type": "Feature", "properties": { "education_source": "education_8", "education_type": "School", "name": "Πειραματικό Σχολείο Πανεπιστημίου Θεσσαλονίκης", "name_el": null, "operator": null, "amenity": "school", "education": null, "office": null }, "geometry": { "type": "Polygon", "coordinates": [ [ [ 22.948902, 40.636746 ], [ 22.948834, 40.636669 ], [ 22.948446, 40.636234 ], [ 22.948346, 40.636119 ], [ 22.947924, 40.636332 ], [ 22.948481, 40.636968 ], [ 22.948902, 40.636746 ] ] ] } },
{ "type": "Feature", "properties": { "education_source": "education_3", "education_type": "University", "name": "Τμήμα Δημοσιογραφίας ΑΠΘ", "name_el": null, "operator": null, "amenity": "university", "education": null, "office": null }, "geometry": { "type": "Polygon", "coordinates": [ [ [ 22.940535, 40.63763 ], [ 22.940552, 40.637622 ], [ 22.94046, 40.637522 ], [ 22.94043, 40.637535 ], [ 22.940403, 40.637508 ], [ 22.940205, 40.637612 ], [ 22.940231, 40.637645 ], [ 22.940208, 40.637658 ], [ 22.940294, 40.637758 ], [ 22.940535, 40.63763 ] ] ] } },
{ "type": "Feature", "properties": { "education_source": "education_8", "education_type": "School", "name": "4ο Γυμνάσιο - Λύκειο Θεσσαλονίκης", "name_el": null, "operator": null, "amenity": "school", "education": null, "office": null }, "geometry": { "type": "Polygon", "coordinates": [ [ [ 22.940435, 40.639493 ], [ 22.940697, 40.639775 ], [ 22.940739, 40.639819 ], [ 22.94079, 40.639872 ], [ 22.940881, 40.63981 ], [ 22.941471, 40.639493 ], [ 22.941458, 40.639479 ], [ 22.941326, 40.639338 ], [ 22.941383, 40.639307 ], [ 22.941358, 40.63928 ], [ 22.94139, 40.639262 ], [ 22.941334, 40.639202 ], [ 22.941141, 40.638994 ], [ 22.940471, 40.639347 ], [ 22.940356, 40.639407 ], [ 22.940435, 40.639493 ] ] ] } },
{ "type": "Feature", "properties": { "education_source": "education_8", "education_type": "School", "name": "51ο Δημοτικό Σχολείο Θεσσαλονίκης", "name_el": "51ο Δημοτικό Σχολείο Θεσσαλονίκης", "operator": null, "amenity": "school", "education": null, "office": null }, "geometry": { "type": "Polygon", "coordinates": [ [ [ 22.947267, 40.639856 ], [ 22.947257, 40.639845 ], [ 22.946877, 40.63944 ], [ 22.946674, 40.639541 ], [ 22.947013, 40.63989 ], [ 22.947078, 40.639958 ], [ 22.947267, 40.639856 ] ] ] } },
{ "type": "Feature", "properties": { "education_source": "education_8", "education_type": "School", "name": "53ο Δημοτικό και 32ο Νηπιαγωγείο", "name_el": null, "operator": null, "amenity": "school", "education": null, "office": null }, "geometry": { "type": "Polygon", "coordinates": [ [ [ 22.945846, 40.641971 ], [ 22.945939, 40.641924 ], [ 22.945727, 40.641679 ], [ 22.945588, 40.641536 ], [ 22.945351, 40.641659 ], [ 22.945698, 40.642045 ], [ 22.945846, 40.641971 ] ] ] } },
{ "type": "Feature", "properties": { "education_source": "education_8", "education_type": "School", "name": null, "name_el": null, "operator": null, "amenity": "school", "education": null, "office": null }, "geometry": { "type": "Polygon", "coordinates": [ [ [ 22.945939, 40.641924 ], [ 22.945727, 40.641679 ], [ 22.945634, 40.64173 ], [ 22.945846, 40.641971 ], [ 22.945939, 40.641924 ] ] ] } },
{ "type": "Feature", "properties": { "education_source": "education_8", "education_type": "School", "name": null, "name_el": null, "operator": null, "amenity": "school", "education": null, "office": null }, "geometry": { "type": "Polygon", "coordinates": [ [ [ 22.943302, 40.642656 ], [ 22.943325, 40.642651 ], [ 22.943689, 40.642558 ], [ 22.94423, 40.642421 ], [ 22.944212, 40.642381 ], [ 22.944166, 40.642285 ], [ 22.94403, 40.642088 ], [ 22.943993, 40.642048 ], [ 22.94394, 40.641991 ], [ 22.943867, 40.641925 ], [ 22.943757, 40.641821 ], [ 22.943499, 40.641964 ], [ 22.94328, 40.642076 ], [ 22.94338, 40.642191 ], [ 22.943537, 40.642375 ], [ 22.943482, 40.642403 ], [ 22.943204, 40.642548 ], [ 22.943302, 40.642656 ] ] ] } },
{ "type": "Feature", "properties": { "education_source": "education_8", "education_type": "School", "name": "26ο και 32ο Γυμνάσιο, 23ο Λύκειο Θεσσαλονίκης", "name_el": null, "operator": null, "amenity": "school", "education": null, "office": null }, "geometry": { "type": "Polygon", "coordinates": [ [ [ 22.94371, 40.642331 ], [ 22.943527, 40.642116 ], [ 22.943416, 40.642172 ], [ 22.943624, 40.642416 ], [ 22.943538, 40.642434 ], [ 22.94344, 40.642494 ], [ 22.943443, 40.642525 ], [ 22.943345, 40.642552 ], [ 22.943294, 40.642583 ], [ 22.943325, 40.642651 ], [ 22.943689, 40.642558 ], [ 22.943685, 40.642541 ], [ 22.94418, 40.642415 ], [ 22.944125, 40.642299 ], [ 22.943766, 40.642392 ], [ 22.943749, 40.642357 ], [ 22.943724, 40.642328 ], [ 22.94371, 40.642331 ] ] ] } },
{ "type": "Feature", "properties": { "education_source": "education_8", "education_type": "School", "name": "54ο Δημοτικό Σχολείο Θεσσαλονίκης", "name_el": null, "operator": null, "amenity": "school", "education": null, "office": null }, "geometry": { "type": "Polygon", "coordinates": [ [ [ 22.945219, 40.642764 ], [ 22.945201, 40.642706 ], [ 22.945166, 40.642651 ], [ 22.945114, 40.642583 ], [ 22.945077, 40.642551 ], [ 22.945035, 40.642563 ], [ 22.944995, 40.642523 ], [ 22.944953, 40.642423 ], [ 22.94469, 40.642493 ], [ 22.944796, 40.642751 ], [ 22.944838, 40.642853 ], [ 22.94484, 40.642858 ], [ 22.945219, 40.642764 ] ] ] } },
{ "type": "Feature", "properties": { "education_source": "education_8", "education_type": "School", "name": "37ο Δημοτικό & 64ο Νηπιαγωγείο Θεσσαλονίκης", "name_el": null, "operator": null, "amenity": "school", "education": null, "office": null }, "geometry": { "type": "Polygon", "coordinates": [ [ [ 22.949354, 40.637099 ], [ 22.949373, 40.63712 ], [ 22.949476, 40.63707 ], [ 22.949615, 40.636625 ], [ 22.949569, 40.636574 ], [ 22.949208, 40.636764 ], [ 22.949102, 40.636821 ], [ 22.949354, 40.637099 ] ] ] } },
{ "type": "Feature", "properties": { "education_source": "education_8", "education_type": "School", "name": null, "name_el": null, "operator": null, "amenity": "school", "education": null, "office": null }, "geometry": { "type": "Polygon", "coordinates": [ [ [ 22.952136, 40.639084 ], [ 22.95222, 40.638996 ], [ 22.952348, 40.638848 ], [ 22.952278, 40.638793 ], [ 22.952159, 40.638697 ], [ 22.952073, 40.638729 ], [ 22.951994, 40.63861 ], [ 22.951454, 40.63885 ], [ 22.951547, 40.638883 ], [ 22.952136, 40.639084 ] ] ] } },
{ "type": "Feature", "properties": { "education_source": "education_8", "education_type": "School", "name": "7ο Γυμνάσιο Θεσσαλονίκης", "name_el": "7ο Γυμνάσιο Θεσσαλονίκης", "operator": null, "amenity": "school", "education": null, "office": null }, "geometry": { "type": "Polygon", "coordinates": [ [ [ 22.959119, 40.63906 ], [ 22.959228, 40.639166 ], [ 22.959434, 40.639238 ], [ 22.959665, 40.639235 ], [ 22.959658, 40.639183 ], [ 22.959652, 40.63914 ], [ 22.959874, 40.639051 ], [ 22.959701, 40.638857 ], [ 22.959605, 40.638746 ], [ 22.959452, 40.638829 ], [ 22.959085, 40.639021 ], [ 22.959119, 40.63906 ] ] ] } },
{ "type": "Feature", "properties": { "education_source": "education_8", "education_type": "School", "name": null, "name_el": null, "operator": null, "amenity": "school", "education": null, "office": null }, "geometry": { "type": "Polygon", "coordinates": [ [ [ 22.956885, 40.64526 ], [ 22.957297, 40.645238 ], [ 22.957355, 40.645106 ], [ 22.957443, 40.644917 ], [ 22.957486, 40.644823 ], [ 22.95771, 40.644839 ], [ 22.957734, 40.644564 ], [ 22.957193, 40.644532 ], [ 22.956885, 40.64526 ] ] ] } },
{ "type": "Feature", "properties": { "education_source": "education_8", "education_type": "School", "name": null, "name_el": null, "operator": null, "amenity": "school", "education": null, "office": null }, "geometry": { "type": "Polygon", "coordinates": [ [ [ 22.958585, 40.64495 ], [ 22.95856, 40.645116 ], [ 22.958561, 40.645322 ], [ 22.958809, 40.64532 ], [ 22.958899, 40.645316 ], [ 22.959236, 40.645301 ], [ 22.959374, 40.645267 ], [ 22.959475, 40.645249 ], [ 22.959792, 40.645247 ], [ 22.959805, 40.645235 ], [ 22.959952, 40.64471 ], [ 22.95995, 40.644683 ], [ 22.959939, 40.64466 ], [ 22.959435, 40.644558 ], [ 22.95869, 40.644604 ], [ 22.958716, 40.644869 ], [ 22.958587, 40.644889 ], [ 22.958585, 40.64495 ] ] ] } },
{ "type": "Feature", "properties": { "education_source": "education_8", "education_type": "School", "name": "1ο Γυμνάσιο Συκεών", "name_el": null, "operator": null, "amenity": "school", "education": null, "office": null }, "geometry": { "type": "Polygon", "coordinates": [ [ [ 22.957029, 40.645249 ], [ 22.957044, 40.645218 ], [ 22.957124, 40.645241 ], [ 22.957138, 40.645211 ], [ 22.957208, 40.64523 ], [ 22.957248, 40.645146 ], [ 22.957303, 40.64516 ], [ 22.957327, 40.645099 ], [ 22.957355, 40.645106 ], [ 22.957443, 40.644917 ], [ 22.957414, 40.644911 ], [ 22.95745, 40.644847 ], [ 22.95745, 40.644837 ], [ 22.957423, 40.644835 ], [ 22.957434, 40.644783 ], [ 22.957463, 40.644785 ], [ 22.957486, 40.644661 ], [ 22.957333, 40.644625 ], [ 22.957217, 40.644876 ], [ 22.957287, 40.644891 ], [ 22.957213, 40.645058 ], [ 22.957083, 40.645022 ], [ 22.957022, 40.64515 ], [ 22.956988, 40.64514 ], [ 22.956946, 40.645227 ], [ 22.957029, 40.645249 ] ] ] } },
{ "type": "Feature", "properties": { "education_source": "education_8", "education_type": "School", "name": "2ο Λύκειο Συκεών", "name_el": null, "operator": null, "amenity": "school", "education": null, "office": null }, "geometry": { "type": "Polygon", "coordinates": [ [ [ 22.958709, 40.64521 ], [ 22.95871, 40.645242 ], [ 22.958902, 40.645241 ], [ 22.958902, 40.64521 ], [ 22.959069, 40.645209 ], [ 22.959069, 40.645229 ], [ 22.959259, 40.645227 ], [ 22.959258, 40.645204 ], [ 22.959413, 40.645203 ], [ 22.959413, 40.645234 ], [ 22.959609, 40.645232 ], [ 22.959608, 40.645192 ], [ 22.959701, 40.645191 ], [ 22.959699, 40.645089 ], [ 22.959659, 40.645089 ], [ 22.959658, 40.645022 ], [ 22.959451, 40.645023 ], [ 22.959451, 40.64499 ], [ 22.959064, 40.644993 ], [ 22.959064, 40.645019 ], [ 22.958894, 40.64502 ], [ 22.958894, 40.645054 ], [ 22.958675, 40.645055 ], [ 22.958676, 40.645127 ], [ 22.958626, 40.645128 ], [ 22.958627, 40.645211 ], [ 22.958709, 40.64521 ] ] ] } },
{ "type": "Feature", "properties": { "education_source": "education_8", "education_type": "School", "name": null, "name_el": null, "operator": null, "amenity": "school", "education": null, "office": null }, "geometry": { "type": "Polygon", "coordinates": [ [ [ 22.95396, 40.647322 ], [ 22.954226, 40.647217 ], [ 22.954382, 40.647154 ], [ 22.954424, 40.647082 ], [ 22.954448, 40.64704 ], [ 22.954425, 40.647003 ], [ 22.954333, 40.646873 ], [ 22.95402, 40.647 ], [ 22.953941, 40.647032 ], [ 22.953716, 40.647124 ], [ 22.953409, 40.647243 ], [ 22.953503, 40.64742 ], [ 22.953537, 40.647485 ], [ 22.95396, 40.647322 ] ] ] } },
{ "type": "Feature", "properties": { "education_source": "education_8", "education_type": "School", "name": null, "name_el": null, "operator": null, "amenity": "school", "education": null, "office": null }, "geometry": { "type": "Polygon", "coordinates": [ [ [ 22.956381, 40.647442 ], [ 22.956413, 40.64743 ], [ 22.956437, 40.647466 ], [ 22.956687, 40.647375 ], [ 22.956666, 40.647342 ], [ 22.956837, 40.647279 ], [ 22.956692, 40.64705 ], [ 22.956237, 40.647216 ], [ 22.956381, 40.647442 ] ], [ [ 22.956451, 40.647237 ], [ 22.956556, 40.647201 ], [ 22.956585, 40.647249 ], [ 22.956481, 40.647286 ], [ 22.956451, 40.647237 ] ] ] } },
{ "type": "Feature", "properties": { "education_source": "education_8", "education_type": "School", "name": "2ο Δημοτικό Σχολείο Συκεών", "name_el": null, "operator": null, "amenity": "school", "education": null, "office": null }, "geometry": { "type": "Polygon", "coordinates": [ [ [ 22.955873, 40.647694 ], [ 22.956003, 40.647643 ], [ 22.956297, 40.647525 ], [ 22.956687, 40.647375 ], [ 22.956748, 40.647337 ], [ 22.956811, 40.647299 ], [ 22.956844, 40.647281 ], [ 22.956895, 40.647239 ], [ 22.95699, 40.647144 ], [ 22.957002, 40.64711 ], [ 22.957009, 40.647061 ], [ 22.956999, 40.647025 ], [ 22.956914, 40.646891 ], [ 22.956707, 40.64696 ], [ 22.956572, 40.646997 ], [ 22.956448, 40.64703 ], [ 22.956342, 40.647054 ], [ 22.956154, 40.647097 ], [ 22.955795, 40.647168 ], [ 22.955756, 40.647171 ], [ 22.955731, 40.647172 ], [ 22.955789, 40.647697 ], [ 22.955873, 40.647694 ] ] ] } },
{ "type": "Feature", "properties": { "education_source": "education_8", "education_type": "School", "name": null, "name_el": null, "operator": null, "amenity": "school", "education": null, "office": null }, "geometry": { "type": "Polygon", "coordinates": [ [ [ 22.944518, 40.65363 ], [ 22.945273, 40.654067 ], [ 22.945799, 40.653556 ], [ 22.945726, 40.653515 ], [ 22.945611, 40.65353 ], [ 22.945275, 40.653343 ], [ 22.945111, 40.653394 ], [ 22.945056, 40.653459 ], [ 22.945, 40.65343 ], [ 22.944984, 40.653435 ], [ 22.94469, 40.653536 ], [ 22.944673, 40.653525 ], [ 22.944598, 40.653548 ], [ 22.944518, 40.65363 ] ] ] } },
{ "type": "Feature", "properties": { "education_source": "education_8", "education_type": "School", "name": "8ο Δημοτικό Σχολείο Νεάπολης", "name_el": null, "operator": null, "amenity": "school", "education": null, "office": null }, "geometry": { "type": "Polygon", "coordinates": [ [ [ 22.946656, 40.654817 ], [ 22.946668, 40.654823 ], [ 22.946692, 40.654836 ], [ 22.946915, 40.654607 ], [ 22.947086, 40.654699 ], [ 22.94716, 40.65474 ], [ 22.947251, 40.654797 ], [ 22.947713, 40.654307 ], [ 22.947439, 40.654151 ], [ 22.947246, 40.654054 ], [ 22.94721, 40.654035 ], [ 22.947189, 40.654042 ], [ 22.94708, 40.654138 ], [ 22.946681, 40.654535 ], [ 22.946491, 40.654724 ], [ 22.946656, 40.654817 ] ] ] } },
{ "type": "Feature", "properties": { "education_source": "education_8", "education_type": "School", "name": null, "name_el": null, "operator": null, "amenity": "school", "education": null, "office": null }, "geometry": { "type": "Polygon", "coordinates": [ [ [ 22.947127, 40.655078 ], [ 22.947136, 40.655093 ], [ 22.94754, 40.655204 ], [ 22.947901, 40.654819 ], [ 22.947557, 40.654627 ], [ 22.947279, 40.654915 ], [ 22.94726, 40.654967 ], [ 22.947229, 40.654992 ], [ 22.94719, 40.654999 ], [ 22.947127, 40.655078 ] ] ] } },
{ "type": "Feature", "properties": { "education_source": "education_8", "education_type": "School", "name": "1ο Γενικό Λύκειο Νεάπολης", "name_el": "1ο Γενικό Λύκειο Νεάπολης", "operator": null, "amenity": "school", "education": null, "office": null }, "geometry": { "type": "Polygon", "coordinates": [ [ [ 22.942899, 40.654617 ], [ 22.942514, 40.654987 ], [ 22.942492, 40.655008 ], [ 22.942341, 40.654959 ], [ 22.942259, 40.654961 ], [ 22.942244, 40.655002 ], [ 22.942186, 40.655255 ], [ 22.942229, 40.655288 ], [ 22.942318, 40.655273 ], [ 22.942425, 40.655275 ], [ 22.94269, 40.655288 ], [ 22.943524, 40.655187 ], [ 22.943673, 40.655044 ], [ 22.94369, 40.655024 ], [ 22.944074, 40.654648 ], [ 22.943964, 40.654574 ], [ 22.943319, 40.654835 ], [ 22.943284, 40.65485 ], [ 22.942899, 40.654617 ] ] ] } },
{ "type": "Feature", "properties": { "education_source": "education_8", "education_type": "School", "name": "4ο & 5ο γυμνάσιο Νεάπολης", "name_el": "4ο & 5ο γυμνάσιο Νεάπολης", "operator": null, "amenity": "school", "education": null, "office": null }, "geometry": { "type": "Polygon", "coordinates": [ [ [ 22.947698, 40.655101 ], [ 22.947583, 40.655224 ], [ 22.948196, 40.655564 ], [ 22.948951, 40.655976 ], [ 22.948997, 40.655775 ], [ 22.949072, 40.655476 ], [ 22.949071, 40.655469 ], [ 22.948971, 40.655411 ], [ 22.948874, 40.655356 ], [ 22.947946, 40.654842 ], [ 22.947698, 40.655101 ] ] ] } },
{ "type": "Feature", "properties": { "education_source": "education_8", "education_type": "School", "name": "3ο & 5ο Δημοτικό Σχολείο Νεάπολης", "name_el": null, "operator": null, "amenity": "school", "education": null, "office": null }, "geometry": { "type": "Polygon", "coordinates": [ [ [ 22.937677, 40.656272 ], [ 22.937725, 40.655826 ], [ 22.937115, 40.655785 ], [ 22.937063, 40.656227 ], [ 22.937677, 40.656272 ] ] ] } },
{ "type": "Feature", "properties": { "education_source": "education_8", "education_type": "School", "name": "1ο & 3ο Γυμνάσιο Νεάπολης", "name_el": null, "operator": null, "amenity": "school", "education": null, "office": null }, "geometry": { "type": "Polygon", "coordinates": [ [ [ 22.941902, 40.657101 ], [ 22.942151, 40.656821 ], [ 22.94216, 40.656771 ], [ 22.942402, 40.656791 ], [ 22.942514, 40.6568 ], [ 22.942525, 40.65677 ], [ 22.942569, 40.656654 ], [ 22.942814, 40.655968 ], [ 22.942765, 40.655779 ], [ 22.942615, 40.655671 ], [ 22.942419, 40.655531 ], [ 22.942272, 40.655537 ], [ 22.942183, 40.655567 ], [ 22.942122, 40.655635 ], [ 22.941928, 40.656656 ], [ 22.941919, 40.656705 ], [ 22.941897, 40.656873 ], [ 22.941891, 40.656941 ], [ 22.941902, 40.657101 ] ] ] } },
{ "type": "Feature", "properties": { "education_source": "education_8", "education_type": "School", "name": "Δημοτικός Παιδικός Σταθμός", "name_el": null, "operator": null, "amenity": "school", "education": null, "office": null }, "geometry": { "type": "Polygon", "coordinates": [ [ [ 22.938331, 40.656655 ], [ 22.938356, 40.65642 ], [ 22.938088, 40.656401 ], [ 22.938061, 40.656637 ], [ 22.938331, 40.656655 ] ] ] } },
{ "type": "Feature", "properties": { "education_source": "education_8", "education_type": "School", "name": "5ο Νηπιαγωγείο", "name_el": null, "operator": null, "amenity": "school", "education": null, "office": null }, "geometry": { "type": "Polygon", "coordinates": [ [ [ 22.937748, 40.656624 ], [ 22.937743, 40.656774 ], [ 22.938324, 40.656772 ], [ 22.93833, 40.656675 ], [ 22.938331, 40.656655 ], [ 22.938061, 40.656637 ], [ 22.937748, 40.656624 ] ] ] } },
{ "type": "Feature", "properties": { "education_source": "education_8", "education_type": "School", "name": "Σχολικό συγκρότημα Στρεμπενιώτη", "name_el": null, "operator": null, "amenity": "school", "education": null, "office": null }, "geometry": { "type": "Polygon", "coordinates": [ [ [ 22.942642, 40.657665 ], [ 22.942901, 40.657686 ], [ 22.943313, 40.657686 ], [ 22.94353, 40.657674 ], [ 22.943535, 40.657637 ], [ 22.943616, 40.657639 ], [ 22.943694, 40.65766 ], [ 22.943942, 40.657631 ], [ 22.945099, 40.657493 ], [ 22.945226, 40.65748 ], [ 22.945863, 40.656875 ], [ 22.944577, 40.656165 ], [ 22.944367, 40.656379 ], [ 22.944415, 40.656407 ], [ 22.9439, 40.65691 ], [ 22.943745, 40.657063 ], [ 22.943079, 40.656698 ], [ 22.942272, 40.657551 ], [ 22.942362, 40.657597 ], [ 22.942476, 40.657643 ], [ 22.942642, 40.657665 ] ] ] } },
{ "type": "Feature", "properties": { "education_source": "education_8", "education_type": "School", "name": "3o Δημοτικό Σχολείο / Διθέσιο Νηπιαγωγείο", "name_el": null, "operator": null, "amenity": "school", "education": null, "office": null }, "geometry": { "type": "Polygon", "coordinates": [ [ [ 22.946896, 40.657363 ], [ 22.947006, 40.65734 ], [ 22.94751, 40.65723 ], [ 22.947484, 40.657171 ], [ 22.947552, 40.657156 ], [ 22.947582, 40.657135 ], [ 22.947594, 40.657118 ], [ 22.947596, 40.657088 ], [ 22.947582, 40.657051 ], [ 22.947587, 40.657024 ], [ 22.94763, 40.656962 ], [ 22.947617, 40.656874 ], [ 22.947404, 40.65688 ], [ 22.947006, 40.656865 ], [ 22.946774, 40.656842 ], [ 22.946623, 40.656819 ], [ 22.946555, 40.656808 ], [ 22.946359, 40.656927 ], [ 22.946209, 40.657008 ], [ 22.946451, 40.657453 ], [ 22.946896, 40.657363 ] ] ] } },
{ "type": "Feature", "properties": { "education_source": "education_4", "education_type": "Training institute", "name": "Πνευματικό Κέντρο Δήμου Πολίχνης", "name_el": "Ένωση Ποντίων Πολίχνης", "operator": null, "amenity": null, "education": null, "office": "educational_institution" }, "geometry": { "type": "Polygon", "coordinates": [ [ [ 22.946781, 40.659512 ], [ 22.946917, 40.659506 ], [ 22.946916, 40.659488 ], [ 22.946984, 40.659485 ], [ 22.946977, 40.659401 ], [ 22.946937, 40.659403 ], [ 22.946934, 40.659366 ], [ 22.9468, 40.659373 ], [ 22.946802, 40.659406 ], [ 22.946754, 40.659409 ], [ 22.946759, 40.659469 ], [ 22.946778, 40.659468 ], [ 22.946781, 40.659512 ] ] ] } },
{ "type": "Feature", "properties": { "education_source": "education_8", "education_type": "School", "name": null, "name_el": null, "operator": null, "amenity": "school", "education": null, "office": null }, "geometry": { "type": "Polygon", "coordinates": [ [ [ 22.933954, 40.661453 ], [ 22.934305, 40.661336 ], [ 22.934123, 40.661021 ], [ 22.933963, 40.661074 ], [ 22.934028, 40.661185 ], [ 22.933949, 40.661212 ], [ 22.933966, 40.661241 ], [ 22.933853, 40.661279 ], [ 22.933954, 40.661453 ] ] ] } },
{ "type": "Feature", "properties": { "education_source": "education_8", "education_type": "School", "name": "ΕΕΕΕΚ Παύλου Μελά", "name_el": null, "operator": null, "amenity": "school", "education": null, "office": null }, "geometry": { "type": "Polygon", "coordinates": [ [ [ 22.934421, 40.661359 ], [ 22.934276, 40.661108 ], [ 22.934122, 40.66116 ], [ 22.934022, 40.660987 ], [ 22.933656, 40.661105 ], [ 22.93384, 40.661424 ], [ 22.933901, 40.661531 ], [ 22.934421, 40.661359 ] ] ] } },
{ "type": "Feature", "properties": { "education_source": "education_8", "education_type": "School", "name": "1ο Γυμνάσιο & 1ο Λύκειο Σταυρούπολης", "name_el": "1ο Γυμνάσιο & 1ο Λύκειο Σταυρούπολης", "operator": null, "amenity": "school", "education": null, "office": null }, "geometry": { "type": "Polygon", "coordinates": [ [ [ 22.93496, 40.662045 ], [ 22.935505, 40.661845 ], [ 22.935477, 40.661729 ], [ 22.935415, 40.661471 ], [ 22.935381, 40.66133 ], [ 22.935302, 40.661233 ], [ 22.935151, 40.661184 ], [ 22.93511, 40.661198 ], [ 22.934616, 40.661364 ], [ 22.934262, 40.661482 ], [ 22.934558, 40.661961 ], [ 22.934671, 40.662143 ], [ 22.93496, 40.662045 ] ] ] } },
{ "type": "Feature", "properties": { "education_source": "education_8", "education_type": "School", "name": "1ο Γυμνάσιο Σταυρούπολης", "name_el": "1ο Γυμνάσιο Σταυρούπολης", "operator": null, "amenity": "school", "education": null, "office": null }, "geometry": { "type": "Polygon", "coordinates": [ [ [ 22.934859, 40.661832 ], [ 22.934761, 40.661661 ], [ 22.934618, 40.661413 ], [ 22.934479, 40.661458 ], [ 22.934593, 40.661656 ], [ 22.934553, 40.661669 ], [ 22.934585, 40.661726 ], [ 22.934516, 40.661749 ], [ 22.934623, 40.661936 ], [ 22.934871, 40.661854 ], [ 22.934859, 40.661832 ] ] ] } },
{ "type": "Feature", "properties": { "education_source": "education_8", "education_type": "School", "name": "1ο Γενικό Λύκειο Σταυρούπολης", "name_el": "1ο Γενικό Λύκειο Σταυρούπολης", "operator": null, "amenity": "school", "education": null, "office": null }, "geometry": { "type": "Polygon", "coordinates": [ [ [ 22.934719, 40.662061 ], [ 22.935125, 40.661931 ], [ 22.935068, 40.66183 ], [ 22.935066, 40.661825 ], [ 22.935038, 40.661775 ], [ 22.934936, 40.661807 ], [ 22.934877, 40.661826 ], [ 22.934892, 40.661852 ], [ 22.934646, 40.661931 ], [ 22.934719, 40.662061 ] ] ] } },
{ "type": "Feature", "properties": { "education_source": "education_8", "education_type": "School", "name": "14ο Δημοτικό Σχολείο Πολίχνης", "name_el": null, "operator": null, "amenity": "school", "education": null, "office": null }, "geometry": { "type": "Polygon", "coordinates": [ [ [ 22.941295, 40.663423 ], [ 22.942307, 40.663302 ], [ 22.942117, 40.662628 ], [ 22.941119, 40.662745 ], [ 22.941295, 40.663423 ] ] ] } },
{ "type": "Feature", "properties": { "education_source": "education_8", "education_type": "School", "name": "3ο Γυμνάσιο Σταυρούπολης", "name_el": "3ο Γυμνάσιο Σταυρούπολης", "operator": null, "amenity": "school", "education": null, "office": null }, "geometry": { "type": "Polygon", "coordinates": [ [ [ 22.939869, 40.663931 ], [ 22.939884, 40.663965 ], [ 22.940051, 40.663921 ], [ 22.940017, 40.663839 ], [ 22.939982, 40.663847 ], [ 22.939963, 40.663805 ], [ 22.939979, 40.663801 ], [ 22.939942, 40.66372 ], [ 22.939793, 40.663759 ], [ 22.939808, 40.663792 ], [ 22.939768, 40.663802 ], [ 22.939832, 40.663941 ], [ 22.939869, 40.663931 ] ] ] } },
{ "type": "Feature", "properties": { "education_source": "education_8", "education_type": "School", "name": "1ο Δημοτικό Σχολείο Σταυρούπολης", "name_el": "1ο Δημοτικό Σχολείο Σταυρούπολης", "operator": null, "amenity": "school", "education": null, "office": null }, "geometry": { "type": "Polygon", "coordinates": [ [ [ 22.938813, 40.663873 ], [ 22.938899, 40.664078 ], [ 22.938928, 40.664148 ], [ 22.939014, 40.664351 ], [ 22.939112, 40.664327 ], [ 22.939267, 40.66429 ], [ 22.939319, 40.664277 ], [ 22.939466, 40.664242 ], [ 22.939653, 40.664197 ], [ 22.939845, 40.66415 ], [ 22.940062, 40.664098 ], [ 22.940119, 40.664084 ], [ 22.940059, 40.66394 ], [ 22.940051, 40.663921 ], [ 22.940017, 40.663839 ], [ 22.939943, 40.663664 ], [ 22.939919, 40.663606 ], [ 22.938813, 40.663873 ] ] ] } },
{ "type": "Feature", "properties": { "education_source": "education_8", "education_type": "School", "name": null, "name_el": null, "operator": null, "amenity": "school", "education": null, "office": null }, "geometry": { "type": "Polygon", "coordinates": [ [ [ 22.949213, 40.649997 ], [ 22.949259, 40.649971 ], [ 22.949271, 40.649984 ], [ 22.949282, 40.649995 ], [ 22.949229, 40.65002 ], [ 22.949612, 40.650403 ], [ 22.94962, 40.650398 ], [ 22.949615, 40.650391 ], [ 22.949628, 40.650381 ], [ 22.949646, 40.65037 ], [ 22.949655, 40.650375 ], [ 22.950161, 40.650045 ], [ 22.950151, 40.650033 ], [ 22.950139, 40.650016 ], [ 22.950367, 40.649921 ], [ 22.950182, 40.649668 ], [ 22.950147, 40.649646 ], [ 22.950142, 40.64964 ], [ 22.949731, 40.649692 ], [ 22.94963, 40.649706 ], [ 22.949619, 40.649741 ], [ 22.949567, 40.649745 ], [ 22.949521, 40.649749 ], [ 22.949516, 40.649733 ], [ 22.949451, 40.649737 ], [ 22.94942, 40.64975 ], [ 22.949128, 40.649909 ], [ 22.949213, 40.649997 ] ] ] } },
{ "type": "Feature", "properties": { "education_source": "education_8", "education_type": "School", "name": "2ο Δημοτικό Σχολείο Πολίχνης", "name_el": null, "operator": null, "amenity": "school", "education": null, "office": null }, "geometry": { "type": "Polygon", "coordinates": [ [ [ 22.958614, 40.656109 ], [ 22.958647, 40.656079 ], [ 22.958649, 40.656063 ], [ 22.958635, 40.656053 ], [ 22.958621, 40.65605 ], [ 22.95751, 40.656042 ], [ 22.95751, 40.65617 ], [ 22.957508, 40.656289 ], [ 22.957504, 40.656425 ], [ 22.957746, 40.656649 ], [ 22.958614, 40.656109 ] ] ] } },
{ "type": "Feature", "properties": { "education_source": "education_8", "education_type": "School", "name": "13ο Δημοτικό Σχολείο Πολίχνης", "name_el": null, "operator": null, "amenity": "school", "education": null, "office": null }, "geometry": { "type": "Polygon", "coordinates": [ [ [ 22.955514, 40.662089 ], [ 22.955498, 40.662024 ], [ 22.955394, 40.661624 ], [ 22.95531, 40.661616 ], [ 22.954881, 40.661574 ], [ 22.954803, 40.661823 ], [ 22.954741, 40.661813 ], [ 22.954664, 40.662079 ], [ 22.954588, 40.662325 ], [ 22.954781, 40.662367 ], [ 22.955514, 40.662089 ] ] ] } },
{ "type": "Feature", "properties": { "education_source": "education_8", "education_type": "School", "name": "2ος Δημοτικός Παιδικός Σταθμός Πολίχνης", "name_el": null, "operator": null, "amenity": "school", "education": null, "office": null }, "geometry": { "type": "Polygon", "coordinates": [ [ [ 22.954571, 40.663162 ], [ 22.954717, 40.662735 ], [ 22.954328, 40.662664 ], [ 22.954201, 40.6631 ], [ 22.954571, 40.663162 ] ] ] } },
{ "type": "Feature", "properties": { "education_source": "education_8", "education_type": "School", "name": "4ο Γυμνάσιο Πολίχνης", "name_el": null, "operator": null, "amenity": "school", "education": null, "office": null }, "geometry": { "type": "Polygon", "coordinates": [ [ [ 22.959995, 40.663024 ], [ 22.959692, 40.662817 ], [ 22.959466, 40.662663 ], [ 22.959155, 40.662935 ], [ 22.958887, 40.663177 ], [ 22.958708, 40.663351 ], [ 22.958977, 40.663531 ], [ 22.95864, 40.663831 ], [ 22.958888, 40.663995 ], [ 22.959114, 40.663794 ], [ 22.959934, 40.663076 ], [ 22.959995, 40.663024 ] ] ] } },
{ "type": "Feature", "properties": { "education_source": "education_8", "education_type": "School", "name": "1ο και 10ο Δημοτικό Σχολείο", "name_el": null, "operator": null, "amenity": "school", "education": null, "office": null }, "geometry": { "type": "Polygon", "coordinates": [ [ [ 22.948359, 40.663602 ], [ 22.948619, 40.663562 ], [ 22.948611, 40.663205 ], [ 22.949448, 40.663213 ], [ 22.949434, 40.662955 ], [ 22.947948, 40.662872 ], [ 22.947808, 40.663134 ], [ 22.948359, 40.663602 ] ] ] } },
{ "type": "Feature", "properties": { "education_source": "education_8", "education_type": "School", "name": "14ο Δημοτικό Σχολείο Πολίχνης", "name_el": null, "operator": null, "amenity": "school", "education": null, "office": null }, "geometry": { "type": "Polygon", "coordinates": [ [ [ 22.951304, 40.666371 ], [ 22.95135, 40.6665 ], [ 22.951531, 40.666462 ], [ 22.951508, 40.666396 ], [ 22.951838, 40.666328 ], [ 22.951778, 40.66616 ], [ 22.951266, 40.666265 ], [ 22.951279, 40.666299 ], [ 22.951241, 40.666307 ], [ 22.951267, 40.666379 ], [ 22.951304, 40.666371 ] ] ] } },
{ "type": "Feature", "properties": { "education_source": "education_8", "education_type": "School", "name": null, "name_el": null, "operator": null, "amenity": "school", "education": null, "office": null }, "geometry": { "type": "Polygon", "coordinates": [ [ [ 22.951222, 40.66654 ], [ 22.951306, 40.666523 ], [ 22.951436, 40.666497 ], [ 22.951537, 40.6668 ], [ 22.952031, 40.666701 ], [ 22.951814, 40.666106 ], [ 22.951069, 40.666271 ], [ 22.951162, 40.666552 ], [ 22.951222, 40.66654 ] ] ] } },
{ "type": "Feature", "properties": { "education_source": "education_8", "education_type": "School", "name": null, "name_el": null, "operator": null, "amenity": "school", "education": null, "office": null }, "geometry": { "type": "Polygon", "coordinates": [ [ [ 22.953678, 40.667252 ], [ 22.95416, 40.666978 ], [ 22.95408, 40.666898 ], [ 22.953853, 40.666672 ], [ 22.953178, 40.666803 ], [ 22.953196, 40.66685 ], [ 22.953095, 40.666911 ], [ 22.953383, 40.667188 ], [ 22.953485, 40.667128 ], [ 22.95363, 40.667275 ], [ 22.953678, 40.667252 ] ] ] } },
{ "type": "Feature", "properties": { "education_source": "education_8", "education_type": "School", "name": "2ο Δημοτικό Σχολείο Ευκαρπίας", "name_el": null, "operator": null, "amenity": "school", "education": null, "office": null }, "geometry": { "type": "Polygon", "coordinates": [ [ [ 22.94944, 40.681402 ], [ 22.949299, 40.680809 ], [ 22.949117, 40.680833 ], [ 22.94833, 40.680939 ], [ 22.948382, 40.681167 ], [ 22.948869, 40.681491 ], [ 22.94944, 40.681402 ] ] ] } },
{ "type": "Feature", "properties": { "education_source": "education_8", "education_type": "School", "name": "2ο Γυμνάσιο Συκεών", "name_el": null, "operator": null, "amenity": "school", "education": null, "office": null }, "geometry": { "type": "Polygon", "coordinates": [ [ [ 22.96217, 40.645607 ], [ 22.962143, 40.6456 ], [ 22.962169, 40.645542 ], [ 22.962144, 40.645534 ], [ 22.962166, 40.645495 ], [ 22.962141, 40.645489 ], [ 22.962171, 40.645424 ], [ 22.961716, 40.645311 ], [ 22.961687, 40.645375 ], [ 22.961929, 40.645435 ], [ 22.961928, 40.645638 ], [ 22.962013, 40.645642 ], [ 22.96206, 40.64565 ], [ 22.962143, 40.645664 ], [ 22.96217, 40.645607 ] ] ] } },
{ "type": "Feature", "properties": { "education_source": "education_8", "education_type": "School", "name": null, "name_el": null, "operator": null, "amenity": "school", "education": null, "office": null }, "geometry": { "type": "Polygon", "coordinates": [ [ [ 22.961207, 40.645912 ], [ 22.961222, 40.645888 ], [ 22.962453, 40.646201 ], [ 22.962685, 40.645629 ], [ 22.962723, 40.645514 ], [ 22.962728, 40.645496 ], [ 22.962729, 40.645478 ], [ 22.962727, 40.645457 ], [ 22.962722, 40.645435 ], [ 22.962707, 40.645412 ], [ 22.962689, 40.645394 ], [ 22.962669, 40.64538 ], [ 22.962645, 40.645374 ], [ 22.962625, 40.645372 ], [ 22.962586, 40.645371 ], [ 22.962297, 40.645374 ], [ 22.962253, 40.645369 ], [ 22.962199, 40.64536 ], [ 22.962163, 40.645355 ], [ 22.961718, 40.645255 ], [ 22.961522, 40.645214 ], [ 22.961306, 40.645169 ], [ 22.961146, 40.645136 ], [ 22.960843, 40.645072 ], [ 22.960838, 40.64509 ], [ 22.960828, 40.645325 ], [ 22.960836, 40.64552 ], [ 22.960849, 40.645921 ], [ 22.961207, 40.645912 ] ] ] } },
{ "type": "Feature", "properties": { "education_source": "education_8", "education_type": "School", "name": "1ο Λύκειο Συκεών", "name_el": null, "operator": null, "amenity": "school", "education": null, "office": null }, "geometry": { "type": "Polygon", "coordinates": [ [ [ 22.961509, 40.645937 ], [ 22.961504, 40.64595 ], [ 22.961788, 40.646021 ], [ 22.961799, 40.645997 ], [ 22.961837, 40.646006 ], [ 22.961833, 40.646017 ], [ 22.962065, 40.646074 ], [ 22.962118, 40.645957 ], [ 22.962032, 40.645932 ], [ 22.96213, 40.645728 ], [ 22.962063, 40.645713 ], [ 22.962015, 40.645702 ], [ 22.961929, 40.645682 ], [ 22.961852, 40.64586 ], [ 22.961325, 40.645723 ], [ 22.961252, 40.645874 ], [ 22.961509, 40.645937 ] ] ] } },
{ "type": "Feature", "properties": { "education_source": "education_8", "education_type": "School", "name": "4ο Γυμνάσιο Συκεών", "name_el": "4ο Γυμνάσιο Συκεών", "operator": null, "amenity": "school", "education": null, "office": null }, "geometry": { "type": "Polygon", "coordinates": [ [ [ 22.959499, 40.65381 ], [ 22.959766, 40.653818 ], [ 22.960006, 40.653649 ], [ 22.960233, 40.653452 ], [ 22.960254, 40.653264 ], [ 22.959481, 40.653263 ], [ 22.959499, 40.65381 ] ] ] } },
{ "type": "Feature", "properties": { "education_source": "education_8", "education_type": "School", "name": "3o ΓΕΛ Πολίχνης", "name_el": null, "operator": null, "amenity": "school", "education": null, "office": null }, "geometry": { "type": "Polygon", "coordinates": [ [ [ 22.964177, 40.662848 ], [ 22.964936, 40.66248 ], [ 22.964746, 40.662265 ], [ 22.963963, 40.662619 ], [ 22.964177, 40.662848 ] ] ] } },
{ "type": "Feature", "properties": { "education_source": "education_8", "education_type": "School", "name": "6ο Δημοτικό Σχολείο Πολίχνης", "name_el": null, "operator": null, "amenity": "school", "education": null, "office": null }, "geometry": { "type": "Polygon", "coordinates": [ [ [ 22.959258, 40.663871 ], [ 22.959342, 40.663813 ], [ 22.959553, 40.663953 ], [ 22.959947, 40.663628 ], [ 22.960189, 40.663428 ], [ 22.960173, 40.663259 ], [ 22.960166, 40.663243 ], [ 22.960144, 40.663225 ], [ 22.960083, 40.663182 ], [ 22.959934, 40.663076 ], [ 22.959114, 40.663794 ], [ 22.959258, 40.663871 ] ] ] } },
{ "type": "Feature", "properties": { "education_source": "education_8", "education_type": "School", "name": "Φρυγανιώτη", "name_el": null, "operator": null, "amenity": "school", "education": null, "office": null }, "geometry": { "type": "Polygon", "coordinates": [ [ [ 22.969485, 40.668458 ], [ 22.969641, 40.669879 ], [ 22.970319, 40.669836 ], [ 22.970312, 40.669775 ], [ 22.970162, 40.668416 ], [ 22.969485, 40.668458 ] ] ] } },
{ "type": "Feature", "properties": { "education_source": "education_8", "education_type": "School", "name": "Δημοτικό Σχολείο Δρυμού", "name_el": null, "operator": null, "amenity": "school", "education": null, "office": null }, "geometry": { "type": "Polygon", "coordinates": [ [ [ 22.963087, 40.779425 ], [ 22.964039, 40.77971 ], [ 22.964348, 40.77891 ], [ 22.963466, 40.778677 ], [ 22.963087, 40.779425 ] ] ] } },
{ "type": "Feature", "properties": { "education_source": "education_8", "education_type": "School", "name": null, "name_el": null, "operator": null, "amenity": "school", "education": null, "office": null }, "geometry": { "type": "Polygon", "coordinates": [ [ [ 22.954384, 40.6832 ], [ 22.954389, 40.683414 ], [ 22.955149, 40.683399 ], [ 22.955133, 40.682889 ], [ 22.954097, 40.682901 ], [ 22.954107, 40.683206 ], [ 22.954384, 40.6832 ] ] ] } },
{ "type": "Feature", "properties": { "education_source": "education_8", "education_type": "School", "name": "Γυμνάσιο & Λύκειο Ευκαρπίας", "name_el": null, "operator": null, "amenity": "school", "education": null, "office": null }, "geometry": { "type": "Polygon", "coordinates": [ [ [ 22.952475, 40.684492 ], [ 22.953067, 40.68412 ], [ 22.952611, 40.683652 ], [ 22.95228, 40.683545 ], [ 22.951803, 40.683818 ], [ 22.952475, 40.684492 ] ] ] } },
{ "type": "Feature", "properties": { "education_source": "education_8", "education_type": "School", "name": "5ο Νηπιαγωγείο", "name_el": null, "operator": null, "amenity": "school", "education": null, "office": null }, "geometry": { "type": "Polygon", "coordinates": [ [ [ 22.949599, 40.685129 ], [ 22.949313, 40.68481 ], [ 22.948994, 40.684985 ], [ 22.949281, 40.68529 ], [ 22.949599, 40.685129 ] ] ] } },
{ "type": "Feature", "properties": { "education_source": "education_8", "education_type": "School", "name": "4ο Δημοτικό Σχολείο Ευκαρπίας", "name_el": null, "operator": null, "amenity": "school", "education": null, "office": null }, "geometry": { "type": "Polygon", "coordinates": [ [ [ 22.954277, 40.685513 ], [ 22.954219, 40.685377 ], [ 22.954117, 40.685402 ], [ 22.954175, 40.685538 ], [ 22.954277, 40.685513 ] ] ] } },
{ "type": "Feature", "properties": { "education_source": "education_8", "education_type": "School", "name": null, "name_el": null, "operator": null, "amenity": "school", "education": null, "office": null }, "geometry": { "type": "Polygon", "coordinates": [ [ [ 22.954934, 40.685979 ], [ 22.954777, 40.685611 ], [ 22.954583, 40.685174 ], [ 22.954038, 40.685346 ], [ 22.954366, 40.686121 ], [ 22.954934, 40.685979 ] ] ] } },
{ "type": "Feature", "properties": { "education_source": "education_8", "education_type": "School", "name": "1ο Δημοτικό Σχολείο Ευκαρπίας", "name_el": null, "operator": null, "amenity": "school", "education": null, "office": null }, "geometry": { "type": "Polygon", "coordinates": [ [ [ 22.95474, 40.68597 ], [ 22.95472, 40.685922 ], [ 22.954836, 40.685894 ], [ 22.954578, 40.685284 ], [ 22.954446, 40.685316 ], [ 22.954643, 40.685781 ], [ 22.95431, 40.685861 ], [ 22.954392, 40.686055 ], [ 22.95474, 40.68597 ] ] ] } },
{ "type": "Feature", "properties": { "education_source": "education_8", "education_type": "School", "name": "1ο Νηπιαγωγείο Ευκαρπίας", "name_el": null, "operator": null, "amenity": "school", "education": null, "office": null }, "geometry": { "type": "Polygon", "coordinates": [ [ [ 22.952682, 40.688803 ], [ 22.952843, 40.688722 ], [ 22.952869, 40.688704 ], [ 22.952875, 40.688684 ], [ 22.952715, 40.688333 ], [ 22.952026, 40.688498 ], [ 22.952078, 40.688611 ], [ 22.952177, 40.688821 ], [ 22.952276, 40.688959 ], [ 22.952682, 40.688803 ] ] ] } },
{ "type": "Feature", "properties": { "education_source": "education_8", "education_type": "School", "name": "5ο Γυμνάσιο Ωραιοκάστρου", "name_el": "5ο Γυμνάσιο Ωραιοκάστρου", "operator": null, "amenity": "school", "education": null, "office": null }, "geometry": { "type": "Polygon", "coordinates": [ [ [ 22.950161, 40.762172 ], [ 22.949974, 40.761898 ], [ 22.949547, 40.76207 ], [ 22.949743, 40.76233 ], [ 22.950161, 40.762172 ] ] ] } },
{ "type": "Feature", "properties": { "education_source": "education_8", "education_type": "School", "name": "12ο και 16ο Νηπιαγωγείο", "name_el": null, "operator": null, "amenity": "school", "education": null, "office": null }, "geometry": { "type": "Polygon", "coordinates": [ [ [ 22.934375, 40.665473 ], [ 22.935052, 40.665478 ], [ 22.93525, 40.66548 ], [ 22.93526, 40.66548 ], [ 22.93526, 40.665126 ], [ 22.934387, 40.665104 ], [ 22.934375, 40.665473 ] ] ] } },
{ "type": "Feature", "properties": { "education_source": "education_8", "education_type": "School", "name": "16ο Δημοτικό Σχολείο Σταυρούπολης", "name_el": null, "operator": null, "amenity": "school", "education": null, "office": null }, "geometry": { "type": "Polygon", "coordinates": [ [ [ 22.93465, 40.665462 ], [ 22.934651, 40.665396 ], [ 22.934673, 40.665396 ], [ 22.934673, 40.665446 ], [ 22.934677, 40.665451 ], [ 22.934685, 40.665456 ], [ 22.934696, 40.665458 ], [ 22.934716, 40.665451 ], [ 22.934721, 40.665445 ], [ 22.93472, 40.6654 ], [ 22.934737, 40.6654 ], [ 22.934737, 40.66547 ], [ 22.934967, 40.665471 ], [ 22.934966, 40.665402 ], [ 22.934988, 40.665402 ], [ 22.934989, 40.66545 ], [ 22.934996, 40.665457 ], [ 22.935004, 40.665462 ], [ 22.935013, 40.665466 ], [ 22.935024, 40.665465 ], [ 22.935032, 40.665459 ], [ 22.935037, 40.66545 ], [ 22.935037, 40.665405 ], [ 22.935052, 40.665405 ], [ 22.935052, 40.665478 ], [ 22.93525, 40.66548 ], [ 22.935253, 40.665301 ], [ 22.935063, 40.6653 ], [ 22.935063, 40.665337 ], [ 22.934976, 40.665337 ], [ 22.934977, 40.665298 ], [ 22.934747, 40.665296 ], [ 22.934746, 40.665332 ], [ 22.934658, 40.665332 ], [ 22.934659, 40.665293 ], [ 22.934471, 40.665291 ], [ 22.934469, 40.665461 ], [ 22.93465, 40.665462 ] ] ] } },
{ "type": "Feature", "properties": { "education_source": "education_8", "education_type": "School", "name": "2ο Νηπιαγωγείο Σταυρούπολης", "name_el": null, "operator": null, "amenity": "school", "education": null, "office": null }, "geometry": { "type": "Polygon", "coordinates": [ [ [ 22.93433, 40.666875 ], [ 22.934083, 40.666776 ], [ 22.933952, 40.666724 ], [ 22.933912, 40.666707 ], [ 22.933632, 40.667103 ], [ 22.933974, 40.667277 ], [ 22.93433, 40.666875 ] ] ] } },
{ "type": "Feature", "properties": { "education_source": "education_8", "education_type": "School", "name": "2ο Δημοτικό Σχολείο Σταυρούπολης", "name_el": null, "operator": null, "amenity": "school", "education": null, "office": null }, "geometry": { "type": "Polygon", "coordinates": [ [ [ 22.934144, 40.667453 ], [ 22.934288, 40.667458 ], [ 22.934482, 40.66757 ], [ 22.934577, 40.667535 ], [ 22.934677, 40.667596 ], [ 22.935003, 40.667302 ], [ 22.934978, 40.667285 ], [ 22.934828, 40.667183 ], [ 22.934571, 40.667009 ], [ 22.934482, 40.667003 ], [ 22.934393, 40.666997 ], [ 22.934035, 40.667373 ], [ 22.934144, 40.667453 ] ] ] } },
{ "type": "Feature", "properties": { "education_source": "education_8", "education_type": "School", "name": "1ο Γυμνάσιο Πολίχνης", "name_el": "1ο Γυμνάσιο Πολίχνης", "operator": null, "amenity": "school", "education": null, "office": null }, "geometry": { "type": "Polygon", "coordinates": [ [ [ 22.943878, 40.670277 ], [ 22.944145, 40.670637 ], [ 22.944681, 40.670429 ], [ 22.944777, 40.670389 ], [ 22.944816, 40.670373 ], [ 22.944315, 40.669716 ], [ 22.943932, 40.669891 ], [ 22.943652, 40.670019 ], [ 22.943878, 40.670277 ] ] ] } },
{ "type": "Feature", "properties": { "education_source": "education_8", "education_type": "School", "name": null, "name_el": null, "operator": null, "amenity": "school", "education": null, "office": null }, "geometry": { "type": "Polygon", "coordinates": [ [ [ 22.938042, 40.671113 ], [ 22.938085, 40.671105 ], [ 22.938069, 40.671055 ], [ 22.938052, 40.671002 ], [ 22.937965, 40.670738 ], [ 22.937901, 40.670553 ], [ 22.937758, 40.670588 ], [ 22.937744, 40.670632 ], [ 22.937328, 40.670937 ], [ 22.937271, 40.67095 ], [ 22.937227, 40.671006 ], [ 22.937102, 40.671162 ], [ 22.937441, 40.671359 ], [ 22.938093, 40.671275 ], [ 22.938042, 40.671113 ] ] ] } },
{ "type": "Feature", "properties": { "education_source": "education_8", "education_type": "School", "name": "9ο Δημοτικό Σχολείο Σταυρούπολης", "name_el": null, "operator": null, "amenity": "school", "education": null, "office": null }, "geometry": { "type": "Polygon", "coordinates": [ [ [ 22.931935, 40.671493 ], [ 22.932251, 40.671682 ], [ 22.932292, 40.671664 ], [ 22.932056, 40.670727 ], [ 22.931938, 40.670743 ], [ 22.931745, 40.670946 ], [ 22.931765, 40.671054 ], [ 22.931552, 40.671279 ], [ 22.931935, 40.671493 ] ] ] } },
{ "type": "Feature", "properties": { "education_source": "education_8", "education_type": "School", "name": "4ο Γυμνάσιο Σταυρούπολης", "name_el": null, "operator": null, "amenity": "school", "education": null, "office": null }, "geometry": { "type": "Polygon", "coordinates": [ [ [ 22.931921, 40.671999 ], [ 22.931959, 40.672074 ], [ 22.932005, 40.672137 ], [ 22.932254, 40.672278 ], [ 22.932314, 40.67227 ], [ 22.93236, 40.672251 ], [ 22.93236, 40.672144 ], [ 22.932354, 40.671956 ], [ 22.932347, 40.671851 ], [ 22.932343, 40.671828 ], [ 22.932336, 40.671799 ], [ 22.932267, 40.671758 ], [ 22.931888, 40.671531 ], [ 22.931509, 40.67132 ], [ 22.931442, 40.67139 ], [ 22.931592, 40.671721 ], [ 22.93166, 40.671818 ], [ 22.931683, 40.671849 ], [ 22.931921, 40.671999 ] ] ] } },
{ "type": "Feature", "properties": { "education_source": "education_8", "education_type": "School", "name": "8ο Δημοτικό Σχολείο Σταυρούπολης", "name_el": null, "operator": null, "amenity": "school", "education": null, "office": null }, "geometry": { "type": "Polygon", "coordinates": [ [ [ 22.934907, 40.675417 ], [ 22.935367, 40.675343 ], [ 22.935451, 40.675323 ], [ 22.935462, 40.675294 ], [ 22.935323, 40.675074 ], [ 22.935257, 40.675085 ], [ 22.934214, 40.675268 ], [ 22.934285, 40.675524 ], [ 22.934907, 40.675417 ] ] ] } },
{ "type": "Feature", "properties": { "education_source": "education_8", "education_type": "School", "name": null, "name_el": null, "operator": null, "amenity": "school", "education": null, "office": null }, "geometry": { "type": "Polygon", "coordinates": [ [ [ 22.944176, 40.676872 ], [ 22.94537, 40.67656 ], [ 22.945119, 40.675963 ], [ 22.943625, 40.676325 ], [ 22.943896, 40.676945 ], [ 22.944176, 40.676872 ] ] ] } },
{ "type": "Feature", "properties": { "education_source": "education_8", "education_type": "School", "name": "Γενικό Γυμνάσιο-Λύκειο Αδένδρου", "name_el": null, "operator": null, "amenity": "school", "education": null, "office": null }, "geometry": { "type": "Polygon", "coordinates": [ [ [ 22.593966, 40.671087 ], [ 22.594178, 40.670721 ], [ 22.594498, 40.670169 ], [ 22.593687, 40.669899 ], [ 22.593155, 40.670816 ], [ 22.593966, 40.671087 ] ] ] } },
{ "type": "Feature", "properties": { "education_source": "education_8", "education_type": "School", "name": null, "name_el": null, "operator": null, "amenity": "school", "education": null, "office": null }, "geometry": { "type": "Polygon", "coordinates": [ [ [ 22.914665, 40.674093 ], [ 22.913345, 40.674104 ], [ 22.913342, 40.674663 ], [ 22.914667, 40.674663 ], [ 22.914665, 40.674093 ] ] ] } },
{ "type": "Feature", "properties": { "education_source": "education_8", "education_type": "School", "name": null, "name_el": null, "operator": null, "amenity": "school", "education": null, "office": null }, "geometry": { "type": "Polygon", "coordinates": [ [ [ 22.903517, 40.67532 ], [ 22.903517, 40.675363 ], [ 22.903606, 40.675361 ], [ 22.903611, 40.67519 ], [ 22.90352, 40.675189 ], [ 22.90352, 40.675207 ], [ 22.903477, 40.675214 ], [ 22.903477, 40.675301 ], [ 22.903517, 40.67532 ] ] ] } },
{ "type": "Feature", "properties": { "education_source": "education_8", "education_type": "School", "name": "1ο Γενικό Λύκειο Ευόσμου", "name_el": null, "operator": null, "amenity": "school", "education": null, "office": null }, "geometry": { "type": "Polygon", "coordinates": [ [ [ 22.902495, 40.676008 ], [ 22.902808, 40.676008 ], [ 22.903588, 40.676005 ], [ 22.903606, 40.675361 ], [ 22.903611, 40.67519 ], [ 22.90362, 40.674876 ], [ 22.903098, 40.674854 ], [ 22.902495, 40.676008 ] ] ] } },
{ "type": "Feature", "properties": { "education_source": "education_8", "education_type": "School", "name": "Συγκρότημα Τεχνικών Σχολείων Ευόσμου", "name_el": null, "operator": null, "amenity": "school", "education": null, "office": null }, "geometry": { "type": "Polygon", "coordinates": [ [ [ 22.909626, 40.674939 ], [ 22.909476, 40.67516 ], [ 22.909179, 40.675177 ], [ 22.909177, 40.675283 ], [ 22.909174, 40.675456 ], [ 22.909165, 40.676092 ], [ 22.909156, 40.676696 ], [ 22.909152, 40.676986 ], [ 22.909531, 40.67698 ], [ 22.909529, 40.677262 ], [ 22.910388, 40.677237 ], [ 22.910747, 40.677223 ], [ 22.910776, 40.677222 ], [ 22.910761, 40.676761 ], [ 22.910761, 40.676735 ], [ 22.910805, 40.675592 ], [ 22.910811, 40.675421 ], [ 22.910792, 40.674687 ], [ 22.910627, 40.674689 ], [ 22.910628, 40.674733 ], [ 22.910513, 40.674735 ], [ 22.910513, 40.674693 ], [ 22.909622, 40.674717 ], [ 22.909626, 40.674939 ] ] ] } },
{ "type": "Feature", "properties": { "education_source": "education_8", "education_type": "School", "name": "Δημοτικό Σχολείο Λουδία", "name_el": "Δημοτικό Σχολείο Λουδία", "operator": null, "amenity": "school", "education": null, "office": null }, "geometry": { "type": "Polygon", "coordinates": [ [ [ 22.542342, 40.678379 ], [ 22.542483, 40.677903 ], [ 22.541536, 40.677383 ], [ 22.54114, 40.677788 ], [ 22.542342, 40.678379 ] ] ] } },
{ "type": "Feature", "properties": { "education_source": "education_1", "education_type": "College", "name": "Σχολή Πυροσβεστών - Παράρτημα Θεσσαλονίκης", "name_el": null, "operator": "Πυροσβεστικό Σώμα", "amenity": "college", "education": null, "office": null }, "geometry": { "type": "Polygon", "coordinates": [ [ [ 22.816692, 40.682372 ], [ 22.816879, 40.682898 ], [ 22.817269, 40.682818 ], [ 22.816917, 40.681833 ], [ 22.816527, 40.681913 ], [ 22.816692, 40.682372 ] ] ] } },
{ "type": "Feature", "properties": { "education_source": "education_2", "education_type": "Research institute", "name": "Ινστιτούτο Βάμβακος", "name_el": null, "operator": null, "amenity": "research_institute", "education": null, "office": null }, "geometry": { "type": "Polygon", "coordinates": [ [ [ 22.806163, 40.687553 ], [ 22.805807, 40.686199 ], [ 22.805078, 40.683669 ], [ 22.804963, 40.683182 ], [ 22.798951, 40.683189 ], [ 22.800577, 40.688523 ], [ 22.802664, 40.688167 ], [ 22.803217, 40.688058 ], [ 22.806163, 40.687553 ] ] ] } },
{ "type": "Feature", "properties": { "education_source": "education_8", "education_type": "School", "name": null, "name_el": null, "operator": null, "amenity": "school", "education": null, "office": null }, "geometry": { "type": "Polygon", "coordinates": [ [ [ 22.837072, 40.687257 ], [ 22.836887, 40.686604 ], [ 22.836595, 40.686445 ], [ 22.83615, 40.686258 ], [ 22.835584, 40.686887 ], [ 22.83649, 40.687666 ], [ 22.837072, 40.687257 ] ] ] } },
{ "type": "Feature", "properties": { "education_source": "education_2", "education_type": "Research institute", "name": "Τμήμα Εγγείων Βελτιώσεων", "name_el": null, "operator": "Ινστιτούτο Εδαφοϋδατικών Πόρων", "amenity": "research_institute", "education": null, "office": null }, "geometry": { "type": "Polygon", "coordinates": [ [ [ 22.806988, 40.695375 ], [ 22.806864, 40.69468 ], [ 22.807818, 40.694567 ], [ 22.807684, 40.69422 ], [ 22.808195, 40.69388 ], [ 22.80782, 40.693528 ], [ 22.808663, 40.692998 ], [ 22.807658, 40.691926 ], [ 22.807552, 40.691762 ], [ 22.807475, 40.691597 ], [ 22.80739, 40.691387 ], [ 22.806789, 40.689373 ], [ 22.806541, 40.688495 ], [ 22.804767, 40.688814 ], [ 22.803421, 40.689082 ], [ 22.803258, 40.688279 ], [ 22.800488, 40.688738 ], [ 22.803234, 40.695855 ], [ 22.806988, 40.695375 ] ] ] } },
{ "type": "Feature", "properties": { "education_source": "education_8", "education_type": "School", "name": "4ο Γενικό Λύκειο Σταυρούπολης", "name_el": null, "operator": null, "amenity": "school", "education": null, "office": null }, "geometry": { "type": "Polygon", "coordinates": [ [ [ 22.923609, 40.674258 ], [ 22.924219, 40.67433 ], [ 22.924354, 40.673833 ], [ 22.924415, 40.673611 ], [ 22.923779, 40.673531 ], [ 22.923609, 40.674258 ] ] ] } },
{ "type": "Feature", "properties": { "education_source": "education_8", "education_type": "School", "name": "3ο Γενικό Λύκειο Σταυρούπολης", "name_el": null, "operator": null, "amenity": "school", "education": null, "office": null }, "geometry": { "type": "Polygon", "coordinates": [ [ [ 22.924679, 40.673814 ], [ 22.924401, 40.674099 ], [ 22.924355, 40.674268 ], [ 22.924489, 40.674378 ], [ 22.924922, 40.674421 ], [ 22.925196, 40.674119 ], [ 22.924679, 40.673814 ] ] ] } },
{ "type": "Feature", "properties": { "education_source": "education_8", "education_type": "School", "name": "24ο Δημοτικό Σχολείο Ευόσμου", "name_el": null, "operator": null, "amenity": "school", "education": null, "office": null }, "geometry": { "type": "Polygon", "coordinates": [ [ [ 22.916772, 40.674307 ], [ 22.917884, 40.674311 ], [ 22.917887, 40.673797 ], [ 22.916762, 40.6738 ], [ 22.916772, 40.674307 ] ] ] } },
{ "type": "Feature", "properties": { "education_source": "education_8", "education_type": "School", "name": "16ο Δημοτικό Σχολείο Ευόσμου", "name_el": null, "operator": null, "amenity": "school", "education": null, "office": null }, "geometry": { "type": "Polygon", "coordinates": [ [ [ 22.920771, 40.674508 ], [ 22.920595, 40.67479 ], [ 22.920595, 40.674892 ], [ 22.92106, 40.674892 ], [ 22.921054, 40.674509 ], [ 22.920771, 40.674508 ] ] ] } },
{ "type": "Feature", "properties": { "education_source": "education_8", "education_type": "School", "name": "7ο Δημοτικό Σχολείο", "name_el": null, "operator": null, "amenity": "school", "education": null, "office": null }, "geometry": { "type": "Polygon", "coordinates": [ [ [ 22.924428, 40.675197 ], [ 22.925316, 40.675679 ], [ 22.925581, 40.675398 ], [ 22.924693, 40.674916 ], [ 22.92458, 40.675036 ], [ 22.924453, 40.67517 ], [ 22.924428, 40.675197 ] ] ] } },
{ "type": "Feature", "properties": { "education_source": "education_8", "education_type": "School", "name": "14ο Νηπιαγωγείο Σταυρούπολης", "name_el": null, "operator": null, "amenity": "school", "education": null, "office": null }, "geometry": { "type": "Polygon", "coordinates": [ [ [ 22.929895, 40.676532 ], [ 22.930688, 40.676526 ], [ 22.930684, 40.675995 ], [ 22.929885, 40.676002 ], [ 22.929895, 40.676532 ] ] ] } },
{ "type": "Feature", "properties": { "education_source": "education_8", "education_type": "School", "name": null, "name_el": null, "operator": null, "amenity": "school", "education": null, "office": null }, "geometry": { "type": "Polygon", "coordinates": [ [ [ 22.919081, 40.680793 ], [ 22.919599, 40.680796 ], [ 22.919617, 40.680224 ], [ 22.918789, 40.680216 ], [ 22.918782, 40.680524 ], [ 22.919089, 40.68053 ], [ 22.919081, 40.680793 ] ] ] } },
{ "type": "Feature", "properties": { "education_source": "education_8", "education_type": "School", "name": "2ο Γυμνάσιο Ωραιοκάστρου (Αλέξανδρος Υψηλάντης)", "name_el": null, "operator": null, "amenity": "school", "education": null, "office": null }, "geometry": { "type": "Polygon", "coordinates": [ [ [ 22.920103, 40.724337 ], [ 22.920102, 40.723611 ], [ 22.919342, 40.723616 ], [ 22.919358, 40.724325 ], [ 22.920103, 40.724337 ] ] ] } },
{ "type": "Feature", "properties": { "education_source": "education_8", "education_type": "School", "name": "ΚΕΤΕΚ ΟΑΕΔ", "name_el": null, "operator": null, "amenity": "school", "education": null, "office": null }, "geometry": { "type": "Polygon", "coordinates": [ [ [ 22.923852, 40.726064 ], [ 22.925063, 40.726031 ], [ 22.926053, 40.725818 ], [ 22.926561, 40.725696 ], [ 22.925993, 40.724358 ], [ 22.92451, 40.724742 ], [ 22.924446, 40.724612 ], [ 22.92439, 40.724634 ], [ 22.924135, 40.724714 ], [ 22.923845, 40.725071 ], [ 22.92354, 40.725523 ], [ 22.923852, 40.726064 ] ] ] } },
{ "type": "Feature", "properties": { "education_source": "education_8", "education_type": "School", "name": "1ο Δημοτικό Σχολείο Ωραιοκάστρου", "name_el": "1ο Δημοτικό Σχολείο Ωραιοκάστρου", "operator": null, "amenity": "school", "education": null, "office": null }, "geometry": { "type": "Polygon", "coordinates": [ [ [ 22.916326, 40.727081 ], [ 22.916397, 40.727081 ], [ 22.916447, 40.72708 ], [ 22.916446, 40.726888 ], [ 22.91643, 40.726887 ], [ 22.916428, 40.726721 ], [ 22.916181, 40.726722 ], [ 22.916185, 40.727081 ], [ 22.916326, 40.727081 ] ] ] } },
{ "type": "Feature", "properties": { "education_source": "education_8", "education_type": "School", "name": null, "name_el": null, "operator": null, "amenity": "school", "education": null, "office": null }, "geometry": { "type": "Polygon", "coordinates": [ [ [ 22.60582, 40.699921 ], [ 22.605794, 40.700127 ], [ 22.605775, 40.700284 ], [ 22.606311, 40.700305 ], [ 22.606325, 40.7001 ], [ 22.606339, 40.69989 ], [ 22.606347, 40.699777 ], [ 22.60584, 40.69976 ], [ 22.60582, 40.699921 ] ] ] } },
{ "type": "Feature", "properties": { "education_source": "education_8", "education_type": "School", "name": null, "name_el": null, "operator": null, "amenity": "school", "education": null, "office": null }, "geometry": { "type": "Polygon", "coordinates": [ [ [ 22.738715, 40.709529 ], [ 22.738678, 40.709519 ], [ 22.737584, 40.709801 ], [ 22.73762, 40.709935 ], [ 22.737694, 40.710106 ], [ 22.738832, 40.709811 ], [ 22.738715, 40.709529 ] ] ] } },
{ "type": "Feature", "properties": { "education_source": "education_8", "education_type": "School", "name": "2ο Δημοτικό Αγίου Αθανασίου", "name_el": null, "operator": "Διεύθυνση Πρωτοβάθμιας Εκπαίδευσης ΔυτικήςΘεσσαλονίκης", "amenity": "school", "education": null, "office": null }, "geometry": { "type": "Polygon", "coordinates": [ [ [ 22.730328, 40.711561 ], [ 22.730356, 40.711636 ], [ 22.730458, 40.711919 ], [ 22.730372, 40.711937 ], [ 22.730459, 40.712186 ], [ 22.731123, 40.712073 ], [ 22.731127, 40.712099 ], [ 22.731259, 40.712072 ], [ 22.731282, 40.712139 ], [ 22.731371, 40.712121 ], [ 22.731263, 40.711816 ], [ 22.731115, 40.711399 ], [ 22.730328, 40.711561 ] ] ] } },
{ "type": "Feature", "properties": { "education_source": "education_8", "education_type": "School", "name": "1ο Γενικό Λύκειο Αγίου Αθανασίου και 1ο Γυμνάσιο Αγίου Αθανασίου", "name_el": null, "operator": "Διεύθυνση Δευτεροβάθμιας Εκπαίδευσης Δυτικής Θεσσαλονίκης", "amenity": "school", "education": null, "office": null }, "geometry": { "type": "Polygon", "coordinates": [ [ [ 22.730372, 40.711937 ], [ 22.730458, 40.711919 ], [ 22.730356, 40.711636 ], [ 22.730328, 40.711561 ], [ 22.728675, 40.711907 ], [ 22.728833, 40.712394 ], [ 22.728904, 40.712614 ], [ 22.729329, 40.712521 ], [ 22.730277, 40.712313 ], [ 22.730492, 40.712267 ], [ 22.730372, 40.711937 ] ] ] } },
{ "type": "Feature", "properties": { "education_source": "education_8", "education_type": "School", "name": "Δημοτικό Σχολείο & Νηπιαγωγείο Αγχιάλου", "name_el": "Δημοτικό Σχολείο & Νηπιαγωγείο Αγχιάλου", "operator": null, "amenity": "school", "education": null, "office": null }, "geometry": { "type": "Polygon", "coordinates": [ [ [ 22.779839, 40.715543 ], [ 22.779946, 40.715416 ], [ 22.77911, 40.715013 ], [ 22.778918, 40.715241 ], [ 22.779751, 40.71565 ], [ 22.779839, 40.715543 ] ] ] } },
{ "type": "Feature", "properties": { "education_source": "education_8", "education_type": "School", "name": null, "name_el": null, "operator": null, "amenity": "school", "education": null, "office": null }, "geometry": { "type": "Polygon", "coordinates": [ [ [ 22.727474, 40.716787 ], [ 22.72731, 40.716221 ], [ 22.726358, 40.716378 ], [ 22.726542, 40.716953 ], [ 22.727474, 40.716787 ] ] ] } },
{ "type": "Feature", "properties": { "education_source": "education_8", "education_type": "School", "name": null, "name_el": null, "operator": null, "amenity": "school", "education": null, "office": null }, "geometry": { "type": "Polygon", "coordinates": [ [ [ 22.905778, 40.722001 ], [ 22.905746, 40.721945 ], [ 22.905684, 40.721965 ], [ 22.905716, 40.722021 ], [ 22.905778, 40.722001 ] ] ] } },
{ "type": "Feature", "properties": { "education_source": "education_8", "education_type": "School", "name": null, "name_el": null, "operator": null, "amenity": "school", "education": null, "office": null }, "geometry": { "type": "Polygon", "coordinates": [ [ [ 22.905376, 40.722283 ], [ 22.905275, 40.722086 ], [ 22.905165, 40.722119 ], [ 22.905267, 40.722316 ], [ 22.905376, 40.722283 ] ] ] } },
{ "type": "Feature", "properties": { "education_source": "education_8", "education_type": "School", "name": null, "name_el": null, "operator": null, "amenity": "school", "education": null, "office": null }, "geometry": { "type": "Polygon", "coordinates": [ [ [ 22.905392, 40.722545 ], [ 22.905954, 40.722364 ], [ 22.906, 40.722299 ], [ 22.905885, 40.722138 ], [ 22.905746, 40.721945 ], [ 22.905153, 40.722123 ], [ 22.905392, 40.722545 ] ] ] } },
{ "type": "Feature", "properties": { "education_source": "education_8", "education_type": "School", "name": null, "name_el": null, "operator": null, "amenity": "school", "education": null, "office": null }, "geometry": { "type": "Polygon", "coordinates": [ [ [ 22.905952, 40.722285 ], [ 22.905917, 40.72222 ], [ 22.905587, 40.722315 ], [ 22.905626, 40.722386 ], [ 22.905952, 40.722285 ] ] ] } },
{ "type": "Feature", "properties": { "education_source": "education_8", "education_type": "School", "name": null, "name_el": null, "operator": null, "amenity": "school", "education": null, "office": null }, "geometry": { "type": "Polygon", "coordinates": [ [ [ 22.943292, 40.676412 ], [ 22.943583, 40.677039 ], [ 22.943825, 40.676976 ], [ 22.943552, 40.676338 ], [ 22.943292, 40.676412 ] ] ] } },
{ "type": "Feature", "properties": { "education_source": "education_8", "education_type": "School", "name": "18ο Δημοτικό Σχολείο Σταυρούπολης", "name_el": null, "operator": null, "amenity": "school", "education": null, "office": null }, "geometry": { "type": "Polygon", "coordinates": [ [ [ 22.934966, 40.679592 ], [ 22.935126, 40.679612 ], [ 22.935139, 40.679636 ], [ 22.935188, 40.679637 ], [ 22.935419, 40.67964 ], [ 22.935608, 40.679643 ], [ 22.935646, 40.679599 ], [ 22.935639, 40.679221 ], [ 22.935184, 40.679233 ], [ 22.934963, 40.679234 ], [ 22.934966, 40.679592 ] ] ] } },
{ "type": "Feature", "properties": { "education_source": "education_8", "education_type": "School", "name": "Νηπιαγωγείο", "name_el": null, "operator": null, "amenity": "school", "education": null, "office": null }, "geometry": { "type": "Polygon", "coordinates": [ [ [ 22.936188, 40.679981 ], [ 22.936184, 40.679792 ], [ 22.935947, 40.679795 ], [ 22.935949, 40.679872 ], [ 22.935777, 40.679875 ], [ 22.93578, 40.679986 ], [ 22.936188, 40.679981 ] ] ] } },
{ "type": "Feature", "properties": { "education_source": "education_8", "education_type": "School", "name": "6ο Γυμνάσιο Σταυρούπολης", "name_el": null, "operator": null, "amenity": "school", "education": null, "office": null }, "geometry": { "type": "Polygon", "coordinates": [ [ [ 22.93375, 40.681172 ], [ 22.933755, 40.680942 ], [ 22.933674, 40.680918 ], [ 22.933673, 40.680875 ], [ 22.933673, 40.680852 ], [ 22.933672, 40.680666 ], [ 22.933747, 40.680664 ], [ 22.933753, 40.680394 ], [ 22.933241, 40.680394 ], [ 22.933121, 40.680622 ], [ 22.933063, 40.680746 ], [ 22.933125, 40.680763 ], [ 22.933134, 40.680947 ], [ 22.933245, 40.68101 ], [ 22.933608, 40.681217 ], [ 22.93375, 40.681172 ] ] ] } },
{ "type": "Feature", "properties": { "education_source": "education_8", "education_type": "School", "name": "5ο Δημοτικό Σχολείο Σταυρούπολης", "name_el": null, "operator": null, "amenity": "school", "education": null, "office": null }, "geometry": { "type": "Polygon", "coordinates": [ [ [ 22.933975, 40.682643 ], [ 22.933746, 40.682515 ], [ 22.933805, 40.682437 ], [ 22.933689, 40.682366 ], [ 22.933499, 40.682559 ], [ 22.933284, 40.682781 ], [ 22.933322, 40.682803 ], [ 22.933353, 40.68282 ], [ 22.93369, 40.683012 ], [ 22.933754, 40.683049 ], [ 22.933787, 40.683025 ], [ 22.934012, 40.682657 ], [ 22.933975, 40.682643 ] ] ] } },
{ "type": "Feature", "properties": { "education_source": "education_8", "education_type": "School", "name": "3ο Δημοτικό Σχολείο Ευκαρπίας", "name_el": null, "operator": null, "amenity": "school", "education": null, "office": null }, "geometry": { "type": "Polygon", "coordinates": [ [ [ 22.944064, 40.683143 ], [ 22.944868, 40.683047 ], [ 22.944498, 40.682618 ], [ 22.943866, 40.682703 ], [ 22.943941, 40.683102 ], [ 22.944064, 40.683143 ] ] ] } },
{ "type": "Feature", "properties": { "education_source": "education_1", "education_type": "College", "name": "AAS College - School of Art & Design", "name_el": null, "operator": null, "amenity": "college", "education": null, "office": null }, "geometry": { "type": "Polygon", "coordinates": [ [ [ 22.931891, 40.705536 ], [ 22.930745, 40.705526 ], [ 22.930745, 40.70644 ], [ 22.931895, 40.706434 ], [ 22.931891, 40.705536 ] ] ] } },
{ "type": "Feature", "properties": { "education_source": "education_8", "education_type": "School", "name": "Δημοτικό Σχολείο Μελισσοχωρίου", "name_el": "Δημοτικό Σχολείο Μελισσοχωρίου", "operator": null, "amenity": "school", "education": null, "office": null }, "geometry": { "type": "Polygon", "coordinates": [ [ [ 22.931207, 40.768836 ], [ 22.931937, 40.769086 ], [ 22.932191, 40.768844 ], [ 22.931799, 40.768543 ], [ 22.931721, 40.768482 ], [ 22.931457, 40.768355 ], [ 22.931207, 40.768836 ] ] ] } },
{ "type": "Feature", "properties": { "education_source": "education_8", "education_type": "School", "name": "4ο Δημοτικό Σχολείο Ωραιοκάστρου", "name_el": "4ο Δημοτικό Σχολείο Ωραιοκάστρου", "operator": null, "amenity": "school", "education": null, "office": null }, "geometry": { "type": "Polygon", "coordinates": [ [ [ 22.917385, 40.727123 ], [ 22.9173, 40.726991 ], [ 22.917151, 40.727047 ], [ 22.917236, 40.727178 ], [ 22.917385, 40.727123 ] ] ] } },
{ "type": "Feature", "properties": { "education_source": "education_8", "education_type": "School", "name": "4ο Δημοτικό Σχολείο Ωραιοκάστρου", "name_el": "4ο Δημοτικό Σχολείο Ωραιοκάστρου", "operator": null, "amenity": "school", "education": null, "office": null }, "geometry": { "type": "Polygon", "coordinates": [ [ [ 22.917324, 40.727384 ], [ 22.917326, 40.727184 ], [ 22.917219, 40.727183 ], [ 22.917217, 40.727383 ], [ 22.917324, 40.727384 ] ] ] } },
{ "type": "Feature", "properties": { "education_source": "education_8", "education_type": "School", "name": "4ο Δημοτικό Σχολείο Ωραιοκάστρου", "name_el": "4ο Δημοτικό Σχολείο Ωραιοκάστρου", "operator": null, "amenity": "school", "education": null, "office": null }, "geometry": { "type": "Polygon", "coordinates": [ [ [ 22.917475, 40.727612 ], [ 22.917366, 40.727432 ], [ 22.917168, 40.727501 ], [ 22.917278, 40.727681 ], [ 22.917475, 40.727612 ] ] ] } },
{ "type": "Feature", "properties": { "education_source": "education_8", "education_type": "School", "name": "4ο Δημοτικό Σχολείο Ωραιοκάστρου", "name_el": "4ο Δημοτικό Σχολείο Ωραιοκάστρου", "operator": null, "amenity": "school", "education": null, "office": null }, "geometry": { "type": "Polygon", "coordinates": [ [ [ 22.917675, 40.727774 ], [ 22.917486, 40.727654 ], [ 22.917417, 40.727716 ], [ 22.917606, 40.727837 ], [ 22.917675, 40.727774 ] ] ] } },
{ "type": "Feature", "properties": { "education_source": "education_8", "education_type": "School", "name": "4ο Δημοτικό Σχολείο Ωραιοκάστρου", "name_el": "4ο Δημοτικό Σχολείο Ωραιοκάστρου", "operator": null, "amenity": "school", "education": null, "office": null }, "geometry": { "type": "Polygon", "coordinates": [ [ [ 22.917508, 40.727963 ], [ 22.917504, 40.727805 ], [ 22.917259, 40.727809 ], [ 22.917264, 40.727967 ], [ 22.917508, 40.727963 ] ] ] } },
{ "type": "Feature", "properties": { "education_source": "education_8", "education_type": "School", "name": "1o Γυμνάσιο Ωραιοκάστρου", "name_el": "1o Γυμνάσιο Ωραιοκάστρου", "operator": null, "amenity": "school", "education": null, "office": null }, "geometry": { "type": "Polygon", "coordinates": [ [ [ 22.918305, 40.735038 ], [ 22.917804, 40.734644 ], [ 22.917653, 40.734746 ], [ 22.918139, 40.735147 ], [ 22.918305, 40.735038 ] ] ] } },
{ "type": "Feature", "properties": { "education_source": "education_8", "education_type": "School", "name": null, "name_el": null, "operator": null, "amenity": "school", "education": null, "office": null }, "geometry": { "type": "Polygon", "coordinates": [ [ [ 22.918042, 40.735194 ], [ 22.917413, 40.734925 ], [ 22.917312, 40.735086 ], [ 22.91793, 40.735358 ], [ 22.918042, 40.735194 ] ] ] } },
{ "type": "Feature", "properties": { "education_source": "education_8", "education_type": "School", "name": null, "name_el": null, "operator": null, "amenity": "school", "education": null, "office": null }, "geometry": { "type": "Polygon", "coordinates": [ [ [ 22.918052, 40.735683 ], [ 22.91783, 40.735356 ], [ 22.917693, 40.735407 ], [ 22.917926, 40.735726 ], [ 22.918052, 40.735683 ] ] ] } },
{ "type": "Feature", "properties": { "education_source": "education_8", "education_type": "School", "name": null, "name_el": null, "operator": null, "amenity": "school", "education": null, "office": null }, "geometry": { "type": "Polygon", "coordinates": [ [ [ 22.91068, 40.722088 ], [ 22.910546, 40.722046 ], [ 22.910104, 40.722472 ], [ 22.910136, 40.722549 ], [ 22.911046, 40.722684 ], [ 22.91068, 40.722088 ] ] ] } },
{ "type": "Feature", "properties": { "education_source": "education_8", "education_type": "School", "name": null, "name_el": null, "operator": null, "amenity": "school", "education": null, "office": null }, "geometry": { "type": "Polygon", "coordinates": [ [ [ 22.607004, 40.732287 ], [ 22.607114, 40.732243 ], [ 22.607172, 40.732113 ], [ 22.607272, 40.731335 ], [ 22.607218, 40.731321 ], [ 22.606146, 40.731291 ], [ 22.60626, 40.73179 ], [ 22.606372, 40.732282 ], [ 22.607004, 40.732287 ] ] ] } },
{ "type": "Feature", "properties": { "education_source": "education_8", "education_type": "School", "name": "Δημοτικό Σχολείο Χαλκηδόνος", "name_el": null, "operator": null, "amenity": "school", "education": null, "office": null }, "geometry": { "type": "Polygon", "coordinates": [ [ [ 22.598298, 40.732403 ], [ 22.598314, 40.732301 ], [ 22.598024, 40.732278 ], [ 22.598026, 40.732234 ], [ 22.597814, 40.732222 ], [ 22.59775, 40.731872 ], [ 22.597592, 40.731873 ], [ 22.597654, 40.73238 ], [ 22.598298, 40.732403 ] ] ] } },
{ "type": "Feature", "properties": { "education_source": "education_8", "education_type": "School", "name": "Λύκειο Χαλκηδόνος", "name_el": null, "operator": null, "amenity": "school", "education": null, "office": null }, "geometry": { "type": "Polygon", "coordinates": [ [ [ 22.599397, 40.735489 ], [ 22.599416, 40.734959 ], [ 22.598912, 40.734947 ], [ 22.598787, 40.735001 ], [ 22.598517, 40.735316 ], [ 22.598485, 40.73548 ], [ 22.599397, 40.735489 ] ] ] } },
{ "type": "Feature", "properties": { "education_source": "education_8", "education_type": "School", "name": null, "name_el": null, "operator": null, "amenity": "school", "education": null, "office": null }, "geometry": { "type": "Polygon", "coordinates": [ [ [ 22.774503, 40.7465 ], [ 22.774812, 40.745902 ], [ 22.773789, 40.745583 ], [ 22.773718, 40.745674 ], [ 22.773582, 40.745844 ], [ 22.773391, 40.746129 ], [ 22.774503, 40.7465 ] ] ] } },
{ "type": "Feature", "properties": { "education_source": "education_8", "education_type": "School", "name": null, "name_el": null, "operator": null, "amenity": "school", "education": null, "office": null }, "geometry": { "type": "Polygon", "coordinates": [ [ [ 22.57522, 40.786515 ], [ 22.575218, 40.78645 ], [ 22.575328, 40.786448 ], [ 22.575395, 40.786399 ], [ 22.575397, 40.786334 ], [ 22.575312, 40.786283 ], [ 22.575243, 40.786293 ], [ 22.575227, 40.786265 ], [ 22.575224, 40.786137 ], [ 22.575411, 40.786135 ], [ 22.57541, 40.786105 ], [ 22.575473, 40.786105 ], [ 22.575473, 40.786135 ], [ 22.575669, 40.786133 ], [ 22.575668, 40.786107 ], [ 22.575768, 40.786106 ], [ 22.575766, 40.785987 ], [ 22.57567, 40.785988 ], [ 22.575669, 40.785958 ], [ 22.575458, 40.78596 ], [ 22.575458, 40.785988 ], [ 22.575407, 40.785988 ], [ 22.575407, 40.785962 ], [ 22.575198, 40.785964 ], [ 22.575198, 40.785988 ], [ 22.575128, 40.785988 ], [ 22.57513, 40.786096 ], [ 22.575043, 40.786097 ], [ 22.575047, 40.786299 ], [ 22.575111, 40.786299 ], [ 22.575137, 40.786329 ], [ 22.575142, 40.786517 ], [ 22.57522, 40.786515 ] ] ] } },
{ "type": "Feature", "properties": { "education_source": "education_8", "education_type": "School", "name": null, "name_el": null, "operator": null, "amenity": "school", "education": null, "office": null }, "geometry": { "type": "Polygon", "coordinates": [ [ [ 22.575582, 40.786931 ], [ 22.575583, 40.786537 ], [ 22.575229, 40.786533 ], [ 22.575133, 40.786533 ], [ 22.575024, 40.786536 ], [ 22.575023, 40.78693 ], [ 22.575582, 40.786931 ] ] ] } },
{ "type": "Feature", "properties": { "education_source": "education_8", "education_type": "School", "name": null, "name_el": null, "operator": null, "amenity": "school", "education": null, "office": null }, "geometry": { "type": "Polygon", "coordinates": [ [ [ 22.775179, 40.803584 ], [ 22.775165, 40.803277 ], [ 22.774618, 40.80273 ], [ 22.774198, 40.803012 ], [ 22.774268, 40.803608 ], [ 22.775179, 40.803584 ] ] ] } },
{ "type": "Feature", "properties": { "education_source": "education_8", "education_type": "School", "name": null, "name_el": null, "operator": null, "amenity": "school", "education": null, "office": null }, "geometry": { "type": "Polygon", "coordinates": [ [ [ 23.190827, 40.63262 ], [ 23.191263, 40.632458 ], [ 23.190788, 40.631847 ], [ 23.190456, 40.632004 ], [ 23.190827, 40.63262 ] ] ] } },
{ "type": "Feature", "properties": { "education_source": "education_8", "education_type": "School", "name": "Δημοτικό Σχολείο Λαγκαδικίων", "name_el": "Δημοτικό Σχολείο Λαγκαδικίων", "operator": null, "amenity": "school", "education": null, "office": null }, "geometry": { "type": "Polygon", "coordinates": [ [ [ 23.245856, 40.634661 ], [ 23.24635, 40.634707 ], [ 23.246445, 40.634321 ], [ 23.246808, 40.633628 ], [ 23.246343, 40.633489 ], [ 23.245935, 40.634257 ], [ 23.245856, 40.634661 ] ] ] } },
{ "type": "Feature", "properties": { "education_source": "education_8", "education_type": "School", "name": "Γυμνάσιο-Λύκειο Λαγκαδικίων", "name_el": "Γυμνάσιο-Λύκειο Λαγκαδικίων", "operator": null, "amenity": "school", "education": null, "office": null }, "geometry": { "type": "Polygon", "coordinates": [ [ [ 23.242567, 40.635134 ], [ 23.243698, 40.635489 ], [ 23.24426, 40.635138 ], [ 23.244244, 40.635111 ], [ 23.24431, 40.635064 ], [ 23.244366, 40.635066 ], [ 23.244449, 40.63499 ], [ 23.243577, 40.634528 ], [ 23.243135, 40.634388 ], [ 23.242567, 40.635134 ] ] ] } },
{ "type": "Feature", "properties": { "education_source": "education_8", "education_type": "School", "name": "2ο Δημοτικό Σχολείο Ασβεστοχωρίου", "name_el": null, "operator": null, "amenity": "school", "education": null, "office": null }, "geometry": { "type": "Polygon", "coordinates": [ [ [ 23.020605, 40.641601 ], [ 23.020891, 40.641615 ], [ 23.020916, 40.64145 ], [ 23.021303, 40.641476 ], [ 23.021331, 40.641238 ], [ 23.021594, 40.641243 ], [ 23.021607, 40.641222 ], [ 23.021622, 40.641197 ], [ 23.021231, 40.641193 ], [ 23.021002, 40.641168 ], [ 23.020769, 40.641093 ], [ 23.020605, 40.641601 ] ] ] } },
{ "type": "Feature", "properties": { "education_source": "education_8", "education_type": "School", "name": "1ο Δημοτικό Σχολείο Ασβεστοχωρίου", "name_el": null, "operator": null, "amenity": "school", "education": null, "office": null }, "geometry": { "type": "Polygon", "coordinates": [ [ [ 23.021381, 40.641636 ], [ 23.021823, 40.641663 ], [ 23.02186, 40.641665 ], [ 23.02181, 40.641448 ], [ 23.021778, 40.641452 ], [ 23.021753, 40.641456 ], [ 23.021701, 40.641245 ], [ 23.021594, 40.641243 ], [ 23.021331, 40.641238 ], [ 23.021303, 40.641476 ], [ 23.020916, 40.64145 ], [ 23.020891, 40.641615 ], [ 23.021381, 40.641636 ] ] ] } },
{ "type": "Feature", "properties": { "education_source": "education_8", "education_type": "School", "name": null, "name_el": null, "operator": null, "amenity": "school", "education": null, "office": null }, "geometry": { "type": "Polygon", "coordinates": [ [ [ 23.033346, 40.641734 ], [ 23.033153, 40.641637 ], [ 23.032919, 40.641539 ], [ 23.032852, 40.641596 ], [ 23.03261, 40.641414 ], [ 23.032116, 40.641785 ], [ 23.032103, 40.641828 ], [ 23.032045, 40.642023 ], [ 23.0325, 40.642118 ], [ 23.032513, 40.642108 ], [ 23.032689, 40.642235 ], [ 23.033346, 40.641734 ] ] ] } },
{ "type": "Feature", "properties": { "education_source": "education_8", "education_type": "School", "name": "Λύκεια Σταυρού", "name_el": null, "operator": null, "amenity": "school", "education": null, "office": null }, "geometry": { "type": "Polygon", "coordinates": [ [ [ 23.699648, 40.662805 ], [ 23.699817, 40.662787 ], [ 23.700229, 40.662741 ], [ 23.7002, 40.662264 ], [ 23.698838, 40.662385 ], [ 23.698927, 40.662891 ], [ 23.69926, 40.662858 ], [ 23.699237, 40.662745 ], [ 23.699527, 40.662719 ], [ 23.699538, 40.662816 ], [ 23.699648, 40.662805 ] ] ] } },
{ "type": "Feature", "properties": { "education_source": "education_8", "education_type": "School", "name": "Δημοτικό Σχολείο Σταυρού", "name_el": null, "operator": null, "amenity": "school", "education": null, "office": null }, "geometry": { "type": "Polygon", "coordinates": [ [ [ 23.700961, 40.662872 ], [ 23.701017, 40.66303 ], [ 23.701094, 40.663146 ], [ 23.701557, 40.663118 ], [ 23.701547, 40.662569 ], [ 23.70155, 40.662431 ], [ 23.70116, 40.66244 ], [ 23.700653, 40.662454 ], [ 23.700653, 40.662856 ], [ 23.700961, 40.662872 ] ] ] } },
{ "type": "Feature", "properties": { "education_source": "education_8", "education_type": "School", "name": "2ο Δημοτικό Σχολείο", "name_el": "2ο Δημοτικό Σχολείο", "operator": null, "amenity": "school", "education": null, "office": null }, "geometry": { "type": "Polygon", "coordinates": [ [ [ 23.695902, 40.66482 ], [ 23.695861, 40.664355 ], [ 23.694996, 40.664341 ], [ 23.695016, 40.664834 ], [ 23.695902, 40.66482 ] ] ] } },
{ "type": "Feature", "properties": { "education_source": "education_8", "education_type": "School", "name": "Secondary School", "name_el": null, "operator": null, "amenity": "school", "education": null, "office": null }, "geometry": { "type": "Polygon", "coordinates": [ [ [ 23.694892, 40.664627 ], [ 23.69469, 40.664628 ], [ 23.69469, 40.66468 ], [ 23.694605, 40.66468 ], [ 23.694605, 40.664631 ], [ 23.694539, 40.664631 ], [ 23.694539, 40.664558 ], [ 23.694615, 40.664558 ], [ 23.694614, 40.664428 ], [ 23.694382, 40.664429 ], [ 23.694382, 40.664567 ], [ 23.694423, 40.664567 ], [ 23.694424, 40.664619 ], [ 23.694371, 40.664619 ], [ 23.694372, 40.664805 ], [ 23.694594, 40.664805 ], [ 23.694593, 40.664767 ], [ 23.694692, 40.664766 ], [ 23.694693, 40.664804 ], [ 23.694893, 40.664803 ], [ 23.694892, 40.664627 ] ] ] } },
{ "type": "Feature", "properties": { "education_source": "education_8", "education_type": "School", "name": "Λύκειο Πεύκων", "name_el": null, "operator": null, "amenity": "school", "education": null, "office": null }, "geometry": { "type": "Polygon", "coordinates": [ [ [ 22.998561, 40.657155 ], [ 22.998397, 40.657287 ], [ 22.998499, 40.657352 ], [ 22.998242, 40.6576 ], [ 22.998597, 40.65778 ], [ 22.998974, 40.657452 ], [ 22.998561, 40.657155 ] ] ] } },
{ "type": "Feature", "properties": { "education_source": "education_8", "education_type": "School", "name": "Γενικό Λύκειο Πεύκων", "name_el": null, "operator": null, "amenity": "school", "education": null, "office": null }, "geometry": { "type": "Polygon", "coordinates": [ [ [ 22.993478, 40.659294 ], [ 22.993301, 40.659574 ], [ 22.993856, 40.65983 ], [ 22.994423, 40.65911 ], [ 22.994384, 40.659094 ], [ 22.993803, 40.658916 ], [ 22.993315, 40.65905 ], [ 22.993229, 40.659191 ], [ 22.993478, 40.659294 ] ] ] } },
{ "type": "Feature", "properties": { "education_source": "education_8", "education_type": "School", "name": "1ο Διθέσιο Νηπιαγωγείο Πευκών", "name_el": null, "operator": null, "amenity": "school", "education": null, "office": null }, "geometry": { "type": "Polygon", "coordinates": [ [ [ 22.985743, 40.659888 ], [ 22.985485, 40.659539 ], [ 22.985128, 40.659709 ], [ 22.985409, 40.660001 ], [ 22.985743, 40.659888 ] ] ] } },
{ "type": "Feature", "properties": { "education_source": "education_8", "education_type": "School", "name": "2ο Γυμνάσιο Πεύκων", "name_el": null, "operator": null, "amenity": "school", "education": null, "office": null }, "geometry": { "type": "Polygon", "coordinates": [ [ [ 22.976482, 40.663302 ], [ 22.97718, 40.662583 ], [ 22.976993, 40.662484 ], [ 22.976821, 40.662454 ], [ 22.976818, 40.66241 ], [ 22.976652, 40.662375 ], [ 22.975857, 40.663183 ], [ 22.976482, 40.663302 ] ] ] } },
{ "type": "Feature", "properties": { "education_source": "education_8", "education_type": "School", "name": "3ο ΓΕΛ Χορτιάτη, Φίλυρο", "name_el": null, "operator": null, "amenity": "school", "education": null, "office": null }, "geometry": { "type": "Polygon", "coordinates": [ [ [ 22.997147, 40.686803 ], [ 22.997224, 40.686802 ], [ 22.997239, 40.685523 ], [ 22.99656, 40.685515 ], [ 22.996163, 40.685872 ], [ 22.996116, 40.685922 ], [ 22.997147, 40.686803 ] ] ] } },
{ "type": "Feature", "properties": { "education_source": "education_8", "education_type": "School", "name": "Δημοτικό Σχολείο Φιλύρου", "name_el": null, "operator": null, "amenity": "school", "education": null, "office": null }, "geometry": { "type": "Polygon", "coordinates": [ [ [ 23.003762, 40.690877 ], [ 23.00403, 40.690652 ], [ 23.003772, 40.690476 ], [ 23.003505, 40.690701 ], [ 23.003762, 40.690877 ] ] ] } },
{ "type": "Feature", "properties": { "education_source": "education_8", "education_type": "School", "name": null, "name_el": null, "operator": null, "amenity": "school", "education": null, "office": null }, "geometry": { "type": "Polygon", "coordinates": [ [ [ 22.999231, 40.694046 ], [ 22.999629, 40.694618 ], [ 22.999967, 40.694479 ], [ 22.999783, 40.69418 ], [ 22.999759, 40.694115 ], [ 22.999743, 40.694052 ], [ 22.99973, 40.69396 ], [ 22.999714, 40.693799 ], [ 22.999527, 40.69383 ], [ 22.999149, 40.693928 ], [ 22.999231, 40.694046 ] ] ] } },
{ "type": "Feature", "properties": { "education_source": "education_8", "education_type": "School", "name": null, "name_el": null, "operator": null, "amenity": "school", "education": null, "office": null }, "geometry": { "type": "Polygon", "coordinates": [ [ [ 23.005052, 40.725392 ], [ 23.004937, 40.725224 ], [ 23.004851, 40.725059 ], [ 23.00464, 40.724735 ], [ 23.004431, 40.724831 ], [ 23.003612, 40.725268 ], [ 23.004007, 40.72564 ], [ 23.005052, 40.725392 ] ] ] } },
{ "type": "Feature", "properties": { "education_source": "education_8", "education_type": "School", "name": null, "name_el": null, "operator": null, "amenity": "school", "education": null, "office": null }, "geometry": { "type": "Polygon", "coordinates": [ [ [ 23.330947, 40.694013 ], [ 23.331606, 40.694026 ], [ 23.331628, 40.693425 ], [ 23.330986, 40.693373 ], [ 23.330947, 40.694013 ] ] ] } },
{ "type": "Feature", "properties": { "education_source": "education_8", "education_type": "School", "name": "Γυμνάσιο Αγίου Γεωργίου", "name_el": null, "operator": null, "amenity": "school", "education": null, "office": null }, "geometry": { "type": "Polygon", "coordinates": [ [ [ 23.70565, 40.716367 ], [ 23.70574, 40.716531 ], [ 23.706427, 40.716316 ], [ 23.706338, 40.716153 ], [ 23.70565, 40.716367 ] ] ] } },
{ "type": "Feature", "properties": { "education_source": "education_8", "education_type": "School", "name": null, "name_el": null, "operator": null, "amenity": "school", "education": null, "office": null }, "geometry": { "type": "Polygon", "coordinates": [ [ [ 23.705547, 40.7167 ], [ 23.706123, 40.716554 ], [ 23.706505, 40.716457 ], [ 23.706355, 40.716168 ], [ 23.706335, 40.716133 ], [ 23.706137, 40.716196 ], [ 23.706066, 40.716068 ], [ 23.705974, 40.716107 ], [ 23.705958, 40.716086 ], [ 23.705328, 40.716311 ], [ 23.705547, 40.7167 ] ] ] } },
{ "type": "Feature", "properties": { "education_source": "education_8", "education_type": "School", "name": "Λύκειο Αγίου Γεωργίου", "name_el": null, "operator": null, "amenity": "school", "education": null, "office": null }, "geometry": { "type": "Polygon", "coordinates": [ [ [ 23.70574, 40.716531 ], [ 23.70565, 40.716367 ], [ 23.705585, 40.716249 ], [ 23.705349, 40.716323 ], [ 23.705503, 40.716605 ], [ 23.70574, 40.716531 ] ] ] } },
{ "type": "Feature", "properties": { "education_source": "education_8", "education_type": "School", "name": "Δημοτικό Σχολείο Ασπροβάλτας", "name_el": null, "operator": null, "amenity": "school", "education": null, "office": null }, "geometry": { "type": "Polygon", "coordinates": [ [ [ 23.705636, 40.71723 ], [ 23.706156, 40.717111 ], [ 23.706686, 40.71699 ], [ 23.706575, 40.716707 ], [ 23.705523, 40.716936 ], [ 23.705636, 40.71723 ] ] ] } },
{ "type": "Feature", "properties": { "education_source": "education_8", "education_type": "School", "name": null, "name_el": null, "operator": null, "amenity": "school", "education": null, "office": null }, "geometry": { "type": "Polygon", "coordinates": [ [ [ 23.589895, 40.742133 ], [ 23.590215, 40.742011 ], [ 23.590451, 40.742096 ], [ 23.591055, 40.741854 ], [ 23.591131, 40.741472 ], [ 23.591094, 40.741257 ], [ 23.590761, 40.741433 ], [ 23.590518, 40.741128 ], [ 23.590009, 40.741435 ], [ 23.589733, 40.741631 ], [ 23.589553, 40.741751 ], [ 23.589895, 40.742133 ] ] ] } },
{ "type": "Feature", "properties": { "education_source": "education_8", "education_type": "School", "name": "1ο και 2ο Γυμνάσιο", "name_el": null, "operator": null, "amenity": "school", "education": null, "office": null }, "geometry": { "type": "Polygon", "coordinates": [ [ [ 23.071126, 40.748479 ], [ 23.072247, 40.74767 ], [ 23.071826, 40.747359 ], [ 23.071265, 40.747735 ], [ 23.070916, 40.74745 ], [ 23.070348, 40.747853 ], [ 23.071126, 40.748479 ] ] ] } },
{ "type": "Feature", "properties": { "education_source": "education_8", "education_type": "School", "name": "1ο Δημοτικό Σχολείο Λαγκαδά", "name_el": null, "operator": null, "amenity": "school", "education": null, "office": null }, "geometry": { "type": "Polygon", "coordinates": [ [ [ 23.063522, 40.750531 ], [ 23.063665, 40.750448 ], [ 23.06423, 40.750101 ], [ 23.063727, 40.74988 ], [ 23.063424, 40.749747 ], [ 23.063343, 40.749772 ], [ 23.063455, 40.750499 ], [ 23.063522, 40.750531 ] ] ] } },
{ "type": "Feature", "properties": { "education_source": "education_8", "education_type": "School", "name": null, "name_el": null, "operator": null, "amenity": "school", "education": null, "office": null }, "geometry": { "type": "Polygon", "coordinates": [ [ [ 23.131738, 40.754078 ], [ 23.131851, 40.753745 ], [ 23.131865, 40.753499 ], [ 23.131573, 40.753094 ], [ 23.130406, 40.753479 ], [ 23.130571, 40.754019 ], [ 23.131738, 40.754078 ] ] ] } },
{ "type": "Feature", "properties": { "education_source": "education_8", "education_type": "School", "name": "Γυμνάσιο Λύκειο Κολχικού", "name_el": null, "operator": null, "amenity": "school", "education": null, "office": null }, "geometry": { "type": "Polygon", "coordinates": [ [ [ 23.131227, 40.753642 ], [ 23.131221, 40.753642 ], [ 23.13121, 40.753831 ], [ 23.131205, 40.753831 ], [ 23.131195, 40.754012 ], [ 23.131406, 40.754019 ], [ 23.131417, 40.753829 ], [ 23.131422, 40.753829 ], [ 23.131433, 40.753638 ], [ 23.131441, 40.753638 ], [ 23.13145, 40.75348 ], [ 23.131236, 40.753473 ], [ 23.131227, 40.753642 ] ] ] } },
{ "type": "Feature", "properties": { "education_source": "education_8", "education_type": "School", "name": "ΓΕΛ Λαγκαδά", "name_el": null, "operator": null, "amenity": "school", "education": null, "office": null }, "geometry": { "type": "Polygon", "coordinates": [ [ [ 23.076796, 40.754736 ], [ 23.075892, 40.754188 ], [ 23.075289, 40.754701 ], [ 23.076275, 40.755294 ], [ 23.076796, 40.754736 ] ] ] } },
{ "type": "Feature", "properties": { "education_source": "education_8", "education_type": "School", "name": "1ο ΕΠΑΛ Λαγκαδά", "name_el": null, "operator": null, "amenity": "school", "education": null, "office": null }, "geometry": { "type": "Polygon", "coordinates": [ [ [ 23.077768, 40.75665 ], [ 23.077878, 40.756594 ], [ 23.078361, 40.755592 ], [ 23.077598, 40.755143 ], [ 23.076796, 40.754736 ], [ 23.076275, 40.755294 ], [ 23.076192, 40.755382 ], [ 23.076506, 40.755518 ], [ 23.07655, 40.755463 ], [ 23.076678, 40.755464 ], [ 23.076783, 40.755534 ], [ 23.07655, 40.755993 ], [ 23.077768, 40.75665 ] ] ] } },
{ "type": "Feature", "properties": { "education_source": "education_8", "education_type": "School", "name": null, "name_el": null, "operator": null, "amenity": "school", "education": null, "office": null }, "geometry": { "type": "Polygon", "coordinates": [ [ [ 23.067491, 40.755973 ], [ 23.0677, 40.755557 ], [ 23.06759, 40.755456 ], [ 23.067365, 40.755411 ], [ 23.066812, 40.755407 ], [ 23.066604, 40.755984 ], [ 23.067491, 40.755973 ] ] ] } },
{ "type": "Feature", "properties": { "education_source": "education_8", "education_type": "School", "name": "Δημοτικό Σχολείο Κολχικού", "name_el": null, "operator": null, "amenity": "school", "education": null, "office": null }, "geometry": { "type": "Polygon", "coordinates": [ [ [ 23.135769, 40.757857 ], [ 23.135769, 40.757852 ], [ 23.135997, 40.757859 ], [ 23.136008, 40.757655 ], [ 23.13574, 40.757646 ], [ 23.135742, 40.757612 ], [ 23.135687, 40.75761 ], [ 23.135684, 40.757673 ], [ 23.135546, 40.757668 ], [ 23.135536, 40.75785 ], [ 23.135769, 40.757857 ] ] ] } },
{ "type": "Feature", "properties": { "education_source": "education_8", "education_type": "School", "name": "Σ.Α.Ε.Κ. Λαγκαδά", "name_el": null, "operator": null, "amenity": "school", "education": null, "office": null }, "geometry": { "type": "Polygon", "coordinates": [ [ [ 23.078552, 40.758068 ], [ 23.079151, 40.757042 ], [ 23.078086, 40.756686 ], [ 23.077552, 40.757601 ], [ 23.07757, 40.757682 ], [ 23.077583, 40.757744 ], [ 23.078552, 40.758068 ] ] ] } },
{ "type": "Feature", "properties": { "education_source": "education_8", "education_type": "School", "name": "Δημοτικό Σχολείο Χρυσαυγής", "name_el": null, "operator": null, "amenity": "school", "education": null, "office": null }, "geometry": { "type": "Polygon", "coordinates": [ [ [ 23.081816, 40.765784 ], [ 23.082419, 40.765481 ], [ 23.08187, 40.764868 ], [ 23.081303, 40.76516 ], [ 23.081816, 40.765784 ] ] ] } },
{ "type": "Feature", "properties": { "education_source": "education_8", "education_type": "School", "name": "Νηπιαγωγείο Χρυσαυγής", "name_el": null, "operator": null, "amenity": "school", "education": null, "office": null }, "geometry": { "type": "Polygon", "coordinates": [ [ [ 23.082299, 40.766939 ], [ 23.082567, 40.767273 ], [ 23.08288, 40.767129 ], [ 23.082611, 40.766795 ], [ 23.082299, 40.766939 ] ] ] } },
{ "type": "Feature", "properties": { "education_source": "education_8", "education_type": "School", "name": null, "name_el": null, "operator": null, "amenity": "school", "education": null, "office": null }, "geometry": { "type": "Polygon", "coordinates": [ [ [ 23.519484, 40.810111 ], [ 23.519489, 40.810095 ], [ 23.519772, 40.810146 ], [ 23.519798, 40.810061 ], [ 23.51946, 40.81 ], [ 23.519428, 40.810101 ], [ 23.519484, 40.810111 ] ] ] } },
{ "type": "Feature", "properties": { "education_source": "education_8", "education_type": "School", "name": "Λύκειο Σοχού", "name_el": null, "operator": null, "amenity": "school", "education": null, "office": null }, "geometry": { "type": "Polygon", "coordinates": [ [ [ 23.358851, 40.816106 ], [ 23.358898, 40.815984 ], [ 23.358763, 40.815954 ], [ 23.358675, 40.81618 ], [ 23.358851, 40.81622 ], [ 23.358836, 40.816259 ], [ 23.359272, 40.816356 ], [ 23.359328, 40.816212 ], [ 23.358851, 40.816106 ] ] ] } },
{ "type": "Feature", "properties": { "education_source": "education_8", "education_type": "School", "name": "Γυμνάσιο Σοχού", "name_el": null, "operator": null, "amenity": "school", "education": null, "office": null }, "geometry": { "type": "Polygon", "coordinates": [ [ [ 23.358688, 40.816372 ], [ 23.358751, 40.816227 ], [ 23.3583, 40.816115 ], [ 23.358237, 40.81626 ], [ 23.358688, 40.816372 ] ] ] } },
{ "type": "Feature", "properties": { "education_source": "education_8", "education_type": "School", "name": "Δημοτικό Σχολείο Σοχού", "name_el": null, "operator": null, "amenity": "school", "education": null, "office": null }, "geometry": { "type": "Polygon", "coordinates": [ [ [ 23.360978, 40.817417 ], [ 23.361125, 40.817277 ], [ 23.361986, 40.817131 ], [ 23.362083, 40.817076 ], [ 23.36212, 40.816999 ], [ 23.362002, 40.816721 ], [ 23.361653, 40.816362 ], [ 23.361224, 40.816508 ], [ 23.360959, 40.81655 ], [ 23.36079, 40.816877 ], [ 23.360463, 40.816788 ], [ 23.360299, 40.817127 ], [ 23.360315, 40.81747 ], [ 23.360978, 40.817417 ] ] ] } },
{ "type": "Feature", "properties": { "education_source": "education_8", "education_type": "School", "name": "Γυμνάσιο και Γενικό Λύκειο Ασσήρου", "name_el": null, "operator": null, "amenity": "school", "education": null, "office": null }, "geometry": { "type": "Polygon", "coordinates": [ [ [ 23.030042, 40.818084 ], [ 23.030088, 40.81728 ], [ 23.029352, 40.817246 ], [ 23.029508, 40.818142 ], [ 23.030042, 40.818084 ] ] ] } },
{ "type": "Feature", "properties": { "education_source": "education_8", "education_type": "School", "name": null, "name_el": null, "operator": null, "amenity": "school", "education": null, "office": null }, "geometry": { "type": "Polygon", "coordinates": [ [ [ 23.116499, 40.819379 ], [ 23.117228, 40.819084 ], [ 23.116788, 40.81846 ], [ 23.116671, 40.818507 ], [ 23.116648, 40.818475 ], [ 23.116036, 40.818723 ], [ 23.116499, 40.819379 ] ] ] } },
{ "type": "Feature", "properties": { "education_source": "education_8", "education_type": "School", "name": "Δημοτικό Σχολείο Ασσήρου", "name_el": null, "operator": null, "amenity": "school", "education": null, "office": null }, "geometry": { "type": "Polygon", "coordinates": [ [ [ 23.028339, 40.818243 ], [ 23.028875, 40.818556 ], [ 23.029495, 40.81842 ], [ 23.029377, 40.817995 ], [ 23.028339, 40.818243 ] ] ] } },
{ "type": "Feature", "properties": { "education_source": "education_8", "education_type": "School", "name": "Δημοτικό Σχολείο Δορκάδας", "name_el": "Δημοτικό Σχολείο Δορκάδας", "operator": null, "amenity": "school", "education": null, "office": null }, "geometry": { "type": "Polygon", "coordinates": [ [ [ 23.104156, 40.886669 ], [ 23.10539, 40.887653 ], [ 23.106168, 40.887044 ], [ 23.104611, 40.886515 ], [ 23.104411, 40.886456 ], [ 23.104156, 40.886669 ] ] ] } },
{ "type": "Feature", "properties": { "education_source": "education_8", "education_type": "School", "name": "Σχολείο Νικόπολης", "name_el": null, "operator": null, "amenity": "school", "education": null, "office": null }, "geometry": { "type": "Polygon", "coordinates": [ [ [ 23.178366, 40.88957 ], [ 23.178596, 40.889765 ], [ 23.17871, 40.889985 ], [ 23.179015, 40.889926 ], [ 23.179162, 40.889852 ], [ 23.179438, 40.889611 ], [ 23.179388, 40.889566 ], [ 23.179443, 40.889442 ], [ 23.1792, 40.889375 ], [ 23.178426, 40.889416 ], [ 23.178366, 40.88957 ] ] ] } }
]
}
