{
"type": "FeatureCollection",
"name": "parking_points",
"crs": { "type": "name", "properties": { "name": "urn:ogc:def:crs:OGC:1.3:CRS84" } },
"xy_coordinate_resolution": 1e-06,
"features": [
{ "type": "Feature", "properties": { "amenity": "parking", "name": null, "operator": null, "capacity": null, "fee": null, "access": "private", "parking": null, "surface": null }, "geometry": { "type": "Point", "coordinates": [ 23.004375, 40.351145 ] } },
{ "type": "Feature", "properties": { "amenity": "parking", "name": null, "operator": null, "capacity": null, "fee": null, "access": "private", "parking": null, "surface": null }, "geometry": { "type": "Point", "coordinates": [ 23.004066, 40.351224 ] } },
{ "type": "Feature", "properties": { "amenity": "parking", "name": null, "operator": null, "capacity": null, "fee": null, "access": "private", "parking": null, "surface": null }, "geometry": { "type": "Point", "coordinates": [ 23.003969, 40.353619 ] } },
{ "type": "Feature", "properties": { "amenity": "parking", "name": null, "operator": null, "capacity": null, "fee": null, "access": null, "parking": null, "surface": null }, "geometry": { "type": "Point", "coordinates": [ 23.016654, 40.450918 ] } },
{ "type": "Feature", "properties": { "amenity": "parking", "name": null, "operator": "Polis Convention Center", "capacity": null, "fee": "no", "access": null, "parking": "surface", "surface": "asphalt" }, "geometry": { "type": "Point", "coordinates": [ 23.01206, 40.485732 ] } },
{ "type": "Feature", "properties": { "amenity": "parking", "name": null, "operator": null, "capacity": null, "fee": null, "access": "customers", "parking": "surface", "surface": null }, "geometry": { "type": "Point", "coordinates": [ 23.018439, 40.510292 ] } },
{ "type": "Feature", "properties": { "amenity": "parking", "name": null, "operator": null, "capacity": null, "fee": null, "access": null, "parking": null, "surface": null }, "geometry": { "type": "Point", "coordinates": [ 22.994376, 40.51301 ] } },
{ "type": "Feature", "properties": { "amenity": "parking", "name": "Budget rent-a-car", "operator": null, "capacity": null, "fee": null, "access": "customers", "parking": "surface", "surface": null }, "geometry": { "type": "Point", "coordinates": [ 22.993705, 40.522071 ] } },
{ "type": "Feature", "properties": { "amenity": "parking", "name": null, "operator": null, "capacity": null, "fee": null, "access": "customers", "parking": null, "surface": null }, "geometry": { "type": "Point", "coordinates": [ 22.99832, 40.522696 ] } },
{ "type": "Feature", "properties": { "amenity": "parking", "name": null, "operator": null, "capacity": null, "fee": null, "access": null, "parking": null, "surface": null }, "geometry": { "type": "Point", "coordinates": [ 23.001401, 40.523133 ] } },
{ "type": "Feature", "properties": { "amenity": "parking", "name": null, "operator": "Local Cafe", "capacity": null, "fee": "no", "access": "customers", "parking": "surface", "surface": "paved" }, "geometry": { "type": "Point", "coordinates": [ 23.087257, 40.443746 ] } },
{ "type": "Feature", "properties": { "amenity": "parking", "name": null, "operator": null, "capacity": null, "fee": null, "access": null, "parking": null, "surface": null }, "geometry": { "type": "Point", "coordinates": [ 23.070448, 40.474735 ] } },
{ "type": "Feature", "properties": { "amenity": "parking", "name": null, "operator": null, "capacity": null, "fee": "no", "access": "customers", "parking": "surface", "surface": "gravel" }, "geometry": { "type": "Point", "coordinates": [ 23.133121, 40.488016 ] } },
{ "type": "Feature", "properties": { "amenity": "parking", "name": null, "operator": null, "capacity": null, "fee": "no", "access": "customers", "parking": "surface", "surface": "gravel" }, "geometry": { "type": "Point", "coordinates": [ 23.133092, 40.488687 ] } },
{ "type": "Feature", "properties": { "amenity": "parking", "name": null, "operator": null, "capacity": null, "fee": null, "access": null, "parking": null, "surface": "asphalt" }, "geometry": { "type": "Point", "coordinates": [ 23.030839, 40.538469 ] } },
{ "type": "Feature", "properties": { "amenity": "parking", "name": null, "operator": null, "capacity": null, "fee": "no", "access": "customers", "parking": null, "surface": "asphalt" }, "geometry": { "type": "Point", "coordinates": [ 23.031156, 40.538912 ] } },
{ "type": "Feature", "properties": { "amenity": "parking", "name": null, "operator": null, "capacity": null, "fee": "no", "access": "customers", "parking": null, "surface": "asphalt" }, "geometry": { "type": "Point", "coordinates": [ 23.031307, 40.539124 ] } },
{ "type": "Feature", "properties": { "amenity": "parking", "name": null, "operator": null, "capacity": null, "fee": "no", "access": "customers", "parking": null, "surface": "asphalt" }, "geometry": { "type": "Point", "coordinates": [ 23.031159, 40.539293 ] } },
{ "type": "Feature", "properties": { "amenity": "parking", "name": null, "operator": null, "capacity": null, "fee": "no", "access": "customers", "parking": null, "surface": "asphalt" }, "geometry": { "type": "Point", "coordinates": [ 23.031127, 40.539622 ] } },
{ "type": "Feature", "properties": { "amenity": "parking", "name": null, "operator": null, "capacity": null, "fee": "no", "access": "customers", "parking": null, "surface": "asphalt" }, "geometry": { "type": "Point", "coordinates": [ 23.030268, 40.539676 ] } },
{ "type": "Feature", "properties": { "amenity": "parking", "name": null, "operator": null, "capacity": null, "fee": null, "access": null, "parking": null, "surface": null }, "geometry": { "type": "Point", "coordinates": [ 22.989237, 40.483572 ] } },
{ "type": "Feature", "properties": { "amenity": "parking", "name": null, "operator": null, "capacity": null, "fee": null, "access": null, "parking": null, "surface": null }, "geometry": { "type": "Point", "coordinates": [ 22.989554, 40.48366 ] } },
{ "type": "Feature", "properties": { "amenity": "parking", "name": null, "operator": null, "capacity": null, "fee": null, "access": null, "parking": null, "surface": null }, "geometry": { "type": "Point", "coordinates": [ 22.988257, 40.48532 ] } },
{ "type": "Feature", "properties": { "amenity": "parking", "name": null, "operator": null, "capacity": null, "fee": null, "access": null, "parking": null, "surface": null }, "geometry": { "type": "Point", "coordinates": [ 22.988555, 40.493403 ] } },
{ "type": "Feature", "properties": { "amenity": "parking", "name": null, "operator": null, "capacity": null, "fee": null, "access": null, "parking": null, "surface": null }, "geometry": { "type": "Point", "coordinates": [ 22.985401, 40.522376 ] } },
{ "type": "Feature", "properties": { "amenity": "parking", "name": null, "operator": null, "capacity": null, "fee": null, "access": null, "parking": null, "surface": null }, "geometry": { "type": "Point", "coordinates": [ 22.991238, 40.523771 ] } },
{ "type": "Feature", "properties": { "amenity": "parking", "name": null, "operator": null, "capacity": null, "fee": null, "access": null, "parking": null, "surface": null }, "geometry": { "type": "Point", "coordinates": [ 22.992242, 40.525047 ] } },
{ "type": "Feature", "properties": { "amenity": "parking", "name": null, "operator": null, "capacity": null, "fee": null, "access": null, "parking": null, "surface": null }, "geometry": { "type": "Point", "coordinates": [ 22.988681, 40.525169 ] } },
{ "type": "Feature", "properties": { "amenity": "parking", "name": null, "operator": null, "capacity": null, "fee": null, "access": null, "parking": null, "surface": null }, "geometry": { "type": "Point", "coordinates": [ 22.989891, 40.525333 ] } },
{ "type": "Feature", "properties": { "amenity": "parking", "name": null, "operator": null, "capacity": null, "fee": null, "access": null, "parking": null, "surface": null }, "geometry": { "type": "Point", "coordinates": [ 22.991035, 40.525644 ] } },
{ "type": "Feature", "properties": { "amenity": "parking", "name": null, "operator": null, "capacity": null, "fee": null, "access": null, "parking": null, "surface": null }, "geometry": { "type": "Point", "coordinates": [ 22.994508, 40.52536 ] } },
{ "type": "Feature", "properties": { "amenity": "parking", "name": null, "operator": null, "capacity": null, "fee": null, "access": null, "parking": null, "surface": null }, "geometry": { "type": "Point", "coordinates": [ 22.993387, 40.525482 ] } },
{ "type": "Feature", "properties": { "amenity": "parking", "name": null, "operator": null, "capacity": null, "fee": null, "access": null, "parking": null, "surface": null }, "geometry": { "type": "Point", "coordinates": [ 22.993812, 40.525623 ] } },
{ "type": "Feature", "properties": { "amenity": "parking", "name": null, "operator": null, "capacity": null, "fee": "no", "access": "customers", "parking": "surface", "surface": "concrete" }, "geometry": { "type": "Point", "coordinates": [ 22.997981, 40.526598 ] } },
{ "type": "Feature", "properties": { "amenity": "parking", "name": null, "operator": null, "capacity": null, "fee": null, "access": null, "parking": null, "surface": null }, "geometry": { "type": "Point", "coordinates": [ 22.994591, 40.527216 ] } },
{ "type": "Feature", "properties": { "amenity": "parking", "name": "AutoThess Car Rental Drop Off", "operator": "AutuThess Car Rental", "capacity": null, "fee": null, "access": null, "parking": null, "surface": null }, "geometry": { "type": "Point", "coordinates": [ 22.993579, 40.530971 ] } },
{ "type": "Feature", "properties": { "amenity": "parking", "name": null, "operator": null, "capacity": null, "fee": null, "access": null, "parking": null, "surface": null }, "geometry": { "type": "Point", "coordinates": [ 22.996118, 40.531402 ] } },
{ "type": "Feature", "properties": { "amenity": "parking", "name": null, "operator": null, "capacity": null, "fee": null, "access": null, "parking": null, "surface": null }, "geometry": { "type": "Point", "coordinates": [ 23.008629, 40.536062 ] } },
{ "type": "Feature", "properties": { "amenity": "parking", "name": null, "operator": null, "capacity": null, "fee": null, "access": null, "parking": null, "surface": null }, "geometry": { "type": "Point", "coordinates": [ 23.009078, 40.537183 ] } },
{ "type": "Feature", "properties": { "amenity": "parking", "name": null, "operator": "Mikel", "capacity": null, "fee": "no", "access": "customers", "parking": "surface", "surface": null }, "geometry": { "type": "Point", "coordinates": [ 23.013092, 40.539022 ] } },
{ "type": "Feature", "properties": { "amenity": "parking", "name": null, "operator": null, "capacity": null, "fee": null, "access": null, "parking": null, "surface": null }, "geometry": { "type": "Point", "coordinates": [ 22.991755, 40.526102 ] } },
{ "type": "Feature", "properties": { "amenity": "parking", "name": null, "operator": null, "capacity": null, "fee": null, "access": null, "parking": null, "surface": null }, "geometry": { "type": "Point", "coordinates": [ 22.988007, 40.52601 ] } },
{ "type": "Feature", "properties": { "amenity": "parking", "name": null, "operator": null, "capacity": null, "fee": null, "access": null, "parking": null, "surface": null }, "geometry": { "type": "Point", "coordinates": [ 22.992528, 40.52625 ] } },
{ "type": "Feature", "properties": { "amenity": "parking", "name": null, "operator": null, "capacity": null, "fee": null, "access": null, "parking": null, "surface": null }, "geometry": { "type": "Point", "coordinates": [ 22.988873, 40.526086 ] } },
{ "type": "Feature", "properties": { "amenity": "parking", "name": null, "operator": null, "capacity": null, "fee": null, "access": null, "parking": null, "surface": null }, "geometry": { "type": "Point", "coordinates": [ 22.988987, 40.526823 ] } },
{ "type": "Feature", "properties": { "amenity": "parking", "name": "Travelworx", "operator": null, "capacity": null, "fee": null, "access": null, "parking": "surface", "surface": null }, "geometry": { "type": "Point", "coordinates": [ 22.991592, 40.526921 ] } },
{ "type": "Feature", "properties": { "amenity": "parking", "name": null, "operator": null, "capacity": null, "fee": null, "access": null, "parking": null, "surface": null }, "geometry": { "type": "Point", "coordinates": [ 22.988935, 40.527076 ] } },
{ "type": "Feature", "properties": { "amenity": "parking", "name": null, "operator": null, "capacity": null, "fee": null, "access": null, "parking": null, "surface": null }, "geometry": { "type": "Point", "coordinates": [ 22.992413, 40.52726 ] } },
{ "type": "Feature", "properties": { "amenity": "parking", "name": null, "operator": null, "capacity": null, "fee": null, "access": null, "parking": null, "surface": null }, "geometry": { "type": "Point", "coordinates": [ 22.98683, 40.527419 ] } },
{ "type": "Feature", "properties": { "amenity": "parking", "name": null, "operator": "Everest", "capacity": null, "fee": "no", "access": "customers", "parking": "surface", "surface": "asphalt" }, "geometry": { "type": "Point", "coordinates": [ 22.990891, 40.539378 ] } },
{ "type": "Feature", "properties": { "amenity": "parking", "name": null, "operator": null, "capacity": null, "fee": null, "access": "customers", "parking": "surface", "surface": "asphalt" }, "geometry": { "type": "Point", "coordinates": [ 22.990466, 40.539789 ] } },
{ "type": "Feature", "properties": { "amenity": "parking", "name": null, "operator": null, "capacity": null, "fee": null, "access": "customers", "parking": null, "surface": "asphalt" }, "geometry": { "type": "Point", "coordinates": [ 22.986966, 40.540256 ] } },
{ "type": "Feature", "properties": { "amenity": "parking", "name": null, "operator": null, "capacity": null, "fee": null, "access": "customers", "parking": "surface", "surface": "asphalt" }, "geometry": { "type": "Point", "coordinates": [ 22.990134, 40.540325 ] } },
{ "type": "Feature", "properties": { "amenity": "parking", "name": null, "operator": null, "capacity": null, "fee": null, "access": "customers", "parking": "surface", "surface": "asphalt" }, "geometry": { "type": "Point", "coordinates": [ 22.989881, 40.54039 ] } },
{ "type": "Feature", "properties": { "amenity": "parking", "name": null, "operator": null, "capacity": null, "fee": null, "access": "customers", "parking": "surface", "surface": "asphalt" }, "geometry": { "type": "Point", "coordinates": [ 22.989615, 40.541085 ] } },
{ "type": "Feature", "properties": { "amenity": "parking", "name": null, "operator": null, "capacity": null, "fee": null, "access": "customers", "parking": "surface", "surface": "asphalt" }, "geometry": { "type": "Point", "coordinates": [ 22.988652, 40.541737 ] } },
{ "type": "Feature", "properties": { "amenity": "parking", "name": null, "operator": null, "capacity": null, "fee": null, "access": "customers", "parking": null, "surface": "asphalt" }, "geometry": { "type": "Point", "coordinates": [ 22.990424, 40.542146 ] } },
{ "type": "Feature", "properties": { "amenity": "parking", "name": null, "operator": null, "capacity": null, "fee": null, "access": "customers", "parking": "surface", "surface": "asphalt" }, "geometry": { "type": "Point", "coordinates": [ 22.98777, 40.542552 ] } },
{ "type": "Feature", "properties": { "amenity": "parking", "name": null, "operator": null, "capacity": null, "fee": null, "access": "customers", "parking": null, "surface": "asphalt" }, "geometry": { "type": "Point", "coordinates": [ 22.986098, 40.542595 ] } },
{ "type": "Feature", "properties": { "amenity": "parking", "name": null, "operator": null, "capacity": null, "fee": null, "access": "customers", "parking": null, "surface": "asphalt" }, "geometry": { "type": "Point", "coordinates": [ 22.98574, 40.542683 ] } },
{ "type": "Feature", "properties": { "amenity": "parking", "name": null, "operator": null, "capacity": null, "fee": null, "access": "customers", "parking": null, "surface": "asphalt" }, "geometry": { "type": "Point", "coordinates": [ 22.988562, 40.542852 ] } },
{ "type": "Feature", "properties": { "amenity": "parking", "name": null, "operator": null, "capacity": null, "fee": null, "access": "customers", "parking": null, "surface": "asphalt" }, "geometry": { "type": "Point", "coordinates": [ 22.985341, 40.542753 ] } },
{ "type": "Feature", "properties": { "amenity": "parking", "name": null, "operator": null, "capacity": null, "fee": null, "access": "customers", "parking": "surface", "surface": null }, "geometry": { "type": "Point", "coordinates": [ 22.987205, 40.543063 ] } },
{ "type": "Feature", "properties": { "amenity": "parking", "name": null, "operator": null, "capacity": null, "fee": null, "access": "customers", "parking": "surface", "surface": "asphalt" }, "geometry": { "type": "Point", "coordinates": [ 22.986253, 40.543268 ] } },
{ "type": "Feature", "properties": { "amenity": "parking", "name": null, "operator": null, "capacity": null, "fee": null, "access": "customers", "parking": null, "surface": "asphalt" }, "geometry": { "type": "Point", "coordinates": [ 22.988487, 40.543613 ] } },
{ "type": "Feature", "properties": { "amenity": "parking", "name": null, "operator": null, "capacity": null, "fee": null, "access": "customers", "parking": null, "surface": "asphalt" }, "geometry": { "type": "Point", "coordinates": [ 22.987692, 40.543642 ] } },
{ "type": "Feature", "properties": { "amenity": "parking", "name": null, "operator": null, "capacity": null, "fee": null, "access": "customers", "parking": null, "surface": "asphalt" }, "geometry": { "type": "Point", "coordinates": [ 22.984886, 40.543636 ] } },
{ "type": "Feature", "properties": { "amenity": "parking", "name": null, "operator": null, "capacity": null, "fee": null, "access": "customers", "parking": null, "surface": null }, "geometry": { "type": "Point", "coordinates": [ 22.985644, 40.54382 ] } },
{ "type": "Feature", "properties": { "amenity": "parking", "name": null, "operator": null, "capacity": null, "fee": "no", "access": "customers", "parking": "surface", "surface": null }, "geometry": { "type": "Point", "coordinates": [ 22.989024, 40.546411 ] } },
{ "type": "Feature", "properties": { "amenity": "parking", "name": null, "operator": null, "capacity": null, "fee": "no", "access": "customers", "parking": "surface", "surface": null }, "geometry": { "type": "Point", "coordinates": [ 22.988726, 40.547719 ] } },
{ "type": "Feature", "properties": { "amenity": "parking", "name": null, "operator": null, "capacity": null, "fee": null, "access": null, "parking": null, "surface": null }, "geometry": { "type": "Point", "coordinates": [ 23.015446, 40.542032 ] } },
{ "type": "Feature", "properties": { "amenity": "parking", "name": null, "operator": null, "capacity": null, "fee": null, "access": null, "parking": null, "surface": null }, "geometry": { "type": "Point", "coordinates": [ 23.004125, 40.542823 ] } },
{ "type": "Feature", "properties": { "amenity": "parking", "name": null, "operator": null, "capacity": null, "fee": null, "access": null, "parking": null, "surface": null }, "geometry": { "type": "Point", "coordinates": [ 23.004644, 40.543302 ] } },
{ "type": "Feature", "properties": { "amenity": "parking", "name": null, "operator": null, "capacity": null, "fee": "no", "access": "customers", "parking": "surface", "surface": null }, "geometry": { "type": "Point", "coordinates": [ 23.002485, 40.548431 ] } },
{ "type": "Feature", "properties": { "amenity": "parking", "name": null, "operator": null, "capacity": null, "fee": null, "access": null, "parking": null, "surface": null }, "geometry": { "type": "Point", "coordinates": [ 23.000316, 40.548668 ] } },
{ "type": "Feature", "properties": { "amenity": "parking", "name": null, "operator": null, "capacity": null, "fee": "no", "access": "yes", "parking": "surface", "surface": null }, "geometry": { "type": "Point", "coordinates": [ 23.001819, 40.549268 ] } },
{ "type": "Feature", "properties": { "amenity": "parking", "name": null, "operator": null, "capacity": null, "fee": null, "access": null, "parking": null, "surface": null }, "geometry": { "type": "Point", "coordinates": [ 23.002724, 40.550604 ] } },
{ "type": "Feature", "properties": { "amenity": "parking", "name": null, "operator": null, "capacity": null, "fee": "yes", "access": "customers", "parking": "surface", "surface": null }, "geometry": { "type": "Point", "coordinates": [ 22.994923, 40.552697 ] } },
{ "type": "Feature", "properties": { "amenity": "parking", "name": "P3", "operator": null, "capacity": null, "fee": "yes", "access": "customers", "parking": "surface", "surface": "asphalt" }, "geometry": { "type": "Point", "coordinates": [ 22.993827, 40.553087 ] } },
{ "type": "Feature", "properties": { "amenity": "parking", "name": null, "operator": null, "capacity": null, "fee": null, "access": null, "parking": null, "surface": null }, "geometry": { "type": "Point", "coordinates": [ 23.015377, 40.553509 ] } },
{ "type": "Feature", "properties": { "amenity": "parking", "name": null, "operator": null, "capacity": null, "fee": null, "access": "customers", "parking": null, "surface": null }, "geometry": { "type": "Point", "coordinates": [ 22.985227, 40.548507 ] } },
{ "type": "Feature", "properties": { "amenity": "parking", "name": null, "operator": null, "capacity": null, "fee": null, "access": null, "parking": null, "surface": null }, "geometry": { "type": "Point", "coordinates": [ 22.985657, 40.548697 ] } },
{ "type": "Feature", "properties": { "amenity": "parking", "name": null, "operator": null, "capacity": null, "fee": null, "access": "customers", "parking": null, "surface": null }, "geometry": { "type": "Point", "coordinates": [ 22.985468, 40.549241 ] } },
{ "type": "Feature", "properties": { "amenity": "parking", "name": null, "operator": null, "capacity": null, "fee": null, "access": null, "parking": null, "surface": "asphalt" }, "geometry": { "type": "Point", "coordinates": [ 22.991513, 40.552765 ] } },
{ "type": "Feature", "properties": { "amenity": "parking", "name": null, "operator": null, "capacity": null, "fee": null, "access": "customers", "parking": null, "surface": "asphalt" }, "geometry": { "type": "Point", "coordinates": [ 22.991317, 40.553093 ] } },
{ "type": "Feature", "properties": { "amenity": "parking", "name": null, "operator": null, "capacity": null, "fee": null, "access": "customers", "parking": "surface", "surface": null }, "geometry": { "type": "Point", "coordinates": [ 22.984843, 40.553252 ] } },
{ "type": "Feature", "properties": { "amenity": "parking", "name": null, "operator": null, "capacity": null, "fee": null, "access": null, "parking": null, "surface": null }, "geometry": { "type": "Point", "coordinates": [ 22.990082, 40.553615 ] } },
{ "type": "Feature", "properties": { "amenity": "parking", "name": "P4", "operator": null, "capacity": null, "fee": "yes", "access": "customers", "parking": "surface", "surface": "asphalt" }, "geometry": { "type": "Point", "coordinates": [ 22.99271, 40.553947 ] } },
{ "type": "Feature", "properties": { "amenity": "parking", "name": null, "operator": null, "capacity": null, "fee": null, "access": "yes", "parking": null, "surface": "unpaved" }, "geometry": { "type": "Point", "coordinates": [ 22.991154, 40.554107 ] } },
{ "type": "Feature", "properties": { "amenity": "parking", "name": null, "operator": null, "capacity": null, "fee": null, "access": "customers", "parking": "surface", "surface": null }, "geometry": { "type": "Point", "coordinates": [ 22.988287, 40.55513 ] } },
{ "type": "Feature", "properties": { "amenity": "parking", "name": null, "operator": null, "capacity": null, "fee": "no", "access": "yes", "parking": "surface", "surface": null }, "geometry": { "type": "Point", "coordinates": [ 22.998419, 40.553442 ] } },
{ "type": "Feature", "properties": { "amenity": "parking", "name": null, "operator": null, "capacity": null, "fee": null, "access": null, "parking": "surface", "surface": null }, "geometry": { "type": "Point", "coordinates": [ 23.01528, 40.553726 ] } },
{ "type": "Feature", "properties": { "amenity": "parking", "name": "P2", "operator": null, "capacity": null, "fee": "yes", "access": "customers", "parking": "surface", "surface": "asphalt" }, "geometry": { "type": "Point", "coordinates": [ 22.995091, 40.555085 ] } },
{ "type": "Feature", "properties": { "amenity": "parking", "name": null, "operator": null, "capacity": null, "fee": "no", "access": "yes", "parking": "surface", "surface": "asphalt" }, "geometry": { "type": "Point", "coordinates": [ 22.996481, 40.555287 ] } },
{ "type": "Feature", "properties": { "amenity": "parking", "name": "P1", "operator": null, "capacity": null, "fee": "yes", "access": "customers", "parking": "surface", "surface": null }, "geometry": { "type": "Point", "coordinates": [ 22.995162, 40.556001 ] } },
{ "type": "Feature", "properties": { "amenity": "parking", "name": null, "operator": null, "capacity": null, "fee": "yes", "access": "customers", "parking": "surface", "surface": null }, "geometry": { "type": "Point", "coordinates": [ 22.994418, 40.557048 ] } },
{ "type": "Feature", "properties": { "amenity": "parking", "name": "P5", "operator": null, "capacity": null, "fee": "yes", "access": "customers", "parking": "surface", "surface": "asphalt" }, "geometry": { "type": "Point", "coordinates": [ 22.992887, 40.557322 ] } },
{ "type": "Feature", "properties": { "amenity": "parking", "name": null, "operator": null, "capacity": null, "fee": "no", "access": "customers", "parking": "surface", "surface": null }, "geometry": { "type": "Point", "coordinates": [ 23.022139, 40.560908 ] } },
{ "type": "Feature", "properties": { "amenity": "parking", "name": null, "operator": null, "capacity": "75", "fee": "no", "access": null, "parking": "surface", "surface": "asphalt" }, "geometry": { "type": "Point", "coordinates": [ 22.995771, 40.561423 ] } },
{ "type": "Feature", "properties": { "amenity": "parking", "name": null, "operator": null, "capacity": null, "fee": null, "access": "customers", "parking": null, "surface": null }, "geometry": { "type": "Point", "coordinates": [ 23.009863, 40.561647 ] } },
{ "type": "Feature", "properties": { "amenity": "parking", "name": null, "operator": null, "capacity": null, "fee": null, "access": null, "parking": null, "surface": null }, "geometry": { "type": "Point", "coordinates": [ 22.980474, 40.508996 ] } },
{ "type": "Feature", "properties": { "amenity": "parking", "name": null, "operator": null, "capacity": null, "fee": null, "access": null, "parking": null, "surface": null }, "geometry": { "type": "Point", "coordinates": [ 22.980854, 40.508999 ] } },
{ "type": "Feature", "properties": { "amenity": "parking", "name": null, "operator": null, "capacity": null, "fee": null, "access": null, "parking": null, "surface": null }, "geometry": { "type": "Point", "coordinates": [ 22.979601, 40.509201 ] } },
{ "type": "Feature", "properties": { "amenity": "parking", "name": null, "operator": null, "capacity": null, "fee": null, "access": null, "parking": null, "surface": null }, "geometry": { "type": "Point", "coordinates": [ 22.984959, 40.514262 ] } },
{ "type": "Feature", "properties": { "amenity": "parking", "name": null, "operator": null, "capacity": null, "fee": null, "access": null, "parking": null, "surface": null }, "geometry": { "type": "Point", "coordinates": [ 22.98475, 40.521668 ] } },
{ "type": "Feature", "properties": { "amenity": "parking", "name": null, "operator": null, "capacity": null, "fee": null, "access": null, "parking": null, "surface": null }, "geometry": { "type": "Point", "coordinates": [ 22.984881, 40.522203 ] } },
{ "type": "Feature", "properties": { "amenity": "parking", "name": null, "operator": null, "capacity": null, "fee": null, "access": null, "parking": null, "surface": "asphalt" }, "geometry": { "type": "Point", "coordinates": [ 22.982311, 40.52256 ] } },
{ "type": "Feature", "properties": { "amenity": "parking", "name": null, "operator": null, "capacity": null, "fee": null, "access": null, "parking": null, "surface": null }, "geometry": { "type": "Point", "coordinates": [ 22.980949, 40.523097 ] } },
{ "type": "Feature", "properties": { "amenity": "parking", "name": null, "operator": null, "capacity": null, "fee": "no", "access": "yes", "parking": "surface", "surface": "asphalt" }, "geometry": { "type": "Point", "coordinates": [ 22.979033, 40.523137 ] } },
{ "type": "Feature", "properties": { "amenity": "parking", "name": null, "operator": null, "capacity": null, "fee": null, "access": null, "parking": null, "surface": null }, "geometry": { "type": "Point", "coordinates": [ 22.981369, 40.523194 ] } },
{ "type": "Feature", "properties": { "amenity": "parking", "name": null, "operator": null, "capacity": null, "fee": null, "access": null, "parking": null, "surface": null }, "geometry": { "type": "Point", "coordinates": [ 22.959042, 40.469233 ] } },
{ "type": "Feature", "properties": { "amenity": "parking", "name": null, "operator": null, "capacity": null, "fee": null, "access": null, "parking": null, "surface": null }, "geometry": { "type": "Point", "coordinates": [ 22.95533, 40.46932 ] } },
{ "type": "Feature", "properties": { "amenity": "parking", "name": null, "operator": null, "capacity": null, "fee": null, "access": null, "parking": null, "surface": null }, "geometry": { "type": "Point", "coordinates": [ 22.956426, 40.472016 ] } },
{ "type": "Feature", "properties": { "amenity": "parking", "name": null, "operator": null, "capacity": null, "fee": null, "access": null, "parking": null, "surface": null }, "geometry": { "type": "Point", "coordinates": [ 22.949908, 40.501801 ] } },
{ "type": "Feature", "properties": { "amenity": "parking", "name": null, "operator": null, "capacity": null, "fee": "no", "access": "customers", "parking": null, "surface": null }, "geometry": { "type": "Point", "coordinates": [ 22.957164, 40.568463 ] } },
{ "type": "Feature", "properties": { "amenity": "parking", "name": null, "operator": null, "capacity": null, "fee": "no", "access": "customers", "parking": null, "surface": null }, "geometry": { "type": "Point", "coordinates": [ 22.956252, 40.568563 ] } },
{ "type": "Feature", "properties": { "amenity": "parking", "name": null, "operator": null, "capacity": null, "fee": "no", "access": "yes", "parking": "surface", "surface": null }, "geometry": { "type": "Point", "coordinates": [ 22.953765, 40.570419 ] } },
{ "type": "Feature", "properties": { "amenity": "parking", "name": null, "operator": null, "capacity": null, "fee": null, "access": null, "parking": "street_side", "surface": null }, "geometry": { "type": "Point", "coordinates": [ 22.957442, 40.570551 ] } },
{ "type": "Feature", "properties": { "amenity": "parking", "name": null, "operator": null, "capacity": null, "fee": null, "access": null, "parking": "street_side", "surface": null }, "geometry": { "type": "Point", "coordinates": [ 22.953104, 40.571129 ] } },
{ "type": "Feature", "properties": { "amenity": "parking", "name": null, "operator": null, "capacity": null, "fee": null, "access": null, "parking": null, "surface": null }, "geometry": { "type": "Point", "coordinates": [ 22.949439, 40.573609 ] } },
{ "type": "Feature", "properties": { "amenity": "parking", "name": "Χώρο στάθμευσης αυτοκινήτων (P7)", "operator": null, "capacity": null, "fee": "yes", "access": "yes", "parking": "surface", "surface": "asphalt" }, "geometry": { "type": "Point", "coordinates": [ 22.979909, 40.523185 ] } },
{ "type": "Feature", "properties": { "amenity": "parking", "name": "P5 Χώρος στάθμευσης λεωφορείων", "operator": null, "capacity": null, "fee": "no", "access": null, "parking": "surface", "surface": "asphalt" }, "geometry": { "type": "Point", "coordinates": [ 22.978097, 40.523664 ] } },
{ "type": "Feature", "properties": { "amenity": "parking", "name": null, "operator": null, "capacity": null, "fee": "no", "access": "private", "parking": "surface", "surface": null }, "geometry": { "type": "Point", "coordinates": [ 22.977509, 40.523802 ] } },
{ "type": "Feature", "properties": { "amenity": "parking", "name": "P8 προσωπικού", "operator": null, "capacity": null, "fee": null, "access": "private", "parking": "surface", "surface": null }, "geometry": { "type": "Point", "coordinates": [ 22.980345, 40.524323 ] } },
{ "type": "Feature", "properties": { "amenity": "parking", "name": "Χώρο στάθμευσης αυτοκινήτων (P6)", "operator": null, "capacity": null, "fee": "yes", "access": "yes", "parking": "surface", "surface": "asphalt" }, "geometry": { "type": "Point", "coordinates": [ 22.978719, 40.524404 ] } },
{ "type": "Feature", "properties": { "amenity": "parking", "name": "Χώρο στάθμευσης αυτοκινήτων (P4)", "operator": null, "capacity": null, "fee": "yes", "access": "yes", "parking": "surface", "surface": "asphalt" }, "geometry": { "type": "Point", "coordinates": [ 22.977208, 40.524472 ] } },
{ "type": "Feature", "properties": { "amenity": "parking", "name": "Χώρο στάθμευσης αυτοκινήτων", "operator": null, "capacity": null, "fee": "yes", "access": "yes", "parking": "surface", "surface": "asphalt" }, "geometry": { "type": "Point", "coordinates": [ 22.976993, 40.525369 ] } },
{ "type": "Feature", "properties": { "amenity": "parking", "name": "Πάρκινγκ ενοικιαζόμενων αυτοκινήτων", "operator": null, "capacity": null, "fee": "yes", "access": "yes", "parking": "surface", "surface": "asphalt" }, "geometry": { "type": "Point", "coordinates": [ 22.980645, 40.525494 ] } },
{ "type": "Feature", "properties": { "amenity": "parking", "name": "Στάθμευσης ταξί στο Αεροδρόμιο Θεσσαλονίκης", "operator": null, "capacity": null, "fee": null, "access": "taxi", "parking": "surface", "surface": "asphalt" }, "geometry": { "type": "Point", "coordinates": [ 22.977299, 40.526199 ] } },
{ "type": "Feature", "properties": { "amenity": "parking", "name": null, "operator": null, "capacity": null, "fee": null, "access": null, "parking": "surface", "surface": null }, "geometry": { "type": "Point", "coordinates": [ 22.976098, 40.527486 ] } },
{ "type": "Feature", "properties": { "amenity": "parking", "name": null, "operator": null, "capacity": null, "fee": "no", "access": "customers", "parking": "surface", "surface": "asphalt" }, "geometry": { "type": "Point", "coordinates": [ 22.96675, 40.500697 ] } },
{ "type": "Feature", "properties": { "amenity": "parking", "name": null, "operator": null, "capacity": null, "fee": null, "access": "customers", "parking": "surface", "surface": null }, "geometry": { "type": "Point", "coordinates": [ 22.966861, 40.560393 ] } },
{ "type": "Feature", "properties": { "amenity": "parking", "name": null, "operator": null, "capacity": null, "fee": null, "access": null, "parking": null, "surface": null }, "geometry": { "type": "Point", "coordinates": [ 22.966712, 40.564112 ] } },
{ "type": "Feature", "properties": { "amenity": "parking", "name": null, "operator": null, "capacity": null, "fee": null, "access": "customers", "parking": null, "surface": null }, "geometry": { "type": "Point", "coordinates": [ 22.965915, 40.564845 ] } },
{ "type": "Feature", "properties": { "amenity": "parking", "name": null, "operator": null, "capacity": null, "fee": null, "access": "customers", "parking": null, "surface": null }, "geometry": { "type": "Point", "coordinates": [ 22.967844, 40.565423 ] } },
{ "type": "Feature", "properties": { "amenity": "parking", "name": null, "operator": null, "capacity": null, "fee": null, "access": "customers", "parking": null, "surface": null }, "geometry": { "type": "Point", "coordinates": [ 22.967978, 40.567154 ] } },
{ "type": "Feature", "properties": { "amenity": "parking", "name": null, "operator": null, "capacity": null, "fee": null, "access": null, "parking": null, "surface": null }, "geometry": { "type": "Point", "coordinates": [ 22.967829, 40.568074 ] } },
{ "type": "Feature", "properties": { "amenity": "parking", "name": null, "operator": null, "capacity": null, "fee": "no", "access": "yes", "parking": "surface", "surface": "dirt" }, "geometry": { "type": "Point", "coordinates": [ 22.971055, 40.56865 ] } },
{ "type": "Feature", "properties": { "amenity": "parking", "name": null, "operator": null, "capacity": null, "fee": null, "access": null, "parking": null, "surface": null }, "geometry": { "type": "Point", "coordinates": [ 22.963096, 40.568622 ] } },
{ "type": "Feature", "properties": { "amenity": "parking", "name": null, "operator": null, "capacity": null, "fee": null, "access": null, "parking": "street_side", "surface": null }, "geometry": { "type": "Point", "coordinates": [ 22.965273, 40.571522 ] } },
{ "type": "Feature", "properties": { "amenity": "parking", "name": null, "operator": null, "capacity": null, "fee": null, "access": "customers", "parking": "surface", "surface": "asphalt" }, "geometry": { "type": "Point", "coordinates": [ 22.983577, 40.546221 ] } },
{ "type": "Feature", "properties": { "amenity": "parking", "name": null, "operator": null, "capacity": null, "fee": "no", "access": "customers", "parking": "surface", "surface": null }, "geometry": { "type": "Point", "coordinates": [ 22.98287, 40.54804 ] } },
{ "type": "Feature", "properties": { "amenity": "parking", "name": null, "operator": null, "capacity": null, "fee": null, "access": "customers", "parking": "surface", "surface": "asphalt" }, "geometry": { "type": "Point", "coordinates": [ 22.981573, 40.548279 ] } },
{ "type": "Feature", "properties": { "amenity": "parking", "name": null, "operator": null, "capacity": null, "fee": "no", "access": "customers", "parking": "surface", "surface": "asphalt" }, "geometry": { "type": "Point", "coordinates": [ 22.983416, 40.549425 ] } },
{ "type": "Feature", "properties": { "amenity": "parking", "name": null, "operator": null, "capacity": null, "fee": "no", "access": "customers", "parking": "surface", "surface": "asphalt" }, "geometry": { "type": "Point", "coordinates": [ 22.984, 40.550013 ] } },
{ "type": "Feature", "properties": { "amenity": "parking", "name": null, "operator": null, "capacity": null, "fee": "no", "access": "customers", "parking": "surface", "surface": null }, "geometry": { "type": "Point", "coordinates": [ 22.982349, 40.551956 ] } },
{ "type": "Feature", "properties": { "amenity": "parking", "name": null, "operator": null, "capacity": null, "fee": null, "access": "customers", "parking": "surface", "surface": null }, "geometry": { "type": "Point", "coordinates": [ 22.984268, 40.552404 ] } },
{ "type": "Feature", "properties": { "amenity": "parking", "name": null, "operator": null, "capacity": null, "fee": null, "access": "customers", "parking": "surface", "surface": null }, "geometry": { "type": "Point", "coordinates": [ 22.981868, 40.552679 ] } },
{ "type": "Feature", "properties": { "amenity": "parking", "name": null, "operator": null, "capacity": null, "fee": null, "access": "customers", "parking": "surface", "surface": null }, "geometry": { "type": "Point", "coordinates": [ 22.98444, 40.553924 ] } },
{ "type": "Feature", "properties": { "amenity": "parking", "name": null, "operator": null, "capacity": null, "fee": null, "access": "customers", "parking": "surface", "surface": null }, "geometry": { "type": "Point", "coordinates": [ 22.97636, 40.562845 ] } },
{ "type": "Feature", "properties": { "amenity": "parking", "name": null, "operator": "Mega Outlet", "capacity": null, "fee": "no", "access": "customers", "parking": "surface", "surface": null }, "geometry": { "type": "Point", "coordinates": [ 22.978916, 40.563676 ] } },
{ "type": "Feature", "properties": { "amenity": "parking", "name": null, "operator": null, "capacity": null, "fee": null, "access": "customers", "parking": "surface", "surface": null }, "geometry": { "type": "Point", "coordinates": [ 22.980694, 40.564424 ] } },
{ "type": "Feature", "properties": { "amenity": "parking", "name": null, "operator": null, "capacity": null, "fee": null, "access": "customers", "parking": "surface", "surface": null }, "geometry": { "type": "Point", "coordinates": [ 22.981225, 40.564518 ] } },
{ "type": "Feature", "properties": { "amenity": "parking", "name": null, "operator": null, "capacity": null, "fee": null, "access": "customers", "parking": "surface", "surface": null }, "geometry": { "type": "Point", "coordinates": [ 22.981839, 40.564629 ] } },
{ "type": "Feature", "properties": { "amenity": "parking", "name": null, "operator": null, "capacity": null, "fee": null, "access": "customers", "parking": "surface", "surface": null }, "geometry": { "type": "Point", "coordinates": [ 22.982654, 40.564639 ] } },
{ "type": "Feature", "properties": { "amenity": "parking", "name": null, "operator": null, "capacity": null, "fee": null, "access": "customers", "parking": null, "surface": null }, "geometry": { "type": "Point", "coordinates": [ 22.976136, 40.564569 ] } },
{ "type": "Feature", "properties": { "amenity": "parking", "name": null, "operator": null, "capacity": null, "fee": null, "access": "customers", "parking": "surface", "surface": null }, "geometry": { "type": "Point", "coordinates": [ 22.982328, 40.564702 ] } },
{ "type": "Feature", "properties": { "amenity": "parking", "name": null, "operator": null, "capacity": null, "fee": null, "access": "customers", "parking": null, "surface": null }, "geometry": { "type": "Point", "coordinates": [ 22.978164, 40.564724 ] } },
{ "type": "Feature", "properties": { "amenity": "parking", "name": null, "operator": null, "capacity": null, "fee": null, "access": "customers", "parking": "surface", "surface": null }, "geometry": { "type": "Point", "coordinates": [ 22.980566, 40.565469 ] } },
{ "type": "Feature", "properties": { "amenity": "parking", "name": null, "operator": null, "capacity": null, "fee": null, "access": "customers", "parking": "surface", "surface": null }, "geometry": { "type": "Point", "coordinates": [ 22.982314, 40.565622 ] } },
{ "type": "Feature", "properties": { "amenity": "parking", "name": null, "operator": null, "capacity": null, "fee": null, "access": "customers", "parking": null, "surface": null }, "geometry": { "type": "Point", "coordinates": [ 22.977324, 40.566698 ] } },
{ "type": "Feature", "properties": { "amenity": "parking", "name": null, "operator": null, "capacity": null, "fee": null, "access": null, "parking": null, "surface": null }, "geometry": { "type": "Point", "coordinates": [ 22.980748, 40.566954 ] } },
{ "type": "Feature", "properties": { "amenity": "parking", "name": null, "operator": null, "capacity": null, "fee": null, "access": "customers", "parking": null, "surface": null }, "geometry": { "type": "Point", "coordinates": [ 22.982766, 40.567281 ] } },
{ "type": "Feature", "properties": { "amenity": "parking", "name": null, "operator": null, "capacity": null, "fee": null, "access": "customers", "parking": null, "surface": null }, "geometry": { "type": "Point", "coordinates": [ 22.982298, 40.567357 ] } },
{ "type": "Feature", "properties": { "amenity": "parking", "name": null, "operator": null, "capacity": null, "fee": null, "access": "customers", "parking": "surface", "surface": null }, "geometry": { "type": "Point", "coordinates": [ 22.982525, 40.569004 ] } },
{ "type": "Feature", "properties": { "amenity": "parking", "name": null, "operator": null, "capacity": null, "fee": null, "access": "customers", "parking": null, "surface": null }, "geometry": { "type": "Point", "coordinates": [ 22.983303, 40.569346 ] } },
{ "type": "Feature", "properties": { "amenity": "parking", "name": null, "operator": null, "capacity": null, "fee": null, "access": "customers", "parking": "surface", "surface": null }, "geometry": { "type": "Point", "coordinates": [ 22.984294, 40.569459 ] } },
{ "type": "Feature", "properties": { "amenity": "parking", "name": null, "operator": null, "capacity": null, "fee": null, "access": "customers", "parking": null, "surface": null }, "geometry": { "type": "Point", "coordinates": [ 22.982583, 40.572861 ] } },
{ "type": "Feature", "properties": { "amenity": "parking", "name": null, "operator": null, "capacity": null, "fee": null, "access": "customers", "parking": null, "surface": null }, "geometry": { "type": "Point", "coordinates": [ 22.9813, 40.573313 ] } },
{ "type": "Feature", "properties": { "amenity": "parking", "name": null, "operator": null, "capacity": null, "fee": null, "access": "customers", "parking": null, "surface": null }, "geometry": { "type": "Point", "coordinates": [ 22.980745, 40.573675 ] } },
{ "type": "Feature", "properties": { "amenity": "parking", "name": null, "operator": null, "capacity": null, "fee": null, "access": null, "parking": "street_side", "surface": null }, "geometry": { "type": "Point", "coordinates": [ 22.96472, 40.572615 ] } },
{ "type": "Feature", "properties": { "amenity": "parking", "name": null, "operator": null, "capacity": null, "fee": null, "access": "customers", "parking": null, "surface": null }, "geometry": { "type": "Point", "coordinates": [ 22.960338, 40.572763 ] } },
{ "type": "Feature", "properties": { "amenity": "parking", "name": null, "operator": null, "capacity": null, "fee": null, "access": "customers", "parking": null, "surface": null }, "geometry": { "type": "Point", "coordinates": [ 22.970061, 40.573234 ] } },
{ "type": "Feature", "properties": { "amenity": "parking", "name": null, "operator": null, "capacity": null, "fee": null, "access": "customers", "parking": null, "surface": null }, "geometry": { "type": "Point", "coordinates": [ 22.970161, 40.573601 ] } },
{ "type": "Feature", "properties": { "amenity": "parking", "name": null, "operator": "Lidl", "capacity": null, "fee": null, "access": "customers", "parking": null, "surface": null }, "geometry": { "type": "Point", "coordinates": [ 22.960608, 40.573591 ] } },
{ "type": "Feature", "properties": { "amenity": "parking", "name": null, "operator": null, "capacity": null, "fee": null, "access": "customers", "parking": null, "surface": null }, "geometry": { "type": "Point", "coordinates": [ 22.970558, 40.573981 ] } },
{ "type": "Feature", "properties": { "amenity": "parking", "name": null, "operator": null, "capacity": null, "fee": null, "access": "customers", "parking": null, "surface": null }, "geometry": { "type": "Point", "coordinates": [ 22.969693, 40.574004 ] } },
{ "type": "Feature", "properties": { "amenity": "parking", "name": null, "operator": null, "capacity": null, "fee": null, "access": null, "parking": null, "surface": null }, "geometry": { "type": "Point", "coordinates": [ 22.970789, 40.577266 ] } },
{ "type": "Feature", "properties": { "amenity": "parking", "name": null, "operator": null, "capacity": null, "fee": "no", "access": "yes", "parking": "surface", "surface": null }, "geometry": { "type": "Point", "coordinates": [ 22.964062, 40.577785 ] } },
{ "type": "Feature", "properties": { "amenity": "parking", "name": null, "operator": null, "capacity": null, "fee": null, "access": null, "parking": null, "surface": null }, "geometry": { "type": "Point", "coordinates": [ 22.97116, 40.579041 ] } },
{ "type": "Feature", "properties": { "amenity": "parking", "name": null, "operator": null, "capacity": null, "fee": null, "access": "customers", "parking": null, "surface": null }, "geometry": { "type": "Point", "coordinates": [ 22.980287, 40.57571 ] } },
{ "type": "Feature", "properties": { "amenity": "parking", "name": null, "operator": null, "capacity": null, "fee": null, "access": "customers", "parking": null, "surface": null }, "geometry": { "type": "Point", "coordinates": [ 22.978222, 40.57626 ] } },
{ "type": "Feature", "properties": { "amenity": "parking", "name": null, "operator": null, "capacity": null, "fee": null, "access": "customers", "parking": null, "surface": null }, "geometry": { "type": "Point", "coordinates": [ 22.975604, 40.576861 ] } },
{ "type": "Feature", "properties": { "amenity": "parking", "name": null, "operator": null, "capacity": null, "fee": null, "access": "customers", "parking": null, "surface": null }, "geometry": { "type": "Point", "coordinates": [ 22.979647, 40.577009 ] } },
{ "type": "Feature", "properties": { "amenity": "parking", "name": null, "operator": null, "capacity": null, "fee": null, "access": "customers", "parking": null, "surface": null }, "geometry": { "type": "Point", "coordinates": [ 22.973763, 40.57747 ] } },
{ "type": "Feature", "properties": { "amenity": "parking", "name": null, "operator": null, "capacity": null, "fee": null, "access": "customers", "parking": null, "surface": null }, "geometry": { "type": "Point", "coordinates": [ 22.97926, 40.577844 ] } },
{ "type": "Feature", "properties": { "amenity": "parking", "name": null, "operator": null, "capacity": null, "fee": null, "access": "customers", "parking": null, "surface": null }, "geometry": { "type": "Point", "coordinates": [ 22.97377, 40.578169 ] } },
{ "type": "Feature", "properties": { "amenity": "parking", "name": null, "operator": null, "capacity": null, "fee": null, "access": "customers", "parking": null, "surface": null }, "geometry": { "type": "Point", "coordinates": [ 22.978001, 40.578588 ] } },
{ "type": "Feature", "properties": { "amenity": "parking", "name": null, "operator": null, "capacity": null, "fee": null, "access": "customers", "parking": null, "surface": null }, "geometry": { "type": "Point", "coordinates": [ 22.975096, 40.578947 ] } },
{ "type": "Feature", "properties": { "amenity": "parking", "name": null, "operator": null, "capacity": null, "fee": null, "access": "customers", "parking": null, "surface": null }, "geometry": { "type": "Point", "coordinates": [ 22.979868, 40.580414 ] } },
{ "type": "Feature", "properties": { "amenity": "parking", "name": null, "operator": null, "capacity": null, "fee": null, "access": null, "parking": null, "surface": null }, "geometry": { "type": "Point", "coordinates": [ 22.949468, 40.57423 ] } },
{ "type": "Feature", "properties": { "amenity": "parking", "name": null, "operator": null, "capacity": null, "fee": "no", "access": "yes", "parking": "surface", "surface": null }, "geometry": { "type": "Point", "coordinates": [ 22.955979, 40.58011 ] } },
{ "type": "Feature", "properties": { "amenity": "parking", "name": null, "operator": null, "capacity": null, "fee": "no", "access": "yes", "parking": "surface", "surface": "unpaved" }, "geometry": { "type": "Point", "coordinates": [ 22.954129, 40.583981 ] } },
{ "type": "Feature", "properties": { "amenity": "parking", "name": null, "operator": null, "capacity": null, "fee": "no", "access": "yes", "parking": "surface", "surface": "unpaved" }, "geometry": { "type": "Point", "coordinates": [ 22.959016, 40.584265 ] } },
{ "type": "Feature", "properties": { "amenity": "parking", "name": null, "operator": null, "capacity": null, "fee": null, "access": "private", "parking": "surface", "surface": null }, "geometry": { "type": "Point", "coordinates": [ 22.95337, 40.587424 ] } },
{ "type": "Feature", "properties": { "amenity": "parking", "name": null, "operator": null, "capacity": null, "fee": null, "access": "private", "parking": "surface", "surface": "concrete" }, "geometry": { "type": "Point", "coordinates": [ 22.953397, 40.587629 ] } },
{ "type": "Feature", "properties": { "amenity": "parking", "name": null, "operator": null, "capacity": null, "fee": null, "access": "private", "parking": "surface", "surface": null }, "geometry": { "type": "Point", "coordinates": [ 22.953286, 40.587637 ] } },
{ "type": "Feature", "properties": { "amenity": "parking", "name": null, "operator": null, "capacity": null, "fee": null, "access": "private", "parking": "surface", "surface": null }, "geometry": { "type": "Point", "coordinates": [ 22.953631, 40.587658 ] } },
{ "type": "Feature", "properties": { "amenity": "parking", "name": null, "operator": null, "capacity": null, "fee": null, "access": "private", "parking": "underground", "surface": "concrete" }, "geometry": { "type": "Point", "coordinates": [ 22.95365, 40.587682 ] } },
{ "type": "Feature", "properties": { "amenity": "parking", "name": null, "operator": null, "capacity": null, "fee": null, "access": null, "parking": "surface", "surface": "gravel" }, "geometry": { "type": "Point", "coordinates": [ 22.953558, 40.588422 ] } },
{ "type": "Feature", "properties": { "amenity": "parking", "name": null, "operator": null, "capacity": null, "fee": "no", "access": null, "parking": null, "surface": null }, "geometry": { "type": "Point", "coordinates": [ 22.933938, 40.42298 ] } },
{ "type": "Feature", "properties": { "amenity": "parking", "name": null, "operator": null, "capacity": null, "fee": null, "access": null, "parking": null, "surface": null }, "geometry": { "type": "Point", "coordinates": [ 22.934927, 40.423453 ] } },
{ "type": "Feature", "properties": { "amenity": "parking", "name": null, "operator": null, "capacity": null, "fee": null, "access": null, "parking": null, "surface": null }, "geometry": { "type": "Point", "coordinates": [ 22.929988, 40.429084 ] } },
{ "type": "Feature", "properties": { "amenity": "parking", "name": null, "operator": null, "capacity": null, "fee": "no", "access": null, "parking": "surface", "surface": "asphalt" }, "geometry": { "type": "Point", "coordinates": [ 22.925529, 40.449518 ] } },
{ "type": "Feature", "properties": { "amenity": "parking", "name": null, "operator": null, "capacity": null, "fee": null, "access": null, "parking": "surface", "surface": null }, "geometry": { "type": "Point", "coordinates": [ 22.925263, 40.450712 ] } },
{ "type": "Feature", "properties": { "amenity": "parking", "name": null, "operator": null, "capacity": null, "fee": "no", "access": "customers", "parking": "surface", "surface": "asphalt" }, "geometry": { "type": "Point", "coordinates": [ 22.930262, 40.473336 ] } },
{ "type": "Feature", "properties": { "amenity": "parking", "name": null, "operator": null, "capacity": null, "fee": null, "access": null, "parking": null, "surface": null }, "geometry": { "type": "Point", "coordinates": [ 22.928985, 40.495941 ] } },
{ "type": "Feature", "properties": { "amenity": "parking", "name": null, "operator": null, "capacity": null, "fee": null, "access": null, "parking": null, "surface": null }, "geometry": { "type": "Point", "coordinates": [ 22.917926, 40.501933 ] } },
{ "type": "Feature", "properties": { "amenity": "parking", "name": null, "operator": null, "capacity": null, "fee": "no", "access": "customers", "parking": "surface", "surface": "paving_stones" }, "geometry": { "type": "Point", "coordinates": [ 22.915349, 40.502278 ] } },
{ "type": "Feature", "properties": { "amenity": "parking", "name": null, "operator": "Σκλαβενίτης", "capacity": null, "fee": "no", "access": "customers", "parking": "surface", "surface": "asphalt" }, "geometry": { "type": "Point", "coordinates": [ 22.917235, 40.504058 ] } },
{ "type": "Feature", "properties": { "amenity": "parking", "name": null, "operator": null, "capacity": null, "fee": null, "access": null, "parking": null, "surface": null }, "geometry": { "type": "Point", "coordinates": [ 22.936458, 40.502431 ] } },
{ "type": "Feature", "properties": { "amenity": "parking", "name": null, "operator": null, "capacity": null, "fee": null, "access": null, "parking": null, "surface": null }, "geometry": { "type": "Point", "coordinates": [ 22.936769, 40.513042 ] } },
{ "type": "Feature", "properties": { "amenity": "parking", "name": null, "operator": null, "capacity": null, "fee": null, "access": null, "parking": null, "surface": null }, "geometry": { "type": "Point", "coordinates": [ 22.947747, 40.575676 ] } },
{ "type": "Feature", "properties": { "amenity": "parking", "name": null, "operator": null, "capacity": null, "fee": "no", "access": "yes", "parking": null, "surface": null }, "geometry": { "type": "Point", "coordinates": [ 22.943351, 40.577524 ] } },
{ "type": "Feature", "properties": { "amenity": "parking", "name": null, "operator": null, "capacity": null, "fee": null, "access": null, "parking": "street_side", "surface": null }, "geometry": { "type": "Point", "coordinates": [ 22.948489, 40.582268 ] } },
{ "type": "Feature", "properties": { "amenity": "parking", "name": null, "operator": null, "capacity": null, "fee": null, "access": null, "parking": "lane", "surface": null }, "geometry": { "type": "Point", "coordinates": [ 22.94842, 40.582317 ] } },
{ "type": "Feature", "properties": { "amenity": "parking", "name": null, "operator": null, "capacity": null, "fee": null, "access": null, "parking": null, "surface": null }, "geometry": { "type": "Point", "coordinates": [ 22.944604, 40.583456 ] } },
{ "type": "Feature", "properties": { "amenity": "parking", "name": null, "operator": null, "capacity": null, "fee": null, "access": null, "parking": null, "surface": null }, "geometry": { "type": "Point", "coordinates": [ 22.946665, 40.585855 ] } },
{ "type": "Feature", "properties": { "amenity": "parking", "name": null, "operator": null, "capacity": null, "fee": null, "access": "customers", "parking": "surface", "surface": null }, "geometry": { "type": "Point", "coordinates": [ 22.939643, 40.586387 ] } },
{ "type": "Feature", "properties": { "amenity": "parking", "name": null, "operator": null, "capacity": null, "fee": null, "access": null, "parking": null, "surface": null }, "geometry": { "type": "Point", "coordinates": [ 22.945673, 40.590137 ] } },
{ "type": "Feature", "properties": { "amenity": "parking", "name": null, "operator": null, "capacity": null, "fee": null, "access": null, "parking": null, "surface": null }, "geometry": { "type": "Point", "coordinates": [ 22.862769, 40.458915 ] } },
{ "type": "Feature", "properties": { "amenity": "parking", "name": null, "operator": null, "capacity": null, "fee": null, "access": null, "parking": "surface", "surface": "unpaved" }, "geometry": { "type": "Point", "coordinates": [ 22.8579, 40.463057 ] } },
{ "type": "Feature", "properties": { "amenity": "parking", "name": null, "operator": null, "capacity": null, "fee": null, "access": null, "parking": "surface", "surface": null }, "geometry": { "type": "Point", "coordinates": [ 22.856242, 40.466038 ] } },
{ "type": "Feature", "properties": { "amenity": "parking", "name": null, "operator": null, "capacity": null, "fee": "no", "access": "yes", "parking": "surface", "surface": "asphalt" }, "geometry": { "type": "Point", "coordinates": [ 22.857788, 40.46689 ] } },
{ "type": "Feature", "properties": { "amenity": "parking", "name": null, "operator": null, "capacity": null, "fee": "no", "access": "yes", "parking": "surface", "surface": "asphalt" }, "geometry": { "type": "Point", "coordinates": [ 22.860061, 40.46958 ] } },
{ "type": "Feature", "properties": { "amenity": "parking", "name": null, "operator": null, "capacity": null, "fee": null, "access": null, "parking": null, "surface": null }, "geometry": { "type": "Point", "coordinates": [ 22.886346, 40.473641 ] } },
{ "type": "Feature", "properties": { "amenity": "parking", "name": null, "operator": null, "capacity": null, "fee": "no", "access": "yes", "parking": "surface", "surface": "paving_stones" }, "geometry": { "type": "Point", "coordinates": [ 22.8686, 40.484004 ] } },
{ "type": "Feature", "properties": { "amenity": "parking", "name": null, "operator": null, "capacity": null, "fee": null, "access": "private", "parking": "surface", "surface": "unpaved" }, "geometry": { "type": "Point", "coordinates": [ 22.904049, 40.503845 ] } },
{ "type": "Feature", "properties": { "amenity": "parking", "name": null, "operator": null, "capacity": null, "fee": null, "access": null, "parking": null, "surface": null }, "geometry": { "type": "Point", "coordinates": [ 22.736772, 40.618851 ] } },
{ "type": "Feature", "properties": { "amenity": "parking", "name": null, "operator": null, "capacity": null, "fee": "no", "access": "yes", "parking": "surface", "surface": null }, "geometry": { "type": "Point", "coordinates": [ 22.858149, 40.636323 ] } },
{ "type": "Feature", "properties": { "amenity": "parking", "name": null, "operator": null, "capacity": null, "fee": null, "access": null, "parking": null, "surface": null }, "geometry": { "type": "Point", "coordinates": [ 22.923462, 40.506178 ] } },
{ "type": "Feature", "properties": { "amenity": "parking", "name": null, "operator": null, "capacity": null, "fee": null, "access": null, "parking": null, "surface": null }, "geometry": { "type": "Point", "coordinates": [ 22.928392, 40.506991 ] } },
{ "type": "Feature", "properties": { "amenity": "parking", "name": null, "operator": null, "capacity": null, "fee": null, "access": null, "parking": null, "surface": null }, "geometry": { "type": "Point", "coordinates": [ 22.931956, 40.507545 ] } },
{ "type": "Feature", "properties": { "amenity": "parking", "name": null, "operator": null, "capacity": null, "fee": "no", "access": "yes", "parking": "surface", "surface": "ground" }, "geometry": { "type": "Point", "coordinates": [ 22.923406, 40.507501 ] } },
{ "type": "Feature", "properties": { "amenity": "parking", "name": null, "operator": null, "capacity": null, "fee": null, "access": null, "parking": null, "surface": null }, "geometry": { "type": "Point", "coordinates": [ 22.931368, 40.507607 ] } },
{ "type": "Feature", "properties": { "amenity": "parking", "name": null, "operator": null, "capacity": null, "fee": "no", "access": "yes", "parking": "surface", "surface": "ground" }, "geometry": { "type": "Point", "coordinates": [ 22.922704, 40.508323 ] } },
{ "type": "Feature", "properties": { "amenity": "parking", "name": null, "operator": null, "capacity": null, "fee": null, "access": null, "parking": null, "surface": null }, "geometry": { "type": "Point", "coordinates": [ 22.931462, 40.510087 ] } },
{ "type": "Feature", "properties": { "amenity": "parking", "name": null, "operator": null, "capacity": null, "fee": null, "access": null, "parking": null, "surface": null }, "geometry": { "type": "Point", "coordinates": [ 22.924776, 40.637345 ] } },
{ "type": "Feature", "properties": { "amenity": "parking", "name": null, "operator": null, "capacity": null, "fee": null, "access": null, "parking": null, "surface": null }, "geometry": { "type": "Point", "coordinates": [ 22.9247, 40.638003 ] } },
{ "type": "Feature", "properties": { "amenity": "parking", "name": null, "operator": null, "capacity": null, "fee": null, "access": null, "parking": null, "surface": null }, "geometry": { "type": "Point", "coordinates": [ 22.924534, 40.639339 ] } },
{ "type": "Feature", "properties": { "amenity": "parking", "name": null, "operator": null, "capacity": null, "fee": "no", "access": "yes", "parking": "street_side", "surface": "asphalt" }, "geometry": { "type": "Point", "coordinates": [ 22.948344, 40.597363 ] } },
{ "type": "Feature", "properties": { "amenity": "parking", "name": null, "operator": null, "capacity": null, "fee": "no", "access": "yes", "parking": "street_side", "surface": "asphalt" }, "geometry": { "type": "Point", "coordinates": [ 22.948246, 40.597604 ] } },
{ "type": "Feature", "properties": { "amenity": "parking", "name": null, "operator": null, "capacity": null, "fee": null, "access": "permissive", "parking": null, "surface": null }, "geometry": { "type": "Point", "coordinates": [ 22.935837, 40.633395 ] } },
{ "type": "Feature", "properties": { "amenity": "parking", "name": null, "operator": null, "capacity": null, "fee": null, "access": "permissive", "parking": "surface", "surface": null }, "geometry": { "type": "Point", "coordinates": [ 22.935103, 40.633865 ] } },
{ "type": "Feature", "properties": { "amenity": "parking", "name": "Πλατεία Ελευθερίας", "operator": "Δήμος Θεσσαλονίκης", "capacity": "135", "fee": "interval", "access": "yes", "parking": "surface", "surface": "asphalt" }, "geometry": { "type": "Point", "coordinates": [ 22.938056, 40.633936 ] } },
{ "type": "Feature", "properties": { "amenity": "parking", "name": null, "operator": "ΟΛΘ", "capacity": "350", "fee": "yes", "access": "yes", "parking": "surface", "surface": "asphalt" }, "geometry": { "type": "Point", "coordinates": [ 22.93514, 40.634604 ] } },
{ "type": "Feature", "properties": { "amenity": "parking", "name": null, "operator": null, "capacity": null, "fee": null, "access": null, "parking": null, "surface": null }, "geometry": { "type": "Point", "coordinates": [ 22.934522, 40.635034 ] } },
{ "type": "Feature", "properties": { "amenity": "parking", "name": null, "operator": null, "capacity": null, "fee": null, "access": null, "parking": null, "surface": null }, "geometry": { "type": "Point", "coordinates": [ 22.933864, 40.635213 ] } },
{ "type": "Feature", "properties": { "amenity": "parking", "name": null, "operator": null, "capacity": null, "fee": null, "access": null, "parking": null, "surface": null }, "geometry": { "type": "Point", "coordinates": [ 22.93396, 40.635511 ] } },
{ "type": "Feature", "properties": { "amenity": "parking", "name": null, "operator": null, "capacity": null, "fee": null, "access": null, "parking": null, "surface": null }, "geometry": { "type": "Point", "coordinates": [ 22.934992, 40.636008 ] } },
{ "type": "Feature", "properties": { "amenity": "parking", "name": null, "operator": null, "capacity": null, "fee": "yes", "access": "yes", "parking": "surface", "surface": null }, "geometry": { "type": "Point", "coordinates": [ 22.946629, 40.636289 ] } },
{ "type": "Feature", "properties": { "amenity": "parking", "name": null, "operator": null, "capacity": null, "fee": "yes", "access": "yes", "parking": "surface", "surface": null }, "geometry": { "type": "Point", "coordinates": [ 22.946076, 40.636338 ] } },
{ "type": "Feature", "properties": { "amenity": "parking", "name": "Σταθμός αυτοκινήτων \"Αδελφοί Γεωργιάδη Ο.Ε.\"", "operator": null, "capacity": null, "fee": "yes", "access": "yes", "parking": "surface", "surface": null }, "geometry": { "type": "Point", "coordinates": [ 22.935578, 40.636522 ] } },
{ "type": "Feature", "properties": { "amenity": "parking", "name": "Grand Parking", "operator": null, "capacity": null, "fee": "yes", "access": "yes", "parking": "multi-storey", "surface": null }, "geometry": { "type": "Point", "coordinates": [ 22.93417, 40.637221 ] } },
{ "type": "Feature", "properties": { "amenity": "parking", "name": null, "operator": null, "capacity": null, "fee": "yes", "access": "yes", "parking": "street_side", "surface": null }, "geometry": { "type": "Point", "coordinates": [ 22.94417, 40.637529 ] } },
{ "type": "Feature", "properties": { "amenity": "parking", "name": null, "operator": null, "capacity": null, "fee": "yes", "access": "yes", "parking": "surface", "surface": null }, "geometry": { "type": "Point", "coordinates": [ 22.935975, 40.637731 ] } },
{ "type": "Feature", "properties": { "amenity": "parking", "name": null, "operator": "Parking Κιβωτός", "capacity": null, "fee": "yes", "access": "yes", "parking": "underground", "surface": null }, "geometry": { "type": "Point", "coordinates": [ 22.934871, 40.637756 ] } },
{ "type": "Feature", "properties": { "amenity": "parking", "name": null, "operator": null, "capacity": null, "fee": "yes", "access": null, "parking": null, "surface": "asphalt" }, "geometry": { "type": "Point", "coordinates": [ 22.93434, 40.637865 ] } },
{ "type": "Feature", "properties": { "amenity": "parking", "name": null, "operator": null, "capacity": null, "fee": null, "access": null, "parking": "surface", "surface": null }, "geometry": { "type": "Point", "coordinates": [ 22.934926, 40.638218 ] } },
{ "type": "Feature", "properties": { "amenity": "parking", "name": null, "operator": null, "capacity": null, "fee": null, "access": null, "parking": "street_side", "surface": null }, "geometry": { "type": "Point", "coordinates": [ 22.947757, 40.639497 ] } },
{ "type": "Feature", "properties": { "amenity": "parking", "name": null, "operator": null, "capacity": null, "fee": "yes", "access": "yes", "parking": "surface", "surface": null }, "geometry": { "type": "Point", "coordinates": [ 22.932294, 40.640776 ] } },
{ "type": "Feature", "properties": { "amenity": "parking", "name": null, "operator": null, "capacity": "10", "fee": "no", "access": "private", "parking": "sheds", "surface": "asphalt" }, "geometry": { "type": "Point", "coordinates": [ 22.926423, 40.641186 ] } },
{ "type": "Feature", "properties": { "amenity": "parking", "name": null, "operator": null, "capacity": "7", "fee": "no", "access": "private", "parking": "sheds", "surface": "asphalt" }, "geometry": { "type": "Point", "coordinates": [ 22.925088, 40.641504 ] } },
{ "type": "Feature", "properties": { "amenity": "parking", "name": null, "operator": null, "capacity": "5", "fee": "no", "access": "customers", "parking": "surface", "surface": "asphalt" }, "geometry": { "type": "Point", "coordinates": [ 22.925077, 40.641543 ] } },
{ "type": "Feature", "properties": { "amenity": "parking", "name": null, "operator": null, "capacity": "10", "fee": "no", "access": "customers", "parking": "surface", "surface": "asphalt" }, "geometry": { "type": "Point", "coordinates": [ 22.925304, 40.641574 ] } },
{ "type": "Feature", "properties": { "amenity": "parking", "name": null, "operator": null, "capacity": null, "fee": "yes", "access": "yes", "parking": "surface", "surface": null }, "geometry": { "type": "Point", "coordinates": [ 22.930975, 40.642231 ] } },
{ "type": "Feature", "properties": { "amenity": "parking", "name": null, "operator": null, "capacity": null, "fee": null, "access": null, "parking": "surface", "surface": null }, "geometry": { "type": "Point", "coordinates": [ 22.911664, 40.642535 ] } },
{ "type": "Feature", "properties": { "amenity": "parking", "name": "Arda Tur Bulgaria", "operator": null, "capacity": null, "fee": "yes", "access": "yes", "parking": "surface", "surface": null }, "geometry": { "type": "Point", "coordinates": [ 22.929579, 40.642957 ] } },
{ "type": "Feature", "properties": { "amenity": "parking", "name": null, "operator": null, "capacity": null, "fee": null, "access": null, "parking": "surface", "surface": null }, "geometry": { "type": "Point", "coordinates": [ 22.908968, 40.642956 ] } },
{ "type": "Feature", "properties": { "amenity": "parking", "name": null, "operator": null, "capacity": null, "fee": null, "access": null, "parking": "surface", "surface": null }, "geometry": { "type": "Point", "coordinates": [ 22.909597, 40.643026 ] } },
{ "type": "Feature", "properties": { "amenity": "parking", "name": "Πλατεία Δικαιοσύνης", "operator": "Δικηγοριικός Σύλλογος Θεσσαλονίκης", "capacity": null, "fee": null, "access": "customers", "parking": "surface", "surface": "asphalt" }, "geometry": { "type": "Point", "coordinates": [ 22.933825, 40.639551 ] } },
{ "type": "Feature", "properties": { "amenity": "parking", "name": null, "operator": null, "capacity": null, "fee": "yes", "access": "private", "parking": "surface", "surface": null }, "geometry": { "type": "Point", "coordinates": [ 22.937879, 40.639903 ] } },
{ "type": "Feature", "properties": { "amenity": "parking", "name": null, "operator": null, "capacity": null, "fee": null, "access": null, "parking": null, "surface": null }, "geometry": { "type": "Point", "coordinates": [ 22.939247, 40.640085 ] } },
{ "type": "Feature", "properties": { "amenity": "parking", "name": null, "operator": null, "capacity": null, "fee": null, "access": null, "parking": null, "surface": null }, "geometry": { "type": "Point", "coordinates": [ 22.934237, 40.640579 ] } },
{ "type": "Feature", "properties": { "amenity": "parking", "name": null, "operator": null, "capacity": null, "fee": null, "access": null, "parking": "street_side", "surface": null }, "geometry": { "type": "Point", "coordinates": [ 22.93714, 40.640714 ] } },
{ "type": "Feature", "properties": { "amenity": "parking", "name": null, "operator": null, "capacity": null, "fee": null, "access": "private", "parking": "surface", "surface": null }, "geometry": { "type": "Point", "coordinates": [ 22.937607, 40.641674 ] } },
{ "type": "Feature", "properties": { "amenity": "parking", "name": null, "operator": null, "capacity": null, "fee": "no", "access": "yes", "parking": "surface", "surface": null }, "geometry": { "type": "Point", "coordinates": [ 22.947475, 40.642395 ] } },
{ "type": "Feature", "properties": { "amenity": "parking", "name": null, "operator": null, "capacity": null, "fee": "no", "access": "yes", "parking": "surface", "surface": null }, "geometry": { "type": "Point", "coordinates": [ 22.943672, 40.644074 ] } },
{ "type": "Feature", "properties": { "amenity": "parking", "name": null, "operator": "Δήμος Θεσσαλονίκης", "capacity": "30", "fee": "no", "access": "yes", "parking": "surface", "surface": "asphalt" }, "geometry": { "type": "Point", "coordinates": [ 22.934193, 40.644779 ] } },
{ "type": "Feature", "properties": { "amenity": "parking", "name": null, "operator": null, "capacity": null, "fee": "no", "access": "yes", "parking": "surface", "surface": null }, "geometry": { "type": "Point", "coordinates": [ 22.934653, 40.645004 ] } },
{ "type": "Feature", "properties": { "amenity": "parking", "name": null, "operator": null, "capacity": null, "fee": null, "access": null, "parking": "surface", "surface": null }, "geometry": { "type": "Point", "coordinates": [ 22.909624, 40.643236 ] } },
{ "type": "Feature", "properties": { "amenity": "parking", "name": null, "operator": null, "capacity": "60", "fee": "yes", "access": "yes", "parking": "surface", "surface": "asphalt" }, "geometry": { "type": "Point", "coordinates": [ 22.93017, 40.643494 ] } },
{ "type": "Feature", "properties": { "amenity": "parking", "name": null, "operator": "Δήμος Θεσσαλονίκης", "capacity": "180", "fee": "no", "access": "yes", "parking": "surface", "surface": "asphalt" }, "geometry": { "type": "Point", "coordinates": [ 22.919755, 40.645138 ] } },
{ "type": "Feature", "properties": { "amenity": "parking", "name": null, "operator": null, "capacity": null, "fee": "no", "access": "no", "parking": "surface", "surface": "asphalt" }, "geometry": { "type": "Point", "coordinates": [ 22.926934, 40.645545 ] } },
{ "type": "Feature", "properties": { "amenity": "parking", "name": null, "operator": null, "capacity": null, "fee": null, "access": "customers", "parking": null, "surface": "asphalt" }, "geometry": { "type": "Point", "coordinates": [ 22.916998, 40.645802 ] } },
{ "type": "Feature", "properties": { "amenity": "parking", "name": null, "operator": null, "capacity": null, "fee": null, "access": "yes", "parking": "surface", "surface": null }, "geometry": { "type": "Point", "coordinates": [ 22.929674, 40.653197 ] } },
{ "type": "Feature", "properties": { "amenity": "parking", "name": null, "operator": null, "capacity": null, "fee": null, "access": "private", "parking": null, "surface": null }, "geometry": { "type": "Point", "coordinates": [ 22.901867, 40.65327 ] } },
{ "type": "Feature", "properties": { "amenity": "parking", "name": "Υπόγειος Σταθμός Αυτοκινήτων ΔΧ", "operator": "ΒΙΟΜΗΧΑΝΙΑ ΒΑΜΒΑΚΟΣ ΑΝΤΩΝΙΑΔΗ Β ΑΕ", "capacity": "623", "fee": null, "access": "private", "parking": "underground", "surface": null }, "geometry": { "type": "Point", "coordinates": [ 22.906625, 40.653684 ] } },
{ "type": "Feature", "properties": { "amenity": "parking", "name": null, "operator": "Grand Hotel Palace", "capacity": null, "fee": "yes", "access": "customers", "parking": "surface", "surface": "gravel" }, "geometry": { "type": "Point", "coordinates": [ 22.907535, 40.653787 ] } },
{ "type": "Feature", "properties": { "amenity": "parking", "name": null, "operator": "Kiddo", "capacity": null, "fee": null, "access": "customers", "parking": "surface", "surface": null }, "geometry": { "type": "Point", "coordinates": [ 22.9072, 40.653857 ] } },
{ "type": "Feature", "properties": { "amenity": "parking", "name": null, "operator": null, "capacity": null, "fee": null, "access": null, "parking": null, "surface": null }, "geometry": { "type": "Point", "coordinates": [ 22.946137, 40.646851 ] } },
{ "type": "Feature", "properties": { "amenity": "parking", "name": null, "operator": null, "capacity": null, "fee": null, "access": null, "parking": null, "surface": null }, "geometry": { "type": "Point", "coordinates": [ 22.94592, 40.647279 ] } },
{ "type": "Feature", "properties": { "amenity": "parking", "name": null, "operator": null, "capacity": null, "fee": "no", "access": "yes", "parking": "surface", "surface": "asphalt" }, "geometry": { "type": "Point", "coordinates": [ 22.933813, 40.647656 ] } },
{ "type": "Feature", "properties": { "amenity": "parking", "name": "Δημοτικό Πάρκινγκ", "operator": null, "capacity": null, "fee": "no", "access": "yes", "parking": "surface", "surface": null }, "geometry": { "type": "Point", "coordinates": [ 22.944311, 40.653707 ] } },
{ "type": "Feature", "properties": { "amenity": "parking", "name": null, "operator": null, "capacity": null, "fee": "no", "access": "customers", "parking": "surface", "surface": "asphalt" }, "geometry": { "type": "Point", "coordinates": [ 22.934704, 40.653663 ] } },
{ "type": "Feature", "properties": { "amenity": "parking", "name": "Δημοτικό Πάρκινγκ", "operator": null, "capacity": null, "fee": "no", "access": "yes", "parking": "surface", "surface": null }, "geometry": { "type": "Point", "coordinates": [ 22.944948, 40.65408 ] } },
{ "type": "Feature", "properties": { "amenity": "parking", "name": "Δημοτικό Πάρκινγκ", "operator": null, "capacity": null, "fee": "no", "access": "yes", "parking": "surface", "surface": null }, "geometry": { "type": "Point", "coordinates": [ 22.94564, 40.6545 ] } },
{ "type": "Feature", "properties": { "amenity": "parking", "name": "Δημοτικό Πάρκινγκ", "operator": null, "capacity": null, "fee": "no", "access": "yes", "parking": "surface", "surface": null }, "geometry": { "type": "Point", "coordinates": [ 22.946386, 40.654976 ] } },
{ "type": "Feature", "properties": { "amenity": "parking", "name": null, "operator": null, "capacity": null, "fee": null, "access": null, "parking": null, "surface": null }, "geometry": { "type": "Point", "coordinates": [ 22.943686, 40.655753 ] } },
{ "type": "Feature", "properties": { "amenity": "parking", "name": null, "operator": null, "capacity": null, "fee": null, "access": null, "parking": null, "surface": null }, "geometry": { "type": "Point", "coordinates": [ 22.946455, 40.655866 ] } },
{ "type": "Feature", "properties": { "amenity": "parking", "name": null, "operator": null, "capacity": null, "fee": null, "access": "customers", "parking": null, "surface": null }, "geometry": { "type": "Point", "coordinates": [ 22.990654, 40.555393 ] } },
{ "type": "Feature", "properties": { "amenity": "parking", "name": null, "operator": null, "capacity": null, "fee": null, "access": "customers", "parking": "surface", "surface": null }, "geometry": { "type": "Point", "coordinates": [ 22.987773, 40.556441 ] } },
{ "type": "Feature", "properties": { "amenity": "parking", "name": null, "operator": null, "capacity": "22", "fee": "no", "access": "permissive", "parking": "surface", "surface": "asphalt" }, "geometry": { "type": "Point", "coordinates": [ 22.99218, 40.556642 ] } },
{ "type": "Feature", "properties": { "amenity": "parking", "name": null, "operator": null, "capacity": null, "fee": null, "access": "private", "parking": "surface", "surface": null }, "geometry": { "type": "Point", "coordinates": [ 22.988439, 40.556664 ] } },
{ "type": "Feature", "properties": { "amenity": "parking", "name": null, "operator": null, "capacity": null, "fee": null, "access": "private", "parking": "surface", "surface": null }, "geometry": { "type": "Point", "coordinates": [ 22.987714, 40.556858 ] } },
{ "type": "Feature", "properties": { "amenity": "parking", "name": null, "operator": null, "capacity": null, "fee": null, "access": "customers", "parking": "surface", "surface": null }, "geometry": { "type": "Point", "coordinates": [ 22.990586, 40.557378 ] } },
{ "type": "Feature", "properties": { "amenity": "parking", "name": null, "operator": null, "capacity": null, "fee": null, "access": "customers", "parking": "surface", "surface": null }, "geometry": { "type": "Point", "coordinates": [ 22.988224, 40.557466 ] } },
{ "type": "Feature", "properties": { "amenity": "parking", "name": null, "operator": null, "capacity": null, "fee": null, "access": "customers", "parking": null, "surface": null }, "geometry": { "type": "Point", "coordinates": [ 22.987678, 40.565062 ] } },
{ "type": "Feature", "properties": { "amenity": "parking", "name": null, "operator": null, "capacity": null, "fee": null, "access": "customers", "parking": null, "surface": null }, "geometry": { "type": "Point", "coordinates": [ 22.987022, 40.567082 ] } },
{ "type": "Feature", "properties": { "amenity": "parking", "name": null, "operator": "N.O.D.O.", "capacity": null, "fee": "no", "access": "customers", "parking": "surface", "surface": "asphalt" }, "geometry": { "type": "Point", "coordinates": [ 22.985949, 40.567641 ] } },
{ "type": "Feature", "properties": { "amenity": "parking", "name": null, "operator": null, "capacity": null, "fee": "no", "access": "customers", "parking": null, "surface": "asphalt" }, "geometry": { "type": "Point", "coordinates": [ 23.030085, 40.539733 ] } },
{ "type": "Feature", "properties": { "amenity": "parking", "name": null, "operator": null, "capacity": null, "fee": "no", "access": "customers", "parking": null, "surface": "asphalt" }, "geometry": { "type": "Point", "coordinates": [ 23.030632, 40.539793 ] } },
{ "type": "Feature", "properties": { "amenity": "parking", "name": null, "operator": null, "capacity": null, "fee": null, "access": null, "parking": "surface", "surface": "asphalt" }, "geometry": { "type": "Point", "coordinates": [ 23.028183, 40.544678 ] } },
{ "type": "Feature", "properties": { "amenity": "parking", "name": null, "operator": null, "capacity": null, "fee": null, "access": null, "parking": null, "surface": null }, "geometry": { "type": "Point", "coordinates": [ 23.050735, 40.549384 ] } },
{ "type": "Feature", "properties": { "amenity": "parking", "name": null, "operator": null, "capacity": null, "fee": "no", "access": "yes", "parking": "surface", "surface": null }, "geometry": { "type": "Point", "coordinates": [ 23.033798, 40.555288 ] } },
{ "type": "Feature", "properties": { "amenity": "parking", "name": null, "operator": null, "capacity": null, "fee": null, "access": null, "parking": null, "surface": null }, "geometry": { "type": "Point", "coordinates": [ 23.036197, 40.556621 ] } },
{ "type": "Feature", "properties": { "amenity": "parking", "name": null, "operator": null, "capacity": null, "fee": null, "access": "private", "parking": null, "surface": null }, "geometry": { "type": "Point", "coordinates": [ 23.284303, 40.574042 ] } },
{ "type": "Feature", "properties": { "amenity": "parking", "name": null, "operator": null, "capacity": null, "fee": null, "access": "private", "parking": null, "surface": "asphalt" }, "geometry": { "type": "Point", "coordinates": [ 23.284487, 40.574222 ] } },
{ "type": "Feature", "properties": { "amenity": "parking", "name": null, "operator": null, "capacity": "7", "fee": "no", "access": null, "parking": "surface", "surface": null }, "geometry": { "type": "Point", "coordinates": [ 23.023701, 40.584968 ] } },
{ "type": "Feature", "properties": { "amenity": "parking", "name": null, "operator": null, "capacity": null, "fee": null, "access": "yes", "parking": "surface", "surface": "asphalt" }, "geometry": { "type": "Point", "coordinates": [ 23.035833, 40.586174 ] } },
{ "type": "Feature", "properties": { "amenity": "parking", "name": null, "operator": null, "capacity": null, "fee": "no", "access": "private", "parking": "surface", "surface": "asphalt" }, "geometry": { "type": "Point", "coordinates": [ 22.995962, 40.563488 ] } },
{ "type": "Feature", "properties": { "amenity": "parking", "name": null, "operator": null, "capacity": null, "fee": "no", "access": "private", "parking": "surface", "surface": "asphalt" }, "geometry": { "type": "Point", "coordinates": [ 22.995186, 40.563989 ] } },
{ "type": "Feature", "properties": { "amenity": "parking", "name": null, "operator": null, "capacity": null, "fee": "no", "access": "customers", "parking": "surface", "surface": "asphalt" }, "geometry": { "type": "Point", "coordinates": [ 22.994345, 40.563945 ] } },
{ "type": "Feature", "properties": { "amenity": "parking", "name": null, "operator": null, "capacity": "25", "fee": "no", "access": "private", "parking": "surface", "surface": "asphalt" }, "geometry": { "type": "Point", "coordinates": [ 22.99361, 40.564111 ] } },
{ "type": "Feature", "properties": { "amenity": "parking", "name": null, "operator": null, "capacity": "125", "fee": "no", "access": null, "parking": "surface", "surface": "asphalt" }, "geometry": { "type": "Point", "coordinates": [ 22.995902, 40.564536 ] } },
{ "type": "Feature", "properties": { "amenity": "parking", "name": null, "operator": null, "capacity": null, "fee": "no", "access": "yes", "parking": "surface", "surface": null }, "geometry": { "type": "Point", "coordinates": [ 22.996736, 40.566932 ] } },
{ "type": "Feature", "properties": { "amenity": "parking", "name": null, "operator": null, "capacity": null, "fee": null, "access": "customers", "parking": null, "surface": null }, "geometry": { "type": "Point", "coordinates": [ 23.001364, 40.567319 ] } },
{ "type": "Feature", "properties": { "amenity": "parking", "name": null, "operator": null, "capacity": null, "fee": null, "access": "customers", "parking": null, "surface": null }, "geometry": { "type": "Point", "coordinates": [ 23.002039, 40.567712 ] } },
{ "type": "Feature", "properties": { "amenity": "parking", "name": null, "operator": null, "capacity": null, "fee": null, "access": "customers", "parking": null, "surface": null }, "geometry": { "type": "Point", "coordinates": [ 23.002434, 40.567764 ] } },
{ "type": "Feature", "properties": { "amenity": "parking", "name": null, "operator": null, "capacity": null, "fee": null, "access": "customers", "parking": null, "surface": "asphalt" }, "geometry": { "type": "Point", "coordinates": [ 23.007381, 40.567965 ] } },
{ "type": "Feature", "properties": { "amenity": "parking", "name": null, "operator": null, "capacity": null, "fee": null, "access": "customers", "parking": "surface", "surface": null }, "geometry": { "type": "Point", "coordinates": [ 22.992774, 40.571919 ] } },
{ "type": "Feature", "properties": { "amenity": "parking", "name": null, "operator": null, "capacity": null, "fee": null, "access": "customers", "parking": null, "surface": null }, "geometry": { "type": "Point", "coordinates": [ 22.994041, 40.572459 ] } },
{ "type": "Feature", "properties": { "amenity": "parking", "name": null, "operator": null, "capacity": null, "fee": null, "access": null, "parking": null, "surface": null }, "geometry": { "type": "Point", "coordinates": [ 22.9935, 40.57356 ] } },
{ "type": "Feature", "properties": { "amenity": "parking", "name": null, "operator": null, "capacity": null, "fee": null, "access": "customers", "parking": null, "surface": null }, "geometry": { "type": "Point", "coordinates": [ 22.992805, 40.574246 ] } },
{ "type": "Feature", "properties": { "amenity": "parking", "name": null, "operator": "Τράπεζα της Ελλάδος", "capacity": "30", "fee": "no", "access": "customers", "parking": "surface", "surface": "asphalt" }, "geometry": { "type": "Point", "coordinates": [ 22.99259, 40.574813 ] } },
{ "type": "Feature", "properties": { "amenity": "parking", "name": null, "operator": null, "capacity": null, "fee": null, "access": "customers", "parking": null, "surface": null }, "geometry": { "type": "Point", "coordinates": [ 22.992852, 40.575385 ] } },
{ "type": "Feature", "properties": { "amenity": "parking", "name": null, "operator": null, "capacity": null, "fee": null, "access": "customers", "parking": null, "surface": null }, "geometry": { "type": "Point", "coordinates": [ 22.995187, 40.576862 ] } },
{ "type": "Feature", "properties": { "amenity": "parking", "name": null, "operator": null, "capacity": null, "fee": null, "access": null, "parking": null, "surface": null }, "geometry": { "type": "Point", "coordinates": [ 23.019133, 40.58572 ] } },
{ "type": "Feature", "properties": { "amenity": "parking", "name": null, "operator": null, "capacity": null, "fee": null, "access": null, "parking": null, "surface": null }, "geometry": { "type": "Point", "coordinates": [ 23.010018, 40.590734 ] } },
{ "type": "Feature", "properties": { "amenity": "parking", "name": null, "operator": null, "capacity": null, "fee": null, "access": null, "parking": null, "surface": null }, "geometry": { "type": "Point", "coordinates": [ 23.009609, 40.590973 ] } },
{ "type": "Feature", "properties": { "amenity": "parking", "name": null, "operator": null, "capacity": null, "fee": null, "access": "customers", "parking": null, "surface": null }, "geometry": { "type": "Point", "coordinates": [ 22.990845, 40.568857 ] } },
{ "type": "Feature", "properties": { "amenity": "parking", "name": null, "operator": null, "capacity": null, "fee": null, "access": null, "parking": null, "surface": null }, "geometry": { "type": "Point", "coordinates": [ 22.987571, 40.571685 ] } },
{ "type": "Feature", "properties": { "amenity": "parking", "name": null, "operator": null, "capacity": null, "fee": null, "access": "customers", "parking": "street_side", "surface": null }, "geometry": { "type": "Point", "coordinates": [ 22.991664, 40.573678 ] } },
{ "type": "Feature", "properties": { "amenity": "parking", "name": null, "operator": null, "capacity": null, "fee": null, "access": "customers", "parking": null, "surface": null }, "geometry": { "type": "Point", "coordinates": [ 22.987944, 40.573536 ] } },
{ "type": "Feature", "properties": { "amenity": "parking", "name": null, "operator": null, "capacity": null, "fee": null, "access": "customers", "parking": null, "surface": null }, "geometry": { "type": "Point", "coordinates": [ 22.988133, 40.575334 ] } },
{ "type": "Feature", "properties": { "amenity": "parking", "name": null, "operator": "National Bank of Greece", "capacity": "20", "fee": "no", "access": "private", "parking": "surface", "surface": "asphalt" }, "geometry": { "type": "Point", "coordinates": [ 22.991661, 40.575644 ] } },
{ "type": "Feature", "properties": { "amenity": "parking", "name": null, "operator": null, "capacity": null, "fee": null, "access": "customers", "parking": null, "surface": null }, "geometry": { "type": "Point", "coordinates": [ 22.991941, 40.575828 ] } },
{ "type": "Feature", "properties": { "amenity": "parking", "name": null, "operator": null, "capacity": null, "fee": null, "access": "private", "parking": null, "surface": null }, "geometry": { "type": "Point", "coordinates": [ 22.987534, 40.575818 ] } },
{ "type": "Feature", "properties": { "amenity": "parking", "name": null, "operator": null, "capacity": null, "fee": null, "access": "customers", "parking": null, "surface": null }, "geometry": { "type": "Point", "coordinates": [ 22.991512, 40.576798 ] } },
{ "type": "Feature", "properties": { "amenity": "parking", "name": "Γλυκάνισος", "operator": "Γλυκάνισος", "capacity": "15", "fee": "no", "access": "customers", "parking": "surface", "surface": "asphalt" }, "geometry": { "type": "Point", "coordinates": [ 22.985224, 40.597936 ] } },
{ "type": "Feature", "properties": { "amenity": "parking", "name": null, "operator": null, "capacity": null, "fee": null, "access": null, "parking": null, "surface": null }, "geometry": { "type": "Point", "coordinates": [ 23.036122, 40.587361 ] } },
{ "type": "Feature", "properties": { "amenity": "parking", "name": null, "operator": null, "capacity": null, "fee": "no", "access": "yes", "parking": "street_side", "surface": "paving_stones" }, "geometry": { "type": "Point", "coordinates": [ 23.025878, 40.588048 ] } },
{ "type": "Feature", "properties": { "amenity": "parking", "name": null, "operator": null, "capacity": null, "fee": "no", "access": "yes", "parking": "street_side", "surface": "paving_stones" }, "geometry": { "type": "Point", "coordinates": [ 23.024872, 40.588846 ] } },
{ "type": "Feature", "properties": { "amenity": "parking", "name": null, "operator": null, "capacity": null, "fee": null, "access": null, "parking": null, "surface": null }, "geometry": { "type": "Point", "coordinates": [ 23.030154, 40.58891 ] } },
{ "type": "Feature", "properties": { "amenity": "parking", "name": null, "operator": null, "capacity": null, "fee": "no", "access": "yes", "parking": "street_side", "surface": "paving_stones" }, "geometry": { "type": "Point", "coordinates": [ 23.024153, 40.588965 ] } },
{ "type": "Feature", "properties": { "amenity": "parking", "name": null, "operator": null, "capacity": null, "fee": "no", "access": "yes", "parking": "street_side", "surface": "paving_stones" }, "geometry": { "type": "Point", "coordinates": [ 23.024948, 40.588984 ] } },
{ "type": "Feature", "properties": { "amenity": "parking", "name": null, "operator": null, "capacity": null, "fee": "no", "access": "yes", "parking": "street_side", "surface": "paving_stones" }, "geometry": { "type": "Point", "coordinates": [ 23.024325, 40.589054 ] } },
{ "type": "Feature", "properties": { "amenity": "parking", "name": null, "operator": null, "capacity": null, "fee": null, "access": null, "parking": null, "surface": null }, "geometry": { "type": "Point", "coordinates": [ 23.046588, 40.589242 ] } },
{ "type": "Feature", "properties": { "amenity": "parking", "name": null, "operator": null, "capacity": null, "fee": null, "access": null, "parking": null, "surface": null }, "geometry": { "type": "Point", "coordinates": [ 23.027529, 40.589331 ] } },
{ "type": "Feature", "properties": { "amenity": "parking", "name": null, "operator": "Pefka Hotel", "capacity": null, "fee": null, "access": "customers", "parking": null, "surface": null }, "geometry": { "type": "Point", "coordinates": [ 23.032988, 40.589999 ] } },
{ "type": "Feature", "properties": { "amenity": "parking", "name": null, "operator": null, "capacity": null, "fee": null, "access": null, "parking": null, "surface": null }, "geometry": { "type": "Point", "coordinates": [ 23.017189, 40.591936 ] } },
{ "type": "Feature", "properties": { "amenity": "parking", "name": null, "operator": "Κτήμα Δέδε", "capacity": null, "fee": null, "access": "customers", "parking": "surface", "surface": null }, "geometry": { "type": "Point", "coordinates": [ 22.995541, 40.591963 ] } },
{ "type": "Feature", "properties": { "amenity": "parking", "name": null, "operator": null, "capacity": null, "fee": "no", "access": "yes", "parking": "surface", "surface": null }, "geometry": { "type": "Point", "coordinates": [ 23.010881, 40.593924 ] } },
{ "type": "Feature", "properties": { "amenity": "parking", "name": null, "operator": null, "capacity": null, "fee": null, "access": null, "parking": null, "surface": null }, "geometry": { "type": "Point", "coordinates": [ 23.013889, 40.593948 ] } },
{ "type": "Feature", "properties": { "amenity": "parking", "name": null, "operator": null, "capacity": null, "fee": "no", "access": "private", "parking": "surface", "surface": "asphalt" }, "geometry": { "type": "Point", "coordinates": [ 22.997529, 40.598632 ] } },
{ "type": "Feature", "properties": { "amenity": "parking", "name": null, "operator": null, "capacity": null, "fee": null, "access": null, "parking": null, "surface": null }, "geometry": { "type": "Point", "coordinates": [ 22.998519, 40.598683 ] } },
{ "type": "Feature", "properties": { "amenity": "parking", "name": null, "operator": null, "capacity": null, "fee": null, "access": null, "parking": null, "surface": null }, "geometry": { "type": "Point", "coordinates": [ 22.998694, 40.599078 ] } },
{ "type": "Feature", "properties": { "amenity": "parking", "name": null, "operator": null, "capacity": null, "fee": "no", "access": "customers", "parking": null, "surface": "paved" }, "geometry": { "type": "Point", "coordinates": [ 22.996549, 40.600254 ] } },
{ "type": "Feature", "properties": { "amenity": "parking", "name": null, "operator": null, "capacity": null, "fee": "no", "access": "permissive", "parking": "surface", "surface": "dirt" }, "geometry": { "type": "Point", "coordinates": [ 22.996909, 40.600307 ] } },
{ "type": "Feature", "properties": { "amenity": "parking", "name": null, "operator": null, "capacity": null, "fee": null, "access": "customers", "parking": null, "surface": null }, "geometry": { "type": "Point", "coordinates": [ 23.0018, 40.60371 ] } },
{ "type": "Feature", "properties": { "amenity": "parking", "name": null, "operator": null, "capacity": null, "fee": "no", "access": "customers", "parking": "surface", "surface": null }, "geometry": { "type": "Point", "coordinates": [ 23.03321, 40.591305 ] } },
{ "type": "Feature", "properties": { "amenity": "parking", "name": "Ιδιωτικό Parking", "operator": null, "capacity": null, "fee": null, "access": null, "parking": null, "surface": null }, "geometry": { "type": "Point", "coordinates": [ 23.035896, 40.591584 ] } },
{ "type": "Feature", "properties": { "amenity": "parking", "name": null, "operator": null, "capacity": null, "fee": null, "access": null, "parking": null, "surface": null }, "geometry": { "type": "Point", "coordinates": [ 23.095016, 40.600874 ] } },
{ "type": "Feature", "properties": { "amenity": "parking", "name": null, "operator": null, "capacity": null, "fee": null, "access": "private", "parking": "surface", "surface": "asphalt" }, "geometry": { "type": "Point", "coordinates": [ 23.100415, 40.608962 ] } },
{ "type": "Feature", "properties": { "amenity": "parking", "name": null, "operator": null, "capacity": "1", "fee": "no", "access": "private", "parking": "street_side", "surface": "paving_stones" }, "geometry": { "type": "Point", "coordinates": [ 23.100612, 40.609056 ] } },
{ "type": "Feature", "properties": { "amenity": "parking", "name": null, "operator": null, "capacity": null, "fee": "no", "access": "private", "parking": "surface", "surface": "grass" }, "geometry": { "type": "Point", "coordinates": [ 23.097357, 40.612901 ] } },
{ "type": "Feature", "properties": { "amenity": "parking", "name": null, "operator": null, "capacity": null, "fee": "no", "access": "private", "parking": "surface", "surface": "grass" }, "geometry": { "type": "Point", "coordinates": [ 23.097133, 40.612961 ] } },
{ "type": "Feature", "properties": { "amenity": "parking", "name": null, "operator": null, "capacity": null, "fee": "no", "access": "private", "parking": "surface", "surface": "asphalt" }, "geometry": { "type": "Point", "coordinates": [ 23.098484, 40.614837 ] } },
{ "type": "Feature", "properties": { "amenity": "parking", "name": null, "operator": null, "capacity": null, "fee": null, "access": null, "parking": "street_side", "surface": null }, "geometry": { "type": "Point", "coordinates": [ 23.095811, 40.615251 ] } },
{ "type": "Feature", "properties": { "amenity": "parking", "name": null, "operator": null, "capacity": null, "fee": "no", "access": "customers", "parking": "surface", "surface": "asphalt" }, "geometry": { "type": "Point", "coordinates": [ 23.095222, 40.615986 ] } },
{ "type": "Feature", "properties": { "amenity": "parking", "name": null, "operator": null, "capacity": null, "fee": "no", "access": "yes", "parking": "street_side", "surface": "gravel" }, "geometry": { "type": "Point", "coordinates": [ 23.09563, 40.616395 ] } },
{ "type": "Feature", "properties": { "amenity": "parking", "name": null, "operator": null, "capacity": null, "fee": null, "access": "customers", "parking": "surface", "surface": "asphalt" }, "geometry": { "type": "Point", "coordinates": [ 23.088466, 40.618491 ] } },
{ "type": "Feature", "properties": { "amenity": "parking", "name": null, "operator": null, "capacity": null, "fee": null, "access": "customers", "parking": "surface", "surface": "asphalt" }, "geometry": { "type": "Point", "coordinates": [ 23.087737, 40.61866 ] } },
{ "type": "Feature", "properties": { "amenity": "parking", "name": null, "operator": null, "capacity": null, "fee": "no", "access": "yes", "parking": "street_side", "surface": "gravel" }, "geometry": { "type": "Point", "coordinates": [ 23.064432, 40.622419 ] } },
{ "type": "Feature", "properties": { "amenity": "parking", "name": null, "operator": null, "capacity": null, "fee": null, "access": null, "parking": null, "surface": null }, "geometry": { "type": "Point", "coordinates": [ 23.442297, 40.625648 ] } },
{ "type": "Feature", "properties": { "amenity": "parking", "name": null, "operator": null, "capacity": null, "fee": null, "access": null, "parking": null, "surface": null }, "geometry": { "type": "Point", "coordinates": [ 23.441496, 40.625787 ] } },
{ "type": "Feature", "properties": { "amenity": "parking", "name": null, "operator": null, "capacity": null, "fee": null, "access": null, "parking": null, "surface": null }, "geometry": { "type": "Point", "coordinates": [ 23.439427, 40.625837 ] } },
{ "type": "Feature", "properties": { "amenity": "parking", "name": null, "operator": null, "capacity": null, "fee": null, "access": "no", "parking": "bus", "surface": null }, "geometry": { "type": "Point", "coordinates": [ 23.24746, 40.628593 ] } },
{ "type": "Feature", "properties": { "amenity": "parking", "name": null, "operator": null, "capacity": null, "fee": "no", "access": null, "parking": null, "surface": null }, "geometry": { "type": "Point", "coordinates": [ 23.247488, 40.628854 ] } },
{ "type": "Feature", "properties": { "amenity": "parking", "name": null, "operator": null, "capacity": null, "fee": "no", "access": null, "parking": null, "surface": null }, "geometry": { "type": "Point", "coordinates": [ 23.247615, 40.628885 ] } },
{ "type": "Feature", "properties": { "amenity": "parking", "name": null, "operator": null, "capacity": null, "fee": null, "access": null, "parking": null, "surface": null }, "geometry": { "type": "Point", "coordinates": [ 22.988439, 40.599686 ] } },
{ "type": "Feature", "properties": { "amenity": "parking", "name": null, "operator": null, "capacity": null, "fee": null, "access": null, "parking": null, "surface": null }, "geometry": { "type": "Point", "coordinates": [ 22.989154, 40.603843 ] } },
{ "type": "Feature", "properties": { "amenity": "parking", "name": null, "operator": null, "capacity": "50", "fee": "no", "access": null, "parking": null, "surface": null }, "geometry": { "type": "Point", "coordinates": [ 22.988557, 40.604835 ] } },
{ "type": "Feature", "properties": { "amenity": "parking", "name": null, "operator": null, "capacity": null, "fee": null, "access": null, "parking": null, "surface": null }, "geometry": { "type": "Point", "coordinates": [ 22.988933, 40.606099 ] } },
{ "type": "Feature", "properties": { "amenity": "parking", "name": null, "operator": null, "capacity": null, "fee": null, "access": null, "parking": null, "surface": null }, "geometry": { "type": "Point", "coordinates": [ 22.989061, 40.606196 ] } },
{ "type": "Feature", "properties": { "amenity": "parking", "name": null, "operator": null, "capacity": null, "fee": "no", "access": "customers", "parking": "surface", "surface": null }, "geometry": { "type": "Point", "coordinates": [ 22.988386, 40.606298 ] } },
{ "type": "Feature", "properties": { "amenity": "parking", "name": null, "operator": null, "capacity": null, "fee": null, "access": null, "parking": null, "surface": null }, "geometry": { "type": "Point", "coordinates": [ 22.989838, 40.607115 ] } },
{ "type": "Feature", "properties": { "amenity": "parking", "name": null, "operator": null, "capacity": null, "fee": null, "access": "customers", "parking": "surface", "surface": "asphalt" }, "geometry": { "type": "Point", "coordinates": [ 22.986817, 40.646089 ] } },
{ "type": "Feature", "properties": { "amenity": "parking", "name": null, "operator": null, "capacity": null, "fee": "yes", "access": "yes", "parking": "surface", "surface": "dirt" }, "geometry": { "type": "Point", "coordinates": [ 22.988931, 40.656153 ] } },
{ "type": "Feature", "properties": { "amenity": "parking", "name": null, "operator": null, "capacity": null, "fee": null, "access": null, "parking": null, "surface": null }, "geometry": { "type": "Point", "coordinates": [ 22.988574, 40.657433 ] } },
{ "type": "Feature", "properties": { "amenity": "parking", "name": null, "operator": null, "capacity": null, "fee": null, "access": "customers", "parking": null, "surface": null }, "geometry": { "type": "Point", "coordinates": [ 22.982327, 40.582226 ] } },
{ "type": "Feature", "properties": { "amenity": "parking", "name": null, "operator": null, "capacity": null, "fee": null, "access": "customers", "parking": null, "surface": null }, "geometry": { "type": "Point", "coordinates": [ 22.981214, 40.582842 ] } },
{ "type": "Feature", "properties": { "amenity": "parking", "name": null, "operator": null, "capacity": null, "fee": null, "access": "customers", "parking": null, "surface": null }, "geometry": { "type": "Point", "coordinates": [ 22.982315, 40.58294 ] } },
{ "type": "Feature", "properties": { "amenity": "parking", "name": null, "operator": null, "capacity": null, "fee": null, "access": null, "parking": null, "surface": null }, "geometry": { "type": "Point", "coordinates": [ 22.971947, 40.583202 ] } },
{ "type": "Feature", "properties": { "amenity": "parking", "name": null, "operator": null, "capacity": null, "fee": null, "access": null, "parking": null, "surface": null }, "geometry": { "type": "Point", "coordinates": [ 22.972924, 40.587189 ] } },
{ "type": "Feature", "properties": { "amenity": "parking", "name": null, "operator": null, "capacity": null, "fee": null, "access": null, "parking": null, "surface": null }, "geometry": { "type": "Point", "coordinates": [ 22.973309, 40.591488 ] } },
{ "type": "Feature", "properties": { "amenity": "parking", "name": null, "operator": null, "capacity": null, "fee": null, "access": null, "parking": null, "surface": null }, "geometry": { "type": "Point", "coordinates": [ 22.976617, 40.59247 ] } },
{ "type": "Feature", "properties": { "amenity": "parking", "name": null, "operator": null, "capacity": null, "fee": null, "access": "yes", "parking": "surface", "surface": null }, "geometry": { "type": "Point", "coordinates": [ 22.976258, 40.596286 ] } },
{ "type": "Feature", "properties": { "amenity": "parking", "name": null, "operator": null, "capacity": null, "fee": null, "access": null, "parking": null, "surface": null }, "geometry": { "type": "Point", "coordinates": [ 22.976702, 40.597171 ] } },
{ "type": "Feature", "properties": { "amenity": "parking", "name": null, "operator": null, "capacity": null, "fee": "no", "access": "yes", "parking": "surface", "surface": "unpaved" }, "geometry": { "type": "Point", "coordinates": [ 22.976396, 40.60047 ] } },
{ "type": "Feature", "properties": { "amenity": "parking", "name": null, "operator": null, "capacity": null, "fee": null, "access": null, "parking": null, "surface": null }, "geometry": { "type": "Point", "coordinates": [ 22.96321, 40.582481 ] } },
{ "type": "Feature", "properties": { "amenity": "parking", "name": null, "operator": null, "capacity": null, "fee": null, "access": null, "parking": null, "surface": null }, "geometry": { "type": "Point", "coordinates": [ 22.963396, 40.589904 ] } },
{ "type": "Feature", "properties": { "amenity": "parking", "name": null, "operator": null, "capacity": null, "fee": "no", "access": "yes", "parking": "surface", "surface": null }, "geometry": { "type": "Point", "coordinates": [ 22.970754, 40.593908 ] } },
{ "type": "Feature", "properties": { "amenity": "parking", "name": "ΕΛΕΥΘΕΡΟ ΔΗΜΟΤΙΚΟ PARKING ΑΥΤΟΚΙΝΟΥΜΕΝΩΝ ΤΡΟΧΟΣΠΙΤΩΝ", "operator": null, "capacity": null, "fee": null, "access": "yes", "parking": null, "surface": null }, "geometry": { "type": "Point", "coordinates": [ 22.969858, 40.597019 ] } },
{ "type": "Feature", "properties": { "amenity": "parking", "name": null, "operator": null, "capacity": "20", "fee": "no", "access": null, "parking": null, "surface": "ground" }, "geometry": { "type": "Point", "coordinates": [ 22.969577, 40.598221 ] } },
{ "type": "Feature", "properties": { "amenity": "parking", "name": null, "operator": null, "capacity": null, "fee": null, "access": null, "parking": "surface", "surface": "gravel" }, "geometry": { "type": "Point", "coordinates": [ 22.967284, 40.598338 ] } },
{ "type": "Feature", "properties": { "amenity": "parking", "name": null, "operator": null, "capacity": null, "fee": "no", "access": null, "parking": "lane", "surface": null }, "geometry": { "type": "Point", "coordinates": [ 22.968926, 40.599199 ] } },
{ "type": "Feature", "properties": { "amenity": "parking", "name": null, "operator": null, "capacity": null, "fee": "no", "access": "yes", "parking": "surface", "surface": "paved" }, "geometry": { "type": "Point", "coordinates": [ 22.961069, 40.601059 ] } },
{ "type": "Feature", "properties": { "amenity": "parking", "name": null, "operator": null, "capacity": null, "fee": "no", "access": "yes", "parking": "surface", "surface": "asphalt" }, "geometry": { "type": "Point", "coordinates": [ 22.959945, 40.601282 ] } },
{ "type": "Feature", "properties": { "amenity": "parking", "name": null, "operator": null, "capacity": null, "fee": "no", "access": "yes", "parking": "surface", "surface": "asphalt" }, "geometry": { "type": "Point", "coordinates": [ 22.961465, 40.60233 ] } },
{ "type": "Feature", "properties": { "amenity": "parking", "name": null, "operator": null, "capacity": null, "fee": "no", "access": "yes", "parking": "surface", "surface": null }, "geometry": { "type": "Point", "coordinates": [ 22.954231, 40.589307 ] } },
{ "type": "Feature", "properties": { "amenity": "parking", "name": "Express Service", "operator": null, "capacity": null, "fee": null, "access": null, "parking": null, "surface": null }, "geometry": { "type": "Point", "coordinates": [ 22.948393, 40.593477 ] } },
{ "type": "Feature", "properties": { "amenity": "parking", "name": null, "operator": null, "capacity": null, "fee": "no", "access": "yes", "parking": "surface", "surface": "unpaved" }, "geometry": { "type": "Point", "coordinates": [ 22.94862, 40.594735 ] } },
{ "type": "Feature", "properties": { "amenity": "parking", "name": null, "operator": "Δημοτικό πάρκινγκ", "capacity": "170", "fee": "no", "access": "yes", "parking": "surface", "surface": "asphalt" }, "geometry": { "type": "Point", "coordinates": [ 22.949545, 40.594949 ] } },
{ "type": "Feature", "properties": { "amenity": "parking", "name": null, "operator": null, "capacity": null, "fee": "no", "access": "yes", "parking": "surface", "surface": null }, "geometry": { "type": "Point", "coordinates": [ 22.953276, 40.595477 ] } },
{ "type": "Feature", "properties": { "amenity": "parking", "name": null, "operator": null, "capacity": null, "fee": "yes", "access": "customers", "parking": "underground", "surface": null }, "geometry": { "type": "Point", "coordinates": [ 22.959884, 40.595943 ] } },
{ "type": "Feature", "properties": { "amenity": "parking", "name": null, "operator": null, "capacity": null, "fee": "yes", "access": "yes", "parking": "surface", "surface": null }, "geometry": { "type": "Point", "coordinates": [ 22.950307, 40.596649 ] } },
{ "type": "Feature", "properties": { "amenity": "parking", "name": null, "operator": null, "capacity": null, "fee": "yes", "access": "yes", "parking": "surface", "surface": null }, "geometry": { "type": "Point", "coordinates": [ 22.949163, 40.597764 ] } },
{ "type": "Feature", "properties": { "amenity": "parking", "name": null, "operator": null, "capacity": null, "fee": "no", "access": "yes", "parking": "street_side", "surface": "asphalt" }, "geometry": { "type": "Point", "coordinates": [ 22.948599, 40.597961 ] } },
{ "type": "Feature", "properties": { "amenity": "parking", "name": null, "operator": "Δημοτικό πάρκινγκ", "capacity": null, "fee": null, "access": "yes", "parking": null, "surface": null }, "geometry": { "type": "Point", "coordinates": [ 22.949636, 40.598495 ] } },
{ "type": "Feature", "properties": { "amenity": "parking", "name": "Προσωρινός Χώρος Ελεύθερης Στάθμευσης Δήμου Θεσσαλονίκης", "operator": null, "capacity": "12", "fee": "no", "access": "permissive", "parking": "surface", "surface": "asphalt" }, "geometry": { "type": "Point", "coordinates": [ 22.966562, 40.603542 ] } },
{ "type": "Feature", "properties": { "amenity": "parking", "name": null, "operator": "Σκλαβενίτης", "capacity": "10", "fee": "no", "access": "customers", "parking": "surface", "surface": "asphalt" }, "geometry": { "type": "Point", "coordinates": [ 22.968348, 40.60404 ] } },
{ "type": "Feature", "properties": { "amenity": "parking", "name": null, "operator": "Δήμος Θεσσαλονίκης", "capacity": "15", "fee": "no", "access": "yes", "parking": "surface", "surface": "asphalt" }, "geometry": { "type": "Point", "coordinates": [ 22.971167, 40.604214 ] } },
{ "type": "Feature", "properties": { "amenity": "parking", "name": null, "operator": null, "capacity": null, "fee": null, "access": null, "parking": "surface", "surface": null }, "geometry": { "type": "Point", "coordinates": [ 22.971858, 40.604342 ] } },
{ "type": "Feature", "properties": { "amenity": "parking", "name": null, "operator": null, "capacity": null, "fee": null, "access": null, "parking": null, "surface": null }, "geometry": { "type": "Point", "coordinates": [ 22.964318, 40.610173 ] } },
{ "type": "Feature", "properties": { "amenity": "parking", "name": null, "operator": null, "capacity": null, "fee": null, "access": null, "parking": "street_side", "surface": null }, "geometry": { "type": "Point", "coordinates": [ 22.962458, 40.611765 ] } },
{ "type": "Feature", "properties": { "amenity": "parking", "name": "Polis", "operator": null, "capacity": null, "fee": "yes", "access": "yes", "parking": "multi-storey", "surface": null }, "geometry": { "type": "Point", "coordinates": [ 22.963611, 40.612698 ] } },
{ "type": "Feature", "properties": { "amenity": "parking", "name": null, "operator": null, "capacity": null, "fee": "yes", "access": null, "parking": null, "surface": null }, "geometry": { "type": "Point", "coordinates": [ 22.964306, 40.613161 ] } },
{ "type": "Feature", "properties": { "amenity": "parking", "name": null, "operator": null, "capacity": null, "fee": "no", "access": "yes", "parking": "surface", "surface": null }, "geometry": { "type": "Point", "coordinates": [ 22.970791, 40.614065 ] } },
{ "type": "Feature", "properties": { "amenity": "parking", "name": null, "operator": null, "capacity": null, "fee": "no", "access": "permissive", "parking": "surface", "surface": null }, "geometry": { "type": "Point", "coordinates": [ 22.962428, 40.617959 ] } },
{ "type": "Feature", "properties": { "amenity": "parking", "name": null, "operator": null, "capacity": null, "fee": null, "access": "private", "parking": null, "surface": null }, "geometry": { "type": "Point", "coordinates": [ 22.953267, 40.61023 ] } },
{ "type": "Feature", "properties": { "amenity": "parking", "name": null, "operator": null, "capacity": null, "fee": "yes", "access": "yes", "parking": null, "surface": null }, "geometry": { "type": "Point", "coordinates": [ 22.953945, 40.612516 ] } },
{ "type": "Feature", "properties": { "amenity": "parking", "name": null, "operator": null, "capacity": null, "fee": null, "access": null, "parking": null, "surface": null }, "geometry": { "type": "Point", "coordinates": [ 22.953019, 40.612535 ] } },
{ "type": "Feature", "properties": { "amenity": "parking", "name": null, "operator": null, "capacity": null, "fee": "yes", "access": null, "parking": "surface", "surface": null }, "geometry": { "type": "Point", "coordinates": [ 22.953131, 40.615338 ] } },
{ "type": "Feature", "properties": { "amenity": "parking", "name": null, "operator": null, "capacity": null, "fee": "yes", "access": null, "parking": "surface", "surface": null }, "geometry": { "type": "Point", "coordinates": [ 22.95316, 40.615966 ] } },
{ "type": "Feature", "properties": { "amenity": "parking", "name": null, "operator": null, "capacity": null, "fee": "no", "access": null, "parking": "surface", "surface": null }, "geometry": { "type": "Point", "coordinates": [ 22.95407, 40.616372 ] } },
{ "type": "Feature", "properties": { "amenity": "parking", "name": null, "operator": null, "capacity": "20", "fee": "yes", "access": null, "parking": "surface", "surface": "asphalt" }, "geometry": { "type": "Point", "coordinates": [ 22.955072, 40.620964 ] } },
{ "type": "Feature", "properties": { "amenity": "parking", "name": null, "operator": null, "capacity": "28", "fee": "yes", "access": null, "parking": "surface", "surface": "asphalt" }, "geometry": { "type": "Point", "coordinates": [ 22.955414, 40.62094 ] } },
{ "type": "Feature", "properties": { "amenity": "parking", "name": null, "operator": null, "capacity": null, "fee": null, "access": null, "parking": "street_side", "surface": null }, "geometry": { "type": "Point", "coordinates": [ 22.958205, 40.621322 ] } },
{ "type": "Feature", "properties": { "amenity": "parking", "name": null, "operator": null, "capacity": null, "fee": "no", "access": "private", "parking": "surface", "surface": "asphalt" }, "geometry": { "type": "Point", "coordinates": [ 22.955824, 40.621386 ] } },
{ "type": "Feature", "properties": { "amenity": "parking", "name": null, "operator": null, "capacity": null, "fee": null, "access": "private", "parking": null, "surface": null }, "geometry": { "type": "Point", "coordinates": [ 22.961378, 40.620433 ] } },
{ "type": "Feature", "properties": { "amenity": "parking", "name": null, "operator": null, "capacity": "20", "fee": "no", "access": "yes", "parking": "surface", "surface": "asphalt" }, "geometry": { "type": "Point", "coordinates": [ 22.97136, 40.623147 ] } },
{ "type": "Feature", "properties": { "amenity": "parking", "name": null, "operator": null, "capacity": null, "fee": null, "access": "permissive", "parking": "surface", "surface": null }, "geometry": { "type": "Point", "coordinates": [ 22.9618, 40.62323 ] } },
{ "type": "Feature", "properties": { "amenity": "parking", "name": null, "operator": null, "capacity": "115", "fee": "no", "access": "private", "parking": "surface", "surface": "asphalt" }, "geometry": { "type": "Point", "coordinates": [ 22.965351, 40.625996 ] } },
{ "type": "Feature", "properties": { "amenity": "parking", "name": null, "operator": "University of ΑΠΘ", "capacity": null, "fee": null, "access": "permissive", "parking": "surface", "surface": null }, "geometry": { "type": "Point", "coordinates": [ 22.96077, 40.626814 ] } },
{ "type": "Feature", "properties": { "amenity": "parking", "name": "Parking 1 Παιδαγωγικής Σχολής", "operator": null, "capacity": null, "fee": null, "access": null, "parking": null, "surface": null }, "geometry": { "type": "Point", "coordinates": [ 22.961899, 40.627289 ] } },
{ "type": "Feature", "properties": { "amenity": "parking", "name": "Καυταντζόγλειο Πάρκινγκ", "operator": null, "capacity": null, "fee": "no", "access": null, "parking": "surface", "surface": null }, "geometry": { "type": "Point", "coordinates": [ 22.966079, 40.627355 ] } },
{ "type": "Feature", "properties": { "amenity": "parking", "name": null, "operator": "Α.Π.Θ.", "capacity": null, "fee": "no", "access": "permit", "parking": "surface", "surface": "ground" }, "geometry": { "type": "Point", "coordinates": [ 22.96213, 40.627674 ] } },
{ "type": "Feature", "properties": { "amenity": "parking", "name": "Parking 2 Παιδαγωγικής Σχολής", "operator": null, "capacity": null, "fee": null, "access": "private", "parking": null, "surface": "paved" }, "geometry": { "type": "Point", "coordinates": [ 22.961526, 40.627873 ] } },
{ "type": "Feature", "properties": { "amenity": "parking", "name": null, "operator": null, "capacity": null, "fee": null, "access": "private", "parking": null, "surface": null }, "geometry": { "type": "Point", "coordinates": [ 22.96504, 40.62807 ] } },
{ "type": "Feature", "properties": { "amenity": "parking", "name": null, "operator": null, "capacity": null, "fee": "no", "access": "private", "parking": "surface", "surface": "asphalt" }, "geometry": { "type": "Point", "coordinates": [ 22.955089, 40.621497 ] } },
{ "type": "Feature", "properties": { "amenity": "parking", "name": null, "operator": null, "capacity": "30", "fee": "no", "access": "no", "parking": "surface", "surface": "asphalt" }, "geometry": { "type": "Point", "coordinates": [ 22.955627, 40.623534 ] } },
{ "type": "Feature", "properties": { "amenity": "parking", "name": null, "operator": "B Restaurant", "capacity": "16", "fee": "no", "access": "customers", "parking": "surface", "surface": "asphalt" }, "geometry": { "type": "Point", "coordinates": [ 22.954329, 40.624372 ] } },
{ "type": "Feature", "properties": { "amenity": "parking", "name": null, "operator": null, "capacity": "30", "fee": "no", "access": "no", "parking": "surface", "surface": "asphalt" }, "geometry": { "type": "Point", "coordinates": [ 22.953469, 40.624351 ] } },
{ "type": "Feature", "properties": { "amenity": "parking", "name": null, "operator": null, "capacity": null, "fee": null, "access": null, "parking": "street_side", "surface": null }, "geometry": { "type": "Point", "coordinates": [ 22.95295, 40.627057 ] } },
{ "type": "Feature", "properties": { "amenity": "parking", "name": null, "operator": null, "capacity": null, "fee": "no", "access": "private", "parking": "surface", "surface": null }, "geometry": { "type": "Point", "coordinates": [ 22.959144, 40.627365 ] } },
{ "type": "Feature", "properties": { "amenity": "parking", "name": null, "operator": null, "capacity": "80", "fee": "no", "access": "yes", "parking": "surface", "surface": "asphalt" }, "geometry": { "type": "Point", "coordinates": [ 22.958206, 40.627546 ] } },
{ "type": "Feature", "properties": { "amenity": "parking", "name": null, "operator": null, "capacity": null, "fee": "yes", "access": "yes", "parking": "surface", "surface": null }, "geometry": { "type": "Point", "coordinates": [ 22.95058, 40.627633 ] } },
{ "type": "Feature", "properties": { "amenity": "parking", "name": null, "operator": null, "capacity": null, "fee": null, "access": "private", "parking": "surface", "surface": null }, "geometry": { "type": "Point", "coordinates": [ 22.957945, 40.628547 ] } },
{ "type": "Feature", "properties": { "amenity": "parking", "name": "Parking ΔΕΘ Αγγελάκη", "operator": "ΔΕΘ HELEXPO ΑΕ", "capacity": "300", "fee": "yes", "access": "yes", "parking": "surface", "surface": "asphalt" }, "geometry": { "type": "Point", "coordinates": [ 22.953741, 40.628628 ] } },
{ "type": "Feature", "properties": { "amenity": "parking", "name": null, "operator": null, "capacity": null, "fee": null, "access": null, "parking": null, "surface": null }, "geometry": { "type": "Point", "coordinates": [ 22.961012, 40.628593 ] } },
{ "type": "Feature", "properties": { "amenity": "parking", "name": null, "operator": null, "capacity": "30", "fee": "no", "access": "yes", "parking": "surface", "surface": "asphalt" }, "geometry": { "type": "Point", "coordinates": [ 22.96835, 40.629519 ] } },
{ "type": "Feature", "properties": { "amenity": "parking", "name": null, "operator": null, "capacity": null, "fee": null, "access": null, "parking": null, "surface": null }, "geometry": { "type": "Point", "coordinates": [ 22.960947, 40.629959 ] } },
{ "type": "Feature", "properties": { "amenity": "parking", "name": null, "operator": null, "capacity": "10", "fee": "no", "access": "customers", "parking": "surface", "surface": "asphalt" }, "geometry": { "type": "Point", "coordinates": [ 22.962135, 40.630793 ] } },
{ "type": "Feature", "properties": { "amenity": "parking", "name": null, "operator": null, "capacity": "16", "fee": "no", "access": "customers", "parking": "surface", "surface": "asphalt" }, "geometry": { "type": "Point", "coordinates": [ 22.962308, 40.630817 ] } },
{ "type": "Feature", "properties": { "amenity": "parking", "name": null, "operator": null, "capacity": null, "fee": "no", "access": "customers", "parking": "surface", "surface": null }, "geometry": { "type": "Point", "coordinates": [ 22.966548, 40.63089 ] } },
{ "type": "Feature", "properties": { "amenity": "parking", "name": null, "operator": null, "capacity": null, "fee": null, "access": null, "parking": null, "surface": null }, "geometry": { "type": "Point", "coordinates": [ 22.960445, 40.631024 ] } },
{ "type": "Feature", "properties": { "amenity": "parking", "name": null, "operator": null, "capacity": null, "fee": "no", "access": "yes", "parking": "surface", "surface": "asphalt" }, "geometry": { "type": "Point", "coordinates": [ 22.96818, 40.636161 ] } },
{ "type": "Feature", "properties": { "amenity": "parking", "name": null, "operator": null, "capacity": null, "fee": "no", "access": "yes", "parking": "surface", "surface": "asphalt" }, "geometry": { "type": "Point", "coordinates": [ 22.967712, 40.636187 ] } },
{ "type": "Feature", "properties": { "amenity": "parking", "name": null, "operator": null, "capacity": null, "fee": "no", "access": "yes", "parking": "surface", "surface": null }, "geometry": { "type": "Point", "coordinates": [ 22.967036, 40.636238 ] } },
{ "type": "Feature", "properties": { "amenity": "parking", "name": null, "operator": null, "capacity": null, "fee": "no", "access": "private", "parking": "surface", "surface": "asphalt" }, "geometry": { "type": "Point", "coordinates": [ 22.955601, 40.629663 ] } },
{ "type": "Feature", "properties": { "amenity": "parking", "name": null, "operator": null, "capacity": "35", "fee": null, "access": "private", "parking": "surface", "surface": null }, "geometry": { "type": "Point", "coordinates": [ 22.955907, 40.630015 ] } },
{ "type": "Feature", "properties": { "amenity": "parking", "name": null, "operator": null, "capacity": null, "fee": "no", "access": "permit", "parking": "surface", "surface": null }, "geometry": { "type": "Point", "coordinates": [ 22.956821, 40.630219 ] } },
{ "type": "Feature", "properties": { "amenity": "parking", "name": null, "operator": null, "capacity": null, "fee": null, "access": "private", "parking": null, "surface": null }, "geometry": { "type": "Point", "coordinates": [ 22.957257, 40.630335 ] } },
{ "type": "Feature", "properties": { "amenity": "parking", "name": null, "operator": null, "capacity": null, "fee": null, "access": null, "parking": "lane", "surface": "asphalt" }, "geometry": { "type": "Point", "coordinates": [ 22.952774, 40.63476 ] } },
{ "type": "Feature", "properties": { "amenity": "parking", "name": null, "operator": null, "capacity": null, "fee": null, "access": null, "parking": null, "surface": null }, "geometry": { "type": "Point", "coordinates": [ 22.958948, 40.637749 ] } },
{ "type": "Feature", "properties": { "amenity": "parking", "name": null, "operator": "Κρεωνίδης", "capacity": "3", "fee": null, "access": "customers", "parking": "surface", "surface": null }, "geometry": { "type": "Point", "coordinates": [ 22.959085, 40.639773 ] } },
{ "type": "Feature", "properties": { "amenity": "parking", "name": null, "operator": null, "capacity": null, "fee": null, "access": null, "parking": "surface", "surface": null }, "geometry": { "type": "Point", "coordinates": [ 22.948876, 40.640931 ] } },
{ "type": "Feature", "properties": { "amenity": "parking", "name": null, "operator": null, "capacity": null, "fee": "no", "access": "yes", "parking": "surface", "surface": null }, "geometry": { "type": "Point", "coordinates": [ 22.948184, 40.643632 ] } },
{ "type": "Feature", "properties": { "amenity": "parking", "name": null, "operator": null, "capacity": null, "fee": null, "access": null, "parking": null, "surface": null }, "geometry": { "type": "Point", "coordinates": [ 22.949708, 40.643819 ] } },
{ "type": "Feature", "properties": { "amenity": "parking", "name": null, "operator": null, "capacity": null, "fee": null, "access": null, "parking": null, "surface": null }, "geometry": { "type": "Point", "coordinates": [ 22.947946, 40.643957 ] } },
{ "type": "Feature", "properties": { "amenity": "parking", "name": null, "operator": null, "capacity": null, "fee": null, "access": null, "parking": null, "surface": null }, "geometry": { "type": "Point", "coordinates": [ 22.948415, 40.646065 ] } },
{ "type": "Feature", "properties": { "amenity": "parking", "name": null, "operator": null, "capacity": null, "fee": "no", "access": "yes", "parking": null, "surface": null }, "geometry": { "type": "Point", "coordinates": [ 22.948607, 40.647006 ] } },
{ "type": "Feature", "properties": { "amenity": "parking", "name": null, "operator": null, "capacity": null, "fee": null, "access": "private", "parking": null, "surface": null }, "geometry": { "type": "Point", "coordinates": [ 22.950903, 40.648309 ] } },
{ "type": "Feature", "properties": { "amenity": "parking", "name": null, "operator": null, "capacity": null, "fee": "no", "access": "yes", "parking": "surface", "surface": null }, "geometry": { "type": "Point", "coordinates": [ 22.947816, 40.650798 ] } },
{ "type": "Feature", "properties": { "amenity": "parking", "name": null, "operator": null, "capacity": null, "fee": null, "access": null, "parking": null, "surface": null }, "geometry": { "type": "Point", "coordinates": [ 22.950995, 40.652452 ] } },
{ "type": "Feature", "properties": { "amenity": "parking", "name": "Δημοτικό Πάρκινγκ", "operator": null, "capacity": null, "fee": "no", "access": "yes", "parking": "surface", "surface": null }, "geometry": { "type": "Point", "coordinates": [ 22.947673, 40.655467 ] } },
{ "type": "Feature", "properties": { "amenity": "parking", "name": "Δημοτικό Πάρκινγκ", "operator": null, "capacity": null, "fee": "no", "access": "yes", "parking": null, "surface": null }, "geometry": { "type": "Point", "coordinates": [ 22.949046, 40.656157 ] } },
{ "type": "Feature", "properties": { "amenity": "parking", "name": null, "operator": null, "capacity": null, "fee": null, "access": null, "parking": null, "surface": null }, "geometry": { "type": "Point", "coordinates": [ 22.947534, 40.661718 ] } },
{ "type": "Feature", "properties": { "amenity": "parking", "name": null, "operator": null, "capacity": null, "fee": null, "access": null, "parking": null, "surface": null }, "geometry": { "type": "Point", "coordinates": [ 22.947513, 40.661792 ] } },
{ "type": "Feature", "properties": { "amenity": "parking", "name": null, "operator": null, "capacity": null, "fee": null, "access": null, "parking": "street_side", "surface": null }, "geometry": { "type": "Point", "coordinates": [ 22.964644, 40.637112 ] } },
{ "type": "Feature", "properties": { "amenity": "parking", "name": null, "operator": "Το Κτήμα", "capacity": null, "fee": "no", "access": "customers", "parking": "surface", "surface": "gravel" }, "geometry": { "type": "Point", "coordinates": [ 22.96056, 40.63902 ] } },
{ "type": "Feature", "properties": { "amenity": "parking", "name": null, "operator": null, "capacity": null, "fee": "no", "access": "yes", "parking": "surface", "surface": null }, "geometry": { "type": "Point", "coordinates": [ 22.960008, 40.639098 ] } },
{ "type": "Feature", "properties": { "amenity": "parking", "name": null, "operator": null, "capacity": null, "fee": null, "access": null, "parking": null, "surface": null }, "geometry": { "type": "Point", "coordinates": [ 22.960259, 40.642143 ] } },
{ "type": "Feature", "properties": { "amenity": "parking", "name": null, "operator": null, "capacity": null, "fee": null, "access": "private", "parking": "surface", "surface": null }, "geometry": { "type": "Point", "coordinates": [ 22.961346, 40.64426 ] } },
{ "type": "Feature", "properties": { "amenity": "parking", "name": null, "operator": null, "capacity": null, "fee": null, "access": null, "parking": null, "surface": null }, "geometry": { "type": "Point", "coordinates": [ 22.960981, 40.650341 ] } },
{ "type": "Feature", "properties": { "amenity": "parking", "name": null, "operator": null, "capacity": null, "fee": null, "access": null, "parking": null, "surface": null }, "geometry": { "type": "Point", "coordinates": [ 22.960526, 40.65525 ] } },
{ "type": "Feature", "properties": { "amenity": "parking", "name": null, "operator": null, "capacity": null, "fee": null, "access": "private", "parking": null, "surface": null }, "geometry": { "type": "Point", "coordinates": [ 22.96607, 40.672883 ] } },
{ "type": "Feature", "properties": { "amenity": "parking", "name": null, "operator": null, "capacity": null, "fee": null, "access": "private", "parking": null, "surface": null }, "geometry": { "type": "Point", "coordinates": [ 22.965588, 40.673013 ] } },
{ "type": "Feature", "properties": { "amenity": "parking", "name": null, "operator": null, "capacity": null, "fee": null, "access": "private", "parking": "surface", "surface": null }, "geometry": { "type": "Point", "coordinates": [ 22.962125, 40.674273 ] } },
{ "type": "Feature", "properties": { "amenity": "parking", "name": null, "operator": null, "capacity": null, "fee": null, "access": null, "parking": "surface", "surface": "gravel" }, "geometry": { "type": "Point", "coordinates": [ 22.976253, 40.601808 ] } },
{ "type": "Feature", "properties": { "amenity": "parking", "name": null, "operator": "Discount Markt", "capacity": "20", "fee": null, "access": "customers", "parking": "surface", "surface": "paved" }, "geometry": { "type": "Point", "coordinates": [ 22.976889, 40.602465 ] } },
{ "type": "Feature", "properties": { "amenity": "parking", "name": null, "operator": null, "capacity": null, "fee": "no", "access": "yes", "parking": "surface", "surface": null }, "geometry": { "type": "Point", "coordinates": [ 22.983489, 40.608504 ] } },
{ "type": "Feature", "properties": { "amenity": "parking", "name": "Δημοτικό Πάρκινγκ", "operator": null, "capacity": null, "fee": "no", "access": "yes", "parking": "surface", "surface": null }, "geometry": { "type": "Point", "coordinates": [ 22.979465, 40.610174 ] } },
{ "type": "Feature", "properties": { "amenity": "parking", "name": null, "operator": null, "capacity": null, "fee": null, "access": null, "parking": null, "surface": null }, "geometry": { "type": "Point", "coordinates": [ 22.977651, 40.611872 ] } },
{ "type": "Feature", "properties": { "amenity": "parking", "name": null, "operator": null, "capacity": null, "fee": "no", "access": "yes", "parking": "surface", "surface": null }, "geometry": { "type": "Point", "coordinates": [ 22.972864, 40.61291 ] } },
{ "type": "Feature", "properties": { "amenity": "parking", "name": null, "operator": null, "capacity": null, "fee": null, "access": null, "parking": null, "surface": null }, "geometry": { "type": "Point", "coordinates": [ 22.972093, 40.626497 ] } },
{ "type": "Feature", "properties": { "amenity": "parking", "name": null, "operator": null, "capacity": null, "fee": "no", "access": null, "parking": null, "surface": null }, "geometry": { "type": "Point", "coordinates": [ 22.982106, 40.645776 ] } },
{ "type": "Feature", "properties": { "amenity": "parking", "name": null, "operator": null, "capacity": null, "fee": null, "access": null, "parking": null, "surface": null }, "geometry": { "type": "Point", "coordinates": [ 22.972873, 40.660727 ] } },
{ "type": "Feature", "properties": { "amenity": "parking", "name": null, "operator": null, "capacity": null, "fee": null, "access": null, "parking": null, "surface": null }, "geometry": { "type": "Point", "coordinates": [ 22.97434, 40.722257 ] } },
{ "type": "Feature", "properties": { "amenity": "parking", "name": null, "operator": null, "capacity": null, "fee": null, "access": "private", "parking": "surface", "surface": null }, "geometry": { "type": "Point", "coordinates": [ 22.96226, 40.6743 ] } },
{ "type": "Feature", "properties": { "amenity": "parking", "name": null, "operator": null, "capacity": null, "fee": null, "access": "disabled", "parking": "street_side", "surface": "asphalt" }, "geometry": { "type": "Point", "coordinates": [ 22.962035, 40.674684 ] } },
{ "type": "Feature", "properties": { "amenity": "parking", "name": null, "operator": null, "capacity": "525", "fee": "no", "access": "customers", "parking": "surface", "surface": null }, "geometry": { "type": "Point", "coordinates": [ 22.961164, 40.674735 ] } },
{ "type": "Feature", "properties": { "amenity": "parking", "name": null, "operator": null, "capacity": null, "fee": null, "access": "emergency", "parking": "street_side", "surface": "asphalt" }, "geometry": { "type": "Point", "coordinates": [ 22.961909, 40.675306 ] } },
{ "type": "Feature", "properties": { "amenity": "parking", "name": null, "operator": null, "capacity": "10", "fee": null, "access": "disabled", "parking": "street_side", "surface": "asphalt" }, "geometry": { "type": "Point", "coordinates": [ 22.961779, 40.675708 ] } },
{ "type": "Feature", "properties": { "amenity": "parking", "name": null, "operator": null, "capacity": "90", "fee": "no", "access": "customers", "parking": "surface", "surface": null }, "geometry": { "type": "Point", "coordinates": [ 22.961027, 40.676124 ] } },
{ "type": "Feature", "properties": { "amenity": "parking", "name": null, "operator": null, "capacity": null, "fee": "no", "access": "private", "parking": "surface", "surface": "ground" }, "geometry": { "type": "Point", "coordinates": [ 22.964218, 40.676453 ] } },
{ "type": "Feature", "properties": { "amenity": "parking", "name": null, "operator": null, "capacity": "20", "fee": "no", "access": "customers", "parking": "surface", "surface": null }, "geometry": { "type": "Point", "coordinates": [ 22.960865, 40.676635 ] } },
{ "type": "Feature", "properties": { "amenity": "parking", "name": null, "operator": null, "capacity": null, "fee": "no", "access": "customers", "parking": "surface", "surface": "ground" }, "geometry": { "type": "Point", "coordinates": [ 22.960444, 40.676683 ] } },
{ "type": "Feature", "properties": { "amenity": "parking", "name": null, "operator": null, "capacity": "55", "fee": "no", "access": "private", "parking": "surface", "surface": null }, "geometry": { "type": "Point", "coordinates": [ 22.961948, 40.676966 ] } },
{ "type": "Feature", "properties": { "amenity": "parking", "name": null, "operator": null, "capacity": null, "fee": null, "access": null, "parking": null, "surface": null }, "geometry": { "type": "Point", "coordinates": [ 22.949714, 40.662854 ] } },
{ "type": "Feature", "properties": { "amenity": "parking", "name": null, "operator": null, "capacity": null, "fee": null, "access": null, "parking": "street_side", "surface": null }, "geometry": { "type": "Point", "coordinates": [ 22.954633, 40.665499 ] } },
{ "type": "Feature", "properties": { "amenity": "parking", "name": null, "operator": null, "capacity": null, "fee": "no", "access": "customers", "parking": null, "surface": "asphalt" }, "geometry": { "type": "Point", "coordinates": [ 22.947293, 40.679476 ] } },
{ "type": "Feature", "properties": { "amenity": "parking", "name": null, "operator": null, "capacity": null, "fee": null, "access": null, "parking": null, "surface": null }, "geometry": { "type": "Point", "coordinates": [ 22.949177, 40.680596 ] } },
{ "type": "Feature", "properties": { "amenity": "parking", "name": null, "operator": null, "capacity": "200", "fee": null, "access": null, "parking": null, "surface": null }, "geometry": { "type": "Point", "coordinates": [ 22.956949, 40.680967 ] } },
{ "type": "Feature", "properties": { "amenity": "parking", "name": null, "operator": null, "capacity": null, "fee": null, "access": null, "parking": null, "surface": null }, "geometry": { "type": "Point", "coordinates": [ 22.950964, 40.684028 ] } },
{ "type": "Feature", "properties": { "amenity": "parking", "name": null, "operator": null, "capacity": null, "fee": "no", "access": "customers", "parking": null, "surface": "unpaved" }, "geometry": { "type": "Point", "coordinates": [ 22.952617, 40.702934 ] } },
{ "type": "Feature", "properties": { "amenity": "parking", "name": null, "operator": null, "capacity": null, "fee": null, "access": "customers", "parking": "surface", "surface": "paved" }, "geometry": { "type": "Point", "coordinates": [ 22.952792, 40.703595 ] } },
{ "type": "Feature", "properties": { "amenity": "parking", "name": null, "operator": null, "capacity": null, "fee": "no", "access": "customers", "parking": "surface", "surface": "gravel" }, "geometry": { "type": "Point", "coordinates": [ 22.953393, 40.703976 ] } },
{ "type": "Feature", "properties": { "amenity": "parking", "name": null, "operator": null, "capacity": null, "fee": "yes", "access": "private", "parking": "surface", "surface": "asphalt" }, "geometry": { "type": "Point", "coordinates": [ 22.954874, 40.706402 ] } },
{ "type": "Feature", "properties": { "amenity": "parking", "name": null, "operator": null, "capacity": null, "fee": null, "access": "private", "parking": null, "surface": null }, "geometry": { "type": "Point", "coordinates": [ 23.003416, 40.604132 ] } },
{ "type": "Feature", "properties": { "amenity": "parking", "name": null, "operator": null, "capacity": null, "fee": null, "access": "customers", "parking": null, "surface": null }, "geometry": { "type": "Point", "coordinates": [ 23.002115, 40.604272 ] } },
{ "type": "Feature", "properties": { "amenity": "parking", "name": null, "operator": null, "capacity": null, "fee": null, "access": "customers", "parking": "surface", "surface": null }, "geometry": { "type": "Point", "coordinates": [ 23.003061, 40.604885 ] } },
{ "type": "Feature", "properties": { "amenity": "parking", "name": null, "operator": null, "capacity": null, "fee": null, "access": "customers", "parking": "surface", "surface": null }, "geometry": { "type": "Point", "coordinates": [ 23.004449, 40.60524 ] } },
{ "type": "Feature", "properties": { "amenity": "parking", "name": null, "operator": null, "capacity": null, "fee": null, "access": null, "parking": "surface", "surface": null }, "geometry": { "type": "Point", "coordinates": [ 23.004004, 40.605776 ] } },
{ "type": "Feature", "properties": { "amenity": "parking", "name": null, "operator": null, "capacity": null, "fee": null, "access": null, "parking": "surface", "surface": null }, "geometry": { "type": "Point", "coordinates": [ 22.996862, 40.652824 ] } },
{ "type": "Feature", "properties": { "amenity": "parking", "name": null, "operator": "Σκλαβενίτης", "capacity": null, "fee": "no", "access": "customers", "parking": "underground", "surface": null }, "geometry": { "type": "Point", "coordinates": [ 22.992341, 40.654981 ] } },
{ "type": "Feature", "properties": { "amenity": "parking", "name": null, "operator": null, "capacity": null, "fee": null, "access": null, "parking": null, "surface": null }, "geometry": { "type": "Point", "coordinates": [ 22.993328, 40.655385 ] } },
{ "type": "Feature", "properties": { "amenity": "parking", "name": null, "operator": "Μασούτης", "capacity": null, "fee": "no", "access": "customers", "parking": "surface", "surface": "asphalt" }, "geometry": { "type": "Point", "coordinates": [ 22.991705, 40.655403 ] } },
{ "type": "Feature", "properties": { "amenity": "parking", "name": null, "operator": null, "capacity": null, "fee": "no", "access": "yes", "parking": "surface", "surface": "dirt" }, "geometry": { "type": "Point", "coordinates": [ 23.006311, 40.657676 ] } },
{ "type": "Feature", "properties": { "amenity": "parking", "name": null, "operator": null, "capacity": null, "fee": "no", "access": null, "parking": "street_side", "surface": null }, "geometry": { "type": "Point", "coordinates": [ 23.044264, 40.628794 ] } },
{ "type": "Feature", "properties": { "amenity": "parking", "name": null, "operator": null, "capacity": null, "fee": null, "access": null, "parking": null, "surface": null }, "geometry": { "type": "Point", "coordinates": [ 23.102271, 40.630122 ] } },
{ "type": "Feature", "properties": { "amenity": "parking", "name": null, "operator": null, "capacity": null, "fee": "no", "access": "yes", "parking": "surface", "surface": "asphalt" }, "geometry": { "type": "Point", "coordinates": [ 23.100825, 40.630774 ] } },
{ "type": "Feature", "properties": { "amenity": "parking", "name": null, "operator": null, "capacity": null, "fee": "no", "access": "permissive", "parking": null, "surface": null }, "geometry": { "type": "Point", "coordinates": [ 23.043361, 40.630507 ] } },
{ "type": "Feature", "properties": { "amenity": "parking", "name": null, "operator": null, "capacity": null, "fee": null, "access": null, "parking": null, "surface": null }, "geometry": { "type": "Point", "coordinates": [ 23.045641, 40.631667 ] } },
{ "type": "Feature", "properties": { "amenity": "parking", "name": null, "operator": null, "capacity": null, "fee": null, "access": null, "parking": null, "surface": null }, "geometry": { "type": "Point", "coordinates": [ 23.041018, 40.632396 ] } },
{ "type": "Feature", "properties": { "amenity": "parking", "name": null, "operator": null, "capacity": null, "fee": "no", "access": "yes", "parking": "street_side", "surface": "dirt" }, "geometry": { "type": "Point", "coordinates": [ 23.040889, 40.640452 ] } },
{ "type": "Feature", "properties": { "amenity": "parking", "name": null, "operator": null, "capacity": null, "fee": "no", "access": "yes", "parking": "surface", "surface": "asphalt" }, "geometry": { "type": "Point", "coordinates": [ 23.022017, 40.641056 ] } },
{ "type": "Feature", "properties": { "amenity": "parking", "name": null, "operator": null, "capacity": null, "fee": null, "access": null, "parking": null, "surface": null }, "geometry": { "type": "Point", "coordinates": [ 23.022605, 40.641708 ] } },
{ "type": "Feature", "properties": { "amenity": "parking", "name": null, "operator": null, "capacity": null, "fee": null, "access": null, "parking": null, "surface": null }, "geometry": { "type": "Point", "coordinates": [ 23.704468, 40.664006 ] } },
{ "type": "Feature", "properties": { "amenity": "parking", "name": null, "operator": null, "capacity": null, "fee": null, "access": null, "parking": null, "surface": null }, "geometry": { "type": "Point", "coordinates": [ 23.120556, 40.667737 ] } },
{ "type": "Feature", "properties": { "amenity": "parking", "name": null, "operator": null, "capacity": null, "fee": null, "access": null, "parking": null, "surface": null }, "geometry": { "type": "Point", "coordinates": [ 23.683474, 40.692784 ] } },
{ "type": "Feature", "properties": { "amenity": "parking", "name": null, "operator": null, "capacity": null, "fee": null, "access": null, "parking": null, "surface": null }, "geometry": { "type": "Point", "coordinates": [ 23.053282, 40.697343 ] } },
{ "type": "Feature", "properties": { "amenity": "parking", "name": null, "operator": null, "capacity": null, "fee": null, "access": null, "parking": null, "surface": null }, "geometry": { "type": "Point", "coordinates": [ 23.356951, 40.703026 ] } },
{ "type": "Feature", "properties": { "amenity": "parking", "name": null, "operator": null, "capacity": null, "fee": null, "access": null, "parking": null, "surface": null }, "geometry": { "type": "Point", "coordinates": [ 23.356935, 40.703277 ] } },
{ "type": "Feature", "properties": { "amenity": "parking", "name": null, "operator": null, "capacity": null, "fee": null, "access": null, "parking": null, "surface": null }, "geometry": { "type": "Point", "coordinates": [ 23.356562, 40.703467 ] } },
{ "type": "Feature", "properties": { "amenity": "parking", "name": null, "operator": null, "capacity": null, "fee": null, "access": null, "parking": "surface", "surface": null }, "geometry": { "type": "Point", "coordinates": [ 23.098475, 40.706026 ] } },
{ "type": "Feature", "properties": { "amenity": "parking", "name": null, "operator": null, "capacity": null, "fee": null, "access": null, "parking": "street_side", "surface": null }, "geometry": { "type": "Point", "coordinates": [ 23.189399, 40.707487 ] } },
{ "type": "Feature", "properties": { "amenity": "parking", "name": null, "operator": null, "capacity": null, "fee": null, "access": null, "parking": "street_side", "surface": null }, "geometry": { "type": "Point", "coordinates": [ 23.189944, 40.708005 ] } },
{ "type": "Feature", "properties": { "amenity": "parking", "name": null, "operator": null, "capacity": null, "fee": "no", "access": "customers", "parking": null, "surface": null }, "geometry": { "type": "Point", "coordinates": [ 23.042805, 40.707758 ] } },
{ "type": "Feature", "properties": { "amenity": "parking", "name": null, "operator": null, "capacity": null, "fee": null, "access": null, "parking": null, "surface": null }, "geometry": { "type": "Point", "coordinates": [ 23.022266, 40.731831 ] } },
{ "type": "Feature", "properties": { "amenity": "parking", "name": null, "operator": null, "capacity": null, "fee": null, "access": null, "parking": null, "surface": null }, "geometry": { "type": "Point", "coordinates": [ 23.086058, 40.733343 ] } },
{ "type": "Feature", "properties": { "amenity": "parking", "name": "Βολάν Καρτ Λαγκαδά", "operator": null, "capacity": "20", "fee": "no", "access": "customers", "parking": "surface", "surface": null }, "geometry": { "type": "Point", "coordinates": [ 23.105352, 40.748185 ] } },
{ "type": "Feature", "properties": { "amenity": "parking", "name": null, "operator": null, "capacity": null, "fee": null, "access": null, "parking": null, "surface": null }, "geometry": { "type": "Point", "coordinates": [ 23.059446, 40.747989 ] } },
{ "type": "Feature", "properties": { "amenity": "parking", "name": null, "operator": null, "capacity": null, "fee": "no", "access": "yes", "parking": "surface", "surface": null }, "geometry": { "type": "Point", "coordinates": [ 23.066221, 40.750696 ] } },
{ "type": "Feature", "properties": { "amenity": "parking", "name": null, "operator": null, "capacity": null, "fee": null, "access": null, "parking": null, "surface": null }, "geometry": { "type": "Point", "coordinates": [ 22.897964, 40.645708 ] } },
{ "type": "Feature", "properties": { "amenity": "parking", "name": null, "operator": null, "capacity": null, "fee": null, "access": null, "parking": null, "surface": null }, "geometry": { "type": "Point", "coordinates": [ 22.865989, 40.649434 ] } },
{ "type": "Feature", "properties": { "amenity": "parking", "name": null, "operator": null, "capacity": null, "fee": null, "access": null, "parking": null, "surface": null }, "geometry": { "type": "Point", "coordinates": [ 22.848751, 40.650253 ] } },
{ "type": "Feature", "properties": { "amenity": "parking", "name": null, "operator": null, "capacity": null, "fee": "yes", "access": "private", "parking": "underground", "surface": null }, "geometry": { "type": "Point", "coordinates": [ 22.901546, 40.654697 ] } },
{ "type": "Feature", "properties": { "amenity": "parking", "name": null, "operator": null, "capacity": null, "fee": null, "access": null, "parking": null, "surface": null }, "geometry": { "type": "Point", "coordinates": [ 22.804484, 40.655245 ] } },
{ "type": "Feature", "properties": { "amenity": "parking", "name": null, "operator": null, "capacity": null, "fee": null, "access": null, "parking": null, "surface": null }, "geometry": { "type": "Point", "coordinates": [ 22.802703, 40.655373 ] } },
{ "type": "Feature", "properties": { "amenity": "parking", "name": null, "operator": null, "capacity": null, "fee": null, "access": "customers", "parking": "surface", "surface": null }, "geometry": { "type": "Point", "coordinates": [ 22.87334, 40.656437 ] } },
{ "type": "Feature", "properties": { "amenity": "parking", "name": null, "operator": null, "capacity": null, "fee": null, "access": null, "parking": null, "surface": null }, "geometry": { "type": "Point", "coordinates": [ 22.802758, 40.655838 ] } },
{ "type": "Feature", "properties": { "amenity": "parking", "name": null, "operator": null, "capacity": null, "fee": null, "access": null, "parking": null, "surface": null }, "geometry": { "type": "Point", "coordinates": [ 22.804823, 40.655997 ] } },
{ "type": "Feature", "properties": { "amenity": "parking", "name": null, "operator": null, "capacity": null, "fee": null, "access": null, "parking": null, "surface": null }, "geometry": { "type": "Point", "coordinates": [ 22.801989, 40.656064 ] } },
{ "type": "Feature", "properties": { "amenity": "parking", "name": null, "operator": null, "capacity": null, "fee": "no", "access": "yes", "parking": "surface", "surface": null }, "geometry": { "type": "Point", "coordinates": [ 22.919428, 40.654013 ] } },
{ "type": "Feature", "properties": { "amenity": "parking", "name": null, "operator": null, "capacity": null, "fee": "no", "access": "yes", "parking": "surface", "surface": null }, "geometry": { "type": "Point", "coordinates": [ 22.922757, 40.654362 ] } },
{ "type": "Feature", "properties": { "amenity": "parking", "name": "Parking ΚΤΕΛ Μακεδονία", "operator": "ΚΤΕΛ Μακεδονίας", "capacity": null, "fee": "yes", "access": null, "parking": "surface", "surface": null }, "geometry": { "type": "Point", "coordinates": [ 22.903269, 40.65466 ] } },
{ "type": "Feature", "properties": { "amenity": "parking", "name": null, "operator": "Lidl", "capacity": null, "fee": "no", "access": "customers", "parking": "surface", "surface": null }, "geometry": { "type": "Point", "coordinates": [ 22.906645, 40.654941 ] } },
{ "type": "Feature", "properties": { "amenity": "parking", "name": null, "operator": null, "capacity": null, "fee": null, "access": "bus", "parking": null, "surface": null }, "geometry": { "type": "Point", "coordinates": [ 22.903101, 40.655361 ] } },
{ "type": "Feature", "properties": { "amenity": "parking", "name": null, "operator": null, "capacity": null, "fee": null, "access": "yes", "parking": null, "surface": null }, "geometry": { "type": "Point", "coordinates": [ 22.910423, 40.656177 ] } },
{ "type": "Feature", "properties": { "amenity": "parking", "name": null, "operator": null, "capacity": null, "fee": null, "access": null, "parking": null, "surface": null }, "geometry": { "type": "Point", "coordinates": [ 22.920655, 40.65678 ] } },
{ "type": "Feature", "properties": { "amenity": "parking", "name": null, "operator": "Δήμος Αμπελοκήπων-Μενεμένης", "capacity": null, "fee": "no", "access": "yes", "parking": "surface", "surface": "asphalt" }, "geometry": { "type": "Point", "coordinates": [ 22.915897, 40.656966 ] } },
{ "type": "Feature", "properties": { "amenity": "parking", "name": null, "operator": null, "capacity": null, "fee": "no", "access": null, "parking": "surface", "surface": null }, "geometry": { "type": "Point", "coordinates": [ 22.928669, 40.657466 ] } },
{ "type": "Feature", "properties": { "amenity": "parking", "name": null, "operator": null, "capacity": null, "fee": null, "access": null, "parking": null, "surface": null }, "geometry": { "type": "Point", "coordinates": [ 22.922108, 40.659209 ] } },
{ "type": "Feature", "properties": { "amenity": "parking", "name": null, "operator": null, "capacity": null, "fee": null, "access": null, "parking": null, "surface": null }, "geometry": { "type": "Point", "coordinates": [ 22.94618, 40.656323 ] } },
{ "type": "Feature", "properties": { "amenity": "parking", "name": null, "operator": null, "capacity": null, "fee": null, "access": null, "parking": "street_side", "surface": null }, "geometry": { "type": "Point", "coordinates": [ 22.932749, 40.65646 ] } },
{ "type": "Feature", "properties": { "amenity": "parking", "name": "Parking Κινηματογράφου", "operator": null, "capacity": "20", "fee": "no", "access": null, "parking": null, "surface": null }, "geometry": { "type": "Point", "coordinates": [ 22.943268, 40.656651 ] } },
{ "type": "Feature", "properties": { "amenity": "parking", "name": null, "operator": null, "capacity": null, "fee": null, "access": "yes", "parking": null, "surface": null }, "geometry": { "type": "Point", "coordinates": [ 22.947231, 40.657313 ] } },
{ "type": "Feature", "properties": { "amenity": "parking", "name": null, "operator": null, "capacity": null, "fee": null, "access": "yes", "parking": null, "surface": null }, "geometry": { "type": "Point", "coordinates": [ 22.942428, 40.657907 ] } },
{ "type": "Feature", "properties": { "amenity": "parking", "name": null, "operator": "Δήμος Παύλου Μελά", "capacity": null, "fee": null, "access": "private", "parking": "surface", "surface": "asphalt" }, "geometry": { "type": "Point", "coordinates": [ 22.934894, 40.662298 ] } },
{ "type": "Feature", "properties": { "amenity": "parking", "name": null, "operator": "Δήμος Παύλου Μελά", "capacity": null, "fee": "no", "access": "restricted", "parking": "surface", "surface": "asphalt" }, "geometry": { "type": "Point", "coordinates": [ 22.936509, 40.662731 ] } },
{ "type": "Feature", "properties": { "amenity": "parking", "name": null, "operator": "Δήμος Παύλου Μελά", "capacity": null, "fee": "no", "access": "yes", "parking": "surface", "surface": "asphalt" }, "geometry": { "type": "Point", "coordinates": [ 22.935717, 40.66346 ] } },
{ "type": "Feature", "properties": { "amenity": "parking", "name": null, "operator": "Δήμος Παύλου Μελά", "capacity": null, "fee": "no", "access": "yes", "parking": "surface", "surface": "asphalt" }, "geometry": { "type": "Point", "coordinates": [ 22.937857, 40.664037 ] } },
{ "type": "Feature", "properties": { "amenity": "parking", "name": null, "operator": null, "capacity": null, "fee": null, "access": "yes", "parking": "surface", "surface": null }, "geometry": { "type": "Point", "coordinates": [ 22.941512, 40.6651 ] } },
{ "type": "Feature", "properties": { "amenity": "parking", "name": null, "operator": null, "capacity": null, "fee": null, "access": null, "parking": "surface", "surface": null }, "geometry": { "type": "Point", "coordinates": [ 22.804804, 40.656645 ] } },
{ "type": "Feature", "properties": { "amenity": "parking", "name": null, "operator": null, "capacity": null, "fee": null, "access": null, "parking": null, "surface": null }, "geometry": { "type": "Point", "coordinates": [ 22.886139, 40.657546 ] } },
{ "type": "Feature", "properties": { "amenity": "parking", "name": null, "operator": null, "capacity": null, "fee": null, "access": null, "parking": null, "surface": null }, "geometry": { "type": "Point", "coordinates": [ 22.806261, 40.657298 ] } },
{ "type": "Feature", "properties": { "amenity": "parking", "name": null, "operator": null, "capacity": null, "fee": null, "access": null, "parking": null, "surface": null }, "geometry": { "type": "Point", "coordinates": [ 22.805196, 40.657848 ] } },
{ "type": "Feature", "properties": { "amenity": "parking", "name": null, "operator": "Αλεξάνδρειο Τεχνολογικό Εκπαιδευτικό Ίδρυμα Θεσσαλονίκης", "capacity": null, "fee": null, "access": null, "parking": "surface", "surface": null }, "geometry": { "type": "Point", "coordinates": [ 22.803448, 40.658112 ] } },
{ "type": "Feature", "properties": { "amenity": "parking", "name": null, "operator": null, "capacity": null, "fee": null, "access": null, "parking": "surface", "surface": null }, "geometry": { "type": "Point", "coordinates": [ 22.898078, 40.659179 ] } },
{ "type": "Feature", "properties": { "amenity": "parking", "name": null, "operator": "Αλεξάνδρειο Τεχνολογικό Εκπαιδευτικό Ίδρυμα Θεσσαλονίκης", "capacity": null, "fee": null, "access": null, "parking": "surface", "surface": null }, "geometry": { "type": "Point", "coordinates": [ 22.803088, 40.658414 ] } },
{ "type": "Feature", "properties": { "amenity": "parking", "name": null, "operator": "Αλεξάνδρειο Τεχνολογικό Εκπαιδευτικό Ίδρυμα Θεσσαλονίκης", "capacity": null, "fee": null, "access": null, "parking": "surface", "surface": null }, "geometry": { "type": "Point", "coordinates": [ 22.802807, 40.659029 ] } },
{ "type": "Feature", "properties": { "amenity": "parking", "name": null, "operator": "Σκλαβενίτης", "capacity": null, "fee": "no", "access": "customers", "parking": "rooftop", "surface": "concrete" }, "geometry": { "type": "Point", "coordinates": [ 22.895947, 40.664633 ] } },
{ "type": "Feature", "properties": { "amenity": "parking", "name": null, "operator": null, "capacity": null, "fee": null, "access": null, "parking": "surface", "surface": null }, "geometry": { "type": "Point", "coordinates": [ 22.854458, 40.664757 ] } },
{ "type": "Feature", "properties": { "amenity": "parking", "name": null, "operator": null, "capacity": null, "fee": null, "access": null, "parking": null, "surface": null }, "geometry": { "type": "Point", "coordinates": [ 22.922662, 40.65937 ] } },
{ "type": "Feature", "properties": { "amenity": "parking", "name": null, "operator": null, "capacity": null, "fee": null, "access": null, "parking": null, "surface": null }, "geometry": { "type": "Point", "coordinates": [ 22.92274, 40.659612 ] } },
{ "type": "Feature", "properties": { "amenity": "parking", "name": "Euromedica", "operator": null, "capacity": "15", "fee": null, "access": "customers", "parking": null, "surface": null }, "geometry": { "type": "Point", "coordinates": [ 22.928868, 40.662733 ] } },
{ "type": "Feature", "properties": { "amenity": "parking", "name": "Lidl", "operator": "Lidl", "capacity": "40", "fee": "no", "access": "customers", "parking": "surface", "surface": "asphalt" }, "geometry": { "type": "Point", "coordinates": [ 22.929468, 40.662692 ] } },
{ "type": "Feature", "properties": { "amenity": "parking", "name": null, "operator": null, "capacity": null, "fee": "no", "access": "yes", "parking": "surface", "surface": "dirt" }, "geometry": { "type": "Point", "coordinates": [ 22.902506, 40.662834 ] } },
{ "type": "Feature", "properties": { "amenity": "parking", "name": null, "operator": "Γαλαξίας", "capacity": null, "fee": "no", "access": "customers", "parking": "surface", "surface": "asphalt" }, "geometry": { "type": "Point", "coordinates": [ 22.930963, 40.663258 ] } },
{ "type": "Feature", "properties": { "amenity": "parking", "name": null, "operator": null, "capacity": null, "fee": "no", "access": "yes", "parking": null, "surface": null }, "geometry": { "type": "Point", "coordinates": [ 22.909216, 40.663111 ] } },
{ "type": "Feature", "properties": { "amenity": "parking", "name": null, "operator": null, "capacity": "10", "fee": "Ελεύθερο Πάρκινγκ", "access": null, "parking": "surface", "surface": null }, "geometry": { "type": "Point", "coordinates": [ 22.924834, 40.666064 ] } },
{ "type": "Feature", "properties": { "amenity": "parking", "name": null, "operator": null, "capacity": null, "fee": "no", "access": "yes", "parking": null, "surface": "paving_stones" }, "geometry": { "type": "Point", "coordinates": [ 22.909459, 40.666651 ] } },
{ "type": "Feature", "properties": { "amenity": "parking", "name": "Πάρκινγκ Πλατείας Ευόσμου", "operator": null, "capacity": null, "fee": "no", "access": "yes", "parking": "surface", "surface": "unpaved" }, "geometry": { "type": "Point", "coordinates": [ 22.91205, 40.667813 ] } },
{ "type": "Feature", "properties": { "amenity": "parking", "name": null, "operator": null, "capacity": null, "fee": null, "access": null, "parking": null, "surface": null }, "geometry": { "type": "Point", "coordinates": [ 22.895803, 40.665238 ] } },
{ "type": "Feature", "properties": { "amenity": "parking", "name": null, "operator": null, "capacity": null, "fee": null, "access": null, "parking": null, "surface": null }, "geometry": { "type": "Point", "coordinates": [ 22.799594, 40.665282 ] } },
{ "type": "Feature", "properties": { "amenity": "parking", "name": null, "operator": null, "capacity": null, "fee": null, "access": null, "parking": null, "surface": null }, "geometry": { "type": "Point", "coordinates": [ 22.894137, 40.666273 ] } },
{ "type": "Feature", "properties": { "amenity": "parking", "name": "Πλατεία Ελευθερίας", "operator": "Δήμος Κορδελιού-Ευόσμου", "capacity": "150", "fee": "yes", "access": null, "parking": "underground", "surface": "paved" }, "geometry": { "type": "Point", "coordinates": [ 22.894311, 40.667564 ] } },
{ "type": "Feature", "properties": { "amenity": "parking", "name": "Δημοτικός Χώρος Στάθμευσης", "operator": null, "capacity": null, "fee": "no", "access": "yes", "parking": "surface", "surface": null }, "geometry": { "type": "Point", "coordinates": [ 22.804063, 40.669942 ] } },
{ "type": "Feature", "properties": { "amenity": "parking", "name": null, "operator": null, "capacity": null, "fee": null, "access": null, "parking": null, "surface": null }, "geometry": { "type": "Point", "coordinates": [ 22.864186, 40.670938 ] } },
{ "type": "Feature", "properties": { "amenity": "parking", "name": null, "operator": null, "capacity": null, "fee": null, "access": null, "parking": null, "surface": null }, "geometry": { "type": "Point", "coordinates": [ 22.798663, 40.673626 ] } },
{ "type": "Feature", "properties": { "amenity": "parking", "name": null, "operator": null, "capacity": "15", "fee": "no", "access": "customers", "parking": "surface", "surface": null }, "geometry": { "type": "Point", "coordinates": [ 22.805112, 40.673917 ] } },
{ "type": "Feature", "properties": { "amenity": "parking", "name": null, "operator": null, "capacity": null, "fee": null, "access": "private", "parking": "surface", "surface": null }, "geometry": { "type": "Point", "coordinates": [ 22.865646, 40.67483 ] } },
{ "type": "Feature", "properties": { "amenity": "parking", "name": null, "operator": null, "capacity": null, "fee": null, "access": "private", "parking": "surface", "surface": null }, "geometry": { "type": "Point", "coordinates": [ 22.865327, 40.674925 ] } },
{ "type": "Feature", "properties": { "amenity": "parking", "name": null, "operator": null, "capacity": null, "fee": "no", "access": "yes", "parking": "surface", "surface": "paving_stones" }, "geometry": { "type": "Point", "coordinates": [ 22.943921, 40.665275 ] } },
{ "type": "Feature", "properties": { "amenity": "parking", "name": null, "operator": null, "capacity": null, "fee": "no", "access": "yes", "parking": "street_side", "surface": "paving_stones" }, "geometry": { "type": "Point", "coordinates": [ 22.932732, 40.666602 ] } },
{ "type": "Feature", "properties": { "amenity": "parking", "name": null, "operator": null, "capacity": null, "fee": "no", "access": "yes", "parking": "street_side", "surface": "paving_stones" }, "geometry": { "type": "Point", "coordinates": [ 22.933727, 40.666779 ] } },
{ "type": "Feature", "properties": { "amenity": "parking", "name": null, "operator": null, "capacity": null, "fee": "no", "access": "yes", "parking": "street_side", "surface": "paving_stones" }, "geometry": { "type": "Point", "coordinates": [ 22.933233, 40.666814 ] } },
{ "type": "Feature", "properties": { "amenity": "parking", "name": null, "operator": null, "capacity": null, "fee": null, "access": null, "parking": null, "surface": null }, "geometry": { "type": "Point", "coordinates": [ 22.932983, 40.66829 ] } },
{ "type": "Feature", "properties": { "amenity": "parking", "name": null, "operator": "Δημοτικό πάρκινγκ", "capacity": null, "fee": null, "access": "yes", "parking": "surface", "surface": "mixed" }, "geometry": { "type": "Point", "coordinates": [ 22.945277, 40.668825 ] } },
{ "type": "Feature", "properties": { "amenity": "parking", "name": null, "operator": null, "capacity": null, "fee": null, "access": "yes", "parking": null, "surface": null }, "geometry": { "type": "Point", "coordinates": [ 22.937777, 40.671924 ] } },
{ "type": "Feature", "properties": { "amenity": "parking", "name": "Δημοτικό πάρκινγκ", "operator": null, "capacity": null, "fee": null, "access": "yes", "parking": "surface", "surface": "unpaved" }, "geometry": { "type": "Point", "coordinates": [ 22.934924, 40.673914 ] } },
{ "type": "Feature", "properties": { "amenity": "parking", "name": null, "operator": null, "capacity": null, "fee": "no", "access": "yes", "parking": "surface", "surface": null }, "geometry": { "type": "Point", "coordinates": [ 22.937706, 40.677049 ] } },
{ "type": "Feature", "properties": { "amenity": "parking", "name": null, "operator": null, "capacity": null, "fee": null, "access": "customers", "parking": null, "surface": null }, "geometry": { "type": "Point", "coordinates": [ 22.937672, 40.678661 ] } },
{ "type": "Feature", "properties": { "amenity": "parking", "name": null, "operator": null, "capacity": null, "fee": null, "access": null, "parking": null, "surface": null }, "geometry": { "type": "Point", "coordinates": [ 22.905082, 40.6681 ] } },
{ "type": "Feature", "properties": { "amenity": "parking", "name": null, "operator": null, "capacity": null, "fee": null, "access": null, "parking": "street_side", "surface": null }, "geometry": { "type": "Point", "coordinates": [ 22.926968, 40.672443 ] } },
{ "type": "Feature", "properties": { "amenity": "parking", "name": null, "operator": null, "capacity": null, "fee": null, "access": "yes", "parking": null, "surface": "paved" }, "geometry": { "type": "Point", "coordinates": [ 22.924271, 40.673486 ] } },
{ "type": "Feature", "properties": { "amenity": "parking", "name": null, "operator": null, "capacity": "10", "fee": "no", "access": "customers", "parking": "surface", "surface": "concrete" }, "geometry": { "type": "Point", "coordinates": [ 22.925474, 40.673702 ] } },
{ "type": "Feature", "properties": { "amenity": "parking", "name": null, "operator": null, "capacity": null, "fee": "no", "access": "yes", "parking": null, "surface": null }, "geometry": { "type": "Point", "coordinates": [ 22.920886, 40.674188 ] } },
{ "type": "Feature", "properties": { "amenity": "parking", "name": null, "operator": null, "capacity": null, "fee": null, "access": "yes", "parking": "street_side", "surface": null }, "geometry": { "type": "Point", "coordinates": [ 22.925913, 40.67709 ] } },
{ "type": "Feature", "properties": { "amenity": "parking", "name": null, "operator": null, "capacity": null, "fee": "no", "access": "yes", "parking": "street_side", "surface": "paved" }, "geometry": { "type": "Point", "coordinates": [ 22.906565, 40.677602 ] } },
{ "type": "Feature", "properties": { "amenity": "parking", "name": null, "operator": null, "capacity": null, "fee": "no", "access": "yes", "parking": "surface", "surface": null }, "geometry": { "type": "Point", "coordinates": [ 22.923966, 40.678395 ] } },
{ "type": "Feature", "properties": { "amenity": "parking", "name": null, "operator": null, "capacity": null, "fee": "no", "access": "yes", "parking": "street_side", "surface": null }, "geometry": { "type": "Point", "coordinates": [ 22.919986, 40.680229 ] } },
{ "type": "Feature", "properties": { "amenity": "parking", "name": null, "operator": null, "capacity": null, "fee": null, "access": "customers", "parking": null, "surface": null }, "geometry": { "type": "Point", "coordinates": [ 22.930508, 40.682048 ] } },
{ "type": "Feature", "properties": { "amenity": "parking", "name": null, "operator": "ELPE", "capacity": "25", "fee": null, "access": "customers", "parking": "surface", "surface": "asphalt" }, "geometry": { "type": "Point", "coordinates": [ 22.875617, 40.676136 ] } },
{ "type": "Feature", "properties": { "amenity": "parking", "name": null, "operator": "Lidl", "capacity": null, "fee": "no", "access": null, "parking": "surface", "surface": "asphalt" }, "geometry": { "type": "Point", "coordinates": [ 22.900069, 40.676892 ] } },
{ "type": "Feature", "properties": { "amenity": "parking", "name": null, "operator": null, "capacity": null, "fee": null, "access": "private", "parking": "surface", "surface": "asphalt" }, "geometry": { "type": "Point", "coordinates": [ 22.873343, 40.677045 ] } },
{ "type": "Feature", "properties": { "amenity": "parking", "name": null, "operator": null, "capacity": null, "fee": null, "access": "private", "parking": "surface", "surface": "asphalt" }, "geometry": { "type": "Point", "coordinates": [ 22.87343, 40.677185 ] } },
{ "type": "Feature", "properties": { "amenity": "parking", "name": null, "operator": null, "capacity": "15", "fee": "no", "access": "customers", "parking": "surface", "surface": "asphalt" }, "geometry": { "type": "Point", "coordinates": [ 22.603286, 40.674437 ] } },
{ "type": "Feature", "properties": { "amenity": "parking", "name": null, "operator": null, "capacity": null, "fee": null, "access": "private", "parking": null, "surface": "asphalt" }, "geometry": { "type": "Point", "coordinates": [ 22.815948, 40.679985 ] } },
{ "type": "Feature", "properties": { "amenity": "parking", "name": null, "operator": null, "capacity": null, "fee": "no", "access": "yes", "parking": "surface", "surface": null }, "geometry": { "type": "Point", "coordinates": [ 22.864294, 40.684692 ] } },
{ "type": "Feature", "properties": { "amenity": "parking", "name": null, "operator": "ΕΤΒΑ ΒΙ.ΠΕ. Α.Ε.", "capacity": null, "fee": "no", "access": "yes", "parking": "surface", "surface": "asphalt" }, "geometry": { "type": "Point", "coordinates": [ 22.813705, 40.68538 ] } },
{ "type": "Feature", "properties": { "amenity": "parking", "name": null, "operator": null, "capacity": "10", "fee": "no", "access": "customers", "parking": "surface", "surface": null }, "geometry": { "type": "Point", "coordinates": [ 22.814832, 40.686106 ] } },
{ "type": "Feature", "properties": { "amenity": "parking", "name": null, "operator": "ΕΤΒΑ ΒΙ.ΠΕ. Α.Ε.", "capacity": "40", "fee": "no", "access": "yes", "parking": "surface", "surface": "asphalt" }, "geometry": { "type": "Point", "coordinates": [ 22.813768, 40.686209 ] } },
{ "type": "Feature", "properties": { "amenity": "parking", "name": null, "operator": null, "capacity": null, "fee": null, "access": "customers", "parking": null, "surface": null }, "geometry": { "type": "Point", "coordinates": [ 22.938062, 40.679148 ] } },
{ "type": "Feature", "properties": { "amenity": "parking", "name": null, "operator": null, "capacity": null, "fee": null, "access": null, "parking": null, "surface": null }, "geometry": { "type": "Point", "coordinates": [ 22.944525, 40.681913 ] } },
{ "type": "Feature", "properties": { "amenity": "parking", "name": null, "operator": null, "capacity": null, "fee": null, "access": null, "parking": null, "surface": null }, "geometry": { "type": "Point", "coordinates": [ 22.944706, 40.682527 ] } },
{ "type": "Feature", "properties": { "amenity": "parking", "name": null, "operator": null, "capacity": null, "fee": null, "access": null, "parking": "surface", "surface": null }, "geometry": { "type": "Point", "coordinates": [ 22.940025, 40.696221 ] } },
{ "type": "Feature", "properties": { "amenity": "parking", "name": null, "operator": "POLICOS", "capacity": null, "fee": "no", "access": "customers", "parking": "surface", "surface": "asphalt" }, "geometry": { "type": "Point", "coordinates": [ 22.944644, 40.696462 ] } },
{ "type": "Feature", "properties": { "amenity": "parking", "name": null, "operator": null, "capacity": null, "fee": null, "access": "customers", "parking": null, "surface": null }, "geometry": { "type": "Point", "coordinates": [ 22.938712, 40.70177 ] } },
{ "type": "Feature", "properties": { "amenity": "parking", "name": null, "operator": null, "capacity": "80", "fee": "no", "access": "customers", "parking": "surface", "surface": null }, "geometry": { "type": "Point", "coordinates": [ 22.939876, 40.702523 ] } },
{ "type": "Feature", "properties": { "amenity": "parking", "name": null, "operator": null, "capacity": null, "fee": "no", "access": "customers", "parking": "surface", "surface": null }, "geometry": { "type": "Point", "coordinates": [ 22.938219, 40.702874 ] } },
{ "type": "Feature", "properties": { "amenity": "parking", "name": null, "operator": null, "capacity": null, "fee": null, "access": "customers", "parking": null, "surface": null }, "geometry": { "type": "Point", "coordinates": [ 22.934904, 40.70622 ] } },
{ "type": "Feature", "properties": { "amenity": "parking", "name": null, "operator": "Alterlife Gym", "capacity": null, "fee": "no", "access": "customers", "parking": "surface", "surface": "dirt" }, "geometry": { "type": "Point", "coordinates": [ 22.932271, 40.707882 ] } },
{ "type": "Feature", "properties": { "amenity": "parking", "name": null, "operator": "ETBA", "capacity": null, "fee": "no", "access": "yes", "parking": "surface", "surface": "asphalt" }, "geometry": { "type": "Point", "coordinates": [ 22.816093, 40.686636 ] } },
{ "type": "Feature", "properties": { "amenity": "parking", "name": null, "operator": null, "capacity": "7", "fee": "no", "access": "customers", "parking": "surface", "surface": null }, "geometry": { "type": "Point", "coordinates": [ 22.85554, 40.68736 ] } },
{ "type": "Feature", "properties": { "amenity": "parking", "name": null, "operator": null, "capacity": null, "fee": null, "access": "private", "parking": "surface", "surface": null }, "geometry": { "type": "Point", "coordinates": [ 22.88376, 40.68885 ] } },
{ "type": "Feature", "properties": { "amenity": "parking", "name": null, "operator": null, "capacity": null, "fee": null, "access": null, "parking": null, "surface": null }, "geometry": { "type": "Point", "coordinates": [ 22.848012, 40.692152 ] } },
{ "type": "Feature", "properties": { "amenity": "parking", "name": null, "operator": null, "capacity": null, "fee": null, "access": null, "parking": "surface", "surface": null }, "geometry": { "type": "Point", "coordinates": [ 22.860483, 40.693046 ] } },
{ "type": "Feature", "properties": { "amenity": "parking", "name": null, "operator": null, "capacity": null, "fee": null, "access": null, "parking": "surface", "surface": null }, "geometry": { "type": "Point", "coordinates": [ 22.859832, 40.693098 ] } },
{ "type": "Feature", "properties": { "amenity": "parking", "name": null, "operator": null, "capacity": null, "fee": null, "access": null, "parking": "surface", "surface": null }, "geometry": { "type": "Point", "coordinates": [ 22.858114, 40.693481 ] } },
{ "type": "Feature", "properties": { "amenity": "parking", "name": null, "operator": null, "capacity": null, "fee": "no", "access": "customers", "parking": null, "surface": null }, "geometry": { "type": "Point", "coordinates": [ 22.859871, 40.700295 ] } },
{ "type": "Feature", "properties": { "amenity": "parking", "name": null, "operator": null, "capacity": null, "fee": null, "access": "customers", "parking": "surface", "surface": null }, "geometry": { "type": "Point", "coordinates": [ 22.883797, 40.702888 ] } },
{ "type": "Feature", "properties": { "amenity": "parking", "name": null, "operator": null, "capacity": null, "fee": null, "access": "customers", "parking": "surface", "surface": null }, "geometry": { "type": "Point", "coordinates": [ 22.882873, 40.702934 ] } },
{ "type": "Feature", "properties": { "amenity": "parking", "name": null, "operator": null, "capacity": null, "fee": "no", "access": "private", "parking": "surface", "surface": null }, "geometry": { "type": "Point", "coordinates": [ 22.816133, 40.703432 ] } },
{ "type": "Feature", "properties": { "amenity": "parking", "name": null, "operator": null, "capacity": null, "fee": "no", "access": "private", "parking": "surface", "surface": null }, "geometry": { "type": "Point", "coordinates": [ 22.81358, 40.704219 ] } },
{ "type": "Feature", "properties": { "amenity": "parking", "name": null, "operator": null, "capacity": "4", "fee": "no", "access": "private", "parking": "surface", "surface": null }, "geometry": { "type": "Point", "coordinates": [ 22.891116, 40.705879 ] } },
{ "type": "Feature", "properties": { "amenity": "parking", "name": null, "operator": null, "capacity": "18", "fee": "no", "access": "private", "parking": "surface", "surface": null }, "geometry": { "type": "Point", "coordinates": [ 22.891542, 40.705842 ] } },
{ "type": "Feature", "properties": { "amenity": "parking", "name": null, "operator": null, "capacity": "16", "fee": "no", "access": "private", "parking": "surface", "surface": null }, "geometry": { "type": "Point", "coordinates": [ 22.891381, 40.706134 ] } },
{ "type": "Feature", "properties": { "amenity": "parking", "name": null, "operator": null, "capacity": "17", "fee": "no", "access": "private", "parking": "surface", "surface": null }, "geometry": { "type": "Point", "coordinates": [ 22.891141, 40.706332 ] } },
{ "type": "Feature", "properties": { "amenity": "parking", "name": null, "operator": null, "capacity": "36", "fee": "no", "access": "private", "parking": "surface", "surface": null }, "geometry": { "type": "Point", "coordinates": [ 22.890795, 40.706713 ] } },
{ "type": "Feature", "properties": { "amenity": "parking", "name": null, "operator": null, "capacity": "18", "fee": null, "access": "private", "parking": "surface", "surface": null }, "geometry": { "type": "Point", "coordinates": [ 22.890899, 40.706817 ] } },
{ "type": "Feature", "properties": { "amenity": "parking", "name": null, "operator": null, "capacity": null, "fee": "no", "access": "customers", "parking": null, "surface": "asphalt" }, "geometry": { "type": "Point", "coordinates": [ 22.797815, 40.706921 ] } },
{ "type": "Feature", "properties": { "amenity": "parking", "name": null, "operator": null, "capacity": null, "fee": "no", "access": "customers", "parking": null, "surface": "asphalt" }, "geometry": { "type": "Point", "coordinates": [ 22.797207, 40.707548 ] } },
{ "type": "Feature", "properties": { "amenity": "parking", "name": null, "operator": null, "capacity": null, "fee": null, "access": null, "parking": null, "surface": null }, "geometry": { "type": "Point", "coordinates": [ 22.928135, 40.68284 ] } },
{ "type": "Feature", "properties": { "amenity": "parking", "name": "Πάρκινγκ Φορτηγών \"Μακεδονία\"", "operator": null, "capacity": null, "fee": null, "access": "private", "parking": "surface", "surface": null }, "geometry": { "type": "Point", "coordinates": [ 22.912061, 40.684289 ] } },
{ "type": "Feature", "properties": { "amenity": "parking", "name": null, "operator": "Πρωτέας", "capacity": null, "fee": null, "access": "customers", "parking": "surface", "surface": "gravel" }, "geometry": { "type": "Point", "coordinates": [ 22.92499, 40.68509 ] } },
{ "type": "Feature", "properties": { "amenity": "parking", "name": null, "operator": null, "capacity": null, "fee": null, "access": null, "parking": null, "surface": null }, "geometry": { "type": "Point", "coordinates": [ 22.910901, 40.707887 ] } },
{ "type": "Feature", "properties": { "amenity": "parking", "name": null, "operator": null, "capacity": null, "fee": null, "access": "customers", "parking": "surface", "surface": null }, "geometry": { "type": "Point", "coordinates": [ 22.908091, 40.709952 ] } },
{ "type": "Feature", "properties": { "amenity": "parking", "name": null, "operator": null, "capacity": null, "fee": null, "access": null, "parking": null, "surface": null }, "geometry": { "type": "Point", "coordinates": [ 22.910253, 40.721002 ] } },
{ "type": "Feature", "properties": { "amenity": "parking", "name": null, "operator": null, "capacity": null, "fee": null, "access": "yes", "parking": null, "surface": null }, "geometry": { "type": "Point", "coordinates": [ 22.923845, 40.721408 ] } },
{ "type": "Feature", "properties": { "amenity": "parking", "name": null, "operator": null, "capacity": null, "fee": null, "access": "private", "parking": "surface", "surface": "asphalt" }, "geometry": { "type": "Point", "coordinates": [ 22.914323, 40.727304 ] } },
{ "type": "Feature", "properties": { "amenity": "parking", "name": null, "operator": null, "capacity": "80", "fee": "no", "access": "yes", "parking": null, "surface": null }, "geometry": { "type": "Point", "coordinates": [ 22.922486, 40.729288 ] } },
{ "type": "Feature", "properties": { "amenity": "parking", "name": null, "operator": "Free Parking by City hall", "capacity": "20", "fee": null, "access": "yes", "parking": "surface", "surface": "ground" }, "geometry": { "type": "Point", "coordinates": [ 22.913672, 40.732041 ] } },
{ "type": "Feature", "properties": { "amenity": "parking", "name": null, "operator": null, "capacity": null, "fee": null, "access": null, "parking": null, "surface": null }, "geometry": { "type": "Point", "coordinates": [ 22.577927, 40.710676 ] } },
{ "type": "Feature", "properties": { "amenity": "parking", "name": null, "operator": null, "capacity": null, "fee": null, "access": null, "parking": null, "surface": null }, "geometry": { "type": "Point", "coordinates": [ 22.694227, 40.719718 ] } },
{ "type": "Feature", "properties": { "amenity": "parking", "name": null, "operator": null, "capacity": null, "fee": null, "access": "customers", "parking": "surface", "surface": null }, "geometry": { "type": "Point", "coordinates": [ 22.606889, 40.724807 ] } },
{ "type": "Feature", "properties": { "amenity": "parking", "name": null, "operator": null, "capacity": null, "fee": null, "access": null, "parking": "surface", "surface": null }, "geometry": { "type": "Point", "coordinates": [ 22.696807, 40.730251 ] } },
{ "type": "Feature", "properties": { "amenity": "parking", "name": null, "operator": null, "capacity": null, "fee": null, "access": null, "parking": null, "surface": null }, "geometry": { "type": "Point", "coordinates": [ 22.630431, 40.731528 ] } },
{ "type": "Feature", "properties": { "amenity": "parking", "name": null, "operator": null, "capacity": null, "fee": null, "access": null, "parking": null, "surface": null }, "geometry": { "type": "Point", "coordinates": [ 22.60266, 40.731256 ] } },
{ "type": "Feature", "properties": { "amenity": "parking", "name": null, "operator": null, "capacity": null, "fee": null, "access": null, "parking": null, "surface": null }, "geometry": { "type": "Point", "coordinates": [ 22.603276, 40.731631 ] } },
{ "type": "Feature", "properties": { "amenity": "parking", "name": null, "operator": null, "capacity": null, "fee": null, "access": null, "parking": null, "surface": null }, "geometry": { "type": "Point", "coordinates": [ 22.604356, 40.732439 ] } },
{ "type": "Feature", "properties": { "amenity": "parking", "name": null, "operator": null, "capacity": null, "fee": null, "access": null, "parking": null, "surface": null }, "geometry": { "type": "Point", "coordinates": [ 22.880123, 40.737398 ] } },
{ "type": "Feature", "properties": { "amenity": "parking", "name": null, "operator": "Lidl", "capacity": null, "fee": "no", "access": "customers", "parking": "surface", "surface": "asphalt" }, "geometry": { "type": "Point", "coordinates": [ 22.576564, 40.768826 ] } }
]
}
