{
"type": "FeatureCollection",
"name": "sport_symbols",
"crs": { "type": "name", "properties": { "name": "urn:ogc:def:crs:OGC:1.3:CRS84" } },
"xy_coordinate_resolution": 1e-06,
"features": [
{ "type": "Feature", "properties": { "dest_category": "Sports pitch", "dest_source": "sport_pitches", "symbol_origin": "polygon", "name": null, "name_el": null, "name_en": null, "leisure": "pitch", "sport": "basketball", "capacity": null, "operator": null, "website": null, "phone": null }, "geometry": { "type": "Point", "coordinates": [ 22.932256, 40.42042 ] } },
{ "type": "Feature", "properties": { "dest_category": "Sports pitch", "dest_source": "sport_pitches", "symbol_origin": "polygon", "name": null, "name_el": null, "name_en": null, "leisure": "pitch", "sport": "basketball", "capacity": null, "operator": null, "website": null, "phone": null }, "geometry": { "type": "Point", "coordinates": [ 22.934336, 40.422341 ] } },
{ "type": "Feature", "properties": { "dest_category": "Sports pitch", "dest_source": "sport_pitches", "symbol_origin": "polygon", "name": null, "name_el": null, "name_en": null, "leisure": "pitch", "sport": "basketball", "capacity": null, "operator": null, "website": null, "phone": null }, "geometry": { "type": "Point", "coordinates": [ 22.935645, 40.423991 ] } },
{ "type": "Feature", "properties": { "dest_category": "Sports pitch", "dest_source": "sport_pitches", "symbol_origin": "polygon", "name": null, "name_el": null, "name_en": null, "leisure": "pitch", "sport": "soccer", "capacity": null, "operator": null, "website": null, "phone": null }, "geometry": { "type": "Point", "coordinates": [ 22.936112, 40.425185 ] } },
{ "type": "Feature", "properties": { "dest_category": "Sports pitch", "dest_source": "sport_pitches", "symbol_origin": "polygon", "name": null, "name_el": null, "name_en": null, "leisure": "pitch", "sport": "soccer", "capacity": null, "operator": null, "website": null, "phone": null }, "geometry": { "type": "Point", "coordinates": [ 22.93504, 40.427241 ] } },
{ "type": "Feature", "properties": { "dest_category": "Sports pitch", "dest_source": "sport_pitches", "symbol_origin": "polygon", "name": null, "name_el": null, "name_en": null, "leisure": "pitch", "sport": "soccer", "capacity": null, "operator": null, "website": null, "phone": null }, "geometry": { "type": "Point", "coordinates": [ 22.925522, 40.495783 ] } },
{ "type": "Feature", "properties": { "dest_category": "Sports pitch", "dest_source": "sport_pitches", "symbol_origin": "polygon", "name": null, "name_el": null, "name_en": null, "leisure": "pitch", "sport": "basketball", "capacity": null, "operator": null, "website": null, "phone": null }, "geometry": { "type": "Point", "coordinates": [ 22.926434, 40.501562 ] } },
{ "type": "Feature", "properties": { "dest_category": "Sports pitch", "dest_source": "sport_pitches", "symbol_origin": "polygon", "name": null, "name_el": null, "name_en": null, "leisure": "pitch", "sport": "volleyball", "capacity": null, "operator": null, "website": null, "phone": null }, "geometry": { "type": "Point", "coordinates": [ 22.926888, 40.50158 ] } },
{ "type": "Feature", "properties": { "dest_category": "Sports pitch", "dest_source": "sport_pitches", "symbol_origin": "polygon", "name": null, "name_el": null, "name_en": null, "leisure": "pitch", "sport": "volleyball", "capacity": null, "operator": null, "website": null, "phone": null }, "geometry": { "type": "Point", "coordinates": [ 22.929156, 40.507564 ] } },
{ "type": "Feature", "properties": { "dest_category": "Sports pitch", "dest_source": "sport_pitches", "symbol_origin": "polygon", "name": "Ανοιχτό γήπεδο μπάσκετ", "name_el": null, "name_en": null, "leisure": "pitch", "sport": "basketball", "capacity": null, "operator": null, "website": null, "phone": null }, "geometry": { "type": "Point", "coordinates": [ 22.858458, 40.462257 ] } },
{ "type": "Feature", "properties": { "dest_category": "Sports pitch", "dest_source": "sport_pitches", "symbol_origin": "polygon", "name": null, "name_el": null, "name_en": null, "leisure": "pitch", "sport": "basketball", "capacity": null, "operator": null, "website": null, "phone": null }, "geometry": { "type": "Point", "coordinates": [ 22.867526, 40.463053 ] } },
{ "type": "Feature", "properties": { "dest_category": "Stadium", "dest_source": "sport_stadiums", "symbol_origin": "polygon", "name": null, "name_el": null, "name_en": null, "leisure": "stadium", "sport": "soccer", "capacity": null, "operator": null, "website": null, "phone": null }, "geometry": { "type": "Point", "coordinates": [ 22.866289, 40.46437 ] } },
{ "type": "Feature", "properties": { "dest_category": "Sports pitch", "dest_source": "sport_pitches", "symbol_origin": "polygon", "name": null, "name_el": null, "name_en": null, "leisure": "pitch", "sport": "soccer;basketball", "capacity": null, "operator": null, "website": null, "phone": null }, "geometry": { "type": "Point", "coordinates": [ 22.858533, 40.46825 ] } },
{ "type": "Feature", "properties": { "dest_category": "Sports pitch", "dest_source": "sport_pitches", "symbol_origin": "polygon", "name": null, "name_el": null, "name_en": null, "leisure": "pitch", "sport": null, "capacity": null, "operator": null, "website": null, "phone": null }, "geometry": { "type": "Point", "coordinates": [ 22.847887, 40.473001 ] } },
{ "type": "Feature", "properties": { "dest_category": "Sports pitch", "dest_source": "sport_pitches", "symbol_origin": "polygon", "name": null, "name_el": null, "name_en": null, "leisure": "pitch", "sport": null, "capacity": null, "operator": null, "website": null, "phone": null }, "geometry": { "type": "Point", "coordinates": [ 22.826957, 40.478028 ] } },
{ "type": "Feature", "properties": { "dest_category": "Sports pitch", "dest_source": "sport_pitches", "symbol_origin": "polygon", "name": null, "name_el": null, "name_en": null, "leisure": "pitch", "sport": "five-a-side", "capacity": null, "operator": null, "website": null, "phone": null }, "geometry": { "type": "Point", "coordinates": [ 22.821273, 40.49446 ] } },
{ "type": "Feature", "properties": { "dest_category": "Sports pitch", "dest_source": "sport_pitches", "symbol_origin": "polygon", "name": null, "name_el": null, "name_en": null, "leisure": "pitch", "sport": "soccer", "capacity": null, "operator": null, "website": null, "phone": null }, "geometry": { "type": "Point", "coordinates": [ 22.82054, 40.494514 ] } },
{ "type": "Feature", "properties": { "dest_category": "Sports pitch", "dest_source": "sport_pitches", "symbol_origin": "polygon", "name": null, "name_el": null, "name_en": null, "leisure": "pitch", "sport": "soccer", "capacity": null, "operator": null, "website": null, "phone": null }, "geometry": { "type": "Point", "coordinates": [ 22.678186, 40.606527 ] } },
{ "type": "Feature", "properties": { "dest_category": "Sports pitch", "dest_source": "sport_pitches", "symbol_origin": "polygon", "name": null, "name_el": null, "name_en": null, "leisure": "pitch", "sport": "soccer", "capacity": null, "operator": null, "website": null, "phone": null }, "geometry": { "type": "Point", "coordinates": [ 22.921384, 40.424484 ] } },
{ "type": "Feature", "properties": { "dest_category": "Sports pitch", "dest_source": "sport_pitches", "symbol_origin": "polygon", "name": null, "name_el": null, "name_en": null, "leisure": "pitch", "sport": "basketball", "capacity": null, "operator": null, "website": null, "phone": null }, "geometry": { "type": "Point", "coordinates": [ 22.86913, 40.473532 ] } },
{ "type": "Feature", "properties": { "dest_category": "Sports pitch", "dest_source": "sport_pitches", "symbol_origin": "polygon", "name": null, "name_el": null, "name_en": null, "leisure": "pitch", "sport": "soccer", "capacity": null, "operator": null, "website": null, "phone": null }, "geometry": { "type": "Point", "coordinates": [ 22.87497, 40.475175 ] } },
{ "type": "Feature", "properties": { "dest_category": "Sports pitch", "dest_source": "sport_pitches", "symbol_origin": "polygon", "name": null, "name_el": null, "name_en": null, "leisure": "pitch", "sport": "basketball", "capacity": null, "operator": null, "website": null, "phone": null }, "geometry": { "type": "Point", "coordinates": [ 22.924465, 40.49569 ] } },
{ "type": "Feature", "properties": { "dest_category": "Sports pitch", "dest_source": "sport_pitches", "symbol_origin": "polygon", "name": null, "name_el": null, "name_en": null, "leisure": "pitch", "sport": "basketball", "capacity": null, "operator": null, "website": null, "phone": null }, "geometry": { "type": "Point", "coordinates": [ 22.919774, 40.500193 ] } },
{ "type": "Feature", "properties": { "dest_category": "Sports pitch", "dest_source": "sport_pitches", "symbol_origin": "polygon", "name": null, "name_el": null, "name_en": null, "leisure": "pitch", "sport": "tennis", "capacity": null, "operator": null, "website": null, "phone": null }, "geometry": { "type": "Point", "coordinates": [ 22.919717, 40.500783 ] } },
{ "type": "Feature", "properties": { "dest_category": "Sports pitch", "dest_source": "sport_pitches", "symbol_origin": "polygon", "name": null, "name_el": null, "name_en": null, "leisure": "pitch", "sport": null, "capacity": null, "operator": null, "website": null, "phone": null }, "geometry": { "type": "Point", "coordinates": [ 22.91184, 40.641815 ] } },
{ "type": "Feature", "properties": { "dest_category": "Sports pitch", "dest_source": "sport_pitches", "symbol_origin": "polygon", "name": "Γήπεδο Θερμαϊκού", "name_el": null, "name_en": null, "leisure": "pitch", "sport": "soccer", "capacity": null, "operator": null, "website": null, "phone": null }, "geometry": { "type": "Point", "coordinates": [ 22.904992, 40.647184 ] } },
{ "type": "Feature", "properties": { "dest_category": "Sports pitch", "dest_source": "sport_pitches", "symbol_origin": "polygon", "name": null, "name_el": null, "name_en": null, "leisure": "pitch", "sport": "soccer", "capacity": null, "operator": null, "website": null, "phone": null }, "geometry": { "type": "Point", "coordinates": [ 22.903785, 40.647408 ] } },
{ "type": "Feature", "properties": { "dest_category": "Sports pitch", "dest_source": "sport_pitches", "symbol_origin": "polygon", "name": null, "name_el": null, "name_en": null, "leisure": "pitch", "sport": "tennis", "capacity": null, "operator": null, "website": null, "phone": null }, "geometry": { "type": "Point", "coordinates": [ 22.941577, 40.587155 ] } },
{ "type": "Feature", "properties": { "dest_category": "Sports pitch", "dest_source": "sport_pitches", "symbol_origin": "polygon", "name": null, "name_el": null, "name_en": null, "leisure": "pitch", "sport": "tennis", "capacity": null, "operator": null, "website": null, "phone": null }, "geometry": { "type": "Point", "coordinates": [ 22.941887, 40.587393 ] } },
{ "type": "Feature", "properties": { "dest_category": "Sports pitch", "dest_source": "sport_pitches", "symbol_origin": "polygon", "name": null, "name_el": null, "name_en": null, "leisure": "pitch", "sport": "tennis", "capacity": null, "operator": null, "website": null, "phone": null }, "geometry": { "type": "Point", "coordinates": [ 22.941288, 40.587412 ] } },
{ "type": "Feature", "properties": { "dest_category": "Sports pitch", "dest_source": "sport_pitches", "symbol_origin": "polygon", "name": null, "name_el": null, "name_en": null, "leisure": "pitch", "sport": "basketball", "capacity": null, "operator": null, "website": null, "phone": null }, "geometry": { "type": "Point", "coordinates": [ 22.934205, 40.638529 ] } },
{ "type": "Feature", "properties": { "dest_category": "Sports pitch", "dest_source": "sport_pitches", "symbol_origin": "polygon", "name": null, "name_el": null, "name_en": null, "leisure": "pitch", "sport": "skateboard", "capacity": null, "operator": null, "website": null, "phone": null }, "geometry": { "type": "Point", "coordinates": [ 22.932152, 40.644323 ] } },
{ "type": "Feature", "properties": { "dest_category": "Sports pitch", "dest_source": "sport_pitches", "symbol_origin": "polygon", "name": null, "name_el": null, "name_en": null, "leisure": "pitch", "sport": "basketball", "capacity": null, "operator": null, "website": null, "phone": null }, "geometry": { "type": "Point", "coordinates": [ 22.930925, 40.645154 ] } },
{ "type": "Feature", "properties": { "dest_category": "Sports pitch", "dest_source": "sport_pitches", "symbol_origin": "polygon", "name": null, "name_el": null, "name_en": null, "leisure": "pitch", "sport": "basketball", "capacity": null, "operator": null, "website": null, "phone": null }, "geometry": { "type": "Point", "coordinates": [ 22.927185, 40.645204 ] } },
{ "type": "Feature", "properties": { "dest_category": "Sports pitch", "dest_source": "sport_pitches", "symbol_origin": "polygon", "name": null, "name_el": null, "name_en": null, "leisure": "pitch", "sport": "soccer", "capacity": null, "operator": null, "website": null, "phone": null }, "geometry": { "type": "Point", "coordinates": [ 22.9338, 40.64715 ] } },
{ "type": "Feature", "properties": { "dest_category": "Sports pitch", "dest_source": "sport_pitches", "symbol_origin": "polygon", "name": null, "name_el": null, "name_en": null, "leisure": "pitch", "sport": "soccer", "capacity": null, "operator": null, "website": null, "phone": null }, "geometry": { "type": "Point", "coordinates": [ 22.699757, 40.615874 ] } },
{ "type": "Feature", "properties": { "dest_category": "Sports pitch", "dest_source": "sport_pitches", "symbol_origin": "polygon", "name": null, "name_el": null, "name_en": null, "leisure": "pitch", "sport": "soccer", "capacity": null, "operator": null, "website": null, "phone": null }, "geometry": { "type": "Point", "coordinates": [ 22.698879, 40.617018 ] } },
{ "type": "Feature", "properties": { "dest_category": "Sports pitch", "dest_source": "sport_pitches", "symbol_origin": "polygon", "name": null, "name_el": null, "name_en": null, "leisure": "pitch", "sport": "basketball", "capacity": null, "operator": null, "website": null, "phone": null }, "geometry": { "type": "Point", "coordinates": [ 22.736616, 40.61779 ] } },
{ "type": "Feature", "properties": { "dest_category": "Sports pitch", "dest_source": "sport_pitches", "symbol_origin": "polygon", "name": null, "name_el": null, "name_en": null, "leisure": "pitch", "sport": "soccer", "capacity": null, "operator": null, "website": null, "phone": null }, "geometry": { "type": "Point", "coordinates": [ 22.735858, 40.618869 ] } },
{ "type": "Feature", "properties": { "dest_category": "Sports pitch", "dest_source": "sport_pitches", "symbol_origin": "polygon", "name": null, "name_el": null, "name_en": null, "leisure": "pitch", "sport": "tennis", "capacity": null, "operator": null, "website": null, "phone": null }, "geometry": { "type": "Point", "coordinates": [ 22.736388, 40.619518 ] } },
{ "type": "Feature", "properties": { "dest_category": "Sports pitch", "dest_source": "sport_pitches", "symbol_origin": "polygon", "name": null, "name_el": null, "name_en": null, "leisure": "pitch", "sport": "soccer", "capacity": null, "operator": null, "website": null, "phone": null }, "geometry": { "type": "Point", "coordinates": [ 22.741202, 40.630309 ] } },
{ "type": "Feature", "properties": { "dest_category": "Sports pitch", "dest_source": "sport_pitches", "symbol_origin": "polygon", "name": null, "name_el": null, "name_en": null, "leisure": "pitch", "sport": "basketball", "capacity": null, "operator": null, "website": null, "phone": null }, "geometry": { "type": "Point", "coordinates": [ 22.729733, 40.631636 ] } },
{ "type": "Feature", "properties": { "dest_category": "Stadium", "dest_source": "sport_stadiums", "symbol_origin": "polygon", "name": null, "name_el": null, "name_en": null, "leisure": "stadium", "sport": null, "capacity": null, "operator": null, "website": null, "phone": null }, "geometry": { "type": "Point", "coordinates": [ 22.848049, 40.641443 ] } },
{ "type": "Feature", "properties": { "dest_category": "Sports pitch", "dest_source": "sport_pitches", "symbol_origin": "polygon", "name": null, "name_el": null, "name_en": null, "leisure": "pitch", "sport": "basketball", "capacity": null, "operator": null, "website": null, "phone": null }, "geometry": { "type": "Point", "coordinates": [ 22.860438, 40.643363 ] } },
{ "type": "Feature", "properties": { "dest_category": "Sports pitch", "dest_source": "sport_pitches", "symbol_origin": "polygon", "name": null, "name_el": null, "name_en": null, "leisure": "pitch", "sport": "basketball", "capacity": null, "operator": null, "website": null, "phone": null }, "geometry": { "type": "Point", "coordinates": [ 22.921147, 40.649854 ] } },
{ "type": "Feature", "properties": { "dest_category": "Sports pitch", "dest_source": "sport_pitches", "symbol_origin": "polygon", "name": null, "name_el": null, "name_en": null, "leisure": "pitch", "sport": "basketball", "capacity": null, "operator": null, "website": null, "phone": null }, "geometry": { "type": "Point", "coordinates": [ 22.915072, 40.655287 ] } },
{ "type": "Feature", "properties": { "dest_category": "Sports pitch", "dest_source": "sport_pitches", "symbol_origin": "polygon", "name": null, "name_el": null, "name_en": null, "leisure": "pitch", "sport": "basketball", "capacity": null, "operator": null, "website": null, "phone": null }, "geometry": { "type": "Point", "coordinates": [ 22.8985, 40.655377 ] } },
{ "type": "Feature", "properties": { "dest_category": "Sports pitch", "dest_source": "sport_pitches", "symbol_origin": "polygon", "name": null, "name_el": null, "name_en": null, "leisure": "pitch", "sport": "soccer", "capacity": null, "operator": null, "website": null, "phone": null }, "geometry": { "type": "Point", "coordinates": [ 22.897764, 40.655546 ] } },
{ "type": "Feature", "properties": { "dest_category": "Sports pitch", "dest_source": "sport_pitches", "symbol_origin": "polygon", "name": null, "name_el": null, "name_en": null, "leisure": "pitch", "sport": "soccer", "capacity": null, "operator": null, "website": null, "phone": null }, "geometry": { "type": "Point", "coordinates": [ 22.917181, 40.656253 ] } },
{ "type": "Feature", "properties": { "dest_category": "Sports pitch", "dest_source": "sport_pitches", "symbol_origin": "polygon", "name": "Χώρος για πετοσφαίριση", "name_el": null, "name_en": null, "leisure": "pitch", "sport": "volleyball", "capacity": null, "operator": null, "website": null, "phone": null }, "geometry": { "type": "Point", "coordinates": [ 22.909512, 40.657038 ] } },
{ "type": "Feature", "properties": { "dest_category": "Sports pitch", "dest_source": "sport_pitches", "symbol_origin": "polygon", "name": null, "name_el": null, "name_en": null, "leisure": "pitch", "sport": "basketball", "capacity": null, "operator": null, "website": null, "phone": null }, "geometry": { "type": "Point", "coordinates": [ 22.918035, 40.657193 ] } },
{ "type": "Feature", "properties": { "dest_category": "Sports pitch", "dest_source": "sport_pitches", "symbol_origin": "polygon", "name": null, "name_el": null, "name_en": null, "leisure": "pitch", "sport": "basketball", "capacity": null, "operator": null, "website": null, "phone": null }, "geometry": { "type": "Point", "coordinates": [ 22.920295, 40.657259 ] } },
{ "type": "Feature", "properties": { "dest_category": "Sports pitch", "dest_source": "sport_pitches", "symbol_origin": "polygon", "name": null, "name_el": null, "name_en": null, "leisure": "pitch", "sport": "basketball", "capacity": null, "operator": null, "website": null, "phone": null }, "geometry": { "type": "Point", "coordinates": [ 22.906292, 40.658055 ] } },
{ "type": "Feature", "properties": { "dest_category": "Sports pitch", "dest_source": "sport_pitches", "symbol_origin": "polygon", "name": null, "name_el": null, "name_en": null, "leisure": "pitch", "sport": "soccer", "capacity": null, "operator": null, "website": null, "phone": null }, "geometry": { "type": "Point", "coordinates": [ 22.904016, 40.658213 ] } },
{ "type": "Feature", "properties": { "dest_category": "Sports pitch", "dest_source": "sport_pitches", "symbol_origin": "polygon", "name": "Roller skate park", "name_el": null, "name_en": null, "leisure": "pitch", "sport": null, "capacity": null, "operator": null, "website": null, "phone": null }, "geometry": { "type": "Point", "coordinates": [ 22.915452, 40.658397 ] } },
{ "type": "Feature", "properties": { "dest_category": "Sports pitch", "dest_source": "sport_pitches", "symbol_origin": "polygon", "name": "Δημοτικό Γήπεδο \"Κωνσταντίνος Μιγκοτζίδης\"", "name_el": "Δημοτικό Γήπεδο \"Κωνσταντίνος Μιγκοτζίδης\"", "name_en": null, "leisure": "pitch", "sport": "soccer", "capacity": null, "operator": null, "website": null, "phone": null }, "geometry": { "type": "Point", "coordinates": [ 22.919737, 40.659026 ] } },
{ "type": "Feature", "properties": { "dest_category": "Sports pitch", "dest_source": "sport_pitches", "symbol_origin": "polygon", "name": null, "name_el": null, "name_en": null, "leisure": "pitch", "sport": "basketball", "capacity": null, "operator": null, "website": null, "phone": null }, "geometry": { "type": "Point", "coordinates": [ 22.904424, 40.659117 ] } },
{ "type": "Feature", "properties": { "dest_category": "Sports pitch", "dest_source": "sport_pitches", "symbol_origin": "polygon", "name": null, "name_el": null, "name_en": null, "leisure": "pitch", "sport": "athletics", "capacity": null, "operator": null, "website": null, "phone": null }, "geometry": { "type": "Point", "coordinates": [ 22.920753, 40.659686 ] } },
{ "type": "Feature", "properties": { "dest_category": "Sports pitch", "dest_source": "sport_pitches", "symbol_origin": "polygon", "name": "Δημοτικό Γήπεδο \"Απόστολος Αστρεινίδης\"", "name_el": null, "name_en": null, "leisure": "pitch", "sport": "soccer", "capacity": null, "operator": null, "website": null, "phone": null }, "geometry": { "type": "Point", "coordinates": [ 22.921973, 40.65975 ] } },
{ "type": "Feature", "properties": { "dest_category": "Stadium", "dest_source": "sport_stadiums", "symbol_origin": "polygon", "name": "Δημοτικό Στάδιο Αμπελοκήπων", "name_el": "Δημοτικό Στάδιο Αμπελοκήπων", "name_en": null, "leisure": "stadium", "sport": null, "capacity": null, "operator": null, "website": null, "phone": null }, "geometry": { "type": "Point", "coordinates": [ 22.920035, 40.659938 ] } },
{ "type": "Feature", "properties": { "dest_category": "Sports pitch", "dest_source": "sport_pitches", "symbol_origin": "polygon", "name": "Γήπεδο Μενεμένης", "name_el": null, "name_en": null, "leisure": "pitch", "sport": "soccer", "capacity": null, "operator": null, "website": null, "phone": null }, "geometry": { "type": "Point", "coordinates": [ 22.889801, 40.659816 ] } },
{ "type": "Feature", "properties": { "dest_category": "Sports pitch", "dest_source": "sport_pitches", "symbol_origin": "polygon", "name": null, "name_el": null, "name_en": null, "leisure": "pitch", "sport": "athletics", "capacity": null, "operator": null, "website": null, "phone": null }, "geometry": { "type": "Point", "coordinates": [ 22.919468, 40.660309 ] } },
{ "type": "Feature", "properties": { "dest_category": "Sports pitch", "dest_source": "sport_pitches", "symbol_origin": "polygon", "name": null, "name_el": null, "name_en": null, "leisure": "pitch", "sport": "volleyball", "capacity": null, "operator": null, "website": null, "phone": null }, "geometry": { "type": "Point", "coordinates": [ 22.913429, 40.660328 ] } },
{ "type": "Feature", "properties": { "dest_category": "Sports pitch", "dest_source": "sport_pitches", "symbol_origin": "polygon", "name": null, "name_el": null, "name_en": null, "leisure": "pitch", "sport": "volleyball", "capacity": null, "operator": null, "website": null, "phone": null }, "geometry": { "type": "Point", "coordinates": [ 22.913864, 40.660344 ] } },
{ "type": "Feature", "properties": { "dest_category": "Sports pitch", "dest_source": "sport_pitches", "symbol_origin": "polygon", "name": null, "name_el": null, "name_en": null, "leisure": "pitch", "sport": null, "capacity": null, "operator": null, "website": null, "phone": null }, "geometry": { "type": "Point", "coordinates": [ 22.895246, 40.660227 ] } },
{ "type": "Feature", "properties": { "dest_category": "Sports pitch", "dest_source": "sport_pitches", "symbol_origin": "polygon", "name": null, "name_el": null, "name_en": null, "leisure": "pitch", "sport": "soccer", "capacity": null, "operator": null, "website": null, "phone": null }, "geometry": { "type": "Point", "coordinates": [ 22.914606, 40.660419 ] } },
{ "type": "Feature", "properties": { "dest_category": "Sports pitch", "dest_source": "sport_pitches", "symbol_origin": "polygon", "name": null, "name_el": null, "name_en": null, "leisure": "pitch", "sport": "soccer", "capacity": null, "operator": null, "website": null, "phone": null }, "geometry": { "type": "Point", "coordinates": [ 22.913278, 40.66111 ] } },
{ "type": "Feature", "properties": { "dest_category": "Sports pitch", "dest_source": "sport_pitches", "symbol_origin": "polygon", "name": null, "name_el": null, "name_en": null, "leisure": "pitch", "sport": "soccer", "capacity": null, "operator": null, "website": null, "phone": null }, "geometry": { "type": "Point", "coordinates": [ 22.913862, 40.661159 ] } },
{ "type": "Feature", "properties": { "dest_category": "Sports pitch", "dest_source": "sport_pitches", "symbol_origin": "polygon", "name": null, "name_el": null, "name_en": null, "leisure": "pitch", "sport": "basketball", "capacity": null, "operator": null, "website": null, "phone": null }, "geometry": { "type": "Point", "coordinates": [ 22.80499, 40.655587 ] } },
{ "type": "Feature", "properties": { "dest_category": "Sports pitch", "dest_source": "sport_pitches", "symbol_origin": "polygon", "name": null, "name_el": null, "name_en": null, "leisure": "pitch", "sport": "soccer", "capacity": null, "operator": null, "website": null, "phone": null }, "geometry": { "type": "Point", "coordinates": [ 22.714847, 40.65641 ] } },
{ "type": "Feature", "properties": { "dest_category": "Sports pitch", "dest_source": "sport_pitches", "symbol_origin": "polygon", "name": null, "name_el": null, "name_en": null, "leisure": "pitch", "sport": "soccer", "capacity": null, "operator": null, "website": null, "phone": null }, "geometry": { "type": "Point", "coordinates": [ 22.713181, 40.65651 ] } },
{ "type": "Feature", "properties": { "dest_category": "Sports pitch", "dest_source": "sport_pitches", "symbol_origin": "polygon", "name": null, "name_el": null, "name_en": null, "leisure": "pitch", "sport": "soccer", "capacity": null, "operator": null, "website": null, "phone": null }, "geometry": { "type": "Point", "coordinates": [ 22.80593, 40.658214 ] } },
{ "type": "Feature", "properties": { "dest_category": "Sports pitch", "dest_source": "sport_pitches", "symbol_origin": "polygon", "name": null, "name_el": null, "name_en": null, "leisure": "pitch", "sport": "soccer", "capacity": null, "operator": null, "website": null, "phone": null }, "geometry": { "type": "Point", "coordinates": [ 22.802803, 40.660327 ] } },
{ "type": "Feature", "properties": { "dest_category": "Sports pitch", "dest_source": "sport_pitches", "symbol_origin": "polygon", "name": null, "name_el": null, "name_en": null, "leisure": "pitch", "sport": "basketball", "capacity": null, "operator": null, "website": null, "phone": null }, "geometry": { "type": "Point", "coordinates": [ 22.806035, 40.663758 ] } },
{ "type": "Feature", "properties": { "dest_category": "Sports pitch", "dest_source": "sport_pitches", "symbol_origin": "polygon", "name": null, "name_el": null, "name_en": null, "leisure": "pitch", "sport": "soccer", "capacity": null, "operator": null, "website": null, "phone": null }, "geometry": { "type": "Point", "coordinates": [ 22.798301, 40.665372 ] } },
{ "type": "Feature", "properties": { "dest_category": "Sports pitch", "dest_source": "sport_pitches", "symbol_origin": "polygon", "name": null, "name_el": null, "name_en": null, "leisure": "pitch", "sport": "soccer", "capacity": null, "operator": null, "website": null, "phone": null }, "geometry": { "type": "Point", "coordinates": [ 22.63826, 40.665812 ] } },
{ "type": "Feature", "properties": { "dest_category": "Sports pitch", "dest_source": "sport_pitches", "symbol_origin": "polygon", "name": null, "name_el": null, "name_en": null, "leisure": "pitch", "sport": "basketball", "capacity": null, "operator": null, "website": null, "phone": null }, "geometry": { "type": "Point", "coordinates": [ 22.593914, 40.670817 ] } },
{ "type": "Feature", "properties": { "dest_category": "Sports pitch", "dest_source": "sport_pitches", "symbol_origin": "polygon", "name": null, "name_el": null, "name_en": null, "leisure": "pitch", "sport": "tennis", "capacity": null, "operator": null, "website": null, "phone": null }, "geometry": { "type": "Point", "coordinates": [ 22.912787, 40.661773 ] } },
{ "type": "Feature", "properties": { "dest_category": "Sports pitch", "dest_source": "sport_pitches", "symbol_origin": "polygon", "name": null, "name_el": null, "name_en": null, "leisure": "pitch", "sport": "tennis", "capacity": null, "operator": null, "website": null, "phone": null }, "geometry": { "type": "Point", "coordinates": [ 22.913339, 40.661818 ] } },
{ "type": "Feature", "properties": { "dest_category": "Sports pitch", "dest_source": "sport_pitches", "symbol_origin": "polygon", "name": null, "name_el": null, "name_en": null, "leisure": "pitch", "sport": "soccer", "capacity": null, "operator": null, "website": null, "phone": null }, "geometry": { "type": "Point", "coordinates": [ 22.899415, 40.662693 ] } },
{ "type": "Feature", "properties": { "dest_category": "Sports pitch", "dest_source": "sport_pitches", "symbol_origin": "polygon", "name": null, "name_el": null, "name_en": null, "leisure": "pitch", "sport": "tennis", "capacity": null, "operator": null, "website": null, "phone": null }, "geometry": { "type": "Point", "coordinates": [ 22.897909, 40.665917 ] } },
{ "type": "Feature", "properties": { "dest_category": "Sports pitch", "dest_source": "sport_pitches", "symbol_origin": "polygon", "name": null, "name_el": null, "name_en": null, "leisure": "pitch", "sport": "soccer", "capacity": null, "operator": null, "website": null, "phone": null }, "geometry": { "type": "Point", "coordinates": [ 22.908146, 40.666993 ] } },
{ "type": "Feature", "properties": { "dest_category": "Sports pitch", "dest_source": "sport_pitches", "symbol_origin": "polygon", "name": null, "name_el": null, "name_en": null, "leisure": "pitch", "sport": "basketball", "capacity": null, "operator": null, "website": null, "phone": null }, "geometry": { "type": "Point", "coordinates": [ 22.900915, 40.66757 ] } },
{ "type": "Feature", "properties": { "dest_category": "Sports pitch", "dest_source": "sport_pitches", "symbol_origin": "polygon", "name": null, "name_el": null, "name_en": null, "leisure": "pitch", "sport": "basketball", "capacity": null, "operator": null, "website": null, "phone": null }, "geometry": { "type": "Point", "coordinates": [ 22.899344, 40.667758 ] } },
{ "type": "Feature", "properties": { "dest_category": "Sports pitch", "dest_source": "sport_pitches", "symbol_origin": "polygon", "name": null, "name_el": null, "name_en": null, "leisure": "pitch", "sport": "basketball", "capacity": null, "operator": null, "website": null, "phone": null }, "geometry": { "type": "Point", "coordinates": [ 22.888462, 40.669969 ] } },
{ "type": "Feature", "properties": { "dest_category": "Sports pitch", "dest_source": "sport_pitches", "symbol_origin": "polygon", "name": "Γήπεδο Πλαγιαρίου", "name_el": "Γήπεδο Πλαγιαρίου", "name_en": null, "leisure": "pitch", "sport": "soccer", "capacity": null, "operator": null, "website": null, "phone": null }, "geometry": { "type": "Point", "coordinates": [ 22.956664, 40.478041 ] } },
{ "type": "Feature", "properties": { "dest_category": "Sports pitch", "dest_source": "sport_pitches", "symbol_origin": "polygon", "name": null, "name_el": null, "name_en": null, "leisure": "pitch", "sport": "equestrian", "capacity": null, "operator": null, "website": null, "phone": null }, "geometry": { "type": "Point", "coordinates": [ 22.964559, 40.562066 ] } },
{ "type": "Feature", "properties": { "dest_category": "Sports pitch", "dest_source": "sport_pitches", "symbol_origin": "polygon", "name": null, "name_el": null, "name_en": null, "leisure": "pitch", "sport": "equestrian", "capacity": null, "operator": null, "website": null, "phone": null }, "geometry": { "type": "Point", "coordinates": [ 22.964, 40.56247 ] } },
{ "type": "Feature", "properties": { "dest_category": "Sports pitch", "dest_source": "sport_pitches", "symbol_origin": "polygon", "name": null, "name_el": null, "name_en": null, "leisure": "pitch", "sport": "soccer", "capacity": null, "operator": null, "website": null, "phone": null }, "geometry": { "type": "Point", "coordinates": [ 22.9624, 40.562537 ] } },
{ "type": "Feature", "properties": { "dest_category": "Sports pitch", "dest_source": "sport_pitches", "symbol_origin": "polygon", "name": null, "name_el": null, "name_en": null, "leisure": "pitch", "sport": "soccer", "capacity": null, "operator": null, "website": null, "phone": null }, "geometry": { "type": "Point", "coordinates": [ 22.961683, 40.562883 ] } },
{ "type": "Feature", "properties": { "dest_category": "Sports pitch", "dest_source": "sport_pitches", "symbol_origin": "polygon", "name": null, "name_el": null, "name_en": null, "leisure": "pitch", "sport": "tennis", "capacity": null, "operator": null, "website": null, "phone": null }, "geometry": { "type": "Point", "coordinates": [ 22.963115, 40.563075 ] } },
{ "type": "Feature", "properties": { "dest_category": "Sports pitch", "dest_source": "sport_pitches", "symbol_origin": "polygon", "name": null, "name_el": null, "name_en": null, "leisure": "pitch", "sport": "soccer", "capacity": null, "operator": null, "website": null, "phone": null }, "geometry": { "type": "Point", "coordinates": [ 22.962493, 40.563402 ] } },
{ "type": "Feature", "properties": { "dest_category": "Sports pitch", "dest_source": "sport_pitches", "symbol_origin": "polygon", "name": null, "name_el": null, "name_en": null, "leisure": "pitch", "sport": "soccer", "capacity": null, "operator": null, "website": null, "phone": null }, "geometry": { "type": "Point", "coordinates": [ 22.961578, 40.563642 ] } },
{ "type": "Feature", "properties": { "dest_category": "Sports pitch", "dest_source": "sport_pitches", "symbol_origin": "polygon", "name": null, "name_el": null, "name_en": null, "leisure": "pitch", "sport": "soccer", "capacity": null, "operator": null, "website": null, "phone": null }, "geometry": { "type": "Point", "coordinates": [ 22.962537, 40.564139 ] } },
{ "type": "Feature", "properties": { "dest_category": "Sports pitch", "dest_source": "sport_pitches", "symbol_origin": "polygon", "name": null, "name_el": null, "name_en": null, "leisure": "pitch", "sport": "soccer", "capacity": null, "operator": null, "website": null, "phone": null }, "geometry": { "type": "Point", "coordinates": [ 22.963741, 40.564177 ] } },
{ "type": "Feature", "properties": { "dest_category": "Sports pitch", "dest_source": "sport_pitches", "symbol_origin": "polygon", "name": null, "name_el": null, "name_en": null, "leisure": "pitch", "sport": "soccer", "capacity": null, "operator": null, "website": null, "phone": null }, "geometry": { "type": "Point", "coordinates": [ 22.955193, 40.470342 ] } },
{ "type": "Feature", "properties": { "dest_category": "Sports pitch", "dest_source": "sport_pitches", "symbol_origin": "polygon", "name": null, "name_el": null, "name_en": null, "leisure": "pitch", "sport": "basketball", "capacity": null, "operator": null, "website": null, "phone": null }, "geometry": { "type": "Point", "coordinates": [ 22.949167, 40.499818 ] } },
{ "type": "Feature", "properties": { "dest_category": "Sports pitch", "dest_source": "sport_pitches", "symbol_origin": "polygon", "name": null, "name_el": null, "name_en": null, "leisure": "pitch", "sport": "volleyball", "capacity": null, "operator": null, "website": null, "phone": null }, "geometry": { "type": "Point", "coordinates": [ 22.949229, 40.500286 ] } },
{ "type": "Feature", "properties": { "dest_category": "Sports pitch", "dest_source": "sport_pitches", "symbol_origin": "polygon", "name": null, "name_el": null, "name_en": null, "leisure": "pitch", "sport": "basketball", "capacity": null, "operator": null, "website": null, "phone": null }, "geometry": { "type": "Point", "coordinates": [ 22.949525, 40.577281 ] } },
{ "type": "Feature", "properties": { "dest_category": "Sports pitch", "dest_source": "sport_pitches", "symbol_origin": "polygon", "name": null, "name_el": null, "name_en": null, "leisure": "pitch", "sport": "basketball", "capacity": null, "operator": null, "website": null, "phone": null }, "geometry": { "type": "Point", "coordinates": [ 22.9498, 40.577543 ] } },
{ "type": "Feature", "properties": { "dest_category": "Sports pitch", "dest_source": "sport_pitches", "symbol_origin": "polygon", "name": null, "name_el": null, "name_en": null, "leisure": "pitch", "sport": "basketball", "capacity": null, "operator": null, "website": null, "phone": null }, "geometry": { "type": "Point", "coordinates": [ 22.952781, 40.579023 ] } },
{ "type": "Feature", "properties": { "dest_category": "Sports pitch", "dest_source": "sport_pitches", "symbol_origin": "polygon", "name": null, "name_el": null, "name_en": null, "leisure": "pitch", "sport": "soccer", "capacity": null, "operator": null, "website": null, "phone": null }, "geometry": { "type": "Point", "coordinates": [ 22.95328, 40.579244 ] } },
{ "type": "Feature", "properties": { "dest_category": "Sports pitch", "dest_source": "sport_pitches", "symbol_origin": "polygon", "name": null, "name_el": null, "name_en": null, "leisure": "pitch", "sport": "basketball", "capacity": null, "operator": null, "website": null, "phone": null }, "geometry": { "type": "Point", "coordinates": [ 22.952655, 40.579568 ] } },
{ "type": "Feature", "properties": { "dest_category": "Sports pitch", "dest_source": "sport_pitches", "symbol_origin": "polygon", "name": null, "name_el": null, "name_en": null, "leisure": "pitch", "sport": "soccer", "capacity": null, "operator": null, "website": null, "phone": null }, "geometry": { "type": "Point", "coordinates": [ 22.962978, 40.56462 ] } },
{ "type": "Feature", "properties": { "dest_category": "Sports pitch", "dest_source": "sport_pitches", "symbol_origin": "polygon", "name": null, "name_el": null, "name_en": null, "leisure": "pitch", "sport": "soccer", "capacity": null, "operator": null, "website": null, "phone": null }, "geometry": { "type": "Point", "coordinates": [ 22.96469, 40.564853 ] } },
{ "type": "Feature", "properties": { "dest_category": "Sports pitch", "dest_source": "sport_pitches", "symbol_origin": "polygon", "name": null, "name_el": null, "name_en": null, "leisure": "pitch", "sport": "soccer", "capacity": null, "operator": null, "website": null, "phone": null }, "geometry": { "type": "Point", "coordinates": [ 22.964327, 40.566237 ] } },
{ "type": "Feature", "properties": { "dest_category": "Sports pitch", "dest_source": "sport_pitches", "symbol_origin": "polygon", "name": null, "name_el": null, "name_en": null, "leisure": "pitch", "sport": "basketball", "capacity": null, "operator": null, "website": null, "phone": null }, "geometry": { "type": "Point", "coordinates": [ 22.962406, 40.569482 ] } },
{ "type": "Feature", "properties": { "dest_category": "Sports pitch", "dest_source": "sport_pitches", "symbol_origin": "polygon", "name": null, "name_el": null, "name_en": null, "leisure": "pitch", "sport": "basketball", "capacity": null, "operator": null, "website": null, "phone": null }, "geometry": { "type": "Point", "coordinates": [ 22.962965, 40.570069 ] } },
{ "type": "Feature", "properties": { "dest_category": "Sports pitch", "dest_source": "sport_pitches", "symbol_origin": "polygon", "name": null, "name_el": null, "name_en": null, "leisure": "pitch", "sport": "basketball", "capacity": null, "operator": null, "website": null, "phone": null }, "geometry": { "type": "Point", "coordinates": [ 22.957287, 40.570703 ] } },
{ "type": "Feature", "properties": { "dest_category": "Sports pitch", "dest_source": "sport_pitches", "symbol_origin": "polygon", "name": null, "name_el": null, "name_en": null, "leisure": "pitch", "sport": "basketball", "capacity": null, "operator": null, "website": null, "phone": null }, "geometry": { "type": "Point", "coordinates": [ 22.962292, 40.570784 ] } },
{ "type": "Feature", "properties": { "dest_category": "Sports pitch", "dest_source": "sport_pitches", "symbol_origin": "polygon", "name": null, "name_el": null, "name_en": null, "leisure": "pitch", "sport": "basketball", "capacity": null, "operator": null, "website": null, "phone": null }, "geometry": { "type": "Point", "coordinates": [ 22.959074, 40.570973 ] } },
{ "type": "Feature", "properties": { "dest_category": "Sports pitch", "dest_source": "sport_pitches", "symbol_origin": "polygon", "name": null, "name_el": null, "name_en": null, "leisure": "pitch", "sport": "soccer", "capacity": null, "operator": null, "website": null, "phone": null }, "geometry": { "type": "Point", "coordinates": [ 22.961902, 40.571275 ] } },
{ "type": "Feature", "properties": { "dest_category": "Sports pitch", "dest_source": "sport_pitches", "symbol_origin": "polygon", "name": null, "name_el": null, "name_en": null, "leisure": "pitch", "sport": "soccer", "capacity": null, "operator": null, "website": null, "phone": null }, "geometry": { "type": "Point", "coordinates": [ 22.961848, 40.572362 ] } },
{ "type": "Feature", "properties": { "dest_category": "Sports pitch", "dest_source": "sport_pitches", "symbol_origin": "polygon", "name": null, "name_el": null, "name_en": null, "leisure": "pitch", "sport": "volleyball", "capacity": null, "operator": null, "website": null, "phone": null }, "geometry": { "type": "Point", "coordinates": [ 22.956363, 40.574101 ] } },
{ "type": "Feature", "properties": { "dest_category": "Sports pitch", "dest_source": "sport_pitches", "symbol_origin": "polygon", "name": null, "name_el": null, "name_en": null, "leisure": "pitch", "sport": "volleyball", "capacity": null, "operator": null, "website": null, "phone": null }, "geometry": { "type": "Point", "coordinates": [ 22.955948, 40.574328 ] } },
{ "type": "Feature", "properties": { "dest_category": "Sports pitch", "dest_source": "sport_pitches", "symbol_origin": "polygon", "name": null, "name_el": null, "name_en": null, "leisure": "pitch", "sport": "basketball", "capacity": null, "operator": null, "website": null, "phone": null }, "geometry": { "type": "Point", "coordinates": [ 22.96333, 40.576308 ] } },
{ "type": "Feature", "properties": { "dest_category": "Sports pitch", "dest_source": "sport_pitches", "symbol_origin": "polygon", "name": null, "name_el": null, "name_en": null, "leisure": "pitch", "sport": "basketball", "capacity": null, "operator": null, "website": null, "phone": null }, "geometry": { "type": "Point", "coordinates": [ 22.96227, 40.5765 ] } },
{ "type": "Feature", "properties": { "dest_category": "Sports pitch", "dest_source": "sport_pitches", "symbol_origin": "polygon", "name": null, "name_el": null, "name_en": null, "leisure": "pitch", "sport": "basketball", "capacity": null, "operator": null, "website": null, "phone": null }, "geometry": { "type": "Point", "coordinates": [ 22.959534, 40.57904 ] } },
{ "type": "Feature", "properties": { "dest_category": "Sports pitch", "dest_source": "sport_pitches", "symbol_origin": "polygon", "name": null, "name_el": null, "name_en": null, "leisure": "pitch", "sport": "basketball", "capacity": null, "operator": null, "website": null, "phone": null }, "geometry": { "type": "Point", "coordinates": [ 22.955571, 40.589571 ] } },
{ "type": "Feature", "properties": { "dest_category": "Sports pitch", "dest_source": "sport_pitches", "symbol_origin": "polygon", "name": null, "name_el": null, "name_en": null, "leisure": "pitch", "sport": "basketball", "capacity": null, "operator": null, "website": null, "phone": null }, "geometry": { "type": "Point", "coordinates": [ 22.962866, 40.589761 ] } },
{ "type": "Feature", "properties": { "dest_category": "Sports pitch", "dest_source": "sport_pitches", "symbol_origin": "polygon", "name": null, "name_el": null, "name_en": null, "leisure": "pitch", "sport": "soccer", "capacity": null, "operator": null, "website": null, "phone": null }, "geometry": { "type": "Point", "coordinates": [ 22.94477, 40.580537 ] } },
{ "type": "Feature", "properties": { "dest_category": "Sports pitch", "dest_source": "sport_pitches", "symbol_origin": "polygon", "name": null, "name_el": null, "name_en": null, "leisure": "pitch", "sport": "soccer", "capacity": null, "operator": null, "website": null, "phone": null }, "geometry": { "type": "Point", "coordinates": [ 22.943999, 40.581049 ] } },
{ "type": "Feature", "properties": { "dest_category": "Sports pitch", "dest_source": "sport_pitches", "symbol_origin": "polygon", "name": null, "name_el": null, "name_en": null, "leisure": "pitch", "sport": "soccer", "capacity": null, "operator": null, "website": null, "phone": null }, "geometry": { "type": "Point", "coordinates": [ 22.945186, 40.581411 ] } },
{ "type": "Feature", "properties": { "dest_category": "Sports pitch", "dest_source": "sport_pitches", "symbol_origin": "polygon", "name": null, "name_el": null, "name_en": null, "leisure": "pitch", "sport": "soccer", "capacity": null, "operator": null, "website": null, "phone": null }, "geometry": { "type": "Point", "coordinates": [ 22.944138, 40.581856 ] } },
{ "type": "Feature", "properties": { "dest_category": "Sports pitch", "dest_source": "sport_pitches", "symbol_origin": "polygon", "name": null, "name_el": null, "name_en": null, "leisure": "pitch", "sport": "soccer", "capacity": null, "operator": null, "website": null, "phone": null }, "geometry": { "type": "Point", "coordinates": [ 22.944997, 40.582465 ] } },
{ "type": "Feature", "properties": { "dest_category": "Sports pitch", "dest_source": "sport_pitches", "symbol_origin": "polygon", "name": null, "name_el": null, "name_en": null, "leisure": "pitch", "sport": "basketball", "capacity": null, "operator": null, "website": null, "phone": null }, "geometry": { "type": "Point", "coordinates": [ 22.944313, 40.582519 ] } },
{ "type": "Feature", "properties": { "dest_category": "Sports pitch", "dest_source": "sport_pitches", "symbol_origin": "polygon", "name": null, "name_el": null, "name_en": null, "leisure": "pitch", "sport": "soccer", "capacity": null, "operator": null, "website": null, "phone": null }, "geometry": { "type": "Point", "coordinates": [ 22.944877, 40.582866 ] } },
{ "type": "Feature", "properties": { "dest_category": "Sports pitch", "dest_source": "sport_pitches", "symbol_origin": "polygon", "name": null, "name_el": null, "name_en": null, "leisure": "pitch", "sport": "basketball", "capacity": null, "operator": null, "website": null, "phone": null }, "geometry": { "type": "Point", "coordinates": [ 22.940728, 40.586714 ] } },
{ "type": "Feature", "properties": { "dest_category": "Sports pitch", "dest_source": "sport_pitches", "symbol_origin": "polygon", "name": null, "name_el": null, "name_en": null, "leisure": "pitch", "sport": "soccer", "capacity": null, "operator": null, "website": null, "phone": null }, "geometry": { "type": "Point", "coordinates": [ 22.953018, 40.579763 ] } },
{ "type": "Feature", "properties": { "dest_category": "Sports pitch", "dest_source": "sport_pitches", "symbol_origin": "polygon", "name": null, "name_el": null, "name_en": null, "leisure": "pitch", "sport": "soccer", "capacity": null, "operator": null, "website": null, "phone": null }, "geometry": { "type": "Point", "coordinates": [ 22.94814, 40.580823 ] } },
{ "type": "Feature", "properties": { "dest_category": "Sports pitch", "dest_source": "sport_pitches", "symbol_origin": "polygon", "name": null, "name_el": null, "name_en": null, "leisure": "pitch", "sport": "basketball", "capacity": null, "operator": null, "website": null, "phone": null }, "geometry": { "type": "Point", "coordinates": [ 22.94702, 40.581966 ] } },
{ "type": "Feature", "properties": { "dest_category": "Sports pitch", "dest_source": "sport_pitches", "symbol_origin": "polygon", "name": null, "name_el": null, "name_en": null, "leisure": "pitch", "sport": "soccer", "capacity": null, "operator": null, "website": null, "phone": null }, "geometry": { "type": "Point", "coordinates": [ 22.946477, 40.582236 ] } },
{ "type": "Feature", "properties": { "dest_category": "Sports pitch", "dest_source": "sport_pitches", "symbol_origin": "polygon", "name": "Κλειστό Δημοτικό Γυμναστήριο Καλαμαριάς", "name_el": null, "name_en": null, "leisure": "pitch", "sport": "basketball", "capacity": null, "operator": null, "website": null, "phone": null }, "geometry": { "type": "Point", "coordinates": [ 22.946832, 40.582568 ] } },
{ "type": "Feature", "properties": { "dest_category": "Sports pitch", "dest_source": "sport_pitches", "symbol_origin": "polygon", "name": null, "name_el": null, "name_en": null, "leisure": "pitch", "sport": "basketball", "capacity": null, "operator": null, "website": null, "phone": null }, "geometry": { "type": "Point", "coordinates": [ 22.953981, 40.588169 ] } },
{ "type": "Feature", "properties": { "dest_category": "Sports pitch", "dest_source": "sport_pitches", "symbol_origin": "polygon", "name": null, "name_el": null, "name_en": null, "leisure": "pitch", "sport": "tennis", "capacity": null, "operator": null, "website": null, "phone": null }, "geometry": { "type": "Point", "coordinates": [ 22.949702, 40.595577 ] } },
{ "type": "Feature", "properties": { "dest_category": "Sports pitch", "dest_source": "sport_pitches", "symbol_origin": "polygon", "name": null, "name_el": null, "name_en": null, "leisure": "pitch", "sport": "tennis", "capacity": null, "operator": null, "website": null, "phone": null }, "geometry": { "type": "Point", "coordinates": [ 22.956042, 40.590211 ] } },
{ "type": "Feature", "properties": { "dest_category": "Sports pitch", "dest_source": "sport_pitches", "symbol_origin": "polygon", "name": null, "name_el": null, "name_en": null, "leisure": "pitch", "sport": "tennis", "capacity": null, "operator": null, "website": null, "phone": null }, "geometry": { "type": "Point", "coordinates": [ 22.956612, 40.590274 ] } },
{ "type": "Feature", "properties": { "dest_category": "Sports pitch", "dest_source": "sport_pitches", "symbol_origin": "polygon", "name": null, "name_el": null, "name_en": null, "leisure": "pitch", "sport": "tennis", "capacity": null, "operator": null, "website": null, "phone": null }, "geometry": { "type": "Point", "coordinates": [ 22.956453, 40.59057 ] } },
{ "type": "Feature", "properties": { "dest_category": "Sports pitch", "dest_source": "sport_pitches", "symbol_origin": "polygon", "name": "Αθλητικός Σύλλογος Μέγας Αλέξανδρος", "name_el": null, "name_en": null, "leisure": "pitch", "sport": "basketball", "capacity": null, "operator": null, "website": null, "phone": null }, "geometry": { "type": "Point", "coordinates": [ 22.959356, 40.597987 ] } },
{ "type": "Feature", "properties": { "dest_category": "Sports pitch", "dest_source": "sport_pitches", "symbol_origin": "polygon", "name": null, "name_el": null, "name_en": null, "leisure": "pitch", "sport": "soccer", "capacity": null, "operator": null, "website": null, "phone": null }, "geometry": { "type": "Point", "coordinates": [ 22.959806, 40.601597 ] } },
{ "type": "Feature", "properties": { "dest_category": "Sports pitch", "dest_source": "sport_pitches", "symbol_origin": "polygon", "name": null, "name_el": null, "name_en": null, "leisure": "pitch", "sport": "tennis", "capacity": null, "operator": null, "website": null, "phone": null }, "geometry": { "type": "Point", "coordinates": [ 22.959549, 40.601924 ] } },
{ "type": "Feature", "properties": { "dest_category": "Sports pitch", "dest_source": "sport_pitches", "symbol_origin": "polygon", "name": null, "name_el": null, "name_en": null, "leisure": "pitch", "sport": "tennis", "capacity": null, "operator": null, "website": null, "phone": null }, "geometry": { "type": "Point", "coordinates": [ 22.949781, 40.595905 ] } },
{ "type": "Feature", "properties": { "dest_category": "Sports pitch", "dest_source": "sport_pitches", "symbol_origin": "polygon", "name": null, "name_el": null, "name_en": null, "leisure": "pitch", "sport": "basketball", "capacity": null, "operator": null, "website": null, "phone": null }, "geometry": { "type": "Point", "coordinates": [ 22.949358, 40.596062 ] } },
{ "type": "Feature", "properties": { "dest_category": "Sports pitch", "dest_source": "sport_pitches", "symbol_origin": "polygon", "name": "Μέγας Αλέξανδρος (Καμινίκια)", "name_el": null, "name_en": null, "leisure": "pitch", "sport": "soccer", "capacity": null, "operator": null, "website": null, "phone": null }, "geometry": { "type": "Point", "coordinates": [ 22.950873, 40.596218 ] } },
{ "type": "Feature", "properties": { "dest_category": "Sports pitch", "dest_source": "sport_pitches", "symbol_origin": "polygon", "name": null, "name_el": null, "name_en": null, "leisure": "pitch", "sport": "volleyball", "capacity": null, "operator": null, "website": null, "phone": null }, "geometry": { "type": "Point", "coordinates": [ 22.950036, 40.596229 ] } },
{ "type": "Feature", "properties": { "dest_category": "Sports pitch", "dest_source": "sport_pitches", "symbol_origin": "polygon", "name": null, "name_el": null, "name_en": null, "leisure": "pitch", "sport": "basketball", "capacity": null, "operator": null, "website": null, "phone": null }, "geometry": { "type": "Point", "coordinates": [ 22.949212, 40.59639 ] } },
{ "type": "Feature", "properties": { "dest_category": "Sports pitch", "dest_source": "sport_pitches", "symbol_origin": "polygon", "name": null, "name_el": null, "name_en": null, "leisure": "pitch", "sport": "handball", "capacity": null, "operator": null, "website": null, "phone": null }, "geometry": { "type": "Point", "coordinates": [ 22.94987, 40.596613 ] } },
{ "type": "Feature", "properties": { "dest_category": "Sports pitch", "dest_source": "sport_pitches", "symbol_origin": "polygon", "name": "Γήπεδα τένις", "name_el": null, "name_en": null, "leisure": "pitch", "sport": "tennis", "capacity": null, "operator": null, "website": null, "phone": null }, "geometry": { "type": "Point", "coordinates": [ 22.950253, 40.597991 ] } },
{ "type": "Feature", "properties": { "dest_category": "Sports pitch", "dest_source": "sport_pitches", "symbol_origin": "polygon", "name": null, "name_el": null, "name_en": null, "leisure": "pitch", "sport": "basketball", "capacity": null, "operator": null, "website": null, "phone": null }, "geometry": { "type": "Point", "coordinates": [ 22.949807, 40.598748 ] } },
{ "type": "Feature", "properties": { "dest_category": "Sports pitch", "dest_source": "sport_pitches", "symbol_origin": "polygon", "name": null, "name_el": null, "name_en": null, "leisure": "pitch", "sport": "tennis", "capacity": null, "operator": null, "website": null, "phone": null }, "geometry": { "type": "Point", "coordinates": [ 22.950144, 40.604182 ] } },
{ "type": "Feature", "properties": { "dest_category": "Sports pitch", "dest_source": "sport_pitches", "symbol_origin": "polygon", "name": null, "name_el": null, "name_en": null, "leisure": "pitch", "sport": "tennis", "capacity": null, "operator": null, "website": null, "phone": null }, "geometry": { "type": "Point", "coordinates": [ 22.950222, 40.604521 ] } },
{ "type": "Feature", "properties": { "dest_category": "Sports pitch", "dest_source": "sport_pitches", "symbol_origin": "polygon", "name": null, "name_el": null, "name_en": null, "leisure": "pitch", "sport": "soccer", "capacity": null, "operator": null, "website": null, "phone": null }, "geometry": { "type": "Point", "coordinates": [ 22.951277, 40.60527 ] } },
{ "type": "Feature", "properties": { "dest_category": "Sports pitch", "dest_source": "sport_pitches", "symbol_origin": "polygon", "name": null, "name_el": null, "name_en": null, "leisure": "pitch", "sport": "soccer", "capacity": null, "operator": null, "website": null, "phone": null }, "geometry": { "type": "Point", "coordinates": [ 22.959293, 40.602313 ] } },
{ "type": "Feature", "properties": { "dest_category": "Sports pitch", "dest_source": "sport_pitches", "symbol_origin": "polygon", "name": null, "name_el": null, "name_en": null, "leisure": "pitch", "sport": "basketball", "capacity": null, "operator": null, "website": null, "phone": null }, "geometry": { "type": "Point", "coordinates": [ 22.958306, 40.614345 ] } },
{ "type": "Feature", "properties": { "dest_category": "Sports pitch", "dest_source": "sport_pitches", "symbol_origin": "polygon", "name": null, "name_el": null, "name_en": null, "leisure": "pitch", "sport": "basketball", "capacity": null, "operator": null, "website": null, "phone": null }, "geometry": { "type": "Point", "coordinates": [ 22.957014, 40.616551 ] } },
{ "type": "Feature", "properties": { "dest_category": "Sports pitch", "dest_source": "sport_pitches", "symbol_origin": "polygon", "name": null, "name_el": null, "name_en": null, "leisure": "pitch", "sport": "volleyball", "capacity": null, "operator": null, "website": null, "phone": null }, "geometry": { "type": "Point", "coordinates": [ 22.95537, 40.61737 ] } },
{ "type": "Feature", "properties": { "dest_category": "Sports pitch", "dest_source": "sport_pitches", "symbol_origin": "polygon", "name": null, "name_el": null, "name_en": null, "leisure": "pitch", "sport": "tennis", "capacity": null, "operator": null, "website": null, "phone": null }, "geometry": { "type": "Point", "coordinates": [ 22.962834, 40.62585 ] } },
{ "type": "Feature", "properties": { "dest_category": "Sports pitch", "dest_source": "sport_pitches", "symbol_origin": "polygon", "name": null, "name_el": null, "name_en": null, "leisure": "pitch", "sport": "soccer", "capacity": null, "operator": null, "website": null, "phone": null }, "geometry": { "type": "Point", "coordinates": [ 22.963659, 40.626214 ] } },
{ "type": "Feature", "properties": { "dest_category": "Sports pitch", "dest_source": "sport_pitches", "symbol_origin": "polygon", "name": null, "name_el": null, "name_en": null, "leisure": "pitch", "sport": "basketball", "capacity": null, "operator": null, "website": null, "phone": null }, "geometry": { "type": "Point", "coordinates": [ 22.962819, 40.626315 ] } },
{ "type": "Feature", "properties": { "dest_category": "Sports pitch", "dest_source": "sport_pitches", "symbol_origin": "polygon", "name": null, "name_el": null, "name_en": null, "leisure": "pitch", "sport": "basketball", "capacity": null, "operator": null, "website": null, "phone": null }, "geometry": { "type": "Point", "coordinates": [ 22.951263, 40.605605 ] } },
{ "type": "Feature", "properties": { "dest_category": "Sports pitch", "dest_source": "sport_pitches", "symbol_origin": "polygon", "name": null, "name_el": null, "name_en": null, "leisure": "pitch", "sport": "basketball", "capacity": null, "operator": null, "website": null, "phone": null }, "geometry": { "type": "Point", "coordinates": [ 22.950563, 40.605749 ] } },
{ "type": "Feature", "properties": { "dest_category": "Sports pitch", "dest_source": "sport_pitches", "symbol_origin": "polygon", "name": null, "name_el": null, "name_en": null, "leisure": "pitch", "sport": "tennis", "capacity": null, "operator": null, "website": null, "phone": null }, "geometry": { "type": "Point", "coordinates": [ 22.952306, 40.616431 ] } },
{ "type": "Feature", "properties": { "dest_category": "Sports pitch", "dest_source": "sport_pitches", "symbol_origin": "polygon", "name": null, "name_el": null, "name_en": null, "leisure": "pitch", "sport": "basketball", "capacity": null, "operator": null, "website": null, "phone": null }, "geometry": { "type": "Point", "coordinates": [ 22.953106, 40.622269 ] } },
{ "type": "Feature", "properties": { "dest_category": "Sports pitch", "dest_source": "sport_pitches", "symbol_origin": "polygon", "name": null, "name_el": null, "name_en": null, "leisure": "pitch", "sport": "volleyball", "capacity": null, "operator": null, "website": null, "phone": null }, "geometry": { "type": "Point", "coordinates": [ 22.952475, 40.622282 ] } },
{ "type": "Feature", "properties": { "dest_category": "Sports pitch", "dest_source": "sport_pitches", "symbol_origin": "polygon", "name": null, "name_el": null, "name_en": null, "leisure": "pitch", "sport": "soccer", "capacity": null, "operator": null, "website": null, "phone": null }, "geometry": { "type": "Point", "coordinates": [ 22.951281, 40.626653 ] } },
{ "type": "Feature", "properties": { "dest_category": "Sports pitch", "dest_source": "sport_pitches", "symbol_origin": "polygon", "name": null, "name_el": null, "name_en": null, "leisure": "pitch", "sport": "tennis", "capacity": null, "operator": null, "website": null, "phone": null }, "geometry": { "type": "Point", "coordinates": [ 22.951474, 40.626997 ] } },
{ "type": "Feature", "properties": { "dest_category": "Stadium", "dest_source": "sport_stadiums", "symbol_origin": "polygon", "name": "Αλεξάνδρειο Μέλαθρο", "name_el": "Αλεξάνδρειο Μέλαθρο", "name_en": "Alexandreio Melathron", "leisure": "stadium", "sport": "basketball;volleyball", "capacity": "5138", "operator": "Άρης Θεσσαλονίκης--", "website": null, "phone": null }, "geometry": { "type": "Point", "coordinates": [ 22.957336, 40.626869 ] } },
{ "type": "Feature", "properties": { "dest_category": "Sports pitch", "dest_source": "sport_pitches", "symbol_origin": "polygon", "name": null, "name_el": null, "name_en": null, "leisure": "pitch", "sport": "soccer", "capacity": null, "operator": null, "website": null, "phone": null }, "geometry": { "type": "Point", "coordinates": [ 22.963452, 40.628347 ] } },
{ "type": "Feature", "properties": { "dest_category": "Sports pitch", "dest_source": "sport_pitches", "symbol_origin": "polygon", "name": null, "name_el": null, "name_en": null, "leisure": "pitch", "sport": "soccer", "capacity": null, "operator": null, "website": null, "phone": null }, "geometry": { "type": "Point", "coordinates": [ 22.963261, 40.628634 ] } },
{ "type": "Feature", "properties": { "dest_category": "Sports pitch", "dest_source": "sport_pitches", "symbol_origin": "polygon", "name": null, "name_el": null, "name_en": null, "leisure": "pitch", "sport": "soccer", "capacity": null, "operator": null, "website": null, "phone": null }, "geometry": { "type": "Point", "coordinates": [ 22.963073, 40.628917 ] } },
{ "type": "Feature", "properties": { "dest_category": "Sports pitch", "dest_source": "sport_pitches", "symbol_origin": "polygon", "name": "Κατσάνειο", "name_el": "Κατσάνειο", "name_en": "Katsanio", "leisure": "pitch", "sport": "volleyball", "capacity": null, "operator": null, "website": null, "phone": null }, "geometry": { "type": "Point", "coordinates": [ 22.962955, 40.629455 ] } },
{ "type": "Feature", "properties": { "dest_category": "Sports pitch", "dest_source": "sport_pitches", "symbol_origin": "polygon", "name": null, "name_el": null, "name_en": null, "leisure": "pitch", "sport": "basketball", "capacity": null, "operator": null, "website": null, "phone": null }, "geometry": { "type": "Point", "coordinates": [ 22.957781, 40.634296 ] } },
{ "type": "Feature", "properties": { "dest_category": "Sports pitch", "dest_source": "sport_pitches", "symbol_origin": "polygon", "name": "Ευαγγελίστρια Arena", "name_el": null, "name_en": null, "leisure": "pitch", "sport": "soccer", "capacity": null, "operator": null, "website": null, "phone": null }, "geometry": { "type": "Point", "coordinates": [ 22.963236, 40.634434 ] } },
{ "type": "Feature", "properties": { "dest_category": "Sports pitch", "dest_source": "sport_pitches", "symbol_origin": "polygon", "name": null, "name_el": null, "name_en": null, "leisure": "pitch", "sport": "soccer", "capacity": null, "operator": null, "website": null, "phone": null }, "geometry": { "type": "Point", "coordinates": [ 22.959515, 40.636889 ] } },
{ "type": "Feature", "properties": { "dest_category": "Sports pitch", "dest_source": "sport_pitches", "symbol_origin": "polygon", "name": null, "name_el": null, "name_en": null, "leisure": "pitch", "sport": "basketball", "capacity": null, "operator": null, "website": null, "phone": null }, "geometry": { "type": "Point", "coordinates": [ 22.959147, 40.638792 ] } },
{ "type": "Feature", "properties": { "dest_category": "Sports pitch", "dest_source": "sport_pitches", "symbol_origin": "polygon", "name": null, "name_el": null, "name_en": null, "leisure": "pitch", "sport": "basketball", "capacity": null, "operator": null, "website": null, "phone": null }, "geometry": { "type": "Point", "coordinates": [ 22.959167, 40.64471 ] } },
{ "type": "Feature", "properties": { "dest_category": "Sports pitch", "dest_source": "sport_pitches", "symbol_origin": "polygon", "name": null, "name_el": null, "name_en": null, "leisure": "pitch", "sport": "basketball", "capacity": null, "operator": null, "website": null, "phone": null }, "geometry": { "type": "Point", "coordinates": [ 22.948458, 40.636404 ] } },
{ "type": "Feature", "properties": { "dest_category": "Sports pitch", "dest_source": "sport_pitches", "symbol_origin": "polygon", "name": null, "name_el": null, "name_en": null, "leisure": "pitch", "sport": "volleyball", "capacity": null, "operator": null, "website": null, "phone": null }, "geometry": { "type": "Point", "coordinates": [ 22.94944, 40.636886 ] } },
{ "type": "Feature", "properties": { "dest_category": "Sports pitch", "dest_source": "sport_pitches", "symbol_origin": "polygon", "name": null, "name_el": null, "name_en": null, "leisure": "pitch", "sport": "basketball", "capacity": null, "operator": null, "website": null, "phone": null }, "geometry": { "type": "Point", "coordinates": [ 22.951889, 40.638763 ] } },
{ "type": "Feature", "properties": { "dest_category": "Sports pitch", "dest_source": "sport_pitches", "symbol_origin": "polygon", "name": null, "name_el": null, "name_en": null, "leisure": "pitch", "sport": "basketball", "capacity": null, "operator": null, "website": null, "phone": null }, "geometry": { "type": "Point", "coordinates": [ 22.948347, 40.645858 ] } },
{ "type": "Feature", "properties": { "dest_category": "Sports pitch", "dest_source": "sport_pitches", "symbol_origin": "polygon", "name": null, "name_el": null, "name_en": null, "leisure": "pitch", "sport": "basketball", "capacity": null, "operator": null, "website": null, "phone": null }, "geometry": { "type": "Point", "coordinates": [ 22.945872, 40.646418 ] } },
{ "type": "Feature", "properties": { "dest_category": "Sports pitch", "dest_source": "sport_pitches", "symbol_origin": "polygon", "name": null, "name_el": null, "name_en": null, "leisure": "pitch", "sport": "soccer", "capacity": null, "operator": null, "website": null, "phone": null }, "geometry": { "type": "Point", "coordinates": [ 22.946302, 40.653907 ] } },
{ "type": "Feature", "properties": { "dest_category": "Sports pitch", "dest_source": "sport_pitches", "symbol_origin": "polygon", "name": null, "name_el": null, "name_en": null, "leisure": "pitch", "sport": "basketball", "capacity": null, "operator": null, "website": null, "phone": null }, "geometry": { "type": "Point", "coordinates": [ 22.946665, 40.654672 ] } },
{ "type": "Feature", "properties": { "dest_category": "Sports pitch", "dest_source": "sport_pitches", "symbol_origin": "polygon", "name": null, "name_el": null, "name_en": null, "leisure": "pitch", "sport": "basketball", "capacity": null, "operator": null, "website": null, "phone": null }, "geometry": { "type": "Point", "coordinates": [ 22.961351, 40.645394 ] } },
{ "type": "Feature", "properties": { "dest_category": "Sports pitch", "dest_source": "sport_pitches", "symbol_origin": "polygon", "name": "Μικρό γήπεδο για μπάσκετ", "name_el": null, "name_en": null, "leisure": "pitch", "sport": "basketball", "capacity": null, "operator": null, "website": null, "phone": null }, "geometry": { "type": "Point", "coordinates": [ 22.954272, 40.648455 ] } },
{ "type": "Feature", "properties": { "dest_category": "Sports pitch", "dest_source": "sport_pitches", "symbol_origin": "polygon", "name": "Ανοιχτό γήπεδο μπάσκετ", "name_el": null, "name_en": null, "leisure": "pitch", "sport": "basketball", "capacity": null, "operator": null, "website": null, "phone": null }, "geometry": { "type": "Point", "coordinates": [ 22.956167, 40.651081 ] } },
{ "type": "Feature", "properties": { "dest_category": "Sports pitch", "dest_source": "sport_pitches", "symbol_origin": "polygon", "name": "Γήπεδο ποδοσφαίρου στο Δήμο Συκεών", "name_el": null, "name_en": null, "leisure": "pitch", "sport": "soccer", "capacity": null, "operator": null, "website": null, "phone": null }, "geometry": { "type": "Point", "coordinates": [ 22.959898, 40.65169 ] } },
{ "type": "Feature", "properties": { "dest_category": "Sports pitch", "dest_source": "sport_pitches", "symbol_origin": "polygon", "name": null, "name_el": null, "name_en": null, "leisure": "pitch", "sport": "basketball;handball;volleyball", "capacity": null, "operator": null, "website": null, "phone": null }, "geometry": { "type": "Point", "coordinates": [ 22.959656, 40.653719 ] } },
{ "type": "Feature", "properties": { "dest_category": "Sports pitch", "dest_source": "sport_pitches", "symbol_origin": "polygon", "name": null, "name_el": null, "name_en": null, "leisure": "pitch", "sport": "basketball", "capacity": null, "operator": null, "website": null, "phone": null }, "geometry": { "type": "Point", "coordinates": [ 22.957035, 40.654986 ] } },
{ "type": "Feature", "properties": { "dest_category": "Sports pitch", "dest_source": "sport_pitches", "symbol_origin": "polygon", "name": null, "name_el": null, "name_en": null, "leisure": "pitch", "sport": "field_hockey", "capacity": null, "operator": null, "website": null, "phone": null }, "geometry": { "type": "Point", "coordinates": [ 22.961549, 40.655521 ] } },
{ "type": "Feature", "properties": { "dest_category": "Sports pitch", "dest_source": "sport_pitches", "symbol_origin": "polygon", "name": null, "name_el": null, "name_en": null, "leisure": "pitch", "sport": "basketball", "capacity": null, "operator": null, "website": null, "phone": null }, "geometry": { "type": "Point", "coordinates": [ 22.961231, 40.658292 ] } },
{ "type": "Feature", "properties": { "dest_category": "Sports pitch", "dest_source": "sport_pitches", "symbol_origin": "polygon", "name": null, "name_el": null, "name_en": null, "leisure": "pitch", "sport": "tennis", "capacity": null, "operator": null, "website": null, "phone": null }, "geometry": { "type": "Point", "coordinates": [ 22.928776, 40.651505 ] } },
{ "type": "Feature", "properties": { "dest_category": "Sports pitch", "dest_source": "sport_pitches", "symbol_origin": "polygon", "name": null, "name_el": null, "name_en": null, "leisure": "pitch", "sport": "basketball", "capacity": null, "operator": null, "website": null, "phone": null }, "geometry": { "type": "Point", "coordinates": [ 22.935601, 40.652017 ] } },
{ "type": "Feature", "properties": { "dest_category": "Sports pitch", "dest_source": "sport_pitches", "symbol_origin": "polygon", "name": null, "name_el": null, "name_en": null, "leisure": "pitch", "sport": "basketball", "capacity": null, "operator": null, "website": null, "phone": null }, "geometry": { "type": "Point", "coordinates": [ 22.930487, 40.652367 ] } },
{ "type": "Feature", "properties": { "dest_category": "Sports pitch", "dest_source": "sport_pitches", "symbol_origin": "polygon", "name": null, "name_el": null, "name_en": null, "leisure": "pitch", "sport": "basketball", "capacity": null, "operator": null, "website": null, "phone": null }, "geometry": { "type": "Point", "coordinates": [ 22.930114, 40.652527 ] } },
{ "type": "Feature", "properties": { "dest_category": "Sports pitch", "dest_source": "sport_pitches", "symbol_origin": "polygon", "name": null, "name_el": null, "name_en": null, "leisure": "pitch", "sport": "basketball", "capacity": null, "operator": null, "website": null, "phone": null }, "geometry": { "type": "Point", "coordinates": [ 22.92983, 40.653092 ] } },
{ "type": "Feature", "properties": { "dest_category": "Sports pitch", "dest_source": "sport_pitches", "symbol_origin": "polygon", "name": null, "name_el": null, "name_en": null, "leisure": "pitch", "sport": "basketball", "capacity": null, "operator": null, "website": null, "phone": null }, "geometry": { "type": "Point", "coordinates": [ 22.944767, 40.653673 ] } },
{ "type": "Feature", "properties": { "dest_category": "Sports pitch", "dest_source": "sport_pitches", "symbol_origin": "polygon", "name": null, "name_el": null, "name_en": null, "leisure": "pitch", "sport": "basketball", "capacity": null, "operator": null, "website": null, "phone": null }, "geometry": { "type": "Point", "coordinates": [ 22.925148, 40.653729 ] } },
{ "type": "Feature", "properties": { "dest_category": "Sports pitch", "dest_source": "sport_pitches", "symbol_origin": "polygon", "name": null, "name_el": null, "name_en": null, "leisure": "pitch", "sport": "basketball", "capacity": null, "operator": null, "website": null, "phone": null }, "geometry": { "type": "Point", "coordinates": [ 22.943506, 40.655071 ] } },
{ "type": "Feature", "properties": { "dest_category": "Sports pitch", "dest_source": "sport_pitches", "symbol_origin": "polygon", "name": null, "name_el": null, "name_en": null, "leisure": "pitch", "sport": "soccer", "capacity": null, "operator": null, "website": null, "phone": null }, "geometry": { "type": "Point", "coordinates": [ 22.943945, 40.655267 ] } },
{ "type": "Feature", "properties": { "dest_category": "Sports pitch", "dest_source": "sport_pitches", "symbol_origin": "polygon", "name": null, "name_el": null, "name_en": null, "leisure": "pitch", "sport": "soccer", "capacity": null, "operator": null, "website": null, "phone": null }, "geometry": { "type": "Point", "coordinates": [ 22.945138, 40.655362 ] } },
{ "type": "Feature", "properties": { "dest_category": "Sports pitch", "dest_source": "sport_pitches", "symbol_origin": "polygon", "name": null, "name_el": null, "name_en": null, "leisure": "pitch", "sport": "basketball", "capacity": null, "operator": null, "website": null, "phone": null }, "geometry": { "type": "Point", "coordinates": [ 22.942599, 40.655889 ] } },
{ "type": "Feature", "properties": { "dest_category": "Sports pitch", "dest_source": "sport_pitches", "symbol_origin": "polygon", "name": null, "name_el": null, "name_en": null, "leisure": "pitch", "sport": "basketball", "capacity": null, "operator": null, "website": null, "phone": null }, "geometry": { "type": "Point", "coordinates": [ 22.942185, 40.655935 ] } },
{ "type": "Feature", "properties": { "dest_category": "Sports pitch", "dest_source": "sport_pitches", "symbol_origin": "polygon", "name": null, "name_el": null, "name_en": null, "leisure": "pitch", "sport": "basketball", "capacity": null, "operator": null, "website": null, "phone": null }, "geometry": { "type": "Point", "coordinates": [ 22.931016, 40.657083 ] } },
{ "type": "Feature", "properties": { "dest_category": "Sports pitch", "dest_source": "sport_pitches", "symbol_origin": "polygon", "name": null, "name_el": null, "name_en": null, "leisure": "pitch", "sport": "soccer", "capacity": null, "operator": null, "website": null, "phone": null }, "geometry": { "type": "Point", "coordinates": [ 22.926753, 40.658424 ] } },
{ "type": "Feature", "properties": { "dest_category": "Sports pitch", "dest_source": "sport_pitches", "symbol_origin": "polygon", "name": null, "name_el": null, "name_en": null, "leisure": "pitch", "sport": "soccer", "capacity": null, "operator": null, "website": null, "phone": null }, "geometry": { "type": "Point", "coordinates": [ 22.926905, 40.658786 ] } },
{ "type": "Feature", "properties": { "dest_category": "Sports pitch", "dest_source": "sport_pitches", "symbol_origin": "polygon", "name": null, "name_el": null, "name_en": null, "leisure": "pitch", "sport": "soccer", "capacity": null, "operator": null, "website": null, "phone": null }, "geometry": { "type": "Point", "coordinates": [ 22.925501, 40.659851 ] } },
{ "type": "Feature", "properties": { "dest_category": "Sports pitch", "dest_source": "sport_pitches", "symbol_origin": "polygon", "name": null, "name_el": null, "name_en": null, "leisure": "pitch", "sport": "basketball", "capacity": null, "operator": null, "website": null, "phone": null }, "geometry": { "type": "Point", "coordinates": [ 22.930148, 40.659986 ] } },
{ "type": "Feature", "properties": { "dest_category": "Sports pitch", "dest_source": "sport_pitches", "symbol_origin": "polygon", "name": null, "name_el": null, "name_en": null, "leisure": "pitch", "sport": "basketball", "capacity": null, "operator": null, "website": null, "phone": null }, "geometry": { "type": "Point", "coordinates": [ 22.928237, 40.661201 ] } },
{ "type": "Feature", "properties": { "dest_category": "Sports pitch", "dest_source": "sport_pitches", "symbol_origin": "polygon", "name": null, "name_el": null, "name_en": null, "leisure": "pitch", "sport": "basketball", "capacity": null, "operator": null, "website": null, "phone": null }, "geometry": { "type": "Point", "coordinates": [ 22.948459, 40.655587 ] } },
{ "type": "Feature", "properties": { "dest_category": "Sports pitch", "dest_source": "sport_pitches", "symbol_origin": "polygon", "name": null, "name_el": null, "name_en": null, "leisure": "pitch", "sport": "soccer", "capacity": null, "operator": null, "website": null, "phone": null }, "geometry": { "type": "Point", "coordinates": [ 22.945467, 40.656291 ] } },
{ "type": "Feature", "properties": { "dest_category": "Sports pitch", "dest_source": "sport_pitches", "symbol_origin": "polygon", "name": null, "name_el": null, "name_en": null, "leisure": "pitch", "sport": "tennis", "capacity": null, "operator": null, "website": null, "phone": null }, "geometry": { "type": "Point", "coordinates": [ 22.94779, 40.656588 ] } },
{ "type": "Feature", "properties": { "dest_category": "Sports pitch", "dest_source": "sport_pitches", "symbol_origin": "polygon", "name": null, "name_el": null, "name_en": null, "leisure": "pitch", "sport": "basketball", "capacity": null, "operator": null, "website": null, "phone": null }, "geometry": { "type": "Point", "coordinates": [ 22.945267, 40.65674 ] } },
{ "type": "Feature", "properties": { "dest_category": "Sports pitch", "dest_source": "sport_pitches", "symbol_origin": "polygon", "name": null, "name_el": null, "name_en": null, "leisure": "pitch", "sport": "soccer", "capacity": null, "operator": null, "website": null, "phone": null }, "geometry": { "type": "Point", "coordinates": [ 22.950854, 40.662768 ] } },
{ "type": "Feature", "properties": { "dest_category": "Sports pitch", "dest_source": "sport_pitches", "symbol_origin": "polygon", "name": null, "name_el": null, "name_en": null, "leisure": "pitch", "sport": "soccer", "capacity": null, "operator": null, "website": null, "phone": null }, "geometry": { "type": "Point", "coordinates": [ 22.950295, 40.663171 ] } },
{ "type": "Feature", "properties": { "dest_category": "Sports pitch", "dest_source": "sport_pitches", "symbol_origin": "polygon", "name": null, "name_el": null, "name_en": null, "leisure": "pitch", "sport": "soccer", "capacity": null, "operator": null, "website": null, "phone": null }, "geometry": { "type": "Point", "coordinates": [ 22.95248, 40.666023 ] } },
{ "type": "Feature", "properties": { "dest_category": "Sports pitch", "dest_source": "sport_pitches", "symbol_origin": "polygon", "name": null, "name_el": null, "name_en": null, "leisure": "pitch", "sport": "basketball", "capacity": null, "operator": null, "website": null, "phone": null }, "geometry": { "type": "Point", "coordinates": [ 22.95167, 40.666645 ] } },
{ "type": "Feature", "properties": { "dest_category": "Sports pitch", "dest_source": "sport_pitches", "symbol_origin": "polygon", "name": null, "name_el": null, "name_en": null, "leisure": "pitch", "sport": "basketball", "capacity": null, "operator": null, "website": null, "phone": null }, "geometry": { "type": "Point", "coordinates": [ 22.93508, 40.661379 ] } },
{ "type": "Feature", "properties": { "dest_category": "Sports pitch", "dest_source": "sport_pitches", "symbol_origin": "polygon", "name": null, "name_el": null, "name_en": null, "leisure": "pitch", "sport": "soccer", "capacity": null, "operator": null, "website": null, "phone": null }, "geometry": { "type": "Point", "coordinates": [ 22.933645, 40.662239 ] } },
{ "type": "Feature", "properties": { "dest_category": "Sports pitch", "dest_source": "sport_pitches", "symbol_origin": "polygon", "name": null, "name_el": null, "name_en": null, "leisure": "pitch", "sport": "volleyball", "capacity": null, "operator": null, "website": null, "phone": null }, "geometry": { "type": "Point", "coordinates": [ 22.934522, 40.662557 ] } },
{ "type": "Feature", "properties": { "dest_category": "Sports pitch", "dest_source": "sport_pitches", "symbol_origin": "polygon", "name": null, "name_el": null, "name_en": null, "leisure": "pitch", "sport": "basketball", "capacity": null, "operator": null, "website": null, "phone": null }, "geometry": { "type": "Point", "coordinates": [ 22.93967, 40.663475 ] } },
{ "type": "Feature", "properties": { "dest_category": "Sports pitch", "dest_source": "sport_pitches", "symbol_origin": "polygon", "name": null, "name_el": null, "name_en": null, "leisure": "pitch", "sport": "tennis", "capacity": null, "operator": null, "website": null, "phone": null }, "geometry": { "type": "Point", "coordinates": [ 22.938853, 40.663533 ] } },
{ "type": "Feature", "properties": { "dest_category": "Sports pitch", "dest_source": "sport_pitches", "symbol_origin": "polygon", "name": null, "name_el": null, "name_en": null, "leisure": "pitch", "sport": "soccer", "capacity": null, "operator": null, "website": null, "phone": null }, "geometry": { "type": "Point", "coordinates": [ 22.937901, 40.66368 ] } },
{ "type": "Feature", "properties": { "dest_category": "Sports pitch", "dest_source": "sport_pitches", "symbol_origin": "polygon", "name": "Γήπεδο Δασυλλίου Πολίχνης", "name_el": "Γήπεδο Δασυλλίου Πολίχνης", "name_en": null, "leisure": "pitch", "sport": "soccer", "capacity": null, "operator": null, "website": null, "phone": null }, "geometry": { "type": "Point", "coordinates": [ 22.958301, 40.664137 ] } },
{ "type": "Feature", "properties": { "dest_category": "Sports pitch", "dest_source": "sport_pitches", "symbol_origin": "polygon", "name": "Στάδιο ποδοσφαίρου Μετεώρων", "name_el": "Στάδιο ποδοσφαίρου Μετεώρων", "name_en": null, "leisure": "pitch", "sport": "soccer", "capacity": null, "operator": null, "website": null, "phone": null }, "geometry": { "type": "Point", "coordinates": [ 22.961036, 40.664578 ] } },
{ "type": "Feature", "properties": { "dest_category": "Sports pitch", "dest_source": "sport_pitches", "symbol_origin": "polygon", "name": null, "name_el": null, "name_en": null, "leisure": "pitch", "sport": "tennis", "capacity": null, "operator": null, "website": null, "phone": null }, "geometry": { "type": "Point", "coordinates": [ 22.953833, 40.665866 ] } },
{ "type": "Feature", "properties": { "dest_category": "Sports pitch", "dest_source": "sport_pitches", "symbol_origin": "polygon", "name": "Παλιό ΔΑΚ Πολίχνης", "name_el": "Παλιό ΔΑΚ Πολίχνης", "name_en": null, "leisure": "pitch", "sport": "basketball;dance", "capacity": null, "operator": null, "website": null, "phone": null }, "geometry": { "type": "Point", "coordinates": [ 22.954438, 40.665998 ] } },
{ "type": "Feature", "properties": { "dest_category": "Sports pitch", "dest_source": "sport_pitches", "symbol_origin": "polygon", "name": null, "name_el": null, "name_en": null, "leisure": "pitch", "sport": "basketball", "capacity": null, "operator": null, "website": null, "phone": null }, "geometry": { "type": "Point", "coordinates": [ 22.953594, 40.666275 ] } },
{ "type": "Feature", "properties": { "dest_category": "Sports pitch", "dest_source": "sport_pitches", "symbol_origin": "polygon", "name": null, "name_el": null, "name_en": null, "leisure": "pitch", "sport": "beachvolleyball", "capacity": null, "operator": null, "website": null, "phone": null }, "geometry": { "type": "Point", "coordinates": [ 22.954065, 40.666284 ] } },
{ "type": "Feature", "properties": { "dest_category": "Sports pitch", "dest_source": "sport_pitches", "symbol_origin": "polygon", "name": null, "name_el": null, "name_en": null, "leisure": "pitch", "sport": "handball", "capacity": null, "operator": null, "website": null, "phone": null }, "geometry": { "type": "Point", "coordinates": [ 22.954969, 40.666436 ] } },
{ "type": "Feature", "properties": { "dest_category": "Sports pitch", "dest_source": "sport_pitches", "symbol_origin": "polygon", "name": null, "name_el": null, "name_en": null, "leisure": "pitch", "sport": "handball", "capacity": null, "operator": null, "website": null, "phone": null }, "geometry": { "type": "Point", "coordinates": [ 22.954325, 40.666726 ] } },
{ "type": "Feature", "properties": { "dest_category": "Sports pitch", "dest_source": "sport_pitches", "symbol_origin": "polygon", "name": null, "name_el": null, "name_en": null, "leisure": "pitch", "sport": "soccer", "capacity": null, "operator": null, "website": null, "phone": null }, "geometry": { "type": "Point", "coordinates": [ 22.955335, 40.677386 ] } },
{ "type": "Feature", "properties": { "dest_category": "Sports pitch", "dest_source": "sport_pitches", "symbol_origin": "polygon", "name": "Γήπεδο ποσοσφαίρου Μεγάλου Αλεξάνδρου", "name_el": null, "name_en": null, "leisure": "pitch", "sport": "soccer", "capacity": null, "operator": null, "website": null, "phone": null }, "geometry": { "type": "Point", "coordinates": [ 22.946804, 40.67105 ] } },
{ "type": "Feature", "properties": { "dest_category": "Sports pitch", "dest_source": "sport_pitches", "symbol_origin": "polygon", "name": "Γήπεδο Μπάσκετ Μεγ. Αλεξάνδρου", "name_el": null, "name_en": null, "leisure": "pitch", "sport": "basketball", "capacity": null, "operator": null, "website": null, "phone": null }, "geometry": { "type": "Point", "coordinates": [ 22.946345, 40.671151 ] } },
{ "type": "Feature", "properties": { "dest_category": "Sports pitch", "dest_source": "sport_pitches", "symbol_origin": "polygon", "name": null, "name_el": null, "name_en": null, "leisure": "pitch", "sport": "soccer", "capacity": null, "operator": null, "website": null, "phone": null }, "geometry": { "type": "Point", "coordinates": [ 22.951493, 40.676433 ] } },
{ "type": "Feature", "properties": { "dest_category": "Sports pitch", "dest_source": "sport_pitches", "symbol_origin": "polygon", "name": null, "name_el": null, "name_en": null, "leisure": "pitch", "sport": "soccer", "capacity": null, "operator": null, "website": null, "phone": null }, "geometry": { "type": "Point", "coordinates": [ 22.952503, 40.677192 ] } },
{ "type": "Feature", "properties": { "dest_category": "Sports pitch", "dest_source": "sport_pitches", "symbol_origin": "polygon", "name": null, "name_el": null, "name_en": null, "leisure": "pitch", "sport": "soccer", "capacity": null, "operator": null, "website": null, "phone": null }, "geometry": { "type": "Point", "coordinates": [ 22.951638, 40.677321 ] } },
{ "type": "Feature", "properties": { "dest_category": "Stadium", "dest_source": "sport_stadiums", "symbol_origin": "polygon", "name": "Γήπεδο Μακεδονικού", "name_el": null, "name_en": null, "leisure": "stadium", "sport": "soccer", "capacity": null, "operator": null, "website": null, "phone": null }, "geometry": { "type": "Point", "coordinates": [ 22.950461, 40.677761 ] } },
{ "type": "Feature", "properties": { "dest_category": "Sports pitch", "dest_source": "sport_pitches", "symbol_origin": "polygon", "name": null, "name_el": null, "name_en": null, "leisure": "pitch", "sport": "soccer", "capacity": null, "operator": null, "website": null, "phone": null }, "geometry": { "type": "Point", "coordinates": [ 22.951737, 40.677846 ] } },
{ "type": "Feature", "properties": { "dest_category": "Sports pitch", "dest_source": "sport_pitches", "symbol_origin": "polygon", "name": null, "name_el": null, "name_en": null, "leisure": "pitch", "sport": "soccer", "capacity": null, "operator": null, "website": null, "phone": null }, "geometry": { "type": "Point", "coordinates": [ 22.949494, 40.678278 ] } },
{ "type": "Feature", "properties": { "dest_category": "Sports pitch", "dest_source": "sport_pitches", "symbol_origin": "polygon", "name": null, "name_el": null, "name_en": null, "leisure": "pitch", "sport": "basketball", "capacity": null, "operator": null, "website": null, "phone": null }, "geometry": { "type": "Point", "coordinates": [ 22.950928, 40.678469 ] } },
{ "type": "Feature", "properties": { "dest_category": "Sports pitch", "dest_source": "sport_pitches", "symbol_origin": "polygon", "name": null, "name_el": null, "name_en": null, "leisure": "pitch", "sport": "basketball", "capacity": null, "operator": null, "website": null, "phone": null }, "geometry": { "type": "Point", "coordinates": [ 22.925709, 40.665548 ] } },
{ "type": "Feature", "properties": { "dest_category": "Sports pitch", "dest_source": "sport_pitches", "symbol_origin": "polygon", "name": null, "name_el": null, "name_en": null, "leisure": "pitch", "sport": "basketball", "capacity": null, "operator": null, "website": null, "phone": null }, "geometry": { "type": "Point", "coordinates": [ 22.924938, 40.66583 ] } },
{ "type": "Feature", "properties": { "dest_category": "Sports pitch", "dest_source": "sport_pitches", "symbol_origin": "polygon", "name": null, "name_el": null, "name_en": null, "leisure": "pitch", "sport": "basketball", "capacity": null, "operator": null, "website": null, "phone": null }, "geometry": { "type": "Point", "coordinates": [ 22.934211, 40.667321 ] } },
{ "type": "Feature", "properties": { "dest_category": "Sports pitch", "dest_source": "sport_pitches", "symbol_origin": "polygon", "name": null, "name_el": null, "name_en": null, "leisure": "pitch", "sport": "basketball", "capacity": null, "operator": null, "website": null, "phone": null }, "geometry": { "type": "Point", "coordinates": [ 22.929167, 40.669017 ] } },
{ "type": "Feature", "properties": { "dest_category": "Sports pitch", "dest_source": "sport_pitches", "symbol_origin": "polygon", "name": null, "name_el": null, "name_en": null, "leisure": "pitch", "sport": "basketball", "capacity": null, "operator": null, "website": null, "phone": null }, "geometry": { "type": "Point", "coordinates": [ 22.9249, 40.669444 ] } },
{ "type": "Feature", "properties": { "dest_category": "Sports pitch", "dest_source": "sport_pitches", "symbol_origin": "polygon", "name": null, "name_el": null, "name_en": null, "leisure": "pitch", "sport": "basketball", "capacity": null, "operator": null, "website": null, "phone": null }, "geometry": { "type": "Point", "coordinates": [ 22.931911, 40.670526 ] } },
{ "type": "Feature", "properties": { "dest_category": "Sports pitch", "dest_source": "sport_pitches", "symbol_origin": "polygon", "name": null, "name_el": null, "name_en": null, "leisure": "pitch", "sport": "basketball", "capacity": null, "operator": null, "website": null, "phone": null }, "geometry": { "type": "Point", "coordinates": [ 22.928733, 40.670881 ] } },
{ "type": "Feature", "properties": { "dest_category": "Sports pitch", "dest_source": "sport_pitches", "symbol_origin": "polygon", "name": null, "name_el": null, "name_en": null, "leisure": "pitch", "sport": "basketball", "capacity": null, "operator": null, "website": null, "phone": null }, "geometry": { "type": "Point", "coordinates": [ 22.934134, 40.671962 ] } },
{ "type": "Feature", "properties": { "dest_category": "Sports pitch", "dest_source": "sport_pitches", "symbol_origin": "polygon", "name": "Α.Ο. Ομόνοιας Σταυρούπολης", "name_el": null, "name_en": null, "leisure": "pitch", "sport": "soccer", "capacity": null, "operator": null, "website": null, "phone": null }, "geometry": { "type": "Point", "coordinates": [ 22.938009, 40.672148 ] } },
{ "type": "Feature", "properties": { "dest_category": "Sports pitch", "dest_source": "sport_pitches", "symbol_origin": "polygon", "name": "Οδυσσέας Κορδελιού", "name_el": "Οδυσσέας Κορδελιού", "name_en": "Odiseas Kordeliou", "leisure": "pitch", "sport": "soccer", "capacity": null, "operator": null, "website": null, "phone": null }, "geometry": { "type": "Point", "coordinates": [ 22.892008, 40.671016 ] } },
{ "type": "Feature", "properties": { "dest_category": "Sports pitch", "dest_source": "sport_pitches", "symbol_origin": "polygon", "name": null, "name_el": null, "name_en": null, "leisure": "pitch", "sport": "basketball", "capacity": null, "operator": null, "website": null, "phone": null }, "geometry": { "type": "Point", "coordinates": [ 22.912144, 40.671701 ] } },
{ "type": "Feature", "properties": { "dest_category": "Sports pitch", "dest_source": "sport_pitches", "symbol_origin": "polygon", "name": null, "name_el": null, "name_en": null, "leisure": "pitch", "sport": "soccer", "capacity": null, "operator": null, "website": null, "phone": null }, "geometry": { "type": "Point", "coordinates": [ 22.918333, 40.672305 ] } },
{ "type": "Feature", "properties": { "dest_category": "Sports pitch", "dest_source": "sport_pitches", "symbol_origin": "polygon", "name": null, "name_el": null, "name_en": null, "leisure": "pitch", "sport": "basketball", "capacity": null, "operator": null, "website": null, "phone": null }, "geometry": { "type": "Point", "coordinates": [ 22.908912, 40.673046 ] } },
{ "type": "Feature", "properties": { "dest_category": "Sports pitch", "dest_source": "sport_pitches", "symbol_origin": "polygon", "name": null, "name_el": null, "name_en": null, "leisure": "pitch", "sport": "volleyball", "capacity": null, "operator": null, "website": null, "phone": null }, "geometry": { "type": "Point", "coordinates": [ 22.909376, 40.676177 ] } },
{ "type": "Feature", "properties": { "dest_category": "Sports pitch", "dest_source": "sport_pitches", "symbol_origin": "polygon", "name": null, "name_el": null, "name_en": null, "leisure": "pitch", "sport": "basketball", "capacity": null, "operator": null, "website": null, "phone": null }, "geometry": { "type": "Point", "coordinates": [ 22.909382, 40.676531 ] } },
{ "type": "Feature", "properties": { "dest_category": "Sports pitch", "dest_source": "sport_pitches", "symbol_origin": "polygon", "name": "Ακαδημίες ποδοσφαίρου Αγροτικού Αστέρα Ευόσμου", "name_el": null, "name_en": null, "leisure": "pitch", "sport": "soccer", "capacity": null, "operator": null, "website": null, "phone": null }, "geometry": { "type": "Point", "coordinates": [ 22.908836, 40.676844 ] } },
{ "type": "Feature", "properties": { "dest_category": "Sports pitch", "dest_source": "sport_pitches", "symbol_origin": "polygon", "name": null, "name_el": null, "name_en": null, "leisure": "pitch", "sport": "soccer", "capacity": null, "operator": null, "website": null, "phone": null }, "geometry": { "type": "Point", "coordinates": [ 22.896118, 40.681765 ] } },
{ "type": "Feature", "properties": { "dest_category": "Sports pitch", "dest_source": "sport_pitches", "symbol_origin": "polygon", "name": null, "name_el": null, "name_en": null, "leisure": "pitch", "sport": "soccer", "capacity": null, "operator": null, "website": null, "phone": null }, "geometry": { "type": "Point", "coordinates": [ 22.909042, 40.68215 ] } },
{ "type": "Feature", "properties": { "dest_category": "Sports pitch", "dest_source": "sport_pitches", "symbol_origin": "polygon", "name": null, "name_el": null, "name_en": null, "leisure": "pitch", "sport": "basketball", "capacity": null, "operator": null, "website": null, "phone": null }, "geometry": { "type": "Point", "coordinates": [ 22.925379, 40.672504 ] } },
{ "type": "Feature", "properties": { "dest_category": "Sports pitch", "dest_source": "sport_pitches", "symbol_origin": "polygon", "name": "Γήπεδο Ηλιούπολης", "name_el": null, "name_en": null, "leisure": "pitch", "sport": "soccer", "capacity": null, "operator": null, "website": null, "phone": null }, "geometry": { "type": "Point", "coordinates": [ 22.92435, 40.672859 ] } },
{ "type": "Feature", "properties": { "dest_category": "Sports pitch", "dest_source": "sport_pitches", "symbol_origin": "polygon", "name": null, "name_el": null, "name_en": null, "leisure": "pitch", "sport": "tennis", "capacity": null, "operator": null, "website": null, "phone": null }, "geometry": { "type": "Point", "coordinates": [ 22.925571, 40.673363 ] } },
{ "type": "Feature", "properties": { "dest_category": "Sports pitch", "dest_source": "sport_pitches", "symbol_origin": "polygon", "name": "Γήπεδο Καλαθοσφαίρισης", "name_el": null, "name_en": null, "leisure": "pitch", "sport": "basketball", "capacity": null, "operator": null, "website": null, "phone": null }, "geometry": { "type": "Point", "coordinates": [ 22.933871, 40.680158 ] } },
{ "type": "Feature", "properties": { "dest_category": "Sports pitch", "dest_source": "sport_pitches", "symbol_origin": "polygon", "name": "Γήπεδο Νικόπολης", "name_el": null, "name_en": null, "leisure": "pitch", "sport": "soccer", "capacity": null, "operator": null, "website": null, "phone": null }, "geometry": { "type": "Point", "coordinates": [ 22.933186, 40.681522 ] } },
{ "type": "Feature", "properties": { "dest_category": "Sports pitch", "dest_source": "sport_pitches", "symbol_origin": "polygon", "name": "Γήπεδο Καλαθοσφαίρισης", "name_el": null, "name_en": null, "leisure": "pitch", "sport": "basketball", "capacity": null, "operator": null, "website": null, "phone": null }, "geometry": { "type": "Point", "coordinates": [ 22.937408, 40.681904 ] } },
{ "type": "Feature", "properties": { "dest_category": "Sports pitch", "dest_source": "sport_pitches", "symbol_origin": "polygon", "name": null, "name_el": null, "name_en": null, "leisure": "pitch", "sport": "basketball", "capacity": null, "operator": null, "website": null, "phone": null }, "geometry": { "type": "Point", "coordinates": [ 22.941961, 40.682454 ] } },
{ "type": "Feature", "properties": { "dest_category": "Sports pitch", "dest_source": "sport_pitches", "symbol_origin": "polygon", "name": null, "name_el": null, "name_en": null, "leisure": "pitch", "sport": "padel", "capacity": null, "operator": null, "website": null, "phone": null }, "geometry": { "type": "Point", "coordinates": [ 22.924589, 40.683329 ] } },
{ "type": "Feature", "properties": { "dest_category": "Sports pitch", "dest_source": "sport_pitches", "symbol_origin": "polygon", "name": null, "name_el": null, "name_en": null, "leisure": "pitch", "sport": "soccer", "capacity": null, "operator": null, "website": null, "phone": null }, "geometry": { "type": "Point", "coordinates": [ 22.865086, 40.673977 ] } },
{ "type": "Feature", "properties": { "dest_category": "Sports pitch", "dest_source": "sport_pitches", "symbol_origin": "polygon", "name": null, "name_el": null, "name_en": null, "leisure": "pitch", "sport": "soccer", "capacity": null, "operator": null, "website": null, "phone": null }, "geometry": { "type": "Point", "coordinates": [ 22.797525, 40.673408 ] } },
{ "type": "Feature", "properties": { "dest_category": "Sports pitch", "dest_source": "sport_pitches", "symbol_origin": "polygon", "name": null, "name_el": null, "name_en": null, "leisure": "pitch", "sport": null, "capacity": null, "operator": null, "website": null, "phone": null }, "geometry": { "type": "Point", "coordinates": [ 22.608652, 40.671588 ] } },
{ "type": "Feature", "properties": { "dest_category": "Sports pitch", "dest_source": "sport_pitches", "symbol_origin": "polygon", "name": null, "name_el": null, "name_en": null, "leisure": "pitch", "sport": "basketball", "capacity": null, "operator": null, "website": null, "phone": null }, "geometry": { "type": "Point", "coordinates": [ 22.864985, 40.674567 ] } },
{ "type": "Feature", "properties": { "dest_category": "Sports pitch", "dest_source": "sport_pitches", "symbol_origin": "polygon", "name": null, "name_el": null, "name_en": null, "leisure": "pitch", "sport": null, "capacity": null, "operator": null, "website": null, "phone": null }, "geometry": { "type": "Point", "coordinates": [ 22.61216, 40.673514 ] } },
{ "type": "Feature", "properties": { "dest_category": "Sports pitch", "dest_source": "sport_pitches", "symbol_origin": "polygon", "name": null, "name_el": null, "name_en": null, "leisure": "pitch", "sport": "basketball", "capacity": null, "operator": null, "website": null, "phone": null }, "geometry": { "type": "Point", "coordinates": [ 22.542453, 40.676568 ] } },
{ "type": "Feature", "properties": { "dest_category": "Sports pitch", "dest_source": "sport_pitches", "symbol_origin": "polygon", "name": null, "name_el": null, "name_en": null, "leisure": "pitch", "sport": "basketball", "capacity": null, "operator": null, "website": null, "phone": null }, "geometry": { "type": "Point", "coordinates": [ 22.541876, 40.677732 ] } },
{ "type": "Feature", "properties": { "dest_category": "Sports pitch", "dest_source": "sport_pitches", "symbol_origin": "polygon", "name": null, "name_el": null, "name_en": null, "leisure": "pitch", "sport": "soccer", "capacity": null, "operator": null, "website": null, "phone": null }, "geometry": { "type": "Point", "coordinates": [ 22.86302, 40.683556 ] } },
{ "type": "Feature", "properties": { "dest_category": "Sports pitch", "dest_source": "sport_pitches", "symbol_origin": "polygon", "name": null, "name_el": null, "name_en": null, "leisure": "pitch", "sport": "soccer", "capacity": null, "operator": null, "website": null, "phone": null }, "geometry": { "type": "Point", "coordinates": [ 22.896407, 40.682343 ] } },
{ "type": "Feature", "properties": { "dest_category": "Sports pitch", "dest_source": "sport_pitches", "symbol_origin": "polygon", "name": null, "name_el": null, "name_en": null, "leisure": "pitch", "sport": "soccer", "capacity": null, "operator": null, "website": null, "phone": null }, "geometry": { "type": "Point", "coordinates": [ 22.895351, 40.682684 ] } },
{ "type": "Feature", "properties": { "dest_category": "Sports pitch", "dest_source": "sport_pitches", "symbol_origin": "polygon", "name": null, "name_el": null, "name_en": null, "leisure": "pitch", "sport": "basketball", "capacity": null, "operator": null, "website": null, "phone": null }, "geometry": { "type": "Point", "coordinates": [ 22.897317, 40.682927 ] } },
{ "type": "Feature", "properties": { "dest_category": "Sports pitch", "dest_source": "sport_pitches", "symbol_origin": "polygon", "name": null, "name_el": null, "name_en": null, "leisure": "pitch", "sport": "soccer", "capacity": null, "operator": null, "website": null, "phone": null }, "geometry": { "type": "Point", "coordinates": [ 22.918584, 40.684475 ] } },
{ "type": "Feature", "properties": { "dest_category": "Sports pitch", "dest_source": "sport_pitches", "symbol_origin": "polygon", "name": null, "name_el": null, "name_en": null, "leisure": "pitch", "sport": "soccer", "capacity": null, "operator": null, "website": null, "phone": null }, "geometry": { "type": "Point", "coordinates": [ 22.898763, 40.684484 ] } },
{ "type": "Feature", "properties": { "dest_category": "Sports pitch", "dest_source": "sport_pitches", "symbol_origin": "polygon", "name": null, "name_el": null, "name_en": null, "leisure": "pitch", "sport": "soccer", "capacity": null, "operator": null, "website": null, "phone": null }, "geometry": { "type": "Point", "coordinates": [ 22.919599, 40.684889 ] } },
{ "type": "Feature", "properties": { "dest_category": "Sports pitch", "dest_source": "sport_pitches", "symbol_origin": "polygon", "name": null, "name_el": null, "name_en": null, "leisure": "pitch", "sport": "soccer", "capacity": null, "operator": null, "website": null, "phone": null }, "geometry": { "type": "Point", "coordinates": [ 22.897683, 40.685358 ] } },
{ "type": "Feature", "properties": { "dest_category": "Sports pitch", "dest_source": "sport_pitches", "symbol_origin": "polygon", "name": null, "name_el": null, "name_en": null, "leisure": "pitch", "sport": "soccer", "capacity": null, "operator": null, "website": null, "phone": null }, "geometry": { "type": "Point", "coordinates": [ 22.903693, 40.688849 ] } },
{ "type": "Feature", "properties": { "dest_category": "Sports pitch", "dest_source": "sport_pitches", "symbol_origin": "polygon", "name": null, "name_el": null, "name_en": null, "leisure": "pitch", "sport": "soccer", "capacity": null, "operator": null, "website": null, "phone": null }, "geometry": { "type": "Point", "coordinates": [ 22.904986, 40.688871 ] } },
{ "type": "Feature", "properties": { "dest_category": "Sports pitch", "dest_source": "sport_pitches", "symbol_origin": "polygon", "name": null, "name_el": null, "name_en": null, "leisure": "pitch", "sport": "soccer", "capacity": null, "operator": null, "website": null, "phone": null }, "geometry": { "type": "Point", "coordinates": [ 22.863356, 40.684085 ] } },
{ "type": "Feature", "properties": { "dest_category": "Sports pitch", "dest_source": "sport_pitches", "symbol_origin": "polygon", "name": null, "name_el": null, "name_en": null, "leisure": "pitch", "sport": "basketball;volleyball", "capacity": "250", "operator": null, "website": null, "phone": null }, "geometry": { "type": "Point", "coordinates": [ 22.86401, 40.684491 ] } },
{ "type": "Feature", "properties": { "dest_category": "Sports pitch", "dest_source": "sport_pitches", "symbol_origin": "polygon", "name": null, "name_el": null, "name_en": null, "leisure": "pitch", "sport": "basketball", "capacity": null, "operator": null, "website": null, "phone": null }, "geometry": { "type": "Point", "coordinates": [ 22.863088, 40.684516 ] } },
{ "type": "Feature", "properties": { "dest_category": "Sports pitch", "dest_source": "sport_pitches", "symbol_origin": "polygon", "name": "Ανοικτό Δημοτικό Γήπεδο Νέας Μαγνησίας", "name_el": null, "name_en": null, "leisure": "pitch", "sport": "basketball", "capacity": null, "operator": null, "website": null, "phone": null }, "geometry": { "type": "Point", "coordinates": [ 22.846952, 40.685058 ] } },
{ "type": "Feature", "properties": { "dest_category": "Sports pitch", "dest_source": "sport_pitches", "symbol_origin": "polygon", "name": null, "name_el": null, "name_en": null, "leisure": "pitch", "sport": "handball", "capacity": null, "operator": null, "website": null, "phone": null }, "geometry": { "type": "Point", "coordinates": [ 22.857116, 40.687224 ] } },
{ "type": "Feature", "properties": { "dest_category": "Sports pitch", "dest_source": "sport_pitches", "symbol_origin": "polygon", "name": null, "name_el": null, "name_en": null, "leisure": "pitch", "sport": "soccer", "capacity": null, "operator": null, "website": null, "phone": null }, "geometry": { "type": "Point", "coordinates": [ 22.857801, 40.687244 ] } },
{ "type": "Feature", "properties": { "dest_category": "Sports pitch", "dest_source": "sport_pitches", "symbol_origin": "polygon", "name": null, "name_el": null, "name_en": null, "leisure": "pitch", "sport": "team_handball", "capacity": null, "operator": null, "website": null, "phone": null }, "geometry": { "type": "Point", "coordinates": [ 22.924066, 40.68474 ] } },
{ "type": "Feature", "properties": { "dest_category": "Sports pitch", "dest_source": "sport_pitches", "symbol_origin": "polygon", "name": null, "name_el": null, "name_en": null, "leisure": "pitch", "sport": "soccer", "capacity": null, "operator": null, "website": null, "phone": null }, "geometry": { "type": "Point", "coordinates": [ 22.924664, 40.68509 ] } },
{ "type": "Feature", "properties": { "dest_category": "Sports pitch", "dest_source": "sport_pitches", "symbol_origin": "polygon", "name": null, "name_el": null, "name_en": null, "leisure": "pitch", "sport": "soccer", "capacity": null, "operator": null, "website": null, "phone": null }, "geometry": { "type": "Point", "coordinates": [ 22.924174, 40.685087 ] } },
{ "type": "Feature", "properties": { "dest_category": "Sports pitch", "dest_source": "sport_pitches", "symbol_origin": "polygon", "name": null, "name_el": null, "name_en": null, "leisure": "pitch", "sport": "soccer", "capacity": null, "operator": null, "website": null, "phone": null }, "geometry": { "type": "Point", "coordinates": [ 22.923651, 40.685191 ] } },
{ "type": "Feature", "properties": { "dest_category": "Sports pitch", "dest_source": "sport_pitches", "symbol_origin": "polygon", "name": null, "name_el": null, "name_en": null, "leisure": "pitch", "sport": "soccer", "capacity": null, "operator": null, "website": null, "phone": null }, "geometry": { "type": "Point", "coordinates": [ 22.942292, 40.701105 ] } },
{ "type": "Feature", "properties": { "dest_category": "Sports pitch", "dest_source": "sport_pitches", "symbol_origin": "polygon", "name": null, "name_el": null, "name_en": null, "leisure": "pitch", "sport": null, "capacity": null, "operator": null, "website": null, "phone": null }, "geometry": { "type": "Point", "coordinates": [ 22.940259, 40.701639 ] } },
{ "type": "Feature", "properties": { "dest_category": "Sports pitch", "dest_source": "sport_pitches", "symbol_origin": "polygon", "name": null, "name_el": null, "name_en": null, "leisure": "pitch", "sport": "soccer", "capacity": null, "operator": null, "website": null, "phone": null }, "geometry": { "type": "Point", "coordinates": [ 22.940472, 40.702649 ] } },
{ "type": "Feature", "properties": { "dest_category": "Sports pitch", "dest_source": "sport_pitches", "symbol_origin": "polygon", "name": null, "name_el": null, "name_en": null, "leisure": "pitch", "sport": "basketball", "capacity": null, "operator": null, "website": null, "phone": null }, "geometry": { "type": "Point", "coordinates": [ 22.857445, 40.687604 ] } },
{ "type": "Feature", "properties": { "dest_category": "Sports pitch", "dest_source": "sport_pitches", "symbol_origin": "polygon", "name": null, "name_el": null, "name_en": null, "leisure": "pitch", "sport": "basketball", "capacity": null, "operator": null, "website": null, "phone": null }, "geometry": { "type": "Point", "coordinates": [ 22.860661, 40.693123 ] } },
{ "type": "Feature", "properties": { "dest_category": "Sports pitch", "dest_source": "sport_pitches", "symbol_origin": "polygon", "name": null, "name_el": null, "name_en": null, "leisure": "pitch", "sport": "soccer", "capacity": null, "operator": null, "website": null, "phone": null }, "geometry": { "type": "Point", "coordinates": [ 22.831357, 40.700889 ] } },
{ "type": "Feature", "properties": { "dest_category": "Sports pitch", "dest_source": "sport_pitches", "symbol_origin": "polygon", "name": null, "name_el": null, "name_en": null, "leisure": "pitch", "sport": "basketball", "capacity": null, "operator": null, "website": null, "phone": null }, "geometry": { "type": "Point", "coordinates": [ 22.606087, 40.699831 ] } },
{ "type": "Feature", "properties": { "dest_category": "Sports pitch", "dest_source": "sport_pitches", "symbol_origin": "polygon", "name": null, "name_el": null, "name_en": null, "leisure": "pitch", "sport": "soccer", "capacity": null, "operator": null, "website": null, "phone": null }, "geometry": { "type": "Point", "coordinates": [ 22.606051, 40.700208 ] } },
{ "type": "Feature", "properties": { "dest_category": "Sports pitch", "dest_source": "sport_pitches", "symbol_origin": "polygon", "name": null, "name_el": null, "name_en": null, "leisure": "pitch", "sport": "basketball", "capacity": null, "operator": null, "website": null, "phone": null }, "geometry": { "type": "Point", "coordinates": [ 22.608291, 40.700971 ] } },
{ "type": "Feature", "properties": { "dest_category": "Sports pitch", "dest_source": "sport_pitches", "symbol_origin": "polygon", "name": null, "name_el": null, "name_en": null, "leisure": "pitch", "sport": "soccer", "capacity": null, "operator": null, "website": null, "phone": null }, "geometry": { "type": "Point", "coordinates": [ 22.612514, 40.702371 ] } },
{ "type": "Feature", "properties": { "dest_category": "Sports pitch", "dest_source": "sport_pitches", "symbol_origin": "polygon", "name": null, "name_el": null, "name_en": null, "leisure": "pitch", "sport": "soccer", "capacity": null, "operator": null, "website": null, "phone": null }, "geometry": { "type": "Point", "coordinates": [ 22.532142, 40.702408 ] } },
{ "type": "Feature", "properties": { "dest_category": "Sports pitch", "dest_source": "sport_pitches", "symbol_origin": "polygon", "name": "Γήπεδο Ποδοσφαίρου", "name_el": null, "name_en": null, "leisure": "pitch", "sport": "soccer", "capacity": null, "operator": null, "website": null, "phone": null }, "geometry": { "type": "Point", "coordinates": [ 22.729949, 40.711297 ] } },
{ "type": "Feature", "properties": { "dest_category": "Sports pitch", "dest_source": "sport_pitches", "symbol_origin": "polygon", "name": null, "name_el": null, "name_en": null, "leisure": "pitch", "sport": "soccer", "capacity": null, "operator": null, "website": null, "phone": null }, "geometry": { "type": "Point", "coordinates": [ 22.904327, 40.688996 ] } },
{ "type": "Feature", "properties": { "dest_category": "Sports pitch", "dest_source": "sport_pitches", "symbol_origin": "polygon", "name": null, "name_el": null, "name_en": null, "leisure": "pitch", "sport": "tennis", "capacity": null, "operator": null, "website": null, "phone": null }, "geometry": { "type": "Point", "coordinates": [ 22.904698, 40.697904 ] } },
{ "type": "Feature", "properties": { "dest_category": "Sports pitch", "dest_source": "sport_pitches", "symbol_origin": "polygon", "name": null, "name_el": null, "name_en": null, "leisure": "pitch", "sport": "soccer", "capacity": null, "operator": null, "website": null, "phone": null }, "geometry": { "type": "Point", "coordinates": [ 22.903812, 40.69813 ] } },
{ "type": "Feature", "properties": { "dest_category": "Sports pitch", "dest_source": "sport_pitches", "symbol_origin": "polygon", "name": null, "name_el": null, "name_en": null, "leisure": "pitch", "sport": "soccer", "capacity": null, "operator": null, "website": null, "phone": null }, "geometry": { "type": "Point", "coordinates": [ 22.903861, 40.698702 ] } },
{ "type": "Feature", "properties": { "dest_category": "Sports pitch", "dest_source": "sport_pitches", "symbol_origin": "polygon", "name": null, "name_el": null, "name_en": null, "leisure": "pitch", "sport": "basketball", "capacity": null, "operator": null, "website": null, "phone": null }, "geometry": { "type": "Point", "coordinates": [ 22.905208, 40.721731 ] } },
{ "type": "Feature", "properties": { "dest_category": "Sports pitch", "dest_source": "sport_pitches", "symbol_origin": "polygon", "name": null, "name_el": null, "name_en": null, "leisure": "pitch", "sport": "basketball", "capacity": null, "operator": null, "website": null, "phone": null }, "geometry": { "type": "Point", "coordinates": [ 22.914958, 40.723098 ] } },
{ "type": "Feature", "properties": { "dest_category": "Sports pitch", "dest_source": "sport_pitches", "symbol_origin": "polygon", "name": null, "name_el": null, "name_en": null, "leisure": "pitch", "sport": "soccer", "capacity": null, "operator": null, "website": null, "phone": null }, "geometry": { "type": "Point", "coordinates": [ 22.920917, 40.729306 ] } },
{ "type": "Feature", "properties": { "dest_category": "Sports pitch", "dest_source": "sport_pitches", "symbol_origin": "polygon", "name": null, "name_el": null, "name_en": null, "leisure": "pitch", "sport": "soccer", "capacity": null, "operator": null, "website": null, "phone": null }, "geometry": { "type": "Point", "coordinates": [ 22.782067, 40.712109 ] } },
{ "type": "Feature", "properties": { "dest_category": "Sports pitch", "dest_source": "sport_pitches", "symbol_origin": "polygon", "name": null, "name_el": null, "name_en": null, "leisure": "pitch", "sport": "basketball", "capacity": null, "operator": null, "website": null, "phone": null }, "geometry": { "type": "Point", "coordinates": [ 22.730946, 40.711686 ] } },
{ "type": "Feature", "properties": { "dest_category": "Sports pitch", "dest_source": "sport_pitches", "symbol_origin": "polygon", "name": null, "name_el": null, "name_en": null, "leisure": "pitch", "sport": "athletics", "capacity": null, "operator": null, "website": null, "phone": null }, "geometry": { "type": "Point", "coordinates": [ 22.730298, 40.711801 ] } },
{ "type": "Feature", "properties": { "dest_category": "Sports pitch", "dest_source": "sport_pitches", "symbol_origin": "polygon", "name": null, "name_el": null, "name_en": null, "leisure": "pitch", "sport": "basketball", "capacity": null, "operator": null, "website": null, "phone": null }, "geometry": { "type": "Point", "coordinates": [ 22.729732, 40.711834 ] } },
{ "type": "Feature", "properties": { "dest_category": "Sports pitch", "dest_source": "sport_pitches", "symbol_origin": "polygon", "name": null, "name_el": null, "name_en": null, "leisure": "pitch", "sport": "volleyball", "capacity": null, "operator": null, "website": null, "phone": null }, "geometry": { "type": "Point", "coordinates": [ 22.728923, 40.712198 ] } },
{ "type": "Feature", "properties": { "dest_category": "Sports pitch", "dest_source": "sport_pitches", "symbol_origin": "polygon", "name": null, "name_el": null, "name_en": null, "leisure": "pitch", "sport": "soccer", "capacity": null, "operator": null, "website": null, "phone": null }, "geometry": { "type": "Point", "coordinates": [ 22.778411, 40.718864 ] } },
{ "type": "Feature", "properties": { "dest_category": "Sports pitch", "dest_source": "sport_pitches", "symbol_origin": "polygon", "name": "Στάδιο \"Μακεδονικός\"", "name_el": null, "name_en": null, "leisure": "pitch", "sport": "soccer", "capacity": null, "operator": null, "website": null, "phone": null }, "geometry": { "type": "Point", "coordinates": [ 22.695449, 40.730206 ] } },
{ "type": "Feature", "properties": { "dest_category": "Sports pitch", "dest_source": "sport_pitches", "symbol_origin": "polygon", "name": null, "name_el": null, "name_en": null, "leisure": "pitch", "sport": "soccer", "capacity": null, "operator": null, "website": null, "phone": null }, "geometry": { "type": "Point", "coordinates": [ 22.940019, 40.703224 ] } },
{ "type": "Feature", "properties": { "dest_category": "Sports pitch", "dest_source": "sport_pitches", "symbol_origin": "polygon", "name": null, "name_el": null, "name_en": null, "leisure": "pitch", "sport": "basketball", "capacity": null, "operator": null, "website": null, "phone": null }, "geometry": { "type": "Point", "coordinates": [ 22.952725, 40.68012 ] } },
{ "type": "Feature", "properties": { "dest_category": "Sports pitch", "dest_source": "sport_pitches", "symbol_origin": "polygon", "name": null, "name_el": null, "name_en": null, "leisure": "pitch", "sport": "basketball", "capacity": null, "operator": null, "website": null, "phone": null }, "geometry": { "type": "Point", "coordinates": [ 22.952271, 40.680179 ] } },
{ "type": "Feature", "properties": { "dest_category": "Sports pitch", "dest_source": "sport_pitches", "symbol_origin": "polygon", "name": null, "name_el": null, "name_en": null, "leisure": "pitch", "sport": "basketball", "capacity": null, "operator": null, "website": null, "phone": null }, "geometry": { "type": "Point", "coordinates": [ 22.945958, 40.680484 ] } },
{ "type": "Feature", "properties": { "dest_category": "Sports pitch", "dest_source": "sport_pitches", "symbol_origin": "polygon", "name": null, "name_el": null, "name_en": null, "leisure": "pitch", "sport": "soccer", "capacity": null, "operator": null, "website": null, "phone": null }, "geometry": { "type": "Point", "coordinates": [ 22.948505, 40.680678 ] } },
{ "type": "Feature", "properties": { "dest_category": "Sports pitch", "dest_source": "sport_pitches", "symbol_origin": "polygon", "name": null, "name_el": null, "name_en": null, "leisure": "pitch", "sport": "basketball", "capacity": null, "operator": null, "website": null, "phone": null }, "geometry": { "type": "Point", "coordinates": [ 22.949857, 40.681141 ] } },
{ "type": "Feature", "properties": { "dest_category": "Sports pitch", "dest_source": "sport_pitches", "symbol_origin": "polygon", "name": null, "name_el": null, "name_en": null, "leisure": "pitch", "sport": "basketball", "capacity": null, "operator": null, "website": null, "phone": null }, "geometry": { "type": "Point", "coordinates": [ 22.952197, 40.683996 ] } },
{ "type": "Feature", "properties": { "dest_category": "Sports pitch", "dest_source": "sport_pitches", "symbol_origin": "polygon", "name": null, "name_el": null, "name_en": null, "leisure": "pitch", "sport": "basketball", "capacity": null, "operator": null, "website": null, "phone": null }, "geometry": { "type": "Point", "coordinates": [ 22.950642, 40.688036 ] } },
{ "type": "Feature", "properties": { "dest_category": "Sports pitch", "dest_source": "sport_pitches", "symbol_origin": "polygon", "name": null, "name_el": null, "name_en": null, "leisure": "pitch", "sport": "soccer", "capacity": null, "operator": null, "website": null, "phone": null }, "geometry": { "type": "Point", "coordinates": [ 22.947971, 40.708313 ] } },
{ "type": "Feature", "properties": { "dest_category": "Sports pitch", "dest_source": "sport_pitches", "symbol_origin": "polygon", "name": null, "name_el": null, "name_en": null, "leisure": "pitch", "sport": "basketball", "capacity": null, "operator": null, "website": null, "phone": null }, "geometry": { "type": "Point", "coordinates": [ 22.951122, 40.761067 ] } },
{ "type": "Feature", "properties": { "dest_category": "Sports pitch", "dest_source": "sport_pitches", "symbol_origin": "polygon", "name": null, "name_el": null, "name_en": null, "leisure": "pitch", "sport": null, "capacity": null, "operator": null, "website": null, "phone": null }, "geometry": { "type": "Point", "coordinates": [ 22.950758, 40.761262 ] } },
{ "type": "Feature", "properties": { "dest_category": "Sports pitch", "dest_source": "sport_pitches", "symbol_origin": "polygon", "name": null, "name_el": null, "name_en": null, "leisure": "pitch", "sport": "soccer", "capacity": null, "operator": null, "website": null, "phone": null }, "geometry": { "type": "Point", "coordinates": [ 22.954111, 40.677526 ] } },
{ "type": "Feature", "properties": { "dest_category": "Sports pitch", "dest_source": "sport_pitches", "symbol_origin": "polygon", "name": null, "name_el": null, "name_en": null, "leisure": "pitch", "sport": "handball", "capacity": null, "operator": null, "website": null, "phone": null }, "geometry": { "type": "Point", "coordinates": [ 22.954995, 40.682466 ] } },
{ "type": "Feature", "properties": { "dest_category": "Sports pitch", "dest_source": "sport_pitches", "symbol_origin": "polygon", "name": null, "name_el": null, "name_en": null, "leisure": "pitch", "sport": "basketball", "capacity": null, "operator": null, "website": null, "phone": null }, "geometry": { "type": "Point", "coordinates": [ 22.954688, 40.682729 ] } },
{ "type": "Feature", "properties": { "dest_category": "Sports pitch", "dest_source": "sport_pitches", "symbol_origin": "polygon", "name": null, "name_el": null, "name_en": null, "leisure": "pitch", "sport": "soccer", "capacity": null, "operator": null, "website": null, "phone": null }, "geometry": { "type": "Point", "coordinates": [ 22.955567, 40.68547 ] } },
{ "type": "Feature", "properties": { "dest_category": "Sports pitch", "dest_source": "sport_pitches", "symbol_origin": "polygon", "name": null, "name_el": null, "name_en": null, "leisure": "pitch", "sport": "soccer", "capacity": null, "operator": null, "website": null, "phone": null }, "geometry": { "type": "Point", "coordinates": [ 22.957231, 40.686577 ] } },
{ "type": "Feature", "properties": { "dest_category": "Sports pitch", "dest_source": "sport_pitches", "symbol_origin": "polygon", "name": null, "name_el": null, "name_en": null, "leisure": "pitch", "sport": "tennis", "capacity": null, "operator": null, "website": null, "phone": null }, "geometry": { "type": "Point", "coordinates": [ 22.95316, 40.703068 ] } },
{ "type": "Feature", "properties": { "dest_category": "Sports pitch", "dest_source": "sport_pitches", "symbol_origin": "polygon", "name": null, "name_el": null, "name_en": null, "leisure": "pitch", "sport": "soccer", "capacity": null, "operator": null, "website": null, "phone": null }, "geometry": { "type": "Point", "coordinates": [ 22.952061, 40.766794 ] } },
{ "type": "Feature", "properties": { "dest_category": "Sports pitch", "dest_source": "sport_pitches", "symbol_origin": "polygon", "name": null, "name_el": null, "name_en": null, "leisure": "pitch", "sport": "soccer", "capacity": null, "operator": null, "website": null, "phone": null }, "geometry": { "type": "Point", "coordinates": [ 22.953004, 40.778973 ] } },
{ "type": "Feature", "properties": { "dest_category": "Sports pitch", "dest_source": "sport_pitches", "symbol_origin": "polygon", "name": "Δημήτριος Σαμαράς \"ΔΟΞΑ ΔΡΥΜΟΥ\"", "name_el": null, "name_en": null, "leisure": "pitch", "sport": "soccer", "capacity": null, "operator": null, "website": null, "phone": null }, "geometry": { "type": "Point", "coordinates": [ 22.954801, 40.793414 ] } },
{ "type": "Feature", "properties": { "dest_category": "Sports pitch", "dest_source": "sport_pitches", "symbol_origin": "polygon", "name": "Γηπεδο Χαλκηδόνας", "name_el": null, "name_en": null, "leisure": "pitch", "sport": "soccer", "capacity": null, "operator": null, "website": null, "phone": null }, "geometry": { "type": "Point", "coordinates": [ 22.606756, 40.73012 ] } },
{ "type": "Feature", "properties": { "dest_category": "Sports pitch", "dest_source": "sport_pitches", "symbol_origin": "polygon", "name": null, "name_el": null, "name_en": null, "leisure": "pitch", "sport": null, "capacity": null, "operator": null, "website": null, "phone": null }, "geometry": { "type": "Point", "coordinates": [ 22.60675, 40.731654 ] } },
{ "type": "Feature", "properties": { "dest_category": "Sports pitch", "dest_source": "sport_pitches", "symbol_origin": "polygon", "name": null, "name_el": null, "name_en": null, "leisure": "pitch", "sport": null, "capacity": null, "operator": null, "website": null, "phone": null }, "geometry": { "type": "Point", "coordinates": [ 22.599072, 40.735125 ] } },
{ "type": "Feature", "properties": { "dest_category": "Sports pitch", "dest_source": "sport_pitches", "symbol_origin": "polygon", "name": "Δημοτικό Γήπεδο Πεντάλοφου", "name_el": null, "name_en": null, "leisure": "pitch", "sport": "soccer", "capacity": null, "operator": null, "website": null, "phone": null }, "geometry": { "type": "Point", "coordinates": [ 22.84683, 40.741482 ] } },
{ "type": "Feature", "properties": { "dest_category": "Sports pitch", "dest_source": "sport_pitches", "symbol_origin": "polygon", "name": null, "name_el": null, "name_en": null, "leisure": "pitch", "sport": "soccer", "capacity": null, "operator": null, "website": null, "phone": null }, "geometry": { "type": "Point", "coordinates": [ 22.846786, 40.742119 ] } },
{ "type": "Feature", "properties": { "dest_category": "Sports pitch", "dest_source": "sport_pitches", "symbol_origin": "polygon", "name": null, "name_el": null, "name_en": null, "leisure": "pitch", "sport": "soccer", "capacity": null, "operator": null, "website": null, "phone": null }, "geometry": { "type": "Point", "coordinates": [ 22.631576, 40.748793 ] } },
{ "type": "Feature", "properties": { "dest_category": "Sports pitch", "dest_source": "sport_pitches", "symbol_origin": "polygon", "name": null, "name_el": null, "name_en": null, "leisure": "pitch", "sport": "soccer", "capacity": null, "operator": null, "website": null, "phone": null }, "geometry": { "type": "Point", "coordinates": [ 22.755854, 40.764169 ] } },
{ "type": "Feature", "properties": { "dest_category": "Sports pitch", "dest_source": "sport_pitches", "symbol_origin": "polygon", "name": null, "name_el": null, "name_en": null, "leisure": "pitch", "sport": null, "capacity": null, "operator": null, "website": null, "phone": null }, "geometry": { "type": "Point", "coordinates": [ 22.755507, 40.764641 ] } },
{ "type": "Feature", "properties": { "dest_category": "Sports pitch", "dest_source": "sport_pitches", "symbol_origin": "polygon", "name": null, "name_el": null, "name_en": null, "leisure": "pitch", "sport": null, "capacity": null, "operator": null, "website": null, "phone": null }, "geometry": { "type": "Point", "coordinates": [ 22.755168, 40.765113 ] } },
{ "type": "Feature", "properties": { "dest_category": "Sports pitch", "dest_source": "sport_pitches", "symbol_origin": "polygon", "name": null, "name_el": null, "name_en": null, "leisure": "pitch", "sport": "soccer", "capacity": null, "operator": null, "website": null, "phone": null }, "geometry": { "type": "Point", "coordinates": [ 22.754318, 40.766252 ] } },
{ "type": "Feature", "properties": { "dest_category": "Sports pitch", "dest_source": "sport_pitches", "symbol_origin": "polygon", "name": null, "name_el": null, "name_en": null, "leisure": "pitch", "sport": "tennis", "capacity": null, "operator": null, "website": null, "phone": null }, "geometry": { "type": "Point", "coordinates": [ 22.921627, 40.729322 ] } },
{ "type": "Feature", "properties": { "dest_category": "Sports pitch", "dest_source": "sport_pitches", "symbol_origin": "polygon", "name": null, "name_el": null, "name_en": null, "leisure": "pitch", "sport": "tennis", "capacity": null, "operator": null, "website": null, "phone": null }, "geometry": { "type": "Point", "coordinates": [ 22.920938, 40.729627 ] } },
{ "type": "Feature", "properties": { "dest_category": "Stadium", "dest_source": "sport_stadiums", "symbol_origin": "polygon", "name": "Γήπεδο Μπάσκετ", "name_el": null, "name_en": null, "leisure": "stadium", "sport": "basketball", "capacity": null, "operator": null, "website": null, "phone": null }, "geometry": { "type": "Point", "coordinates": [ 22.911609, 40.733505 ] } },
{ "type": "Feature", "properties": { "dest_category": "Stadium", "dest_source": "sport_stadiums", "symbol_origin": "polygon", "name": "Βοηθητικό γήπεδο ποδοσφαίρου", "name_el": null, "name_en": null, "leisure": "stadium", "sport": "soccer", "capacity": null, "operator": null, "website": null, "phone": null }, "geometry": { "type": "Point", "coordinates": [ 22.909724, 40.734114 ] } },
{ "type": "Feature", "properties": { "dest_category": "Stadium", "dest_source": "sport_stadiums", "symbol_origin": "polygon", "name": "Δημοτικό στάδιο Ωραιοκάστρου", "name_el": null, "name_en": null, "leisure": "stadium", "sport": "soccer", "capacity": null, "operator": null, "website": null, "phone": null }, "geometry": { "type": "Point", "coordinates": [ 22.909037, 40.734685 ] } },
{ "type": "Feature", "properties": { "dest_category": "Stadium", "dest_source": "sport_stadiums", "symbol_origin": "polygon", "name": "Νέο βοηθητικό Γήπεδο Ωραιοκάστρου", "name_el": null, "name_en": null, "leisure": "stadium", "sport": "soccer", "capacity": null, "operator": null, "website": null, "phone": null }, "geometry": { "type": "Point", "coordinates": [ 22.909995, 40.735387 ] } },
{ "type": "Feature", "properties": { "dest_category": "Sports pitch", "dest_source": "sport_pitches", "symbol_origin": "polygon", "name": null, "name_el": null, "name_en": null, "leisure": "pitch", "sport": "soccer", "capacity": null, "operator": null, "website": null, "phone": null }, "geometry": { "type": "Point", "coordinates": [ 22.874689, 40.735384 ] } },
{ "type": "Feature", "properties": { "dest_category": "Stadium", "dest_source": "sport_stadiums", "symbol_origin": "polygon", "name": "Αθλητικό κέντρο Νεοχωρούδας", "name_el": null, "name_en": null, "leisure": "stadium", "sport": "basketball", "capacity": null, "operator": null, "website": null, "phone": null }, "geometry": { "type": "Point", "coordinates": [ 22.881386, 40.736336 ] } },
{ "type": "Feature", "properties": { "dest_category": "Sports pitch", "dest_source": "sport_pitches", "symbol_origin": "polygon", "name": null, "name_el": null, "name_en": null, "leisure": "pitch", "sport": "soccer", "capacity": null, "operator": null, "website": null, "phone": null }, "geometry": { "type": "Point", "coordinates": [ 22.918071, 40.771242 ] } },
{ "type": "Feature", "properties": { "dest_category": "Sports pitch", "dest_source": "sport_pitches", "symbol_origin": "polygon", "name": null, "name_el": null, "name_en": null, "leisure": "pitch", "sport": "soccer", "capacity": null, "operator": null, "website": null, "phone": null }, "geometry": { "type": "Point", "coordinates": [ 22.905586, 40.808917 ] } },
{ "type": "Feature", "properties": { "dest_category": "Sports pitch", "dest_source": "sport_pitches", "symbol_origin": "polygon", "name": null, "name_el": null, "name_en": null, "leisure": "pitch", "sport": "soccer", "capacity": null, "operator": null, "website": null, "phone": null }, "geometry": { "type": "Point", "coordinates": [ 22.753524, 40.76796 ] } },
{ "type": "Feature", "properties": { "dest_category": "Sports pitch", "dest_source": "sport_pitches", "symbol_origin": "polygon", "name": null, "name_el": null, "name_en": null, "leisure": "pitch", "sport": "soccer", "capacity": null, "operator": null, "website": null, "phone": null }, "geometry": { "type": "Point", "coordinates": [ 22.753045, 40.768669 ] } },
{ "type": "Feature", "properties": { "dest_category": "Sports pitch", "dest_source": "sport_pitches", "symbol_origin": "polygon", "name": null, "name_el": null, "name_en": null, "leisure": "pitch", "sport": "soccer", "capacity": null, "operator": null, "website": null, "phone": null }, "geometry": { "type": "Point", "coordinates": [ 22.582723, 40.777938 ] } },
{ "type": "Feature", "properties": { "dest_category": "Sports pitch", "dest_source": "sport_pitches", "symbol_origin": "polygon", "name": null, "name_el": null, "name_en": null, "leisure": "pitch", "sport": null, "capacity": null, "operator": null, "website": null, "phone": null }, "geometry": { "type": "Point", "coordinates": [ 22.573384, 40.785431 ] } },
{ "type": "Feature", "properties": { "dest_category": "Sports pitch", "dest_source": "sport_pitches", "symbol_origin": "polygon", "name": null, "name_el": null, "name_en": null, "leisure": "pitch", "sport": "basketball", "capacity": null, "operator": null, "website": null, "phone": null }, "geometry": { "type": "Point", "coordinates": [ 22.861163, 40.794327 ] } },
{ "type": "Feature", "properties": { "dest_category": "Sports pitch", "dest_source": "sport_pitches", "symbol_origin": "polygon", "name": null, "name_el": null, "name_en": null, "leisure": "pitch", "sport": "soccer", "capacity": null, "operator": null, "website": null, "phone": null }, "geometry": { "type": "Point", "coordinates": [ 22.845019, 40.794416 ] } },
{ "type": "Feature", "properties": { "dest_category": "Sports pitch", "dest_source": "sport_pitches", "symbol_origin": "polygon", "name": null, "name_el": null, "name_en": null, "leisure": "pitch", "sport": "soccer", "capacity": null, "operator": null, "website": null, "phone": null }, "geometry": { "type": "Point", "coordinates": [ 22.860507, 40.794656 ] } },
{ "type": "Feature", "properties": { "dest_category": "Sports pitch", "dest_source": "sport_pitches", "symbol_origin": "polygon", "name": null, "name_el": null, "name_en": null, "leisure": "pitch", "sport": "basketball", "capacity": null, "operator": null, "website": null, "phone": null }, "geometry": { "type": "Point", "coordinates": [ 22.774437, 40.80394 ] } },
{ "type": "Feature", "properties": { "dest_category": "Sports pitch", "dest_source": "sport_pitches", "symbol_origin": "polygon", "name": null, "name_el": null, "name_en": null, "leisure": "pitch", "sport": "soccer", "capacity": null, "operator": null, "website": null, "phone": null }, "geometry": { "type": "Point", "coordinates": [ 22.783575, 40.804423 ] } },
{ "type": "Feature", "properties": { "dest_category": "Sports pitch", "dest_source": "sport_pitches", "symbol_origin": "polygon", "name": null, "name_el": null, "name_en": null, "leisure": "pitch", "sport": "soccer", "capacity": null, "operator": null, "website": null, "phone": null }, "geometry": { "type": "Point", "coordinates": [ 22.669583, 40.804184 ] } },
{ "type": "Feature", "properties": { "dest_category": "Sports pitch", "dest_source": "sport_pitches", "symbol_origin": "polygon", "name": null, "name_el": null, "name_en": null, "leisure": "pitch", "sport": "soccer", "capacity": null, "operator": null, "website": null, "phone": null }, "geometry": { "type": "Point", "coordinates": [ 22.875253, 40.818997 ] } },
{ "type": "Feature", "properties": { "dest_category": "Sports pitch", "dest_source": "sport_pitches", "symbol_origin": "polygon", "name": null, "name_el": null, "name_en": null, "leisure": "pitch", "sport": "soccer", "capacity": null, "operator": null, "website": null, "phone": null }, "geometry": { "type": "Point", "coordinates": [ 22.662331, 40.817322 ] } },
{ "type": "Feature", "properties": { "dest_category": "Sports pitch", "dest_source": "sport_pitches", "symbol_origin": "polygon", "name": null, "name_el": null, "name_en": null, "leisure": "pitch", "sport": "soccer", "capacity": null, "operator": null, "website": null, "phone": null }, "geometry": { "type": "Point", "coordinates": [ 23.005022, 40.409374 ] } },
{ "type": "Feature", "properties": { "dest_category": "Sports pitch", "dest_source": "sport_pitches", "symbol_origin": "polygon", "name": "Γήπεδο Μεσημερίου", "name_el": "Γήπεδο Μεσημερίου", "name_en": null, "leisure": "pitch", "sport": "soccer", "capacity": null, "operator": null, "website": null, "phone": null }, "geometry": { "type": "Point", "coordinates": [ 23.005913, 40.40966 ] } },
{ "type": "Feature", "properties": { "dest_category": "Sports pitch", "dest_source": "sport_pitches", "symbol_origin": "polygon", "name": null, "name_el": null, "name_en": null, "leisure": "pitch", "sport": "basketball", "capacity": null, "operator": null, "website": null, "phone": null }, "geometry": { "type": "Point", "coordinates": [ 23.00534, 40.409901 ] } },
{ "type": "Feature", "properties": { "dest_category": "Sports pitch", "dest_source": "sport_pitches", "symbol_origin": "polygon", "name": null, "name_el": null, "name_en": null, "leisure": "pitch", "sport": "basketball", "capacity": null, "operator": null, "website": null, "phone": null }, "geometry": { "type": "Point", "coordinates": [ 23.007682, 40.413624 ] } },
{ "type": "Feature", "properties": { "dest_category": "Sports pitch", "dest_source": "sport_pitches", "symbol_origin": "polygon", "name": "Α.Μ.Ο.ΑΠΟΛΛΩΝ Κ.ΣΧΟΛΑΡΙΟΥ", "name_el": null, "name_en": null, "leisure": "pitch", "sport": "soccer", "capacity": null, "operator": null, "website": null, "phone": null }, "geometry": { "type": "Point", "coordinates": [ 23.029442, 40.435705 ] } },
{ "type": "Feature", "properties": { "dest_category": "Sports pitch", "dest_source": "sport_pitches", "symbol_origin": "polygon", "name": null, "name_el": null, "name_en": null, "leisure": "pitch", "sport": "soccer", "capacity": null, "operator": null, "website": null, "phone": null }, "geometry": { "type": "Point", "coordinates": [ 23.030318, 40.43706 ] } },
{ "type": "Feature", "properties": { "dest_category": "Sports pitch", "dest_source": "sport_pitches", "symbol_origin": "polygon", "name": null, "name_el": null, "name_en": null, "leisure": "pitch", "sport": "soccer", "capacity": null, "operator": null, "website": null, "phone": null }, "geometry": { "type": "Point", "coordinates": [ 23.018781, 40.490073 ] } },
{ "type": "Feature", "properties": { "dest_category": "Sports pitch", "dest_source": "sport_pitches", "symbol_origin": "polygon", "name": null, "name_el": null, "name_en": null, "leisure": "pitch", "sport": "basketball", "capacity": null, "operator": null, "website": null, "phone": null }, "geometry": { "type": "Point", "coordinates": [ 23.020107, 40.510203 ] } },
{ "type": "Feature", "properties": { "dest_category": "Sports pitch", "dest_source": "sport_pitches", "symbol_origin": "polygon", "name": null, "name_el": null, "name_en": null, "leisure": "pitch", "sport": "basketball", "capacity": null, "operator": null, "website": null, "phone": null }, "geometry": { "type": "Point", "coordinates": [ 23.019676, 40.510206 ] } },
{ "type": "Feature", "properties": { "dest_category": "Sports pitch", "dest_source": "sport_pitches", "symbol_origin": "polygon", "name": null, "name_el": null, "name_en": null, "leisure": "pitch", "sport": "basketball", "capacity": null, "operator": null, "website": null, "phone": null }, "geometry": { "type": "Point", "coordinates": [ 22.992627, 40.465185 ] } },
{ "type": "Feature", "properties": { "dest_category": "Sports pitch", "dest_source": "sport_pitches", "symbol_origin": "polygon", "name": null, "name_el": null, "name_en": null, "leisure": "pitch", "sport": "soccer", "capacity": null, "operator": null, "website": null, "phone": null }, "geometry": { "type": "Point", "coordinates": [ 22.990718, 40.465998 ] } },
{ "type": "Feature", "properties": { "dest_category": "Sports pitch", "dest_source": "sport_pitches", "symbol_origin": "polygon", "name": null, "name_el": null, "name_en": null, "leisure": "pitch", "sport": "basketball", "capacity": null, "operator": null, "website": null, "phone": null }, "geometry": { "type": "Point", "coordinates": [ 22.994237, 40.466574 ] } },
{ "type": "Feature", "properties": { "dest_category": "Sports pitch", "dest_source": "sport_pitches", "symbol_origin": "polygon", "name": null, "name_el": null, "name_en": null, "leisure": "pitch", "sport": "field_hockey", "capacity": null, "operator": null, "website": null, "phone": null }, "geometry": { "type": "Point", "coordinates": [ 22.985969, 40.483892 ] } },
{ "type": "Feature", "properties": { "dest_category": "Sports pitch", "dest_source": "sport_pitches", "symbol_origin": "polygon", "name": null, "name_el": null, "name_en": null, "leisure": "pitch", "sport": "field_hockey", "capacity": null, "operator": null, "website": null, "phone": null }, "geometry": { "type": "Point", "coordinates": [ 22.985422, 40.483945 ] } },
{ "type": "Feature", "properties": { "dest_category": "Sports pitch", "dest_source": "sport_pitches", "symbol_origin": "polygon", "name": null, "name_el": null, "name_en": null, "leisure": "pitch", "sport": "basketball", "capacity": null, "operator": null, "website": null, "phone": null }, "geometry": { "type": "Point", "coordinates": [ 22.989258, 40.492728 ] } },
{ "type": "Feature", "properties": { "dest_category": "Sports pitch", "dest_source": "sport_pitches", "symbol_origin": "polygon", "name": null, "name_el": null, "name_en": null, "leisure": "pitch", "sport": "basketball", "capacity": null, "operator": null, "website": null, "phone": null }, "geometry": { "type": "Point", "coordinates": [ 22.99033, 40.512262 ] } },
{ "type": "Feature", "properties": { "dest_category": "Sports pitch", "dest_source": "sport_pitches", "symbol_origin": "polygon", "name": "Drive Park", "name_el": null, "name_en": null, "leisure": "pitch", "sport": "motor", "capacity": null, "operator": null, "website": null, "phone": null }, "geometry": { "type": "Point", "coordinates": [ 22.993549, 40.514493 ] } },
{ "type": "Feature", "properties": { "dest_category": "Sports pitch", "dest_source": "sport_pitches", "symbol_origin": "polygon", "name": null, "name_el": null, "name_en": null, "leisure": "pitch", "sport": "basketball", "capacity": null, "operator": null, "website": null, "phone": null }, "geometry": { "type": "Point", "coordinates": [ 22.973653, 40.465552 ] } },
{ "type": "Feature", "properties": { "dest_category": "Sports pitch", "dest_source": "sport_pitches", "symbol_origin": "polygon", "name": null, "name_el": null, "name_en": null, "leisure": "pitch", "sport": "soccer", "capacity": null, "operator": null, "website": null, "phone": null }, "geometry": { "type": "Point", "coordinates": [ 22.980115, 40.465893 ] } },
{ "type": "Feature", "properties": { "dest_category": "Sports pitch", "dest_source": "sport_pitches", "symbol_origin": "polygon", "name": null, "name_el": null, "name_en": null, "leisure": "pitch", "sport": "soccer", "capacity": null, "operator": null, "website": null, "phone": null }, "geometry": { "type": "Point", "coordinates": [ 22.979644, 40.466376 ] } },
{ "type": "Feature", "properties": { "dest_category": "Sports pitch", "dest_source": "sport_pitches", "symbol_origin": "polygon", "name": null, "name_el": null, "name_en": null, "leisure": "pitch", "sport": "basketball", "capacity": null, "operator": null, "website": null, "phone": null }, "geometry": { "type": "Point", "coordinates": [ 22.96946, 40.473311 ] } },
{ "type": "Feature", "properties": { "dest_category": "Sports pitch", "dest_source": "sport_pitches", "symbol_origin": "polygon", "name": null, "name_el": null, "name_en": null, "leisure": "pitch", "sport": "equestrian", "capacity": null, "operator": null, "website": null, "phone": null }, "geometry": { "type": "Point", "coordinates": [ 22.965647, 40.561613 ] } },
{ "type": "Feature", "properties": { "dest_category": "Sports pitch", "dest_source": "sport_pitches", "symbol_origin": "polygon", "name": null, "name_el": null, "name_en": null, "leisure": "pitch", "sport": "soccer", "capacity": null, "operator": null, "website": null, "phone": null }, "geometry": { "type": "Point", "coordinates": [ 22.974692, 40.561832 ] } },
{ "type": "Feature", "properties": { "dest_category": "Sports pitch", "dest_source": "sport_pitches", "symbol_origin": "polygon", "name": null, "name_el": null, "name_en": null, "leisure": "pitch", "sport": "volleyball", "capacity": null, "operator": null, "website": null, "phone": null }, "geometry": { "type": "Point", "coordinates": [ 22.974952, 40.56218 ] } },
{ "type": "Feature", "properties": { "dest_category": "Sports pitch", "dest_source": "sport_pitches", "symbol_origin": "polygon", "name": null, "name_el": null, "name_en": null, "leisure": "pitch", "sport": "equestrian", "capacity": null, "operator": null, "website": null, "phone": null }, "geometry": { "type": "Point", "coordinates": [ 22.964868, 40.562401 ] } },
{ "type": "Feature", "properties": { "dest_category": "Sports pitch", "dest_source": "sport_pitches", "symbol_origin": "polygon", "name": null, "name_el": null, "name_en": null, "leisure": "pitch", "sport": "tennis", "capacity": null, "operator": null, "website": null, "phone": null }, "geometry": { "type": "Point", "coordinates": [ 22.966375, 40.564204 ] } },
{ "type": "Feature", "properties": { "dest_category": "Sports pitch", "dest_source": "sport_pitches", "symbol_origin": "polygon", "name": null, "name_el": null, "name_en": null, "leisure": "pitch", "sport": "tennis", "capacity": null, "operator": null, "website": null, "phone": null }, "geometry": { "type": "Point", "coordinates": [ 23.020108, 40.510539 ] } },
{ "type": "Feature", "properties": { "dest_category": "Sports pitch", "dest_source": "sport_pitches", "symbol_origin": "polygon", "name": null, "name_el": null, "name_en": null, "leisure": "pitch", "sport": "tennis", "capacity": null, "operator": null, "website": null, "phone": null }, "geometry": { "type": "Point", "coordinates": [ 23.019688, 40.510539 ] } },
{ "type": "Feature", "properties": { "dest_category": "Sports pitch", "dest_source": "sport_pitches", "symbol_origin": "polygon", "name": null, "name_el": null, "name_en": null, "leisure": "pitch", "sport": "soccer", "capacity": null, "operator": null, "website": null, "phone": null }, "geometry": { "type": "Point", "coordinates": [ 23.016395, 40.512322 ] } },
{ "type": "Feature", "properties": { "dest_category": "Sports pitch", "dest_source": "sport_pitches", "symbol_origin": "polygon", "name": null, "name_el": null, "name_en": null, "leisure": "pitch", "sport": "soccer", "capacity": null, "operator": null, "website": null, "phone": null }, "geometry": { "type": "Point", "coordinates": [ 23.015866, 40.512369 ] } },
{ "type": "Feature", "properties": { "dest_category": "Sports pitch", "dest_source": "sport_pitches", "symbol_origin": "polygon", "name": null, "name_el": null, "name_en": null, "leisure": "pitch", "sport": "soccer", "capacity": null, "operator": null, "website": null, "phone": null }, "geometry": { "type": "Point", "coordinates": [ 23.016879, 40.512505 ] } },
{ "type": "Feature", "properties": { "dest_category": "Sports pitch", "dest_source": "sport_pitches", "symbol_origin": "polygon", "name": null, "name_el": null, "name_en": null, "leisure": "pitch", "sport": "soccer", "capacity": null, "operator": null, "website": null, "phone": null }, "geometry": { "type": "Point", "coordinates": [ 23.007763, 40.527969 ] } },
{ "type": "Feature", "properties": { "dest_category": "Sports pitch", "dest_source": "sport_pitches", "symbol_origin": "polygon", "name": null, "name_el": null, "name_en": null, "leisure": "pitch", "sport": "soccer", "capacity": null, "operator": null, "website": null, "phone": null }, "geometry": { "type": "Point", "coordinates": [ 23.007374, 40.528254 ] } },
{ "type": "Feature", "properties": { "dest_category": "Sports pitch", "dest_source": "sport_pitches", "symbol_origin": "polygon", "name": null, "name_el": null, "name_en": null, "leisure": "pitch", "sport": "soccer", "capacity": null, "operator": null, "website": null, "phone": null }, "geometry": { "type": "Point", "coordinates": [ 23.008156, 40.528324 ] } },
{ "type": "Feature", "properties": { "dest_category": "Sports pitch", "dest_source": "sport_pitches", "symbol_origin": "polygon", "name": null, "name_el": null, "name_en": null, "leisure": "pitch", "sport": "soccer", "capacity": null, "operator": null, "website": null, "phone": null }, "geometry": { "type": "Point", "coordinates": [ 23.007636, 40.528707 ] } },
{ "type": "Feature", "properties": { "dest_category": "Sports pitch", "dest_source": "sport_pitches", "symbol_origin": "polygon", "name": null, "name_el": null, "name_en": null, "leisure": "pitch", "sport": "soccer", "capacity": null, "operator": null, "website": null, "phone": null }, "geometry": { "type": "Point", "coordinates": [ 22.99918, 40.516754 ] } },
{ "type": "Feature", "properties": { "dest_category": "Sports pitch", "dest_source": "sport_pitches", "symbol_origin": "polygon", "name": null, "name_el": null, "name_en": null, "leisure": "pitch", "sport": "soccer", "capacity": null, "operator": null, "website": null, "phone": null }, "geometry": { "type": "Point", "coordinates": [ 22.998531, 40.517035 ] } },
{ "type": "Feature", "properties": { "dest_category": "Sports pitch", "dest_source": "sport_pitches", "symbol_origin": "polygon", "name": null, "name_el": null, "name_en": null, "leisure": "pitch", "sport": "tennis", "capacity": null, "operator": null, "website": null, "phone": null }, "geometry": { "type": "Point", "coordinates": [ 23.001825, 40.521123 ] } },
{ "type": "Feature", "properties": { "dest_category": "Sports pitch", "dest_source": "sport_pitches", "symbol_origin": "polygon", "name": null, "name_el": null, "name_en": null, "leisure": "pitch", "sport": "basketball", "capacity": null, "operator": null, "website": null, "phone": null }, "geometry": { "type": "Point", "coordinates": [ 22.995563, 40.524043 ] } },
{ "type": "Feature", "properties": { "dest_category": "Sports pitch", "dest_source": "sport_pitches", "symbol_origin": "polygon", "name": null, "name_el": null, "name_en": null, "leisure": "pitch", "sport": "tennis", "capacity": null, "operator": null, "website": null, "phone": null }, "geometry": { "type": "Point", "coordinates": [ 22.991435, 40.530042 ] } },
{ "type": "Feature", "properties": { "dest_category": "Sports pitch", "dest_source": "sport_pitches", "symbol_origin": "polygon", "name": null, "name_el": null, "name_en": null, "leisure": "pitch", "sport": "tennis", "capacity": null, "operator": null, "website": null, "phone": null }, "geometry": { "type": "Point", "coordinates": [ 22.991237, 40.530552 ] } },
{ "type": "Feature", "properties": { "dest_category": "Sports pitch", "dest_source": "sport_pitches", "symbol_origin": "polygon", "name": null, "name_el": null, "name_en": null, "leisure": "pitch", "sport": "soccer", "capacity": null, "operator": null, "website": null, "phone": null }, "geometry": { "type": "Point", "coordinates": [ 22.995913, 40.532414 ] } },
{ "type": "Feature", "properties": { "dest_category": "Sports pitch", "dest_source": "sport_pitches", "symbol_origin": "polygon", "name": null, "name_el": null, "name_en": null, "leisure": "pitch", "sport": "soccer", "capacity": null, "operator": null, "website": null, "phone": null }, "geometry": { "type": "Point", "coordinates": [ 22.995822, 40.532881 ] } },
{ "type": "Feature", "properties": { "dest_category": "Sports pitch", "dest_source": "sport_pitches", "symbol_origin": "polygon", "name": null, "name_el": null, "name_en": null, "leisure": "pitch", "sport": "basketball", "capacity": null, "operator": null, "website": null, "phone": null }, "geometry": { "type": "Point", "coordinates": [ 22.990778, 40.540245 ] } },
{ "type": "Feature", "properties": { "dest_category": "Sports pitch", "dest_source": "sport_pitches", "symbol_origin": "polygon", "name": null, "name_el": null, "name_en": null, "leisure": "pitch", "sport": "basketball", "capacity": null, "operator": null, "website": null, "phone": null }, "geometry": { "type": "Point", "coordinates": [ 22.99069, 40.540712 ] } },
{ "type": "Feature", "properties": { "dest_category": "Sports pitch", "dest_source": "sport_pitches", "symbol_origin": "polygon", "name": null, "name_el": null, "name_en": null, "leisure": "pitch", "sport": "basketball", "capacity": null, "operator": null, "website": null, "phone": null }, "geometry": { "type": "Point", "coordinates": [ 22.997225, 40.543647 ] } },
{ "type": "Feature", "properties": { "dest_category": "Sports pitch", "dest_source": "sport_pitches", "symbol_origin": "polygon", "name": null, "name_el": null, "name_en": null, "leisure": "pitch", "sport": "volleyball", "capacity": null, "operator": null, "website": null, "phone": null }, "geometry": { "type": "Point", "coordinates": [ 22.996239, 40.543642 ] } },
{ "type": "Feature", "properties": { "dest_category": "Sports pitch", "dest_source": "sport_pitches", "symbol_origin": "polygon", "name": null, "name_el": null, "name_en": null, "leisure": "pitch", "sport": "basketball", "capacity": null, "operator": null, "website": null, "phone": null }, "geometry": { "type": "Point", "coordinates": [ 22.995492, 40.543637 ] } },
{ "type": "Feature", "properties": { "dest_category": "Sports pitch", "dest_source": "sport_pitches", "symbol_origin": "polygon", "name": null, "name_el": null, "name_en": null, "leisure": "pitch", "sport": null, "capacity": null, "operator": null, "website": null, "phone": null }, "geometry": { "type": "Point", "coordinates": [ 23.012162, 40.529063 ] } },
{ "type": "Feature", "properties": { "dest_category": "Sports pitch", "dest_source": "sport_pitches", "symbol_origin": "polygon", "name": null, "name_el": null, "name_en": null, "leisure": "pitch", "sport": "soccer", "capacity": null, "operator": null, "website": null, "phone": null }, "geometry": { "type": "Point", "coordinates": [ 23.012622, 40.529259 ] } },
{ "type": "Feature", "properties": { "dest_category": "Sports pitch", "dest_source": "sport_pitches", "symbol_origin": "polygon", "name": null, "name_el": null, "name_en": null, "leisure": "pitch", "sport": "soccer", "capacity": null, "operator": null, "website": null, "phone": null }, "geometry": { "type": "Point", "coordinates": [ 23.014617, 40.547456 ] } },
{ "type": "Feature", "properties": { "dest_category": "Sports pitch", "dest_source": "sport_pitches", "symbol_origin": "polygon", "name": null, "name_el": null, "name_en": null, "leisure": "pitch", "sport": "basketball", "capacity": null, "operator": null, "website": null, "phone": null }, "geometry": { "type": "Point", "coordinates": [ 23.01371, 40.548224 ] } },
{ "type": "Feature", "properties": { "dest_category": "Sports pitch", "dest_source": "sport_pitches", "symbol_origin": "polygon", "name": null, "name_el": null, "name_en": null, "leisure": "pitch", "sport": "basketball", "capacity": null, "operator": null, "website": null, "phone": null }, "geometry": { "type": "Point", "coordinates": [ 23.013996, 40.548631 ] } },
{ "type": "Feature", "properties": { "dest_category": "Sports pitch", "dest_source": "sport_pitches", "symbol_origin": "polygon", "name": null, "name_el": null, "name_en": null, "leisure": "pitch", "sport": "soccer", "capacity": null, "operator": null, "website": null, "phone": null }, "geometry": { "type": "Point", "coordinates": [ 23.014822, 40.549544 ] } },
{ "type": "Feature", "properties": { "dest_category": "Sports pitch", "dest_source": "sport_pitches", "symbol_origin": "polygon", "name": null, "name_el": null, "name_en": null, "leisure": "pitch", "sport": "basketball", "capacity": null, "operator": null, "website": null, "phone": null }, "geometry": { "type": "Point", "coordinates": [ 23.026757, 40.550549 ] } },
{ "type": "Feature", "properties": { "dest_category": "Sports pitch", "dest_source": "sport_pitches", "symbol_origin": "polygon", "name": null, "name_el": null, "name_en": null, "leisure": "pitch", "sport": "volleyball", "capacity": null, "operator": null, "website": null, "phone": null }, "geometry": { "type": "Point", "coordinates": [ 23.002847, 40.551758 ] } },
{ "type": "Feature", "properties": { "dest_category": "Sports pitch", "dest_source": "sport_pitches", "symbol_origin": "polygon", "name": null, "name_el": null, "name_en": null, "leisure": "pitch", "sport": "basketball", "capacity": null, "operator": null, "website": null, "phone": null }, "geometry": { "type": "Point", "coordinates": [ 22.991829, 40.546962 ] } },
{ "type": "Feature", "properties": { "dest_category": "Sports pitch", "dest_source": "sport_pitches", "symbol_origin": "polygon", "name": null, "name_el": null, "name_en": null, "leisure": "pitch", "sport": "tennis", "capacity": null, "operator": null, "website": null, "phone": null }, "geometry": { "type": "Point", "coordinates": [ 22.985892, 40.54846 ] } },
{ "type": "Feature", "properties": { "dest_category": "Sports pitch", "dest_source": "sport_pitches", "symbol_origin": "polygon", "name": null, "name_el": null, "name_en": null, "leisure": "pitch", "sport": "soccer", "capacity": null, "operator": null, "website": null, "phone": null }, "geometry": { "type": "Point", "coordinates": [ 23.001903, 40.551111 ] } },
{ "type": "Feature", "properties": { "dest_category": "Sports pitch", "dest_source": "sport_pitches", "symbol_origin": "polygon", "name": null, "name_el": null, "name_en": null, "leisure": "pitch", "sport": "tennis", "capacity": null, "operator": null, "website": null, "phone": null }, "geometry": { "type": "Point", "coordinates": [ 22.98317, 40.562779 ] } },
{ "type": "Feature", "properties": { "dest_category": "Sports pitch", "dest_source": "sport_pitches", "symbol_origin": "polygon", "name": null, "name_el": null, "name_en": null, "leisure": "pitch", "sport": "tennis", "capacity": null, "operator": null, "website": null, "phone": null }, "geometry": { "type": "Point", "coordinates": [ 23.001886, 40.565951 ] } },
{ "type": "Feature", "properties": { "dest_category": "Sports pitch", "dest_source": "sport_pitches", "symbol_origin": "polygon", "name": null, "name_el": null, "name_en": null, "leisure": "pitch", "sport": "tennis", "capacity": null, "operator": null, "website": null, "phone": null }, "geometry": { "type": "Point", "coordinates": [ 23.001837, 40.566388 ] } },
{ "type": "Feature", "properties": { "dest_category": "Sports pitch", "dest_source": "sport_pitches", "symbol_origin": "polygon", "name": null, "name_el": null, "name_en": null, "leisure": "pitch", "sport": "soccer", "capacity": null, "operator": null, "website": null, "phone": null }, "geometry": { "type": "Point", "coordinates": [ 23.001316, 40.566474 ] } },
{ "type": "Feature", "properties": { "dest_category": "Sports pitch", "dest_source": "sport_pitches", "symbol_origin": "polygon", "name": null, "name_el": null, "name_en": null, "leisure": "pitch", "sport": "tennis", "capacity": null, "operator": null, "website": null, "phone": null }, "geometry": { "type": "Point", "coordinates": [ 22.985559, 40.567469 ] } },
{ "type": "Feature", "properties": { "dest_category": "Sports pitch", "dest_source": "sport_pitches", "symbol_origin": "polygon", "name": null, "name_el": null, "name_en": null, "leisure": "pitch", "sport": "basketball", "capacity": null, "operator": null, "website": null, "phone": null }, "geometry": { "type": "Point", "coordinates": [ 22.966317, 40.564677 ] } },
{ "type": "Feature", "properties": { "dest_category": "Sports pitch", "dest_source": "sport_pitches", "symbol_origin": "polygon", "name": null, "name_el": null, "name_en": null, "leisure": "pitch", "sport": "tennis", "capacity": null, "operator": null, "website": null, "phone": null }, "geometry": { "type": "Point", "coordinates": [ 22.966857, 40.565242 ] } },
{ "type": "Feature", "properties": { "dest_category": "Sports pitch", "dest_source": "sport_pitches", "symbol_origin": "polygon", "name": null, "name_el": null, "name_en": null, "leisure": "pitch", "sport": "soccer", "capacity": null, "operator": null, "website": null, "phone": null }, "geometry": { "type": "Point", "coordinates": [ 22.965203, 40.565332 ] } },
{ "type": "Feature", "properties": { "dest_category": "Sports pitch", "dest_source": "sport_pitches", "symbol_origin": "polygon", "name": null, "name_el": null, "name_en": null, "leisure": "pitch", "sport": "soccer", "capacity": null, "operator": null, "website": null, "phone": null }, "geometry": { "type": "Point", "coordinates": [ 22.965675, 40.565844 ] } },
{ "type": "Feature", "properties": { "dest_category": "Sports pitch", "dest_source": "sport_pitches", "symbol_origin": "polygon", "name": null, "name_el": null, "name_en": null, "leisure": "pitch", "sport": "soccer", "capacity": null, "operator": null, "website": null, "phone": null }, "geometry": { "type": "Point", "coordinates": [ 22.980195, 40.56645 ] } },
{ "type": "Feature", "properties": { "dest_category": "Sports pitch", "dest_source": "sport_pitches", "symbol_origin": "polygon", "name": null, "name_el": null, "name_en": null, "leisure": "pitch", "sport": "soccer", "capacity": null, "operator": null, "website": null, "phone": null }, "geometry": { "type": "Point", "coordinates": [ 22.980107, 40.566952 ] } },
{ "type": "Feature", "properties": { "dest_category": "Sports pitch", "dest_source": "sport_pitches", "symbol_origin": "polygon", "name": null, "name_el": null, "name_en": null, "leisure": "pitch", "sport": "basketball", "capacity": null, "operator": null, "website": null, "phone": null }, "geometry": { "type": "Point", "coordinates": [ 23.009645, 40.562314 ] } },
{ "type": "Feature", "properties": { "dest_category": "Sports pitch", "dest_source": "sport_pitches", "symbol_origin": "polygon", "name": null, "name_el": null, "name_en": null, "leisure": "pitch", "sport": "tennis", "capacity": null, "operator": null, "website": null, "phone": null }, "geometry": { "type": "Point", "coordinates": [ 23.008409, 40.567074 ] } },
{ "type": "Feature", "properties": { "dest_category": "Sports pitch", "dest_source": "sport_pitches", "symbol_origin": "polygon", "name": null, "name_el": null, "name_en": null, "leisure": "pitch", "sport": "tennis", "capacity": null, "operator": null, "website": null, "phone": null }, "geometry": { "type": "Point", "coordinates": [ 23.011309, 40.567895 ] } },
{ "type": "Feature", "properties": { "dest_category": "Sports pitch", "dest_source": "sport_pitches", "symbol_origin": "polygon", "name": null, "name_el": null, "name_en": null, "leisure": "pitch", "sport": "soccer", "capacity": null, "operator": null, "website": null, "phone": null }, "geometry": { "type": "Point", "coordinates": [ 23.002511, 40.568661 ] } },
{ "type": "Feature", "properties": { "dest_category": "Sports pitch", "dest_source": "sport_pitches", "symbol_origin": "polygon", "name": null, "name_el": null, "name_en": null, "leisure": "pitch", "sport": "soccer", "capacity": null, "operator": null, "website": null, "phone": null }, "geometry": { "type": "Point", "coordinates": [ 23.014599, 40.576087 ] } },
{ "type": "Feature", "properties": { "dest_category": "Sports pitch", "dest_source": "sport_pitches", "symbol_origin": "polygon", "name": null, "name_el": null, "name_en": null, "leisure": "pitch", "sport": "soccer", "capacity": null, "operator": null, "website": null, "phone": null }, "geometry": { "type": "Point", "coordinates": [ 23.010242, 40.579706 ] } },
{ "type": "Feature", "properties": { "dest_category": "Sports pitch", "dest_source": "sport_pitches", "symbol_origin": "polygon", "name": "Γήπεδο Αγίου Αντωνίου", "name_el": null, "name_en": null, "leisure": "pitch", "sport": "soccer", "capacity": null, "operator": null, "website": null, "phone": null }, "geometry": { "type": "Point", "coordinates": [ 23.088172, 40.443821 ] } },
{ "type": "Feature", "properties": { "dest_category": "Sports pitch", "dest_source": "sport_pitches", "symbol_origin": "polygon", "name": null, "name_el": null, "name_en": null, "leisure": "pitch", "sport": "soccer", "capacity": null, "operator": null, "website": null, "phone": null }, "geometry": { "type": "Point", "coordinates": [ 23.088531, 40.473666 ] } },
{ "type": "Feature", "properties": { "dest_category": "Sports pitch", "dest_source": "sport_pitches", "symbol_origin": "polygon", "name": null, "name_el": null, "name_en": null, "leisure": "pitch", "sport": "tennis", "capacity": null, "operator": null, "website": null, "phone": null }, "geometry": { "type": "Point", "coordinates": [ 23.101494, 40.476096 ] } },
{ "type": "Feature", "properties": { "dest_category": "Sports pitch", "dest_source": "sport_pitches", "symbol_origin": "polygon", "name": null, "name_el": null, "name_en": null, "leisure": "pitch", "sport": "tennis", "capacity": null, "operator": null, "website": null, "phone": null }, "geometry": { "type": "Point", "coordinates": [ 23.10199, 40.476257 ] } },
{ "type": "Feature", "properties": { "dest_category": "Sports pitch", "dest_source": "sport_pitches", "symbol_origin": "polygon", "name": null, "name_el": null, "name_en": null, "leisure": "pitch", "sport": "tennis", "capacity": null, "operator": null, "website": null, "phone": null }, "geometry": { "type": "Point", "coordinates": [ 23.101985, 40.4766 ] } },
{ "type": "Feature", "properties": { "dest_category": "Sports pitch", "dest_source": "sport_pitches", "symbol_origin": "polygon", "name": null, "name_el": null, "name_en": null, "leisure": "pitch", "sport": "basketball", "capacity": null, "operator": null, "website": null, "phone": null }, "geometry": { "type": "Point", "coordinates": [ 23.123881, 40.48108 ] } },
{ "type": "Feature", "properties": { "dest_category": "Sports pitch", "dest_source": "sport_pitches", "symbol_origin": "polygon", "name": null, "name_el": null, "name_en": null, "leisure": "pitch", "sport": "volleyball", "capacity": null, "operator": null, "website": null, "phone": null }, "geometry": { "type": "Point", "coordinates": [ 23.123422, 40.481252 ] } },
{ "type": "Feature", "properties": { "dest_category": "Sports pitch", "dest_source": "sport_pitches", "symbol_origin": "polygon", "name": null, "name_el": null, "name_en": null, "leisure": "pitch", "sport": "soccer", "capacity": null, "operator": null, "website": null, "phone": null }, "geometry": { "type": "Point", "coordinates": [ 23.122724, 40.481798 ] } },
{ "type": "Feature", "properties": { "dest_category": "Sports pitch", "dest_source": "sport_pitches", "symbol_origin": "polygon", "name": null, "name_el": null, "name_en": null, "leisure": "pitch", "sport": "volleyball", "capacity": null, "operator": null, "website": null, "phone": null }, "geometry": { "type": "Point", "coordinates": [ 23.123274, 40.482048 ] } },
{ "type": "Feature", "properties": { "dest_category": "Sports pitch", "dest_source": "sport_pitches", "symbol_origin": "polygon", "name": null, "name_el": null, "name_en": null, "leisure": "pitch", "sport": "basketball", "capacity": null, "operator": null, "website": null, "phone": null }, "geometry": { "type": "Point", "coordinates": [ 23.051633, 40.483507 ] } },
{ "type": "Feature", "properties": { "dest_category": "Sports pitch", "dest_source": "sport_pitches", "symbol_origin": "polygon", "name": null, "name_el": null, "name_en": null, "leisure": "pitch", "sport": "soccer", "capacity": null, "operator": null, "website": null, "phone": null }, "geometry": { "type": "Point", "coordinates": [ 23.051395, 40.483984 ] } },
{ "type": "Feature", "properties": { "dest_category": "Sports pitch", "dest_source": "sport_pitches", "symbol_origin": "polygon", "name": "Γήπεδο Αγίας Παρασκευής", "name_el": null, "name_en": null, "leisure": "pitch", "sport": "soccer", "capacity": null, "operator": null, "website": null, "phone": null }, "geometry": { "type": "Point", "coordinates": [ 23.056175, 40.484504 ] } },
{ "type": "Feature", "properties": { "dest_category": "Sports pitch", "dest_source": "sport_pitches", "symbol_origin": "polygon", "name": "Προφήτης - Απογείωση Αλεξιπτώτου Πλαγιάς", "name_el": "Προφήτης - Απογείωση Αλεξιπτώτου Πλαγιάς", "name_en": "Profitis - Paragliding Takeoff", "leisure": "pitch", "sport": "paragliding", "capacity": null, "operator": null, "website": null, "phone": null }, "geometry": { "type": "Point", "coordinates": [ 23.172484, 40.486705 ] } },
{ "type": "Feature", "properties": { "dest_category": "Sports pitch", "dest_source": "sport_pitches", "symbol_origin": "polygon", "name": null, "name_el": null, "name_en": null, "leisure": "pitch", "sport": "soccer", "capacity": null, "operator": null, "website": null, "phone": null }, "geometry": { "type": "Point", "coordinates": [ 23.10626, 40.513814 ] } },
{ "type": "Feature", "properties": { "dest_category": "Sports pitch", "dest_source": "sport_pitches", "symbol_origin": "polygon", "name": null, "name_el": null, "name_en": null, "leisure": "pitch", "sport": "basketball", "capacity": null, "operator": null, "website": null, "phone": null }, "geometry": { "type": "Point", "coordinates": [ 23.107117, 40.51402 ] } },
{ "type": "Feature", "properties": { "dest_category": "Sports pitch", "dest_source": "sport_pitches", "symbol_origin": "polygon", "name": null, "name_el": null, "name_en": null, "leisure": "pitch", "sport": "soccer", "capacity": null, "operator": null, "website": null, "phone": null }, "geometry": { "type": "Point", "coordinates": [ 23.048073, 40.523551 ] } },
{ "type": "Feature", "properties": { "dest_category": "Sports pitch", "dest_source": "sport_pitches", "symbol_origin": "polygon", "name": null, "name_el": null, "name_en": null, "leisure": "pitch", "sport": "basketball", "capacity": null, "operator": null, "website": null, "phone": null }, "geometry": { "type": "Point", "coordinates": [ 23.076717, 40.526921 ] } },
{ "type": "Feature", "properties": { "dest_category": "Sports pitch", "dest_source": "sport_pitches", "symbol_origin": "polygon", "name": null, "name_el": null, "name_en": null, "leisure": "pitch", "sport": "volleyball", "capacity": null, "operator": null, "website": null, "phone": null }, "geometry": { "type": "Point", "coordinates": [ 23.076621, 40.527229 ] } },
{ "type": "Feature", "properties": { "dest_category": "Sports pitch", "dest_source": "sport_pitches", "symbol_origin": "polygon", "name": null, "name_el": null, "name_en": null, "leisure": "pitch", "sport": "soccer", "capacity": null, "operator": null, "website": null, "phone": null }, "geometry": { "type": "Point", "coordinates": [ 23.052384, 40.546399 ] } },
{ "type": "Feature", "properties": { "dest_category": "Sports pitch", "dest_source": "sport_pitches", "symbol_origin": "polygon", "name": null, "name_el": null, "name_en": null, "leisure": "pitch", "sport": "soccer", "capacity": null, "operator": null, "website": null, "phone": null }, "geometry": { "type": "Point", "coordinates": [ 23.0518, 40.552408 ] } },
{ "type": "Feature", "properties": { "dest_category": "Sports pitch", "dest_source": "sport_pitches", "symbol_origin": "polygon", "name": null, "name_el": null, "name_en": null, "leisure": "pitch", "sport": "soccer", "capacity": null, "operator": null, "website": null, "phone": null }, "geometry": { "type": "Point", "coordinates": [ 23.038057, 40.562207 ] } },
{ "type": "Feature", "properties": { "dest_category": "Sports pitch", "dest_source": "sport_pitches", "symbol_origin": "polygon", "name": null, "name_el": null, "name_en": null, "leisure": "pitch", "sport": "tennis", "capacity": null, "operator": null, "website": null, "phone": null }, "geometry": { "type": "Point", "coordinates": [ 23.035974, 40.581384 ] } },
{ "type": "Feature", "properties": { "dest_category": "Sports pitch", "dest_source": "sport_pitches", "symbol_origin": "polygon", "name": null, "name_el": null, "name_en": null, "leisure": "pitch", "sport": "basketball", "capacity": null, "operator": null, "website": null, "phone": null }, "geometry": { "type": "Point", "coordinates": [ 23.036036, 40.587881 ] } },
{ "type": "Feature", "properties": { "dest_category": "Sports pitch", "dest_source": "sport_pitches", "symbol_origin": "polygon", "name": null, "name_el": null, "name_en": null, "leisure": "pitch", "sport": "basketball", "capacity": null, "operator": null, "website": null, "phone": null }, "geometry": { "type": "Point", "coordinates": [ 23.022865, 40.552753 ] } },
{ "type": "Feature", "properties": { "dest_category": "Sports pitch", "dest_source": "sport_pitches", "symbol_origin": "polygon", "name": null, "name_el": null, "name_en": null, "leisure": "pitch", "sport": "basketball", "capacity": null, "operator": null, "website": null, "phone": null }, "geometry": { "type": "Point", "coordinates": [ 23.00666, 40.560797 ] } },
{ "type": "Feature", "properties": { "dest_category": "Sports pitch", "dest_source": "sport_pitches", "symbol_origin": "polygon", "name": null, "name_el": null, "name_en": null, "leisure": "pitch", "sport": "chess", "capacity": null, "operator": null, "website": null, "phone": null }, "geometry": { "type": "Point", "coordinates": [ 23.034318, 40.561061 ] } },
{ "type": "Feature", "properties": { "dest_category": "Sports pitch", "dest_source": "sport_pitches", "symbol_origin": "polygon", "name": null, "name_el": null, "name_en": null, "leisure": "pitch", "sport": "tennis", "capacity": null, "operator": null, "website": null, "phone": null }, "geometry": { "type": "Point", "coordinates": [ 23.034542, 40.561433 ] } },
{ "type": "Feature", "properties": { "dest_category": "Sports pitch", "dest_source": "sport_pitches", "symbol_origin": "polygon", "name": null, "name_el": null, "name_en": null, "leisure": "pitch", "sport": "soccer", "capacity": null, "operator": null, "website": null, "phone": null }, "geometry": { "type": "Point", "coordinates": [ 23.035275, 40.561507 ] } },
{ "type": "Feature", "properties": { "dest_category": "Sports pitch", "dest_source": "sport_pitches", "symbol_origin": "polygon", "name": null, "name_el": null, "name_en": null, "leisure": "pitch", "sport": "basketball", "capacity": null, "operator": null, "website": null, "phone": null }, "geometry": { "type": "Point", "coordinates": [ 23.034903, 40.561758 ] } },
{ "type": "Feature", "properties": { "dest_category": "Sports pitch", "dest_source": "sport_pitches", "symbol_origin": "polygon", "name": null, "name_el": null, "name_en": null, "leisure": "pitch", "sport": "soccer", "capacity": null, "operator": null, "website": null, "phone": null }, "geometry": { "type": "Point", "coordinates": [ 23.035589, 40.561817 ] } },
{ "type": "Feature", "properties": { "dest_category": "Sports pitch", "dest_source": "sport_pitches", "symbol_origin": "polygon", "name": null, "name_el": null, "name_en": null, "leisure": "pitch", "sport": "soccer", "capacity": null, "operator": null, "website": null, "phone": null }, "geometry": { "type": "Point", "coordinates": [ 23.28348, 40.517981 ] } },
{ "type": "Feature", "properties": { "dest_category": "Sports pitch", "dest_source": "sport_pitches", "symbol_origin": "polygon", "name": null, "name_el": null, "name_en": null, "leisure": "pitch", "sport": "soccer", "capacity": null, "operator": null, "website": null, "phone": null }, "geometry": { "type": "Point", "coordinates": [ 23.38192, 40.553489 ] } },
{ "type": "Feature", "properties": { "dest_category": "Sports pitch", "dest_source": "sport_pitches", "symbol_origin": "polygon", "name": null, "name_el": null, "name_en": null, "leisure": "pitch", "sport": "soccer", "capacity": null, "operator": null, "website": null, "phone": null }, "geometry": { "type": "Point", "coordinates": [ 23.297047, 40.558081 ] } },
{ "type": "Feature", "properties": { "dest_category": "Sports pitch", "dest_source": "sport_pitches", "symbol_origin": "polygon", "name": null, "name_el": null, "name_en": null, "leisure": "pitch", "sport": "soccer", "capacity": null, "operator": null, "website": null, "phone": null }, "geometry": { "type": "Point", "coordinates": [ 23.283222, 40.573468 ] } },
{ "type": "Feature", "properties": { "dest_category": "Sports pitch", "dest_source": "sport_pitches", "symbol_origin": "polygon", "name": null, "name_el": null, "name_en": null, "leisure": "pitch", "sport": "basketball", "capacity": null, "operator": null, "website": null, "phone": null }, "geometry": { "type": "Point", "coordinates": [ 23.291837, 40.574241 ] } },
{ "type": "Feature", "properties": { "dest_category": "Sports pitch", "dest_source": "sport_pitches", "symbol_origin": "polygon", "name": null, "name_el": null, "name_en": null, "leisure": "pitch", "sport": "basketball;volleyball", "capacity": null, "operator": null, "website": null, "phone": null }, "geometry": { "type": "Point", "coordinates": [ 23.473728, 40.600303 ] } },
{ "type": "Feature", "properties": { "dest_category": "Sports pitch", "dest_source": "sport_pitches", "symbol_origin": "polygon", "name": null, "name_el": null, "name_en": null, "leisure": "pitch", "sport": "soccer", "capacity": null, "operator": null, "website": null, "phone": null }, "geometry": { "type": "Point", "coordinates": [ 23.567476, 40.618718 ] } },
{ "type": "Feature", "properties": { "dest_category": "Sports pitch", "dest_source": "sport_pitches", "symbol_origin": "polygon", "name": null, "name_el": null, "name_en": null, "leisure": "pitch", "sport": "soccer", "capacity": null, "operator": null, "website": null, "phone": null }, "geometry": { "type": "Point", "coordinates": [ 23.56676, 40.619051 ] } },
{ "type": "Feature", "properties": { "dest_category": "Sports pitch", "dest_source": "sport_pitches", "symbol_origin": "polygon", "name": null, "name_el": null, "name_en": null, "leisure": "pitch", "sport": "basketball", "capacity": null, "operator": null, "website": null, "phone": null }, "geometry": { "type": "Point", "coordinates": [ 23.563083, 40.62493 ] } },
{ "type": "Feature", "properties": { "dest_category": "Sports pitch", "dest_source": "sport_pitches", "symbol_origin": "polygon", "name": null, "name_el": null, "name_en": null, "leisure": "pitch", "sport": "basketball", "capacity": null, "operator": null, "website": null, "phone": null }, "geometry": { "type": "Point", "coordinates": [ 23.56388, 40.625876 ] } },
{ "type": "Feature", "properties": { "dest_category": "Sports pitch", "dest_source": "sport_pitches", "symbol_origin": "polygon", "name": null, "name_el": null, "name_en": null, "leisure": "pitch", "sport": "tennis", "capacity": null, "operator": null, "website": null, "phone": null }, "geometry": { "type": "Point", "coordinates": [ 23.035396, 40.581143 ] } },
{ "type": "Feature", "properties": { "dest_category": "Sports pitch", "dest_source": "sport_pitches", "symbol_origin": "polygon", "name": null, "name_el": null, "name_en": null, "leisure": "pitch", "sport": "soccer", "capacity": null, "operator": null, "website": null, "phone": null }, "geometry": { "type": "Point", "coordinates": [ 23.034577, 40.581279 ] } },
{ "type": "Feature", "properties": { "dest_category": "Sports pitch", "dest_source": "sport_pitches", "symbol_origin": "polygon", "name": null, "name_el": null, "name_en": null, "leisure": "pitch", "sport": "soccer", "capacity": null, "operator": null, "website": null, "phone": null }, "geometry": { "type": "Point", "coordinates": [ 23.035329, 40.581895 ] } },
{ "type": "Feature", "properties": { "dest_category": "Sports pitch", "dest_source": "sport_pitches", "symbol_origin": "polygon", "name": null, "name_el": null, "name_en": null, "leisure": "pitch", "sport": "soccer", "capacity": null, "operator": null, "website": null, "phone": null }, "geometry": { "type": "Point", "coordinates": [ 23.034644, 40.58232 ] } },
{ "type": "Feature", "properties": { "dest_category": "Sports pitch", "dest_source": "sport_pitches", "symbol_origin": "polygon", "name": null, "name_el": null, "name_en": null, "leisure": "pitch", "sport": "soccer", "capacity": null, "operator": null, "website": null, "phone": null }, "geometry": { "type": "Point", "coordinates": [ 23.035116, 40.582521 ] } },
{ "type": "Feature", "properties": { "dest_category": "Sports pitch", "dest_source": "sport_pitches", "symbol_origin": "polygon", "name": null, "name_el": null, "name_en": null, "leisure": "pitch", "sport": "basketball", "capacity": null, "operator": null, "website": null, "phone": null }, "geometry": { "type": "Point", "coordinates": [ 23.027903, 40.582619 ] } },
{ "type": "Feature", "properties": { "dest_category": "Sports pitch", "dest_source": "sport_pitches", "symbol_origin": "polygon", "name": null, "name_el": null, "name_en": null, "leisure": "pitch", "sport": "tennis", "capacity": null, "operator": null, "website": null, "phone": null }, "geometry": { "type": "Point", "coordinates": [ 23.027835, 40.582976 ] } },
{ "type": "Feature", "properties": { "dest_category": "Sports pitch", "dest_source": "sport_pitches", "symbol_origin": "polygon", "name": null, "name_el": null, "name_en": null, "leisure": "pitch", "sport": "skateboard", "capacity": null, "operator": null, "website": null, "phone": null }, "geometry": { "type": "Point", "coordinates": [ 23.035646, 40.583102 ] } },
{ "type": "Feature", "properties": { "dest_category": "Sports pitch", "dest_source": "sport_pitches", "symbol_origin": "polygon", "name": null, "name_el": null, "name_en": null, "leisure": "pitch", "sport": "soccer", "capacity": null, "operator": null, "website": null, "phone": null }, "geometry": { "type": "Point", "coordinates": [ 23.025665, 40.587443 ] } },
{ "type": "Feature", "properties": { "dest_category": "Sports pitch", "dest_source": "sport_pitches", "symbol_origin": "polygon", "name": null, "name_el": null, "name_en": null, "leisure": "pitch", "sport": "volleyball", "capacity": null, "operator": null, "website": null, "phone": null }, "geometry": { "type": "Point", "coordinates": [ 23.0249, 40.587722 ] } },
{ "type": "Feature", "properties": { "dest_category": "Stadium", "dest_source": "sport_stadiums", "symbol_origin": "polygon", "name": null, "name_el": null, "name_en": null, "leisure": "stadium", "sport": null, "capacity": null, "operator": null, "website": null, "phone": null }, "geometry": { "type": "Point", "coordinates": [ 23.0315, 40.587824 ] } },
{ "type": "Feature", "properties": { "dest_category": "Sports pitch", "dest_source": "sport_pitches", "symbol_origin": "polygon", "name": null, "name_el": null, "name_en": null, "leisure": "pitch", "sport": "basketball", "capacity": null, "operator": null, "website": null, "phone": null }, "geometry": { "type": "Point", "coordinates": [ 23.025101, 40.58811 ] } },
{ "type": "Feature", "properties": { "dest_category": "Sports pitch", "dest_source": "sport_pitches", "symbol_origin": "polygon", "name": null, "name_el": null, "name_en": null, "leisure": "pitch", "sport": "basketball", "capacity": null, "operator": null, "website": null, "phone": null }, "geometry": { "type": "Point", "coordinates": [ 23.008892, 40.595944 ] } },
{ "type": "Feature", "properties": { "dest_category": "Sports pitch", "dest_source": "sport_pitches", "symbol_origin": "polygon", "name": null, "name_el": null, "name_en": null, "leisure": "pitch", "sport": "tennis", "capacity": null, "operator": null, "website": null, "phone": null }, "geometry": { "type": "Point", "coordinates": [ 23.036144, 40.588415 ] } },
{ "type": "Feature", "properties": { "dest_category": "Sports pitch", "dest_source": "sport_pitches", "symbol_origin": "polygon", "name": null, "name_el": null, "name_en": null, "leisure": "pitch", "sport": "soccer", "capacity": null, "operator": null, "website": null, "phone": null }, "geometry": { "type": "Point", "coordinates": [ 23.11383, 40.590902 ] } },
{ "type": "Feature", "properties": { "dest_category": "Sports pitch", "dest_source": "sport_pitches", "symbol_origin": "polygon", "name": null, "name_el": null, "name_en": null, "leisure": "pitch", "sport": "basketball", "capacity": null, "operator": null, "website": null, "phone": null }, "geometry": { "type": "Point", "coordinates": [ 23.038723, 40.591813 ] } },
{ "type": "Feature", "properties": { "dest_category": "Sports pitch", "dest_source": "sport_pitches", "symbol_origin": "polygon", "name": null, "name_el": null, "name_en": null, "leisure": "pitch", "sport": "soccer", "capacity": null, "operator": null, "website": null, "phone": null }, "geometry": { "type": "Point", "coordinates": [ 23.184493, 40.596071 ] } },
{ "type": "Feature", "properties": { "dest_category": "Sports pitch", "dest_source": "sport_pitches", "symbol_origin": "polygon", "name": "ΚΙΣΣΟΣ", "name_el": null, "name_en": null, "leisure": "pitch", "sport": "soccer", "capacity": null, "operator": null, "website": null, "phone": null }, "geometry": { "type": "Point", "coordinates": [ 23.101618, 40.609775 ] } },
{ "type": "Feature", "properties": { "dest_category": "Sports pitch", "dest_source": "sport_pitches", "symbol_origin": "polygon", "name": null, "name_el": null, "name_en": null, "leisure": "pitch", "sport": "basketball", "capacity": null, "operator": null, "website": null, "phone": null }, "geometry": { "type": "Point", "coordinates": [ 23.102436, 40.610039 ] } },
{ "type": "Feature", "properties": { "dest_category": "Sports pitch", "dest_source": "sport_pitches", "symbol_origin": "polygon", "name": null, "name_el": null, "name_en": null, "leisure": "pitch", "sport": null, "capacity": null, "operator": null, "website": null, "phone": null }, "geometry": { "type": "Point", "coordinates": [ 23.045861, 40.61916 ] } },
{ "type": "Feature", "properties": { "dest_category": "Sports pitch", "dest_source": "sport_pitches", "symbol_origin": "polygon", "name": null, "name_el": null, "name_en": null, "leisure": "pitch", "sport": null, "capacity": null, "operator": null, "website": null, "phone": null }, "geometry": { "type": "Point", "coordinates": [ 23.045126, 40.619332 ] } },
{ "type": "Feature", "properties": { "dest_category": "Sports pitch", "dest_source": "sport_pitches", "symbol_origin": "polygon", "name": null, "name_el": null, "name_en": null, "leisure": "pitch", "sport": "basketball", "capacity": null, "operator": null, "website": null, "phone": null }, "geometry": { "type": "Point", "coordinates": [ 23.097444, 40.619884 ] } },
{ "type": "Feature", "properties": { "dest_category": "Sports pitch", "dest_source": "sport_pitches", "symbol_origin": "polygon", "name": null, "name_el": null, "name_en": null, "leisure": "pitch", "sport": "tennis", "capacity": null, "operator": null, "website": null, "phone": null }, "geometry": { "type": "Point", "coordinates": [ 23.003059, 40.596806 ] } },
{ "type": "Feature", "properties": { "dest_category": "Sports pitch", "dest_source": "sport_pitches", "symbol_origin": "polygon", "name": null, "name_el": null, "name_en": null, "leisure": "pitch", "sport": "basketball", "capacity": null, "operator": null, "website": null, "phone": null }, "geometry": { "type": "Point", "coordinates": [ 23.002076, 40.597879 ] } },
{ "type": "Feature", "properties": { "dest_category": "Sports pitch", "dest_source": "sport_pitches", "symbol_origin": "polygon", "name": null, "name_el": null, "name_en": null, "leisure": "pitch", "sport": "basketball", "capacity": null, "operator": null, "website": null, "phone": null }, "geometry": { "type": "Point", "coordinates": [ 23.017705, 40.602556 ] } },
{ "type": "Feature", "properties": { "dest_category": "Sports pitch", "dest_source": "sport_pitches", "symbol_origin": "polygon", "name": null, "name_el": null, "name_en": null, "leisure": "pitch", "sport": "basketball", "capacity": null, "operator": null, "website": null, "phone": null }, "geometry": { "type": "Point", "coordinates": [ 23.017333, 40.602802 ] } },
{ "type": "Feature", "properties": { "dest_category": "Sports pitch", "dest_source": "sport_pitches", "symbol_origin": "polygon", "name": null, "name_el": null, "name_en": null, "leisure": "pitch", "sport": "soccer", "capacity": null, "operator": null, "website": null, "phone": null }, "geometry": { "type": "Point", "coordinates": [ 23.016826, 40.604185 ] } },
{ "type": "Feature", "properties": { "dest_category": "Sports pitch", "dest_source": "sport_pitches", "symbol_origin": "polygon", "name": null, "name_el": null, "name_en": null, "leisure": "pitch", "sport": "team_handball", "capacity": null, "operator": null, "website": null, "phone": null }, "geometry": { "type": "Point", "coordinates": [ 23.032745, 40.639061 ] } },
{ "type": "Feature", "properties": { "dest_category": "Sports pitch", "dest_source": "sport_pitches", "symbol_origin": "polygon", "name": null, "name_el": null, "name_en": null, "leisure": "pitch", "sport": null, "capacity": null, "operator": null, "website": null, "phone": null }, "geometry": { "type": "Point", "coordinates": [ 23.001621, 40.641263 ] } },
{ "type": "Feature", "properties": { "dest_category": "Sports pitch", "dest_source": "sport_pitches", "symbol_origin": "polygon", "name": null, "name_el": null, "name_en": null, "leisure": "pitch", "sport": "volleyball", "capacity": null, "operator": null, "website": null, "phone": null }, "geometry": { "type": "Point", "coordinates": [ 23.247343, 40.627493 ] } },
{ "type": "Feature", "properties": { "dest_category": "Sports pitch", "dest_source": "sport_pitches", "symbol_origin": "polygon", "name": null, "name_el": null, "name_en": null, "leisure": "pitch", "sport": "basketball", "capacity": null, "operator": null, "website": null, "phone": null }, "geometry": { "type": "Point", "coordinates": [ 23.214551, 40.629345 ] } },
{ "type": "Feature", "properties": { "dest_category": "Sports pitch", "dest_source": "sport_pitches", "symbol_origin": "polygon", "name": null, "name_el": null, "name_en": null, "leisure": "pitch", "sport": "basketball", "capacity": null, "operator": null, "website": null, "phone": null }, "geometry": { "type": "Point", "coordinates": [ 23.246027, 40.630442 ] } },
{ "type": "Feature", "properties": { "dest_category": "Sports pitch", "dest_source": "sport_pitches", "symbol_origin": "polygon", "name": "γήπεδο Λαγκαδικίων", "name_el": null, "name_en": null, "leisure": "pitch", "sport": "soccer", "capacity": null, "operator": null, "website": null, "phone": null }, "geometry": { "type": "Point", "coordinates": [ 23.245862, 40.631093 ] } },
{ "type": "Feature", "properties": { "dest_category": "Sports pitch", "dest_source": "sport_pitches", "symbol_origin": "polygon", "name": null, "name_el": null, "name_en": null, "leisure": "pitch", "sport": "soccer", "capacity": null, "operator": null, "website": null, "phone": null }, "geometry": { "type": "Point", "coordinates": [ 23.610284, 40.633407 ] } },
{ "type": "Feature", "properties": { "dest_category": "Sports pitch", "dest_source": "sport_pitches", "symbol_origin": "polygon", "name": null, "name_el": null, "name_en": null, "leisure": "pitch", "sport": "basketball", "capacity": null, "operator": null, "website": null, "phone": null }, "geometry": { "type": "Point", "coordinates": [ 23.246396, 40.633684 ] } },
{ "type": "Feature", "properties": { "dest_category": "Sports pitch", "dest_source": "sport_pitches", "symbol_origin": "polygon", "name": null, "name_el": null, "name_en": null, "leisure": "pitch", "sport": "basketball", "capacity": null, "operator": null, "website": null, "phone": null }, "geometry": { "type": "Point", "coordinates": [ 23.243272, 40.635165 ] } },
{ "type": "Feature", "properties": { "dest_category": "Sports pitch", "dest_source": "sport_pitches", "symbol_origin": "polygon", "name": null, "name_el": null, "name_en": null, "leisure": "pitch", "sport": "tennis", "capacity": null, "operator": null, "website": null, "phone": null }, "geometry": { "type": "Point", "coordinates": [ 23.191857, 40.63498 ] } },
{ "type": "Feature", "properties": { "dest_category": "Sports pitch", "dest_source": "sport_pitches", "symbol_origin": "polygon", "name": null, "name_el": null, "name_en": null, "leisure": "pitch", "sport": "soccer", "capacity": null, "operator": null, "website": null, "phone": null }, "geometry": { "type": "Point", "coordinates": [ 23.00034, 40.567736 ] } },
{ "type": "Feature", "properties": { "dest_category": "Sports pitch", "dest_source": "sport_pitches", "symbol_origin": "polygon", "name": null, "name_el": null, "name_en": null, "leisure": "pitch", "sport": "soccer", "capacity": null, "operator": null, "website": null, "phone": null }, "geometry": { "type": "Point", "coordinates": [ 22.985763, 40.567809 ] } },
{ "type": "Feature", "properties": { "dest_category": "Sports pitch", "dest_source": "sport_pitches", "symbol_origin": "polygon", "name": null, "name_el": null, "name_en": null, "leisure": "pitch", "sport": "basketball", "capacity": null, "operator": null, "website": null, "phone": null }, "geometry": { "type": "Point", "coordinates": [ 22.992814, 40.569191 ] } },
{ "type": "Feature", "properties": { "dest_category": "Sports pitch", "dest_source": "sport_pitches", "symbol_origin": "polygon", "name": null, "name_el": null, "name_en": null, "leisure": "pitch", "sport": "soccer", "capacity": null, "operator": null, "website": null, "phone": null }, "geometry": { "type": "Point", "coordinates": [ 23.001793, 40.569376 ] } },
{ "type": "Feature", "properties": { "dest_category": "Sports pitch", "dest_source": "sport_pitches", "symbol_origin": "polygon", "name": null, "name_el": null, "name_en": null, "leisure": "pitch", "sport": "soccer", "capacity": null, "operator": null, "website": null, "phone": null }, "geometry": { "type": "Point", "coordinates": [ 23.000673, 40.569542 ] } },
{ "type": "Feature", "properties": { "dest_category": "Sports pitch", "dest_source": "sport_pitches", "symbol_origin": "polygon", "name": null, "name_el": null, "name_en": null, "leisure": "pitch", "sport": "basketball", "capacity": null, "operator": null, "website": null, "phone": null }, "geometry": { "type": "Point", "coordinates": [ 22.992566, 40.569496 ] } },
{ "type": "Feature", "properties": { "dest_category": "Sports pitch", "dest_source": "sport_pitches", "symbol_origin": "polygon", "name": null, "name_el": null, "name_en": null, "leisure": "pitch", "sport": "soccer", "capacity": null, "operator": null, "website": null, "phone": null }, "geometry": { "type": "Point", "coordinates": [ 22.993738, 40.569662 ] } },
{ "type": "Feature", "properties": { "dest_category": "Sports pitch", "dest_source": "sport_pitches", "symbol_origin": "polygon", "name": null, "name_el": null, "name_en": null, "leisure": "pitch", "sport": "soccer", "capacity": null, "operator": null, "website": null, "phone": null }, "geometry": { "type": "Point", "coordinates": [ 22.993059, 40.569719 ] } },
{ "type": "Feature", "properties": { "dest_category": "Sports pitch", "dest_source": "sport_pitches", "symbol_origin": "polygon", "name": null, "name_el": null, "name_en": null, "leisure": "pitch", "sport": "tennis", "capacity": null, "operator": null, "website": null, "phone": null }, "geometry": { "type": "Point", "coordinates": [ 22.994869, 40.576044 ] } },
{ "type": "Feature", "properties": { "dest_category": "Sports pitch", "dest_source": "sport_pitches", "symbol_origin": "polygon", "name": null, "name_el": null, "name_en": null, "leisure": "pitch", "sport": "basketball", "capacity": null, "operator": null, "website": null, "phone": null }, "geometry": { "type": "Point", "coordinates": [ 22.986511, 40.576142 ] } },
{ "type": "Feature", "properties": { "dest_category": "Sports pitch", "dest_source": "sport_pitches", "symbol_origin": "polygon", "name": null, "name_el": null, "name_en": null, "leisure": "pitch", "sport": "volleyball", "capacity": null, "operator": null, "website": null, "phone": null }, "geometry": { "type": "Point", "coordinates": [ 22.992252, 40.576441 ] } },
{ "type": "Feature", "properties": { "dest_category": "Sports pitch", "dest_source": "sport_pitches", "symbol_origin": "polygon", "name": null, "name_el": null, "name_en": null, "leisure": "pitch", "sport": "soccer", "capacity": null, "operator": null, "website": null, "phone": null }, "geometry": { "type": "Point", "coordinates": [ 22.994316, 40.576592 ] } },
{ "type": "Feature", "properties": { "dest_category": "Sports pitch", "dest_source": "sport_pitches", "symbol_origin": "polygon", "name": null, "name_el": null, "name_en": null, "leisure": "pitch", "sport": "soccer", "capacity": null, "operator": null, "website": null, "phone": null }, "geometry": { "type": "Point", "coordinates": [ 22.985755, 40.576547 ] } },
{ "type": "Feature", "properties": { "dest_category": "Sports pitch", "dest_source": "sport_pitches", "symbol_origin": "polygon", "name": null, "name_el": null, "name_en": null, "leisure": "pitch", "sport": "tennis", "capacity": null, "operator": null, "website": null, "phone": null }, "geometry": { "type": "Point", "coordinates": [ 22.992605, 40.576719 ] } },
{ "type": "Feature", "properties": { "dest_category": "Sports pitch", "dest_source": "sport_pitches", "symbol_origin": "polygon", "name": null, "name_el": null, "name_en": null, "leisure": "pitch", "sport": "soccer", "capacity": null, "operator": null, "website": null, "phone": null }, "geometry": { "type": "Point", "coordinates": [ 22.980107, 40.567324 ] } },
{ "type": "Feature", "properties": { "dest_category": "Sports pitch", "dest_source": "sport_pitches", "symbol_origin": "polygon", "name": "Γήπεδο Φοίνικα", "name_el": null, "name_en": null, "leisure": "pitch", "sport": "soccer", "capacity": null, "operator": null, "website": null, "phone": null }, "geometry": { "type": "Point", "coordinates": [ 22.972623, 40.568228 ] } },
{ "type": "Feature", "properties": { "dest_category": "Sports pitch", "dest_source": "sport_pitches", "symbol_origin": "polygon", "name": null, "name_el": null, "name_en": null, "leisure": "pitch", "sport": "volleyball", "capacity": null, "operator": null, "website": null, "phone": null }, "geometry": { "type": "Point", "coordinates": [ 22.968035, 40.568221 ] } },
{ "type": "Feature", "properties": { "dest_category": "Sports pitch", "dest_source": "sport_pitches", "symbol_origin": "polygon", "name": null, "name_el": null, "name_en": null, "leisure": "pitch", "sport": "basketball", "capacity": null, "operator": null, "website": null, "phone": null }, "geometry": { "type": "Point", "coordinates": [ 22.967618, 40.568404 ] } },
{ "type": "Feature", "properties": { "dest_category": "Sports pitch", "dest_source": "sport_pitches", "symbol_origin": "polygon", "name": null, "name_el": null, "name_en": null, "leisure": "pitch", "sport": "soccer", "capacity": null, "operator": null, "website": null, "phone": null }, "geometry": { "type": "Point", "coordinates": [ 22.975519, 40.572551 ] } },
{ "type": "Feature", "properties": { "dest_category": "Sports pitch", "dest_source": "sport_pitches", "symbol_origin": "polygon", "name": null, "name_el": null, "name_en": null, "leisure": "pitch", "sport": "soccer", "capacity": null, "operator": null, "website": null, "phone": null }, "geometry": { "type": "Point", "coordinates": [ 22.976088, 40.572737 ] } },
{ "type": "Feature", "properties": { "dest_category": "Sports pitch", "dest_source": "sport_pitches", "symbol_origin": "polygon", "name": null, "name_el": null, "name_en": null, "leisure": "pitch", "sport": "soccer", "capacity": null, "operator": null, "website": null, "phone": null }, "geometry": { "type": "Point", "coordinates": [ 22.976438, 40.572914 ] } },
{ "type": "Feature", "properties": { "dest_category": "Sports pitch", "dest_source": "sport_pitches", "symbol_origin": "polygon", "name": null, "name_el": null, "name_en": null, "leisure": "pitch", "sport": "basketball", "capacity": null, "operator": null, "website": null, "phone": null }, "geometry": { "type": "Point", "coordinates": [ 22.966553, 40.582874 ] } },
{ "type": "Feature", "properties": { "dest_category": "Sports pitch", "dest_source": "sport_pitches", "symbol_origin": "polygon", "name": null, "name_el": null, "name_en": null, "leisure": "pitch", "sport": "basketball", "capacity": null, "operator": null, "website": null, "phone": null }, "geometry": { "type": "Point", "coordinates": [ 22.965993, 40.585039 ] } },
{ "type": "Feature", "properties": { "dest_category": "Sports pitch", "dest_source": "sport_pitches", "symbol_origin": "polygon", "name": null, "name_el": null, "name_en": null, "leisure": "pitch", "sport": "basketball", "capacity": null, "operator": null, "website": null, "phone": null }, "geometry": { "type": "Point", "coordinates": [ 22.964878, 40.585264 ] } },
{ "type": "Feature", "properties": { "dest_category": "Sports pitch", "dest_source": "sport_pitches", "symbol_origin": "polygon", "name": null, "name_el": null, "name_en": null, "leisure": "pitch", "sport": "basketball", "capacity": null, "operator": null, "website": null, "phone": null }, "geometry": { "type": "Point", "coordinates": [ 22.986408, 40.576815 ] } },
{ "type": "Feature", "properties": { "dest_category": "Sports pitch", "dest_source": "sport_pitches", "symbol_origin": "polygon", "name": null, "name_el": null, "name_en": null, "leisure": "pitch", "sport": "soccer", "capacity": null, "operator": null, "website": null, "phone": null }, "geometry": { "type": "Point", "coordinates": [ 22.991668, 40.577035 ] } },
{ "type": "Feature", "properties": { "dest_category": "Sports pitch", "dest_source": "sport_pitches", "symbol_origin": "polygon", "name": null, "name_el": null, "name_en": null, "leisure": "pitch", "sport": "soccer", "capacity": null, "operator": null, "website": null, "phone": null }, "geometry": { "type": "Point", "coordinates": [ 22.983001, 40.592717 ] } },
{ "type": "Feature", "properties": { "dest_category": "Sports pitch", "dest_source": "sport_pitches", "symbol_origin": "polygon", "name": null, "name_el": null, "name_en": null, "leisure": "pitch", "sport": null, "capacity": null, "operator": null, "website": null, "phone": null }, "geometry": { "type": "Point", "coordinates": [ 23.001049, 40.598176 ] } },
{ "type": "Feature", "properties": { "dest_category": "Sports pitch", "dest_source": "sport_pitches", "symbol_origin": "polygon", "name": null, "name_el": null, "name_en": null, "leisure": "pitch", "sport": "soccer", "capacity": null, "operator": null, "website": null, "phone": null }, "geometry": { "type": "Point", "coordinates": [ 23.000524, 40.598415 ] } },
{ "type": "Feature", "properties": { "dest_category": "Sports pitch", "dest_source": "sport_pitches", "symbol_origin": "polygon", "name": null, "name_el": null, "name_en": null, "leisure": "pitch", "sport": "soccer", "capacity": null, "operator": null, "website": null, "phone": null }, "geometry": { "type": "Point", "coordinates": [ 22.998239, 40.599877 ] } },
{ "type": "Feature", "properties": { "dest_category": "Sports pitch", "dest_source": "sport_pitches", "symbol_origin": "polygon", "name": null, "name_el": null, "name_en": null, "leisure": "pitch", "sport": "soccer", "capacity": null, "operator": null, "website": null, "phone": null }, "geometry": { "type": "Point", "coordinates": [ 22.998698, 40.59993 ] } },
{ "type": "Feature", "properties": { "dest_category": "Sports pitch", "dest_source": "sport_pitches", "symbol_origin": "polygon", "name": null, "name_el": null, "name_en": null, "leisure": "pitch", "sport": "soccer", "capacity": null, "operator": null, "website": null, "phone": null }, "geometry": { "type": "Point", "coordinates": [ 22.975968, 40.585484 ] } },
{ "type": "Feature", "properties": { "dest_category": "Sports pitch", "dest_source": "sport_pitches", "symbol_origin": "polygon", "name": null, "name_el": null, "name_en": null, "leisure": "pitch", "sport": "soccer", "capacity": null, "operator": null, "website": null, "phone": null }, "geometry": { "type": "Point", "coordinates": [ 22.976446, 40.586097 ] } },
{ "type": "Feature", "properties": { "dest_category": "Sports pitch", "dest_source": "sport_pitches", "symbol_origin": "polygon", "name": null, "name_el": null, "name_en": null, "leisure": "pitch", "sport": "soccer", "capacity": null, "operator": null, "website": null, "phone": null }, "geometry": { "type": "Point", "coordinates": [ 22.975806, 40.586814 ] } },
{ "type": "Feature", "properties": { "dest_category": "Sports pitch", "dest_source": "sport_pitches", "symbol_origin": "polygon", "name": null, "name_el": null, "name_en": null, "leisure": "pitch", "sport": "soccer", "capacity": null, "operator": null, "website": null, "phone": null }, "geometry": { "type": "Point", "coordinates": [ 22.975141, 40.587515 ] } },
{ "type": "Feature", "properties": { "dest_category": "Sports pitch", "dest_source": "sport_pitches", "symbol_origin": "polygon", "name": null, "name_el": null, "name_en": null, "leisure": "pitch", "sport": "soccer", "capacity": null, "operator": null, "website": null, "phone": null }, "geometry": { "type": "Point", "coordinates": [ 22.974739, 40.587906 ] } },
{ "type": "Feature", "properties": { "dest_category": "Sports pitch", "dest_source": "sport_pitches", "symbol_origin": "polygon", "name": "Γήπεδο Πυλαίας", "name_el": "Γήπεδο Πυλαίας", "name_en": "Pylea sports ground", "leisure": "pitch", "sport": "soccer", "capacity": null, "operator": null, "website": null, "phone": null }, "geometry": { "type": "Point", "coordinates": [ 22.982441, 40.591539 ] } },
{ "type": "Feature", "properties": { "dest_category": "Sports pitch", "dest_source": "sport_pitches", "symbol_origin": "polygon", "name": null, "name_el": null, "name_en": null, "leisure": "pitch", "sport": "basketball", "capacity": null, "operator": null, "website": null, "phone": null }, "geometry": { "type": "Point", "coordinates": [ 22.979361, 40.591687 ] } },
{ "type": "Feature", "properties": { "dest_category": "Sports pitch", "dest_source": "sport_pitches", "symbol_origin": "polygon", "name": "ΔΗΜΟΤΙΚΟ ΓΗΠΕΔΟ", "name_el": null, "name_en": null, "leisure": "pitch", "sport": "soccer", "capacity": null, "operator": null, "website": null, "phone": null }, "geometry": { "type": "Point", "coordinates": [ 22.982189, 40.592601 ] } },
{ "type": "Feature", "properties": { "dest_category": "Sports pitch", "dest_source": "sport_pitches", "symbol_origin": "polygon", "name": "ΔΗΜΟΤΙΚΟ ΓΗΠΕΔΟ", "name_el": null, "name_en": null, "leisure": "pitch", "sport": "soccer", "capacity": null, "operator": null, "website": null, "phone": null }, "geometry": { "type": "Point", "coordinates": [ 22.981905, 40.59308 ] } },
{ "type": "Feature", "properties": { "dest_category": "Sports pitch", "dest_source": "sport_pitches", "symbol_origin": "polygon", "name": null, "name_el": null, "name_en": null, "leisure": "pitch", "sport": "soccer", "capacity": null, "operator": null, "website": null, "phone": null }, "geometry": { "type": "Point", "coordinates": [ 22.97088, 40.59434 ] } },
{ "type": "Feature", "properties": { "dest_category": "Sports pitch", "dest_source": "sport_pitches", "symbol_origin": "polygon", "name": null, "name_el": null, "name_en": null, "leisure": "pitch", "sport": "soccer", "capacity": null, "operator": null, "website": null, "phone": null }, "geometry": { "type": "Point", "coordinates": [ 22.971323, 40.594458 ] } },
{ "type": "Feature", "properties": { "dest_category": "Sports pitch", "dest_source": "sport_pitches", "symbol_origin": "polygon", "name": null, "name_el": null, "name_en": null, "leisure": "pitch", "sport": "basketball", "capacity": null, "operator": null, "website": null, "phone": null }, "geometry": { "type": "Point", "coordinates": [ 22.970368, 40.594479 ] } },
{ "type": "Feature", "properties": { "dest_category": "Sports pitch", "dest_source": "sport_pitches", "symbol_origin": "polygon", "name": null, "name_el": null, "name_en": null, "leisure": "pitch", "sport": "soccer", "capacity": null, "operator": null, "website": null, "phone": null }, "geometry": { "type": "Point", "coordinates": [ 22.969779, 40.594672 ] } },
{ "type": "Feature", "properties": { "dest_category": "Sports pitch", "dest_source": "sport_pitches", "symbol_origin": "polygon", "name": null, "name_el": null, "name_en": null, "leisure": "pitch", "sport": "soccer", "capacity": null, "operator": null, "website": null, "phone": null }, "geometry": { "type": "Point", "coordinates": [ 22.976731, 40.596343 ] } },
{ "type": "Feature", "properties": { "dest_category": "Sports pitch", "dest_source": "sport_pitches", "symbol_origin": "polygon", "name": null, "name_el": null, "name_en": null, "leisure": "pitch", "sport": "basketball", "capacity": null, "operator": null, "website": null, "phone": null }, "geometry": { "type": "Point", "coordinates": [ 22.981938, 40.596669 ] } },
{ "type": "Feature", "properties": { "dest_category": "Sports pitch", "dest_source": "sport_pitches", "symbol_origin": "polygon", "name": null, "name_el": null, "name_en": null, "leisure": "pitch", "sport": "basketball", "capacity": null, "operator": null, "website": null, "phone": null }, "geometry": { "type": "Point", "coordinates": [ 22.968616, 40.599334 ] } },
{ "type": "Feature", "properties": { "dest_category": "Sports pitch", "dest_source": "sport_pitches", "symbol_origin": "polygon", "name": "Στάδιο Κλεάνθης Βικελίδης", "name_el": "Στάδιο Κλεάνθης Βικελίδης", "name_en": "Kleanthis Vikelidis Stadium", "leisure": "pitch", "sport": "soccer", "capacity": null, "operator": null, "website": null, "phone": null }, "geometry": { "type": "Point", "coordinates": [ 22.969504, 40.600066 ] } },
{ "type": "Feature", "properties": { "dest_category": "Sports pitch", "dest_source": "sport_pitches", "symbol_origin": "polygon", "name": null, "name_el": null, "name_en": null, "leisure": "pitch", "sport": "soccer", "capacity": null, "operator": null, "website": null, "phone": null }, "geometry": { "type": "Point", "coordinates": [ 22.969504, 40.601101 ] } },
{ "type": "Feature", "properties": { "dest_category": "Sports pitch", "dest_source": "sport_pitches", "symbol_origin": "polygon", "name": null, "name_el": null, "name_en": null, "leisure": "pitch", "sport": "tennis", "capacity": null, "operator": null, "website": null, "phone": null }, "geometry": { "type": "Point", "coordinates": [ 22.975799, 40.603807 ] } },
{ "type": "Feature", "properties": { "dest_category": "Sports pitch", "dest_source": "sport_pitches", "symbol_origin": "polygon", "name": null, "name_el": null, "name_en": null, "leisure": "pitch", "sport": "basketball", "capacity": null, "operator": null, "website": null, "phone": null }, "geometry": { "type": "Point", "coordinates": [ 22.979056, 40.609144 ] } },
{ "type": "Feature", "properties": { "dest_category": "Sports pitch", "dest_source": "sport_pitches", "symbol_origin": "polygon", "name": null, "name_el": null, "name_en": null, "leisure": "pitch", "sport": "basketball", "capacity": null, "operator": null, "website": null, "phone": null }, "geometry": { "type": "Point", "coordinates": [ 22.977128, 40.611908 ] } },
{ "type": "Feature", "properties": { "dest_category": "Sports pitch", "dest_source": "sport_pitches", "symbol_origin": "polygon", "name": null, "name_el": null, "name_en": null, "leisure": "pitch", "sport": "soccer", "capacity": null, "operator": null, "website": null, "phone": null }, "geometry": { "type": "Point", "coordinates": [ 22.972321, 40.613844 ] } },
{ "type": "Feature", "properties": { "dest_category": "Sports pitch", "dest_source": "sport_pitches", "symbol_origin": "polygon", "name": null, "name_el": null, "name_en": null, "leisure": "pitch", "sport": "basketball", "capacity": null, "operator": null, "website": null, "phone": null }, "geometry": { "type": "Point", "coordinates": [ 22.971375, 40.615046 ] } },
{ "type": "Feature", "properties": { "dest_category": "Sports pitch", "dest_source": "sport_pitches", "symbol_origin": "polygon", "name": null, "name_el": null, "name_en": null, "leisure": "pitch", "sport": "basketball", "capacity": null, "operator": null, "website": null, "phone": null }, "geometry": { "type": "Point", "coordinates": [ 22.971826, 40.615742 ] } },
{ "type": "Feature", "properties": { "dest_category": "Sports pitch", "dest_source": "sport_pitches", "symbol_origin": "polygon", "name": null, "name_el": null, "name_en": null, "leisure": "pitch", "sport": "basketball", "capacity": null, "operator": null, "website": null, "phone": null }, "geometry": { "type": "Point", "coordinates": [ 22.966734, 40.617209 ] } },
{ "type": "Feature", "properties": { "dest_category": "Sports pitch", "dest_source": "sport_pitches", "symbol_origin": "polygon", "name": null, "name_el": null, "name_en": null, "leisure": "pitch", "sport": "soccer", "capacity": null, "operator": null, "website": null, "phone": null }, "geometry": { "type": "Point", "coordinates": [ 22.970751, 40.619748 ] } },
{ "type": "Feature", "properties": { "dest_category": "Sports pitch", "dest_source": "sport_pitches", "symbol_origin": "polygon", "name": null, "name_el": null, "name_en": null, "leisure": "pitch", "sport": "soccer", "capacity": null, "operator": null, "website": null, "phone": null }, "geometry": { "type": "Point", "coordinates": [ 22.9647, 40.620339 ] } },
{ "type": "Feature", "properties": { "dest_category": "Sports pitch", "dest_source": "sport_pitches", "symbol_origin": "polygon", "name": null, "name_el": null, "name_en": null, "leisure": "pitch", "sport": "handball", "capacity": null, "operator": null, "website": null, "phone": null }, "geometry": { "type": "Point", "coordinates": [ 22.975484, 40.621007 ] } },
{ "type": "Feature", "properties": { "dest_category": "Sports pitch", "dest_source": "sport_pitches", "symbol_origin": "polygon", "name": "Γήπεδο Αχιλλέα Τριανδρίας", "name_el": null, "name_en": null, "leisure": "pitch", "sport": "soccer", "capacity": null, "operator": null, "website": null, "phone": null }, "geometry": { "type": "Point", "coordinates": [ 22.974691, 40.621017 ] } },
{ "type": "Feature", "properties": { "dest_category": "Sports pitch", "dest_source": "sport_pitches", "symbol_origin": "polygon", "name": null, "name_el": null, "name_en": null, "leisure": "pitch", "sport": "soccer", "capacity": null, "operator": null, "website": null, "phone": null }, "geometry": { "type": "Point", "coordinates": [ 22.967032, 40.625544 ] } },
{ "type": "Feature", "properties": { "dest_category": "Stadium", "dest_source": "sport_stadiums", "symbol_origin": "polygon", "name": "Βοηθητικό γήπεδο", "name_el": null, "name_en": null, "leisure": "stadium", "sport": null, "capacity": null, "operator": null, "website": null, "phone": null }, "geometry": { "type": "Point", "coordinates": [ 22.965392, 40.62695 ] } },
{ "type": "Feature", "properties": { "dest_category": "Sports pitch", "dest_source": "sport_pitches", "symbol_origin": "polygon", "name": null, "name_el": null, "name_en": null, "leisure": "pitch", "sport": "basketball", "capacity": null, "operator": null, "website": null, "phone": null }, "geometry": { "type": "Point", "coordinates": [ 22.971289, 40.627582 ] } },
{ "type": "Feature", "properties": { "dest_category": "Stadium", "dest_source": "sport_stadiums", "symbol_origin": "polygon", "name": "Ιβανώφειο", "name_el": "Ιβανώφειο", "name_en": "Ivanofio", "leisure": "stadium", "sport": "basketball", "capacity": null, "operator": "Ηρακλής", "website": null, "phone": null }, "geometry": { "type": "Point", "coordinates": [ 22.964068, 40.628101 ] } },
{ "type": "Feature", "properties": { "dest_category": "Sports pitch", "dest_source": "sport_pitches", "symbol_origin": "polygon", "name": null, "name_el": null, "name_en": null, "leisure": "pitch", "sport": "soccer", "capacity": null, "operator": null, "website": null, "phone": null }, "geometry": { "type": "Point", "coordinates": [ 22.998896, 40.600443 ] } },
{ "type": "Feature", "properties": { "dest_category": "Sports pitch", "dest_source": "sport_pitches", "symbol_origin": "polygon", "name": "Δημοτικό Γήπεδο Πυλαίας \"Αντώνης Καραμπουρνιώτης\"", "name_el": "Δημοτικό Γήπεδο Πυλαίας \"Αντώνης Καραμπουρνιώτης\"", "name_en": "\"Antonis Karabourniotis\" Pylaia Municipal Stadium", "leisure": "pitch", "sport": "soccer", "capacity": null, "operator": null, "website": null, "phone": null }, "geometry": { "type": "Point", "coordinates": [ 22.990603, 40.604342 ] } },
{ "type": "Feature", "properties": { "dest_category": "Sports pitch", "dest_source": "sport_pitches", "symbol_origin": "polygon", "name": null, "name_el": null, "name_en": null, "leisure": "pitch", "sport": "basketball", "capacity": null, "operator": null, "website": null, "phone": null }, "geometry": { "type": "Point", "coordinates": [ 22.986027, 40.605245 ] } },
{ "type": "Feature", "properties": { "dest_category": "Sports pitch", "dest_source": "sport_pitches", "symbol_origin": "polygon", "name": null, "name_el": null, "name_en": null, "leisure": "pitch", "sport": "basketball", "capacity": null, "operator": null, "website": null, "phone": null }, "geometry": { "type": "Point", "coordinates": [ 22.99348, 40.60909 ] } },
{ "type": "Feature", "properties": { "dest_category": "Stadium", "dest_source": "sport_stadiums", "symbol_origin": "polygon", "name": null, "name_el": null, "name_en": null, "leisure": "stadium", "sport": "basketball", "capacity": null, "operator": null, "website": null, "phone": null }, "geometry": { "type": "Point", "coordinates": [ 22.994318, 40.611564 ] } },
{ "type": "Feature", "properties": { "dest_category": "Sports pitch", "dest_source": "sport_pitches", "symbol_origin": "polygon", "name": null, "name_el": null, "name_en": null, "leisure": "pitch", "sport": "soccer", "capacity": null, "operator": null, "website": null, "phone": null }, "geometry": { "type": "Point", "coordinates": [ 22.988946, 40.612714 ] } },
{ "type": "Feature", "properties": { "dest_category": "Sports pitch", "dest_source": "sport_pitches", "symbol_origin": "polygon", "name": null, "name_el": null, "name_en": null, "leisure": "pitch", "sport": "basketball", "capacity": null, "operator": null, "website": null, "phone": null }, "geometry": { "type": "Point", "coordinates": [ 23.00054, 40.639638 ] } },
{ "type": "Feature", "properties": { "dest_category": "Sports pitch", "dest_source": "sport_pitches", "symbol_origin": "polygon", "name": null, "name_el": null, "name_en": null, "leisure": "pitch", "sport": "soccer", "capacity": null, "operator": null, "website": null, "phone": null }, "geometry": { "type": "Point", "coordinates": [ 22.996853, 40.654609 ] } },
{ "type": "Feature", "properties": { "dest_category": "Sports pitch", "dest_source": "sport_pitches", "symbol_origin": "polygon", "name": null, "name_el": null, "name_en": null, "leisure": "pitch", "sport": "tennis", "capacity": null, "operator": null, "website": null, "phone": null }, "geometry": { "type": "Point", "coordinates": [ 22.996139, 40.654662 ] } },
{ "type": "Feature", "properties": { "dest_category": "Sports pitch", "dest_source": "sport_pitches", "symbol_origin": "polygon", "name": null, "name_el": null, "name_en": null, "leisure": "pitch", "sport": "tennis", "capacity": null, "operator": null, "website": null, "phone": null }, "geometry": { "type": "Point", "coordinates": [ 22.964507, 40.628818 ] } },
{ "type": "Feature", "properties": { "dest_category": "Sports pitch", "dest_source": "sport_pitches", "symbol_origin": "polygon", "name": "Hortatzides Arena", "name_el": null, "name_en": null, "leisure": "pitch", "sport": "soccer", "capacity": null, "operator": null, "website": null, "phone": null }, "geometry": { "type": "Point", "coordinates": [ 22.963833, 40.628893 ] } },
{ "type": "Feature", "properties": { "dest_category": "Sports pitch", "dest_source": "sport_pitches", "symbol_origin": "polygon", "name": "Γήπεδο μπάσκετ Α' Φοιτητικής Εστίας ΑΠΘ", "name_el": null, "name_en": null, "leisure": "pitch", "sport": "basketball", "capacity": null, "operator": null, "website": null, "phone": null }, "geometry": { "type": "Point", "coordinates": [ 22.965158, 40.629002 ] } },
{ "type": "Feature", "properties": { "dest_category": "Sports pitch", "dest_source": "sport_pitches", "symbol_origin": "polygon", "name": null, "name_el": null, "name_en": null, "leisure": "pitch", "sport": "basketball", "capacity": null, "operator": null, "website": null, "phone": null }, "geometry": { "type": "Point", "coordinates": [ 22.968181, 40.631829 ] } },
{ "type": "Feature", "properties": { "dest_category": "Sports pitch", "dest_source": "sport_pitches", "symbol_origin": "polygon", "name": null, "name_el": null, "name_en": null, "leisure": "pitch", "sport": null, "capacity": null, "operator": null, "website": null, "phone": null }, "geometry": { "type": "Point", "coordinates": [ 22.978234, 40.63671 ] } },
{ "type": "Feature", "properties": { "dest_category": "Sports pitch", "dest_source": "sport_pitches", "symbol_origin": "polygon", "name": null, "name_el": null, "name_en": null, "leisure": "pitch", "sport": "basketball", "capacity": null, "operator": null, "website": null, "phone": null }, "geometry": { "type": "Point", "coordinates": [ 22.978639, 40.637904 ] } },
{ "type": "Feature", "properties": { "dest_category": "Sports pitch", "dest_source": "sport_pitches", "symbol_origin": "polygon", "name": null, "name_el": null, "name_en": null, "leisure": "pitch", "sport": "basketball", "capacity": null, "operator": null, "website": null, "phone": null }, "geometry": { "type": "Point", "coordinates": [ 22.964031, 40.637832 ] } },
{ "type": "Feature", "properties": { "dest_category": "Sports pitch", "dest_source": "sport_pitches", "symbol_origin": "polygon", "name": null, "name_el": null, "name_en": null, "leisure": "pitch", "sport": "soccer", "capacity": null, "operator": null, "website": null, "phone": null }, "geometry": { "type": "Point", "coordinates": [ 22.967811, 40.639323 ] } },
{ "type": "Feature", "properties": { "dest_category": "Sports pitch", "dest_source": "sport_pitches", "symbol_origin": "polygon", "name": null, "name_el": null, "name_en": null, "leisure": "pitch", "sport": "basketball", "capacity": null, "operator": null, "website": null, "phone": null }, "geometry": { "type": "Point", "coordinates": [ 22.967984, 40.640616 ] } },
{ "type": "Feature", "properties": { "dest_category": "Sports pitch", "dest_source": "sport_pitches", "symbol_origin": "polygon", "name": "Γήπεδο Κεραυνού", "name_el": null, "name_en": null, "leisure": "pitch", "sport": "soccer", "capacity": null, "operator": null, "website": null, "phone": null }, "geometry": { "type": "Point", "coordinates": [ 22.968486, 40.644056 ] } },
{ "type": "Feature", "properties": { "dest_category": "Sports pitch", "dest_source": "sport_pitches", "symbol_origin": "polygon", "name": null, "name_el": null, "name_en": null, "leisure": "pitch", "sport": "soccer", "capacity": null, "operator": null, "website": null, "phone": null }, "geometry": { "type": "Point", "coordinates": [ 23.04584, 40.619865 ] } },
{ "type": "Feature", "properties": { "dest_category": "Sports pitch", "dest_source": "sport_pitches", "symbol_origin": "polygon", "name": null, "name_el": null, "name_en": null, "leisure": "pitch", "sport": "soccer", "capacity": null, "operator": null, "website": null, "phone": null }, "geometry": { "type": "Point", "coordinates": [ 23.097088, 40.620341 ] } },
{ "type": "Feature", "properties": { "dest_category": "Sports pitch", "dest_source": "sport_pitches", "symbol_origin": "polygon", "name": null, "name_el": null, "name_en": null, "leisure": "pitch", "sport": "basketball", "capacity": null, "operator": null, "website": null, "phone": null }, "geometry": { "type": "Point", "coordinates": [ 23.092629, 40.623018 ] } },
{ "type": "Feature", "properties": { "dest_category": "Sports pitch", "dest_source": "sport_pitches", "symbol_origin": "polygon", "name": null, "name_el": null, "name_en": null, "leisure": "pitch", "sport": "basketball", "capacity": null, "operator": null, "website": null, "phone": null }, "geometry": { "type": "Point", "coordinates": [ 23.063681, 40.624545 ] } },
{ "type": "Feature", "properties": { "dest_category": "Sports pitch", "dest_source": "sport_pitches", "symbol_origin": "polygon", "name": "Γήπεδο Μπάσκετ Εξοχής", "name_el": null, "name_en": null, "leisure": "pitch", "sport": "basketball", "capacity": null, "operator": null, "website": null, "phone": null }, "geometry": { "type": "Point", "coordinates": [ 23.037971, 40.629174 ] } },
{ "type": "Feature", "properties": { "dest_category": "Sports pitch", "dest_source": "sport_pitches", "symbol_origin": "polygon", "name": "Γήπεδο Ποδοσφαίρου Εξοχής", "name_el": null, "name_en": null, "leisure": "pitch", "sport": null, "capacity": null, "operator": null, "website": null, "phone": null }, "geometry": { "type": "Point", "coordinates": [ 23.037855, 40.630133 ] } },
{ "type": "Feature", "properties": { "dest_category": "Sports pitch", "dest_source": "sport_pitches", "symbol_origin": "polygon", "name": null, "name_el": null, "name_en": null, "leisure": "pitch", "sport": null, "capacity": null, "operator": null, "website": null, "phone": null }, "geometry": { "type": "Point", "coordinates": [ 23.037906, 40.646726 ] } },
{ "type": "Feature", "properties": { "dest_category": "Sports pitch", "dest_source": "sport_pitches", "symbol_origin": "polygon", "name": null, "name_el": null, "name_en": null, "leisure": "pitch", "sport": null, "capacity": null, "operator": null, "website": null, "phone": null }, "geometry": { "type": "Point", "coordinates": [ 23.115139, 40.664626 ] } },
{ "type": "Feature", "properties": { "dest_category": "Sports pitch", "dest_source": "sport_pitches", "symbol_origin": "polygon", "name": null, "name_el": null, "name_en": null, "leisure": "pitch", "sport": "tennis", "capacity": null, "operator": null, "website": null, "phone": null }, "geometry": { "type": "Point", "coordinates": [ 23.109725, 40.667054 ] } },
{ "type": "Feature", "properties": { "dest_category": "Sports pitch", "dest_source": "sport_pitches", "symbol_origin": "polygon", "name": null, "name_el": null, "name_en": null, "leisure": "pitch", "sport": "basketball", "capacity": null, "operator": null, "website": null, "phone": null }, "geometry": { "type": "Point", "coordinates": [ 23.186454, 40.634987 ] } },
{ "type": "Feature", "properties": { "dest_category": "Sports pitch", "dest_source": "sport_pitches", "symbol_origin": "polygon", "name": null, "name_el": null, "name_en": null, "leisure": "pitch", "sport": "soccer", "capacity": null, "operator": null, "website": null, "phone": null }, "geometry": { "type": "Point", "coordinates": [ 23.192743, 40.636939 ] } },
{ "type": "Feature", "properties": { "dest_category": "Sports pitch", "dest_source": "sport_pitches", "symbol_origin": "polygon", "name": null, "name_el": null, "name_en": null, "leisure": "pitch", "sport": "basketball", "capacity": null, "operator": null, "website": null, "phone": null }, "geometry": { "type": "Point", "coordinates": [ 23.487364, 40.639202 ] } },
{ "type": "Feature", "properties": { "dest_category": "Sports pitch", "dest_source": "sport_pitches", "symbol_origin": "polygon", "name": null, "name_el": null, "name_en": null, "leisure": "pitch", "sport": "soccer", "capacity": null, "operator": null, "website": null, "phone": null }, "geometry": { "type": "Point", "coordinates": [ 23.268693, 40.638473 ] } },
{ "type": "Feature", "properties": { "dest_category": "Sports pitch", "dest_source": "sport_pitches", "symbol_origin": "polygon", "name": null, "name_el": null, "name_en": null, "leisure": "pitch", "sport": "soccer", "capacity": null, "operator": null, "website": null, "phone": null }, "geometry": { "type": "Point", "coordinates": [ 23.490928, 40.642819 ] } },
{ "type": "Feature", "properties": { "dest_category": "Sports pitch", "dest_source": "sport_pitches", "symbol_origin": "polygon", "name": null, "name_el": null, "name_en": null, "leisure": "pitch", "sport": "soccer", "capacity": null, "operator": null, "website": null, "phone": null }, "geometry": { "type": "Point", "coordinates": [ 23.298938, 40.648631 ] } },
{ "type": "Feature", "properties": { "dest_category": "Sports pitch", "dest_source": "sport_pitches", "symbol_origin": "polygon", "name": null, "name_el": null, "name_en": null, "leisure": "pitch", "sport": "soccer", "capacity": null, "operator": null, "website": null, "phone": null }, "geometry": { "type": "Point", "coordinates": [ 23.303933, 40.652508 ] } },
{ "type": "Feature", "properties": { "dest_category": "Sports pitch", "dest_source": "sport_pitches", "symbol_origin": "polygon", "name": null, "name_el": null, "name_en": null, "leisure": "pitch", "sport": "basketball", "capacity": null, "operator": null, "website": null, "phone": null }, "geometry": { "type": "Point", "coordinates": [ 23.404776, 40.658276 ] } },
{ "type": "Feature", "properties": { "dest_category": "Sports pitch", "dest_source": "sport_pitches", "symbol_origin": "polygon", "name": null, "name_el": null, "name_en": null, "leisure": "pitch", "sport": "soccer", "capacity": null, "operator": null, "website": null, "phone": null }, "geometry": { "type": "Point", "coordinates": [ 23.613607, 40.659624 ] } },
{ "type": "Feature", "properties": { "dest_category": "Sports pitch", "dest_source": "sport_pitches", "symbol_origin": "polygon", "name": null, "name_el": null, "name_en": null, "leisure": "pitch", "sport": "soccer", "capacity": null, "operator": null, "website": null, "phone": null }, "geometry": { "type": "Point", "coordinates": [ 23.686796, 40.65985 ] } },
{ "type": "Feature", "properties": { "dest_category": "Sports pitch", "dest_source": "sport_pitches", "symbol_origin": "polygon", "name": null, "name_el": null, "name_en": null, "leisure": "pitch", "sport": "soccer", "capacity": null, "operator": null, "website": null, "phone": null }, "geometry": { "type": "Point", "coordinates": [ 23.343158, 40.66309 ] } },
{ "type": "Feature", "properties": { "dest_category": "Sports pitch", "dest_source": "sport_pitches", "symbol_origin": "polygon", "name": null, "name_el": null, "name_en": null, "leisure": "pitch", "sport": "soccer", "capacity": null, "operator": null, "website": null, "phone": null }, "geometry": { "type": "Point", "coordinates": [ 23.696699, 40.664922 ] } },
{ "type": "Feature", "properties": { "dest_category": "Sports pitch", "dest_source": "sport_pitches", "symbol_origin": "polygon", "name": null, "name_el": null, "name_en": null, "leisure": "pitch", "sport": "tennis", "capacity": null, "operator": null, "website": null, "phone": null }, "geometry": { "type": "Point", "coordinates": [ 23.697469, 40.665436 ] } },
{ "type": "Feature", "properties": { "dest_category": "Sports pitch", "dest_source": "sport_pitches", "symbol_origin": "polygon", "name": null, "name_el": null, "name_en": null, "leisure": "pitch", "sport": "volleyball", "capacity": null, "operator": null, "website": null, "phone": null }, "geometry": { "type": "Point", "coordinates": [ 23.69708, 40.665575 ] } },
{ "type": "Feature", "properties": { "dest_category": "Sports pitch", "dest_source": "sport_pitches", "symbol_origin": "polygon", "name": "Open Basketball Court", "name_el": null, "name_en": null, "leisure": "pitch", "sport": "basketball", "capacity": null, "operator": null, "website": null, "phone": null }, "geometry": { "type": "Point", "coordinates": [ 23.696664, 40.665577 ] } },
{ "type": "Feature", "properties": { "dest_category": "Sports pitch", "dest_source": "sport_pitches", "symbol_origin": "polygon", "name": null, "name_el": null, "name_en": null, "leisure": "pitch", "sport": "soccer", "capacity": null, "operator": null, "website": null, "phone": null }, "geometry": { "type": "Point", "coordinates": [ 23.556421, 40.678815 ] } },
{ "type": "Feature", "properties": { "dest_category": "Sports pitch", "dest_source": "sport_pitches", "symbol_origin": "polygon", "name": null, "name_el": null, "name_en": null, "leisure": "pitch", "sport": "soccer", "capacity": null, "operator": null, "website": null, "phone": null }, "geometry": { "type": "Point", "coordinates": [ 23.285813, 40.683876 ] } },
{ "type": "Feature", "properties": { "dest_category": "Sports pitch", "dest_source": "sport_pitches", "symbol_origin": "polygon", "name": null, "name_el": null, "name_en": null, "leisure": "pitch", "sport": "soccer", "capacity": null, "operator": null, "website": null, "phone": null }, "geometry": { "type": "Point", "coordinates": [ 23.331478, 40.693566 ] } },
{ "type": "Feature", "properties": { "dest_category": "Sports pitch", "dest_source": "sport_pitches", "symbol_origin": "polygon", "name": null, "name_el": null, "name_en": null, "leisure": "pitch", "sport": "basketball", "capacity": null, "operator": null, "website": null, "phone": null }, "geometry": { "type": "Point", "coordinates": [ 23.11033, 40.66733 ] } },
{ "type": "Feature", "properties": { "dest_category": "Sports pitch", "dest_source": "sport_pitches", "symbol_origin": "polygon", "name": null, "name_el": null, "name_en": null, "leisure": "pitch", "sport": "soccer", "capacity": null, "operator": null, "website": null, "phone": null }, "geometry": { "type": "Point", "coordinates": [ 23.10668, 40.66922 ] } },
{ "type": "Feature", "properties": { "dest_category": "Sports pitch", "dest_source": "sport_pitches", "symbol_origin": "polygon", "name": null, "name_el": null, "name_en": null, "leisure": "pitch", "sport": "tennis", "capacity": null, "operator": null, "website": null, "phone": null }, "geometry": { "type": "Point", "coordinates": [ 23.043827, 40.706996 ] } },
{ "type": "Feature", "properties": { "dest_category": "Sports pitch", "dest_source": "sport_pitches", "symbol_origin": "polygon", "name": null, "name_el": null, "name_en": null, "leisure": "pitch", "sport": "soccer", "capacity": null, "operator": null, "website": null, "phone": null }, "geometry": { "type": "Point", "coordinates": [ 23.043658, 40.70743 ] } },
{ "type": "Feature", "properties": { "dest_category": "Sports pitch", "dest_source": "sport_pitches", "symbol_origin": "polygon", "name": "Γήπεδο Καβαλαρίου", "name_el": null, "name_en": null, "leisure": "pitch", "sport": "soccer", "capacity": null, "operator": null, "website": null, "phone": null }, "geometry": { "type": "Point", "coordinates": [ 23.045085, 40.71158 ] } },
{ "type": "Feature", "properties": { "dest_category": "Sports pitch", "dest_source": "sport_pitches", "symbol_origin": "polygon", "name": null, "name_el": null, "name_en": null, "leisure": "pitch", "sport": "soccer", "capacity": null, "operator": null, "website": null, "phone": null }, "geometry": { "type": "Point", "coordinates": [ 23.175455, 40.71517 ] } },
{ "type": "Feature", "properties": { "dest_category": "Sports pitch", "dest_source": "sport_pitches", "symbol_origin": "polygon", "name": null, "name_el": null, "name_en": null, "leisure": "pitch", "sport": null, "capacity": null, "operator": null, "website": null, "phone": null }, "geometry": { "type": "Point", "coordinates": [ 23.173816, 40.721783 ] } },
{ "type": "Feature", "properties": { "dest_category": "Sports pitch", "dest_source": "sport_pitches", "symbol_origin": "polygon", "name": null, "name_el": null, "name_en": null, "leisure": "pitch", "sport": "five-a-side;soccer", "capacity": null, "operator": null, "website": null, "phone": null }, "geometry": { "type": "Point", "coordinates": [ 23.220739, 40.693434 ] } },
{ "type": "Feature", "properties": { "dest_category": "Sports pitch", "dest_source": "sport_pitches", "symbol_origin": "polygon", "name": null, "name_el": null, "name_en": null, "leisure": "pitch", "sport": "soccer", "capacity": null, "operator": null, "website": null, "phone": null }, "geometry": { "type": "Point", "coordinates": [ 23.213661, 40.693521 ] } },
{ "type": "Feature", "properties": { "dest_category": "Sports pitch", "dest_source": "sport_pitches", "symbol_origin": "polygon", "name": null, "name_el": null, "name_en": null, "leisure": "pitch", "sport": "basketball", "capacity": null, "operator": null, "website": null, "phone": null }, "geometry": { "type": "Point", "coordinates": [ 23.212893, 40.693797 ] } },
{ "type": "Feature", "properties": { "dest_category": "Sports pitch", "dest_source": "sport_pitches", "symbol_origin": "polygon", "name": null, "name_el": null, "name_en": null, "leisure": "pitch", "sport": "trampoline", "capacity": null, "operator": null, "website": null, "phone": null }, "geometry": { "type": "Point", "coordinates": [ 23.701839, 40.706183 ] } },
{ "type": "Feature", "properties": { "dest_category": "Sports pitch", "dest_source": "sport_pitches", "symbol_origin": "polygon", "name": null, "name_el": null, "name_en": null, "leisure": "pitch", "sport": "basketball", "capacity": null, "operator": null, "website": null, "phone": null }, "geometry": { "type": "Point", "coordinates": [ 23.697578, 40.706458 ] } },
{ "type": "Feature", "properties": { "dest_category": "Sports pitch", "dest_source": "sport_pitches", "symbol_origin": "polygon", "name": null, "name_el": null, "name_en": null, "leisure": "pitch", "sport": "soccer", "capacity": null, "operator": null, "website": null, "phone": null }, "geometry": { "type": "Point", "coordinates": [ 23.702532, 40.712043 ] } },
{ "type": "Feature", "properties": { "dest_category": "Sports pitch", "dest_source": "sport_pitches", "symbol_origin": "polygon", "name": null, "name_el": null, "name_en": null, "leisure": "pitch", "sport": "soccer", "capacity": null, "operator": null, "website": null, "phone": null }, "geometry": { "type": "Point", "coordinates": [ 23.705299, 40.713334 ] } },
{ "type": "Feature", "properties": { "dest_category": "Sports pitch", "dest_source": "sport_pitches", "symbol_origin": "polygon", "name": null, "name_el": null, "name_en": null, "leisure": "pitch", "sport": "tennis", "capacity": null, "operator": null, "website": null, "phone": null }, "geometry": { "type": "Point", "coordinates": [ 23.705729, 40.714086 ] } },
{ "type": "Feature", "properties": { "dest_category": "Sports pitch", "dest_source": "sport_pitches", "symbol_origin": "polygon", "name": null, "name_el": null, "name_en": null, "leisure": "pitch", "sport": "volleyball", "capacity": null, "operator": null, "website": null, "phone": null }, "geometry": { "type": "Point", "coordinates": [ 23.705915, 40.71442 ] } },
{ "type": "Feature", "properties": { "dest_category": "Sports pitch", "dest_source": "sport_pitches", "symbol_origin": "polygon", "name": "Κοινοτικό Γήπεδο Αγίου Γεωργίου", "name_el": null, "name_en": null, "leisure": "pitch", "sport": "soccer", "capacity": null, "operator": null, "website": null, "phone": null }, "geometry": { "type": "Point", "coordinates": [ 23.705827, 40.715787 ] } },
{ "type": "Feature", "properties": { "dest_category": "Sports pitch", "dest_source": "sport_pitches", "symbol_origin": "polygon", "name": null, "name_el": null, "name_en": null, "leisure": "pitch", "sport": "soccer", "capacity": null, "operator": null, "website": null, "phone": null }, "geometry": { "type": "Point", "coordinates": [ 23.694342, 40.720467 ] } },
{ "type": "Feature", "properties": { "dest_category": "Sports pitch", "dest_source": "sport_pitches", "symbol_origin": "polygon", "name": null, "name_el": null, "name_en": null, "leisure": "pitch", "sport": "tennis", "capacity": null, "operator": null, "website": null, "phone": null }, "geometry": { "type": "Point", "coordinates": [ 23.710612, 40.722776 ] } },
{ "type": "Feature", "properties": { "dest_category": "Sports pitch", "dest_source": "sport_pitches", "symbol_origin": "polygon", "name": null, "name_el": null, "name_en": null, "leisure": "pitch", "sport": "tennis", "capacity": null, "operator": null, "website": null, "phone": null }, "geometry": { "type": "Point", "coordinates": [ 23.710893, 40.723079 ] } },
{ "type": "Feature", "properties": { "dest_category": "Sports pitch", "dest_source": "sport_pitches", "symbol_origin": "polygon", "name": null, "name_el": null, "name_en": null, "leisure": "pitch", "sport": "soccer", "capacity": null, "operator": null, "website": null, "phone": null }, "geometry": { "type": "Point", "coordinates": [ 23.590519, 40.741303 ] } },
{ "type": "Feature", "properties": { "dest_category": "Sports pitch", "dest_source": "sport_pitches", "symbol_origin": "polygon", "name": null, "name_el": null, "name_en": null, "leisure": "pitch", "sport": "soccer", "capacity": null, "operator": null, "website": null, "phone": null }, "geometry": { "type": "Point", "coordinates": [ 23.385142, 40.749115 ] } },
{ "type": "Feature", "properties": { "dest_category": "Sports pitch", "dest_source": "sport_pitches", "symbol_origin": "polygon", "name": null, "name_el": null, "name_en": null, "leisure": "pitch", "sport": "basketball", "capacity": null, "operator": null, "website": null, "phone": null }, "geometry": { "type": "Point", "coordinates": [ 23.086362, 40.732449 ] } },
{ "type": "Feature", "properties": { "dest_category": "Sports pitch", "dest_source": "sport_pitches", "symbol_origin": "polygon", "name": null, "name_el": null, "name_en": null, "leisure": "pitch", "sport": "tennis", "capacity": null, "operator": null, "website": null, "phone": null }, "geometry": { "type": "Point", "coordinates": [ 23.086781, 40.732558 ] } },
{ "type": "Feature", "properties": { "dest_category": "Sports pitch", "dest_source": "sport_pitches", "symbol_origin": "polygon", "name": null, "name_el": null, "name_en": null, "leisure": "pitch", "sport": "basketball", "capacity": null, "operator": null, "website": null, "phone": null }, "geometry": { "type": "Point", "coordinates": [ 23.159994, 40.734057 ] } },
{ "type": "Feature", "properties": { "dest_category": "Sports pitch", "dest_source": "sport_pitches", "symbol_origin": "polygon", "name": null, "name_el": null, "name_en": null, "leisure": "pitch", "sport": "soccer", "capacity": null, "operator": null, "website": null, "phone": null }, "geometry": { "type": "Point", "coordinates": [ 23.160113, 40.734408 ] } },
{ "type": "Feature", "properties": { "dest_category": "Sports pitch", "dest_source": "sport_pitches", "symbol_origin": "polygon", "name": null, "name_el": null, "name_en": null, "leisure": "pitch", "sport": "soccer", "capacity": null, "operator": null, "website": null, "phone": null }, "geometry": { "type": "Point", "coordinates": [ 23.06557, 40.742982 ] } },
{ "type": "Feature", "properties": { "dest_category": "Sports pitch", "dest_source": "sport_pitches", "symbol_origin": "polygon", "name": null, "name_el": null, "name_en": null, "leisure": "pitch", "sport": "basketball", "capacity": null, "operator": null, "website": null, "phone": null }, "geometry": { "type": "Point", "coordinates": [ 23.07052, 40.747364 ] } },
{ "type": "Feature", "properties": { "dest_category": "Stadium", "dest_source": "sport_stadiums", "symbol_origin": "polygon", "name": "Γυμναστήριο Λαγκαδά", "name_el": null, "name_en": null, "leisure": "stadium", "sport": "basketball;voleyball", "capacity": null, "operator": null, "website": null, "phone": null }, "geometry": { "type": "Point", "coordinates": [ 23.059399, 40.747667 ] } },
{ "type": "Feature", "properties": { "dest_category": "Sports pitch", "dest_source": "sport_pitches", "symbol_origin": "polygon", "name": null, "name_el": null, "name_en": null, "leisure": "pitch", "sport": "tennis", "capacity": null, "operator": null, "website": null, "phone": null }, "geometry": { "type": "Point", "coordinates": [ 23.059685, 40.74835 ] } },
{ "type": "Feature", "properties": { "dest_category": "Sports pitch", "dest_source": "sport_pitches", "symbol_origin": "polygon", "name": null, "name_el": null, "name_en": null, "leisure": "pitch", "sport": "tennis", "capacity": null, "operator": null, "website": null, "phone": null }, "geometry": { "type": "Point", "coordinates": [ 23.05974, 40.748682 ] } },
{ "type": "Feature", "properties": { "dest_category": "Sports pitch", "dest_source": "sport_pitches", "symbol_origin": "polygon", "name": null, "name_el": null, "name_en": null, "leisure": "pitch", "sport": "soccer", "capacity": null, "operator": null, "website": null, "phone": null }, "geometry": { "type": "Point", "coordinates": [ 23.134276, 40.750152 ] } },
{ "type": "Feature", "properties": { "dest_category": "Sports pitch", "dest_source": "sport_pitches", "symbol_origin": "polygon", "name": null, "name_el": null, "name_en": null, "leisure": "pitch", "sport": null, "capacity": null, "operator": null, "website": null, "phone": null }, "geometry": { "type": "Point", "coordinates": [ 23.131725, 40.758347 ] } },
{ "type": "Feature", "properties": { "dest_category": "Sports pitch", "dest_source": "sport_pitches", "symbol_origin": "polygon", "name": null, "name_el": null, "name_en": null, "leisure": "pitch", "sport": "soccer", "capacity": null, "operator": null, "website": null, "phone": null }, "geometry": { "type": "Point", "coordinates": [ 23.035694, 40.759885 ] } },
{ "type": "Feature", "properties": { "dest_category": "Sports pitch", "dest_source": "sport_pitches", "symbol_origin": "polygon", "name": null, "name_el": null, "name_en": null, "leisure": "pitch", "sport": null, "capacity": null, "operator": null, "website": null, "phone": null }, "geometry": { "type": "Point", "coordinates": [ 23.081895, 40.76508 ] } },
{ "type": "Feature", "properties": { "dest_category": "Sports pitch", "dest_source": "sport_pitches", "symbol_origin": "polygon", "name": null, "name_el": null, "name_en": null, "leisure": "pitch", "sport": "handball", "capacity": null, "operator": null, "website": null, "phone": null }, "geometry": { "type": "Point", "coordinates": [ 23.081452, 40.768485 ] } },
{ "type": "Feature", "properties": { "dest_category": "Sports pitch", "dest_source": "sport_pitches", "symbol_origin": "polygon", "name": null, "name_el": null, "name_en": null, "leisure": "pitch", "sport": "soccer", "capacity": null, "operator": null, "website": null, "phone": null }, "geometry": { "type": "Point", "coordinates": [ 23.080287, 40.769099 ] } },
{ "type": "Feature", "properties": { "dest_category": "Sports pitch", "dest_source": "sport_pitches", "symbol_origin": "polygon", "name": null, "name_el": null, "name_en": null, "leisure": "pitch", "sport": "soccer", "capacity": null, "operator": null, "website": null, "phone": null }, "geometry": { "type": "Point", "coordinates": [ 23.25337, 40.754045 ] } },
{ "type": "Feature", "properties": { "dest_category": "Sports pitch", "dest_source": "sport_pitches", "symbol_origin": "polygon", "name": null, "name_el": null, "name_en": null, "leisure": "pitch", "sport": "soccer", "capacity": null, "operator": null, "website": null, "phone": null }, "geometry": { "type": "Point", "coordinates": [ 23.377697, 40.757298 ] } },
{ "type": "Feature", "properties": { "dest_category": "Sports pitch", "dest_source": "sport_pitches", "symbol_origin": "polygon", "name": null, "name_el": null, "name_en": null, "leisure": "pitch", "sport": "basketball", "capacity": null, "operator": null, "website": null, "phone": null }, "geometry": { "type": "Point", "coordinates": [ 23.254176, 40.758047 ] } },
{ "type": "Feature", "properties": { "dest_category": "Sports pitch", "dest_source": "sport_pitches", "symbol_origin": "polygon", "name": null, "name_el": null, "name_en": null, "leisure": "pitch", "sport": "basketball", "capacity": null, "operator": null, "website": null, "phone": null }, "geometry": { "type": "Point", "coordinates": [ 23.482525, 40.762569 ] } },
{ "type": "Feature", "properties": { "dest_category": "Sports pitch", "dest_source": "sport_pitches", "symbol_origin": "polygon", "name": null, "name_el": null, "name_en": null, "leisure": "pitch", "sport": "soccer", "capacity": null, "operator": null, "website": null, "phone": null }, "geometry": { "type": "Point", "coordinates": [ 23.447559, 40.762865 ] } },
{ "type": "Feature", "properties": { "dest_category": "Sports pitch", "dest_source": "sport_pitches", "symbol_origin": "polygon", "name": null, "name_el": null, "name_en": null, "leisure": "pitch", "sport": "soccer", "capacity": null, "operator": null, "website": null, "phone": null }, "geometry": { "type": "Point", "coordinates": [ 23.487167, 40.765964 ] } },
{ "type": "Feature", "properties": { "dest_category": "Sports pitch", "dest_source": "sport_pitches", "symbol_origin": "polygon", "name": null, "name_el": null, "name_en": null, "leisure": "pitch", "sport": null, "capacity": null, "operator": null, "website": null, "phone": null }, "geometry": { "type": "Point", "coordinates": [ 23.468284, 40.80337 ] } },
{ "type": "Feature", "properties": { "dest_category": "Sports pitch", "dest_source": "sport_pitches", "symbol_origin": "polygon", "name": null, "name_el": null, "name_en": null, "leisure": "pitch", "sport": "volleyball", "capacity": null, "operator": null, "website": null, "phone": null }, "geometry": { "type": "Point", "coordinates": [ 23.51953, 40.809634 ] } },
{ "type": "Feature", "properties": { "dest_category": "Sports pitch", "dest_source": "sport_pitches", "symbol_origin": "polygon", "name": null, "name_el": null, "name_en": null, "leisure": "pitch", "sport": "soccer", "capacity": null, "operator": null, "website": null, "phone": null }, "geometry": { "type": "Point", "coordinates": [ 23.345405, 40.812685 ] } },
{ "type": "Feature", "properties": { "dest_category": "Sports pitch", "dest_source": "sport_pitches", "symbol_origin": "polygon", "name": null, "name_el": null, "name_en": null, "leisure": "pitch", "sport": "tennis", "capacity": null, "operator": null, "website": null, "phone": null }, "geometry": { "type": "Point", "coordinates": [ 23.024791, 40.823086 ] } },
{ "type": "Feature", "properties": { "dest_category": "Sports pitch", "dest_source": "sport_pitches", "symbol_origin": "polygon", "name": null, "name_el": null, "name_en": null, "leisure": "pitch", "sport": "handball", "capacity": null, "operator": null, "website": null, "phone": null }, "geometry": { "type": "Point", "coordinates": [ 22.968004, 40.644298 ] } },
{ "type": "Feature", "properties": { "dest_category": "Sports pitch", "dest_source": "sport_pitches", "symbol_origin": "polygon", "name": null, "name_el": null, "name_en": null, "leisure": "pitch", "sport": "basketball", "capacity": null, "operator": null, "website": null, "phone": null }, "geometry": { "type": "Point", "coordinates": [ 22.971674, 40.646127 ] } },
{ "type": "Feature", "properties": { "dest_category": "Sports pitch", "dest_source": "sport_pitches", "symbol_origin": "polygon", "name": null, "name_el": null, "name_en": null, "leisure": "pitch", "sport": "basketball", "capacity": null, "operator": null, "website": null, "phone": null }, "geometry": { "type": "Point", "coordinates": [ 22.972304, 40.646878 ] } },
{ "type": "Feature", "properties": { "dest_category": "Stadium", "dest_source": "sport_stadiums", "symbol_origin": "polygon", "name": null, "name_el": null, "name_en": null, "leisure": "stadium", "sport": "basketball", "capacity": null, "operator": null, "website": null, "phone": null }, "geometry": { "type": "Point", "coordinates": [ 22.963605, 40.647967 ] } },
{ "type": "Feature", "properties": { "dest_category": "Sports pitch", "dest_source": "sport_pitches", "symbol_origin": "polygon", "name": "Δημοτικό Γήπεδο Καλαθοσφαίρισης", "name_el": null, "name_en": null, "leisure": "pitch", "sport": "volleyball", "capacity": null, "operator": null, "website": null, "phone": null }, "geometry": { "type": "Point", "coordinates": [ 22.98066, 40.65805 ] } },
{ "type": "Feature", "properties": { "dest_category": "Sports pitch", "dest_source": "sport_pitches", "symbol_origin": "polygon", "name": null, "name_el": null, "name_en": null, "leisure": "pitch", "sport": "soccer", "capacity": null, "operator": null, "website": null, "phone": null }, "geometry": { "type": "Point", "coordinates": [ 22.96617, 40.658399 ] } },
{ "type": "Feature", "properties": { "dest_category": "Stadium", "dest_source": "sport_stadiums", "symbol_origin": "polygon", "name": "Γήπεδο Συκεών (παλιό)", "name_el": "Γήπεδο Συκεών (παλιό)", "name_en": null, "leisure": "stadium", "sport": "soccer", "capacity": null, "operator": "Δήμος Νεάπολης-Συκεών", "website": null, "phone": null }, "geometry": { "type": "Point", "coordinates": [ 22.97029, 40.661584 ] } },
{ "type": "Feature", "properties": { "dest_category": "Sports pitch", "dest_source": "sport_pitches", "symbol_origin": "polygon", "name": null, "name_el": null, "name_en": null, "leisure": "pitch", "sport": "volleyball", "capacity": null, "operator": null, "website": null, "phone": null }, "geometry": { "type": "Point", "coordinates": [ 22.966506, 40.712673 ] } },
{ "type": "Feature", "properties": { "dest_category": "Sports pitch", "dest_source": "sport_pitches", "symbol_origin": "polygon", "name": null, "name_el": null, "name_en": null, "leisure": "pitch", "sport": "volleyball", "capacity": null, "operator": null, "website": null, "phone": null }, "geometry": { "type": "Point", "coordinates": [ 22.96566, 40.71363 ] } },
{ "type": "Feature", "properties": { "dest_category": "Sports pitch", "dest_source": "sport_pitches", "symbol_origin": "polygon", "name": null, "name_el": null, "name_en": null, "leisure": "pitch", "sport": null, "capacity": null, "operator": null, "website": null, "phone": null }, "geometry": { "type": "Point", "coordinates": [ 23.025864, 40.644492 ] } },
{ "type": "Feature", "properties": { "dest_category": "Sports pitch", "dest_source": "sport_pitches", "symbol_origin": "polygon", "name": null, "name_el": null, "name_en": null, "leisure": "pitch", "sport": "soccer", "capacity": null, "operator": null, "website": null, "phone": null }, "geometry": { "type": "Point", "coordinates": [ 23.006076, 40.658143 ] } },
{ "type": "Feature", "properties": { "dest_category": "Sports pitch", "dest_source": "sport_pitches", "symbol_origin": "polygon", "name": null, "name_el": null, "name_en": null, "leisure": "pitch", "sport": null, "capacity": null, "operator": null, "website": null, "phone": null }, "geometry": { "type": "Point", "coordinates": [ 23.002036, 40.661482 ] } },
{ "type": "Feature", "properties": { "dest_category": "Sports pitch", "dest_source": "sport_pitches", "symbol_origin": "polygon", "name": "Δημοτικό Γήπεδο Φιλύρου", "name_el": null, "name_en": null, "leisure": "pitch", "sport": "soccer", "capacity": null, "operator": null, "website": null, "phone": null }, "geometry": { "type": "Point", "coordinates": [ 23.010832, 40.684876 ] } },
{ "type": "Feature", "properties": { "dest_category": "Sports pitch", "dest_source": "sport_pitches", "symbol_origin": "polygon", "name": "Γήπεδο Λαγυνών", "name_el": null, "name_en": null, "leisure": "pitch", "sport": "soccer", "capacity": null, "operator": null, "website": null, "phone": null }, "geometry": { "type": "Point", "coordinates": [ 23.016885, 40.728433 ] } },
{ "type": "Feature", "properties": { "dest_category": "Stadium", "dest_source": "sport_stadiums", "symbol_origin": "polygon", "name": "Γυμναστήριο Λαγυνών", "name_el": null, "name_en": null, "leisure": "stadium", "sport": "volleyball;basketball", "capacity": null, "operator": null, "website": null, "phone": null }, "geometry": { "type": "Point", "coordinates": [ 23.017687, 40.728938 ] } },
{ "type": "Feature", "properties": { "dest_category": "Sports pitch", "dest_source": "sport_pitches", "symbol_origin": "polygon", "name": null, "name_el": null, "name_en": null, "leisure": "pitch", "sport": "soccer", "capacity": null, "operator": null, "website": null, "phone": null }, "geometry": { "type": "Point", "coordinates": [ 23.027467, 40.742665 ] } },
{ "type": "Feature", "properties": { "dest_category": "Sports pitch", "dest_source": "sport_pitches", "symbol_origin": "polygon", "name": null, "name_el": null, "name_en": null, "leisure": "pitch", "sport": "soccer", "capacity": null, "operator": null, "website": null, "phone": null }, "geometry": { "type": "Point", "coordinates": [ 23.027979, 40.818378 ] } },
{ "type": "Feature", "properties": { "dest_category": "Sports pitch", "dest_source": "sport_pitches", "symbol_origin": "polygon", "name": null, "name_el": null, "name_en": null, "leisure": "pitch", "sport": "soccer", "capacity": null, "operator": null, "website": null, "phone": null }, "geometry": { "type": "Point", "coordinates": [ 23.02473, 40.822162 ] } },
{ "type": "Feature", "properties": { "dest_category": "Sports pitch", "dest_source": "sport_pitches", "symbol_origin": "polygon", "name": null, "name_el": null, "name_en": null, "leisure": "pitch", "sport": "football", "capacity": null, "operator": null, "website": null, "phone": null }, "geometry": { "type": "Point", "coordinates": [ 22.990066, 40.655527 ] } },
{ "type": "Feature", "properties": { "dest_category": "Sports pitch", "dest_source": "sport_pitches", "symbol_origin": "polygon", "name": null, "name_el": null, "name_en": null, "leisure": "pitch", "sport": "basketball", "capacity": null, "operator": null, "website": null, "phone": null }, "geometry": { "type": "Point", "coordinates": [ 22.998737, 40.656553 ] } },
{ "type": "Feature", "properties": { "dest_category": "Sports pitch", "dest_source": "sport_pitches", "symbol_origin": "polygon", "name": null, "name_el": null, "name_en": null, "leisure": "pitch", "sport": "basketball", "capacity": null, "operator": null, "website": null, "phone": null }, "geometry": { "type": "Point", "coordinates": [ 23.000132, 40.656773 ] } },
{ "type": "Feature", "properties": { "dest_category": "Sports pitch", "dest_source": "sport_pitches", "symbol_origin": "polygon", "name": null, "name_el": null, "name_en": null, "leisure": "pitch", "sport": "basketball", "capacity": null, "operator": null, "website": null, "phone": null }, "geometry": { "type": "Point", "coordinates": [ 22.991109, 40.656931 ] } },
{ "type": "Feature", "properties": { "dest_category": "Sports pitch", "dest_source": "sport_pitches", "symbol_origin": "polygon", "name": null, "name_el": null, "name_en": null, "leisure": "pitch", "sport": "soccer", "capacity": null, "operator": null, "website": null, "phone": null }, "geometry": { "type": "Point", "coordinates": [ 22.981412, 40.664144 ] } },
{ "type": "Feature", "properties": { "dest_category": "Sports pitch", "dest_source": "sport_pitches", "symbol_origin": "polygon", "name": "Γήπεδο Α.Σ. Μακεδονικός Λητής", "name_el": null, "name_en": null, "leisure": "pitch", "sport": "soccer", "capacity": null, "operator": null, "website": null, "phone": null }, "geometry": { "type": "Point", "coordinates": [ 22.984515, 40.740937 ] } },
{ "type": "Feature", "properties": { "dest_category": "Sports pitch", "dest_source": "sport_pitches", "symbol_origin": "polygon", "name": null, "name_el": null, "name_en": null, "leisure": "pitch", "sport": "soccer", "capacity": null, "operator": null, "website": null, "phone": null }, "geometry": { "type": "Point", "coordinates": [ 22.984984, 40.838494 ] } },
{ "type": "Feature", "properties": { "dest_category": "Sports pitch", "dest_source": "sport_pitches", "symbol_origin": "polygon", "name": null, "name_el": null, "name_en": null, "leisure": "pitch", "sport": "basketball", "capacity": null, "operator": null, "website": null, "phone": null }, "geometry": { "type": "Point", "coordinates": [ 22.982811, 40.840918 ] } },
{ "type": "Feature", "properties": { "dest_category": "Sports pitch", "dest_source": "sport_pitches", "symbol_origin": "polygon", "name": null, "name_el": null, "name_en": null, "leisure": "pitch", "sport": "basketball", "capacity": null, "operator": null, "website": null, "phone": null }, "geometry": { "type": "Point", "coordinates": [ 22.98702, 40.841169 ] } },
{ "type": "Feature", "properties": { "dest_category": "Sports pitch", "dest_source": "sport_pitches", "symbol_origin": "polygon", "name": null, "name_el": null, "name_en": null, "leisure": "pitch", "sport": "basketball", "capacity": null, "operator": null, "website": null, "phone": null }, "geometry": { "type": "Point", "coordinates": [ 22.986943, 40.841523 ] } },
{ "type": "Feature", "properties": { "dest_category": "Sports pitch", "dest_source": "sport_pitches", "symbol_origin": "polygon", "name": null, "name_el": null, "name_en": null, "leisure": "pitch", "sport": "basketball", "capacity": null, "operator": null, "website": null, "phone": null }, "geometry": { "type": "Point", "coordinates": [ 22.979671, 40.84221 ] } },
{ "type": "Feature", "properties": { "dest_category": "Sports pitch", "dest_source": "sport_pitches", "symbol_origin": "polygon", "name": null, "name_el": null, "name_en": null, "leisure": "pitch", "sport": "soccer", "capacity": null, "operator": null, "website": null, "phone": null }, "geometry": { "type": "Point", "coordinates": [ 23.278404, 40.812311 ] } },
{ "type": "Feature", "properties": { "dest_category": "Sports pitch", "dest_source": "sport_pitches", "symbol_origin": "polygon", "name": null, "name_el": null, "name_en": null, "leisure": "pitch", "sport": "tennis", "capacity": null, "operator": null, "website": null, "phone": null }, "geometry": { "type": "Point", "coordinates": [ 23.346365, 40.81276 ] } },
{ "type": "Feature", "properties": { "dest_category": "Sports pitch", "dest_source": "sport_pitches", "symbol_origin": "polygon", "name": null, "name_el": null, "name_en": null, "leisure": "pitch", "sport": "basketball", "capacity": null, "operator": null, "website": null, "phone": null }, "geometry": { "type": "Point", "coordinates": [ 23.278852, 40.812507 ] } },
{ "type": "Feature", "properties": { "dest_category": "Sports pitch", "dest_source": "sport_pitches", "symbol_origin": "polygon", "name": null, "name_el": null, "name_en": null, "leisure": "pitch", "sport": null, "capacity": null, "operator": null, "website": null, "phone": null }, "geometry": { "type": "Point", "coordinates": [ 23.346245, 40.813137 ] } },
{ "type": "Feature", "properties": { "dest_category": "Sports pitch", "dest_source": "sport_pitches", "symbol_origin": "polygon", "name": null, "name_el": null, "name_en": null, "leisure": "pitch", "sport": "soccer", "capacity": null, "operator": null, "website": null, "phone": null }, "geometry": { "type": "Point", "coordinates": [ 23.350182, 40.829735 ] } },
{ "type": "Feature", "properties": { "dest_category": "Sports pitch", "dest_source": "sport_pitches", "symbol_origin": "polygon", "name": null, "name_el": null, "name_en": null, "leisure": "pitch", "sport": "soccer", "capacity": null, "operator": null, "website": null, "phone": null }, "geometry": { "type": "Point", "coordinates": [ 23.337295, 40.830639 ] } },
{ "type": "Feature", "properties": { "dest_category": "Sports pitch", "dest_source": "sport_pitches", "symbol_origin": "polygon", "name": null, "name_el": null, "name_en": null, "leisure": "pitch", "sport": "volleyball", "capacity": null, "operator": null, "website": null, "phone": null }, "geometry": { "type": "Point", "coordinates": [ 23.337947, 40.830812 ] } },
{ "type": "Feature", "properties": { "dest_category": "Sports pitch", "dest_source": "sport_pitches", "symbol_origin": "polygon", "name": null, "name_el": null, "name_en": null, "leisure": "pitch", "sport": "soccer", "capacity": null, "operator": null, "website": null, "phone": null }, "geometry": { "type": "Point", "coordinates": [ 23.203479, 40.837974 ] } },
{ "type": "Feature", "properties": { "dest_category": "Sports pitch", "dest_source": "sport_pitches", "symbol_origin": "polygon", "name": "Γήπεδο Χρυσαυγής", "name_el": null, "name_en": null, "leisure": "pitch", "sport": "soccer", "capacity": null, "operator": null, "website": null, "phone": null }, "geometry": { "type": "Point", "coordinates": [ 23.080998, 40.769836 ] } },
{ "type": "Feature", "properties": { "dest_category": "Sports pitch", "dest_source": "sport_pitches", "symbol_origin": "polygon", "name": null, "name_el": null, "name_en": null, "leisure": "pitch", "sport": "basketball", "capacity": null, "operator": null, "website": null, "phone": null }, "geometry": { "type": "Point", "coordinates": [ 23.161636, 40.811067 ] } },
{ "type": "Feature", "properties": { "dest_category": "Sports pitch", "dest_source": "sport_pitches", "symbol_origin": "polygon", "name": null, "name_el": null, "name_en": null, "leisure": "pitch", "sport": "soccer", "capacity": null, "operator": null, "website": null, "phone": null }, "geometry": { "type": "Point", "coordinates": [ 23.113842, 40.814944 ] } },
{ "type": "Feature", "properties": { "dest_category": "Sports pitch", "dest_source": "sport_pitches", "symbol_origin": "polygon", "name": null, "name_el": null, "name_en": null, "leisure": "pitch", "sport": "basketball", "capacity": null, "operator": null, "website": null, "phone": null }, "geometry": { "type": "Point", "coordinates": [ 23.116387, 40.818732 ] } },
{ "type": "Feature", "properties": { "dest_category": "Sports pitch", "dest_source": "sport_pitches", "symbol_origin": "polygon", "name": null, "name_el": null, "name_en": null, "leisure": "pitch", "sport": "soccer", "capacity": null, "operator": null, "website": null, "phone": null }, "geometry": { "type": "Point", "coordinates": [ 23.170292, 40.839467 ] } },
{ "type": "Feature", "properties": { "dest_category": "Sports pitch", "dest_source": "sport_pitches", "symbol_origin": "polygon", "name": null, "name_el": null, "name_en": null, "leisure": "pitch", "sport": "soccer", "capacity": null, "operator": null, "website": null, "phone": null }, "geometry": { "type": "Point", "coordinates": [ 23.105562, 40.886443 ] } },
{ "type": "Feature", "properties": { "dest_category": "Sports pitch", "dest_source": "sport_pitches", "symbol_origin": "polygon", "name": null, "name_el": null, "name_en": null, "leisure": "pitch", "sport": "basketball", "capacity": null, "operator": null, "website": null, "phone": null }, "geometry": { "type": "Point", "coordinates": [ 23.104946, 40.88682 ] } },
{ "type": "Feature", "properties": { "dest_category": "Sports pitch", "dest_source": "sport_pitches", "symbol_origin": "polygon", "name": "Γήπεδο Στεφάνων", "name_el": null, "name_en": null, "leisure": "pitch", "sport": "soccer", "capacity": null, "operator": null, "website": null, "phone": null }, "geometry": { "type": "Point", "coordinates": [ 23.047241, 40.915195 ] } },
{ "type": "Feature", "properties": { "dest_category": "Sports pitch", "dest_source": "sport_pitches", "symbol_origin": "polygon", "name": null, "name_el": null, "name_en": null, "leisure": "pitch", "sport": "soccer", "capacity": null, "operator": null, "website": null, "phone": null }, "geometry": { "type": "Point", "coordinates": [ 23.178532, 40.9234 ] } },
{ "type": "Feature", "properties": { "dest_category": "Sports pitch", "dest_source": "sport_pitches", "symbol_origin": "polygon", "name": null, "name_el": null, "name_en": null, "leisure": "pitch", "sport": null, "capacity": null, "operator": null, "website": null, "phone": null }, "geometry": { "type": "Point", "coordinates": [ 23.221328, 40.885174 ] } },
{ "type": "Feature", "properties": { "dest_category": "Sports pitch", "dest_source": "sport_pitches", "symbol_origin": "polygon", "name": "Γήπεδο Νικόπολης", "name_el": null, "name_en": null, "leisure": "pitch", "sport": "soccer", "capacity": null, "operator": null, "website": null, "phone": null }, "geometry": { "type": "Point", "coordinates": [ 23.185514, 40.885962 ] } },
{ "type": "Feature", "properties": { "dest_category": "Sports pitch", "dest_source": "sport_pitches", "symbol_origin": "polygon", "name": null, "name_el": null, "name_en": null, "leisure": "pitch", "sport": "soccer", "capacity": null, "operator": null, "website": null, "phone": null }, "geometry": { "type": "Point", "coordinates": [ 23.068011, 40.924956 ] } }
]
}
