{
"type": "FeatureCollection",
"name": "water_polygons",
"crs": { "type": "name", "properties": { "name": "urn:ogc:def:crs:OGC:1.3:CRS84" } },
"xy_coordinate_resolution": 1e-06,
"features": [
{ "type": "Feature", "properties": { "fclass": "water", "name": null, "name:el": null, "name:en": null }, "geometry": { "type": "MultiPolygon", "coordinates": [ [ [ [ 22.983408, 40.378155 ], [ 22.983566, 40.378133 ], [ 22.983601, 40.378232 ], [ 22.983807, 40.378265 ], [ 22.983869, 40.378187 ], [ 22.983789, 40.378113 ], [ 22.983648, 40.378122 ], [ 22.983678, 40.378061 ], [ 22.983528, 40.377965 ], [ 22.983408, 40.378155 ] ] ] ] } },
{ "type": "Feature", "properties": { "fclass": "water", "name": null, "name:el": null, "name:en": null }, "geometry": { "type": "MultiPolygon", "coordinates": [ [ [ [ 23.02423, 40.414946 ], [ 23.024393, 40.414953 ], [ 23.024436, 40.414933 ], [ 23.02423, 40.414874 ], [ 23.02423, 40.414946 ] ] ] ] } },
{ "type": "Feature", "properties": { "fclass": "water", "name": null, "name:el": null, "name:en": null }, "geometry": { "type": "MultiPolygon", "coordinates": [ [ [ [ 23.025071, 40.415384 ], [ 23.025183, 40.415482 ], [ 23.025329, 40.415417 ], [ 23.025432, 40.415469 ], [ 23.025509, 40.415443 ], [ 23.025191, 40.415365 ], [ 23.025097, 40.415267 ], [ 23.025071, 40.415384 ] ] ] ] } },
{ "type": "Feature", "properties": { "fclass": "water", "name": null, "name:el": null, "name:en": null }, "geometry": { "type": "MultiPolygon", "coordinates": [ [ [ [ 23.024106, 40.415716 ], [ 23.024295, 40.416102 ], [ 23.024441, 40.416187 ], [ 23.024355, 40.416278 ], [ 23.024716, 40.417298 ], [ 23.024415, 40.417905 ], [ 23.02451, 40.41803 ], [ 23.024801, 40.417598 ], [ 23.024879, 40.417311 ], [ 23.024767, 40.416866 ], [ 23.024819, 40.416755 ], [ 23.024664, 40.416344 ], [ 23.024759, 40.416089 ], [ 23.024707, 40.41552 ], [ 23.024647, 40.415468 ], [ 23.024115, 40.415475 ], [ 23.024106, 40.415716 ] ] ] ] } },
{ "type": "Feature", "properties": { "fclass": "water", "name": null, "name:el": null, "name:en": null }, "geometry": { "type": "MultiPolygon", "coordinates": [ [ [ [ 23.030873, 40.420893 ], [ 23.031028, 40.420893 ], [ 23.031131, 40.420971 ], [ 23.031079, 40.420808 ], [ 23.030916, 40.420716 ], [ 23.030839, 40.420775 ], [ 23.030873, 40.420893 ] ] ] ] } },
{ "type": "Feature", "properties": { "fclass": "water", "name": null, "name:el": null, "name:en": null }, "geometry": { "type": "MultiPolygon", "coordinates": [ [ [ [ 22.929109, 40.381422 ], [ 22.929144, 40.381676 ], [ 22.929281, 40.381708 ], [ 22.929208, 40.381419 ], [ 22.929109, 40.381422 ] ] ] ] } },
{ "type": "Feature", "properties": { "fclass": "water", "name": "Επανομή", "name:el": null, "name:en": null }, "geometry": { "type": "MultiPolygon", "coordinates": [ [ [ [ 22.895557, 40.383508 ], [ 22.896364, 40.383724 ], [ 22.896275, 40.384648 ], [ 22.896402, 40.384804 ], [ 22.89676, 40.384867 ], [ 22.897273, 40.384785 ], [ 22.897597, 40.384993 ], [ 22.897831, 40.385614 ], [ 22.897852, 40.386313 ], [ 22.897916, 40.386364 ], [ 22.898305, 40.386348 ], [ 22.898523, 40.386513 ], [ 22.89867, 40.386912 ], [ 22.898571, 40.387232 ], [ 22.898673, 40.387373 ], [ 22.898834, 40.387412 ], [ 22.899078, 40.387273 ], [ 22.899518, 40.387422 ], [ 22.899987, 40.388052 ], [ 22.900478, 40.388123 ], [ 22.900792, 40.388519 ], [ 22.901618, 40.388595 ], [ 22.902358, 40.389228 ], [ 22.9025, 40.389091 ], [ 22.902983, 40.389048 ], [ 22.903106, 40.38893 ], [ 22.903061, 40.388687 ], [ 22.902484, 40.388583 ], [ 22.902079, 40.388003 ], [ 22.902031, 40.387766 ], [ 22.902264, 40.387571 ], [ 22.902404, 40.387584 ], [ 22.902785, 40.387949 ], [ 22.90312, 40.388483 ], [ 22.903566, 40.388486 ], [ 22.903517, 40.388701 ], [ 22.903697, 40.388868 ], [ 22.903848, 40.388796 ], [ 22.903737, 40.388416 ], [ 22.903903, 40.388406 ], [ 22.904016, 40.388543 ], [ 22.904209, 40.388528 ], [ 22.904273, 40.38867 ], [ 22.904356, 40.388673 ], [ 22.904449, 40.388496 ], [ 22.904283, 40.388277 ], [ 22.904714, 40.388343 ], [ 22.904895, 40.388224 ], [ 22.904504, 40.387363 ], [ 22.904676, 40.387159 ], [ 22.90393, 40.387006 ], [ 22.902468, 40.387081 ], [ 22.901406, 40.386783 ], [ 22.901272, 40.386685 ], [ 22.901264, 40.386405 ], [ 22.901482, 40.386114 ], [ 22.901509, 40.385921 ], [ 22.901194, 40.38575 ], [ 22.90086, 40.385778 ], [ 22.900148, 40.386036 ], [ 22.899593, 40.386043 ], [ 22.899362, 40.38597 ], [ 22.899215, 40.385725 ], [ 22.899241, 40.384805 ], [ 22.898914, 40.384443 ], [ 22.898264, 40.384311 ], [ 22.898247, 40.384162 ], [ 22.898348, 40.384064 ], [ 22.895591, 40.383454 ], [ 22.895557, 40.383508 ] ], [ [ 22.896432, 40.384061 ], [ 22.896496, 40.383745 ], [ 22.896574, 40.383747 ], [ 22.898085, 40.384084 ], [ 22.898183, 40.384319 ], [ 22.897436, 40.384353 ], [ 22.897063, 40.384139 ], [ 22.896432, 40.384061 ] ], [ [ 22.898162, 40.385149 ], [ 22.898457, 40.385052 ], [ 22.898728, 40.38512 ], [ 22.898494, 40.385306 ], [ 22.898277, 40.385285 ], [ 22.898162, 40.385149 ] ], [ [ 22.899962, 40.386496 ], [ 22.900203, 40.386378 ], [ 22.900549, 40.386622 ], [ 22.900412, 40.386658 ], [ 22.900273, 40.386564 ], [ 22.900004, 40.386605 ], [ 22.899962, 40.386496 ] ] ] ] } },
{ "type": "Feature", "properties": { "fclass": "water", "name": "Αλυκές Επανομής", "name:el": null, "name:en": null }, "geometry": { "type": "MultiPolygon", "coordinates": [ [ [ [ 22.864333, 40.438266 ], [ 22.864292, 40.439224 ], [ 22.86462, 40.439708 ], [ 22.864896, 40.440639 ], [ 22.865483, 40.441052 ], [ 22.865516, 40.441244 ], [ 22.865606, 40.441238 ], [ 22.866268, 40.440493 ], [ 22.866422, 40.440076 ], [ 22.866699, 40.439769 ], [ 22.866699, 40.439622 ], [ 22.867465, 40.438864 ], [ 22.867453, 40.438547 ], [ 22.86725, 40.438086 ], [ 22.867396, 40.437343 ], [ 22.867905, 40.436908 ], [ 22.869068, 40.436463 ], [ 22.869008, 40.4363 ], [ 22.867979, 40.436389 ], [ 22.867364, 40.435936 ], [ 22.866846, 40.435984 ], [ 22.86637, 40.435889 ], [ 22.865474, 40.436034 ], [ 22.865348, 40.436523 ], [ 22.864978, 40.436991 ], [ 22.864466, 40.438151 ], [ 22.864333, 40.438266 ] ] ] ] } },
{ "type": "Feature", "properties": { "fclass": "water", "name": null, "name:el": null, "name:en": null }, "geometry": { "type": "MultiPolygon", "coordinates": [ [ [ [ 22.942296, 40.515321 ], [ 22.943712, 40.5135 ], [ 22.943712, 40.513428 ], [ 22.94227, 40.515203 ], [ 22.942296, 40.515321 ] ] ] ] } },
{ "type": "Feature", "properties": { "fclass": "water", "name": null, "name:el": null, "name:en": null }, "geometry": { "type": "MultiPolygon", "coordinates": [ [ [ [ 22.946912, 40.517699 ], [ 22.947007, 40.51779 ], [ 22.947187, 40.517778 ], [ 22.949058, 40.515481 ], [ 22.948972, 40.515422 ], [ 22.949075, 40.515292 ], [ 22.949676, 40.514737 ], [ 22.94965, 40.514678 ], [ 22.94959, 40.514659 ], [ 22.949281, 40.514946 ], [ 22.948903, 40.515376 ], [ 22.948766, 40.515344 ], [ 22.946912, 40.517699 ] ] ] ] } },
{ "type": "Feature", "properties": { "fclass": "water", "name": null, "name:el": null, "name:en": null }, "geometry": { "type": "MultiPolygon", "coordinates": [ [ [ [ 22.949904, 40.602928 ], [ 22.950059, 40.603696 ], [ 22.950213, 40.603678 ], [ 22.950055, 40.602912 ], [ 22.949904, 40.602928 ] ], [ [ 22.94996, 40.603018 ], [ 22.94999, 40.602971 ], [ 22.949989, 40.603021 ], [ 22.94996, 40.603018 ] ], [ [ 22.949996, 40.603134 ], [ 22.950016, 40.603091 ], [ 22.950006, 40.603137 ], [ 22.949996, 40.603134 ] ], [ [ 22.950041, 40.60333 ], [ 22.950073, 40.603264 ], [ 22.950061, 40.603341 ], [ 22.950041, 40.60333 ] ], [ [ 22.950051, 40.603429 ], [ 22.950111, 40.603494 ], [ 22.950102, 40.603511 ], [ 22.950064, 40.603485 ], [ 22.950051, 40.603429 ] ], [ [ 22.950122, 40.603627 ], [ 22.950142, 40.603595 ], [ 22.950136, 40.603643 ], [ 22.950122, 40.603627 ] ] ] ] } },
{ "type": "Feature", "properties": { "fclass": "water", "name": null, "name:el": null, "name:en": null }, "geometry": { "type": "MultiPolygon", "coordinates": [ [ [ [ 22.950888, 40.610453 ], [ 22.951079, 40.610443 ], [ 22.951004, 40.61 ], [ 22.95083, 40.610009 ], [ 22.950888, 40.610453 ] ] ] ] } },
{ "type": "Feature", "properties": { "fclass": "water", "name": null, "name:el": null, "name:en": null }, "geometry": { "type": "MultiPolygon", "coordinates": [ [ [ [ 23.133273, 40.411836 ], [ 23.133325, 40.412019 ], [ 23.133367, 40.412003 ], [ 23.133392, 40.411876 ], [ 23.133273, 40.411836 ] ] ] ] } },
{ "type": "Feature", "properties": { "fclass": "reservoir", "name": null, "name:el": null, "name:en": null }, "geometry": { "type": "MultiPolygon", "coordinates": [ [ [ [ 23.139396, 40.432244 ], [ 23.139761, 40.432567 ], [ 23.139981, 40.432617 ], [ 23.14035, 40.432628 ], [ 23.140379, 40.432561 ], [ 23.139772, 40.432069 ], [ 23.139396, 40.432244 ] ] ] ] } },
{ "type": "Feature", "properties": { "fclass": "water", "name": null, "name:el": null, "name:en": null }, "geometry": { "type": "MultiPolygon", "coordinates": [ [ [ [ 23.100167, 40.432798 ], [ 23.100614, 40.432955 ], [ 23.100854, 40.432863 ], [ 23.101077, 40.433059 ], [ 23.101266, 40.433046 ], [ 23.102158, 40.433752 ], [ 23.10221, 40.434091 ], [ 23.102081, 40.434301 ], [ 23.102485, 40.434523 ], [ 23.102467, 40.434399 ], [ 23.102596, 40.434333 ], [ 23.102502, 40.434209 ], [ 23.102776, 40.434039 ], [ 23.102982, 40.434242 ], [ 23.102931, 40.434353 ], [ 23.103034, 40.43447 ], [ 23.103334, 40.434751 ], [ 23.103497, 40.434804 ], [ 23.104278, 40.434823 ], [ 23.104742, 40.434732 ], [ 23.104922, 40.434777 ], [ 23.10518, 40.434601 ], [ 23.105643, 40.434791 ], [ 23.105411, 40.434438 ], [ 23.105197, 40.434294 ], [ 23.104905, 40.434281 ], [ 23.104768, 40.434405 ], [ 23.10445, 40.434503 ], [ 23.103987, 40.434346 ], [ 23.104184, 40.434105 ], [ 23.103815, 40.434039 ], [ 23.103755, 40.433869 ], [ 23.103592, 40.433765 ], [ 23.103626, 40.433686 ], [ 23.103137, 40.433164 ], [ 23.103051, 40.432942 ], [ 23.103197, 40.432876 ], [ 23.103154, 40.432798 ], [ 23.102871, 40.432667 ], [ 23.102819, 40.432419 ], [ 23.102519, 40.432282 ], [ 23.102476, 40.432177 ], [ 23.10257, 40.432066 ], [ 23.102373, 40.431981 ], [ 23.10094, 40.432105 ], [ 23.100759, 40.432177 ], [ 23.100605, 40.432177 ], [ 23.100571, 40.432105 ], [ 23.100296, 40.432269 ], [ 23.100536, 40.432432 ], [ 23.100528, 40.432497 ], [ 23.100485, 40.432563 ], [ 23.100219, 40.432504 ], [ 23.100116, 40.432628 ], [ 23.100167, 40.432798 ] ] ] ] } },
{ "type": "Feature", "properties": { "fclass": "water", "name": null, "name:el": null, "name:en": null }, "geometry": { "type": "MultiPolygon", "coordinates": [ [ [ [ 23.137199, 40.433902 ], [ 23.137467, 40.433886 ], [ 23.137505, 40.433742 ], [ 23.137414, 40.433685 ], [ 23.137116, 40.433717 ], [ 23.137199, 40.433902 ] ] ] ] } },
{ "type": "Feature", "properties": { "fclass": "reservoir", "name": null, "name:el": null, "name:en": null }, "geometry": { "type": "MultiPolygon", "coordinates": [ [ [ [ 23.101708, 40.44461 ], [ 23.101908, 40.444581 ], [ 23.101736, 40.444245 ], [ 23.10161, 40.444325 ], [ 23.101708, 40.44461 ] ] ] ] } },
{ "type": "Feature", "properties": { "fclass": "wetland", "name": null, "name:el": null, "name:en": null }, "geometry": { "type": "MultiPolygon", "coordinates": [ [ [ [ 23.125844, 40.445044 ], [ 23.126186, 40.445016 ], [ 23.126248, 40.445072 ], [ 23.126058, 40.44523 ], [ 23.126125, 40.445288 ], [ 23.126358, 40.445195 ], [ 23.127177, 40.445263 ], [ 23.127412, 40.444992 ], [ 23.125878, 40.444798 ], [ 23.125844, 40.445044 ] ] ] ] } },
{ "type": "Feature", "properties": { "fclass": "water", "name": "Τεχνητή λίμνη Κάτω Σχολαρίου", "name:el": null, "name:en": null }, "geometry": { "type": "MultiPolygon", "coordinates": [ [ [ [ 23.033539, 40.420866 ], [ 23.033505, 40.421506 ], [ 23.033685, 40.421663 ], [ 23.03414, 40.421767 ], [ 23.034766, 40.422081 ], [ 23.034921, 40.422238 ], [ 23.035341, 40.422375 ], [ 23.035505, 40.422636 ], [ 23.035951, 40.42244 ], [ 23.036509, 40.422558 ], [ 23.036741, 40.422813 ], [ 23.037118, 40.42295 ], [ 23.037144, 40.423211 ], [ 23.037341, 40.423166 ], [ 23.037298, 40.42297 ], [ 23.037384, 40.422996 ], [ 23.037384, 40.422891 ], [ 23.037255, 40.422774 ], [ 23.036844, 40.42278 ], [ 23.036715, 40.422702 ], [ 23.036629, 40.422231 ], [ 23.036457, 40.42214 ], [ 23.036234, 40.422172 ], [ 23.035925, 40.422107 ], [ 23.036123, 40.421604 ], [ 23.035762, 40.421382 ], [ 23.034861, 40.421094 ], [ 23.034801, 40.420977 ], [ 23.035032, 40.420722 ], [ 23.035058, 40.420565 ], [ 23.034766, 40.420565 ], [ 23.034475, 40.420689 ], [ 23.033831, 40.420624 ], [ 23.033668, 40.42067 ], [ 23.033539, 40.420866 ] ] ] ] } },
{ "type": "Feature", "properties": { "fclass": "water", "name": null, "name:el": null, "name:en": null }, "geometry": { "type": "MultiPolygon", "coordinates": [ [ [ [ 23.032571, 40.438366 ], [ 23.032996, 40.438588 ], [ 23.033134, 40.43857 ], [ 23.033019, 40.438503 ], [ 23.033183, 40.438382 ], [ 23.033019, 40.438307 ], [ 23.032578, 40.438247 ], [ 23.032571, 40.438366 ] ] ] ] } },
{ "type": "Feature", "properties": { "fclass": "water", "name": null, "name:el": null, "name:en": null }, "geometry": { "type": "MultiPolygon", "coordinates": [ [ [ [ 22.998283, 40.445998 ], [ 22.998686, 40.445684 ], [ 22.99872, 40.445462 ], [ 22.998815, 40.445495 ], [ 22.999115, 40.445737 ], [ 22.999579, 40.445939 ], [ 22.999828, 40.446383 ], [ 22.999733, 40.44652 ], [ 22.999888, 40.446658 ], [ 22.999836, 40.446135 ], [ 22.999613, 40.445723 ], [ 22.999476, 40.445691 ], [ 22.999304, 40.44541 ], [ 22.999278, 40.445508 ], [ 22.999072, 40.445247 ], [ 22.999064, 40.444894 ], [ 22.999004, 40.444783 ], [ 22.998875, 40.444763 ], [ 22.998952, 40.444711 ], [ 22.998849, 40.444593 ], [ 22.998703, 40.444561 ], [ 22.998463, 40.444593 ], [ 22.998617, 40.445116 ], [ 22.998514, 40.445606 ], [ 22.998369, 40.445743 ], [ 22.998283, 40.445998 ] ] ] ] } },
{ "type": "Feature", "properties": { "fclass": "water", "name": null, "name:el": null, "name:en": null }, "geometry": { "type": "MultiPolygon", "coordinates": [ [ [ [ 23.043945, 40.467103 ], [ 23.044208, 40.467345 ], [ 23.044436, 40.467369 ], [ 23.044924, 40.467277 ], [ 23.045229, 40.467053 ], [ 23.045703, 40.466492 ], [ 23.045641, 40.466229 ], [ 23.045032, 40.465989 ], [ 23.044554, 40.466052 ], [ 23.043741, 40.466513 ], [ 23.043945, 40.467103 ] ] ] ] } },
{ "type": "Feature", "properties": { "fclass": "water", "name": null, "name:el": null, "name:en": null }, "geometry": { "type": "MultiPolygon", "coordinates": [ [ [ [ 23.041376, 40.466805 ], [ 23.041643, 40.467606 ], [ 23.044007, 40.467419 ], [ 23.043644, 40.466645 ], [ 23.043505, 40.466539 ], [ 23.041376, 40.466805 ] ] ] ] } },
{ "type": "Feature", "properties": { "fclass": "water", "name": null, "name:el": null, "name:en": null }, "geometry": { "type": "MultiPolygon", "coordinates": [ [ [ [ 23.039884, 40.467477 ], [ 23.040187, 40.467862 ], [ 23.040677, 40.467623 ], [ 23.040338, 40.467295 ], [ 23.039884, 40.467477 ] ] ] ] } },
{ "type": "Feature", "properties": { "fclass": "water", "name": null, "name:el": null, "name:en": null }, "geometry": { "type": "MultiPolygon", "coordinates": [ [ [ [ 23.094671, 40.490304 ], [ 23.094747, 40.490343 ], [ 23.094834, 40.490213 ], [ 23.094757, 40.490154 ], [ 23.094671, 40.490304 ] ] ] ] } },
{ "type": "Feature", "properties": { "fclass": "water", "name": null, "name:el": null, "name:en": null }, "geometry": { "type": "MultiPolygon", "coordinates": [ [ [ [ 22.987707, 40.526552 ], [ 22.987832, 40.526604 ], [ 22.987922, 40.526497 ], [ 22.987778, 40.526435 ], [ 22.987707, 40.526552 ] ] ] ] } },
{ "type": "Feature", "properties": { "fclass": "riverbank", "name": "Ανθεμούντας", "name:el": null, "name:en": null }, "geometry": { "type": "MultiPolygon", "coordinates": [ [ [ [ 22.974065, 40.534788 ], [ 22.974211, 40.534905 ], [ 22.97431, 40.535184 ], [ 22.974439, 40.535096 ], [ 22.974405, 40.534776 ], [ 22.977048, 40.533152 ], [ 22.977829, 40.532591 ], [ 22.979701, 40.530921 ], [ 22.980902, 40.529975 ], [ 22.981409, 40.529655 ], [ 22.984636, 40.52805 ], [ 22.985412, 40.527468 ], [ 22.986107, 40.526816 ], [ 22.985892, 40.52679 ], [ 22.984777, 40.527709 ], [ 22.984371, 40.527881 ], [ 22.98413, 40.528084 ], [ 22.981609, 40.529302 ], [ 22.980657, 40.529876 ], [ 22.979378, 40.530874 ], [ 22.977496, 40.532539 ], [ 22.974322, 40.534409 ], [ 22.974151, 40.534527 ], [ 22.974065, 40.534788 ] ] ] ] } },
{ "type": "Feature", "properties": { "fclass": "water", "name": "Νταλιάνη", "name:el": null, "name:en": null }, "geometry": { "type": "MultiPolygon", "coordinates": [ [ [ [ 22.978666, 40.53908 ], [ 22.979526, 40.539397 ], [ 22.980392, 40.538869 ], [ 22.980858, 40.538826 ], [ 22.981132, 40.538587 ], [ 22.981244, 40.53807 ], [ 22.981274, 40.53773 ], [ 22.980625, 40.536265 ], [ 22.979478, 40.535185 ], [ 22.979061, 40.535771 ], [ 22.978838, 40.536465 ], [ 22.979072, 40.537422 ], [ 22.978858, 40.537545 ], [ 22.978523, 40.538155 ], [ 22.978666, 40.53908 ] ] ] ] } },
{ "type": "Feature", "properties": { "fclass": "water", "name": null, "name:el": null, "name:en": null }, "geometry": { "type": "MultiPolygon", "coordinates": [ [ [ [ 22.830363, 40.480213 ], [ 22.830603, 40.480289 ], [ 22.83069, 40.480112 ], [ 22.830438, 40.480052 ], [ 22.830363, 40.480213 ] ] ] ] } },
{ "type": "Feature", "properties": { "fclass": "water", "name": null, "name:el": null, "name:en": null }, "geometry": { "type": "MultiPolygon", "coordinates": [ [ [ [ 22.83028, 40.480564 ], [ 22.830482, 40.480659 ], [ 22.830593, 40.480614 ], [ 22.830634, 40.480481 ], [ 22.830404, 40.480385 ], [ 22.83028, 40.480564 ] ] ] ] } },
{ "type": "Feature", "properties": { "fclass": "water", "name": null, "name:el": null, "name:en": null }, "geometry": { "type": "MultiPolygon", "coordinates": [ [ [ [ 22.832461, 40.480628 ], [ 22.832658, 40.480713 ], [ 22.832765, 40.480594 ], [ 22.832588, 40.480486 ], [ 22.832461, 40.480628 ] ] ] ] } },
{ "type": "Feature", "properties": { "fclass": "water", "name": null, "name:el": null, "name:en": null }, "geometry": { "type": "MultiPolygon", "coordinates": [ [ [ [ 22.832823, 40.480671 ], [ 22.833004, 40.480762 ], [ 22.833117, 40.480648 ], [ 22.832949, 40.480541 ], [ 22.832823, 40.480671 ] ] ] ] } },
{ "type": "Feature", "properties": { "fclass": "water", "name": "Λιμνοθάλασσα Αλυκής Αγγελοχωρίου", "name:el": null, "name:en": null }, "geometry": { "type": "MultiPolygon", "coordinates": [ [ [ [ 22.817215, 40.488202 ], [ 22.818054, 40.488889 ], [ 22.821516, 40.48995 ], [ 22.824033, 40.489793 ], [ 22.827625, 40.489091 ], [ 22.827883, 40.48833 ], [ 22.827938, 40.487182 ], [ 22.827686, 40.485768 ], [ 22.827528, 40.483899 ], [ 22.826054, 40.483421 ], [ 22.823628, 40.482914 ], [ 22.820522, 40.482542 ], [ 22.818713, 40.482634 ], [ 22.817959, 40.483174 ], [ 22.818103, 40.484109 ], [ 22.81784, 40.486262 ], [ 22.81713, 40.487115 ], [ 22.817011, 40.487692 ], [ 22.817215, 40.488202 ] ] ] ] } },
{ "type": "Feature", "properties": { "fclass": "water", "name": null, "name:el": null, "name:en": null }, "geometry": { "type": "MultiPolygon", "coordinates": [ [ [ [ 22.732915, 40.506861 ], [ 22.733336, 40.507086 ], [ 22.733504, 40.506961 ], [ 22.73317, 40.5068 ], [ 22.732924, 40.506798 ], [ 22.732915, 40.506861 ] ] ] ] } },
{ "type": "Feature", "properties": { "fclass": "wetland", "name": null, "name:el": null, "name:en": null }, "geometry": { "type": "MultiPolygon", "coordinates": [ [ [ [ 22.576685, 40.651068 ], [ 22.577276, 40.651288 ], [ 22.577115, 40.651663 ], [ 22.577071, 40.652078 ], [ 22.577406, 40.652572 ], [ 22.578197, 40.652843 ], [ 22.578798, 40.652867 ], [ 22.579388, 40.652655 ], [ 22.579776, 40.652298 ], [ 22.580688, 40.650808 ], [ 22.580999, 40.64966 ], [ 22.580967, 40.648277 ], [ 22.58072, 40.64883 ], [ 22.580344, 40.649278 ], [ 22.580504, 40.649554 ], [ 22.580216, 40.65067 ], [ 22.579443, 40.652005 ], [ 22.579132, 40.652347 ], [ 22.57868, 40.652493 ], [ 22.578456, 40.652493 ], [ 22.578048, 40.652371 ], [ 22.577736, 40.652151 ], [ 22.57764, 40.65185 ], [ 22.577833, 40.651198 ], [ 22.577587, 40.650784 ], [ 22.577414, 40.65071 ], [ 22.577126, 40.650906 ], [ 22.576685, 40.651068 ] ] ] ] } },
{ "type": "Feature", "properties": { "fclass": "riverbank", "name": null, "name:el": null, "name:en": null }, "geometry": { "type": "MultiPolygon", "coordinates": [ [ [ [ 22.552404, 40.669571 ], [ 22.552598, 40.66958 ], [ 22.553664, 40.667866 ], [ 22.554219, 40.666651 ], [ 22.554858, 40.665545 ], [ 22.555494, 40.665105 ], [ 22.560064, 40.662839 ], [ 22.561708, 40.66175 ], [ 22.563733, 40.660662 ], [ 22.564506, 40.660092 ], [ 22.56471, 40.659862 ], [ 22.564905, 40.659341 ], [ 22.564871, 40.658517 ], [ 22.565412, 40.657823 ], [ 22.565605, 40.657339 ], [ 22.565828, 40.657194 ], [ 22.56611, 40.656397 ], [ 22.566319, 40.656128 ], [ 22.566442, 40.655707 ], [ 22.567059, 40.654504 ], [ 22.567075, 40.654138 ], [ 22.566995, 40.65403 ], [ 22.567126, 40.653552 ], [ 22.567968, 40.652237 ], [ 22.568226, 40.65203 ], [ 22.568502, 40.651926 ], [ 22.568947, 40.651881 ], [ 22.569851, 40.651975 ], [ 22.569886, 40.651863 ], [ 22.570868, 40.651698 ], [ 22.572075, 40.651377 ], [ 22.573156, 40.651299 ], [ 22.575015, 40.651388 ], [ 22.57616, 40.651285 ], [ 22.577123, 40.650894 ], [ 22.578141, 40.650349 ], [ 22.579378, 40.649867 ], [ 22.580099, 40.649453 ], [ 22.580678, 40.648805 ], [ 22.581038, 40.648043 ], [ 22.582699, 40.645647 ], [ 22.583109, 40.645315 ], [ 22.585339, 40.64406 ], [ 22.585774, 40.643747 ], [ 22.587, 40.642183 ], [ 22.587727, 40.641689 ], [ 22.587137, 40.641769 ], [ 22.586714, 40.642382 ], [ 22.584948, 40.644076 ], [ 22.584154, 40.644345 ], [ 22.58286, 40.645168 ], [ 22.581654, 40.646545 ], [ 22.580457, 40.648576 ], [ 22.579717, 40.649408 ], [ 22.577087, 40.650588 ], [ 22.575952, 40.650975 ], [ 22.574297, 40.651107 ], [ 22.57282, 40.651088 ], [ 22.571666, 40.651208 ], [ 22.569603, 40.651697 ], [ 22.568349, 40.651796 ], [ 22.567842, 40.652076 ], [ 22.566803, 40.653836 ], [ 22.566428, 40.655013 ], [ 22.56523, 40.657172 ], [ 22.564684, 40.658856 ], [ 22.564704, 40.659492 ], [ 22.564394, 40.659965 ], [ 22.563757, 40.660472 ], [ 22.562515, 40.661143 ], [ 22.560635, 40.662416 ], [ 22.558736, 40.66342 ], [ 22.556422, 40.664366 ], [ 22.554344, 40.665914 ], [ 22.552404, 40.669571 ] ] ] ] } },
{ "type": "Feature", "properties": { "fclass": "riverbank", "name": "Λουδίας", "name:el": null, "name:en": null }, "geometry": { "type": "MultiPolygon", "coordinates": [ [ [ [ 22.551306, 40.67412 ], [ 22.552416, 40.673095 ], [ 22.552684, 40.672518 ], [ 22.552169, 40.671366 ], [ 22.552088, 40.67089 ], [ 22.552598, 40.66958 ], [ 22.552388, 40.669569 ], [ 22.552173, 40.669969 ], [ 22.551973, 40.671624 ], [ 22.552314, 40.672074 ], [ 22.552329, 40.672513 ], [ 22.55217, 40.672931 ], [ 22.551151, 40.674033 ], [ 22.551306, 40.67412 ] ] ] ] } },
{ "type": "Feature", "properties": { "fclass": "riverbank", "name": "Λουδίας", "name:el": null, "name:en": null }, "geometry": { "type": "MultiPolygon", "coordinates": [ [ [ [ 22.546177, 40.674991 ], [ 22.547196, 40.675194 ], [ 22.548141, 40.675251 ], [ 22.549535, 40.675116 ], [ 22.550146, 40.674921 ], [ 22.550544, 40.674706 ], [ 22.551306, 40.67412 ], [ 22.551151, 40.674033 ], [ 22.550177, 40.674736 ], [ 22.547789, 40.675164 ], [ 22.546612, 40.675021 ], [ 22.546196, 40.674894 ], [ 22.546177, 40.674991 ] ] ] ] } },
{ "type": "Feature", "properties": { "fclass": "wetland", "name": null, "name:el": null, "name:en": null }, "geometry": { "type": "MultiPolygon", "coordinates": [ [ [ [ 22.5703, 40.680841 ], [ 22.572723, 40.682386 ], [ 22.572759, 40.682294 ], [ 22.570711, 40.681005 ], [ 22.570504, 40.680803 ], [ 22.570496, 40.672025 ], [ 22.570303, 40.672027 ], [ 22.5703, 40.680841 ] ] ] ] } },
{ "type": "Feature", "properties": { "fclass": "water", "name": null, "name:el": null, "name:en": null }, "geometry": { "type": "MultiPolygon", "coordinates": [ [ [ [ 22.719662, 40.500948 ], [ 22.719853, 40.501097 ], [ 22.719838, 40.501291 ], [ 22.720044, 40.501441 ], [ 22.719924, 40.501673 ], [ 22.720041, 40.502022 ], [ 22.719976, 40.502144 ], [ 22.719822, 40.502205 ], [ 22.719973, 40.502226 ], [ 22.720115, 40.501975 ], [ 22.720041, 40.501776 ], [ 22.720137, 40.501661 ], [ 22.720254, 40.501659 ], [ 22.720201, 40.501436 ], [ 22.720023, 40.5012 ], [ 22.72006, 40.501017 ], [ 22.719662, 40.500948 ] ] ] ] } },
{ "type": "Feature", "properties": { "fclass": "wetland", "name": null, "name:el": null, "name:en": null }, "geometry": { "type": "MultiPolygon", "coordinates": [ [ [ [ 22.71847, 40.501111 ], [ 22.718553, 40.501507 ], [ 22.718648, 40.501621 ], [ 22.718793, 40.501635 ], [ 22.718685, 40.501204 ], [ 22.71847, 40.501111 ] ] ] ] } },
{ "type": "Feature", "properties": { "fclass": "wetland", "name": null, "name:el": null, "name:en": null }, "geometry": { "type": "MultiPolygon", "coordinates": [ [ [ [ 22.722179, 40.50161 ], [ 22.722315, 40.501889 ], [ 22.722368, 40.502053 ], [ 22.72265, 40.501792 ], [ 22.722179, 40.50161 ] ] ] ] } },
{ "type": "Feature", "properties": { "fclass": "water", "name": null, "name:el": null, "name:en": null }, "geometry": { "type": "MultiPolygon", "coordinates": [ [ [ [ 22.721494, 40.50295 ], [ 22.721544, 40.503175 ], [ 22.721708, 40.503111 ], [ 22.722808, 40.501914 ], [ 22.72265, 40.501792 ], [ 22.722368, 40.502053 ], [ 22.722179, 40.50161 ], [ 22.722012, 40.501545 ], [ 22.721988, 40.50172 ], [ 22.722143, 40.501718 ], [ 22.722216, 40.502073 ], [ 22.721961, 40.502577 ], [ 22.721494, 40.50295 ] ] ], [ [ [ 22.721698, 40.501423 ], [ 22.72169, 40.501681 ], [ 22.721817, 40.501469 ], [ 22.721698, 40.501423 ] ] ] ] } },
{ "type": "Feature", "properties": { "fclass": "wetland", "name": null, "name:el": null, "name:en": null }, "geometry": { "type": "MultiPolygon", "coordinates": [ [ [ [ 22.721548, 40.502093 ], [ 22.721494, 40.50295 ], [ 22.721593, 40.502921 ], [ 22.721878, 40.502671 ], [ 22.722216, 40.502073 ], [ 22.722143, 40.501718 ], [ 22.721988, 40.50172 ], [ 22.722012, 40.501545 ], [ 22.721817, 40.501469 ], [ 22.721548, 40.502093 ] ] ] ] } },
{ "type": "Feature", "properties": { "fclass": "wetland", "name": null, "name:el": null, "name:en": null }, "geometry": { "type": "MultiPolygon", "coordinates": [ [ [ [ 22.71852, 40.501635 ], [ 22.718492, 40.502811 ], [ 22.718623, 40.502808 ], [ 22.718757, 40.502399 ], [ 22.718708, 40.50189 ], [ 22.71852, 40.501635 ] ] ] ] } },
{ "type": "Feature", "properties": { "fclass": "wetland", "name": null, "name:el": null, "name:en": null }, "geometry": { "type": "MultiPolygon", "coordinates": [ [ [ [ 22.723258, 40.503561 ], [ 22.72335, 40.503463 ], [ 22.72335, 40.503411 ], [ 22.723258, 40.503491 ], [ 22.723258, 40.503561 ] ] ] ] } },
{ "type": "Feature", "properties": { "fclass": "water", "name": null, "name:el": null, "name:en": null }, "geometry": { "type": "MultiPolygon", "coordinates": [ [ [ [ 22.719921, 40.504123 ], [ 22.720103, 40.50414 ], [ 22.720297, 40.50391 ], [ 22.720583, 40.503285 ], [ 22.720731, 40.503343 ], [ 22.720676, 40.50283 ], [ 22.720435, 40.503423 ], [ 22.720069, 40.503746 ], [ 22.719921, 40.504123 ] ] ] ] } },
{ "type": "Feature", "properties": { "fclass": "wetland", "name": null, "name:el": null, "name:en": null }, "geometry": { "type": "MultiPolygon", "coordinates": [ [ [ [ 22.722999, 40.503814 ], [ 22.723094, 40.503699 ], [ 22.723057, 40.503601 ], [ 22.723023, 40.503613 ], [ 22.722999, 40.503814 ] ] ] ] } },
{ "type": "Feature", "properties": { "fclass": "water", "name": null, "name:el": null, "name:en": null }, "geometry": { "type": "MultiPolygon", "coordinates": [ [ [ [ 22.723535, 40.504675 ], [ 22.72408, 40.5046 ], [ 22.724654, 40.504864 ], [ 22.723964, 40.504525 ], [ 22.724804, 40.50375 ], [ 22.724849, 40.503486 ], [ 22.724133, 40.50404 ], [ 22.723592, 40.504274 ], [ 22.723535, 40.504675 ] ], [ [ 22.72384, 40.504272 ], [ 22.724286, 40.504046 ], [ 22.724381, 40.504027 ], [ 22.723949, 40.504417 ], [ 22.723769, 40.504393 ], [ 22.72384, 40.504272 ] ] ] ] } },
{ "type": "Feature", "properties": { "fclass": "wetland", "name": null, "name:el": null, "name:en": null }, "geometry": { "type": "MultiPolygon", "coordinates": [ [ [ [ 22.723067, 40.504084 ], [ 22.723267, 40.503957 ], [ 22.723245, 40.503793 ], [ 22.723088, 40.503915 ], [ 22.723067, 40.504084 ] ] ] ] } },
{ "type": "Feature", "properties": { "fclass": "wetland", "name": null, "name:el": null, "name:en": null }, "geometry": { "type": "MultiPolygon", "coordinates": [ [ [ [ 22.71615, 40.503973 ], [ 22.716291, 40.503957 ], [ 22.716202, 40.503831 ], [ 22.71614, 40.503924 ], [ 22.71615, 40.503973 ] ] ] ] } },
{ "type": "Feature", "properties": { "fclass": "water", "name": null, "name:el": null, "name:en": null }, "geometry": { "type": "MultiPolygon", "coordinates": [ [ [ [ 22.721217, 40.504953 ], [ 22.721415, 40.50506 ], [ 22.721624, 40.505004 ], [ 22.721649, 40.504708 ], [ 22.72189, 40.504514 ], [ 22.72195, 40.504159 ], [ 22.722456, 40.50414 ], [ 22.722632, 40.50428 ], [ 22.722544, 40.504126 ], [ 22.722321, 40.504035 ], [ 22.722031, 40.504035 ], [ 22.721907, 40.503884 ], [ 22.722244, 40.503273 ], [ 22.72236, 40.503238 ], [ 22.722452, 40.5033 ], [ 22.722481, 40.503201 ], [ 22.722619, 40.50315 ], [ 22.722658, 40.502881 ], [ 22.722442, 40.502942 ], [ 22.722152, 40.503168 ], [ 22.721875, 40.50382 ], [ 22.721493, 40.504129 ], [ 22.721543, 40.504299 ], [ 22.72132, 40.504393 ], [ 22.721401, 40.5047 ], [ 22.721309, 40.504721 ], [ 22.721217, 40.504953 ] ] ] ] } },
{ "type": "Feature", "properties": { "fclass": "wetland", "name": null, "name:el": null, "name:en": null }, "geometry": { "type": "MultiPolygon", "coordinates": [ [ [ [ 22.71831, 40.503703 ], [ 22.71817, 40.504168 ], [ 22.718296, 40.50405 ], [ 22.71831, 40.503703 ] ] ] ] } },
{ "type": "Feature", "properties": { "fclass": "wetland", "name": null, "name:el": null, "name:en": null }, "geometry": { "type": "MultiPolygon", "coordinates": [ [ [ [ 22.715302, 40.504163 ], [ 22.715493, 40.504259 ], [ 22.715691, 40.504257 ], [ 22.71578, 40.504048 ], [ 22.715617, 40.504123 ], [ 22.715349, 40.503927 ], [ 22.715456, 40.504145 ], [ 22.715302, 40.504163 ] ] ] ] } },
{ "type": "Feature", "properties": { "fclass": "wetland", "name": null, "name:el": null, "name:en": null }, "geometry": { "type": "MultiPolygon", "coordinates": [ [ [ [ 22.723769, 40.504393 ], [ 22.724056, 40.504369 ], [ 22.724381, 40.504027 ], [ 22.72384, 40.504272 ], [ 22.723769, 40.504393 ] ] ] ] } },
{ "type": "Feature", "properties": { "fclass": "water", "name": null, "name:el": null, "name:en": null }, "geometry": { "type": "MultiPolygon", "coordinates": [ [ [ [ 22.714782, 40.504695 ], [ 22.715031, 40.504709 ], [ 22.715151, 40.504613 ], [ 22.71525, 40.504763 ], [ 22.71533, 40.504641 ], [ 22.715617, 40.504583 ], [ 22.715691, 40.504447 ], [ 22.71582, 40.50444 ], [ 22.715601, 40.50433 ], [ 22.716088, 40.504102 ], [ 22.716039, 40.504229 ], [ 22.715897, 40.504292 ], [ 22.716156, 40.504292 ], [ 22.716196, 40.504184 ], [ 22.716279, 40.504269 ], [ 22.71643, 40.504234 ], [ 22.716368, 40.504102 ], [ 22.716513, 40.50414 ], [ 22.716593, 40.503981 ], [ 22.716442, 40.503699 ], [ 22.716328, 40.503758 ], [ 22.716294, 40.503681 ], [ 22.716153, 40.503805 ], [ 22.715928, 40.503681 ], [ 22.715912, 40.503596 ], [ 22.715826, 40.503617 ], [ 22.715795, 40.503706 ], [ 22.716039, 40.503863 ], [ 22.715906, 40.503976 ], [ 22.715962, 40.503821 ], [ 22.715829, 40.503847 ], [ 22.715592, 40.50376 ], [ 22.715697, 40.503941 ], [ 22.715638, 40.503964 ], [ 22.715167, 40.503779 ], [ 22.715016, 40.503959 ], [ 22.715016, 40.504358 ], [ 22.714782, 40.504695 ] ], [ [ 22.715302, 40.504163 ], [ 22.715456, 40.504145 ], [ 22.715349, 40.503927 ], [ 22.715617, 40.504123 ], [ 22.71578, 40.504048 ], [ 22.715691, 40.504257 ], [ 22.715493, 40.504259 ], [ 22.715302, 40.504163 ] ], [ [ 22.71615, 40.503973 ], [ 22.716202, 40.503831 ], [ 22.716291, 40.503957 ], [ 22.71615, 40.503973 ] ] ] ] } },
{ "type": "Feature", "properties": { "fclass": "water", "name": null, "name:el": null, "name:en": null }, "geometry": { "type": "MultiPolygon", "coordinates": [ [ [ [ 22.724832, 40.504874 ], [ 22.72483, 40.504868 ], [ 22.724807, 40.504871 ], [ 22.724832, 40.504874 ] ] ] ] } },
{ "type": "Feature", "properties": { "fclass": "wetland", "name": null, "name:el": null, "name:en": null }, "geometry": { "type": "MultiPolygon", "coordinates": [ [ [ [ 22.719474, 40.505299 ], [ 22.719727, 40.505161 ], [ 22.719761, 40.50511 ], [ 22.719486, 40.505217 ], [ 22.719474, 40.505299 ] ] ] ] } },
{ "type": "Feature", "properties": { "fclass": "water", "name": null, "name:el": null, "name:en": null }, "geometry": { "type": "MultiPolygon", "coordinates": [ [ [ [ 22.725606, 40.505738 ], [ 22.725669, 40.505878 ], [ 22.725754, 40.505866 ], [ 22.72561, 40.505738 ], [ 22.725606, 40.505738 ] ] ] ] } },
{ "type": "Feature", "properties": { "fclass": "water", "name": null, "name:el": null, "name:en": null }, "geometry": { "type": "MultiPolygon", "coordinates": [ [ [ [ 22.719987, 40.506211 ], [ 22.720277, 40.506331 ], [ 22.720307, 40.506497 ], [ 22.720443, 40.506409 ], [ 22.720532, 40.506432 ], [ 22.720585, 40.506279 ], [ 22.720714, 40.506228 ], [ 22.720684, 40.506135 ], [ 22.720885, 40.50611 ], [ 22.721014, 40.505977 ], [ 22.721067, 40.505771 ], [ 22.720882, 40.505558 ], [ 22.720955, 40.505304 ], [ 22.720555, 40.505266 ], [ 22.720393, 40.505422 ], [ 22.720224, 40.506173 ], [ 22.719987, 40.506211 ] ] ] ] } },
{ "type": "Feature", "properties": { "fclass": "wetland", "name": null, "name:el": null, "name:en": null }, "geometry": { "type": "MultiPolygon", "coordinates": [ [ [ [ 22.721874, 40.507028 ], [ 22.722361, 40.506625 ], [ 22.722694, 40.505909 ], [ 22.722401, 40.506105 ], [ 22.722164, 40.506412 ], [ 22.721914, 40.506789 ], [ 22.721874, 40.507028 ] ] ] ] } },
{ "type": "Feature", "properties": { "fclass": "wetland", "name": null, "name:el": null, "name:en": null }, "geometry": { "type": "MultiPolygon", "coordinates": [ [ [ [ 22.716043, 40.512144 ], [ 22.716206, 40.512658 ], [ 22.716855, 40.512268 ], [ 22.717649, 40.510851 ], [ 22.71728, 40.510773 ], [ 22.717771, 40.510777 ], [ 22.718088, 40.510688 ], [ 22.718611, 40.510304 ], [ 22.719106, 40.509619 ], [ 22.719363, 40.508941 ], [ 22.720115, 40.508071 ], [ 22.72076, 40.506917 ], [ 22.721309, 40.506291 ], [ 22.722041, 40.505764 ], [ 22.722326, 40.505232 ], [ 22.722632, 40.50428 ], [ 22.722456, 40.50414 ], [ 22.72195, 40.504159 ], [ 22.72189, 40.504514 ], [ 22.721695, 40.504632 ], [ 22.721624, 40.505004 ], [ 22.721539, 40.505058 ], [ 22.721217, 40.504953 ], [ 22.721309, 40.504721 ], [ 22.721401, 40.5047 ], [ 22.72132, 40.504393 ], [ 22.721543, 40.504299 ], [ 22.721493, 40.504129 ], [ 22.721875, 40.50382 ], [ 22.722152, 40.503168 ], [ 22.722442, 40.502942 ], [ 22.722658, 40.502881 ], [ 22.722619, 40.50315 ], [ 22.722481, 40.503201 ], [ 22.722452, 40.5033 ], [ 22.72236, 40.503238 ], [ 22.722244, 40.503273 ], [ 22.721907, 40.503884 ], [ 22.722031, 40.504035 ], [ 22.722321, 40.504035 ], [ 22.722635, 40.50418 ], [ 22.722977, 40.503493 ], [ 22.723139, 40.502934 ], [ 22.723067, 40.502767 ], [ 22.723476, 40.502249 ], [ 22.723416, 40.502089 ], [ 22.72277, 40.501839 ], [ 22.722808, 40.501914 ], [ 22.721997, 40.502837 ], [ 22.721544, 40.503175 ], [ 22.721558, 40.503246 ], [ 22.721441, 40.503263 ], [ 22.721315, 40.503508 ], [ 22.720872, 40.503927 ], [ 22.720166, 40.50511 ], [ 22.719242, 40.506015 ], [ 22.719172, 40.506029 ], [ 22.719153, 40.505894 ], [ 22.719415, 40.505593 ], [ 22.718906, 40.505792 ], [ 22.718481, 40.506203 ], [ 22.718079, 40.507357 ], [ 22.718172, 40.50767 ], [ 22.718042, 40.50773 ], [ 22.717874, 40.508124 ], [ 22.717738, 40.508224 ], [ 22.717761, 40.508384 ], [ 22.717584, 40.508756 ], [ 22.716977, 40.509807 ], [ 22.716935, 40.510663 ], [ 22.716188, 40.511849 ], [ 22.716043, 40.512144 ] ], [ [ 22.7194, 40.507366 ], [ 22.719607, 40.507236 ], [ 22.719768, 40.506979 ], [ 22.719743, 40.506863 ], [ 22.719878, 40.50682 ], [ 22.719977, 40.507231 ], [ 22.719869, 40.50714 ], [ 22.719912, 40.507083 ], [ 22.719774, 40.507041 ], [ 22.719678, 40.507159 ], [ 22.719739, 40.507384 ], [ 22.719654, 40.507499 ], [ 22.719623, 40.507369 ], [ 22.7194, 40.507366 ] ], [ [ 22.719987, 40.506211 ], [ 22.720224, 40.506173 ], [ 22.720393, 40.505422 ], [ 22.720555, 40.505266 ], [ 22.720955, 40.505304 ], [ 22.720882, 40.505558 ], [ 22.721067, 40.505771 ], [ 22.720885, 40.50611 ], [ 22.720727, 40.506105 ], [ 22.720532, 40.506432 ], [ 22.720443, 40.506409 ], [ 22.720307, 40.506497 ], [ 22.720277, 40.506331 ], [ 22.719987, 40.506211 ] ] ] ] } },
{ "type": "Feature", "properties": { "fclass": "water", "name": null, "name:el": null, "name:en": null }, "geometry": { "type": "MultiPolygon", "coordinates": [ [ [ [ 22.71941, 40.507321 ], [ 22.719623, 40.507369 ], [ 22.719654, 40.507499 ], [ 22.719739, 40.507384 ], [ 22.719678, 40.507159 ], [ 22.719774, 40.507041 ], [ 22.719912, 40.507083 ], [ 22.719869, 40.50714 ], [ 22.719977, 40.507231 ], [ 22.719983, 40.507072 ], [ 22.719825, 40.506797 ], [ 22.719607, 40.507236 ], [ 22.71941, 40.507321 ] ] ] ] } },
{ "type": "Feature", "properties": { "fclass": "wetland", "name": null, "name:el": null, "name:en": null }, "geometry": { "type": "MultiPolygon", "coordinates": [ [ [ [ 22.717778, 40.507414 ], [ 22.717912, 40.507179 ], [ 22.717928, 40.50704 ], [ 22.717806, 40.507219 ], [ 22.717778, 40.507414 ] ] ] ] } },
{ "type": "Feature", "properties": { "fclass": "wetland", "name": null, "name:el": null, "name:en": null }, "geometry": { "type": "MultiPolygon", "coordinates": [ [ [ [ 22.711807, 40.507922 ], [ 22.711883, 40.508033 ], [ 22.711933, 40.508043 ], [ 22.711875, 40.507849 ], [ 22.711807, 40.507922 ] ] ] ] } },
{ "type": "Feature", "properties": { "fclass": "wetland", "name": null, "name:el": null, "name:en": null }, "geometry": { "type": "MultiPolygon", "coordinates": [ [ [ [ 22.711513, 40.508079 ], [ 22.711554, 40.508247 ], [ 22.71163, 40.50827 ], [ 22.711513, 40.508079 ] ] ] ] } },
{ "type": "Feature", "properties": { "fclass": "wetland", "name": null, "name:el": null, "name:en": null }, "geometry": { "type": "MultiPolygon", "coordinates": [ [ [ [ 22.711513, 40.508275 ], [ 22.711506, 40.508343 ], [ 22.711558, 40.508335 ], [ 22.711513, 40.508275 ] ] ] ] } },
{ "type": "Feature", "properties": { "fclass": "water", "name": null, "name:el": null, "name:en": null }, "geometry": { "type": "MultiPolygon", "coordinates": [ [ [ [ 22.710021, 40.510458 ], [ 22.710221, 40.510582 ], [ 22.710376, 40.510538 ], [ 22.710714, 40.510759 ], [ 22.710767, 40.51094 ], [ 22.710704, 40.510983 ], [ 22.710609, 40.510936 ], [ 22.710351, 40.511073 ], [ 22.710824, 40.511075 ], [ 22.710924, 40.510863 ], [ 22.711175, 40.511118 ], [ 22.71147, 40.511145 ], [ 22.710999, 40.510804 ], [ 22.710789, 40.510277 ], [ 22.71125, 40.509652 ], [ 22.711273, 40.509817 ], [ 22.711098, 40.510211 ], [ 22.711277, 40.51049 ], [ 22.711504, 40.510645 ], [ 22.71167, 40.510635 ], [ 22.71146, 40.51016 ], [ 22.71163, 40.51015 ], [ 22.711757, 40.510032 ], [ 22.711702, 40.5098 ], [ 22.711449, 40.50942 ], [ 22.711408, 40.509204 ], [ 22.71128, 40.509116 ], [ 22.711396, 40.508714 ], [ 22.71137, 40.508299 ], [ 22.711651, 40.508977 ], [ 22.711772, 40.50897 ], [ 22.711865, 40.508746 ], [ 22.711778, 40.508673 ], [ 22.711704, 40.508844 ], [ 22.711571, 40.508771 ], [ 22.711582, 40.508442 ], [ 22.711706, 40.508586 ], [ 22.71184, 40.508603 ], [ 22.711664, 40.508417 ], [ 22.711711, 40.508347 ], [ 22.712015, 40.508608 ], [ 22.712391, 40.509166 ], [ 22.712556, 40.509169 ], [ 22.712722, 40.509287 ], [ 22.712739, 40.509504 ], [ 22.712832, 40.509419 ], [ 22.712779, 40.50931 ], [ 22.712917, 40.509394 ], [ 22.712879, 40.509634 ], [ 22.712787, 40.509649 ], [ 22.712667, 40.509887 ], [ 22.712599, 40.510247 ], [ 22.712424, 40.510422 ], [ 22.712611, 40.510666 ], [ 22.712594, 40.510894 ], [ 22.712787, 40.510487 ], [ 22.712987, 40.510308 ], [ 22.712965, 40.510169 ], [ 22.713172, 40.510062 ], [ 22.71326, 40.509762 ], [ 22.713491, 40.509672 ], [ 22.713886, 40.509885 ], [ 22.714016, 40.510083 ], [ 22.713747, 40.510424 ], [ 22.714068, 40.510131 ], [ 22.713909, 40.509823 ], [ 22.713574, 40.509681 ], [ 22.713536, 40.509567 ], [ 22.713691, 40.509428 ], [ 22.713703, 40.509204 ], [ 22.713841, 40.509141 ], [ 22.713954, 40.508333 ], [ 22.714154, 40.507987 ], [ 22.714455, 40.507838 ], [ 22.71464, 40.507501 ], [ 22.714517, 40.507261 ], [ 22.714297, 40.507155 ], [ 22.714304, 40.507069 ], [ 22.714657, 40.506544 ], [ 22.714774, 40.506488 ], [ 22.71487, 40.506117 ], [ 22.714787, 40.505938 ], [ 22.71453, 40.505855 ], [ 22.714351, 40.505967 ], [ 22.714168, 40.505875 ], [ 22.713824, 40.505891 ], [ 22.713702, 40.505994 ], [ 22.713662, 40.506233 ], [ 22.713527, 40.506199 ], [ 22.713492, 40.505974 ], [ 22.71341, 40.506014 ], [ 22.713292, 40.506117 ], [ 22.713205, 40.506979 ], [ 22.713, 40.507151 ], [ 22.712909, 40.507393 ], [ 22.712753, 40.507459 ], [ 22.712696, 40.507627 ], [ 22.712579, 40.507546 ], [ 22.712207, 40.507938 ], [ 22.711344, 40.507542 ], [ 22.711262, 40.507416 ], [ 22.711317, 40.507246 ], [ 22.711121, 40.50708 ], [ 22.711031, 40.507533 ], [ 22.710649, 40.507604 ], [ 22.710764, 40.50802 ], [ 22.711088, 40.507938 ], [ 22.711249, 40.508113 ], [ 22.710887, 40.508793 ], [ 22.711111, 40.508679 ], [ 22.711141, 40.508835 ], [ 22.710813, 40.509016 ], [ 22.710616, 40.509468 ], [ 22.710859, 40.509885 ], [ 22.710769, 40.509982 ], [ 22.710456, 40.510035 ], [ 22.710481, 40.510228 ], [ 22.710414, 40.51029 ], [ 22.710171, 40.51029 ], [ 22.710021, 40.510458 ] ], [ [ 22.711057, 40.509552 ], [ 22.711107, 40.509626 ], [ 22.711072, 40.509738 ], [ 22.711022, 40.509664 ], [ 22.711057, 40.509552 ] ], [ [ 22.71148, 40.508112 ], [ 22.711561, 40.508107 ], [ 22.71163, 40.50827 ], [ 22.711513, 40.508217 ], [ 22.71148, 40.508112 ] ], [ [ 22.711473, 40.50831 ], [ 22.71155, 40.508296 ], [ 22.711558, 40.508335 ], [ 22.711473, 40.50831 ] ], [ [ 22.711807, 40.507922 ], [ 22.711894, 40.507867 ], [ 22.711933, 40.508043 ], [ 22.711807, 40.507922 ] ], [ [ 22.712513, 40.510499 ], [ 22.71264, 40.510252 ], [ 22.712716, 40.509861 ], [ 22.712849, 40.509797 ], [ 22.712636, 40.510635 ], [ 22.712513, 40.510499 ] ] ] ] } },
{ "type": "Feature", "properties": { "fclass": "wetland", "name": null, "name:el": null, "name:en": null }, "geometry": { "type": "MultiPolygon", "coordinates": [ [ [ [ 22.716011, 40.509745 ], [ 22.716163, 40.51034 ], [ 22.716386, 40.510087 ], [ 22.716609, 40.509581 ], [ 22.716903, 40.508779 ], [ 22.716875, 40.508526 ], [ 22.716556, 40.50879 ], [ 22.716121, 40.509374 ], [ 22.716011, 40.509745 ] ] ] ] } },
{ "type": "Feature", "properties": { "fclass": "wetland", "name": null, "name:el": null, "name:en": null }, "geometry": { "type": "MultiPolygon", "coordinates": [ [ [ [ 22.711022, 40.509598 ], [ 22.711072, 40.509738 ], [ 22.711057, 40.509552 ], [ 22.711022, 40.509598 ] ] ] ] } },
{ "type": "Feature", "properties": { "fclass": "wetland", "name": null, "name:el": null, "name:en": null }, "geometry": { "type": "MultiPolygon", "coordinates": [ [ [ [ 22.712513, 40.510499 ], [ 22.712636, 40.510635 ], [ 22.712849, 40.509797 ], [ 22.712716, 40.509861 ], [ 22.712513, 40.510499 ] ] ] ] } },
{ "type": "Feature", "properties": { "fclass": "wetland", "name": null, "name:el": null, "name:en": null }, "geometry": { "type": "MultiPolygon", "coordinates": [ [ [ [ 22.718363, 40.510869 ], [ 22.718566, 40.510752 ], [ 22.718664, 40.510582 ], [ 22.718363, 40.510869 ] ] ] ] } },
{ "type": "Feature", "properties": { "fclass": "water", "name": null, "name:el": null, "name:en": null }, "geometry": { "type": "MultiPolygon", "coordinates": [ [ [ [ 22.707863, 40.512002 ], [ 22.708028, 40.512043 ], [ 22.707936, 40.5118 ], [ 22.708114, 40.511367 ], [ 22.707892, 40.511662 ], [ 22.707863, 40.512002 ] ] ] ] } },
{ "type": "Feature", "properties": { "fclass": "wetland", "name": null, "name:el": null, "name:en": null }, "geometry": { "type": "MultiPolygon", "coordinates": [ [ [ [ 22.714363, 40.514461 ], [ 22.714412, 40.515172 ], [ 22.714818, 40.514906 ], [ 22.715318, 40.51435 ], [ 22.715712, 40.513701 ], [ 22.715863, 40.513252 ], [ 22.715871, 40.512801 ], [ 22.715794, 40.512699 ], [ 22.71472, 40.513741 ], [ 22.714517, 40.514075 ], [ 22.714456, 40.51447 ], [ 22.714363, 40.514461 ] ] ] ] } },
{ "type": "Feature", "properties": { "fclass": "water", "name": null, "name:el": null, "name:en": null }, "geometry": { "type": "MultiPolygon", "coordinates": [ [ [ [ 22.708392, 40.51515 ], [ 22.708669, 40.515192 ], [ 22.708893, 40.51561 ], [ 22.709411, 40.515528 ], [ 22.709171, 40.515161 ], [ 22.709421, 40.514953 ], [ 22.709461, 40.514808 ], [ 22.709569, 40.514819 ], [ 22.709479, 40.514686 ], [ 22.709541, 40.514576 ], [ 22.709448, 40.514501 ], [ 22.709538, 40.514334 ], [ 22.70943, 40.514206 ], [ 22.709522, 40.51381 ], [ 22.709455, 40.513786 ], [ 22.709414, 40.513911 ], [ 22.709036, 40.514016 ], [ 22.709143, 40.514147 ], [ 22.708925, 40.514311 ], [ 22.709029, 40.514435 ], [ 22.708878, 40.514407 ], [ 22.708869, 40.514536 ], [ 22.708694, 40.514552 ], [ 22.708629, 40.514517 ], [ 22.708771, 40.514463 ], [ 22.70873, 40.514409 ], [ 22.708592, 40.514421 ], [ 22.708576, 40.514787 ], [ 22.708392, 40.51515 ] ] ] ] } },
{ "type": "Feature", "properties": { "fclass": "water", "name": null, "name:el": null, "name:en": null }, "geometry": { "type": "MultiPolygon", "coordinates": [ [ [ [ 22.705589, 40.516547 ], [ 22.706171, 40.516763 ], [ 22.706755, 40.516147 ], [ 22.706297, 40.515868 ], [ 22.706072, 40.516239 ], [ 22.705589, 40.516547 ] ] ], [ [ [ 22.707072, 40.51549 ], [ 22.707455, 40.515541 ], [ 22.707729, 40.515494 ], [ 22.707238, 40.515384 ], [ 22.707139, 40.515165 ], [ 22.707254, 40.514739 ], [ 22.707284, 40.513039 ], [ 22.70756, 40.512788 ], [ 22.707799, 40.512686 ], [ 22.706977, 40.512655 ], [ 22.706953, 40.513686 ], [ 22.706826, 40.51413 ], [ 22.707072, 40.51549 ] ] ] ] } },
{ "type": "Feature", "properties": { "fclass": "water", "name": null, "name:el": null, "name:en": null }, "geometry": { "type": "MultiPolygon", "coordinates": [ [ [ [ 22.721566, 40.518565 ], [ 22.72182, 40.518944 ], [ 22.721726, 40.519029 ], [ 22.721883, 40.519051 ], [ 22.722032, 40.519446 ], [ 22.722046, 40.519187 ], [ 22.721702, 40.518473 ], [ 22.721566, 40.518565 ] ] ] ] } },
{ "type": "Feature", "properties": { "fclass": "water", "name": null, "name:el": null, "name:en": null }, "geometry": { "type": "MultiPolygon", "coordinates": [ [ [ [ 22.694722, 40.521433 ], [ 22.694995, 40.521834 ], [ 22.695079, 40.522084 ], [ 22.69531, 40.522164 ], [ 22.695289, 40.522029 ], [ 22.695425, 40.522011 ], [ 22.69517, 40.521818 ], [ 22.695023, 40.521452 ], [ 22.694722, 40.521433 ] ] ] ] } },
{ "type": "Feature", "properties": { "fclass": "water", "name": null, "name:el": null, "name:en": null }, "geometry": { "type": "MultiPolygon", "coordinates": [ [ [ [ 22.693121, 40.524859 ], [ 22.693137, 40.524999 ], [ 22.693471, 40.524853 ], [ 22.693121, 40.524859 ] ] ] ] } },
{ "type": "Feature", "properties": { "fclass": "wetland", "name": null, "name:el": null, "name:en": null }, "geometry": { "type": "MultiPolygon", "coordinates": [ [ [ [ 22.701605, 40.525109 ], [ 22.702323, 40.525403 ], [ 22.702632, 40.525356 ], [ 22.702302, 40.525146 ], [ 22.701807, 40.525067 ], [ 22.701605, 40.525109 ] ] ] ] } },
{ "type": "Feature", "properties": { "fclass": "wetland", "name": null, "name:el": null, "name:en": null }, "geometry": { "type": "MultiPolygon", "coordinates": [ [ [ [ 22.694342, 40.528089 ], [ 22.694383, 40.528068 ], [ 22.69432, 40.528084 ], [ 22.694342, 40.528089 ] ] ] ] } },
{ "type": "Feature", "properties": { "fclass": "wetland", "name": null, "name:el": null, "name:en": null }, "geometry": { "type": "MultiPolygon", "coordinates": [ [ [ [ 22.707064, 40.527784 ], [ 22.707724, 40.528502 ], [ 22.708006, 40.528672 ], [ 22.707419, 40.527937 ], [ 22.707064, 40.527784 ] ] ] ] } },
{ "type": "Feature", "properties": { "fclass": "riverbank", "name": null, "name:el": null, "name:en": null }, "geometry": { "type": "MultiPolygon", "coordinates": [ [ [ [ 22.68849, 40.529496 ], [ 22.688579, 40.529762 ], [ 22.688852, 40.529751 ], [ 22.688923, 40.529522 ], [ 22.68849, 40.529496 ] ] ], [ [ [ 22.694625, 40.529474 ], [ 22.694718, 40.529682 ], [ 22.696098, 40.529677 ], [ 22.696027, 40.529607 ], [ 22.694853, 40.529642 ], [ 22.694689, 40.529435 ], [ 22.694625, 40.529474 ] ] ], [ [ [ 22.694883, 40.528747 ], [ 22.697312, 40.52908 ], [ 22.697716, 40.529024 ], [ 22.698212, 40.528668 ], [ 22.698193, 40.52842 ], [ 22.697747, 40.527944 ], [ 22.698172, 40.527905 ], [ 22.698344, 40.528062 ], [ 22.698492, 40.52875 ], [ 22.699028, 40.529527 ], [ 22.699204, 40.529547 ], [ 22.700153, 40.530125 ], [ 22.700441, 40.530728 ], [ 22.700989, 40.531293 ], [ 22.70105, 40.53149 ], [ 22.702873, 40.533645 ], [ 22.704207, 40.535037 ], [ 22.704683, 40.536144 ], [ 22.704709, 40.536449 ], [ 22.70494, 40.536852 ], [ 22.704886, 40.537154 ], [ 22.705405, 40.537171 ], [ 22.705528, 40.536202 ], [ 22.705367, 40.535675 ], [ 22.705514, 40.535535 ], [ 22.705631, 40.535157 ], [ 22.706077, 40.534692 ], [ 22.706206, 40.534391 ], [ 22.706813, 40.534156 ], [ 22.707196, 40.533862 ], [ 22.707198, 40.533674 ], [ 22.706992, 40.533384 ], [ 22.707185, 40.533089 ], [ 22.707404, 40.53296 ], [ 22.70769, 40.532504 ], [ 22.708213, 40.532192 ], [ 22.708354, 40.53225 ], [ 22.708507, 40.532211 ], [ 22.708676, 40.532621 ], [ 22.708974, 40.531785 ], [ 22.709078, 40.531733 ], [ 22.709453, 40.531841 ], [ 22.709324, 40.532137 ], [ 22.709332, 40.532624 ], [ 22.709453, 40.532844 ], [ 22.709328, 40.533269 ], [ 22.709424, 40.533361 ], [ 22.709412, 40.533502 ], [ 22.709533, 40.532914 ], [ 22.70942, 40.532575 ], [ 22.709469, 40.532149 ], [ 22.709585, 40.531938 ], [ 22.709819, 40.531893 ], [ 22.709948, 40.531941 ], [ 22.709775, 40.532526 ], [ 22.709932, 40.532413 ], [ 22.710221, 40.53237 ], [ 22.710016, 40.532257 ], [ 22.710101, 40.531981 ], [ 22.710881, 40.531963 ], [ 22.710841, 40.531877 ], [ 22.710515, 40.531798 ], [ 22.710572, 40.53177 ], [ 22.711046, 40.531816 ], [ 22.711473, 40.532287 ], [ 22.711405, 40.532526 ], [ 22.710696, 40.532385 ], [ 22.711268, 40.532636 ], [ 22.711743, 40.532712 ], [ 22.712125, 40.532874 ], [ 22.712447, 40.532807 ], [ 22.712536, 40.532853 ], [ 22.712552, 40.533089 ], [ 22.712721, 40.533245 ], [ 22.713989, 40.533471 ], [ 22.714524, 40.533196 ], [ 22.714387, 40.533177 ], [ 22.71392, 40.533391 ], [ 22.712721, 40.533147 ], [ 22.712624, 40.53304 ], [ 22.71266, 40.532645 ], [ 22.712194, 40.532767 ], [ 22.711819, 40.532657 ], [ 22.711602, 40.532486 ], [ 22.711699, 40.53233 ], [ 22.711638, 40.532045 ], [ 22.711851, 40.531859 ], [ 22.711968, 40.531856 ], [ 22.711755, 40.531828 ], [ 22.711711, 40.5319 ], [ 22.711462, 40.5319 ], [ 22.711378, 40.531728 ], [ 22.710313, 40.531466 ], [ 22.709889, 40.531266 ], [ 22.70944, 40.53047 ], [ 22.709412, 40.529476 ], [ 22.709328, 40.529229 ], [ 22.70895, 40.528622 ], [ 22.708466, 40.528108 ], [ 22.708445, 40.528025 ], [ 22.708564, 40.527942 ], [ 22.708519, 40.527855 ], [ 22.70841, 40.527892 ], [ 22.70827, 40.527828 ], [ 22.707678, 40.527394 ], [ 22.707559, 40.527412 ], [ 22.70663, 40.526992 ], [ 22.706434, 40.527096 ], [ 22.706259, 40.52708 ], [ 22.703799, 40.525644 ], [ 22.702997, 40.525087 ], [ 22.702037, 40.524741 ], [ 22.701178, 40.52468 ], [ 22.700733, 40.524512 ], [ 22.699976, 40.524019 ], [ 22.700001, 40.523844 ], [ 22.699833, 40.523679 ], [ 22.699332, 40.523412 ], [ 22.698943, 40.523348 ], [ 22.698659, 40.523196 ], [ 22.69696, 40.521785 ], [ 22.696465, 40.52048 ], [ 22.696581, 40.520392 ], [ 22.696476, 40.520195 ], [ 22.696561, 40.519735 ], [ 22.696269, 40.519828 ], [ 22.695562, 40.519874 ], [ 22.694369, 40.519679 ], [ 22.694552, 40.519985 ], [ 22.694459, 40.52014 ], [ 22.69478, 40.520318 ], [ 22.694953, 40.520624 ], [ 22.695179, 40.520804 ], [ 22.696342, 40.522544 ], [ 22.697082, 40.523192 ], [ 22.698684, 40.524068 ], [ 22.698957, 40.524482 ], [ 22.698856, 40.52491 ], [ 22.698636, 40.525037 ], [ 22.698405, 40.525003 ], [ 22.698572, 40.525097 ], [ 22.69845, 40.525223 ], [ 22.69768, 40.525372 ], [ 22.697584, 40.525471 ], [ 22.697159, 40.525443 ], [ 22.697515, 40.52556 ], [ 22.697714, 40.525477 ], [ 22.697815, 40.525576 ], [ 22.697813, 40.525826 ], [ 22.697993, 40.525535 ], [ 22.698129, 40.52557 ], [ 22.698458, 40.525378 ], [ 22.698588, 40.525398 ], [ 22.698774, 40.525251 ], [ 22.698875, 40.525297 ], [ 22.698109, 40.52612 ], [ 22.697755, 40.526679 ], [ 22.69759, 40.527222 ], [ 22.697218, 40.527442 ], [ 22.696346, 40.526341 ], [ 22.695977, 40.525694 ], [ 22.694937, 40.522652 ], [ 22.694738, 40.522223 ], [ 22.694744, 40.522587 ], [ 22.694622, 40.52222 ], [ 22.694629, 40.522485 ], [ 22.694842, 40.52287 ], [ 22.695059, 40.523739 ], [ 22.69526, 40.523969 ], [ 22.695476, 40.524511 ], [ 22.695415, 40.524567 ], [ 22.695519, 40.525109 ], [ 22.696013, 40.526113 ], [ 22.697108, 40.527521 ], [ 22.697151, 40.528054 ], [ 22.696806, 40.528089 ], [ 22.697203, 40.528158 ], [ 22.697423, 40.528453 ], [ 22.696854, 40.528585 ], [ 22.69615, 40.528551 ], [ 22.695853, 40.528611 ], [ 22.695112, 40.528482 ], [ 22.694512, 40.528173 ], [ 22.694632, 40.528007 ], [ 22.694321, 40.528089 ], [ 22.694364, 40.52829 ], [ 22.694883, 40.528747 ] ], [ [ 22.698241, 40.527155 ], [ 22.698273, 40.527001 ], [ 22.698462, 40.526857 ], [ 22.698762, 40.526979 ], [ 22.699023, 40.526938 ], [ 22.699546, 40.527022 ], [ 22.699725, 40.526948 ], [ 22.699803, 40.526785 ], [ 22.700106, 40.526865 ], [ 22.699776, 40.526659 ], [ 22.699631, 40.526402 ], [ 22.699318, 40.526161 ], [ 22.699497, 40.526172 ], [ 22.699505, 40.526096 ], [ 22.699347, 40.526012 ], [ 22.699527, 40.52577 ], [ 22.699766, 40.525739 ], [ 22.699669, 40.525564 ], [ 22.699763, 40.52514 ], [ 22.699722, 40.524863 ], [ 22.699828, 40.524818 ], [ 22.700237, 40.525092 ], [ 22.700155, 40.525519 ], [ 22.700362, 40.525858 ], [ 22.700564, 40.525951 ], [ 22.700272, 40.525483 ], [ 22.700396, 40.525376 ], [ 22.700675, 40.525657 ], [ 22.700824, 40.525719 ], [ 22.700856, 40.525663 ], [ 22.700848, 40.525529 ], [ 22.700566, 40.525265 ], [ 22.700649, 40.525219 ], [ 22.702016, 40.526024 ], [ 22.70187, 40.526434 ], [ 22.702045, 40.526284 ], [ 22.702061, 40.526361 ], [ 22.702194, 40.526397 ], [ 22.702247, 40.526599 ], [ 22.702144, 40.526864 ], [ 22.702245, 40.526809 ], [ 22.702375, 40.52693 ], [ 22.702385, 40.526801 ], [ 22.702432, 40.527008 ], [ 22.702288, 40.527132 ], [ 22.701961, 40.527154 ], [ 22.702277, 40.527214 ], [ 22.70229, 40.527383 ], [ 22.702412, 40.527261 ], [ 22.702759, 40.527531 ], [ 22.702638, 40.527276 ], [ 22.702654, 40.527019 ], [ 22.703442, 40.527463 ], [ 22.703699, 40.527486 ], [ 22.702701, 40.526896 ], [ 22.702518, 40.52665 ], [ 22.702808, 40.526744 ], [ 22.702486, 40.526397 ], [ 22.702518, 40.526302 ], [ 22.704449, 40.526823 ], [ 22.705351, 40.527132 ], [ 22.706068, 40.527493 ], [ 22.706788, 40.527677 ], [ 22.708578, 40.529435 ], [ 22.708819, 40.529966 ], [ 22.70879, 40.530305 ], [ 22.708642, 40.530317 ], [ 22.708065, 40.530095 ], [ 22.708737, 40.530426 ], [ 22.708697, 40.530559 ], [ 22.708485, 40.530644 ], [ 22.708817, 40.53065 ], [ 22.708939, 40.531179 ], [ 22.708809, 40.531358 ], [ 22.708193, 40.531322 ], [ 22.70814, 40.531368 ], [ 22.708185, 40.531506 ], [ 22.708201, 40.531391 ], [ 22.708586, 40.531405 ], [ 22.708511, 40.531643 ], [ 22.707654, 40.531996 ], [ 22.707336, 40.532376 ], [ 22.706979, 40.532437 ], [ 22.706935, 40.532517 ], [ 22.70711, 40.532468 ], [ 22.707277, 40.532757 ], [ 22.706884, 40.533305 ], [ 22.706895, 40.533494 ], [ 22.707085, 40.533757 ], [ 22.707024, 40.533878 ], [ 22.706895, 40.534002 ], [ 22.706087, 40.534375 ], [ 22.705967, 40.534658 ], [ 22.70542, 40.53526 ], [ 22.705379, 40.535492 ], [ 22.705149, 40.535657 ], [ 22.704999, 40.53559 ], [ 22.704939, 40.534921 ], [ 22.70465, 40.534558 ], [ 22.704513, 40.534497 ], [ 22.704545, 40.534304 ], [ 22.704266, 40.534418 ], [ 22.703746, 40.53401 ], [ 22.703617, 40.53401 ], [ 22.702713, 40.532968 ], [ 22.703043, 40.532966 ], [ 22.703266, 40.532738 ], [ 22.703403, 40.532763 ], [ 22.703515, 40.532903 ], [ 22.703464, 40.533364 ], [ 22.703542, 40.533364 ], [ 22.703676, 40.533774 ], [ 22.703566, 40.533278 ], [ 22.703612, 40.532966 ], [ 22.703502, 40.532687 ], [ 22.703354, 40.532593 ], [ 22.703022, 40.532854 ], [ 22.702818, 40.532864 ], [ 22.70212, 40.532249 ], [ 22.70163, 40.531597 ], [ 22.701556, 40.531309 ], [ 22.700865, 40.530546 ], [ 22.700683, 40.530041 ], [ 22.700353, 40.529719 ], [ 22.69968, 40.529319 ], [ 22.699503, 40.529105 ], [ 22.69965, 40.529183 ], [ 22.699629, 40.529095 ], [ 22.699323, 40.528946 ], [ 22.699342, 40.528645 ], [ 22.698998, 40.528235 ], [ 22.699165, 40.528161 ], [ 22.699347, 40.528361 ], [ 22.700093, 40.528759 ], [ 22.701453, 40.528854 ], [ 22.701139, 40.528742 ], [ 22.700023, 40.528594 ], [ 22.699473, 40.528235 ], [ 22.69942, 40.528082 ], [ 22.699656, 40.528061 ], [ 22.700058, 40.528314 ], [ 22.699937, 40.528151 ], [ 22.699961, 40.527874 ], [ 22.700179, 40.527896 ], [ 22.700425, 40.528066 ], [ 22.700179, 40.527843 ], [ 22.700173, 40.527666 ], [ 22.700487, 40.527694 ], [ 22.700385, 40.527576 ], [ 22.700138, 40.527535 ], [ 22.700246, 40.527458 ], [ 22.70075, 40.527672 ], [ 22.700807, 40.527806 ], [ 22.701136, 40.527815 ], [ 22.702031, 40.528273 ], [ 22.702166, 40.528493 ], [ 22.702103, 40.528266 ], [ 22.703027, 40.528642 ], [ 22.702788, 40.5285 ], [ 22.702791, 40.528424 ], [ 22.702123, 40.528169 ], [ 22.702037, 40.52801 ], [ 22.701954, 40.528088 ], [ 22.701461, 40.527721 ], [ 22.701496, 40.527629 ], [ 22.701324, 40.527694 ], [ 22.701088, 40.527586 ], [ 22.701278, 40.527527 ], [ 22.700938, 40.52736 ], [ 22.700531, 40.527311 ], [ 22.700074, 40.52708 ], [ 22.699947, 40.527104 ], [ 22.699607, 40.527742 ], [ 22.699327, 40.527828 ], [ 22.699026, 40.527806 ], [ 22.698899, 40.527737 ], [ 22.699413, 40.527684 ], [ 22.698649, 40.527581 ], [ 22.698785, 40.527446 ], [ 22.698927, 40.527421 ], [ 22.698405, 40.527443 ], [ 22.698451, 40.527293 ], [ 22.698241, 40.527155 ] ], [ [ 22.69892, 40.528489 ], [ 22.699078, 40.528579 ], [ 22.699088, 40.528729 ], [ 22.698947, 40.52861 ], [ 22.69892, 40.528489 ] ], [ [ 22.701611, 40.525076 ], [ 22.702302, 40.525146 ], [ 22.702632, 40.525356 ], [ 22.702323, 40.525403 ], [ 22.702059, 40.525334 ], [ 22.701611, 40.525076 ] ], [ [ 22.704856, 40.536355 ], [ 22.704931, 40.536291 ], [ 22.704849, 40.53616 ], [ 22.705054, 40.536403 ], [ 22.705029, 40.536753 ], [ 22.704924, 40.536689 ], [ 22.704856, 40.536355 ] ], [ [ 22.705162, 40.535922 ], [ 22.705279, 40.535906 ], [ 22.705236, 40.535981 ], [ 22.705162, 40.535922 ] ], [ [ 22.707062, 40.527752 ], [ 22.707419, 40.527937 ], [ 22.708006, 40.528672 ], [ 22.707724, 40.528502 ], [ 22.707062, 40.527752 ] ], [ [ 22.709847, 40.531513 ], [ 22.709936, 40.531525 ], [ 22.710294, 40.531688 ], [ 22.710072, 40.531721 ], [ 22.709847, 40.531513 ] ] ] ] } },
{ "type": "Feature", "properties": { "fclass": "wetland", "name": null, "name:el": null, "name:en": null }, "geometry": { "type": "MultiPolygon", "coordinates": [ [ [ [ 22.69892, 40.528489 ], [ 22.699029, 40.528718 ], [ 22.699116, 40.528714 ], [ 22.699017, 40.528526 ], [ 22.69892, 40.528489 ] ] ] ] } },
{ "type": "Feature", "properties": { "fclass": "water", "name": null, "name:el": null, "name:en": null }, "geometry": { "type": "MultiPolygon", "coordinates": [ [ [ [ 22.682954, 40.529136 ], [ 22.683229, 40.529082 ], [ 22.68749, 40.529122 ], [ 22.686838, 40.528705 ], [ 22.686553, 40.528788 ], [ 22.683983, 40.528717 ], [ 22.682797, 40.528834 ], [ 22.682694, 40.52866 ], [ 22.682755, 40.529029 ], [ 22.682642, 40.529333 ], [ 22.682954, 40.529136 ] ] ] ] } },
{ "type": "Feature", "properties": { "fclass": "water", "name": null, "name:el": null, "name:en": null }, "geometry": { "type": "MultiPolygon", "coordinates": [ [ [ [ 22.690864, 40.52963 ], [ 22.690974, 40.529637 ], [ 22.690998, 40.529553 ], [ 22.690858, 40.529559 ], [ 22.690864, 40.52963 ] ] ] ] } },
{ "type": "Feature", "properties": { "fclass": "wetland", "name": null, "name:el": null, "name:en": null }, "geometry": { "type": "MultiPolygon", "coordinates": [ [ [ [ 22.709847, 40.531513 ], [ 22.710072, 40.531721 ], [ 22.710294, 40.531688 ], [ 22.709847, 40.531513 ] ] ] ] } },
{ "type": "Feature", "properties": { "fclass": "riverbank", "name": "Αξιός", "name:el": null, "name:en": null }, "geometry": { "type": "MultiPolygon", "coordinates": [ [ [ [ 22.70436, 40.515154 ], [ 22.704379, 40.515145 ], [ 22.704348, 40.515139 ], [ 22.70436, 40.515154 ] ] ], [ [ [ 22.706595, 40.512674 ], [ 22.708118, 40.512678 ], [ 22.70892, 40.512867 ], [ 22.709607, 40.512886 ], [ 22.711165, 40.512724 ], [ 22.711511, 40.512651 ], [ 22.71127, 40.5126 ], [ 22.712112, 40.512472 ], [ 22.712503, 40.512666 ], [ 22.712683, 40.513805 ], [ 22.712675, 40.514886 ], [ 22.713222, 40.51688 ], [ 22.71345, 40.51884 ], [ 22.713619, 40.519413 ], [ 22.713574, 40.52063 ], [ 22.71448, 40.522824 ], [ 22.715188, 40.5261 ], [ 22.715306, 40.528222 ], [ 22.71547, 40.529411 ], [ 22.71544, 40.529841 ], [ 22.715007, 40.530939 ], [ 22.715006, 40.531238 ], [ 22.715183, 40.531833 ], [ 22.715207, 40.532583 ], [ 22.714826, 40.533688 ], [ 22.714959, 40.536226 ], [ 22.7149, 40.537643 ], [ 22.714961, 40.538606 ], [ 22.714738, 40.540042 ], [ 22.714801, 40.540701 ], [ 22.714729, 40.541722 ], [ 22.714931, 40.542951 ], [ 22.714488, 40.543886 ], [ 22.714215, 40.54581 ], [ 22.713973, 40.546583 ], [ 22.713895, 40.547678 ], [ 22.713745, 40.548083 ], [ 22.713901, 40.548477 ], [ 22.713938, 40.549465 ], [ 22.713785, 40.551631 ], [ 22.713692, 40.551979 ], [ 22.713874, 40.553035 ], [ 22.713842, 40.554553 ], [ 22.713972, 40.558357 ], [ 22.713702, 40.560134 ], [ 22.713646, 40.560685 ], [ 22.71373, 40.560879 ], [ 22.713596, 40.561403 ], [ 22.713519, 40.562537 ], [ 22.713199, 40.563702 ], [ 22.713166, 40.565632 ], [ 22.712868, 40.566589 ], [ 22.712987, 40.566814 ], [ 22.712875, 40.56698 ], [ 22.712749, 40.569141 ], [ 22.712827, 40.569348 ], [ 22.712833, 40.571556 ], [ 22.715014, 40.571674 ], [ 22.714971, 40.571476 ], [ 22.714161, 40.570178 ], [ 22.714043, 40.569763 ], [ 22.714, 40.56865 ], [ 22.714102, 40.567481 ], [ 22.714365, 40.566686 ], [ 22.714249, 40.566322 ], [ 22.713946, 40.566101 ], [ 22.713887, 40.565963 ], [ 22.713789, 40.564012 ], [ 22.71387, 40.563579 ], [ 22.714274, 40.562668 ], [ 22.714376, 40.561659 ], [ 22.714716, 40.559923 ], [ 22.714783, 40.558348 ], [ 22.715448, 40.55694 ], [ 22.715957, 40.556284 ], [ 22.716165, 40.555632 ], [ 22.716025, 40.555419 ], [ 22.715971, 40.553869 ], [ 22.716004, 40.552961 ], [ 22.716249, 40.551483 ], [ 22.715988, 40.549136 ], [ 22.716317, 40.547724 ], [ 22.716372, 40.546937 ], [ 22.716124, 40.543811 ], [ 22.716186, 40.543 ], [ 22.716543, 40.541205 ], [ 22.716619, 40.540114 ], [ 22.716553, 40.539214 ], [ 22.716226, 40.538727 ], [ 22.716191, 40.538458 ], [ 22.71669, 40.536615 ], [ 22.716736, 40.535007 ], [ 22.716942, 40.533892 ], [ 22.717677, 40.532483 ], [ 22.71813, 40.53137 ], [ 22.718607, 40.531075 ], [ 22.719882, 40.530618 ], [ 22.721913, 40.528357 ], [ 22.723099, 40.527178 ], [ 22.723674, 40.526269 ], [ 22.72393, 40.525464 ], [ 22.724766, 40.524697 ], [ 22.725303, 40.524356 ], [ 22.725906, 40.524104 ], [ 22.726378, 40.523774 ], [ 22.726807, 40.523259 ], [ 22.726868, 40.522602 ], [ 22.727022, 40.52223 ], [ 22.727424, 40.521704 ], [ 22.730104, 40.519436 ], [ 22.730324, 40.519038 ], [ 22.730478, 40.518435 ], [ 22.731146, 40.517228 ], [ 22.731225, 40.516752 ], [ 22.731398, 40.516532 ], [ 22.731369, 40.516046 ], [ 22.731129, 40.515258 ], [ 22.731251, 40.514696 ], [ 22.732072, 40.513843 ], [ 22.73258, 40.513141 ], [ 22.733226, 40.512535 ], [ 22.734621, 40.510087 ], [ 22.735448, 40.509324 ], [ 22.735717, 40.509247 ], [ 22.736213, 40.508674 ], [ 22.736556, 40.508583 ], [ 22.736582, 40.508232 ], [ 22.736527, 40.508111 ], [ 22.736134, 40.508199 ], [ 22.734978, 40.509441 ], [ 22.734563, 40.509651 ], [ 22.734344, 40.509664 ], [ 22.734195, 40.509533 ], [ 22.734011, 40.509114 ], [ 22.733919, 40.508249 ], [ 22.733924, 40.507871 ], [ 22.734033, 40.507757 ], [ 22.733924, 40.507377 ], [ 22.733995, 40.507292 ], [ 22.733504, 40.506961 ], [ 22.733336, 40.507086 ], [ 22.73341, 40.507523 ], [ 22.733345, 40.50768 ], [ 22.733182, 40.507743 ], [ 22.733231, 40.508317 ], [ 22.733105, 40.508495 ], [ 22.733481, 40.508614 ], [ 22.73365, 40.508935 ], [ 22.733891, 40.509716 ], [ 22.733838, 40.510491 ], [ 22.73312, 40.512008 ], [ 22.732472, 40.51267 ], [ 22.731658, 40.513897 ], [ 22.731138, 40.514322 ], [ 22.73089, 40.514753 ], [ 22.730787, 40.515236 ], [ 22.730923, 40.516126 ], [ 22.730861, 40.516555 ], [ 22.729768, 40.51941 ], [ 22.729474, 40.519675 ], [ 22.728887, 40.519929 ], [ 22.728437, 40.520263 ], [ 22.726863, 40.521931 ], [ 22.726592, 40.52235 ], [ 22.726303, 40.52322 ], [ 22.726037, 40.52368 ], [ 22.72498, 40.52419 ], [ 22.723761, 40.525323 ], [ 22.723407, 40.525925 ], [ 22.723221, 40.526465 ], [ 22.722628, 40.527313 ], [ 22.721152, 40.528751 ], [ 22.719859, 40.530336 ], [ 22.719377, 40.530435 ], [ 22.718721, 40.530707 ], [ 22.718375, 40.530976 ], [ 22.717615, 40.531347 ], [ 22.71727, 40.532255 ], [ 22.716765, 40.532936 ], [ 22.716684, 40.532911 ], [ 22.716401, 40.532202 ], [ 22.716256, 40.530569 ], [ 22.716473, 40.52937 ], [ 22.716972, 40.528269 ], [ 22.717334, 40.526163 ], [ 22.717372, 40.525503 ], [ 22.717254, 40.523933 ], [ 22.717388, 40.52125 ], [ 22.717243, 40.520463 ], [ 22.716859, 40.519828 ], [ 22.716342, 40.519113 ], [ 22.716014, 40.518795 ], [ 22.715371, 40.518367 ], [ 22.715306, 40.51824 ], [ 22.715204, 40.517726 ], [ 22.715169, 40.51648 ], [ 22.715378, 40.515159 ], [ 22.7157, 40.514365 ], [ 22.716643, 40.513141 ], [ 22.717983, 40.511772 ], [ 22.71845, 40.511095 ], [ 22.719453, 40.510129 ], [ 22.720107, 40.509256 ], [ 22.721411, 40.507853 ], [ 22.72176, 40.507612 ], [ 22.722709, 40.506356 ], [ 22.722941, 40.505543 ], [ 22.72316, 40.505509 ], [ 22.72438, 40.506183 ], [ 22.725189, 40.506511 ], [ 22.72538, 40.506458 ], [ 22.725577, 40.50655 ], [ 22.725669, 40.505878 ], [ 22.725327, 40.505837 ], [ 22.725311, 40.50593 ], [ 22.724878, 40.505798 ], [ 22.724623, 40.505883 ], [ 22.724277, 40.505815 ], [ 22.723948, 40.505618 ], [ 22.723757, 40.505374 ], [ 22.723442, 40.505283 ], [ 22.723107, 40.505283 ], [ 22.722999, 40.505206 ], [ 22.723193, 40.504922 ], [ 22.723603, 40.504585 ], [ 22.723606, 40.503841 ], [ 22.724155, 40.502376 ], [ 22.723416, 40.502089 ], [ 22.723476, 40.502249 ], [ 22.723067, 40.502767 ], [ 22.723139, 40.502934 ], [ 22.722977, 40.503493 ], [ 22.722663, 40.504081 ], [ 22.72236, 40.50514 ], [ 22.722041, 40.505764 ], [ 22.721309, 40.506291 ], [ 22.72076, 40.506917 ], [ 22.720115, 40.508071 ], [ 22.719363, 40.508941 ], [ 22.719106, 40.509619 ], [ 22.718611, 40.510304 ], [ 22.718088, 40.510688 ], [ 22.717771, 40.510777 ], [ 22.71728, 40.510773 ], [ 22.717649, 40.510851 ], [ 22.717089, 40.511906 ], [ 22.716734, 40.512381 ], [ 22.716206, 40.512658 ], [ 22.716043, 40.512144 ], [ 22.71679, 40.510993 ], [ 22.716968, 40.510489 ], [ 22.716977, 40.509807 ], [ 22.717584, 40.508756 ], [ 22.717761, 40.508384 ], [ 22.717738, 40.508224 ], [ 22.717874, 40.508124 ], [ 22.718042, 40.50773 ], [ 22.718172, 40.50767 ], [ 22.718079, 40.507357 ], [ 22.718481, 40.506203 ], [ 22.718906, 40.505792 ], [ 22.719415, 40.505593 ], [ 22.719153, 40.505894 ], [ 22.719172, 40.506029 ], [ 22.719242, 40.506015 ], [ 22.720166, 40.50511 ], [ 22.720872, 40.503927 ], [ 22.721315, 40.503508 ], [ 22.721441, 40.503263 ], [ 22.721558, 40.503246 ], [ 22.72143, 40.502762 ], [ 22.721698, 40.501423 ], [ 22.720986, 40.501147 ], [ 22.720898, 40.50164 ], [ 22.720968, 40.501984 ], [ 22.720676, 40.50283 ], [ 22.720725, 40.503425 ], [ 22.720562, 40.503845 ], [ 22.720195, 40.504423 ], [ 22.71961, 40.504976 ], [ 22.71904, 40.505302 ], [ 22.718806, 40.505302 ], [ 22.718756, 40.505126 ], [ 22.71908, 40.503647 ], [ 22.719111, 40.501696 ], [ 22.718815, 40.500965 ], [ 22.717837, 40.50113 ], [ 22.718103, 40.501655 ], [ 22.718209, 40.50171 ], [ 22.718363, 40.503372 ], [ 22.718099, 40.504004 ], [ 22.718112, 40.505161 ], [ 22.71795, 40.50602 ], [ 22.717302, 40.507587 ], [ 22.716774, 40.508319 ], [ 22.716213, 40.508879 ], [ 22.715737, 40.509682 ], [ 22.715676, 40.510579 ], [ 22.715794, 40.511092 ], [ 22.715761, 40.511463 ], [ 22.715643, 40.511729 ], [ 22.715408, 40.51197 ], [ 22.715165, 40.512832 ], [ 22.714086, 40.513944 ], [ 22.713895, 40.514419 ], [ 22.713759, 40.515385 ], [ 22.713531, 40.515332 ], [ 22.713292, 40.515082 ], [ 22.713167, 40.514802 ], [ 22.713057, 40.512822 ], [ 22.713193, 40.512284 ], [ 22.713066, 40.512023 ], [ 22.712751, 40.511823 ], [ 22.712113, 40.511678 ], [ 22.711254, 40.511849 ], [ 22.71012, 40.512451 ], [ 22.709242, 40.512475 ], [ 22.708619, 40.512338 ], [ 22.707764, 40.511962 ], [ 22.707007, 40.511152 ], [ 22.706442, 40.512012 ], [ 22.706595, 40.512674 ] ], [ [ 22.714363, 40.514461 ], [ 22.714456, 40.51447 ], [ 22.714517, 40.514075 ], [ 22.714814, 40.513623 ], [ 22.715794, 40.512699 ], [ 22.715891, 40.513089 ], [ 22.715712, 40.513701 ], [ 22.715095, 40.514652 ], [ 22.714412, 40.515172 ], [ 22.714363, 40.514461 ] ], [ [ 22.714361, 40.554612 ], [ 22.714445, 40.553327 ], [ 22.715126, 40.554105 ], [ 22.715395, 40.554977 ], [ 22.715078, 40.55556 ], [ 22.715298, 40.555537 ], [ 22.715443, 40.555305 ], [ 22.715515, 40.555512 ], [ 22.715388, 40.556086 ], [ 22.714908, 40.556521 ], [ 22.714787, 40.556423 ], [ 22.714743, 40.555884 ], [ 22.71456, 40.555659 ], [ 22.714594, 40.555435 ], [ 22.714361, 40.554612 ] ], [ [ 22.714464, 40.547219 ], [ 22.714846, 40.544735 ], [ 22.715186, 40.544193 ], [ 22.715292, 40.544351 ], [ 22.715466, 40.545316 ], [ 22.715466, 40.546815 ], [ 22.715344, 40.547074 ], [ 22.714767, 40.547634 ], [ 22.714575, 40.547551 ], [ 22.714464, 40.547219 ] ], [ [ 22.714528, 40.55313 ], [ 22.714513, 40.552522 ], [ 22.714591, 40.552509 ], [ 22.71508, 40.553288 ], [ 22.715185, 40.553884 ], [ 22.714528, 40.55313 ] ], [ [ 22.714762, 40.518645 ], [ 22.714878, 40.518603 ], [ 22.715711, 40.519392 ], [ 22.716438, 40.520636 ], [ 22.716588, 40.521076 ], [ 22.716556, 40.521421 ], [ 22.716245, 40.522031 ], [ 22.716466, 40.524053 ], [ 22.716465, 40.525097 ], [ 22.716085, 40.526024 ], [ 22.715979, 40.525986 ], [ 22.715829, 40.525605 ], [ 22.715679, 40.523513 ], [ 22.715191, 40.522086 ], [ 22.71518, 40.521311 ], [ 22.714756, 40.520075 ], [ 22.714762, 40.518645 ] ], [ [ 22.714802, 40.551156 ], [ 22.71517, 40.549757 ], [ 22.715703, 40.548792 ], [ 22.715953, 40.550304 ], [ 22.715874, 40.550756 ], [ 22.715971, 40.551659 ], [ 22.715692, 40.552727 ], [ 22.714885, 40.551698 ], [ 22.714802, 40.551156 ] ], [ [ 22.715041, 40.543917 ], [ 22.715005, 40.543718 ], [ 22.715064, 40.543711 ], [ 22.715041, 40.543917 ] ], [ [ 22.715703, 40.534529 ], [ 22.715746, 40.534105 ], [ 22.715885, 40.533832 ], [ 22.715981, 40.534145 ], [ 22.715812, 40.534592 ], [ 22.715703, 40.534529 ] ], [ [ 22.716001, 40.539901 ], [ 22.716003, 40.539124 ], [ 22.716104, 40.539105 ], [ 22.716343, 40.539663 ], [ 22.716358, 40.540319 ], [ 22.716246, 40.540554 ], [ 22.716001, 40.539901 ] ], [ [ 22.716043, 40.509506 ], [ 22.716556, 40.50879 ], [ 22.716875, 40.508526 ], [ 22.716903, 40.508779 ], [ 22.716609, 40.509581 ], [ 22.716386, 40.510087 ], [ 22.716163, 40.51034 ], [ 22.716022, 40.50989 ], [ 22.716043, 40.509506 ] ], [ [ 22.717615, 40.511695 ], [ 22.717871, 40.51142 ], [ 22.718144, 40.511271 ], [ 22.717871, 40.511738 ], [ 22.717635, 40.511852 ], [ 22.717615, 40.511695 ] ], [ [ 22.717778, 40.507414 ], [ 22.717867, 40.507129 ], [ 22.717928, 40.50704 ], [ 22.717778, 40.507414 ] ], [ [ 22.71817, 40.504168 ], [ 22.718262, 40.503774 ], [ 22.71831, 40.503703 ], [ 22.718335, 40.503944 ], [ 22.71817, 40.504168 ] ], [ [ 22.718363, 40.510869 ], [ 22.718562, 40.510644 ], [ 22.718664, 40.510582 ], [ 22.718566, 40.510752 ], [ 22.718363, 40.510869 ] ], [ [ 22.718457, 40.502445 ], [ 22.718542, 40.501949 ], [ 22.71852, 40.501635 ], [ 22.718673, 40.501785 ], [ 22.718754, 40.502151 ], [ 22.718722, 40.502622 ], [ 22.718552, 40.502835 ], [ 22.718457, 40.502445 ] ], [ [ 22.71847, 40.501111 ], [ 22.718685, 40.501204 ], [ 22.718793, 40.501635 ], [ 22.718648, 40.501621 ], [ 22.718553, 40.501507 ], [ 22.71847, 40.501111 ] ], [ [ 22.719434, 40.50526 ], [ 22.719486, 40.505217 ], [ 22.719761, 40.50511 ], [ 22.719517, 40.505281 ], [ 22.719434, 40.50526 ] ], [ [ 22.721874, 40.507028 ], [ 22.72233, 40.50619 ], [ 22.722694, 40.505909 ], [ 22.722361, 40.506625 ], [ 22.722152, 40.506871 ], [ 22.721874, 40.507028 ] ], [ [ 22.722999, 40.503814 ], [ 22.723057, 40.503601 ], [ 22.723094, 40.503699 ], [ 22.722999, 40.503814 ] ], [ [ 22.723067, 40.504084 ], [ 22.723168, 40.503826 ], [ 22.723288, 40.503817 ], [ 22.723214, 40.504032 ], [ 22.723067, 40.504084 ] ], [ [ 22.723258, 40.503491 ], [ 22.72335, 40.503411 ], [ 22.723258, 40.503561 ], [ 22.723258, 40.503491 ] ] ] ] } },
{ "type": "Feature", "properties": { "fclass": "wetland", "name": null, "name:el": null, "name:en": null }, "geometry": { "type": "MultiPolygon", "coordinates": [ [ [ [ 22.705166, 40.535878 ], [ 22.705236, 40.535981 ], [ 22.705279, 40.535906 ], [ 22.705166, 40.535878 ] ] ] ] } },
{ "type": "Feature", "properties": { "fclass": "wetland", "name": null, "name:el": null, "name:en": null }, "geometry": { "type": "MultiPolygon", "coordinates": [ [ [ [ 22.704856, 40.536469 ], [ 22.704956, 40.536763 ], [ 22.705029, 40.536753 ], [ 22.705054, 40.536403 ], [ 22.704849, 40.53616 ], [ 22.704931, 40.536291 ], [ 22.704856, 40.536469 ] ] ] ] } },
{ "type": "Feature", "properties": { "fclass": "riverbank", "name": null, "name:el": null, "name:en": null }, "geometry": { "type": "MultiPolygon", "coordinates": [ [ [ [ 22.652982, 40.557751 ], [ 22.653686, 40.557646 ], [ 22.654011, 40.557513 ], [ 22.654466, 40.557192 ], [ 22.654661, 40.556828 ], [ 22.655043, 40.556463 ], [ 22.655393, 40.556315 ], [ 22.656214, 40.556167 ], [ 22.656243, 40.556083 ], [ 22.656507, 40.556006 ], [ 22.656861, 40.555697 ], [ 22.657158, 40.555654 ], [ 22.657137, 40.555574 ], [ 22.657336, 40.555394 ], [ 22.658312, 40.554823 ], [ 22.659942, 40.554128 ], [ 22.660955, 40.553791 ], [ 22.661394, 40.553779 ], [ 22.661719, 40.553921 ], [ 22.662313, 40.553856 ], [ 22.66276, 40.55372 ], [ 22.663569, 40.552877 ], [ 22.664053, 40.552661 ], [ 22.664434, 40.552581 ], [ 22.6659, 40.551643 ], [ 22.667376, 40.55121 ], [ 22.668521, 40.54991 ], [ 22.669295, 40.548848 ], [ 22.670994, 40.54782 ], [ 22.671632, 40.546948 ], [ 22.672061, 40.546547 ], [ 22.672251, 40.546164 ], [ 22.67244, 40.544898 ], [ 22.672739, 40.54425 ], [ 22.673358, 40.543629 ], [ 22.673873, 40.543403 ], [ 22.674238, 40.542877 ], [ 22.674298, 40.542537 ], [ 22.67444, 40.54237 ], [ 22.67471, 40.542307 ], [ 22.675002, 40.542007 ], [ 22.675027, 40.541853 ], [ 22.675254, 40.541742 ], [ 22.675496, 40.541316 ], [ 22.67617, 40.540851 ], [ 22.676312, 40.540606 ], [ 22.676248, 40.540493 ], [ 22.676691, 40.540001 ], [ 22.676698, 40.539771 ], [ 22.677034, 40.538862 ], [ 22.677344, 40.53869 ], [ 22.677736, 40.538146 ], [ 22.678018, 40.538023 ], [ 22.678503, 40.537377 ], [ 22.678676, 40.537274 ], [ 22.678753, 40.536981 ], [ 22.678874, 40.536955 ], [ 22.679276, 40.536593 ], [ 22.679269, 40.536467 ], [ 22.679771, 40.536044 ], [ 22.67985, 40.535835 ], [ 22.680245, 40.535743 ], [ 22.68085, 40.535292 ], [ 22.681165, 40.534126 ], [ 22.681127, 40.533946 ], [ 22.68121, 40.533919 ], [ 22.681336, 40.53352 ], [ 22.681631, 40.532066 ], [ 22.682221, 40.530028 ], [ 22.681451, 40.529972 ], [ 22.681537, 40.530475 ], [ 22.68119, 40.532273 ], [ 22.680292, 40.53415 ], [ 22.680093, 40.534741 ], [ 22.679099, 40.536214 ], [ 22.676956, 40.53836 ], [ 22.675902, 40.540138 ], [ 22.674858, 40.541477 ], [ 22.673149, 40.542808 ], [ 22.672063, 40.544012 ], [ 22.671767, 40.545562 ], [ 22.671488, 40.546234 ], [ 22.671077, 40.546871 ], [ 22.669321, 40.548337 ], [ 22.668138, 40.549945 ], [ 22.66737, 40.550713 ], [ 22.665357, 40.55177 ], [ 22.663303, 40.552591 ], [ 22.663098, 40.553023 ], [ 22.661749, 40.553653 ], [ 22.66107, 40.553544 ], [ 22.658888, 40.554194 ], [ 22.655796, 40.556016 ], [ 22.654774, 40.556207 ], [ 22.653679, 40.557291 ], [ 22.653139, 40.557466 ], [ 22.652453, 40.557435 ], [ 22.652442, 40.55773 ], [ 22.652982, 40.557751 ] ] ] ] } },
{ "type": "Feature", "properties": { "fclass": null, "name": null, "name:el": null, "name:en": null }, "geometry": { "type": "MultiPolygon", "coordinates": [ [ [ [ 22.706195, 40.559467 ], [ 22.70571, 40.556549 ], [ 22.705907, 40.555021 ], [ 22.705307, 40.55482 ], [ 22.705469, 40.554053 ], [ 22.705301, 40.553733 ], [ 22.705282, 40.55333 ], [ 22.705053, 40.553328 ], [ 22.705164, 40.554192 ], [ 22.705112, 40.55489 ], [ 22.705588, 40.555285 ], [ 22.705453, 40.556746 ], [ 22.705645, 40.557299 ], [ 22.705941, 40.559233 ], [ 22.705817, 40.559915 ], [ 22.705847, 40.560241 ], [ 22.705452, 40.561288 ], [ 22.705424, 40.561816 ], [ 22.705206, 40.562474 ], [ 22.705373, 40.562979 ], [ 22.705562, 40.562928 ], [ 22.705416, 40.56224 ], [ 22.705611, 40.561884 ], [ 22.705678, 40.561385 ], [ 22.706046, 40.560434 ], [ 22.706195, 40.559467 ] ] ] ] } },
{ "type": "Feature", "properties": { "fclass": null, "name": null, "name:el": null, "name:en": null }, "geometry": { "type": "MultiPolygon", "coordinates": [ [ [ [ 22.705274, 40.555063 ], [ 22.705143, 40.554965 ], [ 22.705227, 40.560027 ], [ 22.705175, 40.561642 ], [ 22.705264, 40.561687 ], [ 22.705364, 40.561587 ], [ 22.705342, 40.561385 ], [ 22.705439, 40.561441 ], [ 22.705452, 40.561288 ], [ 22.705367, 40.561258 ], [ 22.70533, 40.560988 ], [ 22.705347, 40.556285 ], [ 22.705247, 40.556109 ], [ 22.705205, 40.55516 ], [ 22.705274, 40.555063 ] ] ] ] } },
{ "type": "Feature", "properties": { "fclass": "riverbank", "name": null, "name:el": null, "name:en": null }, "geometry": { "type": "MultiPolygon", "coordinates": [ [ [ [ 22.632677, 40.572528 ], [ 22.639865, 40.564516 ], [ 22.641448, 40.563122 ], [ 22.642848, 40.562324 ], [ 22.64391, 40.561594 ], [ 22.64436, 40.561199 ], [ 22.6448, 40.560632 ], [ 22.645407, 40.560131 ], [ 22.647005, 40.559128 ], [ 22.647987, 40.558831 ], [ 22.649838, 40.558456 ], [ 22.651168, 40.557926 ], [ 22.651973, 40.557718 ], [ 22.652442, 40.55773 ], [ 22.652453, 40.557435 ], [ 22.651698, 40.557401 ], [ 22.648209, 40.558517 ], [ 22.646027, 40.559276 ], [ 22.645312, 40.559805 ], [ 22.643485, 40.561725 ], [ 22.640135, 40.563999 ], [ 22.636485, 40.567675 ], [ 22.632496, 40.572512 ], [ 22.632677, 40.572528 ] ] ] ] } },
{ "type": "Feature", "properties": { "fclass": "water", "name": null, "name:el": null, "name:en": null }, "geometry": { "type": "MultiPolygon", "coordinates": [ [ [ [ 22.979443, 40.534879 ], [ 22.980857, 40.536368 ], [ 22.981565, 40.537952 ], [ 22.981896, 40.539577 ], [ 22.981935, 40.540252 ], [ 22.980894, 40.54214 ], [ 22.982038, 40.540239 ], [ 22.981637, 40.537943 ], [ 22.980882, 40.536295 ], [ 22.979443, 40.534879 ] ] ] ] } },
{ "type": "Feature", "properties": { "fclass": "water", "name": null, "name:el": null, "name:en": null }, "geometry": { "type": "MultiPolygon", "coordinates": [ [ [ [ 23.007248, 40.542002 ], [ 23.00939, 40.542249 ], [ 23.010884, 40.543784 ], [ 23.011691, 40.544999 ], [ 23.012864, 40.546108 ], [ 23.013462, 40.54719 ], [ 23.013588, 40.547237 ], [ 23.012888, 40.545983 ], [ 23.011781, 40.544945 ], [ 23.011178, 40.543975 ], [ 23.009584, 40.54236 ], [ 23.009542, 40.542204 ], [ 23.009364, 40.542108 ], [ 23.007338, 40.541878 ], [ 23.007248, 40.542002 ] ] ] ] } },
{ "type": "Feature", "properties": { "fclass": "water", "name": null, "name:el": null, "name:en": null }, "geometry": { "type": "MultiPolygon", "coordinates": [ [ [ [ 22.988961, 40.554267 ], [ 22.989132, 40.554511 ], [ 22.989745, 40.55462 ], [ 22.989771, 40.554527 ], [ 22.989455, 40.554255 ], [ 22.989506, 40.553951 ], [ 22.989009, 40.554164 ], [ 22.988961, 40.554267 ] ] ] ] } },
{ "type": "Feature", "properties": { "fclass": "reservoir", "name": "Λίμνη Τριαδίου", "name:el": null, "name:en": null }, "geometry": { "type": "MultiPolygon", "coordinates": [ [ [ [ 23.068479, 40.556545 ], [ 23.068738, 40.55699 ], [ 23.068648, 40.55717 ], [ 23.068718, 40.557285 ], [ 23.069233, 40.557392 ], [ 23.069457, 40.557293 ], [ 23.069658, 40.557126 ], [ 23.0704, 40.555873 ], [ 23.070891, 40.555532 ], [ 23.071371, 40.554932 ], [ 23.071434, 40.554486 ], [ 23.071694, 40.554453 ], [ 23.072246, 40.555095 ], [ 23.072392, 40.555029 ], [ 23.072302, 40.554805 ], [ 23.072393, 40.554516 ], [ 23.071615, 40.55383 ], [ 23.07141, 40.553735 ], [ 23.071093, 40.553783 ], [ 23.070357, 40.554103 ], [ 23.070229, 40.554304 ], [ 23.070213, 40.55469 ], [ 23.069936, 40.555084 ], [ 23.068986, 40.555287 ], [ 23.068563, 40.556079 ], [ 23.068479, 40.556545 ] ] ] ] } },
{ "type": "Feature", "properties": { "fclass": "water", "name": null, "name:el": null, "name:en": null }, "geometry": { "type": "MultiPolygon", "coordinates": [ [ [ [ 22.991854, 40.555293 ], [ 22.991985, 40.55506 ], [ 22.991992, 40.554768 ], [ 22.99189, 40.554768 ], [ 22.991878, 40.555054 ], [ 22.991766, 40.555254 ], [ 22.991854, 40.555293 ] ] ] ] } },
{ "type": "Feature", "properties": { "fclass": "water", "name": null, "name:el": null, "name:en": null }, "geometry": { "type": "MultiPolygon", "coordinates": [ [ [ [ 22.991222, 40.555243 ], [ 22.991283, 40.555293 ], [ 22.991301, 40.555179 ], [ 22.991506, 40.555164 ], [ 22.991571, 40.554973 ], [ 22.991491, 40.5549 ], [ 22.991599, 40.554885 ], [ 22.991592, 40.554765 ], [ 22.991287, 40.554839 ], [ 22.991222, 40.555243 ] ] ] ] } },
{ "type": "Feature", "properties": { "fclass": null, "name": null, "name:el": null, "name:en": null }, "geometry": { "type": "MultiPolygon", "coordinates": [ [ [ [ 23.068563, 40.556079 ], [ 23.068986, 40.555287 ], [ 23.0684, 40.55495 ], [ 23.067632, 40.555229 ], [ 23.067434, 40.555477 ], [ 23.067141, 40.555559 ], [ 23.067166, 40.555926 ], [ 23.068391, 40.556538 ], [ 23.068479, 40.556545 ], [ 23.068563, 40.556079 ] ] ] ] } },
{ "type": "Feature", "properties": { "fclass": "water", "name": null, "name:el": null, "name:en": null }, "geometry": { "type": "MultiPolygon", "coordinates": [ [ [ [ 22.989967, 40.555461 ], [ 22.990059, 40.555314 ], [ 22.989954, 40.555276 ], [ 22.989863, 40.555423 ], [ 22.989967, 40.555461 ] ] ] ] } },
{ "type": "Feature", "properties": { "fclass": "water", "name": null, "name:el": null, "name:en": null }, "geometry": { "type": "MultiPolygon", "coordinates": [ [ [ [ 22.991788, 40.555497 ], [ 22.991928, 40.555427 ], [ 22.991875, 40.555401 ], [ 22.991788, 40.555497 ] ] ] ] } },
{ "type": "Feature", "properties": { "fclass": "reservoir", "name": "Λίμνη Φράγματος Θέρμης", "name:el": null, "name:en": null }, "geometry": { "type": "MultiPolygon", "coordinates": [ [ [ [ 23.033498, 40.55582 ], [ 23.033647, 40.556357 ], [ 23.0339, 40.5567 ], [ 23.033787, 40.556804 ], [ 23.034317, 40.557275 ], [ 23.034385, 40.557515 ], [ 23.034208, 40.558024 ], [ 23.034687, 40.558533 ], [ 23.035225, 40.55868 ], [ 23.035095, 40.558482 ], [ 23.034724, 40.558437 ], [ 23.034593, 40.558327 ], [ 23.03467, 40.55799 ], [ 23.034937, 40.55778 ], [ 23.0351, 40.557357 ], [ 23.035023, 40.55636 ], [ 23.03481, 40.556157 ], [ 23.034267, 40.55594 ], [ 23.034236, 40.555643 ], [ 23.033498, 40.55582 ] ], [ [ 23.034475, 40.557026 ], [ 23.034585, 40.556972 ], [ 23.034685, 40.557024 ], [ 23.034715, 40.557125 ], [ 23.034622, 40.557209 ], [ 23.034488, 40.557184 ], [ 23.034475, 40.557026 ] ] ] ] } },
{ "type": "Feature", "properties": { "fclass": "water", "name": null, "name:el": null, "name:en": null }, "geometry": { "type": "MultiPolygon", "coordinates": [ [ [ [ 23.101137, 40.487158 ], [ 23.101982, 40.487143 ], [ 23.102492, 40.487005 ], [ 23.101839, 40.487056 ], [ 23.10127, 40.487014 ], [ 23.101112, 40.487052 ], [ 23.101137, 40.487158 ] ] ] ] } },
{ "type": "Feature", "properties": { "fclass": "reservoir", "name": null, "name:el": null, "name:en": null }, "geometry": { "type": "MultiPolygon", "coordinates": [ [ [ [ 23.151976, 40.505879 ], [ 23.152762, 40.506068 ], [ 23.153049, 40.506151 ], [ 23.153168, 40.506274 ], [ 23.153656, 40.506365 ], [ 23.154035, 40.506736 ], [ 23.154111, 40.506699 ], [ 23.154127, 40.506419 ], [ 23.154333, 40.506295 ], [ 23.15449, 40.506316 ], [ 23.155051, 40.505949 ], [ 23.156005, 40.505753 ], [ 23.156229, 40.50559 ], [ 23.156206, 40.505515 ], [ 23.156453, 40.50526 ], [ 23.157137, 40.505375 ], [ 23.157363, 40.505309 ], [ 23.157873, 40.505758 ], [ 23.157898, 40.505599 ], [ 23.157607, 40.505134 ], [ 23.157459, 40.50508 ], [ 23.157166, 40.505143 ], [ 23.156691, 40.505024 ], [ 23.155775, 40.504944 ], [ 23.155221, 40.505107 ], [ 23.154821, 40.505062 ], [ 23.154317, 40.50514 ], [ 23.154005, 40.505102 ], [ 23.153947, 40.505015 ], [ 23.153815, 40.505089 ], [ 23.153537, 40.505066 ], [ 23.153423, 40.504906 ], [ 23.152019, 40.505801 ], [ 23.151976, 40.505879 ] ] ] ] } },
{ "type": "Feature", "properties": { "fclass": "reservoir", "name": null, "name:el": null, "name:en": null }, "geometry": { "type": "MultiPolygon", "coordinates": [ [ [ [ 23.136424, 40.55605 ], [ 23.136636, 40.556454 ], [ 23.136442, 40.556534 ], [ 23.136646, 40.556562 ], [ 23.136931, 40.556279 ], [ 23.136973, 40.555768 ], [ 23.136768, 40.555759 ], [ 23.136571, 40.55585 ], [ 23.136424, 40.55605 ] ] ] ] } },
{ "type": "Feature", "properties": { "fclass": "water", "name": null, "name:el": null, "name:en": null }, "geometry": { "type": "MultiPolygon", "coordinates": [ [ [ [ 23.315253, 40.55788 ], [ 23.315408, 40.557894 ], [ 23.315873, 40.557617 ], [ 23.31628, 40.557486 ], [ 23.316095, 40.557197 ], [ 23.31509, 40.557695 ], [ 23.315253, 40.55788 ] ] ] ] } },
{ "type": "Feature", "properties": { "fclass": "water", "name": null, "name:el": null, "name:en": null }, "geometry": { "type": "MultiPolygon", "coordinates": [ [ [ [ 23.252881, 40.588673 ], [ 23.252899, 40.588833 ], [ 23.253007, 40.588854 ], [ 23.253081, 40.588669 ], [ 23.25296, 40.588616 ], [ 23.252881, 40.588673 ] ] ] ] } },
{ "type": "Feature", "properties": { "fclass": "water", "name": null, "name:el": null, "name:en": null }, "geometry": { "type": "MultiPolygon", "coordinates": [ [ [ [ 23.254247, 40.661496 ], [ 23.253868, 40.661717 ], [ 23.254174, 40.66207 ], [ 23.254392, 40.662059 ], [ 23.255571, 40.663229 ], [ 23.256154, 40.663384 ], [ 23.256576, 40.663362 ], [ 23.256765, 40.662821 ], [ 23.255993, 40.662556 ], [ 23.255382, 40.662181 ], [ 23.254174, 40.660635 ], [ 23.253694, 40.660867 ], [ 23.254247, 40.661496 ] ] ] ] } },
{ "type": "Feature", "properties": { "fclass": "wetland", "name": null, "name:el": null, "name:en": null }, "geometry": { "type": "MultiPolygon", "coordinates": [ [ [ [ 23.21268, 40.670212 ], [ 23.227595, 40.666029 ], [ 23.228308, 40.665687 ], [ 23.228635, 40.665444 ], [ 23.228628, 40.665359 ], [ 23.228267, 40.665142 ], [ 23.227896, 40.665392 ], [ 23.227333, 40.665629 ], [ 23.212859, 40.669771 ], [ 23.212873, 40.669843 ], [ 23.212522, 40.669925 ], [ 23.21268, 40.670212 ] ] ] ] } },
{ "type": "Feature", "properties": { "fclass": "water", "name": "Λίμνη Κορώνεια", "name:el": null, "name:en": null }, "geometry": { "type": "MultiPolygon", "coordinates": [ [ [ [ 23.118897, 40.670247 ], [ 23.122393, 40.669251 ], [ 23.124459, 40.668625 ], [ 23.123812, 40.668604 ], [ 23.123678, 40.668721 ], [ 23.123272, 40.668576 ], [ 23.12306, 40.668693 ], [ 23.122442, 40.668767 ], [ 23.122393, 40.668379 ], [ 23.122308, 40.66874 ], [ 23.122113, 40.668801 ], [ 23.121715, 40.668835 ], [ 23.121511, 40.668625 ], [ 23.121353, 40.668619 ], [ 23.121267, 40.66886 ], [ 23.12106, 40.668851 ], [ 23.120808, 40.668712 ], [ 23.120564, 40.66915 ], [ 23.120438, 40.669045 ], [ 23.120088, 40.669295 ], [ 23.119405, 40.669597 ], [ 23.118897, 40.670247 ] ] ] ] } },
{ "type": "Feature", "properties": { "fclass": "water", "name": null, "name:el": null, "name:en": null }, "geometry": { "type": "MultiPolygon", "coordinates": [ [ [ [ 23.115222, 40.671881 ], [ 23.115519, 40.672206 ], [ 23.116206, 40.671895 ], [ 23.11634, 40.671758 ], [ 23.116627, 40.671707 ], [ 23.116606, 40.671463 ], [ 23.116298, 40.671146 ], [ 23.115469, 40.671484 ], [ 23.115314, 40.671487 ], [ 23.115222, 40.671881 ] ] ] ] } },
{ "type": "Feature", "properties": { "fclass": "wetland", "name": null, "name:el": null, "name:en": null }, "geometry": { "type": "MultiPolygon", "coordinates": [ [ [ [ 23.20503, 40.673468 ], [ 23.205437, 40.675803 ], [ 23.208705, 40.677164 ], [ 23.208981, 40.678109 ], [ 23.213178, 40.676871 ], [ 23.210699, 40.671175 ], [ 23.211697, 40.670638 ], [ 23.212696, 40.670241 ], [ 23.212053, 40.669125 ], [ 23.211476, 40.669415 ], [ 23.210674, 40.668647 ], [ 23.204248, 40.671111 ], [ 23.20503, 40.673468 ] ] ] ] } },
{ "type": "Feature", "properties": { "fclass": "reservoir", "name": null, "name:el": null, "name:en": null }, "geometry": { "type": "MultiPolygon", "coordinates": [ [ [ [ 23.035756, 40.558285 ], [ 23.035768, 40.558942 ], [ 23.035995, 40.558987 ], [ 23.036203, 40.559954 ], [ 23.036289, 40.56011 ], [ 23.036194, 40.559726 ], [ 23.036241, 40.559358 ], [ 23.036392, 40.559191 ], [ 23.037121, 40.559008 ], [ 23.037216, 40.558839 ], [ 23.036881, 40.558637 ], [ 23.036898, 40.5585 ], [ 23.036658, 40.558343 ], [ 23.036529, 40.558324 ], [ 23.036426, 40.558415 ], [ 23.036323, 40.558304 ], [ 23.035756, 40.558285 ] ] ] ] } },
{ "type": "Feature", "properties": { "fclass": "water", "name": null, "name:el": null, "name:en": null }, "geometry": { "type": "MultiPolygon", "coordinates": [ [ [ [ 22.968359, 40.56057 ], [ 22.971912, 40.566599 ], [ 22.972367, 40.567056 ], [ 22.974175, 40.568271 ], [ 22.974237, 40.568165 ], [ 22.972473, 40.566957 ], [ 22.971993, 40.566438 ], [ 22.96866, 40.560916 ], [ 22.968471, 40.560121 ], [ 22.968303, 40.560024 ], [ 22.968359, 40.56057 ] ] ] ] } },
{ "type": "Feature", "properties": { "fclass": "water", "name": null, "name:el": null, "name:en": null }, "geometry": { "type": "MultiPolygon", "coordinates": [ [ [ [ 22.990493, 40.564753 ], [ 22.991856, 40.565398 ], [ 22.991949, 40.565385 ], [ 22.992192, 40.565016 ], [ 22.992137, 40.564913 ], [ 22.990802, 40.564356 ], [ 22.990604, 40.564404 ], [ 22.990479, 40.564595 ], [ 22.990493, 40.564753 ] ] ] ] } },
{ "type": "Feature", "properties": { "fclass": "water", "name": null, "name:el": null, "name:en": null }, "geometry": { "type": "MultiPolygon", "coordinates": [ [ [ [ 22.99192, 40.565919 ], [ 22.992101, 40.566098 ], [ 22.992371, 40.566139 ], [ 22.992612, 40.566038 ], [ 22.992705, 40.565773 ], [ 22.992474, 40.565555 ], [ 22.992176, 40.565545 ], [ 22.991951, 40.565693 ], [ 22.99192, 40.565919 ] ] ] ] } },
{ "type": "Feature", "properties": { "fclass": "water", "name": null, "name:el": null, "name:en": null }, "geometry": { "type": "MultiPolygon", "coordinates": [ [ [ [ 22.968497, 40.599151 ], [ 22.968556, 40.599027 ], [ 22.968391, 40.598982 ], [ 22.968332, 40.599106 ], [ 22.968497, 40.599151 ] ] ] ] } },
{ "type": "Feature", "properties": { "fclass": "water", "name": "Τεχνητή Λίμνη ΑΠΘ", "name:el": null, "name:en": null }, "geometry": { "type": "MultiPolygon", "coordinates": [ [ [ [ 22.958207, 40.631719 ], [ 22.958308, 40.631793 ], [ 22.958492, 40.631644 ], [ 22.958268, 40.63163 ], [ 22.958207, 40.631719 ] ] ] ] } },
{ "type": "Feature", "properties": { "fclass": "riverbank", "name": null, "name:el": null, "name:en": null }, "geometry": { "type": "MultiPolygon", "coordinates": [ [ [ [ 22.967377, 40.665603 ], [ 22.96784, 40.665264 ], [ 22.96866, 40.665175 ], [ 22.96893, 40.664866 ], [ 22.969128, 40.664341 ], [ 22.969444, 40.663982 ], [ 22.969958, 40.663843 ], [ 22.970065, 40.663935 ], [ 22.970223, 40.663943 ], [ 22.970681, 40.663804 ], [ 22.970778, 40.663731 ], [ 22.970849, 40.663387 ], [ 22.971185, 40.663132 ], [ 22.971994, 40.66324 ], [ 22.972961, 40.66321 ], [ 22.973552, 40.663047 ], [ 22.973511, 40.66292 ], [ 22.973206, 40.663044 ], [ 22.972412, 40.663121 ], [ 22.971404, 40.662974 ], [ 22.970676, 40.663128 ], [ 22.970722, 40.663333 ], [ 22.97061, 40.663731 ], [ 22.969902, 40.66363 ], [ 22.969469, 40.663769 ], [ 22.969159, 40.664113 ], [ 22.968797, 40.664885 ], [ 22.968655, 40.665024 ], [ 22.968553, 40.665098 ], [ 22.967708, 40.665194 ], [ 22.967175, 40.665631 ], [ 22.967377, 40.665603 ] ] ] ] } },
{ "type": "Feature", "properties": { "fclass": "riverbank", "name": null, "name:el": null, "name:en": null }, "geometry": { "type": "MultiPolygon", "coordinates": [ [ [ [ 22.965591, 40.667279 ], [ 22.965912, 40.667275 ], [ 22.965983, 40.667182 ], [ 22.966008, 40.66678 ], [ 22.96611, 40.666611 ], [ 22.966645, 40.666445 ], [ 22.966945, 40.666441 ], [ 22.96722, 40.666275 ], [ 22.967384, 40.665664 ], [ 22.967182, 40.66571 ], [ 22.967174, 40.666197 ], [ 22.965968, 40.666533 ], [ 22.965866, 40.66678 ], [ 22.965896, 40.667109 ], [ 22.965748, 40.667252 ], [ 22.965591, 40.667279 ] ] ] ] } },
{ "type": "Feature", "properties": { "fclass": "riverbank", "name": null, "name:el": null, "name:en": null }, "geometry": { "type": "MultiPolygon", "coordinates": [ [ [ [ 22.964398, 40.668169 ], [ 22.964884, 40.667882 ], [ 22.964924, 40.667497 ], [ 22.965014, 40.667418 ], [ 22.965616, 40.667432 ], [ 22.965221, 40.667241 ], [ 22.964951, 40.667262 ], [ 22.964771, 40.667364 ], [ 22.96474, 40.667845 ], [ 22.96432, 40.668052 ], [ 22.964281, 40.668171 ], [ 22.964398, 40.668169 ] ] ] ] } },
{ "type": "Feature", "properties": { "fclass": "riverbank", "name": null, "name:el": null, "name:en": null }, "geometry": { "type": "MultiPolygon", "coordinates": [ [ [ [ 22.962487, 40.669718 ], [ 22.962643, 40.669827 ], [ 22.963271, 40.669591 ], [ 22.963537, 40.669585 ], [ 22.964753, 40.669837 ], [ 22.965049, 40.669736 ], [ 22.964217, 40.669569 ], [ 22.964343, 40.669249 ], [ 22.964409, 40.66861 ], [ 22.964313, 40.668431 ], [ 22.964003, 40.668263 ], [ 22.964165, 40.667921 ], [ 22.963789, 40.668128 ], [ 22.963803, 40.668481 ], [ 22.964188, 40.668638 ], [ 22.964113, 40.669331 ], [ 22.96398, 40.669546 ], [ 22.963519, 40.669398 ], [ 22.963071, 40.66944 ], [ 22.962487, 40.669718 ] ] ] ] } },
{ "type": "Feature", "properties": { "fclass": "water", "name": null, "name:el": null, "name:en": null }, "geometry": { "type": "MultiPolygon", "coordinates": [ [ [ [ 22.857026, 40.613184 ], [ 22.857058, 40.613237 ], [ 22.85707, 40.613478 ], [ 22.857223, 40.613368 ], [ 22.857231, 40.613149 ], [ 22.857026, 40.613184 ] ] ] ] } },
{ "type": "Feature", "properties": { "fclass": "water", "name": null, "name:el": null, "name:en": null }, "geometry": { "type": "MultiPolygon", "coordinates": [ [ [ [ 22.951255, 40.622457 ], [ 22.951465, 40.621961 ], [ 22.951342, 40.621931 ], [ 22.951132, 40.622427 ], [ 22.951255, 40.622457 ] ] ] ] } },
{ "type": "Feature", "properties": { "fclass": "water", "name": null, "name:el": null, "name:en": null }, "geometry": { "type": "MultiPolygon", "coordinates": [ [ [ [ 22.955761, 40.622662 ], [ 22.955913, 40.622714 ], [ 22.955923, 40.622866 ], [ 22.956021, 40.62248 ], [ 22.955808, 40.622496 ], [ 22.955789, 40.622569 ], [ 22.955864, 40.622562 ], [ 22.95591, 40.622643 ], [ 22.955852, 40.6226 ], [ 22.955761, 40.622662 ] ] ] ] } },
{ "type": "Feature", "properties": { "fclass": "water", "name": null, "name:el": null, "name:en": null }, "geometry": { "type": "MultiPolygon", "coordinates": [ [ [ [ 22.95331, 40.623492 ], [ 22.953369, 40.6234 ], [ 22.953336, 40.623393 ], [ 22.95331, 40.623492 ] ] ] ] } },
{ "type": "Feature", "properties": { "fclass": "water", "name": null, "name:el": null, "name:en": null }, "geometry": { "type": "MultiPolygon", "coordinates": [ [ [ [ 22.953527, 40.623605 ], [ 22.953571, 40.623554 ], [ 22.953409, 40.623478 ], [ 22.953393, 40.623533 ], [ 22.953527, 40.623605 ] ] ] ] } },
{ "type": "Feature", "properties": { "fclass": "water", "name": null, "name:el": null, "name:en": null }, "geometry": { "type": "MultiPolygon", "coordinates": [ [ [ [ 22.953288, 40.623616 ], [ 22.953441, 40.623698 ], [ 22.95351, 40.623622 ], [ 22.9533, 40.623515 ], [ 22.953288, 40.623616 ] ] ] ] } },
{ "type": "Feature", "properties": { "fclass": "water", "name": null, "name:el": null, "name:en": null }, "geometry": { "type": "MultiPolygon", "coordinates": [ [ [ [ 22.953778, 40.623981 ], [ 22.953943, 40.623742 ], [ 22.953912, 40.623728 ], [ 22.953714, 40.623947 ], [ 22.953778, 40.623981 ] ] ] ] } },
{ "type": "Feature", "properties": { "fclass": "water", "name": null, "name:el": null, "name:en": null }, "geometry": { "type": "MultiPolygon", "coordinates": [ [ [ [ 22.950573, 40.624703 ], [ 22.950836, 40.624516 ], [ 22.950339, 40.624113 ], [ 22.950076, 40.624299 ], [ 22.950573, 40.624703 ] ] ] ] } },
{ "type": "Feature", "properties": { "fclass": "water", "name": null, "name:el": null, "name:en": null }, "geometry": { "type": "MultiPolygon", "coordinates": [ [ [ [ 22.949069, 40.625837 ], [ 22.949204, 40.625748 ], [ 22.949149, 40.6257 ], [ 22.949014, 40.625789 ], [ 22.949069, 40.625837 ] ] ] ] } },
{ "type": "Feature", "properties": { "fclass": "water", "name": null, "name:el": null, "name:en": null }, "geometry": { "type": "MultiPolygon", "coordinates": [ [ [ [ 22.830119, 40.629807 ], [ 22.830301, 40.630191 ], [ 22.830547, 40.630195 ], [ 22.830629, 40.630539 ], [ 22.830463, 40.630734 ], [ 22.830742, 40.631258 ], [ 22.830959, 40.6313 ], [ 22.831095, 40.631895 ], [ 22.831457, 40.632061 ], [ 22.832669, 40.631401 ], [ 22.833464, 40.630848 ], [ 22.833766, 40.629559 ], [ 22.834429, 40.629163 ], [ 22.83626, 40.629278 ], [ 22.836857, 40.628965 ], [ 22.838291, 40.627526 ], [ 22.838806, 40.62746 ], [ 22.839273, 40.627674 ], [ 22.839458, 40.628529 ], [ 22.839664, 40.628887 ], [ 22.839449, 40.629148 ], [ 22.839158, 40.629779 ], [ 22.839381, 40.630112 ], [ 22.839175, 40.630411 ], [ 22.83931, 40.630622 ], [ 22.839194, 40.63073 ], [ 22.838881, 40.630692 ], [ 22.838562, 40.630771 ], [ 22.838179, 40.631059 ], [ 22.83809, 40.631234 ], [ 22.838264, 40.63118 ], [ 22.838463, 40.631248 ], [ 22.838551, 40.631171 ], [ 22.838684, 40.631289 ], [ 22.838958, 40.631294 ], [ 22.839294, 40.631198 ], [ 22.839863, 40.631165 ], [ 22.839701, 40.631117 ], [ 22.839432, 40.63116 ], [ 22.839393, 40.631052 ], [ 22.839769, 40.631019 ], [ 22.839635, 40.630893 ], [ 22.839681, 40.63076 ], [ 22.839585, 40.63064 ], [ 22.83969, 40.630554 ], [ 22.839539, 40.630352 ], [ 22.839793, 40.630255 ], [ 22.839492, 40.629994 ], [ 22.839758, 40.629623 ], [ 22.839913, 40.628548 ], [ 22.840119, 40.628144 ], [ 22.84023, 40.628391 ], [ 22.840273, 40.629382 ], [ 22.840128, 40.630164 ], [ 22.840256, 40.630385 ], [ 22.840542, 40.630549 ], [ 22.840306, 40.630641 ], [ 22.840253, 40.630861 ], [ 22.840088, 40.631 ], [ 22.8402, 40.631117 ], [ 22.840509, 40.631184 ], [ 22.840761, 40.63089 ], [ 22.841055, 40.63099 ], [ 22.841375, 40.630956 ], [ 22.841621, 40.63077 ], [ 22.842024, 40.630652 ], [ 22.842196, 40.63047 ], [ 22.842222, 40.630248 ], [ 22.842067, 40.63017 ], [ 22.841949, 40.63026 ], [ 22.84199, 40.630379 ], [ 22.841904, 40.630509 ], [ 22.841793, 40.630522 ], [ 22.841544, 40.630288 ], [ 22.841223, 40.630421 ], [ 22.841166, 40.630542 ], [ 22.840862, 40.630629 ], [ 22.84108, 40.629994 ], [ 22.841295, 40.629845 ], [ 22.841381, 40.629467 ], [ 22.842282, 40.62849 ], [ 22.842325, 40.628718 ], [ 22.842239, 40.628809 ], [ 22.842458, 40.628907 ], [ 22.842463, 40.629178 ], [ 22.842536, 40.629233 ], [ 22.842604, 40.62926 ], [ 22.843035, 40.629066 ], [ 22.843264, 40.629195 ], [ 22.843128, 40.629408 ], [ 22.843439, 40.629386 ], [ 22.843345, 40.629165 ], [ 22.843733, 40.629298 ], [ 22.843885, 40.629447 ], [ 22.843493, 40.629542 ], [ 22.843495, 40.629693 ], [ 22.84335, 40.629792 ], [ 22.843089, 40.629902 ], [ 22.843023, 40.629851 ], [ 22.842984, 40.629923 ], [ 22.84318, 40.630099 ], [ 22.842958, 40.630386 ], [ 22.842841, 40.63042 ], [ 22.84278, 40.630639 ], [ 22.84378, 40.630547 ], [ 22.84382, 40.630338 ], [ 22.844258, 40.630124 ], [ 22.84427, 40.630001 ], [ 22.844527, 40.630134 ], [ 22.844415, 40.630264 ], [ 22.844508, 40.630425 ], [ 22.8448, 40.63037 ], [ 22.84502, 40.630467 ], [ 22.844982, 40.63059 ], [ 22.844695, 40.630689 ], [ 22.844618, 40.630786 ], [ 22.844968, 40.630863 ], [ 22.844578, 40.630962 ], [ 22.844543, 40.631063 ], [ 22.844653, 40.631146 ], [ 22.844424, 40.631194 ], [ 22.844298, 40.631346 ], [ 22.844828, 40.631196 ], [ 22.845108, 40.631033 ], [ 22.846005, 40.630831 ], [ 22.84302, 40.627849 ], [ 22.84422, 40.629093 ], [ 22.84426, 40.629194 ], [ 22.844142, 40.629074 ], [ 22.844018, 40.629113 ], [ 22.844311, 40.629299 ], [ 22.844144, 40.629431 ], [ 22.843414, 40.629022 ], [ 22.843152, 40.629048 ], [ 22.843228, 40.628888 ], [ 22.843512, 40.62871 ], [ 22.843394, 40.62868 ], [ 22.843349, 40.628365 ], [ 22.842877, 40.628311 ], [ 22.843036, 40.628311 ], [ 22.843065, 40.628167 ], [ 22.842955, 40.628061 ], [ 22.842875, 40.628174 ], [ 22.84297, 40.628259 ], [ 22.842789, 40.628203 ], [ 22.84284, 40.627946 ], [ 22.8427, 40.627869 ], [ 22.842596, 40.627878 ], [ 22.842497, 40.628019 ], [ 22.841808, 40.628284 ], [ 22.841422, 40.628598 ], [ 22.841493, 40.628739 ], [ 22.84176, 40.628919 ], [ 22.841569, 40.6289 ], [ 22.841309, 40.628654 ], [ 22.841139, 40.628763 ], [ 22.841112, 40.628597 ], [ 22.840962, 40.628779 ], [ 22.840974, 40.628552 ], [ 22.840883, 40.628809 ], [ 22.840778, 40.628528 ], [ 22.840676, 40.628599 ], [ 22.840735, 40.628802 ], [ 22.840462, 40.628679 ], [ 22.840422, 40.628586 ], [ 22.8406, 40.62842 ], [ 22.840425, 40.628275 ], [ 22.840432, 40.628135 ], [ 22.840839, 40.628271 ], [ 22.840853, 40.628368 ], [ 22.84103, 40.628391 ], [ 22.841195, 40.628529 ], [ 22.841304, 40.628515 ], [ 22.841973, 40.628139 ], [ 22.842233, 40.627899 ], [ 22.842327, 40.627931 ], [ 22.842387, 40.627782 ], [ 22.842621, 40.62771 ], [ 22.842552, 40.62761 ], [ 22.842706, 40.627531 ], [ 22.838924, 40.62382 ], [ 22.838141, 40.622943 ], [ 22.835861, 40.622017 ], [ 22.83544, 40.621758 ], [ 22.834455, 40.620692 ], [ 22.833728, 40.619667 ], [ 22.83359, 40.619604 ], [ 22.832105, 40.620388 ], [ 22.831772, 40.62073 ], [ 22.831532, 40.621259 ], [ 22.830205, 40.626636 ], [ 22.829725, 40.628998 ], [ 22.829667, 40.629512 ], [ 22.830119, 40.629807 ] ] ] ] } },
{ "type": "Feature", "properties": { "fclass": "wetland", "name": null, "name:el": null, "name:en": null }, "geometry": { "type": "MultiPolygon", "coordinates": [ [ [ [ 22.840673, 40.625311 ], [ 22.84143, 40.626062 ], [ 22.84162, 40.626091 ], [ 22.841585, 40.626225 ], [ 22.842865, 40.627513 ], [ 22.843048, 40.62744 ], [ 22.841923, 40.626264 ], [ 22.841926, 40.626405 ], [ 22.842526, 40.627079 ], [ 22.842086, 40.626698 ], [ 22.841638, 40.626212 ], [ 22.84187, 40.626379 ], [ 22.841878, 40.626218 ], [ 22.841233, 40.625563 ], [ 22.841173, 40.62569 ], [ 22.841416, 40.625828 ], [ 22.841304, 40.625812 ], [ 22.841362, 40.625893 ], [ 22.84112, 40.625652 ], [ 22.841125, 40.62553 ], [ 22.841049, 40.625479 ], [ 22.840943, 40.625539 ], [ 22.840866, 40.625355 ], [ 22.840673, 40.625311 ] ] ] ] } },
{ "type": "Feature", "properties": { "fclass": "wetland", "name": null, "name:el": null, "name:en": null }, "geometry": { "type": "MultiPolygon", "coordinates": [ [ [ [ 22.844731, 40.629116 ], [ 22.844785, 40.629173 ], [ 22.844788, 40.629174 ], [ 22.844731, 40.629116 ] ] ] ] } },
{ "type": "Feature", "properties": { "fclass": "wetland", "name": null, "name:el": null, "name:en": null }, "geometry": { "type": "MultiPolygon", "coordinates": [ [ [ [ 22.845204, 40.629596 ], [ 22.845479, 40.629942 ], [ 22.845542, 40.629939 ], [ 22.845204, 40.629596 ] ] ] ] } },
{ "type": "Feature", "properties": { "fclass": "water", "name": "Λιμνοθάλασσα Καλοχωρίου", "name:el": null, "name:en": null }, "geometry": { "type": "MultiPolygon", "coordinates": [ [ [ [ 22.856337, 40.633305 ], [ 22.858547, 40.633044 ], [ 22.858686, 40.632637 ], [ 22.859548, 40.627412 ], [ 22.859567, 40.626606 ], [ 22.858036, 40.626738 ], [ 22.857835, 40.626881 ], [ 22.857392, 40.626763 ], [ 22.856616, 40.626791 ], [ 22.855758, 40.630992 ], [ 22.856144, 40.63153 ], [ 22.855672, 40.631758 ], [ 22.854792, 40.630895 ], [ 22.85344, 40.63026 ], [ 22.85432, 40.63109 ], [ 22.854041, 40.63153 ], [ 22.852625, 40.63065 ], [ 22.851016, 40.631286 ], [ 22.849557, 40.631041 ], [ 22.84751, 40.632377 ], [ 22.856337, 40.633305 ] ] ] ] } },
{ "type": "Feature", "properties": { "fclass": "wetland", "name": null, "name:el": null, "name:en": null }, "geometry": { "type": "MultiPolygon", "coordinates": [ [ [ [ 22.847619, 40.630136 ], [ 22.847765, 40.630137 ], [ 22.848266, 40.62974 ], [ 22.847619, 40.630136 ] ] ] ] } },
{ "type": "Feature", "properties": { "fclass": "wetland", "name": null, "name:el": null, "name:en": null }, "geometry": { "type": "MultiPolygon", "coordinates": [ [ [ [ 22.845717, 40.630117 ], [ 22.845854, 40.630284 ], [ 22.845893, 40.630296 ], [ 22.845717, 40.630117 ] ] ], [ [ [ 22.845943, 40.630368 ], [ 22.845991, 40.63046 ], [ 22.846035, 40.630479 ], [ 22.846049, 40.630455 ], [ 22.845943, 40.630368 ] ] ] ] } },
{ "type": "Feature", "properties": { "fclass": "wetland", "name": null, "name:el": null, "name:en": null }, "geometry": { "type": "MultiPolygon", "coordinates": [ [ [ [ 22.847442, 40.630275 ], [ 22.847588, 40.630277 ], [ 22.847699, 40.63019 ], [ 22.847622, 40.630169 ], [ 22.847442, 40.630275 ] ] ] ] } },
{ "type": "Feature", "properties": { "fclass": "water", "name": null, "name:el": null, "name:en": null }, "geometry": { "type": "MultiPolygon", "coordinates": [ [ [ [ 22.838837, 40.631579 ], [ 22.839057, 40.631584 ], [ 22.839016, 40.631434 ], [ 22.838914, 40.631424 ], [ 22.838837, 40.631579 ] ] ] ] } },
{ "type": "Feature", "properties": { "fclass": "water", "name": "Λιμνοθάλασσα Καλοχωρίου", "name:el": null, "name:en": null }, "geometry": { "type": "MultiPolygon", "coordinates": [ [ [ [ 22.859195, 40.635174 ], [ 22.860745, 40.635253 ], [ 22.861401, 40.63382 ], [ 22.861489, 40.63343 ], [ 22.860482, 40.632458 ], [ 22.862456, 40.63355 ], [ 22.862542, 40.633717 ], [ 22.862877, 40.633821 ], [ 22.863454, 40.633519 ], [ 22.864383, 40.633932 ], [ 22.865394, 40.634045 ], [ 22.867554, 40.635681 ], [ 22.867107, 40.635993 ], [ 22.866531, 40.636158 ], [ 22.866544, 40.636781 ], [ 22.866747, 40.637342 ], [ 22.867541, 40.637383 ], [ 22.868531, 40.637269 ], [ 22.869889, 40.636371 ], [ 22.872037, 40.634759 ], [ 22.860865, 40.626838 ], [ 22.859841, 40.626581 ], [ 22.859755, 40.627473 ], [ 22.859554, 40.627333 ], [ 22.859548, 40.627412 ], [ 22.859748, 40.627557 ], [ 22.858826, 40.634162 ], [ 22.859195, 40.635174 ] ] ] ] } },
{ "type": "Feature", "properties": { "fclass": "water", "name": null, "name:el": null, "name:en": null }, "geometry": { "type": "MultiPolygon", "coordinates": [ [ [ [ 22.838699, 40.631768 ], [ 22.838762, 40.63186 ], [ 22.838811, 40.631823 ], [ 22.838699, 40.631768 ] ] ] ] } },
{ "type": "Feature", "properties": { "fclass": "water", "name": null, "name:el": null, "name:en": null }, "geometry": { "type": "MultiPolygon", "coordinates": [ [ [ [ 22.834264, 40.632559 ], [ 22.834628, 40.632467 ], [ 22.834771, 40.633317 ], [ 22.834378, 40.634239 ], [ 22.834406, 40.634506 ], [ 22.834535, 40.63465 ], [ 22.834689, 40.634692 ], [ 22.834873, 40.634623 ], [ 22.835448, 40.633069 ], [ 22.835574, 40.632979 ], [ 22.835529, 40.63361 ], [ 22.83535, 40.633746 ], [ 22.835434, 40.634031 ], [ 22.83516, 40.634235 ], [ 22.835443, 40.634733 ], [ 22.835775, 40.634715 ], [ 22.836067, 40.634146 ], [ 22.83629, 40.634071 ], [ 22.836721, 40.63431 ], [ 22.836729, 40.634459 ], [ 22.836918, 40.634503 ], [ 22.837089, 40.63437 ], [ 22.83737, 40.634751 ], [ 22.837756, 40.634513 ], [ 22.837835, 40.634294 ], [ 22.837996, 40.634253 ], [ 22.838246, 40.634456 ], [ 22.838396, 40.634717 ], [ 22.838547, 40.634736 ], [ 22.838673, 40.634694 ], [ 22.83865, 40.634574 ], [ 22.838268, 40.634311 ], [ 22.838215, 40.634197 ], [ 22.838489, 40.633836 ], [ 22.838548, 40.633565 ], [ 22.838967, 40.633372 ], [ 22.83905, 40.633372 ], [ 22.839042, 40.633482 ], [ 22.838924, 40.633506 ], [ 22.838924, 40.633596 ], [ 22.839184, 40.633537 ], [ 22.839315, 40.633382 ], [ 22.839235, 40.633191 ], [ 22.839396, 40.632853 ], [ 22.839879, 40.632493 ], [ 22.839959, 40.632004 ], [ 22.840437, 40.632067 ], [ 22.840458, 40.631953 ], [ 22.839962, 40.631831 ], [ 22.839863, 40.63167 ], [ 22.839806, 40.631713 ], [ 22.839675, 40.63163 ], [ 22.839643, 40.631509 ], [ 22.83934, 40.631442 ], [ 22.839066, 40.631727 ], [ 22.839037, 40.631978 ], [ 22.838878, 40.6321 ], [ 22.838913, 40.632234 ], [ 22.838538, 40.632276 ], [ 22.838402, 40.632187 ], [ 22.838405, 40.631963 ], [ 22.838267, 40.631962 ], [ 22.838189, 40.632064 ], [ 22.838253, 40.632379 ], [ 22.838051, 40.632524 ], [ 22.837956, 40.632352 ], [ 22.838097, 40.632226 ], [ 22.838267, 40.631686 ], [ 22.837788, 40.631592 ], [ 22.837687, 40.63169 ], [ 22.837802, 40.631822 ], [ 22.83769, 40.632179 ], [ 22.837549, 40.632293 ], [ 22.837499, 40.632044 ], [ 22.837441, 40.632526 ], [ 22.837105, 40.632778 ], [ 22.837113, 40.632384 ], [ 22.837281, 40.632138 ], [ 22.837175, 40.631989 ], [ 22.837332, 40.631922 ], [ 22.837418, 40.631664 ], [ 22.837323, 40.631678 ], [ 22.83724, 40.631904 ], [ 22.83691, 40.631936 ], [ 22.836825, 40.631877 ], [ 22.836876, 40.631797 ], [ 22.837073, 40.631811 ], [ 22.837116, 40.631732 ], [ 22.836964, 40.631739 ], [ 22.836896, 40.631635 ], [ 22.836301, 40.63156 ], [ 22.836124, 40.631652 ], [ 22.835928, 40.632068 ], [ 22.835443, 40.632295 ], [ 22.835432, 40.632204 ], [ 22.835762, 40.632007 ], [ 22.83604, 40.63111 ], [ 22.83602, 40.630979 ], [ 22.835744, 40.630908 ], [ 22.835774, 40.630791 ], [ 22.836044, 40.630777 ], [ 22.835876, 40.630646 ], [ 22.836237, 40.630683 ], [ 22.836274, 40.630936 ], [ 22.836496, 40.630958 ], [ 22.83643, 40.63142 ], [ 22.836556, 40.631417 ], [ 22.836585, 40.631147 ], [ 22.836707, 40.630981 ], [ 22.83687, 40.631061 ], [ 22.836959, 40.631013 ], [ 22.836922, 40.63076 ], [ 22.836796, 40.630598 ], [ 22.836577, 40.630612 ], [ 22.836441, 40.630703 ], [ 22.836825, 40.629852 ], [ 22.836565, 40.629774 ], [ 22.836602, 40.629625 ], [ 22.83645, 40.629519 ], [ 22.836262, 40.629501 ], [ 22.83626, 40.629278 ], [ 22.836121, 40.629284 ], [ 22.836156, 40.629555 ], [ 22.836386, 40.629587 ], [ 22.836457, 40.629675 ], [ 22.836447, 40.630027 ], [ 22.836294, 40.630222 ], [ 22.836054, 40.630344 ], [ 22.836036, 40.63056 ], [ 22.835754, 40.630563 ], [ 22.835611, 40.630898 ], [ 22.835493, 40.63093 ], [ 22.835182, 40.630765 ], [ 22.834945, 40.630948 ], [ 22.83477, 40.631513 ], [ 22.834849, 40.631701 ], [ 22.834818, 40.632065 ], [ 22.835123, 40.6323 ], [ 22.834686, 40.632415 ], [ 22.834447, 40.632352 ], [ 22.834264, 40.632559 ] ], [ [ 22.835546, 40.632803 ], [ 22.835651, 40.632776 ], [ 22.835597, 40.632849 ], [ 22.835546, 40.632803 ] ], [ [ 22.83593, 40.634105 ], [ 22.836, 40.634014 ], [ 22.836017, 40.6341 ], [ 22.83593, 40.634105 ] ], [ [ 22.83601, 40.633671 ], [ 22.835997, 40.633571 ], [ 22.836065, 40.633609 ], [ 22.83601, 40.633671 ] ], [ [ 22.835957, 40.633862 ], [ 22.836087, 40.633852 ], [ 22.835991, 40.633915 ], [ 22.835957, 40.633862 ] ], [ [ 22.836426, 40.633589 ], [ 22.836443, 40.633497 ], [ 22.836477, 40.6335 ], [ 22.836426, 40.633589 ] ], [ [ 22.837502, 40.633936 ], [ 22.837575, 40.633781 ], [ 22.837679, 40.633828 ], [ 22.837607, 40.633956 ], [ 22.837502, 40.633936 ] ], [ [ 22.83766, 40.632637 ], [ 22.837873, 40.632569 ], [ 22.837765, 40.632679 ], [ 22.837993, 40.632818 ], [ 22.837779, 40.632824 ], [ 22.83766, 40.632637 ] ], [ [ 22.83795, 40.634078 ], [ 22.838068, 40.634074 ], [ 22.838109, 40.634189 ], [ 22.837953, 40.634171 ], [ 22.83795, 40.634078 ] ], [ [ 22.838602, 40.632513 ], [ 22.838538, 40.632385 ], [ 22.838715, 40.632385 ], [ 22.838792, 40.632531 ], [ 22.838602, 40.632513 ] ], [ [ 22.838814, 40.632924 ], [ 22.838932, 40.63286 ], [ 22.838948, 40.632971 ], [ 22.838814, 40.632924 ] ] ] ] } },
{ "type": "Feature", "properties": { "fclass": "wetland", "name": null, "name:el": null, "name:en": null }, "geometry": { "type": "MultiPolygon", "coordinates": [ [ [ [ 22.838602, 40.632513 ], [ 22.838792, 40.632531 ], [ 22.838715, 40.632385 ], [ 22.838538, 40.632385 ], [ 22.838602, 40.632513 ] ] ] ] } },
{ "type": "Feature", "properties": { "fclass": "wetland", "name": null, "name:el": null, "name:en": null }, "geometry": { "type": "MultiPolygon", "coordinates": [ [ [ [ 22.837612, 40.632657 ], [ 22.837835, 40.632843 ], [ 22.837993, 40.632818 ], [ 22.837765, 40.632679 ], [ 22.837873, 40.632569 ], [ 22.837612, 40.632657 ] ] ] ] } },
{ "type": "Feature", "properties": { "fclass": "wetland", "name": null, "name:el": null, "name:en": null }, "geometry": { "type": "MultiPolygon", "coordinates": [ [ [ [ 22.835557, 40.632754 ], [ 22.835597, 40.632849 ], [ 22.835651, 40.632776 ], [ 22.835557, 40.632754 ] ] ] ] } },
{ "type": "Feature", "properties": { "fclass": "wetland", "name": null, "name:el": null, "name:en": null }, "geometry": { "type": "MultiPolygon", "coordinates": [ [ [ [ 22.838814, 40.632924 ], [ 22.838889, 40.632977 ], [ 22.838969, 40.632946 ], [ 22.83889, 40.632849 ], [ 22.838814, 40.632924 ] ] ] ] } },
{ "type": "Feature", "properties": { "fclass": "wetland", "name": null, "name:el": null, "name:en": null }, "geometry": { "type": "MultiPolygon", "coordinates": [ [ [ [ 22.829333, 40.639257 ], [ 22.829626, 40.638984 ], [ 22.830099, 40.638125 ], [ 22.830375, 40.638051 ], [ 22.831284, 40.639003 ], [ 22.831653, 40.639887 ], [ 22.832171, 40.640658 ], [ 22.832812, 40.641252 ], [ 22.833021, 40.641757 ], [ 22.833066, 40.642247 ], [ 22.833348, 40.642393 ], [ 22.833668, 40.642328 ], [ 22.834038, 40.641921 ], [ 22.834149, 40.64064 ], [ 22.834802, 40.639321 ], [ 22.835049, 40.638404 ], [ 22.835431, 40.63804 ], [ 22.834322, 40.636576 ], [ 22.834334, 40.635996 ], [ 22.835383, 40.635124 ], [ 22.838679, 40.636602 ], [ 22.838698, 40.636182 ], [ 22.838878, 40.635548 ], [ 22.839147, 40.635144 ], [ 22.840345, 40.63364 ], [ 22.840494, 40.633682 ], [ 22.841408, 40.632943 ], [ 22.84248, 40.631245 ], [ 22.843725, 40.631095 ], [ 22.844532, 40.63132 ], [ 22.846048, 40.630843 ], [ 22.839002, 40.623882 ], [ 22.839234, 40.625081 ], [ 22.840896, 40.626952 ], [ 22.840582, 40.627604 ], [ 22.840119, 40.628144 ], [ 22.839913, 40.628548 ], [ 22.839758, 40.629623 ], [ 22.839492, 40.629994 ], [ 22.839793, 40.630255 ], [ 22.839539, 40.630352 ], [ 22.83969, 40.630554 ], [ 22.839585, 40.63064 ], [ 22.839681, 40.63076 ], [ 22.839635, 40.630893 ], [ 22.839769, 40.631019 ], [ 22.839439, 40.631014 ], [ 22.839393, 40.631127 ], [ 22.839863, 40.631165 ], [ 22.839294, 40.631198 ], [ 22.838958, 40.631294 ], [ 22.838684, 40.631289 ], [ 22.838551, 40.631171 ], [ 22.838463, 40.631248 ], [ 22.838264, 40.63118 ], [ 22.83809, 40.631234 ], [ 22.838179, 40.631059 ], [ 22.838562, 40.630771 ], [ 22.838881, 40.630692 ], [ 22.839194, 40.63073 ], [ 22.83931, 40.630622 ], [ 22.839175, 40.630411 ], [ 22.839381, 40.630112 ], [ 22.839158, 40.629779 ], [ 22.839449, 40.629148 ], [ 22.839664, 40.628887 ], [ 22.839458, 40.628529 ], [ 22.839273, 40.627674 ], [ 22.838806, 40.62746 ], [ 22.838291, 40.627526 ], [ 22.836857, 40.628965 ], [ 22.83626, 40.629278 ], [ 22.834429, 40.629163 ], [ 22.833766, 40.629559 ], [ 22.833464, 40.630848 ], [ 22.832437, 40.631525 ], [ 22.831441, 40.632352 ], [ 22.831134, 40.631911 ], [ 22.830763, 40.630984 ], [ 22.829237, 40.631157 ], [ 22.82848, 40.633128 ], [ 22.827219, 40.638097 ], [ 22.829333, 40.639257 ] ] ] ] } },
{ "type": "Feature", "properties": { "fclass": "wetland", "name": null, "name:el": null, "name:en": null }, "geometry": { "type": "MultiPolygon", "coordinates": [ [ [ [ 22.836386, 40.633588 ], [ 22.836461, 40.633568 ], [ 22.836477, 40.6335 ], [ 22.836382, 40.633528 ], [ 22.836386, 40.633588 ] ] ] ] } },
{ "type": "Feature", "properties": { "fclass": "water", "name": null, "name:el": null, "name:en": null }, "geometry": { "type": "MultiPolygon", "coordinates": [ [ [ [ 22.945038, 40.634571 ], [ 22.945042, 40.634645 ], [ 22.945092, 40.634606 ], [ 22.945038, 40.634571 ] ] ] ] } },
{ "type": "Feature", "properties": { "fclass": "water", "name": null, "name:el": null, "name:en": null }, "geometry": { "type": "MultiPolygon", "coordinates": [ [ [ [ 22.937103, 40.634578 ], [ 22.937117, 40.634596 ], [ 22.937123, 40.634581 ], [ 22.937103, 40.634578 ] ] ] ] } },
{ "type": "Feature", "properties": { "fclass": "wetland", "name": null, "name:el": null, "name:en": null }, "geometry": { "type": "MultiPolygon", "coordinates": [ [ [ [ 22.835926, 40.633645 ], [ 22.836065, 40.633609 ], [ 22.835997, 40.633571 ], [ 22.835926, 40.633645 ] ] ] ] } },
{ "type": "Feature", "properties": { "fclass": "wetland", "name": null, "name:el": null, "name:en": null }, "geometry": { "type": "MultiPolygon", "coordinates": [ [ [ [ 22.837502, 40.633936 ], [ 22.837607, 40.633956 ], [ 22.837679, 40.633828 ], [ 22.837536, 40.633799 ], [ 22.837502, 40.633936 ] ] ] ] } },
{ "type": "Feature", "properties": { "fclass": "wetland", "name": null, "name:el": null, "name:en": null }, "geometry": { "type": "MultiPolygon", "coordinates": [ [ [ [ 22.835963, 40.633895 ], [ 22.83603, 40.633912 ], [ 22.836087, 40.633852 ], [ 22.836004, 40.633835 ], [ 22.835963, 40.633895 ] ] ] ] } },
{ "type": "Feature", "properties": { "fclass": "water", "name": null, "name:el": null, "name:en": null }, "geometry": { "type": "MultiPolygon", "coordinates": [ [ [ [ 22.743608, 40.630692 ], [ 22.744835, 40.630437 ], [ 22.768044, 40.62836 ], [ 22.768439, 40.628197 ], [ 22.76964, 40.626874 ], [ 22.773812, 40.628952 ], [ 22.769623, 40.62679 ], [ 22.768379, 40.628158 ], [ 22.76795, 40.628314 ], [ 22.744921, 40.630385 ], [ 22.743608, 40.630639 ], [ 22.743608, 40.630692 ] ] ] ] } },
{ "type": "Feature", "properties": { "fclass": "riverbank", "name": null, "name:el": null, "name:en": null }, "geometry": { "type": "MultiPolygon", "coordinates": [ [ [ [ 22.771663, 40.630453 ], [ 22.771775, 40.630493 ], [ 22.771814, 40.630012 ], [ 22.771696, 40.630208 ], [ 22.771663, 40.630453 ] ] ] ] } },
{ "type": "Feature", "properties": { "fclass": "water", "name": null, "name:el": null, "name:en": null }, "geometry": { "type": "MultiPolygon", "coordinates": [ [ [ [ 22.83385, 40.631341 ], [ 22.834158, 40.631463 ], [ 22.83419, 40.631827 ], [ 22.834371, 40.632143 ], [ 22.834351, 40.631929 ], [ 22.834572, 40.631768 ], [ 22.834406, 40.631525 ], [ 22.834486, 40.631197 ], [ 22.834312, 40.631168 ], [ 22.83404, 40.63094 ], [ 22.833925, 40.631009 ], [ 22.834087, 40.631195 ], [ 22.8339, 40.631232 ], [ 22.83385, 40.631341 ] ] ] ] } },
{ "type": "Feature", "properties": { "fclass": "water", "name": null, "name:el": null, "name:en": null }, "geometry": { "type": "MultiPolygon", "coordinates": [ [ [ [ 22.832734, 40.631973 ], [ 22.832874, 40.632054 ], [ 22.832931, 40.631945 ], [ 22.832734, 40.631973 ] ] ] ] } },
{ "type": "Feature", "properties": { "fclass": "water", "name": null, "name:el": null, "name:en": null }, "geometry": { "type": "MultiPolygon", "coordinates": [ [ [ [ 22.772608, 40.62907 ], [ 22.781897, 40.633868 ], [ 22.782079, 40.633916 ], [ 22.772608, 40.629001 ], [ 22.772608, 40.62907 ] ] ] ] } },
{ "type": "Feature", "properties": { "fclass": "water", "name": null, "name:el": null, "name:en": null }, "geometry": { "type": "MultiPolygon", "coordinates": [ [ [ [ 22.829969, 40.632419 ], [ 22.830105, 40.632527 ], [ 22.830203, 40.632441 ], [ 22.830254, 40.632595 ], [ 22.830105, 40.632839 ], [ 22.830221, 40.632859 ], [ 22.830284, 40.632663 ], [ 22.830538, 40.63284 ], [ 22.830573, 40.632677 ], [ 22.830357, 40.632461 ], [ 22.830512, 40.632294 ], [ 22.830544, 40.631995 ], [ 22.830431, 40.632294 ], [ 22.830264, 40.632327 ], [ 22.830435, 40.631958 ], [ 22.830404, 40.631733 ], [ 22.830325, 40.632171 ], [ 22.830057, 40.632271 ], [ 22.829969, 40.632419 ] ] ] ] } },
{ "type": "Feature", "properties": { "fclass": "water", "name": null, "name:el": null, "name:en": null }, "geometry": { "type": "MultiPolygon", "coordinates": [ [ [ [ 22.831662, 40.632519 ], [ 22.832044, 40.632923 ], [ 22.832719, 40.632914 ], [ 22.832971, 40.63341 ], [ 22.833361, 40.633369 ], [ 22.833461, 40.633154 ], [ 22.833404, 40.632568 ], [ 22.832981, 40.632713 ], [ 22.832757, 40.632696 ], [ 22.832692, 40.632602 ], [ 22.832477, 40.632753 ], [ 22.832269, 40.632596 ], [ 22.832225, 40.632337 ], [ 22.832454, 40.632272 ], [ 22.832493, 40.631974 ], [ 22.832611, 40.631834 ], [ 22.833062, 40.631735 ], [ 22.833271, 40.631607 ], [ 22.83342, 40.63162 ], [ 22.833381, 40.631711 ], [ 22.833237, 40.631714 ], [ 22.833371, 40.631836 ], [ 22.833367, 40.632028 ], [ 22.83353, 40.632041 ], [ 22.833589, 40.631879 ], [ 22.833456, 40.631484 ], [ 22.833202, 40.631433 ], [ 22.832948, 40.631618 ], [ 22.832723, 40.631515 ], [ 22.832669, 40.631401 ], [ 22.832526, 40.631478 ], [ 22.832678, 40.631538 ], [ 22.832688, 40.631718 ], [ 22.832491, 40.631806 ], [ 22.832264, 40.632056 ], [ 22.832333, 40.632185 ], [ 22.832085, 40.632155 ], [ 22.831873, 40.632278 ], [ 22.831784, 40.632479 ], [ 22.831662, 40.632519 ] ] ] ] } },
{ "type": "Feature", "properties": { "fclass": "water", "name": null, "name:el": null, "name:en": null }, "geometry": { "type": "MultiPolygon", "coordinates": [ [ [ [ 22.829198, 40.633116 ], [ 22.829307, 40.63316 ], [ 22.829666, 40.633101 ], [ 22.82968, 40.632998 ], [ 22.829609, 40.632941 ], [ 22.829198, 40.633116 ] ] ] ] } },
{ "type": "Feature", "properties": { "fclass": "water", "name": null, "name:el": null, "name:en": null }, "geometry": { "type": "MultiPolygon", "coordinates": [ [ [ [ 22.803475, 40.644968 ], [ 22.803681, 40.645014 ], [ 22.809989, 40.648257 ], [ 22.810728, 40.648368 ], [ 22.811105, 40.648355 ], [ 22.811869, 40.648225 ], [ 22.815311, 40.646401 ], [ 22.819285, 40.643861 ], [ 22.821362, 40.642207 ], [ 22.82313, 40.640436 ], [ 22.824675, 40.638547 ], [ 22.826357, 40.635446 ], [ 22.826924, 40.634235 ], [ 22.827626, 40.632066 ], [ 22.830721, 40.620146 ], [ 22.831164, 40.619669 ], [ 22.834108, 40.618014 ], [ 22.833996, 40.61791 ], [ 22.830918, 40.619655 ], [ 22.830568, 40.620095 ], [ 22.827301, 40.632594 ], [ 22.826795, 40.634176 ], [ 22.826469, 40.634854 ], [ 22.826512, 40.634919 ], [ 22.824804, 40.638123 ], [ 22.824366, 40.638736 ], [ 22.822976, 40.64041 ], [ 22.82095, 40.642409 ], [ 22.818984, 40.643926 ], [ 22.815972, 40.645893 ], [ 22.814624, 40.646701 ], [ 22.813603, 40.647176 ], [ 22.813483, 40.64715 ], [ 22.813483, 40.647222 ], [ 22.813114, 40.647476 ], [ 22.811991, 40.648085 ], [ 22.81156, 40.648231 ], [ 22.811062, 40.648277 ], [ 22.81011, 40.648212 ], [ 22.804445, 40.645281 ], [ 22.803418, 40.644844 ], [ 22.803363, 40.645053 ], [ 22.803475, 40.644968 ] ] ] ] } },
{ "type": "Feature", "properties": { "fclass": "water", "name": null, "name:el": null, "name:en": null }, "geometry": { "type": "MultiPolygon", "coordinates": [ [ [ [ 22.828166, 40.637936 ], [ 22.828302, 40.637945 ], [ 22.828319, 40.637858 ], [ 22.828418, 40.637838 ], [ 22.828601, 40.637517 ], [ 22.828451, 40.637343 ], [ 22.828569, 40.63736 ], [ 22.828538, 40.637251 ], [ 22.828607, 40.637226 ], [ 22.828493, 40.637207 ], [ 22.828583, 40.636831 ], [ 22.828782, 40.63705 ], [ 22.82888, 40.637328 ], [ 22.828996, 40.637152 ], [ 22.829241, 40.637166 ], [ 22.829321, 40.637354 ], [ 22.829274, 40.637923 ], [ 22.829384, 40.637923 ], [ 22.829516, 40.637283 ], [ 22.829581, 40.637814 ], [ 22.82975, 40.637878 ], [ 22.829725, 40.637308 ], [ 22.829872, 40.636754 ], [ 22.830111, 40.636492 ], [ 22.830116, 40.636273 ], [ 22.83024, 40.636129 ], [ 22.830225, 40.636023 ], [ 22.830164, 40.636084 ], [ 22.830223, 40.635757 ], [ 22.830116, 40.635467 ], [ 22.830048, 40.635433 ], [ 22.829817, 40.635548 ], [ 22.829825, 40.635341 ], [ 22.82964, 40.635063 ], [ 22.829414, 40.635085 ], [ 22.829365, 40.634911 ], [ 22.829254, 40.634889 ], [ 22.829117, 40.634975 ], [ 22.829032, 40.63482 ], [ 22.829414, 40.634746 ], [ 22.829502, 40.634961 ], [ 22.829601, 40.634928 ], [ 22.829477, 40.634698 ], [ 22.829713, 40.634301 ], [ 22.829703, 40.634119 ], [ 22.830055, 40.633892 ], [ 22.829868, 40.633743 ], [ 22.83013, 40.633365 ], [ 22.830107, 40.633157 ], [ 22.830221, 40.632859 ], [ 22.830105, 40.632839 ], [ 22.829894, 40.633191 ], [ 22.829784, 40.63297 ], [ 22.829987, 40.632734 ], [ 22.829843, 40.6328 ], [ 22.829609, 40.63334 ], [ 22.829563, 40.633238 ], [ 22.829666, 40.633101 ], [ 22.829307, 40.63316 ], [ 22.829229, 40.633643 ], [ 22.8288, 40.633316 ], [ 22.828961, 40.633208 ], [ 22.828884, 40.633075 ], [ 22.829063, 40.633073 ], [ 22.828971, 40.632914 ], [ 22.829052, 40.632607 ], [ 22.828928, 40.63247 ], [ 22.829227, 40.632314 ], [ 22.829272, 40.632575 ], [ 22.829085, 40.63287 ], [ 22.829185, 40.633081 ], [ 22.829609, 40.632941 ], [ 22.829713, 40.632564 ], [ 22.829969, 40.632419 ], [ 22.830057, 40.632271 ], [ 22.829859, 40.632205 ], [ 22.830084, 40.631649 ], [ 22.829948, 40.631362 ], [ 22.830054, 40.631027 ], [ 22.82993, 40.631002 ], [ 22.829613, 40.631186 ], [ 22.829482, 40.631186 ], [ 22.829743, 40.630001 ], [ 22.82971, 40.629836 ], [ 22.830301, 40.630191 ], [ 22.830119, 40.629807 ], [ 22.829842, 40.629742 ], [ 22.829626, 40.629492 ], [ 22.829706, 40.628914 ], [ 22.829543, 40.62919 ], [ 22.829102, 40.631407 ], [ 22.829168, 40.631484 ], [ 22.829016, 40.631682 ], [ 22.829016, 40.631956 ], [ 22.828782, 40.6326 ], [ 22.828768, 40.63278 ], [ 22.828878, 40.632947 ], [ 22.828682, 40.633018 ], [ 22.828522, 40.633794 ], [ 22.828758, 40.633933 ], [ 22.82868, 40.63367 ], [ 22.828821, 40.6337 ], [ 22.828802, 40.634335 ], [ 22.828993, 40.634392 ], [ 22.828991, 40.634488 ], [ 22.829124, 40.634482 ], [ 22.829063, 40.63456 ], [ 22.829124, 40.634591 ], [ 22.829581, 40.633746 ], [ 22.829681, 40.634011 ], [ 22.829546, 40.634099 ], [ 22.829526, 40.634454 ], [ 22.82929, 40.634494 ], [ 22.829146, 40.634602 ], [ 22.829252, 40.63467 ], [ 22.828748, 40.634613 ], [ 22.828469, 40.634696 ], [ 22.828481, 40.634749 ], [ 22.828624, 40.63469 ], [ 22.828357, 40.635759 ], [ 22.82839, 40.636529 ], [ 22.828184, 40.637281 ], [ 22.828323, 40.637604 ], [ 22.828308, 40.637797 ], [ 22.828136, 40.63786 ], [ 22.828166, 40.637936 ] ] ] ] } },
{ "type": "Feature", "properties": { "fclass": "wetland", "name": null, "name:el": null, "name:en": null }, "geometry": { "type": "MultiPolygon", "coordinates": [ [ [ [ 22.83592, 40.634055 ], [ 22.836017, 40.6341 ], [ 22.836, 40.634014 ], [ 22.83592, 40.634055 ] ] ] ] } },
{ "type": "Feature", "properties": { "fclass": "wetland", "name": null, "name:el": null, "name:en": null }, "geometry": { "type": "MultiPolygon", "coordinates": [ [ [ [ 22.84751, 40.632377 ], [ 22.849246, 40.635535 ], [ 22.861399, 40.636233 ], [ 22.862625, 40.637126 ], [ 22.864749, 40.637346 ], [ 22.86448, 40.637591 ], [ 22.864137, 40.638299 ], [ 22.865376, 40.638858 ], [ 22.866448, 40.639124 ], [ 22.866797, 40.638762 ], [ 22.867614, 40.638722 ], [ 22.868682, 40.638911 ], [ 22.870231, 40.640938 ], [ 22.870973, 40.641709 ], [ 22.871861, 40.642076 ], [ 22.872626, 40.641724 ], [ 22.874115, 40.642099 ], [ 22.876239, 40.642192 ], [ 22.876063, 40.637383 ], [ 22.872172, 40.635034 ], [ 22.872037, 40.634759 ], [ 22.860865, 40.626838 ], [ 22.859841, 40.626581 ], [ 22.858036, 40.626738 ], [ 22.857835, 40.626881 ], [ 22.857392, 40.626763 ], [ 22.853973, 40.626782 ], [ 22.853367, 40.626935 ], [ 22.852616, 40.627286 ], [ 22.846712, 40.631209 ], [ 22.84751, 40.632377 ] ] ] ] } },
{ "type": "Feature", "properties": { "fclass": "wetland", "name": null, "name:el": null, "name:en": null }, "geometry": { "type": "MultiPolygon", "coordinates": [ [ [ [ 22.837953, 40.634171 ], [ 22.838063, 40.634208 ], [ 22.838128, 40.634157 ], [ 22.838004, 40.634052 ], [ 22.837953, 40.634171 ] ] ] ] } },
{ "type": "Feature", "properties": { "fclass": "wetland", "name": null, "name:el": null, "name:en": null }, "geometry": { "type": "MultiPolygon", "coordinates": [ [ [ [ 22.839547, 40.636914 ], [ 22.840432, 40.636081 ], [ 22.842258, 40.634641 ], [ 22.84235, 40.634314 ], [ 22.842881, 40.633852 ], [ 22.842775, 40.633755 ], [ 22.840736, 40.635259 ], [ 22.839136, 40.636677 ], [ 22.838506, 40.637461 ], [ 22.838499, 40.638095 ], [ 22.839547, 40.636914 ] ] ] ] } },
{ "type": "Feature", "properties": { "fclass": "water", "name": "Λιμνοθάλασσα Καλοχωρίου", "name:el": null, "name:en": null }, "geometry": { "type": "MultiPolygon", "coordinates": [ [ [ [ 22.867614, 40.638722 ], [ 22.868682, 40.638911 ], [ 22.869426, 40.639433 ], [ 22.870536, 40.640534 ], [ 22.871288, 40.6405 ], [ 22.871027, 40.641201 ], [ 22.871021, 40.641488 ], [ 22.8715, 40.641719 ], [ 22.871861, 40.642076 ], [ 22.872817, 40.641559 ], [ 22.873757, 40.641905 ], [ 22.874667, 40.642046 ], [ 22.875231, 40.641836 ], [ 22.875892, 40.641355 ], [ 22.875675, 40.639143 ], [ 22.874263, 40.638683 ], [ 22.873639, 40.638837 ], [ 22.873405, 40.639435 ], [ 22.872695, 40.639719 ], [ 22.871178, 40.639329 ], [ 22.870538, 40.638918 ], [ 22.870179, 40.638255 ], [ 22.870172, 40.637555 ], [ 22.870307, 40.636775 ], [ 22.871232, 40.635827 ], [ 22.871635, 40.635599 ], [ 22.872205, 40.635058 ], [ 22.872126, 40.634998 ], [ 22.866797, 40.638762 ], [ 22.867614, 40.638722 ] ] ] ] } },
{ "type": "Feature", "properties": { "fclass": "water", "name": null, "name:el": null, "name:en": null }, "geometry": { "type": "MultiPolygon", "coordinates": [ [ [ [ 22.876671, 40.642873 ], [ 22.876679, 40.643313 ], [ 22.876826, 40.643378 ], [ 22.877301, 40.6434 ], [ 22.877526, 40.64328 ], [ 22.877596, 40.642928 ], [ 22.877811, 40.642916 ], [ 22.8778, 40.640909 ], [ 22.878272, 40.640789 ], [ 22.879447, 40.640691 ], [ 22.877853, 40.640732 ], [ 22.877733, 40.640856 ], [ 22.877735, 40.642836 ], [ 22.876671, 40.642873 ] ] ] ] } },
{ "type": "Feature", "properties": { "fclass": "wetland", "name": null, "name:el": null, "name:en": null }, "geometry": { "type": "MultiPolygon", "coordinates": [ [ [ [ 22.901691, 40.643509 ], [ 22.901818, 40.64332 ], [ 22.902224, 40.643296 ], [ 22.902452, 40.643142 ], [ 22.902488, 40.642013 ], [ 22.902359, 40.641962 ], [ 22.90157, 40.642203 ], [ 22.901537, 40.642629 ], [ 22.901356, 40.64274 ], [ 22.901228, 40.643482 ], [ 22.901691, 40.643509 ] ] ] ] } },
{ "type": "Feature", "properties": { "fclass": "wetland", "name": null, "name:el": null, "name:en": null }, "geometry": { "type": "MultiPolygon", "coordinates": [ [ [ [ 22.897453, 40.642496 ], [ 22.89802, 40.643704 ], [ 22.898497, 40.643811 ], [ 22.898678, 40.643596 ], [ 22.899268, 40.643416 ], [ 22.899563, 40.643003 ], [ 22.900255, 40.642784 ], [ 22.900233, 40.642528 ], [ 22.899883, 40.642597 ], [ 22.899164, 40.642483 ], [ 22.897453, 40.642496 ] ] ] ] } },
{ "type": "Feature", "properties": { "fclass": "water", "name": null, "name:el": null, "name:en": null }, "geometry": { "type": "MultiPolygon", "coordinates": [ [ [ [ 22.897714, 40.642998 ], [ 22.89802, 40.643704 ], [ 22.898497, 40.643811 ], [ 22.898678, 40.643596 ], [ 22.899268, 40.643416 ], [ 22.899494, 40.643188 ], [ 22.899528, 40.642929 ], [ 22.899404, 40.642921 ], [ 22.899194, 40.642581 ], [ 22.898933, 40.642546 ], [ 22.89789, 40.642676 ], [ 22.897788, 40.642813 ], [ 22.897941, 40.642878 ], [ 22.897714, 40.642998 ] ] ] ] } },
{ "type": "Feature", "properties": { "fclass": "water", "name": null, "name:el": null, "name:en": null }, "geometry": { "type": "MultiPolygon", "coordinates": [ [ [ [ 22.902848, 40.643919 ], [ 22.903065, 40.64397 ], [ 22.903647, 40.643893 ], [ 22.904085, 40.643712 ], [ 22.905073, 40.644203 ], [ 22.906575, 40.644228 ], [ 22.907476, 40.643967 ], [ 22.907726, 40.643759 ], [ 22.907809, 40.64313 ], [ 22.908446, 40.64271 ], [ 22.908312, 40.642589 ], [ 22.907461, 40.64294 ], [ 22.907577, 40.643303 ], [ 22.907483, 40.643528 ], [ 22.907266, 40.643825 ], [ 22.906767, 40.644069 ], [ 22.90567, 40.644006 ], [ 22.905305, 40.644085 ], [ 22.905066, 40.644041 ], [ 22.904331, 40.643586 ], [ 22.904172, 40.643555 ], [ 22.902935, 40.643764 ], [ 22.902831, 40.643802 ], [ 22.902848, 40.643919 ] ] ] ] } },
{ "type": "Feature", "properties": { "fclass": "water", "name": null, "name:el": null, "name:en": null }, "geometry": { "type": "MultiPolygon", "coordinates": [ [ [ [ 23.691428, 40.681535 ], [ 23.691934, 40.682591 ], [ 23.692119, 40.682792 ], [ 23.692457, 40.682821 ], [ 23.692676, 40.682762 ], [ 23.692681, 40.682868 ], [ 23.692788, 40.68286 ], [ 23.693361, 40.682711 ], [ 23.693563, 40.682579 ], [ 23.693541, 40.682442 ], [ 23.692575, 40.682425 ], [ 23.692142, 40.682263 ], [ 23.691619, 40.681663 ], [ 23.691575, 40.681202 ], [ 23.691428, 40.681535 ] ] ] ] } },
{ "type": "Feature", "properties": { "fclass": "water", "name": null, "name:el": null, "name:en": null }, "geometry": { "type": "MultiPolygon", "coordinates": [ [ [ [ 23.356755, 40.567253 ], [ 23.356972, 40.567259 ], [ 23.356968, 40.567009 ], [ 23.356789, 40.567037 ], [ 23.356755, 40.567253 ] ] ] ] } },
{ "type": "Feature", "properties": { "fclass": "water", "name": null, "name:el": null, "name:en": null }, "geometry": { "type": "MultiPolygon", "coordinates": [ [ [ [ 23.555908, 40.702446 ], [ 23.556091, 40.702471 ], [ 23.556263, 40.702286 ], [ 23.555997, 40.70229 ], [ 23.555908, 40.702446 ] ] ] ] } },
{ "type": "Feature", "properties": { "fclass": "water", "name": null, "name:el": null, "name:en": null }, "geometry": { "type": "MultiPolygon", "coordinates": [ [ [ [ 23.549959, 40.7052 ], [ 23.550136, 40.705239 ], [ 23.550374, 40.705066 ], [ 23.550412, 40.704949 ], [ 23.550132, 40.704991 ], [ 23.549959, 40.7052 ] ] ] ] } },
{ "type": "Feature", "properties": { "fclass": "water", "name": null, "name:el": null, "name:en": null }, "geometry": { "type": "MultiPolygon", "coordinates": [ [ [ [ 23.540152, 40.723783 ], [ 23.540251, 40.72383 ], [ 23.540442, 40.723732 ], [ 23.540226, 40.723545 ], [ 23.54014, 40.723597 ], [ 23.540152, 40.723783 ] ] ] ] } },
{ "type": "Feature", "properties": { "fclass": "water", "name": null, "name:el": null, "name:en": null }, "geometry": { "type": "MultiPolygon", "coordinates": [ [ [ [ 23.627575, 40.726433 ], [ 23.627868, 40.726403 ], [ 23.627987, 40.726253 ], [ 23.627941, 40.726136 ], [ 23.62765, 40.726131 ], [ 23.627575, 40.726433 ] ] ] ] } },
{ "type": "Feature", "properties": { "fclass": "water", "name": null, "name:el": null, "name:en": null }, "geometry": { "type": "MultiPolygon", "coordinates": [ [ [ [ 23.620337, 40.755917 ], [ 23.620471, 40.756475 ], [ 23.620632, 40.7565 ], [ 23.620779, 40.756368 ], [ 23.620583, 40.755886 ], [ 23.620457, 40.755843 ], [ 23.620337, 40.755917 ] ] ] ] } },
{ "type": "Feature", "properties": { "fclass": "water", "name": null, "name:el": null, "name:en": null }, "geometry": { "type": "MultiPolygon", "coordinates": [ [ [ [ 23.619036, 40.757032 ], [ 23.619206, 40.757093 ], [ 23.619403, 40.757064 ], [ 23.619476, 40.756807 ], [ 23.619029, 40.756751 ], [ 23.619036, 40.757032 ] ] ] ] } },
{ "type": "Feature", "properties": { "fclass": "riverbank", "name": null, "name:el": null, "name:en": null }, "geometry": { "type": "MultiPolygon", "coordinates": [ [ [ [ 23.49132, 40.63953 ], [ 23.49283, 40.64084 ], [ 23.494286, 40.642628 ], [ 23.49573, 40.643561 ], [ 23.496628, 40.644648 ], [ 23.496852, 40.645273 ], [ 23.497122, 40.647466 ], [ 23.498038, 40.649047 ], [ 23.499733, 40.649911 ], [ 23.501006, 40.651586 ], [ 23.501412, 40.652476 ], [ 23.501434, 40.653035 ], [ 23.501005, 40.653799 ], [ 23.500489, 40.655538 ], [ 23.500682, 40.656756 ], [ 23.502278, 40.658203 ], [ 23.502789, 40.658807 ], [ 23.502789, 40.659352 ], [ 23.502617, 40.660069 ], [ 23.502531, 40.662489 ], [ 23.50182, 40.66352 ], [ 23.502764, 40.66352 ], [ 23.503043, 40.66245 ], [ 23.503129, 40.660114 ], [ 23.503299, 40.659405 ], [ 23.503047, 40.658066 ], [ 23.502356, 40.656691 ], [ 23.502356, 40.653852 ], [ 23.502785, 40.653135 ], [ 23.502785, 40.652386 ], [ 23.502622, 40.65183 ], [ 23.50059, 40.649453 ], [ 23.498698, 40.648605 ], [ 23.497982, 40.647585 ], [ 23.498196, 40.646313 ], [ 23.497638, 40.644456 ], [ 23.49624, 40.643006 ], [ 23.494809, 40.641855 ], [ 23.492661, 40.6398 ], [ 23.491413, 40.638217 ], [ 23.490126, 40.63824 ], [ 23.49132, 40.63953 ] ] ] ] } },
{ "type": "Feature", "properties": { "fclass": "reservoir", "name": null, "name:el": null, "name:en": null }, "geometry": { "type": "MultiPolygon", "coordinates": [ [ [ [ 23.522387, 40.718298 ], [ 23.522411, 40.718215 ], [ 23.522245, 40.718192 ], [ 23.522224, 40.718275 ], [ 23.522387, 40.718298 ] ] ] ] } },
{ "type": "Feature", "properties": { "fclass": "water", "name": null, "name:el": null, "name:en": null }, "geometry": { "type": "MultiPolygon", "coordinates": [ [ [ [ 23.500748, 40.74197 ], [ 23.500819, 40.742254 ], [ 23.501, 40.742166 ], [ 23.500833, 40.741951 ], [ 23.500748, 40.74197 ] ] ] ] } },
{ "type": "Feature", "properties": { "fclass": "reservoir", "name": null, "name:el": null, "name:en": null }, "geometry": { "type": "MultiPolygon", "coordinates": [ [ [ [ 23.494295, 40.748187 ], [ 23.494695, 40.748 ], [ 23.494664, 40.747837 ], [ 23.494803, 40.74768 ], [ 23.494543, 40.747736 ], [ 23.494449, 40.747925 ], [ 23.494138, 40.748081 ], [ 23.494295, 40.748187 ] ] ] ] } },
{ "type": "Feature", "properties": { "fclass": "reservoir", "name": null, "name:el": null, "name:en": null }, "geometry": { "type": "MultiPolygon", "coordinates": [ [ [ [ 23.503779, 40.801661 ], [ 23.503943, 40.801238 ], [ 23.504388, 40.801051 ], [ 23.5049, 40.80042 ], [ 23.505206, 40.800473 ], [ 23.505185, 40.800286 ], [ 23.505528, 40.799179 ], [ 23.505474, 40.799029 ], [ 23.504908, 40.798794 ], [ 23.50467, 40.798786 ], [ 23.50457, 40.799092 ], [ 23.504603, 40.799636 ], [ 23.504042, 40.800438 ], [ 23.503731, 40.801338 ], [ 23.503779, 40.801661 ] ] ] ] } },
{ "type": "Feature", "properties": { "fclass": "water", "name": null, "name:el": null, "name:en": null }, "geometry": { "type": "MultiPolygon", "coordinates": [ [ [ [ 23.488077, 40.805621 ], [ 23.488329, 40.805723 ], [ 23.48913, 40.805784 ], [ 23.489691, 40.806059 ], [ 23.489808, 40.805947 ], [ 23.489408, 40.805705 ], [ 23.489309, 40.805602 ], [ 23.489352, 40.805499 ], [ 23.490455, 40.805229 ], [ 23.490585, 40.805108 ], [ 23.490166, 40.804865 ], [ 23.489426, 40.805103 ], [ 23.489057, 40.804986 ], [ 23.488878, 40.804842 ], [ 23.488483, 40.804832 ], [ 23.487984, 40.805439 ], [ 23.488077, 40.805621 ] ] ] ] } },
{ "type": "Feature", "properties": { "fclass": "water", "name": null, "name:el": null, "name:en": null }, "geometry": { "type": "MultiPolygon", "coordinates": [ [ [ [ 23.347342, 40.569231 ], [ 23.347809, 40.569412 ], [ 23.348168, 40.569347 ], [ 23.348257, 40.569518 ], [ 23.348302, 40.56898 ], [ 23.3479, 40.568956 ], [ 23.34768, 40.569225 ], [ 23.347342, 40.569231 ] ] ] ] } },
{ "type": "Feature", "properties": { "fclass": "water", "name": null, "name:el": null, "name:en": null }, "geometry": { "type": "MultiPolygon", "coordinates": [ [ [ [ 23.393894, 40.571807 ], [ 23.393951, 40.571893 ], [ 23.394185, 40.57195 ], [ 23.394132, 40.571641 ], [ 23.394202, 40.571549 ], [ 23.394808, 40.571447 ], [ 23.39496, 40.571313 ], [ 23.395753, 40.57099 ], [ 23.395894, 40.57099 ], [ 23.396358, 40.571281 ], [ 23.396542, 40.571574 ], [ 23.39663, 40.571469 ], [ 23.39657, 40.571307 ], [ 23.396198, 40.571036 ], [ 23.395997, 40.570428 ], [ 23.395869, 40.57028 ], [ 23.395038, 40.569684 ], [ 23.394924, 40.569815 ], [ 23.394694, 40.569877 ], [ 23.394394, 40.569775 ], [ 23.394188, 40.569579 ], [ 23.394284, 40.569864 ], [ 23.39467, 40.570071 ], [ 23.394712, 40.570248 ], [ 23.394581, 40.570385 ], [ 23.393916, 40.570297 ], [ 23.394379, 40.570487 ], [ 23.394475, 40.570643 ], [ 23.394369, 40.57091 ], [ 23.393972, 40.571348 ], [ 23.393894, 40.571807 ] ] ] ] } },
{ "type": "Feature", "properties": { "fclass": "water", "name": null, "name:el": null, "name:en": null }, "geometry": { "type": "MultiPolygon", "coordinates": [ [ [ [ 23.343884, 40.622307 ], [ 23.344169, 40.621841 ], [ 23.344298, 40.620997 ], [ 23.344624, 40.620644 ], [ 23.344489, 40.620529 ], [ 23.344365, 40.620572 ], [ 23.34405, 40.621805 ], [ 23.343842, 40.622213 ], [ 23.343884, 40.622307 ] ] ] ] } },
{ "type": "Feature", "properties": { "fclass": "water", "name": null, "name:el": null, "name:en": null }, "geometry": { "type": "MultiPolygon", "coordinates": [ [ [ [ 23.364368, 40.636632 ], [ 23.364526, 40.636606 ], [ 23.364573, 40.636457 ], [ 23.364436, 40.636441 ], [ 23.364368, 40.636632 ] ] ] ] } },
{ "type": "Feature", "properties": { "fclass": "water", "name": null, "name:el": null, "name:en": null }, "geometry": { "type": "MultiPolygon", "coordinates": [ [ [ [ 23.360195, 40.641463 ], [ 23.36031, 40.641696 ], [ 23.360511, 40.641657 ], [ 23.360643, 40.641414 ], [ 23.360421, 40.641304 ], [ 23.360195, 40.641463 ] ] ] ] } },
{ "type": "Feature", "properties": { "fclass": "water", "name": "Λίμνη Βόλβη", "name:el": null, "name:en": null }, "geometry": { "type": "MultiPolygon", "coordinates": [ [ [ [ 23.35391, 40.672847 ], [ 23.353935, 40.673236 ], [ 23.354496, 40.6749 ], [ 23.355387, 40.67686 ], [ 23.355052, 40.677592 ], [ 23.355681, 40.678934 ], [ 23.356304, 40.679422 ], [ 23.356556, 40.680096 ], [ 23.357577, 40.680812 ], [ 23.358011, 40.681221 ], [ 23.359102, 40.681714 ], [ 23.363108, 40.681893 ], [ 23.363393, 40.682233 ], [ 23.363516, 40.682729 ], [ 23.364029, 40.68338 ], [ 23.363897, 40.683708 ], [ 23.362551, 40.684929 ], [ 23.361978, 40.686489 ], [ 23.362384, 40.688144 ], [ 23.363041, 40.689704 ], [ 23.365483, 40.692054 ], [ 23.365819, 40.69312 ], [ 23.367561, 40.693841 ], [ 23.368253, 40.69426 ], [ 23.369545, 40.694343 ], [ 23.374784, 40.693289 ], [ 23.381236, 40.690815 ], [ 23.383551, 40.690815 ], [ 23.386108, 40.691351 ], [ 23.387839, 40.691137 ], [ 23.390261, 40.690547 ], [ 23.392216, 40.690449 ], [ 23.395256, 40.690694 ], [ 23.396864, 40.691391 ], [ 23.39733, 40.691431 ], [ 23.397801, 40.691235 ], [ 23.39859, 40.691235 ], [ 23.398967, 40.691137 ], [ 23.39948, 40.691735 ], [ 23.401648, 40.692803 ], [ 23.402449, 40.69303 ], [ 23.402673, 40.693164 ], [ 23.403289, 40.693812 ], [ 23.404722, 40.694002 ], [ 23.405472, 40.693787 ], [ 23.406271, 40.693875 ], [ 23.407288, 40.694166 ], [ 23.408871, 40.694431 ], [ 23.410353, 40.694393 ], [ 23.411386, 40.69385 ], [ 23.413486, 40.69198 ], [ 23.414419, 40.691702 ], [ 23.415585, 40.691803 ], [ 23.416368, 40.691766 ], [ 23.418251, 40.691513 ], [ 23.419934, 40.691753 ], [ 23.420975, 40.691766 ], [ 23.421845, 40.692249 ], [ 23.422393, 40.692445 ], [ 23.423482, 40.69269 ], [ 23.42369, 40.693018 ], [ 23.423644, 40.693372 ], [ 23.423828, 40.693586 ], [ 23.424422, 40.693857 ], [ 23.424947, 40.693844 ], [ 23.425264, 40.694421 ], [ 23.426463, 40.694736 ], [ 23.427523, 40.694854 ], [ 23.428545, 40.694608 ], [ 23.429905, 40.693967 ], [ 23.430271, 40.693699 ], [ 23.430923, 40.692903 ], [ 23.431358, 40.692621 ], [ 23.431819, 40.692035 ], [ 23.432266, 40.691264 ], [ 23.433428, 40.690099 ], [ 23.434289, 40.689867 ], [ 23.434772, 40.690133 ], [ 23.435455, 40.690133 ], [ 23.438138, 40.689413 ], [ 23.439104, 40.690095 ], [ 23.440121, 40.690562 ], [ 23.442437, 40.692015 ], [ 23.443153, 40.69228 ], [ 23.444219, 40.692457 ], [ 23.445127, 40.692344 ], [ 23.445852, 40.691882 ], [ 23.447635, 40.691908 ], [ 23.448826, 40.692123 ], [ 23.449435, 40.691895 ], [ 23.450817, 40.691655 ], [ 23.4525, 40.691143 ], [ 23.45314, 40.69076 ], [ 23.454067, 40.689956 ], [ 23.455018, 40.690139 ], [ 23.457583, 40.689899 ], [ 23.459281, 40.689842 ], [ 23.460111, 40.68992 ], [ 23.460288, 40.690189 ], [ 23.461529, 40.690807 ], [ 23.461826, 40.69117 ], [ 23.463415, 40.6916 ], [ 23.46389, 40.691595 ], [ 23.464543, 40.69116 ], [ 23.464952, 40.691085 ], [ 23.465569, 40.690245 ], [ 23.46583, 40.690017 ], [ 23.466126, 40.689927 ], [ 23.467673, 40.690095 ], [ 23.467914, 40.690055 ], [ 23.468346, 40.690205 ], [ 23.469669, 40.690237 ], [ 23.471661, 40.689871 ], [ 23.472908, 40.689851 ], [ 23.473594, 40.690321 ], [ 23.474491, 40.690741 ], [ 23.475025, 40.690961 ], [ 23.475652, 40.691061 ], [ 23.476456, 40.691056 ], [ 23.476951, 40.690881 ], [ 23.47771, 40.690361 ], [ 23.478679, 40.690391 ], [ 23.479794, 40.690556 ], [ 23.480981, 40.690836 ], [ 23.481846, 40.691311 ], [ 23.48267, 40.692132 ], [ 23.483462, 40.692502 ], [ 23.485665, 40.692782 ], [ 23.48773, 40.692622 ], [ 23.488818, 40.692387 ], [ 23.489583, 40.691702 ], [ 23.49015, 40.690811 ], [ 23.49114, 40.690136 ], [ 23.49236, 40.689811 ], [ 23.493541, 40.689331 ], [ 23.494946, 40.689016 ], [ 23.496885, 40.689226 ], [ 23.497796, 40.689536 ], [ 23.499148, 40.689741 ], [ 23.501358, 40.689386 ], [ 23.505078, 40.689556 ], [ 23.506008, 40.689661 ], [ 23.506674, 40.689836 ], [ 23.507281, 40.690151 ], [ 23.508779, 40.690654 ], [ 23.509712, 40.691114 ], [ 23.512468, 40.691538 ], [ 23.513928, 40.691499 ], [ 23.515258, 40.691146 ], [ 23.517445, 40.690813 ], [ 23.52078, 40.690566 ], [ 23.521428, 40.690449 ], [ 23.522119, 40.690651 ], [ 23.523345, 40.691464 ], [ 23.523887, 40.69156 ], [ 23.526429, 40.690916 ], [ 23.52689, 40.690686 ], [ 23.528369, 40.690827 ], [ 23.530127, 40.690389 ], [ 23.530631, 40.690152 ], [ 23.53252, 40.689024 ], [ 23.533005, 40.688541 ], [ 23.534218, 40.687945 ], [ 23.535142, 40.687347 ], [ 23.535655, 40.686834 ], [ 23.536196, 40.685165 ], [ 23.536555, 40.6849 ], [ 23.5376, 40.684469 ], [ 23.537986, 40.684211 ], [ 23.538827, 40.684287 ], [ 23.540192, 40.684592 ], [ 23.540753, 40.684532 ], [ 23.541386, 40.684327 ], [ 23.54198, 40.683967 ], [ 23.543035, 40.682266 ], [ 23.543253, 40.681535 ], [ 23.543698, 40.680713 ], [ 23.543744, 40.680292 ], [ 23.544038, 40.680105 ], [ 23.544595, 40.680032 ], [ 23.545357, 40.679432 ], [ 23.546229, 40.679007 ], [ 23.548162, 40.678522 ], [ 23.550233, 40.678647 ], [ 23.55054, 40.67861 ], [ 23.551853, 40.678129 ], [ 23.552311, 40.677521 ], [ 23.553195, 40.677434 ], [ 23.553697, 40.677256 ], [ 23.555098, 40.676518 ], [ 23.556873, 40.676248 ], [ 23.557358, 40.676023 ], [ 23.55961, 40.67573 ], [ 23.559689, 40.67569 ], [ 23.559712, 40.675479 ], [ 23.55983, 40.675467 ], [ 23.559841, 40.675773 ], [ 23.561123, 40.675641 ], [ 23.561609, 40.675862 ], [ 23.562405, 40.676009 ], [ 23.564134, 40.675984 ], [ 23.565182, 40.676124 ], [ 23.566693, 40.675874 ], [ 23.567682, 40.675563 ], [ 23.568383, 40.6755 ], [ 23.569168, 40.675541 ], [ 23.571695, 40.675869 ], [ 23.573459, 40.675818 ], [ 23.576314, 40.674816 ], [ 23.577851, 40.674188 ], [ 23.578718, 40.673705 ], [ 23.579054, 40.673593 ], [ 23.579331, 40.673413 ], [ 23.579858, 40.672852 ], [ 23.580092, 40.67233 ], [ 23.580298, 40.672176 ], [ 23.580757, 40.67149 ], [ 23.580802, 40.670155 ], [ 23.580948, 40.669722 ], [ 23.581374, 40.669366 ], [ 23.581455, 40.668713 ], [ 23.581927, 40.668187 ], [ 23.581973, 40.66796 ], [ 23.582071, 40.668066 ], [ 23.582253, 40.668032 ], [ 23.582344, 40.667891 ], [ 23.582139, 40.667793 ], [ 23.582062, 40.66766 ], [ 23.582501, 40.66714 ], [ 23.58268, 40.666399 ], [ 23.582892, 40.666169 ], [ 23.582935, 40.665952 ], [ 23.583185, 40.665598 ], [ 23.583153, 40.665144 ], [ 23.583769, 40.664751 ], [ 23.58394, 40.664497 ], [ 23.584291, 40.664346 ], [ 23.584225, 40.664027 ], [ 23.584578, 40.663758 ], [ 23.585251, 40.662928 ], [ 23.58567, 40.662617 ], [ 23.586796, 40.662033 ], [ 23.589143, 40.66122 ], [ 23.58985, 40.660742 ], [ 23.590641, 40.660547 ], [ 23.590944, 40.660204 ], [ 23.591627, 40.659821 ], [ 23.592137, 40.659126 ], [ 23.591975, 40.659021 ], [ 23.592057, 40.658935 ], [ 23.591868, 40.658862 ], [ 23.591861, 40.658753 ], [ 23.591294, 40.658844 ], [ 23.59096, 40.658779 ], [ 23.591013, 40.658535 ], [ 23.591763, 40.658264 ], [ 23.592085, 40.658044 ], [ 23.592416, 40.657751 ], [ 23.592868, 40.657141 ], [ 23.59318, 40.656872 ], [ 23.593478, 40.656845 ], [ 23.593632, 40.656709 ], [ 23.593715, 40.656474 ], [ 23.593612, 40.656255 ], [ 23.593698, 40.65603 ], [ 23.593537, 40.655684 ], [ 23.593052, 40.655307 ], [ 23.59323, 40.6552 ], [ 23.593475, 40.655217 ], [ 23.593601, 40.655133 ], [ 23.593274, 40.654667 ], [ 23.593459, 40.654162 ], [ 23.593989, 40.653788 ], [ 23.594592, 40.653601 ], [ 23.596549, 40.654298 ], [ 23.597526, 40.654368 ], [ 23.59808, 40.654107 ], [ 23.598647, 40.653697 ], [ 23.599403, 40.652918 ], [ 23.600507, 40.652486 ], [ 23.600032, 40.651785 ], [ 23.599821, 40.650885 ], [ 23.599373, 40.649733 ], [ 23.598278, 40.649233 ], [ 23.597117, 40.649393 ], [ 23.596312, 40.649683 ], [ 23.591998, 40.649775 ], [ 23.590995, 40.650377 ], [ 23.5903, 40.650692 ], [ 23.589941, 40.651131 ], [ 23.589633, 40.65129 ], [ 23.589227, 40.651379 ], [ 23.588602, 40.651432 ], [ 23.587072, 40.65095 ], [ 23.585971, 40.651018 ], [ 23.58529, 40.650919 ], [ 23.583065, 40.651074 ], [ 23.581666, 40.651078 ], [ 23.579861, 40.65065 ], [ 23.579138, 40.650558 ], [ 23.578653, 40.650642 ], [ 23.577645, 40.651255 ], [ 23.577221, 40.651609 ], [ 23.57675, 40.6515 ], [ 23.576185, 40.651049 ], [ 23.575924, 40.650674 ], [ 23.575934, 40.649981 ], [ 23.575644, 40.649422 ], [ 23.572771, 40.646782 ], [ 23.57125, 40.64575 ], [ 23.56917, 40.644637 ], [ 23.56775, 40.644 ], [ 23.567314, 40.642648 ], [ 23.567603, 40.641033 ], [ 23.567735, 40.639021 ], [ 23.566818, 40.636874 ], [ 23.565453, 40.635873 ], [ 23.563745, 40.634945 ], [ 23.56325, 40.635 ], [ 23.562758, 40.635348 ], [ 23.562839, 40.635061 ], [ 23.563209, 40.63456 ], [ 23.562048, 40.633862 ], [ 23.561521, 40.634046 ], [ 23.561063, 40.633905 ], [ 23.56075, 40.6345 ], [ 23.560653, 40.634248 ], [ 23.560816, 40.633912 ], [ 23.56084, 40.63359 ], [ 23.560584, 40.633073 ], [ 23.558764, 40.632342 ], [ 23.550532, 40.63036 ], [ 23.544384, 40.629509 ], [ 23.543302, 40.629489 ], [ 23.539727, 40.63021 ], [ 23.538064, 40.630861 ], [ 23.534516, 40.631271 ], [ 23.532062, 40.631361 ], [ 23.528737, 40.63068 ], [ 23.527695, 40.630951 ], [ 23.527075, 40.631341 ], [ 23.525795, 40.632743 ], [ 23.525399, 40.634295 ], [ 23.525558, 40.636017 ], [ 23.525887, 40.637578 ], [ 23.527141, 40.63941 ], [ 23.525, 40.6425 ], [ 23.523, 40.64725 ], [ 23.522378, 40.649591 ], [ 23.520755, 40.651553 ], [ 23.518829, 40.652834 ], [ 23.51623, 40.655416 ], [ 23.515742, 40.656127 ], [ 23.514304, 40.656757 ], [ 23.512444, 40.658298 ], [ 23.509977, 40.659459 ], [ 23.509027, 40.66018 ], [ 23.508209, 40.65999 ], [ 23.508183, 40.659289 ], [ 23.508051, 40.659049 ], [ 23.507563, 40.658899 ], [ 23.507246, 40.659039 ], [ 23.506903, 40.65991 ], [ 23.506257, 40.66042 ], [ 23.50532, 40.661591 ], [ 23.50528, 40.662422 ], [ 23.503777, 40.66352 ], [ 23.50182, 40.66352 ], [ 23.50075, 40.664 ], [ 23.5, 40.6635 ], [ 23.50025, 40.66275 ], [ 23.4995, 40.662 ], [ 23.498104, 40.661316 ], [ 23.497826, 40.659965 ], [ 23.497061, 40.659605 ], [ 23.495478, 40.659384 ], [ 23.491283, 40.658564 ], [ 23.488169, 40.658233 ], [ 23.485672, 40.658124 ], [ 23.485157, 40.658199 ], [ 23.482848, 40.660026 ], [ 23.481964, 40.660946 ], [ 23.480913, 40.662475 ], [ 23.480966, 40.66455 ], [ 23.481913, 40.665784 ], [ 23.481611, 40.666134 ], [ 23.480975, 40.666319 ], [ 23.480462, 40.66656 ], [ 23.480032, 40.666325 ], [ 23.478383, 40.666485 ], [ 23.477406, 40.666175 ], [ 23.476852, 40.666395 ], [ 23.476232, 40.667046 ], [ 23.475348, 40.667486 ], [ 23.47461, 40.668067 ], [ 23.472314, 40.668907 ], [ 23.471404, 40.669758 ], [ 23.471219, 40.670538 ], [ 23.469557, 40.672199 ], [ 23.468514, 40.672369 ], [ 23.464583, 40.672229 ], [ 23.46176, 40.67327 ], [ 23.460559, 40.67273 ], [ 23.459819, 40.672119 ], [ 23.45855, 40.671652 ], [ 23.457431, 40.671298 ], [ 23.456181, 40.671241 ], [ 23.451851, 40.671981 ], [ 23.45133, 40.672416 ], [ 23.450304, 40.671977 ], [ 23.449856, 40.670718 ], [ 23.448419, 40.670378 ], [ 23.44411, 40.667859 ], [ 23.441703, 40.666635 ], [ 23.439893, 40.665383 ], [ 23.43826, 40.664526 ], [ 23.436488, 40.664229 ], [ 23.434827, 40.663536 ], [ 23.432831, 40.662453 ], [ 23.428077, 40.659284 ], [ 23.425666, 40.656871 ], [ 23.425097, 40.656524 ], [ 23.425069, 40.656333 ], [ 23.424859, 40.656351 ], [ 23.424966, 40.656549 ], [ 23.42375, 40.6565 ], [ 23.422774, 40.656754 ], [ 23.42225, 40.65675 ], [ 23.421561, 40.656397 ], [ 23.42081, 40.656142 ], [ 23.420017, 40.656036 ], [ 23.418203, 40.65629 ], [ 23.417405, 40.656545 ], [ 23.417144, 40.656818 ], [ 23.415954, 40.657214 ], [ 23.41463, 40.657787 ], [ 23.414168, 40.658176 ], [ 23.413652, 40.658323 ], [ 23.412568, 40.658428 ], [ 23.410335, 40.658986 ], [ 23.4075, 40.65875 ], [ 23.406149, 40.658897 ], [ 23.404922, 40.659307 ], [ 23.404381, 40.659738 ], [ 23.403906, 40.659768 ], [ 23.402561, 40.659377 ], [ 23.401809, 40.659457 ], [ 23.4005, 40.66 ], [ 23.3995, 40.66075 ], [ 23.399, 40.662 ], [ 23.396153, 40.664283 ], [ 23.394747, 40.665132 ], [ 23.394055, 40.665434 ], [ 23.393096, 40.665752 ], [ 23.39204, 40.665933 ], [ 23.390354, 40.666002 ], [ 23.389458, 40.66588 ], [ 23.38836, 40.665912 ], [ 23.38775, 40.666 ], [ 23.38725, 40.6655 ], [ 23.385247, 40.665126 ], [ 23.383309, 40.665004 ], [ 23.381784, 40.664373 ], [ 23.38, 40.664 ], [ 23.378985, 40.664145 ], [ 23.378013, 40.664176 ], [ 23.377026, 40.664516 ], [ 23.372269, 40.664675 ], [ 23.37115, 40.664983 ], [ 23.36858, 40.665347 ], [ 23.367124, 40.66598 ], [ 23.365889, 40.66597 ], [ 23.361818, 40.665735 ], [ 23.359804, 40.665202 ], [ 23.359594, 40.664409 ], [ 23.358422, 40.663986 ], [ 23.356897, 40.664065 ], [ 23.355117, 40.66535 ], [ 23.354216, 40.667007 ], [ 23.354185, 40.667969 ], [ 23.353675, 40.671582 ], [ 23.353673, 40.672131 ], [ 23.35391, 40.672847 ] ] ] ] } },
{ "type": "Feature", "properties": { "fclass": "water", "name": null, "name:el": null, "name:en": null }, "geometry": { "type": "MultiPolygon", "coordinates": [ [ [ [ 23.354162, 40.729874 ], [ 23.354309, 40.729868 ], [ 23.354349, 40.729746 ], [ 23.354248, 40.729743 ], [ 23.354162, 40.729874 ] ] ] ] } },
{ "type": "Feature", "properties": { "fclass": "reservoir", "name": null, "name:el": null, "name:en": null }, "geometry": { "type": "MultiPolygon", "coordinates": [ [ [ [ 23.421591, 40.740425 ], [ 23.421752, 40.740703 ], [ 23.42242, 40.740372 ], [ 23.422205, 40.740153 ], [ 23.421591, 40.740425 ] ] ] ] } },
{ "type": "Feature", "properties": { "fclass": "reservoir", "name": null, "name:el": null, "name:en": null }, "geometry": { "type": "MultiPolygon", "coordinates": [ [ [ [ 23.334907, 40.741343 ], [ 23.33509, 40.74136 ], [ 23.335304, 40.741051 ], [ 23.336034, 40.740612 ], [ 23.335873, 40.740543 ], [ 23.33554, 40.740681 ], [ 23.335186, 40.740604 ], [ 23.334698, 40.740852 ], [ 23.33466, 40.741144 ], [ 23.334907, 40.741343 ] ] ] ] } },
{ "type": "Feature", "properties": { "fclass": "water", "name": null, "name:el": null, "name:en": null }, "geometry": { "type": "MultiPolygon", "coordinates": [ [ [ [ 23.370709, 40.741616 ], [ 23.371026, 40.741793 ], [ 23.371281, 40.741244 ], [ 23.371246, 40.741075 ], [ 23.371029, 40.74103 ], [ 23.370709, 40.741616 ] ] ] ] } },
{ "type": "Feature", "properties": { "fclass": "riverbank", "name": null, "name:el": null, "name:en": null }, "geometry": { "type": "MultiPolygon", "coordinates": [ [ [ [ 22.769616, 40.633244 ], [ 22.769983, 40.633205 ], [ 22.770171, 40.633034 ], [ 22.770182, 40.632853 ], [ 22.770555, 40.632751 ], [ 22.770544, 40.63265 ], [ 22.770421, 40.632607 ], [ 22.77023, 40.632664 ], [ 22.770102, 40.632924 ], [ 22.769911, 40.632896 ], [ 22.769616, 40.633244 ] ] ] ] } },
{ "type": "Feature", "properties": { "fclass": "riverbank", "name": null, "name:el": null, "name:en": null }, "geometry": { "type": "MultiPolygon", "coordinates": [ [ [ [ 22.769173, 40.633643 ], [ 22.769367, 40.633704 ], [ 22.769458, 40.633555 ], [ 22.769249, 40.633519 ], [ 22.769173, 40.633643 ] ] ] ] } },
{ "type": "Feature", "properties": { "fclass": "riverbank", "name": null, "name:el": null, "name:en": null }, "geometry": { "type": "MultiPolygon", "coordinates": [ [ [ [ 22.768224, 40.63391 ], [ 22.768819, 40.633832 ], [ 22.768972, 40.633731 ], [ 22.768827, 40.633657 ], [ 22.768385, 40.633749 ], [ 22.768208, 40.633849 ], [ 22.768224, 40.63391 ] ] ] ] } },
{ "type": "Feature", "properties": { "fclass": "water", "name": null, "name:el": null, "name:en": null }, "geometry": { "type": "MultiPolygon", "coordinates": [ [ [ [ 22.834609, 40.634883 ], [ 22.834675, 40.634921 ], [ 22.834794, 40.634905 ], [ 22.834675, 40.634767 ], [ 22.834609, 40.634883 ] ] ] ] } },
{ "type": "Feature", "properties": { "fclass": "riverbank", "name": null, "name:el": null, "name:en": null }, "geometry": { "type": "MultiPolygon", "coordinates": [ [ [ [ 22.762643, 40.638436 ], [ 22.76317, 40.638713 ], [ 22.763652, 40.638641 ], [ 22.764367, 40.638917 ], [ 22.765358, 40.638987 ], [ 22.765782, 40.638861 ], [ 22.766352, 40.63852 ], [ 22.766437, 40.638348 ], [ 22.76643, 40.637975 ], [ 22.766784, 40.637018 ], [ 22.766858, 40.636231 ], [ 22.766763, 40.635619 ], [ 22.76694, 40.635141 ], [ 22.767456, 40.634588 ], [ 22.767722, 40.634435 ], [ 22.769566, 40.633763 ], [ 22.770847, 40.633084 ], [ 22.771105, 40.632804 ], [ 22.771371, 40.632283 ], [ 22.772312, 40.629624 ], [ 22.772178, 40.629587 ], [ 22.772068, 40.629683 ], [ 22.771703, 40.631059 ], [ 22.771137, 40.632487 ], [ 22.770914, 40.632837 ], [ 22.769672, 40.633599 ], [ 22.768001, 40.634155 ], [ 22.767148, 40.634526 ], [ 22.766812, 40.634749 ], [ 22.766518, 40.63588 ], [ 22.766664, 40.636223 ], [ 22.766596, 40.636951 ], [ 22.766306, 40.637488 ], [ 22.766349, 40.637612 ], [ 22.766122, 40.638474 ], [ 22.765736, 40.638729 ], [ 22.765418, 40.638845 ], [ 22.765156, 40.638847 ], [ 22.764597, 40.638764 ], [ 22.764285, 40.638606 ], [ 22.763429, 40.63842 ], [ 22.763008, 40.638444 ], [ 22.762679, 40.638376 ], [ 22.762643, 40.638436 ] ] ] ] } },
{ "type": "Feature", "properties": { "fclass": "water", "name": null, "name:el": null, "name:en": null }, "geometry": { "type": "MultiPolygon", "coordinates": [ [ [ [ 22.777786, 40.630965 ], [ 22.792686, 40.638651 ], [ 22.795956, 40.640403 ], [ 22.796239, 40.640481 ], [ 22.795063, 40.639804 ], [ 22.777786, 40.630965 ] ] ] ] } },
{ "type": "Feature", "properties": { "fclass": "riverbank", "name": null, "name:el": null, "name:en": null }, "geometry": { "type": "MultiPolygon", "coordinates": [ [ [ [ 22.752261, 40.638186 ], [ 22.752443, 40.638468 ], [ 22.752696, 40.638602 ], [ 22.752865, 40.63859 ], [ 22.753183, 40.638415 ], [ 22.753115, 40.63827 ], [ 22.752899, 40.638125 ], [ 22.752344, 40.638113 ], [ 22.752261, 40.638186 ] ] ] ] } },
{ "type": "Feature", "properties": { "fclass": "riverbank", "name": null, "name:el": null, "name:en": null }, "geometry": { "type": "MultiPolygon", "coordinates": [ [ [ [ 22.753622, 40.638639 ], [ 22.753816, 40.638847 ], [ 22.753927, 40.638779 ], [ 22.753964, 40.638592 ], [ 22.753785, 40.638485 ], [ 22.753659, 40.638497 ], [ 22.753622, 40.638639 ] ] ] ] } },
{ "type": "Feature", "properties": { "fclass": "water", "name": null, "name:el": null, "name:en": null }, "geometry": { "type": "MultiPolygon", "coordinates": [ [ [ [ 22.796199, 40.660844 ], [ 22.798826, 40.657393 ], [ 22.800096, 40.656 ], [ 22.801323, 40.654899 ], [ 22.803529, 40.653271 ], [ 22.806156, 40.651787 ], [ 22.814868, 40.647489 ], [ 22.81673, 40.646395 ], [ 22.820009, 40.644252 ], [ 22.822464, 40.642226 ], [ 22.823554, 40.641119 ], [ 22.825545, 40.638736 ], [ 22.826815, 40.636782 ], [ 22.82691, 40.636782 ], [ 22.826377, 40.637785 ], [ 22.826849, 40.638071 ], [ 22.826541, 40.639797 ], [ 22.826403, 40.640097 ], [ 22.826352, 40.640715 ], [ 22.826455, 40.640715 ], [ 22.827133, 40.638384 ], [ 22.82697, 40.638162 ], [ 22.831356, 40.6215 ], [ 22.831527, 40.620991 ], [ 22.831922, 40.620399 ], [ 22.833472, 40.619469 ], [ 22.833276, 40.61926 ], [ 22.83157, 40.620262 ], [ 22.831132, 40.620881 ], [ 22.828506, 40.631317 ], [ 22.827734, 40.633981 ], [ 22.827227, 40.635238 ], [ 22.82624, 40.637146 ], [ 22.825313, 40.638612 ], [ 22.824283, 40.639947 ], [ 22.822378, 40.641959 ], [ 22.821519, 40.642747 ], [ 22.820309, 40.643724 ], [ 22.817391, 40.64573 ], [ 22.81528, 40.647033 ], [ 22.812919, 40.648296 ], [ 22.804937, 40.652242 ], [ 22.802602, 40.653727 ], [ 22.800019, 40.655941 ], [ 22.798731, 40.657367 ], [ 22.797032, 40.659581 ], [ 22.796199, 40.660844 ] ] ] ] } },
{ "type": "Feature", "properties": { "fclass": "water", "name": null, "name:el": null, "name:en": null }, "geometry": { "type": "MultiPolygon", "coordinates": [ [ [ [ 22.801734, 40.644051 ], [ 22.80314, 40.644786 ], [ 22.803296, 40.644848 ], [ 22.80334, 40.644798 ], [ 22.80177, 40.644004 ], [ 22.801734, 40.644051 ] ] ] ] } },
{ "type": "Feature", "properties": { "fclass": "wetland", "name": null, "name:el": null, "name:en": null }, "geometry": { "type": "MultiPolygon", "coordinates": [ [ [ [ 22.883577, 40.640677 ], [ 22.883603, 40.643091 ], [ 22.885841, 40.643109 ], [ 22.886393, 40.643528 ], [ 22.886511, 40.643797 ], [ 22.887037, 40.643907 ], [ 22.887874, 40.643622 ], [ 22.888131, 40.643626 ], [ 22.888351, 40.643724 ], [ 22.888646, 40.644049 ], [ 22.88848, 40.644692 ], [ 22.888169, 40.645185 ], [ 22.888056, 40.645588 ], [ 22.888464, 40.646133 ], [ 22.889032, 40.646695 ], [ 22.889885, 40.647069 ], [ 22.89187, 40.647196 ], [ 22.892745, 40.646955 ], [ 22.892358, 40.646292 ], [ 22.8926, 40.645787 ], [ 22.891269, 40.645482 ], [ 22.890422, 40.644615 ], [ 22.890717, 40.644029 ], [ 22.891312, 40.643968 ], [ 22.892541, 40.644293 ], [ 22.893345, 40.644179 ], [ 22.893656, 40.644241 ], [ 22.893855, 40.644387 ], [ 22.894273, 40.644448 ], [ 22.895169, 40.645185 ], [ 22.895818, 40.645274 ], [ 22.896811, 40.644302 ], [ 22.89717, 40.644049 ], [ 22.897261, 40.643846 ], [ 22.897025, 40.643604 ], [ 22.896537, 40.643839 ], [ 22.895602, 40.643975 ], [ 22.893554, 40.643906 ], [ 22.891909, 40.643687 ], [ 22.890115, 40.643295 ], [ 22.889777, 40.643192 ], [ 22.88938, 40.642907 ], [ 22.889294, 40.642944 ], [ 22.888721, 40.64278 ], [ 22.888111, 40.64244 ], [ 22.887861, 40.642133 ], [ 22.887289, 40.641916 ], [ 22.886847, 40.641522 ], [ 22.886936, 40.641295 ], [ 22.886862, 40.640948 ], [ 22.886586, 40.640803 ], [ 22.885133, 40.640439 ], [ 22.884902, 40.640322 ], [ 22.883769, 40.640218 ], [ 22.883683, 40.640088 ], [ 22.883534, 40.640064 ], [ 22.883496, 40.640557 ], [ 22.883577, 40.640677 ] ] ] ] } },
{ "type": "Feature", "properties": { "fclass": "water", "name": null, "name:el": null, "name:en": null }, "geometry": { "type": "MultiPolygon", "coordinates": [ [ [ [ 22.886922, 40.6455 ], [ 22.887037, 40.645549 ], [ 22.887099, 40.64547 ], [ 22.887004, 40.645415 ], [ 22.886922, 40.6455 ] ] ] ] } },
{ "type": "Feature", "properties": { "fclass": "water", "name": null, "name:el": null, "name:en": null }, "geometry": { "type": "MultiPolygon", "coordinates": [ [ [ [ 22.904117, 40.646419 ], [ 22.90431, 40.646415 ], [ 22.904492, 40.646532 ], [ 22.904524, 40.646364 ], [ 22.904112, 40.646346 ], [ 22.904117, 40.646419 ] ] ] ] } },
{ "type": "Feature", "properties": { "fclass": "riverbank", "name": "Εκβολή Δενδροποτάμου", "name:el": null, "name:en": null }, "geometry": { "type": "MultiPolygon", "coordinates": [ [ [ [ 22.899333, 40.65269 ], [ 22.899918, 40.652745 ], [ 22.899882, 40.652357 ], [ 22.900008, 40.651274 ], [ 22.900274, 40.650113 ], [ 22.899987, 40.64855 ], [ 22.90017, 40.647027 ], [ 22.900518, 40.646041 ], [ 22.900894, 40.643316 ], [ 22.901042, 40.643118 ], [ 22.901339, 40.642974 ], [ 22.901356, 40.64274 ], [ 22.901537, 40.642629 ], [ 22.90157, 40.642203 ], [ 22.900438, 40.642488 ], [ 22.900421, 40.642974 ], [ 22.900558, 40.643046 ], [ 22.900369, 40.643066 ], [ 22.900318, 40.643157 ], [ 22.90018, 40.642929 ], [ 22.900233, 40.642528 ], [ 22.899883, 40.642597 ], [ 22.899504, 40.642537 ], [ 22.899878, 40.643314 ], [ 22.899983, 40.643861 ], [ 22.900137, 40.643955 ], [ 22.900233, 40.645298 ], [ 22.899758, 40.647868 ], [ 22.899719, 40.6488 ], [ 22.899999, 40.650347 ], [ 22.899333, 40.65269 ] ] ] ] } },
{ "type": "Feature", "properties": { "fclass": "water", "name": null, "name:el": null, "name:en": null }, "geometry": { "type": "MultiPolygon", "coordinates": [ [ [ [ 22.843297, 40.652859 ], [ 22.84376, 40.652984 ], [ 22.845122, 40.653106 ], [ 22.845267, 40.653012 ], [ 22.845165, 40.652907 ], [ 22.843639, 40.652347 ], [ 22.843281, 40.65276 ], [ 22.843297, 40.652859 ] ] ] ] } },
{ "type": "Feature", "properties": { "fclass": "water", "name": null, "name:el": null, "name:en": null }, "geometry": { "type": "MultiPolygon", "coordinates": [ [ [ [ 22.83489, 40.653408 ], [ 22.83526, 40.653492 ], [ 22.835593, 40.653431 ], [ 22.835526, 40.653324 ], [ 22.834965, 40.653285 ], [ 22.83489, 40.653408 ] ] ] ] } },
{ "type": "Feature", "properties": { "fclass": "water", "name": null, "name:el": null, "name:en": null }, "geometry": { "type": "MultiPolygon", "coordinates": [ [ [ [ 22.835715, 40.653328 ], [ 22.835779, 40.653471 ], [ 22.836311, 40.653509 ], [ 22.836353, 40.653443 ], [ 22.836042, 40.653329 ], [ 22.835715, 40.653328 ] ] ] ] } },
{ "type": "Feature", "properties": { "fclass": "water", "name": null, "name:el": null, "name:en": null }, "geometry": { "type": "MultiPolygon", "coordinates": [ [ [ [ 22.836466, 40.653523 ], [ 22.836835, 40.653608 ], [ 22.837131, 40.653576 ], [ 22.837101, 40.65347 ], [ 22.836537, 40.653419 ], [ 22.836466, 40.653523 ] ] ] ] } },
{ "type": "Feature", "properties": { "fclass": "water", "name": null, "name:el": null, "name:en": null }, "geometry": { "type": "MultiPolygon", "coordinates": [ [ [ [ 22.834847, 40.653656 ], [ 22.835245, 40.653728 ], [ 22.83555, 40.653683 ], [ 22.835481, 40.653575 ], [ 22.834913, 40.653535 ], [ 22.834847, 40.653656 ] ] ] ] } },
{ "type": "Feature", "properties": { "fclass": "water", "name": null, "name:el": null, "name:en": null }, "geometry": { "type": "MultiPolygon", "coordinates": [ [ [ [ 22.835649, 40.653565 ], [ 22.835692, 40.653702 ], [ 22.836208, 40.653736 ], [ 22.836315, 40.65367 ], [ 22.836285, 40.653611 ], [ 22.835931, 40.653559 ], [ 22.835649, 40.653565 ] ] ] ] } },
{ "type": "Feature", "properties": { "fclass": "wetland", "name": null, "name:el": null, "name:en": null }, "geometry": { "type": "MultiPolygon", "coordinates": [ [ [ [ 22.766744, 40.64859 ], [ 22.766898, 40.649048 ], [ 22.766962, 40.650315 ], [ 22.767671, 40.650223 ], [ 22.767342, 40.649076 ], [ 22.769295, 40.646425 ], [ 22.769628, 40.646304 ], [ 22.771409, 40.646285 ], [ 22.771779, 40.646182 ], [ 22.773221, 40.645439 ], [ 22.777053, 40.644429 ], [ 22.779167, 40.644078 ], [ 22.780085, 40.643307 ], [ 22.781576, 40.643008 ], [ 22.782772, 40.643022 ], [ 22.783715, 40.643143 ], [ 22.787831, 40.64298 ], [ 22.789378, 40.643078 ], [ 22.791331, 40.642895 ], [ 22.791923, 40.642676 ], [ 22.794975, 40.641062 ], [ 22.794001, 40.640545 ], [ 22.792631, 40.641133 ], [ 22.792009, 40.641558 ], [ 22.790425, 40.641998 ], [ 22.788472, 40.642143 ], [ 22.786962, 40.641778 ], [ 22.784201, 40.64189 ], [ 22.782833, 40.642241 ], [ 22.780966, 40.64239 ], [ 22.77881, 40.642998 ], [ 22.778107, 40.643433 ], [ 22.776733, 40.643802 ], [ 22.77595, 40.643831 ], [ 22.773911, 40.64449 ], [ 22.77266, 40.645196 ], [ 22.772395, 40.645271 ], [ 22.771335, 40.645168 ], [ 22.770861, 40.645229 ], [ 22.769967, 40.645617 ], [ 22.769776, 40.645722 ], [ 22.770006, 40.645796 ], [ 22.771121, 40.645666 ], [ 22.771447, 40.64613 ], [ 22.769741, 40.64619 ], [ 22.769208, 40.646346 ], [ 22.768264, 40.647591 ], [ 22.767684, 40.647432 ], [ 22.767472, 40.647295 ], [ 22.76731, 40.6473 ], [ 22.767057, 40.647519 ], [ 22.766713, 40.648146 ], [ 22.766744, 40.64859 ] ] ] ] } },
{ "type": "Feature", "properties": { "fclass": "water", "name": null, "name:el": null, "name:en": null }, "geometry": { "type": "MultiPolygon", "coordinates": [ [ [ [ 22.766904, 40.647841 ], [ 22.767253, 40.647877 ], [ 22.767379, 40.647806 ], [ 22.767572, 40.647592 ], [ 22.767534, 40.647346 ], [ 22.767314, 40.647322 ], [ 22.767057, 40.647519 ], [ 22.766904, 40.647841 ] ] ] ] } },
{ "type": "Feature", "properties": { "fclass": "wetland", "name": null, "name:el": null, "name:en": null }, "geometry": { "type": "MultiPolygon", "coordinates": [ [ [ [ 22.834107, 40.652377 ], [ 22.834305, 40.651882 ], [ 22.834311, 40.651547 ], [ 22.833787, 40.651705 ], [ 22.833637, 40.651831 ], [ 22.833736, 40.65211 ], [ 22.833624, 40.652342 ], [ 22.834107, 40.652377 ] ] ] ] } },
{ "type": "Feature", "properties": { "fclass": "water", "name": null, "name:el": null, "name:en": null }, "geometry": { "type": "MultiPolygon", "coordinates": [ [ [ [ 22.834847, 40.653872 ], [ 22.835167, 40.653956 ], [ 22.835507, 40.653911 ], [ 22.835458, 40.653815 ], [ 22.834929, 40.653777 ], [ 22.83484, 40.653786 ], [ 22.834847, 40.653872 ] ] ] ] } },
{ "type": "Feature", "properties": { "fclass": "water", "name": null, "name:el": null, "name:en": null }, "geometry": { "type": "MultiPolygon", "coordinates": [ [ [ [ 22.835045, 40.654975 ], [ 22.835142, 40.654849 ], [ 22.834909, 40.654806 ], [ 22.834868, 40.654951 ], [ 22.835045, 40.654975 ] ] ] ] } },
{ "type": "Feature", "properties": { "fclass": "water", "name": null, "name:el": null, "name:en": null }, "geometry": { "type": "MultiPolygon", "coordinates": [ [ [ [ 22.801981, 40.656505 ], [ 22.802026, 40.656667 ], [ 22.802029, 40.656493 ], [ 22.801981, 40.656505 ] ] ] ] } },
{ "type": "Feature", "properties": { "fclass": "water", "name": null, "name:el": null, "name:en": null }, "geometry": { "type": "MultiPolygon", "coordinates": [ [ [ [ 22.80331, 40.656967 ], [ 22.803392, 40.656958 ], [ 22.80334, 40.656783 ], [ 22.803308, 40.656815 ], [ 22.80331, 40.656967 ] ] ] ] } },
{ "type": "Feature", "properties": { "fclass": "reservoir", "name": null, "name:el": null, "name:en": null }, "geometry": { "type": "MultiPolygon", "coordinates": [ [ [ [ 22.833368, 40.660379 ], [ 22.833538, 40.660566 ], [ 22.833777, 40.660596 ], [ 22.833987, 40.660497 ], [ 22.834055, 40.660316 ], [ 22.833891, 40.660115 ], [ 22.833636, 40.660082 ], [ 22.833423, 40.660193 ], [ 22.833368, 40.660379 ] ] ] ] } },
{ "type": "Feature", "properties": { "fclass": "water", "name": null, "name:el": null, "name:en": null }, "geometry": { "type": "MultiPolygon", "coordinates": [ [ [ [ 22.834139, 40.66076 ], [ 22.834308, 40.660948 ], [ 22.834547, 40.660978 ], [ 22.834757, 40.660878 ], [ 22.834826, 40.660697 ], [ 22.834714, 40.660527 ], [ 22.834472, 40.660458 ], [ 22.834235, 40.660536 ], [ 22.834139, 40.66076 ] ] ] ] } },
{ "type": "Feature", "properties": { "fclass": "water", "name": null, "name:el": null, "name:en": null }, "geometry": { "type": "MultiPolygon", "coordinates": [ [ [ [ 22.832953, 40.66085 ], [ 22.833122, 40.661037 ], [ 22.833361, 40.661068 ], [ 22.833572, 40.660968 ], [ 22.83364, 40.660787 ], [ 22.833529, 40.660616 ], [ 22.833287, 40.660547 ], [ 22.833049, 40.660625 ], [ 22.832953, 40.66085 ] ] ] ] } },
{ "type": "Feature", "properties": { "fclass": "water", "name": null, "name:el": null, "name:en": null }, "geometry": { "type": "MultiPolygon", "coordinates": [ [ [ [ 22.836409, 40.65377 ], [ 22.836901, 40.653867 ], [ 22.837118, 40.653779 ], [ 22.837046, 40.653693 ], [ 22.836485, 40.653647 ], [ 22.836409, 40.65377 ] ] ] ] } },
{ "type": "Feature", "properties": { "fclass": "water", "name": null, "name:el": null, "name:en": null }, "geometry": { "type": "MultiPolygon", "coordinates": [ [ [ [ 22.835636, 40.653879 ], [ 22.836237, 40.653973 ], [ 22.836317, 40.653896 ], [ 22.836269, 40.653829 ], [ 22.835905, 40.653771 ], [ 22.835681, 40.653788 ], [ 22.835636, 40.653879 ] ] ] ] } },
{ "type": "Feature", "properties": { "fclass": "water", "name": null, "name:el": null, "name:en": null }, "geometry": { "type": "MultiPolygon", "coordinates": [ [ [ [ 22.843456, 40.653713 ], [ 22.84356, 40.654342 ], [ 22.844035, 40.653943 ], [ 22.844271, 40.653886 ], [ 22.844276, 40.653809 ], [ 22.845029, 40.653746 ], [ 22.843456, 40.653713 ] ] ] ] } },
{ "type": "Feature", "properties": { "fclass": "water", "name": null, "name:el": null, "name:en": null }, "geometry": { "type": "MultiPolygon", "coordinates": [ [ [ [ 22.836389, 40.653993 ], [ 22.836804, 40.654068 ], [ 22.837076, 40.653975 ], [ 22.836446, 40.653891 ], [ 22.836389, 40.653993 ] ] ] ] } },
{ "type": "Feature", "properties": { "fclass": "water", "name": null, "name:el": null, "name:en": null }, "geometry": { "type": "MultiPolygon", "coordinates": [ [ [ [ 22.83533, 40.654222 ], [ 22.835515, 40.654231 ], [ 22.835528, 40.654064 ], [ 22.835332, 40.654076 ], [ 22.83533, 40.654222 ] ] ] ] } },
{ "type": "Feature", "properties": { "fclass": "water", "name": null, "name:el": null, "name:en": null }, "geometry": { "type": "MultiPolygon", "coordinates": [ [ [ [ 22.843853, 40.655083 ], [ 22.846037, 40.653973 ], [ 22.846035, 40.653953 ], [ 22.845204, 40.654066 ], [ 22.844773, 40.654204 ], [ 22.84429, 40.654577 ], [ 22.843853, 40.655083 ] ] ] ] } },
{ "type": "Feature", "properties": { "fclass": "water", "name": null, "name:el": null, "name:en": null }, "geometry": { "type": "MultiPolygon", "coordinates": [ [ [ [ 22.83699, 40.654627 ], [ 22.837178, 40.654717 ], [ 22.837441, 40.654678 ], [ 22.837481, 40.654611 ], [ 22.837296, 40.654383 ], [ 22.837159, 40.654338 ], [ 22.837041, 40.6544 ], [ 22.83699, 40.654627 ] ] ] ] } },
{ "type": "Feature", "properties": { "fclass": "water", "name": null, "name:el": null, "name:en": null }, "geometry": { "type": "MultiPolygon", "coordinates": [ [ [ [ 22.890677, 40.660913 ], [ 22.89245, 40.657998 ], [ 22.892576, 40.657337 ], [ 22.893948, 40.65684 ], [ 22.897501, 40.655091 ], [ 22.898127, 40.654748 ], [ 22.898883, 40.654092 ], [ 22.898742, 40.654034 ], [ 22.897968, 40.654712 ], [ 22.896987, 40.655209 ], [ 22.893832, 40.656746 ], [ 22.892475, 40.657268 ], [ 22.89228, 40.65794 ], [ 22.89055, 40.660847 ], [ 22.890677, 40.660913 ] ] ] ] } },
{ "type": "Feature", "properties": { "fclass": "water", "name": "Backyard Pond", "name:el": null, "name:en": null }, "geometry": { "type": "MultiPolygon", "coordinates": [ [ [ [ 22.946305, 40.658077 ], [ 22.946327, 40.6581 ], [ 22.946325, 40.658076 ], [ 22.946305, 40.658077 ] ] ] ] } },
{ "type": "Feature", "properties": { "fclass": "water", "name": null, "name:el": null, "name:en": null }, "geometry": { "type": "MultiPolygon", "coordinates": [ [ [ [ 22.835551, 40.661467 ], [ 22.835669, 40.661628 ], [ 22.835959, 40.661685 ], [ 22.836169, 40.661585 ], [ 22.836238, 40.661404 ], [ 22.836074, 40.661204 ], [ 22.835819, 40.661171 ], [ 22.835605, 40.661282 ], [ 22.835551, 40.661467 ] ] ] ] } },
{ "type": "Feature", "properties": { "fclass": "reservoir", "name": null, "name:el": null, "name:en": null }, "geometry": { "type": "MultiPolygon", "coordinates": [ [ [ [ 22.833726, 40.661238 ], [ 22.833844, 40.661399 ], [ 22.834134, 40.661456 ], [ 22.834344, 40.661356 ], [ 22.834412, 40.661176 ], [ 22.834249, 40.660975 ], [ 22.833993, 40.660942 ], [ 22.83378, 40.661053 ], [ 22.833726, 40.661238 ] ] ] ] } },
{ "type": "Feature", "properties": { "fclass": "water", "name": null, "name:el": null, "name:en": null }, "geometry": { "type": "MultiPolygon", "coordinates": [ [ [ [ 22.833482, 40.662405 ], [ 22.834083, 40.661711 ], [ 22.832715, 40.661029 ], [ 22.832113, 40.661722 ], [ 22.833482, 40.662405 ] ] ] ] } },
{ "type": "Feature", "properties": { "fclass": "water", "name": null, "name:el": null, "name:en": null }, "geometry": { "type": "MultiPolygon", "coordinates": [ [ [ [ 22.831646, 40.66242 ], [ 22.831789, 40.662548 ], [ 22.832013, 40.662556 ], [ 22.83215, 40.662471 ], [ 22.832182, 40.662296 ], [ 22.832081, 40.662187 ], [ 22.831857, 40.662149 ], [ 22.83167, 40.662252 ], [ 22.831646, 40.66242 ] ] ] ] } },
{ "type": "Feature", "properties": { "fclass": "water", "name": null, "name:el": null, "name:en": null }, "geometry": { "type": "MultiPolygon", "coordinates": [ [ [ [ 22.832327, 40.662589 ], [ 22.832471, 40.662717 ], [ 22.832694, 40.662725 ], [ 22.832858, 40.6626 ], [ 22.832863, 40.662465 ], [ 22.832763, 40.662356 ], [ 22.832538, 40.662318 ], [ 22.832352, 40.662421 ], [ 22.832327, 40.662589 ] ] ] ] } },
{ "type": "Feature", "properties": { "fclass": "water", "name": null, "name:el": null, "name:en": null }, "geometry": { "type": "MultiPolygon", "coordinates": [ [ [ [ 22.831257, 40.66287 ], [ 22.8314, 40.662998 ], [ 22.831624, 40.663006 ], [ 22.831788, 40.66288 ], [ 22.831793, 40.662746 ], [ 22.831692, 40.662637 ], [ 22.831468, 40.662599 ], [ 22.831281, 40.662702 ], [ 22.831257, 40.66287 ] ] ] ] } },
{ "type": "Feature", "properties": { "fclass": "water", "name": null, "name:el": null, "name:en": null }, "geometry": { "type": "MultiPolygon", "coordinates": [ [ [ [ 22.832925, 40.662888 ], [ 22.833069, 40.663016 ], [ 22.833292, 40.663024 ], [ 22.83343, 40.662939 ], [ 22.833462, 40.662764 ], [ 22.833361, 40.662655 ], [ 22.833136, 40.662617 ], [ 22.83295, 40.66272 ], [ 22.832925, 40.662888 ] ] ] ] } },
{ "type": "Feature", "properties": { "fclass": "water", "name": null, "name:el": null, "name:en": null }, "geometry": { "type": "MultiPolygon", "coordinates": [ [ [ [ 22.832638, 40.663208 ], [ 22.832753, 40.663074 ], [ 22.832199, 40.6628 ], [ 22.832083, 40.662934 ], [ 22.832638, 40.663208 ] ] ] ] } },
{ "type": "Feature", "properties": { "fclass": "reservoir", "name": null, "name:el": null, "name:en": null }, "geometry": { "type": "MultiPolygon", "coordinates": [ [ [ [ 22.830857, 40.663321 ], [ 22.831, 40.663448 ], [ 22.831224, 40.663457 ], [ 22.831361, 40.663372 ], [ 22.831393, 40.663197 ], [ 22.831292, 40.663088 ], [ 22.831067, 40.66305 ], [ 22.830881, 40.663152 ], [ 22.830857, 40.663321 ] ] ] ] } },
{ "type": "Feature", "properties": { "fclass": "water", "name": null, "name:el": null, "name:en": null }, "geometry": { "type": "MultiPolygon", "coordinates": [ [ [ [ 22.833364, 40.663477 ], [ 22.833357, 40.663555 ], [ 22.833679, 40.66371 ], [ 22.833847, 40.663522 ], [ 22.832947, 40.663144 ], [ 22.83287, 40.663232 ], [ 22.833364, 40.663477 ] ] ] ] } },
{ "type": "Feature", "properties": { "fclass": "water", "name": null, "name:el": null, "name:en": null }, "geometry": { "type": "MultiPolygon", "coordinates": [ [ [ [ 22.830534, 40.663748 ], [ 22.830641, 40.663804 ], [ 22.830716, 40.663712 ], [ 22.830589, 40.663667 ], [ 22.830534, 40.663748 ] ] ] ] } },
{ "type": "Feature", "properties": { "fclass": "water", "name": null, "name:el": null, "name:en": null }, "geometry": { "type": "MultiPolygon", "coordinates": [ [ [ [ 22.830772, 40.663872 ], [ 22.83088, 40.663928 ], [ 22.830955, 40.663836 ], [ 22.830828, 40.663791 ], [ 22.830772, 40.663872 ] ] ] ] } },
{ "type": "Feature", "properties": { "fclass": "water", "name": null, "name:el": null, "name:en": null }, "geometry": { "type": "MultiPolygon", "coordinates": [ [ [ [ 22.830346, 40.66396 ], [ 22.830454, 40.664015 ], [ 22.830528, 40.663923 ], [ 22.830401, 40.663879 ], [ 22.830346, 40.66396 ] ] ] ] } },
{ "type": "Feature", "properties": { "fclass": "water", "name": null, "name:el": null, "name:en": null }, "geometry": { "type": "MultiPolygon", "coordinates": [ [ [ [ 22.830595, 40.66408 ], [ 22.830703, 40.664135 ], [ 22.830778, 40.664043 ], [ 22.830651, 40.663999 ], [ 22.830595, 40.66408 ] ] ] ] } },
{ "type": "Feature", "properties": { "fclass": "riverbank", "name": null, "name:el": null, "name:en": null }, "geometry": { "type": "MultiPolygon", "coordinates": [ [ [ [ 22.822333, 40.675005 ], [ 22.823011, 40.676155 ], [ 22.824003, 40.677156 ], [ 22.825508, 40.678211 ], [ 22.825664, 40.678821 ], [ 22.825724, 40.679279 ], [ 22.825438, 40.680768 ], [ 22.824467, 40.68369 ], [ 22.824083, 40.685502 ], [ 22.82462, 40.6878 ], [ 22.825427, 40.689764 ], [ 22.826281, 40.693405 ], [ 22.826926, 40.69483 ], [ 22.825878, 40.689684 ], [ 22.824634, 40.686577 ], [ 22.824548, 40.685519 ], [ 22.824913, 40.683794 ], [ 22.825556, 40.682753 ], [ 22.826222, 40.681028 ], [ 22.826565, 40.679238 ], [ 22.826393, 40.678587 ], [ 22.825878, 40.678001 ], [ 22.824772, 40.676996 ], [ 22.823007, 40.675002 ], [ 22.822511, 40.674556 ], [ 22.822659, 40.673965 ], [ 22.823569, 40.672577 ], [ 22.824344, 40.671628 ], [ 22.824882, 40.670596 ], [ 22.8247, 40.66993 ], [ 22.824468, 40.669979 ], [ 22.824456, 40.669875 ], [ 22.824703, 40.6698 ], [ 22.824795, 40.66926 ], [ 22.824637, 40.667987 ], [ 22.824304, 40.667349 ], [ 22.824271, 40.666688 ], [ 22.824732, 40.665912 ], [ 22.825599, 40.664903 ], [ 22.826036, 40.664981 ], [ 22.826452, 40.66492 ], [ 22.826888, 40.66469 ], [ 22.828068, 40.663245 ], [ 22.828983, 40.662315 ], [ 22.828523, 40.661853 ], [ 22.82917, 40.660885 ], [ 22.82933, 40.660205 ], [ 22.82931, 40.659778 ], [ 22.829608, 40.659258 ], [ 22.829851, 40.659038 ], [ 22.830107, 40.658873 ], [ 22.830356, 40.658996 ], [ 22.830482, 40.658983 ], [ 22.830921, 40.658557 ], [ 22.831127, 40.65795 ], [ 22.83104, 40.657146 ], [ 22.831266, 40.656508 ], [ 22.831153, 40.65589 ], [ 22.830894, 40.655517 ], [ 22.830619, 40.655326 ], [ 22.830716, 40.655062 ], [ 22.830639, 40.654712 ], [ 22.83086, 40.65413 ], [ 22.831601, 40.653853 ], [ 22.831891, 40.653858 ], [ 22.831859, 40.653733 ], [ 22.832829, 40.652283 ], [ 22.83331, 40.651839 ], [ 22.83423, 40.65188 ], [ 22.834246, 40.651774 ], [ 22.831735, 40.651557 ], [ 22.831929, 40.651146 ], [ 22.831911, 40.650912 ], [ 22.832044, 40.650512 ], [ 22.831903, 40.650184 ], [ 22.832038, 40.649377 ], [ 22.831978, 40.649244 ], [ 22.832046, 40.648654 ], [ 22.83222, 40.648565 ], [ 22.832352, 40.648338 ], [ 22.832267, 40.647952 ], [ 22.832505, 40.647777 ], [ 22.832819, 40.647686 ], [ 22.833103, 40.647161 ], [ 22.83316, 40.646761 ], [ 22.833375, 40.646513 ], [ 22.833425, 40.645618 ], [ 22.833282, 40.645442 ], [ 22.833188, 40.644758 ], [ 22.833245, 40.643867 ], [ 22.833443, 40.643502 ], [ 22.833511, 40.642925 ], [ 22.833457, 40.642531 ], [ 22.833551, 40.642474 ], [ 22.833842, 40.642524 ], [ 22.834257, 40.643315 ], [ 22.834202, 40.643568 ], [ 22.834443, 40.643392 ], [ 22.834396, 40.643115 ], [ 22.834557, 40.643026 ], [ 22.834797, 40.642965 ], [ 22.835068, 40.643093 ], [ 22.835161, 40.643071 ], [ 22.83551, 40.642066 ], [ 22.835345, 40.640463 ], [ 22.835381, 40.639794 ], [ 22.835887, 40.638639 ], [ 22.836478, 40.637893 ], [ 22.836907, 40.637643 ], [ 22.838408, 40.63716 ], [ 22.838712, 40.636746 ], [ 22.839063, 40.63563 ], [ 22.840494, 40.633682 ], [ 22.840345, 40.63364 ], [ 22.838878, 40.635548 ], [ 22.838698, 40.636182 ], [ 22.838679, 40.636602 ], [ 22.838398, 40.637014 ], [ 22.838264, 40.637121 ], [ 22.837666, 40.637262 ], [ 22.836513, 40.637734 ], [ 22.836066, 40.638073 ], [ 22.835735, 40.638537 ], [ 22.835292, 40.639798 ], [ 22.835255, 40.640474 ], [ 22.835346, 40.640766 ], [ 22.83497, 40.642591 ], [ 22.834605, 40.642902 ], [ 22.834354, 40.643035 ], [ 22.834208, 40.643024 ], [ 22.833998, 40.642502 ], [ 22.833522, 40.642326 ], [ 22.833486, 40.642198 ], [ 22.833602, 40.642068 ], [ 22.833838, 40.642028 ], [ 22.833901, 40.641704 ], [ 22.834025, 40.64164 ], [ 22.833918, 40.641177 ], [ 22.833543, 40.641169 ], [ 22.833532, 40.641355 ], [ 22.83342, 40.641457 ], [ 22.833013, 40.641534 ], [ 22.833141, 40.641843 ], [ 22.833012, 40.642136 ], [ 22.833401, 40.642496 ], [ 22.833427, 40.643211 ], [ 22.833352, 40.643457 ], [ 22.833164, 40.643509 ], [ 22.833093, 40.64386 ], [ 22.833103, 40.64514 ], [ 22.833026, 40.645263 ], [ 22.833325, 40.645742 ], [ 22.833268, 40.646416 ], [ 22.832734, 40.647586 ], [ 22.832215, 40.647828 ], [ 22.83215, 40.648114 ], [ 22.83221, 40.648423 ], [ 22.832, 40.648616 ], [ 22.831912, 40.64896 ], [ 22.831918, 40.649584 ], [ 22.831739, 40.650436 ], [ 22.83169, 40.651428 ], [ 22.831584, 40.651549 ], [ 22.830922, 40.651498 ], [ 22.830899, 40.651604 ], [ 22.831504, 40.651654 ], [ 22.831608, 40.651991 ], [ 22.831535, 40.652144 ], [ 22.831642, 40.652217 ], [ 22.83174, 40.652145 ], [ 22.831872, 40.652243 ], [ 22.831909, 40.652616 ], [ 22.832197, 40.652712 ], [ 22.832321, 40.652847 ], [ 22.832009, 40.653373 ], [ 22.830749, 40.653967 ], [ 22.830495, 40.654695 ], [ 22.830448, 40.655255 ], [ 22.83055, 40.655532 ], [ 22.830801, 40.655556 ], [ 22.831058, 40.656 ], [ 22.83118, 40.656511 ], [ 22.830839, 40.657436 ], [ 22.83082, 40.658498 ], [ 22.83043, 40.658873 ], [ 22.830059, 40.658792 ], [ 22.829734, 40.658993 ], [ 22.824257, 40.665949 ], [ 22.823912, 40.666871 ], [ 22.823941, 40.66725 ], [ 22.824298, 40.668051 ], [ 22.824436, 40.670644 ], [ 22.823995, 40.671059 ], [ 22.824, 40.671279 ], [ 22.823096, 40.672426 ], [ 22.822313, 40.673595 ], [ 22.82221, 40.674232 ], [ 22.822333, 40.675005 ] ] ] ] } },
{ "type": "Feature", "properties": { "fclass": "water", "name": null, "name:el": null, "name:en": null }, "geometry": { "type": "MultiPolygon", "coordinates": [ [ [ [ 22.831647, 40.66431 ], [ 22.831755, 40.664365 ], [ 22.831829, 40.664273 ], [ 22.831702, 40.664229 ], [ 22.831647, 40.66431 ] ] ] ] } },
{ "type": "Feature", "properties": { "fclass": "water", "name": null, "name:el": null, "name:en": null }, "geometry": { "type": "MultiPolygon", "coordinates": [ [ [ [ 22.831893, 40.66444 ], [ 22.832001, 40.664496 ], [ 22.832076, 40.664403 ], [ 22.831949, 40.664359 ], [ 22.831893, 40.66444 ] ] ] ] } },
{ "type": "Feature", "properties": { "fclass": "water", "name": null, "name:el": null, "name:en": null }, "geometry": { "type": "MultiPolygon", "coordinates": [ [ [ [ 22.831462, 40.66453 ], [ 22.831569, 40.664585 ], [ 22.831644, 40.664493 ], [ 22.831517, 40.664448 ], [ 22.831462, 40.66453 ] ] ] ] } },
{ "type": "Feature", "properties": { "fclass": "water", "name": null, "name:el": null, "name:en": null }, "geometry": { "type": "MultiPolygon", "coordinates": [ [ [ [ 22.831716, 40.664656 ], [ 22.831824, 40.664711 ], [ 22.831899, 40.664619 ], [ 22.831772, 40.664575 ], [ 22.831716, 40.664656 ] ] ] ] } },
{ "type": "Feature", "properties": { "fclass": "water", "name": null, "name:el": null, "name:en": null }, "geometry": { "type": "MultiPolygon", "coordinates": [ [ [ [ 22.831285, 40.664727 ], [ 22.831392, 40.664782 ], [ 22.831467, 40.66469 ], [ 22.83134, 40.664646 ], [ 22.831285, 40.664727 ] ] ] ] } },
{ "type": "Feature", "properties": { "fclass": "water", "name": null, "name:el": null, "name:en": null }, "geometry": { "type": "MultiPolygon", "coordinates": [ [ [ [ 22.831538, 40.66485 ], [ 22.831646, 40.664906 ], [ 22.83172, 40.664814 ], [ 22.831593, 40.664769 ], [ 22.831538, 40.66485 ] ] ] ] } },
{ "type": "Feature", "properties": { "fclass": "water", "name": null, "name:el": null, "name:en": null }, "geometry": { "type": "MultiPolygon", "coordinates": [ [ [ [ 22.870277, 40.6618 ], [ 22.870691, 40.661821 ], [ 22.870927, 40.661619 ], [ 22.871067, 40.661744 ], [ 22.870766, 40.661946 ], [ 22.870844, 40.662127 ], [ 22.871008, 40.662162 ], [ 22.871079, 40.662258 ], [ 22.871118, 40.662007 ], [ 22.871269, 40.662112 ], [ 22.871442, 40.662014 ], [ 22.871246, 40.661963 ], [ 22.870929, 40.661572 ], [ 22.870546, 40.661551 ], [ 22.870592, 40.661641 ], [ 22.870277, 40.6618 ] ] ] ] } },
{ "type": "Feature", "properties": { "fclass": "reservoir", "name": null, "name:el": null, "name:en": null }, "geometry": { "type": "MultiPolygon", "coordinates": [ [ [ [ 22.836314, 40.661853 ], [ 22.836483, 40.66204 ], [ 22.836722, 40.662071 ], [ 22.836933, 40.661971 ], [ 22.837001, 40.66179 ], [ 22.83689, 40.661619 ], [ 22.836647, 40.661551 ], [ 22.83641, 40.661628 ], [ 22.836314, 40.661853 ] ] ] ] } },
{ "type": "Feature", "properties": { "fclass": "water", "name": null, "name:el": null, "name:en": null }, "geometry": { "type": "MultiPolygon", "coordinates": [ [ [ [ 22.835139, 40.661951 ], [ 22.835258, 40.662111 ], [ 22.835547, 40.662168 ], [ 22.835758, 40.662069 ], [ 22.835826, 40.661888 ], [ 22.835662, 40.661687 ], [ 22.835407, 40.661654 ], [ 22.835193, 40.661765 ], [ 22.835139, 40.661951 ] ] ] ] } },
{ "type": "Feature", "properties": { "fclass": "water", "name": null, "name:el": null, "name:en": null }, "geometry": { "type": "MultiPolygon", "coordinates": [ [ [ [ 22.835906, 40.66233 ], [ 22.836075, 40.662518 ], [ 22.836314, 40.662548 ], [ 22.836525, 40.662448 ], [ 22.836593, 40.662267 ], [ 22.836429, 40.662066 ], [ 22.836174, 40.662034 ], [ 22.83596, 40.662144 ], [ 22.835906, 40.66233 ] ] ] ] } },
{ "type": "Feature", "properties": { "fclass": "water", "name": null, "name:el": null, "name:en": null }, "geometry": { "type": "MultiPolygon", "coordinates": [ [ [ [ 22.885569, 40.664656 ], [ 22.885866, 40.663742 ], [ 22.886137, 40.663545 ], [ 22.886586, 40.663413 ], [ 22.887852, 40.662595 ], [ 22.888265, 40.662502 ], [ 22.88918, 40.66209 ], [ 22.889763, 40.661428 ], [ 22.890425, 40.661162 ], [ 22.890613, 40.661017 ], [ 22.890479, 40.660959 ], [ 22.889607, 40.661409 ], [ 22.889281, 40.661859 ], [ 22.889101, 40.661873 ], [ 22.889122, 40.661972 ], [ 22.889003, 40.662051 ], [ 22.888576, 40.6622 ], [ 22.888569, 40.662276 ], [ 22.888243, 40.662433 ], [ 22.887606, 40.662587 ], [ 22.886502, 40.663328 ], [ 22.886021, 40.663481 ], [ 22.885717, 40.663709 ], [ 22.885402, 40.664632 ], [ 22.885569, 40.664656 ] ] ] ] } },
{ "type": "Feature", "properties": { "fclass": "water", "name": null, "name:el": null, "name:en": null }, "geometry": { "type": "MultiPolygon", "coordinates": [ [ [ [ 22.835651, 40.663476 ], [ 22.83624, 40.662796 ], [ 22.834871, 40.662114 ], [ 22.834282, 40.662795 ], [ 22.835651, 40.663476 ] ] ] ] } },
{ "type": "Feature", "properties": { "fclass": "water", "name": null, "name:el": null, "name:en": null }, "geometry": { "type": "MultiPolygon", "coordinates": [ [ [ [ 22.89491, 40.666142 ], [ 22.895102, 40.666117 ], [ 22.894902, 40.665801 ], [ 22.894857, 40.66581 ], [ 22.89491, 40.666142 ] ] ] ] } },
{ "type": "Feature", "properties": { "fclass": "riverbank", "name": null, "name:el": null, "name:en": null }, "geometry": { "type": "MultiPolygon", "coordinates": [ [ [ [ 22.954326, 40.671405 ], [ 22.954605, 40.671451 ], [ 22.955274, 40.671341 ], [ 22.955222, 40.671094 ], [ 22.955327, 40.670897 ], [ 22.955555, 40.670753 ], [ 22.955509, 40.670588 ], [ 22.95539, 40.670573 ], [ 22.955408, 40.670759 ], [ 22.955197, 40.670886 ], [ 22.955097, 40.671156 ], [ 22.955147, 40.671285 ], [ 22.954871, 40.671237 ], [ 22.954581, 40.671364 ], [ 22.954259, 40.671312 ], [ 22.954326, 40.671405 ] ] ] ] } },
{ "type": "Feature", "properties": { "fclass": "riverbank", "name": null, "name:el": null, "name:en": null }, "geometry": { "type": "MultiPolygon", "coordinates": [ [ [ [ 22.938768, 40.670441 ], [ 22.939447, 40.670598 ], [ 22.940327, 40.670658 ], [ 22.940568, 40.670755 ], [ 22.941601, 40.672039 ], [ 22.941947, 40.67229 ], [ 22.944001, 40.673095 ], [ 22.945524, 40.673288 ], [ 22.946686, 40.673317 ], [ 22.948074, 40.67321 ], [ 22.948992, 40.672679 ], [ 22.949752, 40.672698 ], [ 22.95006, 40.67259 ], [ 22.950697, 40.671821 ], [ 22.951749, 40.671524 ], [ 22.952226, 40.671234 ], [ 22.953456, 40.67107 ], [ 22.954079, 40.671269 ], [ 22.954557, 40.67166 ], [ 22.955309, 40.671587 ], [ 22.955556, 40.671768 ], [ 22.955787, 40.672287 ], [ 22.956365, 40.67256 ], [ 22.956544, 40.672568 ], [ 22.956896, 40.672094 ], [ 22.957202, 40.672074 ], [ 22.957866, 40.672321 ], [ 22.958198, 40.672267 ], [ 22.958576, 40.671966 ], [ 22.958648, 40.67163 ], [ 22.958754, 40.671538 ], [ 22.958967, 40.671552 ], [ 22.959436, 40.671808 ], [ 22.960618, 40.671886 ], [ 22.960641, 40.671538 ], [ 22.960173, 40.671611 ], [ 22.959577, 40.671557 ], [ 22.958782, 40.671214 ], [ 22.958482, 40.671258 ], [ 22.958279, 40.671817 ], [ 22.957882, 40.671907 ], [ 22.95712, 40.671777 ], [ 22.956933, 40.671685 ], [ 22.956745, 40.67172 ], [ 22.956498, 40.671972 ], [ 22.956416, 40.67227 ], [ 22.956222, 40.672329 ], [ 22.95601, 40.672231 ], [ 22.955678, 40.671611 ], [ 22.95535, 40.671435 ], [ 22.954845, 40.671558 ], [ 22.954546, 40.671554 ], [ 22.954062, 40.67112 ], [ 22.953417, 40.670963 ], [ 22.952695, 40.671051 ], [ 22.952051, 40.671226 ], [ 22.951566, 40.671518 ], [ 22.950832, 40.671681 ], [ 22.95064, 40.671758 ], [ 22.950034, 40.67247 ], [ 22.949855, 40.67256 ], [ 22.949586, 40.672623 ], [ 22.948977, 40.672588 ], [ 22.947751, 40.673194 ], [ 22.945407, 40.673217 ], [ 22.943973, 40.673042 ], [ 22.941931, 40.672154 ], [ 22.941387, 40.671675 ], [ 22.940888, 40.670941 ], [ 22.940543, 40.670626 ], [ 22.940263, 40.670542 ], [ 22.939541, 40.670531 ], [ 22.938713, 40.670342 ], [ 22.938768, 40.670441 ] ] ] ] } },
{ "type": "Feature", "properties": { "fclass": "riverbank", "name": null, "name:el": null, "name:en": null }, "geometry": { "type": "MultiPolygon", "coordinates": [ [ [ [ 22.939241, 40.672981 ], [ 22.940094, 40.673743 ], [ 22.940351, 40.674246 ], [ 22.940449, 40.674672 ], [ 22.94034, 40.675772 ], [ 22.939466, 40.677036 ], [ 22.939369, 40.677226 ], [ 22.939453, 40.677253 ], [ 22.939581, 40.676966 ], [ 22.940457, 40.675771 ], [ 22.940559, 40.675007 ], [ 22.940422, 40.674288 ], [ 22.940193, 40.673792 ], [ 22.9393, 40.672944 ], [ 22.939241, 40.672981 ] ] ] ] } },
{ "type": "Feature", "properties": { "fclass": "water", "name": "Λίμνη Κορώνεια", "name:el": null, "name:en": null }, "geometry": { "type": "MultiPolygon", "coordinates": [ [ [ [ 23.10379, 40.672942 ], [ 23.104074, 40.67326 ], [ 23.104095, 40.673513 ], [ 23.104269, 40.673745 ], [ 23.105241, 40.673254 ], [ 23.105197, 40.673183 ], [ 23.105005, 40.673214 ], [ 23.104977, 40.673315 ], [ 23.104818, 40.673356 ], [ 23.104851, 40.673137 ], [ 23.105152, 40.673056 ], [ 23.10494, 40.67272 ], [ 23.104636, 40.672492 ], [ 23.104444, 40.672464 ], [ 23.104233, 40.672538 ], [ 23.104225, 40.672643 ], [ 23.104131, 40.6726 ], [ 23.103826, 40.672723 ], [ 23.10379, 40.672942 ] ] ] ] } },
{ "type": "Feature", "properties": { "fclass": "water", "name": "Λίμνη Κορώνεια", "name:el": null, "name:en": null }, "geometry": { "type": "MultiPolygon", "coordinates": [ [ [ [ 23.098744, 40.686289 ], [ 23.098801, 40.688053 ], [ 23.099241, 40.69133 ], [ 23.100833, 40.694941 ], [ 23.103331, 40.697549 ], [ 23.104548, 40.698312 ], [ 23.107356, 40.699308 ], [ 23.110403, 40.700275 ], [ 23.117948, 40.701911 ], [ 23.123088, 40.701426 ], [ 23.125844, 40.70061 ], [ 23.127561, 40.70061 ], [ 23.13033, 40.701048 ], [ 23.135114, 40.703473 ], [ 23.138204, 40.702952 ], [ 23.145757, 40.702432 ], [ 23.153997, 40.702432 ], [ 23.159147, 40.70061 ], [ 23.168073, 40.695925 ], [ 23.176656, 40.695144 ], [ 23.185239, 40.696966 ], [ 23.192106, 40.698267 ], [ 23.196569, 40.696445 ], [ 23.200002, 40.694883 ], [ 23.202749, 40.691499 ], [ 23.204809, 40.687855 ], [ 23.206869, 40.683429 ], [ 23.207046, 40.680338 ], [ 23.206767, 40.677688 ], [ 23.206377, 40.676928 ], [ 23.205437, 40.675803 ], [ 23.20503, 40.673468 ], [ 23.202405, 40.67015 ], [ 23.198972, 40.665202 ], [ 23.195196, 40.66364 ], [ 23.188329, 40.662858 ], [ 23.186956, 40.661035 ], [ 23.185583, 40.656608 ], [ 23.182836, 40.654785 ], [ 23.176656, 40.65244 ], [ 23.170476, 40.652961 ], [ 23.1667, 40.654264 ], [ 23.16052, 40.65765 ], [ 23.15846, 40.659733 ], [ 23.1564, 40.66364 ], [ 23.151937, 40.668067 ], [ 23.15071, 40.670401 ], [ 23.139234, 40.671712 ], [ 23.129558, 40.670494 ], [ 23.129768, 40.670263 ], [ 23.129609, 40.670072 ], [ 23.129669, 40.669871 ], [ 23.129233, 40.669704 ], [ 23.128915, 40.669691 ], [ 23.128805, 40.669602 ], [ 23.128699, 40.669691 ], [ 23.128451, 40.66917 ], [ 23.127782, 40.668945 ], [ 23.12768, 40.668808 ], [ 23.127407, 40.668923 ], [ 23.127184, 40.66892 ], [ 23.127032, 40.668861 ], [ 23.12689, 40.66862 ], [ 23.126692, 40.668606 ], [ 23.126643, 40.668673 ], [ 23.126186, 40.668625 ], [ 23.125652, 40.66837 ], [ 23.118818, 40.670357 ], [ 23.118566, 40.670633 ], [ 23.118644, 40.670681 ], [ 23.118379, 40.670923 ], [ 23.118474, 40.670974 ], [ 23.118389, 40.671092 ], [ 23.11805, 40.671366 ], [ 23.118054, 40.671793 ], [ 23.117929, 40.671961 ], [ 23.117485, 40.672117 ], [ 23.11742, 40.672202 ], [ 23.116453, 40.672446 ], [ 23.116276, 40.672552 ], [ 23.114312, 40.673059 ], [ 23.113167, 40.673176 ], [ 23.112352, 40.673547 ], [ 23.111675, 40.673595 ], [ 23.111258, 40.6734 ], [ 23.110486, 40.673473 ], [ 23.109428, 40.673918 ], [ 23.108783, 40.673802 ], [ 23.10825, 40.673586 ], [ 23.10698, 40.67358 ], [ 23.104528, 40.674543 ], [ 23.102476, 40.675536 ], [ 23.09968, 40.680734 ], [ 23.098533, 40.684239 ], [ 23.098744, 40.686289 ] ], [ [ 23.101943, 40.688393 ], [ 23.105061, 40.686246 ], [ 23.105409, 40.685932 ], [ 23.105675, 40.685812 ], [ 23.104652, 40.686591 ], [ 23.10489, 40.686598 ], [ 23.105511, 40.686148 ], [ 23.10602, 40.686272 ], [ 23.106076, 40.686549 ], [ 23.105623, 40.687073 ], [ 23.105493, 40.687126 ], [ 23.105194, 40.687034 ], [ 23.105077, 40.687204 ], [ 23.104615, 40.687402 ], [ 23.104694, 40.687069 ], [ 23.104886, 40.686867 ], [ 23.104801, 40.68685 ], [ 23.104801, 40.686758 ], [ 23.104643, 40.686761 ], [ 23.103947, 40.68708 ], [ 23.103321, 40.687558 ], [ 23.103349, 40.687657 ], [ 23.10326, 40.687728 ], [ 23.102966, 40.687802 ], [ 23.102975, 40.687891 ], [ 23.103074, 40.687813 ], [ 23.10313, 40.687852 ], [ 23.103172, 40.688025 ], [ 23.103592, 40.687923 ], [ 23.103671, 40.688139 ], [ 23.103722, 40.688366 ], [ 23.103496, 40.688376 ], [ 23.103599, 40.688533 ], [ 23.103578, 40.688769 ], [ 23.103375, 40.688896 ], [ 23.103468, 40.68899 ], [ 23.103513, 40.689332 ], [ 23.103368, 40.689507 ], [ 23.103522, 40.689512 ], [ 23.103361, 40.689599 ], [ 23.103242, 40.689449 ], [ 23.102885, 40.689536 ], [ 23.102765, 40.689105 ], [ 23.102818, 40.68901 ], [ 23.102698, 40.688906 ], [ 23.102816, 40.688749 ], [ 23.102789, 40.688625 ], [ 23.103124, 40.68845 ], [ 23.103087, 40.688383 ], [ 23.102939, 40.688452 ], [ 23.10291, 40.688379 ], [ 23.102993, 40.688001 ], [ 23.102416, 40.688162 ], [ 23.101893, 40.688505 ], [ 23.101943, 40.688393 ] ], [ [ 23.102328, 40.686622 ], [ 23.102843, 40.686472 ], [ 23.103234, 40.686173 ], [ 23.103764, 40.686147 ], [ 23.103422, 40.686524 ], [ 23.103246, 40.68651 ], [ 23.103216, 40.686722 ], [ 23.102954, 40.686883 ], [ 23.103012, 40.686958 ], [ 23.10276, 40.68696 ], [ 23.102815, 40.687066 ], [ 23.102627, 40.687159 ], [ 23.102566, 40.687 ], [ 23.102285, 40.686939 ], [ 23.102328, 40.686622 ] ], [ [ 23.103309, 40.690563 ], [ 23.103492, 40.689654 ], [ 23.103551, 40.689636 ], [ 23.103441, 40.690323 ], [ 23.103309, 40.690563 ] ], [ [ 23.103971, 40.685736 ], [ 23.104611, 40.685769 ], [ 23.10495, 40.685881 ], [ 23.10503, 40.686003 ], [ 23.104799, 40.686164 ], [ 23.104282, 40.686154 ], [ 23.10422, 40.685984 ], [ 23.103986, 40.685858 ], [ 23.103971, 40.685736 ] ], [ [ 23.103964, 40.68974 ], [ 23.104031, 40.689038 ], [ 23.104194, 40.689097 ], [ 23.104229, 40.689038 ], [ 23.104127, 40.688818 ], [ 23.104307, 40.688694 ], [ 23.10432, 40.688379 ], [ 23.104419, 40.688333 ], [ 23.104489, 40.688039 ], [ 23.106067, 40.687516 ], [ 23.106388, 40.687547 ], [ 23.106811, 40.687424 ], [ 23.107091, 40.687535 ], [ 23.107095, 40.68772 ], [ 23.107237, 40.68792 ], [ 23.107132, 40.688647 ], [ 23.107664, 40.689021 ], [ 23.107701, 40.689098 ], [ 23.107481, 40.689252 ], [ 23.107494, 40.689511 ], [ 23.107872, 40.689677 ], [ 23.107929, 40.69009 ], [ 23.107526, 40.690423 ], [ 23.107307, 40.690503 ], [ 23.107518, 40.690685 ], [ 23.107494, 40.69091 ], [ 23.107351, 40.691086 ], [ 23.107408, 40.691724 ], [ 23.107229, 40.691946 ], [ 23.106908, 40.692097 ], [ 23.106867, 40.692421 ], [ 23.106489, 40.69268 ], [ 23.106103, 40.692763 ], [ 23.105831, 40.692525 ], [ 23.105859, 40.692214 ], [ 23.105493, 40.691752 ], [ 23.105591, 40.691496 ], [ 23.105538, 40.691329 ], [ 23.10518, 40.691558 ], [ 23.105091, 40.691453 ], [ 23.105156, 40.690935 ], [ 23.104731, 40.690905 ], [ 23.104728, 40.690686 ], [ 23.104658, 40.690704 ], [ 23.104583, 40.690482 ], [ 23.104412, 40.69038 ], [ 23.104514, 40.690153 ], [ 23.104331, 40.690214 ], [ 23.104361, 40.690014 ], [ 23.103964, 40.68974 ] ], [ [ 23.104143, 40.687731 ], [ 23.106721, 40.687002 ], [ 23.109131, 40.686375 ], [ 23.108836, 40.68652 ], [ 23.10411, 40.687802 ], [ 23.104143, 40.687731 ] ], [ [ 23.104463, 40.685304 ], [ 23.104404, 40.68521 ], [ 23.104613, 40.684983 ], [ 23.104768, 40.684942 ], [ 23.10502, 40.684295 ], [ 23.105181, 40.684124 ], [ 23.105128, 40.68388 ], [ 23.105219, 40.683774 ], [ 23.105208, 40.683591 ], [ 23.10531, 40.683591 ], [ 23.105273, 40.68305 ], [ 23.105809, 40.682505 ], [ 23.105815, 40.682245 ], [ 23.10597, 40.682301 ], [ 23.106038, 40.682459 ], [ 23.106246, 40.682449 ], [ 23.106105, 40.682395 ], [ 23.106013, 40.682078 ], [ 23.106395, 40.682084 ], [ 23.106604, 40.681869 ], [ 23.106706, 40.681933 ], [ 23.106816, 40.68185 ], [ 23.106844, 40.681673 ], [ 23.106936, 40.681652 ], [ 23.106855, 40.681493 ], [ 23.10711, 40.68112 ], [ 23.107262, 40.681091 ], [ 23.107205, 40.680948 ], [ 23.107096, 40.680943 ], [ 23.107106, 40.68083 ], [ 23.107634, 40.680903 ], [ 23.107719, 40.680793 ], [ 23.107981, 40.680905 ], [ 23.107828, 40.680704 ], [ 23.107998, 40.680648 ], [ 23.108225, 40.680884 ], [ 23.108172, 40.680948 ], [ 23.10832, 40.681053 ], [ 23.108384, 40.681287 ], [ 23.108257, 40.68137 ], [ 23.108349, 40.681485 ], [ 23.108285, 40.681622 ], [ 23.108165, 40.681625 ], [ 23.108221, 40.681853 ], [ 23.108356, 40.681882 ], [ 23.108203, 40.682089 ], [ 23.10832, 40.682312 ], [ 23.108465, 40.682371 ], [ 23.108419, 40.682478 ], [ 23.108515, 40.682639 ], [ 23.108225, 40.682736 ], [ 23.108345, 40.682878 ], [ 23.108196, 40.683018 ], [ 23.108281, 40.683071 ], [ 23.10826, 40.683302 ], [ 23.108157, 40.683305 ], [ 23.108274, 40.683488 ], [ 23.108196, 40.68352 ], [ 23.10821, 40.683638 ], [ 23.108081, 40.68364 ], [ 23.10788, 40.683785 ], [ 23.10788, 40.683876 ], [ 23.10756, 40.683975 ], [ 23.107498, 40.683895 ], [ 23.107384, 40.684017 ], [ 23.10671, 40.684119 ], [ 23.107957, 40.684028 ], [ 23.10809, 40.684042 ], [ 23.10809, 40.684108 ], [ 23.107329, 40.68433 ], [ 23.10719, 40.684519 ], [ 23.107384, 40.68468 ], [ 23.107141, 40.684818 ], [ 23.107042, 40.684774 ], [ 23.107141, 40.68493 ], [ 23.106857, 40.685059 ], [ 23.106552, 40.685727 ], [ 23.106574, 40.685841 ], [ 23.106315, 40.686024 ], [ 23.105955, 40.685979 ], [ 23.106024, 40.685841 ], [ 23.10597, 40.685727 ], [ 23.105723, 40.685593 ], [ 23.105171, 40.685727 ], [ 23.104688, 40.68565 ], [ 23.104382, 40.685454 ], [ 23.104463, 40.685304 ] ], [ [ 23.127456, 40.696556 ], [ 23.127572, 40.696596 ], [ 23.127526, 40.696695 ], [ 23.127416, 40.696634 ], [ 23.127456, 40.696556 ] ], [ [ 23.127455, 40.69627 ], [ 23.127742, 40.696185 ], [ 23.127839, 40.696399 ], [ 23.12761, 40.696461 ], [ 23.127455, 40.69627 ] ], [ [ 23.144026, 40.700863 ], [ 23.144361, 40.700548 ], [ 23.144479, 40.700539 ], [ 23.144562, 40.700375 ], [ 23.144743, 40.700575 ], [ 23.145206, 40.700743 ], [ 23.145297, 40.70097 ], [ 23.145121, 40.701086 ], [ 23.145216, 40.701279 ], [ 23.144894, 40.701149 ], [ 23.144623, 40.701136 ], [ 23.14456, 40.701203 ], [ 23.14417, 40.700949 ], [ 23.144036, 40.700962 ], [ 23.144026, 40.700863 ] ] ] ] } },
{ "type": "Feature", "properties": { "fclass": "water", "name": "Λίμνη Κορώνεια", "name:el": null, "name:en": null }, "geometry": { "type": "MultiPolygon", "coordinates": [ [ [ [ 23.107021, 40.681437 ], [ 23.10722, 40.681501 ], [ 23.107237, 40.681324 ], [ 23.107021, 40.681437 ] ] ] ] } },
{ "type": "Feature", "properties": { "fclass": "water", "name": "Λίμνη Κορώνεια", "name:el": null, "name:en": null }, "geometry": { "type": "MultiPolygon", "coordinates": [ [ [ [ 23.107513, 40.681619 ], [ 23.107566, 40.681531 ], [ 23.107432, 40.681499 ], [ 23.107421, 40.681579 ], [ 23.107513, 40.681619 ] ] ] ] } },
{ "type": "Feature", "properties": { "fclass": "water", "name": "Λίμνη Κορώνεια", "name:el": null, "name:en": null }, "geometry": { "type": "MultiPolygon", "coordinates": [ [ [ [ 23.106938, 40.681879 ], [ 23.106997, 40.682011 ], [ 23.107056, 40.681905 ], [ 23.106938, 40.681879 ] ] ] ] } },
{ "type": "Feature", "properties": { "fclass": "water", "name": "Λίμνη Κορώνεια", "name:el": null, "name:en": null }, "geometry": { "type": "MultiPolygon", "coordinates": [ [ [ [ 23.107425, 40.681966 ], [ 23.107588, 40.682006 ], [ 23.107623, 40.681898 ], [ 23.107425, 40.681966 ] ] ] ] } },
{ "type": "Feature", "properties": { "fclass": "water", "name": "Λίμνη Κορώνεια", "name:el": null, "name:en": null }, "geometry": { "type": "MultiPolygon", "coordinates": [ [ [ [ 23.106105, 40.682736 ], [ 23.106225, 40.68265 ], [ 23.106108, 40.682529 ], [ 23.106016, 40.682706 ], [ 23.106105, 40.682736 ] ] ] ] } },
{ "type": "Feature", "properties": { "fclass": "wetland", "name": null, "name:el": null, "name:en": null }, "geometry": { "type": "MultiPolygon", "coordinates": [ [ [ [ 23.104382, 40.685454 ], [ 23.104827, 40.685699 ], [ 23.105171, 40.685727 ], [ 23.105723, 40.685593 ], [ 23.10597, 40.685727 ], [ 23.106024, 40.685841 ], [ 23.105955, 40.685979 ], [ 23.106315, 40.686024 ], [ 23.106574, 40.685841 ], [ 23.106552, 40.685727 ], [ 23.106857, 40.685059 ], [ 23.107141, 40.68493 ], [ 23.107042, 40.684774 ], [ 23.107141, 40.684818 ], [ 23.107384, 40.68468 ], [ 23.10719, 40.684519 ], [ 23.107329, 40.68433 ], [ 23.10809, 40.684108 ], [ 23.10809, 40.684042 ], [ 23.107957, 40.684028 ], [ 23.10671, 40.684119 ], [ 23.107384, 40.684017 ], [ 23.107498, 40.683895 ], [ 23.10756, 40.683975 ], [ 23.10788, 40.683876 ], [ 23.10788, 40.683785 ], [ 23.108081, 40.68364 ], [ 23.10821, 40.683638 ], [ 23.108196, 40.68352 ], [ 23.108274, 40.683488 ], [ 23.108157, 40.683305 ], [ 23.10826, 40.683302 ], [ 23.108281, 40.683071 ], [ 23.108196, 40.683018 ], [ 23.108345, 40.682878 ], [ 23.108225, 40.682736 ], [ 23.108515, 40.682639 ], [ 23.108419, 40.682478 ], [ 23.108465, 40.682371 ], [ 23.10832, 40.682312 ], [ 23.108203, 40.682089 ], [ 23.108356, 40.681882 ], [ 23.108221, 40.681853 ], [ 23.108165, 40.681625 ], [ 23.108285, 40.681622 ], [ 23.108349, 40.681485 ], [ 23.108257, 40.68137 ], [ 23.108384, 40.681287 ], [ 23.10832, 40.681053 ], [ 23.108172, 40.680948 ], [ 23.108225, 40.680884 ], [ 23.107998, 40.680648 ], [ 23.107828, 40.680704 ], [ 23.107981, 40.680905 ], [ 23.107719, 40.680793 ], [ 23.107634, 40.680903 ], [ 23.107106, 40.68083 ], [ 23.107096, 40.680943 ], [ 23.107205, 40.680948 ], [ 23.107262, 40.681091 ], [ 23.10711, 40.68112 ], [ 23.106855, 40.681493 ], [ 23.106936, 40.681652 ], [ 23.106844, 40.681673 ], [ 23.106816, 40.68185 ], [ 23.106706, 40.681933 ], [ 23.106604, 40.681869 ], [ 23.106395, 40.682084 ], [ 23.106013, 40.682078 ], [ 23.106105, 40.682395 ], [ 23.106246, 40.682449 ], [ 23.106038, 40.682459 ], [ 23.10597, 40.682301 ], [ 23.105815, 40.682245 ], [ 23.105809, 40.682505 ], [ 23.105273, 40.68305 ], [ 23.10531, 40.683591 ], [ 23.105208, 40.683591 ], [ 23.105219, 40.683774 ], [ 23.105128, 40.68388 ], [ 23.105181, 40.684124 ], [ 23.10502, 40.684295 ], [ 23.104768, 40.684942 ], [ 23.104613, 40.684983 ], [ 23.104404, 40.68521 ], [ 23.104463, 40.685304 ], [ 23.104382, 40.685454 ] ], [ [ 23.106016, 40.682706 ], [ 23.106108, 40.682529 ], [ 23.106218, 40.682572 ], [ 23.10619, 40.68273 ], [ 23.106016, 40.682706 ] ], [ [ 23.106938, 40.681879 ], [ 23.107056, 40.681905 ], [ 23.106997, 40.682011 ], [ 23.106938, 40.681879 ] ], [ [ 23.107021, 40.681437 ], [ 23.107237, 40.681324 ], [ 23.10722, 40.681501 ], [ 23.107021, 40.681437 ] ], [ [ 23.107432, 40.681499 ], [ 23.107566, 40.681531 ], [ 23.107513, 40.681619 ], [ 23.107421, 40.681579 ], [ 23.107432, 40.681499 ] ], [ [ 23.10746, 40.682008 ], [ 23.107623, 40.681898 ], [ 23.107588, 40.682006 ], [ 23.10746, 40.682008 ] ] ] ] } },
{ "type": "Feature", "properties": { "fclass": "wetland", "name": null, "name:el": null, "name:en": null }, "geometry": { "type": "MultiPolygon", "coordinates": [ [ [ [ 23.103986, 40.685858 ], [ 23.10422, 40.685984 ], [ 23.104282, 40.686154 ], [ 23.104799, 40.686164 ], [ 23.10503, 40.686003 ], [ 23.10495, 40.685881 ], [ 23.104488, 40.685739 ], [ 23.103971, 40.685736 ], [ 23.103986, 40.685858 ] ] ] ] } },
{ "type": "Feature", "properties": { "fclass": "wetland", "name": null, "name:el": null, "name:en": null }, "geometry": { "type": "MultiPolygon", "coordinates": [ [ [ [ 23.102328, 40.686622 ], [ 23.102285, 40.686939 ], [ 23.102566, 40.687 ], [ 23.102627, 40.687159 ], [ 23.102815, 40.687066 ], [ 23.10276, 40.68696 ], [ 23.103012, 40.686958 ], [ 23.102954, 40.686883 ], [ 23.103216, 40.686722 ], [ 23.103246, 40.68651 ], [ 23.103422, 40.686524 ], [ 23.103764, 40.686147 ], [ 23.103234, 40.686173 ], [ 23.102843, 40.686472 ], [ 23.102328, 40.686622 ] ] ] ] } },
{ "type": "Feature", "properties": { "fclass": "water", "name": "Πλατύρρεμα (Ασημάκη)", "name:el": null, "name:en": null }, "geometry": { "type": "MultiPolygon", "coordinates": [ [ [ [ 22.931985, 40.677003 ], [ 22.932359, 40.67624 ], [ 22.932212, 40.675835 ], [ 22.932245, 40.675133 ], [ 22.932082, 40.674466 ], [ 22.93212, 40.674163 ], [ 22.932082, 40.673779 ], [ 22.932272, 40.67322 ], [ 22.93205, 40.673812 ], [ 22.932062, 40.674535 ], [ 22.932225, 40.675274 ], [ 22.932151, 40.675891 ], [ 22.932311, 40.676171 ], [ 22.931985, 40.677003 ] ] ] ] } },
{ "type": "Feature", "properties": { "fclass": "water", "name": null, "name:el": null, "name:en": null }, "geometry": { "type": "MultiPolygon", "coordinates": [ [ [ [ 22.914795, 40.67719 ], [ 22.915291, 40.676543 ], [ 22.91533, 40.67596 ], [ 22.915483, 40.675925 ], [ 22.915577, 40.675618 ], [ 22.915374, 40.675618 ], [ 22.915212, 40.67594 ], [ 22.915084, 40.676697 ], [ 22.914713, 40.677127 ], [ 22.914795, 40.67719 ] ] ] ] } },
{ "type": "Feature", "properties": { "fclass": "reservoir", "name": null, "name:el": null, "name:en": null }, "geometry": { "type": "MultiPolygon", "coordinates": [ [ [ [ 22.879083, 40.676585 ], [ 22.87951, 40.676365 ], [ 22.879177, 40.675935 ], [ 22.878879, 40.675946 ], [ 22.878731, 40.676144 ], [ 22.879083, 40.676585 ] ] ] ] } },
{ "type": "Feature", "properties": { "fclass": "water", "name": null, "name:el": null, "name:en": null }, "geometry": { "type": "MultiPolygon", "coordinates": [ [ [ [ 22.901147, 40.677746 ], [ 22.903351, 40.677774 ], [ 22.903641, 40.677766 ], [ 22.903646, 40.677685 ], [ 22.903265, 40.677607 ], [ 22.902273, 40.67768 ], [ 22.901425, 40.677497 ], [ 22.901817, 40.677046 ], [ 22.902638, 40.67672 ], [ 22.902665, 40.676476 ], [ 22.902391, 40.676126 ], [ 22.902187, 40.676134 ], [ 22.902396, 40.676541 ], [ 22.90237, 40.676688 ], [ 22.901822, 40.676871 ], [ 22.901383, 40.677152 ], [ 22.901055, 40.67766 ], [ 22.901147, 40.677746 ] ] ] ] } },
{ "type": "Feature", "properties": { "fclass": "riverbank", "name": "Χείμαρρος Ευκαρπίας", "name:el": null, "name:en": null }, "geometry": { "type": "MultiPolygon", "coordinates": [ [ [ [ 22.943262, 40.678718 ], [ 22.943845, 40.679109 ], [ 22.94387, 40.679259 ], [ 22.944053, 40.679339 ], [ 22.943934, 40.679038 ], [ 22.943358, 40.678667 ], [ 22.943263, 40.678139 ], [ 22.943187, 40.677977 ], [ 22.943233, 40.678134 ], [ 22.943147, 40.678244 ], [ 22.943262, 40.678718 ] ] ] ] } },
{ "type": "Feature", "properties": { "fclass": "riverbank", "name": null, "name:el": null, "name:en": null }, "geometry": { "type": "MultiPolygon", "coordinates": [ [ [ [ 22.904814, 40.678471 ], [ 22.905322, 40.678983 ], [ 22.905384, 40.67898 ], [ 22.905423, 40.678931 ], [ 22.905003, 40.678521 ], [ 22.904501, 40.67821 ], [ 22.904378, 40.678202 ], [ 22.904814, 40.678471 ] ] ] ] } },
{ "type": "Feature", "properties": { "fclass": "riverbank", "name": null, "name:el": null, "name:en": null }, "geometry": { "type": "MultiPolygon", "coordinates": [ [ [ [ 22.900299, 40.679084 ], [ 22.900406, 40.680272 ], [ 22.901017, 40.681437 ], [ 22.901091, 40.681409 ], [ 22.900521, 40.680323 ], [ 22.901148, 40.680747 ], [ 22.900513, 40.680266 ], [ 22.900406, 40.679206 ], [ 22.900712, 40.678649 ], [ 22.900696, 40.678217 ], [ 22.900556, 40.678185 ], [ 22.90061, 40.678608 ], [ 22.900299, 40.679084 ] ] ] ] } },
{ "type": "Feature", "properties": { "fclass": "water", "name": "Πλατύρρεμα (Ασημάκη)", "name:el": null, "name:en": null }, "geometry": { "type": "MultiPolygon", "coordinates": [ [ [ [ 22.929969, 40.683304 ], [ 22.931378, 40.681772 ], [ 22.93163, 40.681214 ], [ 22.931633, 40.680529 ], [ 22.931924, 40.680024 ], [ 22.932048, 40.6791 ], [ 22.931896, 40.678769 ], [ 22.931895, 40.678416 ], [ 22.931634, 40.677695 ], [ 22.931772, 40.677345 ], [ 22.931557, 40.67765 ], [ 22.931865, 40.67841 ], [ 22.9318, 40.678791 ], [ 22.931997, 40.679115 ], [ 22.931892, 40.679443 ], [ 22.931874, 40.680022 ], [ 22.931592, 40.680506 ], [ 22.931568, 40.681217 ], [ 22.931317, 40.681748 ], [ 22.930587, 40.682463 ], [ 22.929975, 40.683174 ], [ 22.929969, 40.683304 ] ] ] ] } },
{ "type": "Feature", "properties": { "fclass": "riverbank", "name": null, "name:el": null, "name:en": null }, "geometry": { "type": "MultiPolygon", "coordinates": [ [ [ [ 22.91092, 40.682559 ], [ 22.912579, 40.682222 ], [ 22.913002, 40.681879 ], [ 22.912931, 40.681658 ], [ 22.913496, 40.681886 ], [ 22.913744, 40.681819 ], [ 22.912949, 40.68147 ], [ 22.913152, 40.680881 ], [ 22.913028, 40.680264 ], [ 22.913488, 40.679474 ], [ 22.913655, 40.678785 ], [ 22.914037, 40.677979 ], [ 22.913901, 40.677969 ], [ 22.913519, 40.678782 ], [ 22.913483, 40.679271 ], [ 22.912915, 40.680053 ], [ 22.912856, 40.680266 ], [ 22.912988, 40.680749 ], [ 22.912715, 40.68202 ], [ 22.911966, 40.682292 ], [ 22.910905, 40.682474 ], [ 22.91092, 40.682559 ] ] ] ] } },
{ "type": "Feature", "properties": { "fclass": "riverbank", "name": "Δενδροπόταμος", "name:el": null, "name:en": null }, "geometry": { "type": "MultiPolygon", "coordinates": [ [ [ [ 22.93915, 40.678472 ], [ 22.939937, 40.679525 ], [ 22.94077, 40.680084 ], [ 22.940663, 40.680636 ], [ 22.940726, 40.680972 ], [ 22.941742, 40.68143 ], [ 22.942461, 40.681873 ], [ 22.942881, 40.682354 ], [ 22.943063, 40.682709 ], [ 22.94299, 40.683203 ], [ 22.942628, 40.683581 ], [ 22.942496, 40.683545 ], [ 22.942204, 40.683913 ], [ 22.942224, 40.684065 ], [ 22.942471, 40.684269 ], [ 22.943526, 40.684522 ], [ 22.944249, 40.684801 ], [ 22.944352, 40.684986 ], [ 22.944131, 40.685432 ], [ 22.943913, 40.685644 ], [ 22.944016, 40.685666 ], [ 22.944632, 40.685219 ], [ 22.944686, 40.685104 ], [ 22.944497, 40.684805 ], [ 22.943714, 40.684531 ], [ 22.942624, 40.684265 ], [ 22.942361, 40.684099 ], [ 22.942439, 40.683808 ], [ 22.942976, 40.683401 ], [ 22.943096, 40.683213 ], [ 22.943199, 40.682684 ], [ 22.942917, 40.682204 ], [ 22.942447, 40.681692 ], [ 22.941746, 40.681253 ], [ 22.941229, 40.681143 ], [ 22.940996, 40.681019 ], [ 22.940808, 40.680736 ], [ 22.940794, 40.680499 ], [ 22.941032, 40.680109 ], [ 22.940957, 40.679819 ], [ 22.940794, 40.67965 ], [ 22.940516, 40.679652 ], [ 22.939747, 40.679043 ], [ 22.9393, 40.678445 ], [ 22.93915, 40.678472 ] ] ] ] } },
{ "type": "Feature", "properties": { "fclass": "riverbank", "name": "Χείμαρρος Ευκαρπίας", "name:el": null, "name:en": null }, "geometry": { "type": "MultiPolygon", "coordinates": [ [ [ [ 22.944475, 40.679975 ], [ 22.944866, 40.680356 ], [ 22.94611, 40.68073 ], [ 22.946612, 40.681111 ], [ 22.947332, 40.68102 ], [ 22.947759, 40.681095 ], [ 22.948226, 40.681268 ], [ 22.948789, 40.681703 ], [ 22.949149, 40.681615 ], [ 22.949388, 40.681665 ], [ 22.950002, 40.6823 ], [ 22.950784, 40.682854 ], [ 22.952631, 40.683628 ], [ 22.953027, 40.684012 ], [ 22.954052, 40.684632 ], [ 22.956183, 40.685055 ], [ 22.956295, 40.685479 ], [ 22.956435, 40.685642 ], [ 22.956374, 40.685034 ], [ 22.956277, 40.684964 ], [ 22.955458, 40.68474 ], [ 22.954747, 40.684667 ], [ 22.953844, 40.684336 ], [ 22.953179, 40.683947 ], [ 22.952946, 40.683654 ], [ 22.95237, 40.683457 ], [ 22.951946, 40.683135 ], [ 22.951327, 40.682912 ], [ 22.950144, 40.682246 ], [ 22.949312, 40.681545 ], [ 22.948835, 40.681534 ], [ 22.94849, 40.681245 ], [ 22.947805, 40.681003 ], [ 22.946644, 40.680973 ], [ 22.946272, 40.680656 ], [ 22.94549, 40.680506 ], [ 22.944891, 40.680252 ], [ 22.944475, 40.679975 ] ] ] ] } },
{ "type": "Feature", "properties": { "fclass": "water", "name": null, "name:el": null, "name:en": null }, "geometry": { "type": "MultiPolygon", "coordinates": [ [ [ [ 22.939341, 40.68328 ], [ 22.939484, 40.682882 ], [ 22.939482, 40.682684 ], [ 22.939341, 40.68328 ] ] ] ] } },
{ "type": "Feature", "properties": { "fclass": "riverbank", "name": null, "name:el": null, "name:en": null }, "geometry": { "type": "MultiPolygon", "coordinates": [ [ [ [ 22.901378, 40.678924 ], [ 22.901732, 40.679474 ], [ 22.902181, 40.680505 ], [ 22.902838, 40.680967 ], [ 22.903555, 40.681847 ], [ 22.90412, 40.683106 ], [ 22.904152, 40.684026 ], [ 22.904046, 40.68486 ], [ 22.904177, 40.685496 ], [ 22.904093, 40.686117 ], [ 22.904522, 40.687642 ], [ 22.904382, 40.688163 ], [ 22.904533, 40.688545 ], [ 22.904624, 40.687711 ], [ 22.904473, 40.686728 ], [ 22.904248, 40.686214 ], [ 22.904271, 40.685735 ], [ 22.904366, 40.685573 ], [ 22.904205, 40.684835 ], [ 22.904222, 40.684339 ], [ 22.904777, 40.685276 ], [ 22.905541, 40.685753 ], [ 22.905988, 40.685762 ], [ 22.905498, 40.685626 ], [ 22.904988, 40.685248 ], [ 22.904442, 40.684477 ], [ 22.904264, 40.68405 ], [ 22.904232, 40.68311 ], [ 22.903959, 40.682456 ], [ 22.904586, 40.682476 ], [ 22.90521, 40.682707 ], [ 22.905208, 40.682631 ], [ 22.904688, 40.682386 ], [ 22.903905, 40.682338 ], [ 22.903358, 40.681382 ], [ 22.902285, 40.680462 ], [ 22.901883, 40.679425 ], [ 22.901491, 40.678831 ], [ 22.9017, 40.678294 ], [ 22.901566, 40.67829 ], [ 22.901437, 40.678497 ], [ 22.901378, 40.678924 ] ] ] ] } },
{ "type": "Feature", "properties": { "fclass": "riverbank", "name": null, "name:el": null, "name:en": null }, "geometry": { "type": "MultiPolygon", "coordinates": [ [ [ [ 22.922414, 40.686054 ], [ 22.922724, 40.685973 ], [ 22.923215, 40.685034 ], [ 22.923027, 40.685138 ], [ 22.922982, 40.685005 ], [ 22.922833, 40.685005 ], [ 22.922767, 40.685821 ], [ 22.922634, 40.685989 ], [ 22.922414, 40.686054 ] ] ] ] } },
{ "type": "Feature", "properties": { "fclass": "water", "name": null, "name:el": null, "name:en": null }, "geometry": { "type": "MultiPolygon", "coordinates": [ [ [ [ 22.915679, 40.688721 ], [ 22.916837, 40.688551 ], [ 22.91724, 40.688425 ], [ 22.919024, 40.687614 ], [ 22.919715, 40.687483 ], [ 22.920443, 40.687101 ], [ 22.920569, 40.686902 ], [ 22.921316, 40.686543 ], [ 22.922012, 40.686223 ], [ 22.922815, 40.686036 ], [ 22.923547, 40.684734 ], [ 22.925227, 40.683931 ], [ 22.926886, 40.683558 ], [ 22.92843, 40.683387 ], [ 22.929264, 40.683602 ], [ 22.929775, 40.68352 ], [ 22.929969, 40.683304 ], [ 22.929501, 40.683486 ], [ 22.929196, 40.683497 ], [ 22.928997, 40.683363 ], [ 22.928696, 40.683319 ], [ 22.927116, 40.683429 ], [ 22.925447, 40.683712 ], [ 22.924586, 40.684068 ], [ 22.923399, 40.684695 ], [ 22.922724, 40.685973 ], [ 22.921965, 40.686148 ], [ 22.921272, 40.686429 ], [ 22.920427, 40.686839 ], [ 22.92027, 40.68709 ], [ 22.919605, 40.687405 ], [ 22.918673, 40.687546 ], [ 22.918624, 40.68773 ], [ 22.917912, 40.687982 ], [ 22.917612, 40.688186 ], [ 22.916856, 40.688501 ], [ 22.915679, 40.688721 ] ] ] ] } },
{ "type": "Feature", "properties": { "fclass": "riverbank", "name": null, "name:el": null, "name:en": null }, "geometry": { "type": "MultiPolygon", "coordinates": [ [ [ [ 22.898147, 40.69136 ], [ 22.898311, 40.691463 ], [ 22.89887, 40.689576 ], [ 22.898683, 40.688525 ], [ 22.89872, 40.688325 ], [ 22.89887, 40.687853 ], [ 22.899219, 40.687409 ], [ 22.899201, 40.687078 ], [ 22.899474, 40.686824 ], [ 22.899869, 40.686 ], [ 22.900005, 40.686031 ], [ 22.900178, 40.686252 ], [ 22.900371, 40.686772 ], [ 22.900446, 40.686717 ], [ 22.899932, 40.685794 ], [ 22.899928, 40.685346 ], [ 22.900069, 40.685063 ], [ 22.900464, 40.68476 ], [ 22.900564, 40.684302 ], [ 22.900768, 40.683941 ], [ 22.900886, 40.683937 ], [ 22.901209, 40.684133 ], [ 22.901413, 40.684454 ], [ 22.901622, 40.684939 ], [ 22.901663, 40.685535 ], [ 22.901763, 40.685473 ], [ 22.901786, 40.685184 ], [ 22.902235, 40.685256 ], [ 22.902319, 40.685354 ], [ 22.902329, 40.685686 ], [ 22.902438, 40.685795 ], [ 22.902449, 40.685048 ], [ 22.90235, 40.685196 ], [ 22.901845, 40.685098 ], [ 22.901681, 40.684585 ], [ 22.901463, 40.684285 ], [ 22.9007, 40.683658 ], [ 22.900587, 40.683207 ], [ 22.901059, 40.682246 ], [ 22.901095, 40.682015 ], [ 22.900982, 40.681829 ], [ 22.901186, 40.681498 ], [ 22.901148, 40.680747 ], [ 22.901074, 40.680923 ], [ 22.901143, 40.681452 ], [ 22.901017, 40.681437 ], [ 22.901033, 40.681586 ], [ 22.900818, 40.681668 ], [ 22.90092, 40.682182 ], [ 22.900434, 40.683042 ], [ 22.900619, 40.683721 ], [ 22.9004, 40.684285 ], [ 22.900364, 40.684778 ], [ 22.899905, 40.685122 ], [ 22.899805, 40.685305 ], [ 22.899696, 40.686138 ], [ 22.89946, 40.686651 ], [ 22.899119, 40.686989 ], [ 22.899051, 40.687385 ], [ 22.898611, 40.688281 ], [ 22.898674, 40.689593 ], [ 22.898411, 40.690619 ], [ 22.898225, 40.691015 ], [ 22.898147, 40.69136 ] ] ] ] } },
{ "type": "Feature", "properties": { "fclass": "riverbank", "name": null, "name:el": null, "name:en": null }, "geometry": { "type": "MultiPolygon", "coordinates": [ [ [ [ 22.943279, 40.6865 ], [ 22.943272, 40.686824 ], [ 22.943346, 40.686815 ], [ 22.94334, 40.686571 ], [ 22.943519, 40.686233 ], [ 22.943447, 40.686203 ], [ 22.943279, 40.6865 ] ] ] ] } },
{ "type": "Feature", "properties": { "fclass": "water", "name": null, "name:el": null, "name:en": null }, "geometry": { "type": "MultiPolygon", "coordinates": [ [ [ [ 22.93755, 40.687113 ], [ 22.937765, 40.687189 ], [ 22.937948, 40.687133 ], [ 22.93755, 40.687113 ] ] ] ] } },
{ "type": "Feature", "properties": { "fclass": "water", "name": null, "name:el": null, "name:en": null }, "geometry": { "type": "MultiPolygon", "coordinates": [ [ [ [ 22.924444, 40.687648 ], [ 22.924734, 40.687767 ], [ 22.925064, 40.687734 ], [ 22.925064, 40.6874 ], [ 22.92459, 40.687438 ], [ 22.924444, 40.687648 ] ] ] ] } },
{ "type": "Feature", "properties": { "fclass": "riverbank", "name": null, "name:el": null, "name:en": null }, "geometry": { "type": "MultiPolygon", "coordinates": [ [ [ [ 22.917697, 40.688205 ], [ 22.917827, 40.688663 ], [ 22.917877, 40.688696 ], [ 22.917848, 40.688137 ], [ 22.917697, 40.688205 ] ] ] ] } },
{ "type": "Feature", "properties": { "fclass": "wetland", "name": null, "name:el": null, "name:en": null }, "geometry": { "type": "MultiPolygon", "coordinates": [ [ [ [ 23.10411, 40.687802 ], [ 23.108836, 40.68652 ], [ 23.109131, 40.686375 ], [ 23.104143, 40.687731 ], [ 23.10411, 40.687802 ] ] ] ] } },
{ "type": "Feature", "properties": { "fclass": "wetland", "name": null, "name:el": null, "name:en": null }, "geometry": { "type": "MultiPolygon", "coordinates": [ [ [ [ 23.101893, 40.688505 ], [ 23.102416, 40.688162 ], [ 23.102993, 40.688001 ], [ 23.10291, 40.688379 ], [ 23.102939, 40.688452 ], [ 23.103087, 40.688383 ], [ 23.103124, 40.68845 ], [ 23.102789, 40.688625 ], [ 23.102816, 40.688749 ], [ 23.102698, 40.688906 ], [ 23.102818, 40.68901 ], [ 23.102765, 40.689105 ], [ 23.102885, 40.689536 ], [ 23.103242, 40.689449 ], [ 23.103361, 40.689599 ], [ 23.103522, 40.689512 ], [ 23.103368, 40.689507 ], [ 23.103513, 40.689332 ], [ 23.103468, 40.68899 ], [ 23.103375, 40.688896 ], [ 23.103578, 40.688769 ], [ 23.103599, 40.688533 ], [ 23.103496, 40.688376 ], [ 23.103722, 40.688366 ], [ 23.103671, 40.688139 ], [ 23.103592, 40.687923 ], [ 23.103172, 40.688025 ], [ 23.10313, 40.687852 ], [ 23.103074, 40.687813 ], [ 23.102975, 40.687891 ], [ 23.102966, 40.687802 ], [ 23.10326, 40.687728 ], [ 23.103349, 40.687657 ], [ 23.103321, 40.687558 ], [ 23.103947, 40.68708 ], [ 23.104643, 40.686761 ], [ 23.104801, 40.686758 ], [ 23.104801, 40.68685 ], [ 23.104886, 40.686867 ], [ 23.104694, 40.687069 ], [ 23.104615, 40.687402 ], [ 23.105077, 40.687204 ], [ 23.105194, 40.687034 ], [ 23.105493, 40.687126 ], [ 23.105623, 40.687073 ], [ 23.106076, 40.686549 ], [ 23.10602, 40.686272 ], [ 23.105511, 40.686148 ], [ 23.10489, 40.686598 ], [ 23.104652, 40.686591 ], [ 23.105675, 40.685812 ], [ 23.105409, 40.685932 ], [ 23.105061, 40.686246 ], [ 23.102036, 40.688306 ], [ 23.101863, 40.688449 ], [ 23.101893, 40.688505 ] ] ] ] } },
{ "type": "Feature", "properties": { "fclass": "water", "name": null, "name:el": null, "name:en": null }, "geometry": { "type": "MultiPolygon", "coordinates": [ [ [ [ 23.209505, 40.688971 ], [ 23.20969, 40.689083 ], [ 23.209825, 40.688934 ], [ 23.20965, 40.68884 ], [ 23.209505, 40.688971 ] ] ] ] } },
{ "type": "Feature", "properties": { "fclass": "wetland", "name": null, "name:el": null, "name:en": null }, "geometry": { "type": "MultiPolygon", "coordinates": [ [ [ [ 23.104017, 40.689766 ], [ 23.104361, 40.690014 ], [ 23.104331, 40.690214 ], [ 23.104514, 40.690153 ], [ 23.104412, 40.69038 ], [ 23.104583, 40.690482 ], [ 23.104658, 40.690704 ], [ 23.104728, 40.690686 ], [ 23.104731, 40.690905 ], [ 23.105156, 40.690935 ], [ 23.105091, 40.691453 ], [ 23.10518, 40.691558 ], [ 23.105538, 40.691329 ], [ 23.105591, 40.691496 ], [ 23.105493, 40.691752 ], [ 23.105859, 40.692214 ], [ 23.105831, 40.692525 ], [ 23.106103, 40.692763 ], [ 23.106489, 40.69268 ], [ 23.106867, 40.692421 ], [ 23.106908, 40.692097 ], [ 23.107229, 40.691946 ], [ 23.107408, 40.691724 ], [ 23.107351, 40.691086 ], [ 23.107494, 40.69091 ], [ 23.107518, 40.690685 ], [ 23.107307, 40.690503 ], [ 23.107526, 40.690423 ], [ 23.107929, 40.69009 ], [ 23.107872, 40.689677 ], [ 23.107494, 40.689511 ], [ 23.107481, 40.689252 ], [ 23.107701, 40.689098 ], [ 23.107664, 40.689021 ], [ 23.107132, 40.688647 ], [ 23.107237, 40.68792 ], [ 23.107095, 40.68772 ], [ 23.107091, 40.687535 ], [ 23.106811, 40.687424 ], [ 23.106388, 40.687547 ], [ 23.106067, 40.687516 ], [ 23.104489, 40.688039 ], [ 23.104419, 40.688333 ], [ 23.10432, 40.688379 ], [ 23.104307, 40.688694 ], [ 23.104127, 40.688818 ], [ 23.104229, 40.689038 ], [ 23.104194, 40.689097 ], [ 23.104031, 40.689038 ], [ 23.104017, 40.689766 ] ], [ [ 23.106022, 40.691369 ], [ 23.106872, 40.690861 ], [ 23.107079, 40.690842 ], [ 23.106961, 40.691058 ], [ 23.107091, 40.691209 ], [ 23.106392, 40.691548 ], [ 23.106266, 40.691425 ], [ 23.106062, 40.691437 ], [ 23.106022, 40.691369 ] ], [ [ 23.106915, 40.690525 ], [ 23.107108, 40.690417 ], [ 23.107169, 40.690444 ], [ 23.107006, 40.690653 ], [ 23.106915, 40.690525 ] ] ] ] } },
{ "type": "Feature", "properties": { "fclass": "wetland", "name": null, "name:el": null, "name:en": null }, "geometry": { "type": "MultiPolygon", "coordinates": [ [ [ [ 23.103347, 40.690563 ], [ 23.103441, 40.690323 ], [ 23.103551, 40.689636 ], [ 23.103492, 40.689654 ], [ 23.103347, 40.690563 ] ] ] ] } },
{ "type": "Feature", "properties": { "fclass": "water", "name": null, "name:el": null, "name:en": null }, "geometry": { "type": "MultiPolygon", "coordinates": [ [ [ [ 23.249137, 40.691902 ], [ 23.249247, 40.691795 ], [ 23.249845, 40.691596 ], [ 23.249806, 40.691435 ], [ 23.250018, 40.691269 ], [ 23.249873, 40.691097 ], [ 23.249685, 40.691076 ], [ 23.249615, 40.69117 ], [ 23.249554, 40.691344 ], [ 23.249682, 40.691591 ], [ 23.24942, 40.691658 ], [ 23.249247, 40.691757 ], [ 23.249137, 40.691902 ] ] ] ] } },
{ "type": "Feature", "properties": { "fclass": "water", "name": "Λίμνη Κορώνεια", "name:el": null, "name:en": null }, "geometry": { "type": "MultiPolygon", "coordinates": [ [ [ [ 23.106915, 40.690525 ], [ 23.107006, 40.690653 ], [ 23.107169, 40.690444 ], [ 23.106915, 40.690525 ] ] ] ] } },
{ "type": "Feature", "properties": { "fclass": "water", "name": "Λίμνη Κορώνεια", "name:el": null, "name:en": null }, "geometry": { "type": "MultiPolygon", "coordinates": [ [ [ [ 23.106062, 40.691437 ], [ 23.106266, 40.691425 ], [ 23.106392, 40.691548 ], [ 23.107091, 40.691209 ], [ 23.106961, 40.691058 ], [ 23.107079, 40.690842 ], [ 23.106965, 40.690818 ], [ 23.106603, 40.691 ], [ 23.106099, 40.691295 ], [ 23.106062, 40.691437 ] ] ] ] } },
{ "type": "Feature", "properties": { "fclass": "wetland", "name": null, "name:el": null, "name:en": null }, "geometry": { "type": "MultiPolygon", "coordinates": [ [ [ [ 23.127479, 40.696329 ], [ 23.127708, 40.696476 ], [ 23.127854, 40.696314 ], [ 23.127742, 40.696185 ], [ 23.127513, 40.696225 ], [ 23.127479, 40.696329 ] ] ] ] } },
{ "type": "Feature", "properties": { "fclass": "wetland", "name": null, "name:el": null, "name:en": null }, "geometry": { "type": "MultiPolygon", "coordinates": [ [ [ [ 23.127416, 40.696634 ], [ 23.127526, 40.696695 ], [ 23.127572, 40.696596 ], [ 23.127456, 40.696556 ], [ 23.127416, 40.696634 ] ] ] ] } },
{ "type": "Feature", "properties": { "fclass": "water", "name": null, "name:el": null, "name:en": null }, "geometry": { "type": "MultiPolygon", "coordinates": [ [ [ [ 22.906566, 40.689367 ], [ 22.907611, 40.689455 ], [ 22.90836, 40.689888 ], [ 22.908405, 40.690171 ], [ 22.908865, 40.690182 ], [ 22.908597, 40.690083 ], [ 22.908502, 40.689877 ], [ 22.907753, 40.689383 ], [ 22.907519, 40.689027 ], [ 22.90754, 40.688609 ], [ 22.908426, 40.688654 ], [ 22.908447, 40.688575 ], [ 22.906969, 40.688556 ], [ 22.907258, 40.688645 ], [ 22.90736, 40.688792 ], [ 22.907445, 40.689358 ], [ 22.906566, 40.689367 ] ] ] ] } },
{ "type": "Feature", "properties": { "fclass": "water", "name": null, "name:el": null, "name:en": null }, "geometry": { "type": "MultiPolygon", "coordinates": [ [ [ [ 22.926854, 40.690034 ], [ 22.927248, 40.690025 ], [ 22.927254, 40.689996 ], [ 22.926988, 40.68984 ], [ 22.926894, 40.689875 ], [ 22.926854, 40.690034 ] ] ] ] } },
{ "type": "Feature", "properties": { "fclass": "water", "name": null, "name:el": null, "name:en": null }, "geometry": { "type": "MultiPolygon", "coordinates": [ [ [ [ 22.927309, 40.69034 ], [ 22.927302, 40.690257 ], [ 22.927267, 40.690348 ], [ 22.927309, 40.69034 ] ] ] ] } },
{ "type": "Feature", "properties": { "fclass": "water", "name": null, "name:el": null, "name:en": null }, "geometry": { "type": "MultiPolygon", "coordinates": [ [ [ [ 22.932847, 40.690815 ], [ 22.933184, 40.690968 ], [ 22.9349, 40.69122 ], [ 22.934922, 40.691308 ], [ 22.935016, 40.691151 ], [ 22.932847, 40.690815 ] ] ] ] } },
{ "type": "Feature", "properties": { "fclass": "riverbank", "name": "Δενδροπόταμος", "name:el": null, "name:en": null }, "geometry": { "type": "MultiPolygon", "coordinates": [ [ [ [ 22.943763, 40.688512 ], [ 22.944326, 40.689085 ], [ 22.944605, 40.689596 ], [ 22.944985, 40.689901 ], [ 22.945299, 40.690355 ], [ 22.944864, 40.690952 ], [ 22.944933, 40.691045 ], [ 22.94537, 40.690495 ], [ 22.945402, 40.690281 ], [ 22.946156, 40.690254 ], [ 22.946465, 40.690433 ], [ 22.946446, 40.690688 ], [ 22.946115, 40.691022 ], [ 22.946269, 40.691749 ], [ 22.946369, 40.691838 ], [ 22.946896, 40.691776 ], [ 22.947818, 40.691359 ], [ 22.94849, 40.691325 ], [ 22.948631, 40.691473 ], [ 22.948431, 40.69199 ], [ 22.948486, 40.692155 ], [ 22.949276, 40.692689 ], [ 22.948881, 40.693099 ], [ 22.948872, 40.693409 ], [ 22.949249, 40.693822 ], [ 22.949472, 40.693925 ], [ 22.94983, 40.693873 ], [ 22.950153, 40.693701 ], [ 22.950512, 40.693353 ], [ 22.950993, 40.693281 ], [ 22.951756, 40.693667 ], [ 22.951979, 40.694504 ], [ 22.952094, 40.694497 ], [ 22.952083, 40.694018 ], [ 22.952946, 40.694366 ], [ 22.953487, 40.694469 ], [ 22.9542, 40.694552 ], [ 22.954831, 40.6945 ], [ 22.955495, 40.694703 ], [ 22.956567, 40.694852 ], [ 22.957321, 40.694748 ], [ 22.95772, 40.694597 ], [ 22.958106, 40.694611 ], [ 22.958393, 40.694728 ], [ 22.958552, 40.694652 ], [ 22.95841, 40.694498 ], [ 22.95765, 40.69446 ], [ 22.95682, 40.694743 ], [ 22.956529, 40.694733 ], [ 22.955787, 40.694609 ], [ 22.95523, 40.694344 ], [ 22.954907, 40.694272 ], [ 22.954742, 40.694272 ], [ 22.954723, 40.694349 ], [ 22.95452, 40.694388 ], [ 22.954273, 40.694383 ], [ 22.954052, 40.694282 ], [ 22.953158, 40.694143 ], [ 22.952056, 40.693729 ], [ 22.951189, 40.693178 ], [ 22.950975, 40.693143 ], [ 22.950403, 40.693216 ], [ 22.950151, 40.693554 ], [ 22.949862, 40.693705 ], [ 22.949453, 40.69375 ], [ 22.94909, 40.693429 ], [ 22.949049, 40.693285 ], [ 22.94909, 40.69315 ], [ 22.949499, 40.692796 ], [ 22.949481, 40.692672 ], [ 22.949381, 40.692517 ], [ 22.948813, 40.69222 ], [ 22.948713, 40.692076 ], [ 22.948686, 40.691873 ], [ 22.948845, 40.691487 ], [ 22.948513, 40.691222 ], [ 22.948341, 40.691191 ], [ 22.947677, 40.69128 ], [ 22.946828, 40.69169 ], [ 22.946458, 40.691688 ], [ 22.946301, 40.691442 ], [ 22.946344, 40.691092 ], [ 22.946614, 40.690671 ], [ 22.946619, 40.690319 ], [ 22.946333, 40.690175 ], [ 22.945456, 40.690119 ], [ 22.945256, 40.690016 ], [ 22.943854, 40.688478 ], [ 22.943763, 40.688512 ] ] ] ] } },
{ "type": "Feature", "properties": { "fclass": "water", "name": null, "name:el": null, "name:en": null }, "geometry": { "type": "MultiPolygon", "coordinates": [ [ [ [ 22.926656, 40.694471 ], [ 22.927212, 40.693802 ], [ 22.927688, 40.69292 ], [ 22.927632, 40.691665 ], [ 22.927481, 40.691056 ], [ 22.927653, 40.691027 ], [ 22.927309, 40.69034 ], [ 22.927243, 40.69035 ], [ 22.92746, 40.690749 ], [ 22.927356, 40.690987 ], [ 22.927612, 40.691821 ], [ 22.927636, 40.69285 ], [ 22.927198, 40.693716 ], [ 22.926632, 40.694252 ], [ 22.926584, 40.6944 ], [ 22.926656, 40.694471 ] ] ] ] } },
{ "type": "Feature", "properties": { "fclass": "water", "name": null, "name:el": null, "name:en": null }, "geometry": { "type": "MultiPolygon", "coordinates": [ [ [ [ 22.919759, 40.692742 ], [ 22.919814, 40.69282 ], [ 22.919842, 40.69276 ], [ 22.919759, 40.692742 ] ] ] ] } },
{ "type": "Feature", "properties": { "fclass": "water", "name": null, "name:el": null, "name:en": null }, "geometry": { "type": "MultiPolygon", "coordinates": [ [ [ [ 22.919414, 40.692819 ], [ 22.919693, 40.69282 ], [ 22.919694, 40.692738 ], [ 22.919412, 40.692743 ], [ 22.919414, 40.692819 ] ] ] ] } },
{ "type": "Feature", "properties": { "fclass": "riverbank", "name": null, "name:el": null, "name:en": null }, "geometry": { "type": "MultiPolygon", "coordinates": [ [ [ [ 22.903806, 40.695606 ], [ 22.904374, 40.695193 ], [ 22.904597, 40.695156 ], [ 22.905343, 40.694602 ], [ 22.90692, 40.693097 ], [ 22.909228, 40.692018 ], [ 22.909867, 40.691908 ], [ 22.91019, 40.691744 ], [ 22.91059, 40.691097 ], [ 22.910944, 40.690957 ], [ 22.911521, 40.690863 ], [ 22.913163, 40.690037 ], [ 22.9131, 40.689977 ], [ 22.911436, 40.690717 ], [ 22.910905, 40.690817 ], [ 22.910444, 40.690998 ], [ 22.910182, 40.691523 ], [ 22.909897, 40.691773 ], [ 22.909053, 40.691994 ], [ 22.908313, 40.692281 ], [ 22.906897, 40.692998 ], [ 22.905459, 40.694363 ], [ 22.903876, 40.695447 ], [ 22.903806, 40.695606 ] ] ] ] } },
{ "type": "Feature", "properties": { "fclass": "water", "name": null, "name:el": null, "name:en": null }, "geometry": { "type": "MultiPolygon", "coordinates": [ [ [ [ 22.926647, 40.695066 ], [ 22.92674, 40.695066 ], [ 22.926778, 40.694878 ], [ 22.926749, 40.694384 ], [ 22.927231, 40.694021 ], [ 22.927763, 40.692943 ], [ 22.927662, 40.691458 ], [ 22.927532, 40.691024 ], [ 22.927688, 40.69292 ], [ 22.926993, 40.69412 ], [ 22.926712, 40.694336 ], [ 22.926647, 40.695066 ] ] ] ] } },
{ "type": "Feature", "properties": { "fclass": "riverbank", "name": null, "name:el": null, "name:en": null }, "geometry": { "type": "MultiPolygon", "coordinates": [ [ [ [ 22.941768, 40.694538 ], [ 22.941918, 40.694989 ], [ 22.942043, 40.694946 ], [ 22.941889, 40.694675 ], [ 22.941923, 40.694477 ], [ 22.942366, 40.693807 ], [ 22.942513, 40.693703 ], [ 22.943273, 40.693686 ], [ 22.943364, 40.693557 ], [ 22.94312, 40.693015 ], [ 22.943216, 40.692934 ], [ 22.94384, 40.692796 ], [ 22.94397, 40.692629 ], [ 22.944084, 40.692194 ], [ 22.944465, 40.691658 ], [ 22.944407, 40.691597 ], [ 22.943987, 40.692014 ], [ 22.943732, 40.69265 ], [ 22.943528, 40.692736 ], [ 22.942913, 40.692804 ], [ 22.942852, 40.692975 ], [ 22.943137, 40.693518 ], [ 22.942377, 40.693604 ], [ 22.942162, 40.693824 ], [ 22.941838, 40.694267 ], [ 22.941768, 40.694538 ] ] ] ] } },
{ "type": "Feature", "properties": { "fclass": "water", "name": null, "name:el": null, "name:en": null }, "geometry": { "type": "MultiPolygon", "coordinates": [ [ [ [ 22.919373, 40.693459 ], [ 22.920669, 40.693502 ], [ 22.920669, 40.693235 ], [ 22.920078, 40.693241 ], [ 22.91934, 40.6934 ], [ 22.919373, 40.693459 ] ] ] ] } },
{ "type": "Feature", "properties": { "fclass": "riverbank", "name": null, "name:el": null, "name:en": null }, "geometry": { "type": "MultiPolygon", "coordinates": [ [ [ [ 22.907768, 40.693991 ], [ 22.907813, 40.693953 ], [ 22.907192, 40.69297 ], [ 22.907144, 40.692993 ], [ 22.907768, 40.693991 ] ] ] ] } },
{ "type": "Feature", "properties": { "fclass": "water", "name": null, "name:el": null, "name:en": null }, "geometry": { "type": "MultiPolygon", "coordinates": [ [ [ [ 22.907781, 40.693688 ], [ 22.908136, 40.694016 ], [ 22.90857, 40.694178 ], [ 22.908686, 40.694099 ], [ 22.90846, 40.694037 ], [ 22.907788, 40.693581 ], [ 22.907781, 40.693688 ] ] ] ] } },
{ "type": "Feature", "properties": { "fclass": "riverbank", "name": null, "name:el": null, "name:en": null }, "geometry": { "type": "MultiPolygon", "coordinates": [ [ [ [ 22.915423, 40.695305 ], [ 22.916261, 40.694167 ], [ 22.916495, 40.693995 ], [ 22.916691, 40.693601 ], [ 22.916621, 40.693603 ], [ 22.916493, 40.693902 ], [ 22.91613, 40.694193 ], [ 22.915423, 40.695305 ] ] ] ] } },
{ "type": "Feature", "properties": { "fclass": "water", "name": null, "name:el": null, "name:en": null }, "geometry": { "type": "MultiPolygon", "coordinates": [ [ [ [ 22.907947, 40.694146 ], [ 22.908857, 40.695441 ], [ 22.908953, 40.695438 ], [ 22.908112, 40.694154 ], [ 22.907991, 40.694086 ], [ 22.907947, 40.694146 ] ] ] ] } },
{ "type": "Feature", "properties": { "fclass": "riverbank", "name": null, "name:el": null, "name:en": null }, "geometry": { "type": "MultiPolygon", "coordinates": [ [ [ [ 22.942615, 40.695981 ], [ 22.942717, 40.695977 ], [ 22.94269, 40.695842 ], [ 22.942583, 40.695883 ], [ 22.942615, 40.695981 ] ] ] ] } },
{ "type": "Feature", "properties": { "fclass": "riverbank", "name": null, "name:el": null, "name:en": null }, "geometry": { "type": "MultiPolygon", "coordinates": [ [ [ [ 22.902877, 40.696334 ], [ 22.903232, 40.696316 ], [ 22.903285, 40.696256 ], [ 22.902877, 40.696273 ], [ 22.902877, 40.696334 ] ] ] ] } },
{ "type": "Feature", "properties": { "fclass": "water", "name": null, "name:el": null, "name:en": null }, "geometry": { "type": "MultiPolygon", "coordinates": [ [ [ [ 22.907792, 40.696711 ], [ 22.907887, 40.697184 ], [ 22.90782, 40.697203 ], [ 22.908025, 40.697365 ], [ 22.908126, 40.697365 ], [ 22.908129, 40.697005 ], [ 22.90823, 40.696807 ], [ 22.908665, 40.696859 ], [ 22.908775, 40.697227 ], [ 22.908882, 40.69726 ], [ 22.909162, 40.696883 ], [ 22.908879, 40.696726 ], [ 22.9088, 40.696556 ], [ 22.908447, 40.696773 ], [ 22.908013, 40.696523 ], [ 22.907792, 40.696711 ] ] ] ] } },
{ "type": "Feature", "properties": { "fclass": "riverbank", "name": null, "name:el": null, "name:en": null }, "geometry": { "type": "MultiPolygon", "coordinates": [ [ [ [ 22.942784, 40.696809 ], [ 22.944233, 40.69834 ], [ 22.944381, 40.698274 ], [ 22.943452, 40.697372 ], [ 22.942957, 40.696776 ], [ 22.942753, 40.696236 ], [ 22.942623, 40.696227 ], [ 22.942573, 40.69641 ], [ 22.942784, 40.696809 ] ] ] ] } },
{ "type": "Feature", "properties": { "fclass": "water", "name": null, "name:el": null, "name:en": null }, "geometry": { "type": "MultiPolygon", "coordinates": [ [ [ [ 22.877726, 40.696925 ], [ 22.878078, 40.697044 ], [ 22.878151, 40.697183 ], [ 22.878564, 40.696844 ], [ 22.877726, 40.696925 ] ] ] ] } },
{ "type": "Feature", "properties": { "fclass": "water", "name": null, "name:el": null, "name:en": null }, "geometry": { "type": "MultiPolygon", "coordinates": [ [ [ [ 22.906992, 40.697414 ], [ 22.907369, 40.697251 ], [ 22.907857, 40.697226 ], [ 22.907171, 40.697201 ], [ 22.906978, 40.697345 ], [ 22.906992, 40.697414 ] ] ] ] } },
{ "type": "Feature", "properties": { "fclass": "water", "name": null, "name:el": null, "name:en": null }, "geometry": { "type": "MultiPolygon", "coordinates": [ [ [ [ 22.92285, 40.702343 ], [ 22.922967, 40.702043 ], [ 22.923346, 40.701781 ], [ 22.923728, 40.701289 ], [ 22.924973, 40.701307 ], [ 22.923978, 40.701264 ], [ 22.924231, 40.699922 ], [ 22.924341, 40.699566 ], [ 22.924707, 40.69919 ], [ 22.9248, 40.698582 ], [ 22.925036, 40.697911 ], [ 22.925508, 40.697684 ], [ 22.925662, 40.697409 ], [ 22.926101, 40.697109 ], [ 22.926217, 40.697187 ], [ 22.926393, 40.698707 ], [ 22.926451, 40.698698 ], [ 22.92638, 40.696741 ], [ 22.926487, 40.695767 ], [ 22.926304, 40.69577 ], [ 22.926194, 40.696766 ], [ 22.925013, 40.697871 ], [ 22.924687, 40.698587 ], [ 22.924574, 40.69917 ], [ 22.924204, 40.699551 ], [ 22.924189, 40.699818 ], [ 22.923925, 40.70032 ], [ 22.923615, 40.701271 ], [ 22.923236, 40.701763 ], [ 22.922957, 40.701988 ], [ 22.92285, 40.702343 ] ] ] ] } },
{ "type": "Feature", "properties": { "fclass": "riverbank", "name": null, "name:el": null, "name:en": null }, "geometry": { "type": "MultiPolygon", "coordinates": [ [ [ [ 22.952372, 40.695497 ], [ 22.952553, 40.695865 ], [ 22.952471, 40.696196 ], [ 22.952749, 40.696585 ], [ 22.952941, 40.697075 ], [ 22.953293, 40.697361 ], [ 22.954121, 40.697434 ], [ 22.954923, 40.698098 ], [ 22.95464, 40.698376 ], [ 22.954889, 40.698756 ], [ 22.954971, 40.699321 ], [ 22.954793, 40.700112 ], [ 22.954606, 40.700314 ], [ 22.954745, 40.701232 ], [ 22.954696, 40.701454 ], [ 22.954246, 40.702582 ], [ 22.953645, 40.702896 ], [ 22.953565, 40.703021 ], [ 22.953701, 40.703612 ], [ 22.954115, 40.7039 ], [ 22.954121, 40.704029 ], [ 22.953656, 40.704845 ], [ 22.953738, 40.705991 ], [ 22.953604, 40.706284 ], [ 22.953789, 40.70652 ], [ 22.953883, 40.706186 ], [ 22.954497, 40.706484 ], [ 22.954311, 40.706225 ], [ 22.953888, 40.705978 ], [ 22.953749, 40.704966 ], [ 22.954039, 40.704312 ], [ 22.954299, 40.704091 ], [ 22.954328, 40.703973 ], [ 22.954178, 40.703788 ], [ 22.953783, 40.703592 ], [ 22.953636, 40.703115 ], [ 22.953679, 40.702993 ], [ 22.954265, 40.702715 ], [ 22.954844, 40.701312 ], [ 22.954711, 40.700396 ], [ 22.954909, 40.70017 ], [ 22.955107, 40.69921 ], [ 22.95502, 40.698715 ], [ 22.954804, 40.698576 ], [ 22.95475, 40.698393 ], [ 22.955017, 40.698277 ], [ 22.955096, 40.698118 ], [ 22.955022, 40.697959 ], [ 22.954413, 40.697417 ], [ 22.954237, 40.697329 ], [ 22.953367, 40.697258 ], [ 22.953157, 40.697133 ], [ 22.952692, 40.696203 ], [ 22.952802, 40.695777 ], [ 22.9527, 40.695388 ], [ 22.952372, 40.695497 ] ] ] ] } },
{ "type": "Feature", "properties": { "fclass": "riverbank", "name": null, "name:el": null, "name:en": null }, "geometry": { "type": "MultiPolygon", "coordinates": [ [ [ [ 22.890408, 40.704622 ], [ 22.891313, 40.703463 ], [ 22.891772, 40.703084 ], [ 22.892528, 40.70291 ], [ 22.892941, 40.702971 ], [ 22.894013, 40.70235 ], [ 22.898596, 40.698864 ], [ 22.898713, 40.698589 ], [ 22.894173, 40.702037 ], [ 22.892843, 40.702875 ], [ 22.892313, 40.702825 ], [ 22.891864, 40.702885 ], [ 22.89125, 40.703222 ], [ 22.890332, 40.704546 ], [ 22.890408, 40.704622 ] ] ] ] } },
{ "type": "Feature", "properties": { "fclass": "water", "name": null, "name:el": null, "name:en": null }, "geometry": { "type": "MultiPolygon", "coordinates": [ [ [ [ 22.906441, 40.702365 ], [ 22.907581, 40.702385 ], [ 22.908383, 40.702249 ], [ 22.906441, 40.702365 ] ] ] ] } },
{ "type": "Feature", "properties": { "fclass": "water", "name": null, "name:el": null, "name:en": null }, "geometry": { "type": "MultiPolygon", "coordinates": [ [ [ [ 22.891832, 40.70275 ], [ 22.892313, 40.702825 ], [ 22.892482, 40.702841 ], [ 22.892187, 40.702726 ], [ 22.891832, 40.70275 ] ] ] ] } },
{ "type": "Feature", "properties": { "fclass": "water", "name": null, "name:el": null, "name:en": null }, "geometry": { "type": "MultiPolygon", "coordinates": [ [ [ [ 22.898697, 40.708569 ], [ 22.898836, 40.709005 ], [ 22.898886, 40.710174 ], [ 22.898754, 40.710927 ], [ 22.898927, 40.711643 ], [ 22.899485, 40.71293 ], [ 22.899583, 40.713348 ], [ 22.899805, 40.713712 ], [ 22.90079, 40.714392 ], [ 22.901385, 40.715541 ], [ 22.902663, 40.716956 ], [ 22.901299, 40.715232 ], [ 22.90103, 40.714564 ], [ 22.899891, 40.713654 ], [ 22.899756, 40.713372 ], [ 22.899508, 40.712303 ], [ 22.899181, 40.711829 ], [ 22.899111, 40.71156 ], [ 22.899037, 40.708894 ], [ 22.89882, 40.708364 ], [ 22.898955, 40.706225 ], [ 22.899124, 40.70585 ], [ 22.899148, 40.705216 ], [ 22.899378, 40.704786 ], [ 22.899854, 40.704423 ], [ 22.899932, 40.703898 ], [ 22.899737, 40.702911 ], [ 22.898861, 40.700829 ], [ 22.898894, 40.698651 ], [ 22.902325, 40.696563 ], [ 22.902302, 40.696356 ], [ 22.898713, 40.698589 ], [ 22.898705, 40.700848 ], [ 22.899658, 40.702917 ], [ 22.899734, 40.703572 ], [ 22.899731, 40.70397 ], [ 22.899597, 40.704338 ], [ 22.899115, 40.704842 ], [ 22.898943, 40.705278 ], [ 22.898746, 40.706336 ], [ 22.898697, 40.708569 ] ] ] ] } },
{ "type": "Feature", "properties": { "fclass": "water", "name": "Λίμνη Ωραιοκάστρου", "name:el": null, "name:en": null }, "geometry": { "type": "MultiPolygon", "coordinates": [ [ [ [ 22.930261, 40.727998 ], [ 22.930497, 40.728234 ], [ 22.93065, 40.728551 ], [ 22.930773, 40.729242 ], [ 22.930725, 40.729507 ], [ 22.930921, 40.729702 ], [ 22.930875, 40.729555 ], [ 22.931063, 40.729405 ], [ 22.931133, 40.729226 ], [ 22.93095, 40.728771 ], [ 22.931063, 40.728084 ], [ 22.930774, 40.727678 ], [ 22.930387, 40.727783 ], [ 22.930261, 40.727998 ] ] ] ] } },
{ "type": "Feature", "properties": { "fclass": "water", "name": null, "name:el": null, "name:en": null }, "geometry": { "type": "MultiPolygon", "coordinates": [ [ [ [ 22.931079, 40.7301 ], [ 22.931329, 40.730714 ], [ 22.931299, 40.730958 ], [ 22.931369, 40.730649 ], [ 22.93127, 40.730027 ], [ 22.931079, 40.7301 ] ] ] ] } },
{ "type": "Feature", "properties": { "fclass": "riverbank", "name": null, "name:el": null, "name:en": null }, "geometry": { "type": "MultiPolygon", "coordinates": [ [ [ [ 22.961909, 40.672053 ], [ 22.962437, 40.671816 ], [ 22.96288, 40.671766 ], [ 22.963474, 40.67203 ], [ 22.964262, 40.672188 ], [ 22.965182, 40.672312 ], [ 22.965985, 40.672248 ], [ 22.966381, 40.672325 ], [ 22.966944, 40.672189 ], [ 22.967585, 40.672325 ], [ 22.968281, 40.672335 ], [ 22.968526, 40.672494 ], [ 22.968916, 40.672607 ], [ 22.969647, 40.672348 ], [ 22.970013, 40.672039 ], [ 22.970942, 40.671875 ], [ 22.971293, 40.671853 ], [ 22.971353, 40.671921 ], [ 22.97144, 40.671863 ], [ 22.971259, 40.671744 ], [ 22.970223, 40.671812 ], [ 22.969378, 40.672262 ], [ 22.968928, 40.672407 ], [ 22.968616, 40.672166 ], [ 22.967621, 40.672194 ], [ 22.967316, 40.672066 ], [ 22.966381, 40.672162 ], [ 22.965775, 40.672075 ], [ 22.965332, 40.672203 ], [ 22.963702, 40.672025 ], [ 22.962847, 40.671623 ], [ 22.961856, 40.67193 ], [ 22.961909, 40.672053 ] ] ] ] } },
{ "type": "Feature", "properties": { "fclass": "water", "name": null, "name:el": null, "name:en": null }, "geometry": { "type": "MultiPolygon", "coordinates": [ [ [ [ 22.960931, 40.674002 ], [ 22.962388, 40.674042 ], [ 22.963342, 40.674298 ], [ 22.964321, 40.675578 ], [ 22.964635, 40.675722 ], [ 22.965653, 40.675745 ], [ 22.965769, 40.675519 ], [ 22.966231, 40.675536 ], [ 22.967355, 40.675256 ], [ 22.968745, 40.675726 ], [ 22.970785, 40.676708 ], [ 22.972352, 40.676864 ], [ 22.973495, 40.676899 ], [ 22.97487, 40.677154 ], [ 22.974311, 40.676915 ], [ 22.973554, 40.676762 ], [ 22.971344, 40.676654 ], [ 22.973832, 40.675879 ], [ 22.974, 40.675707 ], [ 22.971125, 40.676593 ], [ 22.970751, 40.676529 ], [ 22.968574, 40.675417 ], [ 22.967767, 40.675136 ], [ 22.967384, 40.675076 ], [ 22.96617, 40.675401 ], [ 22.965742, 40.67539 ], [ 22.965364, 40.675563 ], [ 22.964669, 40.675612 ], [ 22.964465, 40.675532 ], [ 22.963602, 40.674355 ], [ 22.963337, 40.674236 ], [ 22.962412, 40.674005 ], [ 22.960968, 40.673956 ], [ 22.960931, 40.674002 ] ] ] ] } },
{ "type": "Feature", "properties": { "fclass": "water", "name": null, "name:el": null, "name:en": null }, "geometry": { "type": "MultiPolygon", "coordinates": [ [ [ [ 22.9627, 40.677987 ], [ 22.963429, 40.678339 ], [ 22.964738, 40.678769 ], [ 22.965731, 40.678859 ], [ 22.966068, 40.678968 ], [ 22.96665, 40.67928 ], [ 22.967205, 40.679412 ], [ 22.968632, 40.68005 ], [ 22.967006, 40.679178 ], [ 22.965756, 40.678777 ], [ 22.964809, 40.678684 ], [ 22.962965, 40.678004 ], [ 22.9627, 40.677987 ] ] ] ] } },
{ "type": "Feature", "properties": { "fclass": "water", "name": null, "name:el": null, "name:en": null }, "geometry": { "type": "MultiPolygon", "coordinates": [ [ [ [ 23.091053, 40.680842 ], [ 23.091417, 40.680841 ], [ 23.09142, 40.680197 ], [ 23.091086, 40.680201 ], [ 23.091053, 40.680842 ] ] ] ] } },
{ "type": "Feature", "properties": { "fclass": "riverbank", "name": null, "name:el": null, "name:en": null }, "geometry": { "type": "MultiPolygon", "coordinates": [ [ [ [ 22.956498, 40.685975 ], [ 22.957173, 40.686252 ], [ 22.958046, 40.68641 ], [ 22.957848, 40.686244 ], [ 22.956945, 40.686044 ], [ 22.956547, 40.685874 ], [ 22.956498, 40.685975 ] ] ] ] } },
{ "type": "Feature", "properties": { "fclass": "riverbank", "name": null, "name:el": null, "name:en": null }, "geometry": { "type": "MultiPolygon", "coordinates": [ [ [ [ 22.959376, 40.686664 ], [ 22.95969, 40.686591 ], [ 22.960183, 40.686345 ], [ 22.960533, 40.686395 ], [ 22.960916, 40.686666 ], [ 22.960812, 40.686425 ], [ 22.960637, 40.686277 ], [ 22.960219, 40.686207 ], [ 22.959902, 40.686251 ], [ 22.959619, 40.686468 ], [ 22.95935, 40.68656 ], [ 22.959376, 40.686664 ] ] ] ] } },
{ "type": "Feature", "properties": { "fclass": "water", "name": null, "name:el": null, "name:en": null }, "geometry": { "type": "MultiPolygon", "coordinates": [ [ [ [ 23.05529, 40.826851 ], [ 23.055417, 40.826969 ], [ 23.055823, 40.82689 ], [ 23.055907, 40.826774 ], [ 23.055689, 40.826691 ], [ 23.055906, 40.826475 ], [ 23.055847, 40.826399 ], [ 23.055961, 40.826269 ], [ 23.055584, 40.826276 ], [ 23.05532, 40.826642 ], [ 23.05529, 40.826851 ] ] ] ] } },
{ "type": "Feature", "properties": { "fclass": "water", "name": null, "name:el": null, "name:en": null }, "geometry": { "type": "MultiPolygon", "coordinates": [ [ [ [ 23.080685, 40.843386 ], [ 23.081838, 40.84336 ], [ 23.081993, 40.843304 ], [ 23.082151, 40.84274 ], [ 23.081862, 40.842687 ], [ 23.08125, 40.842792 ], [ 23.080758, 40.842701 ], [ 23.080652, 40.842794 ], [ 23.080685, 40.843386 ] ] ] ] } },
{ "type": "Feature", "properties": { "fclass": "water", "name": null, "name:el": null, "name:en": null }, "geometry": { "type": "MultiPolygon", "coordinates": [ [ [ [ 23.078427, 40.843437 ], [ 23.078475, 40.843358 ], [ 23.078323, 40.843305 ], [ 23.078275, 40.843384 ], [ 23.078427, 40.843437 ] ] ] ] } },
{ "type": "Feature", "properties": { "fclass": "water", "name": null, "name:el": null, "name:en": null }, "geometry": { "type": "MultiPolygon", "coordinates": [ [ [ [ 23.078464, 40.843479 ], [ 23.078549, 40.843514 ], [ 23.07859, 40.843446 ], [ 23.078517, 40.843416 ], [ 23.078464, 40.843479 ] ] ] ] } },
{ "type": "Feature", "properties": { "fclass": "water", "name": null, "name:el": null, "name:en": null }, "geometry": { "type": "MultiPolygon", "coordinates": [ [ [ [ 22.925162, 40.73518 ], [ 22.925332, 40.735117 ], [ 22.925709, 40.735147 ], [ 22.926083, 40.73481 ], [ 22.925844, 40.73469 ], [ 22.925721, 40.734952 ], [ 22.925273, 40.735048 ], [ 22.925146, 40.735111 ], [ 22.925162, 40.73518 ] ] ] ] } },
{ "type": "Feature", "properties": { "fclass": "water", "name": null, "name:el": null, "name:en": null }, "geometry": { "type": "MultiPolygon", "coordinates": [ [ [ [ 22.877894, 40.748449 ], [ 22.878178, 40.748491 ], [ 22.879031, 40.748388 ], [ 22.879161, 40.748294 ], [ 22.879105, 40.748215 ], [ 22.87874, 40.748161 ], [ 22.878283, 40.747948 ], [ 22.878009, 40.748061 ], [ 22.877851, 40.748274 ], [ 22.877894, 40.748449 ] ] ] ] } },
{ "type": "Feature", "properties": { "fclass": "water", "name": null, "name:el": null, "name:en": null }, "geometry": { "type": "MultiPolygon", "coordinates": [ [ [ [ 22.949399, 40.760348 ], [ 22.949422, 40.760391 ], [ 22.94944, 40.76036 ], [ 22.949399, 40.760348 ] ] ] ] } },
{ "type": "Feature", "properties": { "fclass": "water", "name": null, "name:el": null, "name:en": null }, "geometry": { "type": "MultiPolygon", "coordinates": [ [ [ [ 22.949275, 40.761493 ], [ 22.949341, 40.761564 ], [ 22.949415, 40.761537 ], [ 22.949335, 40.761424 ], [ 22.949275, 40.761493 ] ] ] ] } },
{ "type": "Feature", "properties": { "fclass": "water", "name": null, "name:el": null, "name:en": null }, "geometry": { "type": "MultiPolygon", "coordinates": [ [ [ [ 23.077769, 40.843487 ], [ 23.077942, 40.843566 ], [ 23.078033, 40.843438 ], [ 23.077854, 40.843372 ], [ 23.077769, 40.843487 ] ] ] ] } },
{ "type": "Feature", "properties": { "fclass": "water", "name": null, "name:el": null, "name:en": null }, "geometry": { "type": "MultiPolygon", "coordinates": [ [ [ [ 23.078071, 40.843592 ], [ 23.078243, 40.843672 ], [ 23.078334, 40.843543 ], [ 23.078155, 40.843477 ], [ 23.078071, 40.843592 ] ] ] ] } },
{ "type": "Feature", "properties": { "fclass": "water", "name": null, "name:el": null, "name:en": null }, "geometry": { "type": "MultiPolygon", "coordinates": [ [ [ [ 23.077616, 40.843696 ], [ 23.077788, 40.843776 ], [ 23.077879, 40.843647 ], [ 23.0777, 40.843581 ], [ 23.077616, 40.843696 ] ] ] ] } },
{ "type": "Feature", "properties": { "fclass": "water", "name": null, "name:el": null, "name:en": null }, "geometry": { "type": "MultiPolygon", "coordinates": [ [ [ [ 23.077915, 40.843806 ], [ 23.078087, 40.843886 ], [ 23.078178, 40.843757 ], [ 23.077999, 40.843691 ], [ 23.077915, 40.843806 ] ] ] ] } },
{ "type": "Feature", "properties": { "fclass": "water", "name": null, "name:el": null, "name:en": null }, "geometry": { "type": "MultiPolygon", "coordinates": [ [ [ [ 22.965495, 40.84346 ], [ 22.965749, 40.843587 ], [ 22.966783, 40.843525 ], [ 22.967396, 40.843096 ], [ 22.967605, 40.843043 ], [ 22.967909, 40.843136 ], [ 22.96821, 40.843566 ], [ 22.968387, 40.843594 ], [ 22.968389, 40.843331 ], [ 22.967933, 40.842637 ], [ 22.967496, 40.842446 ], [ 22.967005, 40.842402 ], [ 22.966634, 40.842503 ], [ 22.96642, 40.842694 ], [ 22.966334, 40.8431 ], [ 22.965481, 40.843181 ], [ 22.965363, 40.843274 ], [ 22.965495, 40.84346 ] ] ] ] } },
{ "type": "Feature", "properties": { "fclass": "water", "name": null, "name:el": null, "name:en": null }, "geometry": { "type": "MultiPolygon", "coordinates": [ [ [ [ 23.021281, 40.863358 ], [ 23.02233, 40.863948 ], [ 23.022387, 40.863888 ], [ 23.022239, 40.863676 ], [ 23.021779, 40.863328 ], [ 23.021713, 40.86316 ], [ 23.021557, 40.863157 ], [ 23.021281, 40.863358 ] ] ] ] } },
{ "type": "Feature", "properties": { "fclass": "water", "name": null, "name:el": null, "name:en": null }, "geometry": { "type": "MultiPolygon", "coordinates": [ [ [ [ 23.03619, 40.899158 ], [ 23.036354, 40.899319 ], [ 23.036481, 40.899336 ], [ 23.037021, 40.899019 ], [ 23.03722, 40.899003 ], [ 23.037448, 40.899099 ], [ 23.037568, 40.898986 ], [ 23.037256, 40.898831 ], [ 23.036766, 40.898815 ], [ 23.03619, 40.899158 ] ] ] ] } },
{ "type": "Feature", "properties": { "fclass": "water", "name": null, "name:el": null, "name:en": null }, "geometry": { "type": "MultiPolygon", "coordinates": [ [ [ [ 23.179284, 40.835363 ], [ 23.179478, 40.835484 ], [ 23.179857, 40.835097 ], [ 23.180371, 40.83485 ], [ 23.180707, 40.834911 ], [ 23.180966, 40.834871 ], [ 23.180969, 40.83464 ], [ 23.180553, 40.834554 ], [ 23.180313, 40.834594 ], [ 23.179293, 40.83519 ], [ 23.179284, 40.835363 ] ] ] ] } },
{ "type": "Feature", "properties": { "fclass": "reservoir", "name": null, "name:el": null, "name:en": null }, "geometry": { "type": "MultiPolygon", "coordinates": [ [ [ [ 23.209976, 40.850731 ], [ 23.210186, 40.850748 ], [ 23.210339, 40.850419 ], [ 23.210289, 40.850296 ], [ 23.209976, 40.850731 ] ] ] ] } },
{ "type": "Feature", "properties": { "fclass": "water", "name": null, "name:el": null, "name:en": null }, "geometry": { "type": "MultiPolygon", "coordinates": [ [ [ [ 23.192743, 40.882344 ], [ 23.193293, 40.882339 ], [ 23.193445, 40.882034 ], [ 23.193944, 40.881798 ], [ 23.19285, 40.881869 ], [ 23.19274, 40.881957 ], [ 23.192743, 40.882344 ] ] ] ] } },
{ "type": "Feature", "properties": { "fclass": "water", "name": null, "name:el": null, "name:en": null }, "geometry": { "type": "MultiPolygon", "coordinates": [ [ [ [ 23.196716, 40.887308 ], [ 23.196813, 40.887157 ], [ 23.196385, 40.886933 ], [ 23.196187, 40.886956 ], [ 23.196093, 40.887383 ], [ 23.196716, 40.887308 ] ] ] ] } },
{ "type": "Feature", "properties": { "fclass": "water", "name": null, "name:el": null, "name:en": null }, "geometry": { "type": "MultiPolygon", "coordinates": [ [ [ [ 23.175183, 40.914483 ], [ 23.175636, 40.914708 ], [ 23.175838, 40.914754 ], [ 23.175932, 40.914708 ], [ 23.175874, 40.914602 ], [ 23.175369, 40.914348 ], [ 23.175196, 40.914384 ], [ 23.175183, 40.914483 ] ] ] ] } },
{ "type": "Feature", "properties": { "fclass": "water", "name": null, "name:el": null, "name:en": null }, "geometry": { "type": "MultiPolygon", "coordinates": [ [ [ [ 23.174668, 40.914676 ], [ 23.176358, 40.915246 ], [ 23.176471, 40.915188 ], [ 23.174955, 40.914526 ], [ 23.174728, 40.914559 ], [ 23.174668, 40.914676 ] ] ] ] } },
{ "type": "Feature", "properties": { "fclass": "water", "name": null, "name:el": null, "name:en": null }, "geometry": { "type": "MultiPolygon", "coordinates": [ [ [ [ 23.184, 40.915916 ], [ 23.184296, 40.916454 ], [ 23.18449, 40.916494 ], [ 23.185494, 40.916296 ], [ 23.185408, 40.916198 ], [ 23.184475, 40.916023 ], [ 23.184296, 40.915888 ], [ 23.184, 40.915916 ] ] ] ] } },
{ "type": "Feature", "properties": { "fclass": "water", "name": null, "name:el": null, "name:en": null }, "geometry": { "type": "MultiPolygon", "coordinates": [ [ [ [ 23.118198, 40.916701 ], [ 23.118224, 40.916847 ], [ 23.118438, 40.916924 ], [ 23.118571, 40.916894 ], [ 23.1186, 40.916819 ], [ 23.118355, 40.916811 ], [ 23.118597, 40.916711 ], [ 23.11866, 40.916608 ], [ 23.118198, 40.916701 ] ] ] ] } },
{ "type": "Feature", "properties": { "fclass": "water", "name": null, "name:el": null, "name:en": null }, "geometry": { "type": "MultiPolygon", "coordinates": [ [ [ [ 23.117622, 40.916902 ], [ 23.117864, 40.917095 ], [ 23.118094, 40.917097 ], [ 23.117697, 40.916821 ], [ 23.117622, 40.916902 ] ] ] ] } },
{ "type": "Feature", "properties": { "fclass": "water", "name": null, "name:el": null, "name:en": null }, "geometry": { "type": "MultiPolygon", "coordinates": [ [ [ [ 23.10408, 40.921398 ], [ 23.104238, 40.921503 ], [ 23.104482, 40.921392 ], [ 23.104448, 40.92122 ], [ 23.104107, 40.921212 ], [ 23.10408, 40.921398 ] ] ] ] } },
{ "type": "Feature", "properties": { "fclass": "water", "name": "Λίμνη Πικρολίμνη", "name:el": null, "name:en": null }, "geometry": { "type": "MultiPolygon", "coordinates": [ [ [ [ 22.817818, 40.823199 ], [ 22.8149, 40.82216 ], [ 22.813698, 40.822939 ], [ 22.812016, 40.823257 ], [ 22.814841, 40.823266 ], [ 22.817992, 40.823461 ], [ 22.817818, 40.823199 ] ] ], [ [ [ 22.811317, 40.823255 ], [ 22.809778, 40.822903 ], [ 22.809757, 40.823251 ], [ 22.811317, 40.823255 ] ] ] ] } },
{ "type": "Feature", "properties": { "fclass": "water", "name": null, "name:el": null, "name:en": null }, "geometry": { "type": "MultiPolygon", "coordinates": [ [ [ [ 23.03928, 40.899497 ], [ 23.039515, 40.899583 ], [ 23.039629, 40.899523 ], [ 23.039614, 40.899438 ], [ 23.039451, 40.899352 ], [ 23.03928, 40.899497 ] ] ] ] } },
{ "type": "Feature", "properties": { "fclass": "water", "name": null, "name:el": null, "name:en": null }, "geometry": { "type": "MultiPolygon", "coordinates": [ [ [ [ 23.030763, 40.921871 ], [ 23.031317, 40.922391 ], [ 23.031623, 40.922478 ], [ 23.031604, 40.922376 ], [ 23.031307, 40.922232 ], [ 23.031078, 40.921979 ], [ 23.031078, 40.921857 ], [ 23.030763, 40.921784 ], [ 23.030763, 40.921871 ] ] ] ] } },
{ "type": "Feature", "properties": { "fclass": "water", "name": null, "name:el": null, "name:en": null }, "geometry": { "type": "MultiPolygon", "coordinates": [ [ [ [ 23.043744, 40.925204 ], [ 23.043882, 40.925632 ], [ 23.043995, 40.925693 ], [ 23.044101, 40.925344 ], [ 23.044166, 40.925406 ], [ 23.044692, 40.92543 ], [ 23.044887, 40.925283 ], [ 23.044628, 40.925338 ], [ 23.044174, 40.925167 ], [ 23.043842, 40.925136 ], [ 23.043744, 40.925204 ] ] ] ] } },
{ "type": "Feature", "properties": { "fclass": "water", "name": null, "name:el": null, "name:en": null }, "geometry": { "type": "MultiPolygon", "coordinates": [ [ [ [ 23.029472, 40.925778 ], [ 23.029912, 40.925901 ], [ 23.02995, 40.926031 ], [ 23.03039, 40.926197 ], [ 23.03017, 40.926052 ], [ 23.029998, 40.925763 ], [ 23.02974, 40.925648 ], [ 23.029702, 40.925373 ], [ 23.029893, 40.925157 ], [ 23.029702, 40.925164 ], [ 23.029625, 40.925265 ], [ 23.029434, 40.925626 ], [ 23.029472, 40.925778 ] ] ] ] } },
{ "type": "Feature", "properties": { "fclass": "water", "name": null, "name:el": null, "name:en": null }, "geometry": { "type": "MultiPolygon", "coordinates": [ [ [ [ 23.048753, 40.926556 ], [ 23.049009, 40.9268 ], [ 23.049628, 40.92703 ], [ 23.049619, 40.926944 ], [ 23.049238, 40.926764 ], [ 23.04919, 40.926606 ], [ 23.048867, 40.92634 ], [ 23.048762, 40.926369 ], [ 23.048753, 40.926556 ] ] ] ] } },
{ "type": "Feature", "properties": { "fclass": "water", "name": null, "name:el": null, "name:en": null }, "geometry": { "type": "MultiPolygon", "coordinates": [ [ [ [ 23.062978, 40.927339 ], [ 23.063128, 40.927294 ], [ 23.063093, 40.927203 ], [ 23.062954, 40.927268 ], [ 23.062978, 40.927339 ] ] ] ] } },
{ "type": "Feature", "properties": { "fclass": "riverbank", "name": null, "name:el": null, "name:en": null }, "geometry": { "type": "MultiPolygon", "coordinates": [ [ [ [ 22.632067, 40.57378 ], [ 22.632615, 40.573538 ], [ 22.634912, 40.570987 ], [ 22.635019, 40.570745 ], [ 22.63474, 40.570189 ], [ 22.634424, 40.570553 ], [ 22.634728, 40.570707 ], [ 22.634587, 40.571 ], [ 22.632265, 40.573514 ], [ 22.631968, 40.573575 ], [ 22.631858, 40.57353 ], [ 22.631773, 40.573807 ], [ 22.632067, 40.57378 ] ] ] ] } },
{ "type": "Feature", "properties": { "fclass": "water", "name": null, "name:el": null, "name:en": null }, "geometry": { "type": "MultiPolygon", "coordinates": [ [ [ [ 22.734342, 40.507116 ], [ 22.734444, 40.507259 ], [ 22.734355, 40.507351 ], [ 22.734374, 40.507537 ], [ 22.734543, 40.507641 ], [ 22.734511, 40.507743 ], [ 22.734623, 40.507851 ], [ 22.734559, 40.507904 ], [ 22.734731, 40.508246 ], [ 22.734956, 40.508291 ], [ 22.735106, 40.507955 ], [ 22.735238, 40.507914 ], [ 22.735085, 40.507329 ], [ 22.735451, 40.507298 ], [ 22.7355, 40.506847 ], [ 22.734742, 40.50649 ], [ 22.734342, 40.507116 ] ] ], [ [ [ 22.736369, 40.507808 ], [ 22.736152, 40.508075 ], [ 22.736134, 40.508199 ], [ 22.736527, 40.508111 ], [ 22.736369, 40.507808 ] ] ] ] } },
{ "type": "Feature", "properties": { "fclass": "water", "name": null, "name:el": null, "name:en": null }, "geometry": { "type": "MultiPolygon", "coordinates": [ [ [ [ 22.732796, 40.507674 ], [ 22.73299, 40.507681 ], [ 22.732809, 40.507587 ], [ 22.732796, 40.507674 ] ] ] ] } },
{ "type": "Feature", "properties": { "fclass": "wetland", "name": null, "name:el": null, "name:en": null }, "geometry": { "type": "MultiPolygon", "coordinates": [ [ [ [ 22.735448, 40.509324 ], [ 22.735884, 40.509462 ], [ 22.73649, 40.509477 ], [ 22.736556, 40.508583 ], [ 22.73634, 40.508593 ], [ 22.736043, 40.508809 ], [ 22.735717, 40.509247 ], [ 22.735448, 40.509324 ] ] ] ] } },
{ "type": "Feature", "properties": { "fclass": "water", "name": null, "name:el": null, "name:en": null }, "geometry": { "type": "MultiPolygon", "coordinates": [ [ [ [ 22.732593, 40.509169 ], [ 22.733001, 40.509258 ], [ 22.733258, 40.509176 ], [ 22.733736, 40.509216 ], [ 22.733656, 40.509019 ], [ 22.733561, 40.508993 ], [ 22.732963, 40.509035 ], [ 22.733175, 40.509123 ], [ 22.733095, 40.509195 ], [ 22.732572, 40.509106 ], [ 22.732593, 40.509169 ] ] ] ] } },
{ "type": "Feature", "properties": { "fclass": "water", "name": null, "name:el": null, "name:en": null }, "geometry": { "type": "MultiPolygon", "coordinates": [ [ [ [ 22.735044, 40.509746 ], [ 22.735431, 40.509821 ], [ 22.735813, 40.509661 ], [ 22.736472, 40.50972 ], [ 22.73649, 40.509477 ], [ 22.735884, 40.509462 ], [ 22.735448, 40.509324 ], [ 22.735251, 40.509512 ], [ 22.735563, 40.50953 ], [ 22.735619, 40.509617 ], [ 22.73528, 40.509715 ], [ 22.735107, 40.509678 ], [ 22.735044, 40.509746 ] ] ] ] } },
{ "type": "Feature", "properties": { "fclass": "wetland", "name": null, "name:el": null, "name:en": null }, "geometry": { "type": "MultiPolygon", "coordinates": [ [ [ [ 22.73516, 40.509708 ], [ 22.735514, 40.509664 ], [ 22.735619, 40.509568 ], [ 22.735251, 40.509512 ], [ 22.735131, 40.509607 ], [ 22.73516, 40.509708 ] ] ] ] } },
{ "type": "Feature", "properties": { "fclass": "riverbank", "name": null, "name:el": null, "name:en": null }, "geometry": { "type": "MultiPolygon", "coordinates": [ [ [ [ 22.723652, 40.536593 ], [ 22.72377, 40.537202 ], [ 22.724124, 40.537535 ], [ 22.7249, 40.537585 ], [ 22.72623, 40.537384 ], [ 22.726506, 40.537548 ], [ 22.726352, 40.539238 ], [ 22.726201, 40.539704 ], [ 22.726059, 40.541852 ], [ 22.725789, 40.543568 ], [ 22.725565, 40.544076 ], [ 22.725574, 40.545524 ], [ 22.725313, 40.547383 ], [ 22.725247, 40.547685 ], [ 22.724995, 40.547915 ], [ 22.724883, 40.548146 ], [ 22.725061, 40.548856 ], [ 22.72493, 40.549218 ], [ 22.724878, 40.550836 ], [ 22.724757, 40.551049 ], [ 22.724701, 40.55146 ], [ 22.724391, 40.555222 ], [ 22.7242, 40.555507 ], [ 22.723951, 40.556243 ], [ 22.723908, 40.557078 ], [ 22.724064, 40.557095 ], [ 22.724125, 40.556306 ], [ 22.724267, 40.555854 ], [ 22.724603, 40.555403 ], [ 22.724563, 40.554963 ], [ 22.724686, 40.554527 ], [ 22.724678, 40.553785 ], [ 22.725219, 40.550048 ], [ 22.725182, 40.549487 ], [ 22.725556, 40.547678 ], [ 22.725808, 40.545474 ], [ 22.725798, 40.544267 ], [ 22.725999, 40.543717 ], [ 22.726283, 40.541855 ], [ 22.726368, 40.540072 ], [ 22.726502, 40.539874 ], [ 22.726762, 40.537508 ], [ 22.726718, 40.537328 ], [ 22.726392, 40.537159 ], [ 22.725575, 40.537316 ], [ 22.72477, 40.537375 ], [ 22.724295, 40.537223 ], [ 22.724047, 40.536652 ], [ 22.724282, 40.535743 ], [ 22.72464, 40.535156 ], [ 22.72512, 40.534628 ], [ 22.726453, 40.533516 ], [ 22.727876, 40.532737 ], [ 22.728502, 40.532487 ], [ 22.72947, 40.532227 ], [ 22.730637, 40.532134 ], [ 22.730995, 40.53219 ], [ 22.731198, 40.532304 ], [ 22.731633, 40.532855 ], [ 22.732121, 40.534063 ], [ 22.732769, 40.534542 ], [ 22.733268, 40.534668 ], [ 22.734096, 40.534658 ], [ 22.734666, 40.534539 ], [ 22.735363, 40.534278 ], [ 22.736025, 40.533716 ], [ 22.736223, 40.533087 ], [ 22.73616, 40.531532 ], [ 22.735823, 40.530324 ], [ 22.735848, 40.528985 ], [ 22.736174, 40.528307 ], [ 22.736765, 40.527774 ], [ 22.737225, 40.527481 ], [ 22.736984, 40.527169 ], [ 22.736064, 40.527817 ], [ 22.735321, 40.528551 ], [ 22.735215, 40.529235 ], [ 22.73519, 40.530714 ], [ 22.735218, 40.53083 ], [ 22.735363, 40.53083 ], [ 22.735328, 40.530978 ], [ 22.735455, 40.53112 ], [ 22.735632, 40.53165 ], [ 22.735777, 40.533176 ], [ 22.735717, 40.533477 ], [ 22.735183, 40.534004 ], [ 22.734241, 40.534381 ], [ 22.733509, 40.534405 ], [ 22.733077, 40.534332 ], [ 22.732759, 40.534192 ], [ 22.732472, 40.533934 ], [ 22.732044, 40.533154 ], [ 22.731941, 40.532713 ], [ 22.731449, 40.532196 ], [ 22.731084, 40.531961 ], [ 22.730555, 40.53181 ], [ 22.729633, 40.531893 ], [ 22.72886, 40.532051 ], [ 22.727242, 40.532672 ], [ 22.726323, 40.533194 ], [ 22.72577, 40.533615 ], [ 22.724819, 40.534461 ], [ 22.724095, 40.535342 ], [ 22.723701, 40.536071 ], [ 22.723652, 40.536593 ] ] ] ] } },
{ "type": "Feature", "properties": { "fclass": "wetland", "name": null, "name:el": null, "name:en": null }, "geometry": { "type": "MultiPolygon", "coordinates": [ [ [ [ 22.831963, 40.617383 ], [ 22.83224, 40.617335 ], [ 22.832287, 40.616899 ], [ 22.832299, 40.608719 ], [ 22.831922, 40.608667 ], [ 22.831963, 40.617383 ] ] ] ] } },
{ "type": "Feature", "properties": { "fclass": "wetland", "name": null, "name:el": null, "name:en": null }, "geometry": { "type": "MultiPolygon", "coordinates": [ [ [ [ 22.833524, 40.618893 ], [ 22.833675, 40.618883 ], [ 22.834359, 40.618427 ], [ 22.834079, 40.618261 ], [ 22.833514, 40.618632 ], [ 22.833524, 40.618893 ] ] ] ] } },
{ "type": "Feature", "properties": { "fclass": "riverbank", "name": null, "name:el": null, "name:en": null }, "geometry": { "type": "MultiPolygon", "coordinates": [ [ [ [ 22.782403, 40.627983 ], [ 22.783193, 40.627934 ], [ 22.783876, 40.627717 ], [ 22.783936, 40.627849 ], [ 22.783876, 40.627948 ], [ 22.783412, 40.628114 ], [ 22.78337, 40.628235 ], [ 22.783532, 40.628265 ], [ 22.783993, 40.628012 ], [ 22.784124, 40.628157 ], [ 22.784184, 40.628088 ], [ 22.78446, 40.628066 ], [ 22.784552, 40.6279 ], [ 22.784509, 40.627827 ], [ 22.78435, 40.627897 ], [ 22.784392, 40.62765 ], [ 22.784608, 40.627306 ], [ 22.784796, 40.627244 ], [ 22.785022, 40.627344 ], [ 22.785111, 40.627287 ], [ 22.7851, 40.627 ], [ 22.785656, 40.6269 ], [ 22.785652, 40.626774 ], [ 22.785776, 40.626664 ], [ 22.78589, 40.62668 ], [ 22.785985, 40.626836 ], [ 22.7863, 40.626575 ], [ 22.786389, 40.626269 ], [ 22.786859, 40.625979 ], [ 22.787043, 40.625968 ], [ 22.787404, 40.626293 ], [ 22.787511, 40.626307 ], [ 22.787684, 40.626146 ], [ 22.788084, 40.62607 ], [ 22.788275, 40.626124 ], [ 22.788367, 40.626347 ], [ 22.788509, 40.626379 ], [ 22.788459, 40.62654 ], [ 22.78957, 40.626548 ], [ 22.789744, 40.626492 ], [ 22.789723, 40.626339 ], [ 22.789666, 40.626234 ], [ 22.789337, 40.62606 ], [ 22.788618, 40.625923 ], [ 22.788233, 40.625947 ], [ 22.787861, 40.625796 ], [ 22.787206, 40.625783 ], [ 22.785844, 40.626398 ], [ 22.784254, 40.627338 ], [ 22.783076, 40.627773 ], [ 22.782386, 40.627924 ], [ 22.782403, 40.627983 ] ] ] ] } },
{ "type": "Feature", "properties": { "fclass": "wetland", "name": null, "name:el": null, "name:en": null }, "geometry": { "type": "MultiPolygon", "coordinates": [ [ [ [ 22.705971, 40.59547 ], [ 22.707516, 40.598728 ], [ 22.708031, 40.600944 ], [ 22.708353, 40.60336 ], [ 22.709952, 40.603573 ], [ 22.709952, 40.604322 ], [ 22.711379, 40.604533 ], [ 22.711664, 40.601967 ], [ 22.712463, 40.600794 ], [ 22.71282, 40.599014 ], [ 22.712742, 40.597387 ], [ 22.712412, 40.595757 ], [ 22.712188, 40.59535 ], [ 22.712332, 40.594912 ], [ 22.712147, 40.593623 ], [ 22.712455, 40.592387 ], [ 22.712466, 40.59148 ], [ 22.712291, 40.590549 ], [ 22.712129, 40.590151 ], [ 22.712155, 40.589807 ], [ 22.711999, 40.589384 ], [ 22.71176, 40.589109 ], [ 22.711605, 40.588409 ], [ 22.711278, 40.58794 ], [ 22.711267, 40.587435 ], [ 22.711511, 40.585292 ], [ 22.711602, 40.585184 ], [ 22.711999, 40.58508 ], [ 22.712112, 40.584901 ], [ 22.712511, 40.580487 ], [ 22.712662, 40.577488 ], [ 22.712554, 40.576351 ], [ 22.712632, 40.575345 ], [ 22.712527, 40.574797 ], [ 22.712713, 40.574196 ], [ 22.712869, 40.571223 ], [ 22.71278, 40.570055 ], [ 22.712827, 40.569348 ], [ 22.712749, 40.569141 ], [ 22.712875, 40.56698 ], [ 22.712987, 40.566814 ], [ 22.712868, 40.566589 ], [ 22.713166, 40.565632 ], [ 22.713199, 40.563702 ], [ 22.713519, 40.562537 ], [ 22.713596, 40.561403 ], [ 22.71373, 40.560879 ], [ 22.713646, 40.560685 ], [ 22.713702, 40.560134 ], [ 22.713972, 40.558357 ], [ 22.713842, 40.554553 ], [ 22.713874, 40.553035 ], [ 22.713692, 40.551979 ], [ 22.713772, 40.551767 ], [ 22.71393, 40.549592 ], [ 22.713545, 40.549887 ], [ 22.711656, 40.55067 ], [ 22.710798, 40.551844 ], [ 22.710111, 40.554191 ], [ 22.710455, 40.555235 ], [ 22.712171, 40.557843 ], [ 22.712686, 40.559408 ], [ 22.712858, 40.560582 ], [ 22.712858, 40.561625 ], [ 22.712, 40.562538 ], [ 22.711141, 40.564103 ], [ 22.711141, 40.56619 ], [ 22.710798, 40.566972 ], [ 22.709253, 40.567363 ], [ 22.707536, 40.568276 ], [ 22.706678, 40.568146 ], [ 22.705789, 40.567478 ], [ 22.705686, 40.575339 ], [ 22.708566, 40.575578 ], [ 22.70994, 40.577664 ], [ 22.710111, 40.579489 ], [ 22.709425, 40.583401 ], [ 22.708395, 40.585617 ], [ 22.708223, 40.587312 ], [ 22.708395, 40.588876 ], [ 22.709081, 40.59044 ], [ 22.710111, 40.590962 ], [ 22.709425, 40.591744 ], [ 22.704934, 40.592435 ], [ 22.705971, 40.59547 ] ] ] ] } },
{ "type": "Feature", "properties": { "fclass": "wetland", "name": null, "name:el": null, "name:en": null }, "geometry": { "type": "MultiPolygon", "coordinates": [ [ [ [ 22.71685, 40.604591 ], [ 22.719144, 40.600366 ], [ 22.721492, 40.601365 ], [ 22.723262, 40.575777 ], [ 22.723423, 40.575021 ], [ 22.725439, 40.557068 ], [ 22.724767, 40.557436 ], [ 22.724171, 40.561508 ], [ 22.72099, 40.563516 ], [ 22.721098, 40.565342 ], [ 22.717943, 40.572123 ], [ 22.715207, 40.572034 ], [ 22.715154, 40.567298 ], [ 22.717257, 40.565538 ], [ 22.717557, 40.559718 ], [ 22.716316, 40.558686 ], [ 22.716084, 40.558407 ], [ 22.716003, 40.559376 ], [ 22.715638, 40.560012 ], [ 22.715552, 40.563044 ], [ 22.715059, 40.564185 ], [ 22.715252, 40.566141 ], [ 22.714908, 40.566826 ], [ 22.714715, 40.567739 ], [ 22.714672, 40.570249 ], [ 22.714783, 40.571041 ], [ 22.715071, 40.57159 ], [ 22.71478, 40.575155 ], [ 22.715059, 40.576654 ], [ 22.715059, 40.578968 ], [ 22.71523, 40.580174 ], [ 22.715037, 40.58138 ], [ 22.71508, 40.582863 ], [ 22.714887, 40.583955 ], [ 22.714351, 40.58521 ], [ 22.714351, 40.587003 ], [ 22.71523, 40.589056 ], [ 22.715252, 40.590604 ], [ 22.714887, 40.592086 ], [ 22.715067, 40.595282 ], [ 22.714715, 40.597219 ], [ 22.714115, 40.598001 ], [ 22.714007, 40.600461 ], [ 22.714222, 40.601585 ], [ 22.713535, 40.602954 ], [ 22.713299, 40.604062 ], [ 22.71685, 40.604591 ] ] ] ] } },
{ "type": "Feature", "properties": { "fclass": "riverbank", "name": "Αξιός", "name:el": null, "name:en": null }, "geometry": { "type": "MultiPolygon", "coordinates": [ [ [ [ 22.706101, 40.631697 ], [ 22.707093, 40.63168 ], [ 22.707356, 40.630337 ], [ 22.707624, 40.627536 ], [ 22.70881, 40.624148 ], [ 22.709234, 40.622064 ], [ 22.710419, 40.619189 ], [ 22.711033, 40.618397 ], [ 22.711133, 40.617361 ], [ 22.71161, 40.616265 ], [ 22.712409, 40.612262 ], [ 22.712329, 40.609326 ], [ 22.712774, 40.606805 ], [ 22.71278, 40.606211 ], [ 22.712544, 40.605237 ], [ 22.712664, 40.604492 ], [ 22.712573, 40.60392 ], [ 22.712844, 40.603071 ], [ 22.713622, 40.601498 ], [ 22.713595, 40.600537 ], [ 22.713922, 40.597955 ], [ 22.714115, 40.597165 ], [ 22.714534, 40.596089 ], [ 22.715009, 40.595244 ], [ 22.714998, 40.595036 ], [ 22.714207, 40.594269 ], [ 22.714051, 40.593996 ], [ 22.713718, 40.592867 ], [ 22.713756, 40.591824 ], [ 22.713992, 40.590378 ], [ 22.713987, 40.589001 ], [ 22.713938, 40.588667 ], [ 22.713311, 40.587034 ], [ 22.712796, 40.586215 ], [ 22.71279, 40.586015 ], [ 22.713026, 40.584964 ], [ 22.713077, 40.582817 ], [ 22.713482, 40.58087 ], [ 22.713941, 40.579491 ], [ 22.713874, 40.578401 ], [ 22.714378, 40.576551 ], [ 22.714872, 40.57343 ], [ 22.715014, 40.571674 ], [ 22.712833, 40.571556 ], [ 22.712713, 40.574196 ], [ 22.712527, 40.574797 ], [ 22.712632, 40.575345 ], [ 22.712554, 40.576351 ], [ 22.712662, 40.577488 ], [ 22.712635, 40.578543 ], [ 22.712112, 40.584901 ], [ 22.711999, 40.58508 ], [ 22.711602, 40.585184 ], [ 22.711511, 40.585292 ], [ 22.711267, 40.587435 ], [ 22.711278, 40.58794 ], [ 22.711605, 40.588409 ], [ 22.71176, 40.589109 ], [ 22.711999, 40.589384 ], [ 22.712155, 40.589807 ], [ 22.712129, 40.590151 ], [ 22.712291, 40.590549 ], [ 22.712466, 40.59148 ], [ 22.712455, 40.592387 ], [ 22.712147, 40.593623 ], [ 22.712332, 40.594912 ], [ 22.712188, 40.59535 ], [ 22.712412, 40.595757 ], [ 22.712742, 40.597387 ], [ 22.71282, 40.599014 ], [ 22.712463, 40.600794 ], [ 22.711771, 40.601759 ], [ 22.711616, 40.602158 ], [ 22.711492, 40.603869 ], [ 22.711294, 40.605131 ], [ 22.711379, 40.607669 ], [ 22.711213, 40.609707 ], [ 22.711283, 40.613329 ], [ 22.711219, 40.613891 ], [ 22.710999, 40.614347 ], [ 22.710457, 40.614889 ], [ 22.710344, 40.615207 ], [ 22.710419, 40.616129 ], [ 22.71024, 40.61674 ], [ 22.709593, 40.618084 ], [ 22.709725, 40.619095 ], [ 22.708577, 40.622157 ], [ 22.708231, 40.623717 ], [ 22.707372, 40.625663 ], [ 22.706734, 40.627552 ], [ 22.706452, 40.630339 ], [ 22.706101, 40.631697 ] ], [ [ 22.710389, 40.618269 ], [ 22.710469, 40.61771 ], [ 22.710643, 40.617483 ], [ 22.710622, 40.61791 ], [ 22.710389, 40.618269 ] ], [ [ 22.710572, 40.615137 ], [ 22.710792, 40.614808 ], [ 22.71131, 40.614417 ], [ 22.71131, 40.614836 ], [ 22.710757, 40.615929 ], [ 22.710661, 40.615895 ], [ 22.710516, 40.615528 ], [ 22.710572, 40.615137 ] ], [ [ 22.711638, 40.586478 ], [ 22.711755, 40.586477 ], [ 22.712938, 40.588979 ], [ 22.712452, 40.590186 ], [ 22.712346, 40.590136 ], [ 22.712383, 40.589671 ], [ 22.712039, 40.588938 ], [ 22.711911, 40.588197 ], [ 22.711557, 40.587781 ], [ 22.711638, 40.586478 ] ], [ [ 22.711865, 40.585938 ], [ 22.711966, 40.585498 ], [ 22.712047, 40.585479 ], [ 22.712063, 40.586162 ], [ 22.711947, 40.586433 ], [ 22.711865, 40.585938 ] ], [ [ 22.712384, 40.602229 ], [ 22.71253, 40.601994 ], [ 22.712575, 40.601996 ], [ 22.712404, 40.602461 ], [ 22.712384, 40.602229 ] ], [ [ 22.712698, 40.593311 ], [ 22.712837, 40.593308 ], [ 22.712915, 40.593518 ], [ 22.712869, 40.593931 ], [ 22.71268, 40.593771 ], [ 22.712698, 40.593311 ] ], [ [ 22.713215, 40.596155 ], [ 22.713299, 40.595599 ], [ 22.71339, 40.595562 ], [ 22.713472, 40.595952 ], [ 22.713358, 40.596377 ], [ 22.713215, 40.596155 ] ], [ [ 22.713466, 40.574581 ], [ 22.713839, 40.573075 ], [ 22.714059, 40.571661 ], [ 22.714224, 40.572065 ], [ 22.714064, 40.573978 ], [ 22.713871, 40.575276 ], [ 22.713633, 40.575753 ], [ 22.713536, 40.575797 ], [ 22.713441, 40.57575 ], [ 22.71337, 40.57549 ], [ 22.713466, 40.574581 ] ], [ [ 22.7139, 40.594572 ], [ 22.713966, 40.594554 ], [ 22.714223, 40.594786 ], [ 22.714316, 40.595119 ], [ 22.714852, 40.59525 ], [ 22.714864, 40.595305 ], [ 22.714285, 40.595277 ], [ 22.713952, 40.595458 ], [ 22.714064, 40.595316 ], [ 22.7139, 40.594572 ] ] ] ] } },
{ "type": "Feature", "properties": { "fclass": "wetland", "name": null, "name:el": null, "name:en": null }, "geometry": { "type": "MultiPolygon", "coordinates": [ [ [ [ 22.718094, 40.621664 ], [ 22.718733, 40.620065 ], [ 22.720078, 40.614743 ], [ 22.720874, 40.609126 ], [ 22.721492, 40.601365 ], [ 22.720749, 40.601049 ], [ 22.720304, 40.606286 ], [ 22.719916, 40.612886 ], [ 22.719165, 40.616274 ], [ 22.717491, 40.62103 ], [ 22.718094, 40.621664 ] ] ] ] } },
{ "type": "Feature", "properties": { "fclass": "riverbank", "name": "Αξιός", "name:el": null, "name:en": null }, "geometry": { "type": "MultiPolygon", "coordinates": [ [ [ [ 22.701831, 40.643807 ], [ 22.702179, 40.645745 ], [ 22.702153, 40.646443 ], [ 22.701922, 40.647092 ], [ 22.70255, 40.647291 ], [ 22.702877, 40.646266 ], [ 22.702963, 40.64557 ], [ 22.70278, 40.643429 ], [ 22.702888, 40.642134 ], [ 22.703757, 40.640575 ], [ 22.704556, 40.638809 ], [ 22.705028, 40.637376 ], [ 22.705302, 40.635397 ], [ 22.705656, 40.634595 ], [ 22.706235, 40.63363 ], [ 22.707093, 40.63168 ], [ 22.706101, 40.631697 ], [ 22.705752, 40.632617 ], [ 22.704577, 40.634831 ], [ 22.704416, 40.635593 ], [ 22.704325, 40.636964 ], [ 22.703623, 40.639081 ], [ 22.702689, 40.640559 ], [ 22.702056, 40.641931 ], [ 22.701793, 40.642932 ], [ 22.701831, 40.643807 ] ] ] ] } },
{ "type": "Feature", "properties": { "fclass": "riverbank", "name": "Αξιός", "name:el": null, "name:en": null }, "geometry": { "type": "MultiPolygon", "coordinates": [ [ [ [ 22.698612, 40.653669 ], [ 22.699717, 40.653504 ], [ 22.699916, 40.651976 ], [ 22.700323, 40.651268 ], [ 22.701206, 40.650415 ], [ 22.70255, 40.647291 ], [ 22.701922, 40.647092 ], [ 22.701225, 40.647967 ], [ 22.70093, 40.648496 ], [ 22.700517, 40.649872 ], [ 22.699149, 40.651048 ], [ 22.698778, 40.651628 ], [ 22.698666, 40.652183 ], [ 22.698612, 40.653669 ] ] ] ] } },
{ "type": "Feature", "properties": { "fclass": "riverbank", "name": "Αξιός", "name:el": null, "name:en": null }, "geometry": { "type": "MultiPolygon", "coordinates": [ [ [ [ 22.693441, 40.67289 ], [ 22.693822, 40.673368 ], [ 22.693875, 40.673622 ], [ 22.693749, 40.674163 ], [ 22.694583, 40.67376 ], [ 22.694415, 40.673396 ], [ 22.694396, 40.672973 ], [ 22.694111, 40.672369 ], [ 22.694133, 40.67194 ], [ 22.695302, 40.669177 ], [ 22.695501, 40.666866 ], [ 22.696126, 40.665204 ], [ 22.696456, 40.66357 ], [ 22.697209, 40.660931 ], [ 22.697376, 40.659755 ], [ 22.698151, 40.657828 ], [ 22.699468, 40.655704 ], [ 22.699599, 40.655358 ], [ 22.699717, 40.653504 ], [ 22.698612, 40.653669 ], [ 22.698494, 40.654037 ], [ 22.698516, 40.655059 ], [ 22.698344, 40.655956 ], [ 22.697995, 40.656676 ], [ 22.697166, 40.657765 ], [ 22.696558, 40.659326 ], [ 22.696263, 40.66178 ], [ 22.695946, 40.663021 ], [ 22.695544, 40.663981 ], [ 22.695377, 40.665259 ], [ 22.694803, 40.666858 ], [ 22.694524, 40.668221 ], [ 22.694385, 40.668485 ], [ 22.693647, 40.669173 ], [ 22.693511, 40.669476 ], [ 22.693441, 40.67289 ] ] ] ] } },
{ "type": "Feature", "properties": { "fclass": "water", "name": null, "name:el": null, "name:en": null }, "geometry": { "type": "MultiPolygon", "coordinates": [ [ [ [ 22.720198, 40.669635 ], [ 22.720435, 40.670016 ], [ 22.720612, 40.670113 ], [ 22.721974, 40.67036 ], [ 22.72248, 40.670371 ], [ 22.722657, 40.670304 ], [ 22.723185, 40.669847 ], [ 22.723457, 40.669163 ], [ 22.723489, 40.667367 ], [ 22.723401, 40.667249 ], [ 22.723284, 40.667466 ], [ 22.723362, 40.6681 ], [ 22.723103, 40.668403 ], [ 22.723408, 40.668639 ], [ 22.723408, 40.668918 ], [ 22.723047, 40.669721 ], [ 22.722834, 40.669925 ], [ 22.72242, 40.669952 ], [ 22.722764, 40.669823 ], [ 22.722841, 40.669555 ], [ 22.722838, 40.669455 ], [ 22.722512, 40.669412 ], [ 22.722622, 40.669334 ], [ 22.722555, 40.669305 ], [ 22.722056, 40.669616 ], [ 22.721942, 40.669603 ], [ 22.722045, 40.669351 ], [ 22.72185, 40.6693 ], [ 22.72138, 40.669334 ], [ 22.721189, 40.669426 ], [ 22.720739, 40.669412 ], [ 22.720343, 40.669528 ], [ 22.720198, 40.669635 ] ] ] ] } },
{ "type": "Feature", "properties": { "fclass": "water", "name": null, "name:el": null, "name:en": null }, "geometry": { "type": "MultiPolygon", "coordinates": [ [ [ [ 22.716505, 40.669343 ], [ 22.716619, 40.669527 ], [ 22.716893, 40.669626 ], [ 22.71861, 40.66978 ], [ 22.718801, 40.669691 ], [ 22.71864, 40.669513 ], [ 22.718283, 40.669478 ], [ 22.717876, 40.669247 ], [ 22.716903, 40.669083 ], [ 22.71653, 40.669123 ], [ 22.716505, 40.669343 ] ] ] ] } },
{ "type": "Feature", "properties": { "fclass": "riverbank", "name": "Αξιός", "name:el": null, "name:en": null }, "geometry": { "type": "MultiPolygon", "coordinates": [ [ [ [ 22.690694, 40.683237 ], [ 22.691687, 40.682066 ], [ 22.692698, 40.678582 ], [ 22.693076, 40.676431 ], [ 22.693422, 40.675829 ], [ 22.693881, 40.675438 ], [ 22.693767, 40.675177 ], [ 22.694162, 40.675003 ], [ 22.69457, 40.674397 ], [ 22.69468, 40.67408 ], [ 22.694583, 40.67376 ], [ 22.693749, 40.674163 ], [ 22.693618, 40.674464 ], [ 22.693149, 40.674835 ], [ 22.693116, 40.675245 ], [ 22.692481, 40.675927 ], [ 22.691971, 40.676918 ], [ 22.69181, 40.677888 ], [ 22.690878, 40.679627 ], [ 22.691097, 40.680306 ], [ 22.690764, 40.681828 ], [ 22.690694, 40.683237 ] ], [ [ 22.69106, 40.679494 ], [ 22.691149, 40.679312 ], [ 22.691354, 40.679175 ], [ 22.691344, 40.680158 ], [ 22.691164, 40.679981 ], [ 22.69106, 40.679494 ] ], [ [ 22.69203, 40.677381 ], [ 22.692078, 40.677066 ], [ 22.692229, 40.676899 ], [ 22.692113, 40.677385 ], [ 22.69203, 40.677381 ] ] ] ] } },
{ "type": "Feature", "properties": { "fclass": "riverbank", "name": null, "name:el": null, "name:en": null }, "geometry": { "type": "MultiPolygon", "coordinates": [ [ [ [ 22.626424, 40.593221 ], [ 22.629935, 40.58005 ], [ 22.630635, 40.577679 ], [ 22.630788, 40.577418 ], [ 22.630801, 40.576692 ], [ 22.631542, 40.574287 ], [ 22.631896, 40.573405 ], [ 22.632247, 40.572948 ], [ 22.632232, 40.572831 ], [ 22.631086, 40.574758 ], [ 22.630657, 40.576526 ], [ 22.630187, 40.577455 ], [ 22.629902, 40.578366 ], [ 22.628551, 40.583232 ], [ 22.6274, 40.588878 ], [ 22.626758, 40.591336 ], [ 22.626099, 40.593174 ], [ 22.626424, 40.593221 ] ] ] ] } },
{ "type": "Feature", "properties": { "fclass": "riverbank", "name": null, "name:el": null, "name:en": null }, "geometry": { "type": "MultiPolygon", "coordinates": [ [ [ [ 22.619562, 40.615484 ], [ 22.620146, 40.615374 ], [ 22.620461, 40.615197 ], [ 22.620701, 40.614883 ], [ 22.620921, 40.614267 ], [ 22.621067, 40.613381 ], [ 22.620456, 40.614078 ], [ 22.620195, 40.614794 ], [ 22.619625, 40.615026 ], [ 22.619327, 40.615366 ], [ 22.619562, 40.615484 ] ] ], [ [ [ 22.621543, 40.611457 ], [ 22.624279, 40.601052 ], [ 22.624617, 40.600147 ], [ 22.626424, 40.593221 ], [ 22.626099, 40.593174 ], [ 22.625242, 40.595733 ], [ 22.624934, 40.597614 ], [ 22.621904, 40.608846 ], [ 22.621543, 40.611457 ] ] ] ] } },
{ "type": "Feature", "properties": { "fclass": "wetland", "name": null, "name:el": null, "name:en": null }, "geometry": { "type": "MultiPolygon", "coordinates": [ [ [ [ 22.62268, 40.612089 ], [ 22.62369, 40.612161 ], [ 22.625147, 40.611591 ], [ 22.625264, 40.61161 ], [ 22.625912, 40.609085 ], [ 22.625807, 40.609062 ], [ 22.625344, 40.610795 ], [ 22.624857, 40.611138 ], [ 22.62413, 40.611499 ], [ 22.623281, 40.61183 ], [ 22.622731, 40.611943 ], [ 22.62268, 40.612089 ] ] ] ] } },
{ "type": "Feature", "properties": { "fclass": "riverbank", "name": null, "name:el": null, "name:en": null }, "geometry": { "type": "MultiPolygon", "coordinates": [ [ [ [ 22.599743, 40.62734 ], [ 22.600052, 40.626108 ], [ 22.601735, 40.6233 ], [ 22.602207, 40.622788 ], [ 22.602817, 40.622461 ], [ 22.604443, 40.621906 ], [ 22.605085, 40.621393 ], [ 22.605671, 40.620326 ], [ 22.605988, 40.620196 ], [ 22.606346, 40.620153 ], [ 22.608151, 40.620122 ], [ 22.610743, 40.619366 ], [ 22.610581, 40.619131 ], [ 22.61003, 40.619337 ], [ 22.608269, 40.619793 ], [ 22.60599, 40.619899 ], [ 22.605612, 40.620047 ], [ 22.605282, 40.620252 ], [ 22.604788, 40.621143 ], [ 22.604429, 40.621539 ], [ 22.604023, 40.62182 ], [ 22.602712, 40.622281 ], [ 22.602156, 40.62256 ], [ 22.600975, 40.623995 ], [ 22.599537, 40.627216 ], [ 22.599526, 40.62733 ], [ 22.599743, 40.62734 ] ] ], [ [ [ 22.611915, 40.619023 ], [ 22.612631, 40.61869 ], [ 22.612891, 40.618295 ], [ 22.612743, 40.617192 ], [ 22.612293, 40.61764 ], [ 22.612301, 40.617991 ], [ 22.612123, 40.618402 ], [ 22.611913, 40.618594 ], [ 22.611463, 40.618786 ], [ 22.611159, 40.619244 ], [ 22.611915, 40.619023 ] ] ], [ [ [ 22.619562, 40.615484 ], [ 22.619327, 40.615366 ], [ 22.619231, 40.615475 ], [ 22.619562, 40.615484 ] ] ] ] } },
{ "type": "Feature", "properties": { "fclass": "riverbank", "name": null, "name:el": null, "name:en": null }, "geometry": { "type": "MultiPolygon", "coordinates": [ [ [ [ 22.587727, 40.641689 ], [ 22.589547, 40.640692 ], [ 22.590748, 40.639622 ], [ 22.591317, 40.638996 ], [ 22.592014, 40.638491 ], [ 22.592658, 40.638238 ], [ 22.594278, 40.638149 ], [ 22.594825, 40.637864 ], [ 22.595158, 40.637343 ], [ 22.595114, 40.636774 ], [ 22.594829, 40.636249 ], [ 22.594778, 40.635973 ], [ 22.594787, 40.6357 ], [ 22.594988, 40.635257 ], [ 22.59517, 40.635034 ], [ 22.596109, 40.634353 ], [ 22.59645, 40.634002 ], [ 22.597169, 40.632921 ], [ 22.59751, 40.632666 ], [ 22.59773, 40.632574 ], [ 22.598668, 40.632471 ], [ 22.599023, 40.632337 ], [ 22.599322, 40.632043 ], [ 22.599495, 40.631642 ], [ 22.599285, 40.630164 ], [ 22.599621, 40.628523 ], [ 22.599743, 40.62734 ], [ 22.599526, 40.62733 ], [ 22.599286, 40.629759 ], [ 22.599027, 40.630848 ], [ 22.599224, 40.631143 ], [ 22.599268, 40.63141 ], [ 22.599187, 40.631714 ], [ 22.599005, 40.632017 ], [ 22.598267, 40.632306 ], [ 22.597748, 40.632326 ], [ 22.597445, 40.632437 ], [ 22.596239, 40.633871 ], [ 22.595015, 40.634905 ], [ 22.594759, 40.635207 ], [ 22.594549, 40.635681 ], [ 22.594541, 40.636025 ], [ 22.594913, 40.637383 ], [ 22.594382, 40.637851 ], [ 22.592447, 40.63802 ], [ 22.591665, 40.638335 ], [ 22.590511, 40.639636 ], [ 22.588528, 40.641061 ], [ 22.587213, 40.64173 ], [ 22.587727, 40.641689 ] ] ] ] } },
{ "type": "Feature", "properties": { "fclass": "wetland", "name": null, "name:el": null, "name:en": null }, "geometry": { "type": "MultiPolygon", "coordinates": [ [ [ [ 22.621373, 40.725519 ], [ 22.622069, 40.726073 ], [ 22.622262, 40.724886 ], [ 22.621373, 40.725519 ] ] ] ] } },
{ "type": "Feature", "properties": { "fclass": "wetland", "name": null, "name:el": null, "name:en": null }, "geometry": { "type": "MultiPolygon", "coordinates": [ [ [ [ 22.612674, 40.724692 ], [ 22.612759, 40.724957 ], [ 22.613972, 40.725157 ], [ 22.614133, 40.725616 ], [ 22.615303, 40.725437 ], [ 22.615602, 40.726266 ], [ 22.614497, 40.726502 ], [ 22.614831, 40.727332 ], [ 22.615689, 40.727332 ], [ 22.615582, 40.727876 ], [ 22.615313, 40.728063 ], [ 22.615072, 40.728112 ], [ 22.615093, 40.728271 ], [ 22.618596, 40.727571 ], [ 22.619589, 40.727332 ], [ 22.619721, 40.727165 ], [ 22.618602, 40.726051 ], [ 22.618161, 40.725822 ], [ 22.612674, 40.724692 ] ] ] ] } },
{ "type": "Feature", "properties": { "fclass": "wetland", "name": null, "name:el": null, "name:en": null }, "geometry": { "type": "MultiPolygon", "coordinates": [ [ [ [ 22.630065, 40.729808 ], [ 22.63049, 40.729793 ], [ 22.630311, 40.729337 ], [ 22.629886, 40.729337 ], [ 22.630065, 40.729808 ] ] ] ] } },
{ "type": "Feature", "properties": { "fclass": "wetland", "name": null, "name:el": null, "name:en": null }, "geometry": { "type": "MultiPolygon", "coordinates": [ [ [ [ 22.611625, 40.729003 ], [ 22.61203, 40.73031 ], [ 22.613159, 40.730084 ], [ 22.613316, 40.730468 ], [ 22.613708, 40.730404 ], [ 22.61387, 40.730859 ], [ 22.614875, 40.730672 ], [ 22.615169, 40.730704 ], [ 22.61548, 40.730988 ], [ 22.61574, 40.731004 ], [ 22.615906, 40.730852 ], [ 22.61591, 40.730565 ], [ 22.61611, 40.730297 ], [ 22.616873, 40.730152 ], [ 22.617366, 40.731415 ], [ 22.617714, 40.73133 ], [ 22.617773, 40.731489 ], [ 22.618226, 40.731408 ], [ 22.618175, 40.731025 ], [ 22.618893, 40.730887 ], [ 22.619055, 40.730906 ], [ 22.619218, 40.731096 ], [ 22.619096, 40.731686 ], [ 22.619271, 40.731875 ], [ 22.619612, 40.732038 ], [ 22.619819, 40.731692 ], [ 22.621603, 40.731695 ], [ 22.621589, 40.731088 ], [ 22.620895, 40.730824 ], [ 22.620695, 40.730589 ], [ 22.620712, 40.730317 ], [ 22.621007, 40.72987 ], [ 22.621746, 40.729763 ], [ 22.621749, 40.72951 ], [ 22.621106, 40.728919 ], [ 22.621047, 40.728906 ], [ 22.62068, 40.729913 ], [ 22.619965, 40.730155 ], [ 22.619824, 40.730155 ], [ 22.620152, 40.729555 ], [ 22.620114, 40.729106 ], [ 22.619134, 40.729368 ], [ 22.619377, 40.730136 ], [ 22.61933, 40.730239 ], [ 22.618794, 40.730688 ], [ 22.618355, 40.730765 ], [ 22.618061, 40.730029 ], [ 22.61919, 40.729749 ], [ 22.618755, 40.728454 ], [ 22.617593, 40.72868 ], [ 22.617861, 40.729542 ], [ 22.616758, 40.729807 ], [ 22.616259, 40.728464 ], [ 22.615156, 40.728722 ], [ 22.61528, 40.729155 ], [ 22.613614, 40.72949 ], [ 22.613529, 40.729394 ], [ 22.61301, 40.729494 ], [ 22.61266, 40.728787 ], [ 22.611625, 40.729003 ] ] ] ] } },
{ "type": "Feature", "properties": { "fclass": "water", "name": null, "name:el": null, "name:en": null }, "geometry": { "type": "MultiPolygon", "coordinates": [ [ [ [ 22.628148, 40.735294 ], [ 22.630299, 40.734249 ], [ 22.630183, 40.734135 ], [ 22.629612, 40.734339 ], [ 22.629355, 40.734131 ], [ 22.628298, 40.734648 ], [ 22.628432, 40.734859 ], [ 22.628009, 40.735181 ], [ 22.628148, 40.735294 ] ] ] ] } },
{ "type": "Feature", "properties": { "fclass": "riverbank", "name": "Αξιός", "name:el": null, "name:en": null }, "geometry": { "type": "MultiPolygon", "coordinates": [ [ [ [ 22.689892, 40.694933 ], [ 22.691354, 40.694937 ], [ 22.691661, 40.694664 ], [ 22.69165, 40.694467 ], [ 22.691249, 40.694436 ], [ 22.691148, 40.694277 ], [ 22.691515, 40.693736 ], [ 22.691767, 40.692898 ], [ 22.69185, 40.692923 ], [ 22.692054, 40.693781 ], [ 22.691948, 40.69414 ], [ 22.692169, 40.694156 ], [ 22.692326, 40.694002 ], [ 22.692668, 40.694619 ], [ 22.692604, 40.694928 ], [ 22.692227, 40.695023 ], [ 22.692831, 40.695057 ], [ 22.692733, 40.694533 ], [ 22.692424, 40.694102 ], [ 22.692223, 40.692496 ], [ 22.69244, 40.691959 ], [ 22.693272, 40.690598 ], [ 22.693816, 40.689392 ], [ 22.693433, 40.687678 ], [ 22.691912, 40.684145 ], [ 22.691783, 40.683636 ], [ 22.691687, 40.682066 ], [ 22.690694, 40.683237 ], [ 22.690671, 40.683518 ], [ 22.691174, 40.684505 ], [ 22.6913, 40.685658 ], [ 22.692293, 40.687163 ], [ 22.692625, 40.688168 ], [ 22.692642, 40.689209 ], [ 22.692341, 40.690285 ], [ 22.691646, 40.691562 ], [ 22.691499, 40.692136 ], [ 22.691, 40.693323 ], [ 22.690654, 40.694033 ], [ 22.689892, 40.694933 ] ] ] ] } },
{ "type": "Feature", "properties": { "fclass": "riverbank", "name": "Αξιός", "name:el": null, "name:en": null }, "geometry": { "type": "MultiPolygon", "coordinates": [ [ [ [ 22.6341, 40.769126 ], [ 22.634389, 40.769857 ], [ 22.6347, 40.770296 ], [ 22.636267, 40.771568 ], [ 22.637372, 40.772185 ], [ 22.637839, 40.772628 ], [ 22.639716, 40.775366 ], [ 22.640161, 40.775894 ], [ 22.640558, 40.776223 ], [ 22.642227, 40.776983 ], [ 22.642828, 40.777369 ], [ 22.643144, 40.777678 ], [ 22.644694, 40.77955 ], [ 22.645698, 40.781 ], [ 22.645928, 40.781585 ], [ 22.645901, 40.782446 ], [ 22.646282, 40.783612 ], [ 22.646229, 40.783953 ], [ 22.645515, 40.785215 ], [ 22.645488, 40.785501 ], [ 22.646272, 40.787276 ], [ 22.64669, 40.787832 ], [ 22.647103, 40.78861 ], [ 22.647103, 40.790391 ], [ 22.647256, 40.791382 ], [ 22.647747, 40.792527 ], [ 22.647688, 40.793709 ], [ 22.649105, 40.794206 ], [ 22.650166, 40.792986 ], [ 22.650424, 40.792531 ], [ 22.650622, 40.791561 ], [ 22.65052, 40.791264 ], [ 22.64875, 40.788539 ], [ 22.647425, 40.786793 ], [ 22.647285, 40.786021 ], [ 22.647275, 40.784347 ], [ 22.646797, 40.781732 ], [ 22.646443, 40.780704 ], [ 22.645617, 40.779526 ], [ 22.641942, 40.77507 ], [ 22.64117, 40.774302 ], [ 22.639952, 40.773335 ], [ 22.638794, 40.77169 ], [ 22.637511, 40.770532 ], [ 22.637206, 40.769819 ], [ 22.6358, 40.768895 ], [ 22.635639, 40.768639 ], [ 22.635612, 40.767729 ], [ 22.635891, 40.766782 ], [ 22.636412, 40.765884 ], [ 22.637581, 40.764661 ], [ 22.637785, 40.764283 ], [ 22.638402, 40.762642 ], [ 22.639507, 40.760825 ], [ 22.640516, 40.758782 ], [ 22.641449, 40.755921 ], [ 22.642087, 40.753332 ], [ 22.642377, 40.751201 ], [ 22.642608, 40.750693 ], [ 22.642439, 40.75036 ], [ 22.642039, 40.750088 ], [ 22.641178, 40.75003 ], [ 22.641187, 40.749026 ], [ 22.641393, 40.749029 ], [ 22.641492, 40.749288 ], [ 22.642157, 40.749339 ], [ 22.642272, 40.749274 ], [ 22.642231, 40.748926 ], [ 22.642514, 40.74862 ], [ 22.642602, 40.748343 ], [ 22.642519, 40.747105 ], [ 22.642578, 40.746889 ], [ 22.643015, 40.746265 ], [ 22.644024, 40.745412 ], [ 22.645252, 40.744757 ], [ 22.646331, 40.744408 ], [ 22.647913, 40.743928 ], [ 22.649319, 40.743619 ], [ 22.650472, 40.743493 ], [ 22.652591, 40.742756 ], [ 22.652918, 40.742571 ], [ 22.653192, 40.74229 ], [ 22.65398, 40.741177 ], [ 22.655101, 40.739458 ], [ 22.655407, 40.738734 ], [ 22.655434, 40.738198 ], [ 22.655254, 40.736341 ], [ 22.655305, 40.733844 ], [ 22.654731, 40.731913 ], [ 22.654581, 40.730779 ], [ 22.654825, 40.728606 ], [ 22.655193, 40.727869 ], [ 22.655863, 40.727035 ], [ 22.657011, 40.726497 ], [ 22.65847, 40.725393 ], [ 22.660133, 40.723454 ], [ 22.66148, 40.72251 ], [ 22.663762, 40.720671 ], [ 22.664425, 40.720323 ], [ 22.667018, 40.719368 ], [ 22.669102, 40.718989 ], [ 22.669875, 40.718713 ], [ 22.670406, 40.718384 ], [ 22.670712, 40.718001 ], [ 22.671168, 40.71644 ], [ 22.671313, 40.716204 ], [ 22.673802, 40.714273 ], [ 22.674767, 40.713399 ], [ 22.678217, 40.711284 ], [ 22.678984, 40.71041 ], [ 22.680486, 40.709297 ], [ 22.681205, 40.708568 ], [ 22.682524, 40.706962 ], [ 22.684252, 40.705307 ], [ 22.684702, 40.704668 ], [ 22.685029, 40.703952 ], [ 22.685153, 40.702659 ], [ 22.685392, 40.701793 ], [ 22.686038, 40.700394 ], [ 22.68629, 40.700097 ], [ 22.687824, 40.698844 ], [ 22.688785, 40.698247 ], [ 22.691531, 40.697006 ], [ 22.691598, 40.696892 ], [ 22.691542, 40.696561 ], [ 22.691759, 40.696148 ], [ 22.692271, 40.695513 ], [ 22.692767, 40.695269 ], [ 22.692831, 40.695057 ], [ 22.692227, 40.695023 ], [ 22.691856, 40.695347 ], [ 22.691365, 40.695482 ], [ 22.69116, 40.695423 ], [ 22.691089, 40.695306 ], [ 22.691094, 40.694985 ], [ 22.689892, 40.694933 ], [ 22.689737, 40.695138 ], [ 22.689663, 40.695484 ], [ 22.689793, 40.695804 ], [ 22.689663, 40.696079 ], [ 22.689898, 40.696475 ], [ 22.689782, 40.696705 ], [ 22.687717, 40.69823 ], [ 22.685561, 40.699577 ], [ 22.685351, 40.699837 ], [ 22.684579, 40.701663 ], [ 22.684075, 40.703961 ], [ 22.68386, 40.704339 ], [ 22.681875, 40.706035 ], [ 22.680057, 40.708072 ], [ 22.679365, 40.709007 ], [ 22.678791, 40.70954 ], [ 22.67805, 40.710089 ], [ 22.674708, 40.712114 ], [ 22.673437, 40.713033 ], [ 22.669859, 40.716595 ], [ 22.669301, 40.717022 ], [ 22.667134, 40.718445 ], [ 22.666179, 40.718888 ], [ 22.664543, 40.719445 ], [ 22.663867, 40.719815 ], [ 22.662467, 40.721018 ], [ 22.659396, 40.723342 ], [ 22.657142, 40.725609 ], [ 22.65651, 40.725974 ], [ 22.656354, 40.726344 ], [ 22.655938, 40.726295 ], [ 22.654777, 40.72734 ], [ 22.653972, 40.72846 ], [ 22.65391, 40.729271 ], [ 22.653398, 40.730688 ], [ 22.653304, 40.731212 ], [ 22.653449, 40.732275 ], [ 22.653599, 40.732791 ], [ 22.654055, 40.733645 ], [ 22.654141, 40.7346 ], [ 22.654393, 40.735251 ], [ 22.654463, 40.73571 ], [ 22.654495, 40.737137 ], [ 22.654366, 40.737905 ], [ 22.654018, 40.738978 ], [ 22.653347, 40.740059 ], [ 22.652537, 40.741624 ], [ 22.651952, 40.742335 ], [ 22.651647, 40.742555 ], [ 22.650139, 40.743103 ], [ 22.648401, 40.743526 ], [ 22.645247, 40.744465 ], [ 22.643949, 40.745095 ], [ 22.643053, 40.745662 ], [ 22.642264, 40.746607 ], [ 22.641988, 40.747226 ], [ 22.64201, 40.747899 ], [ 22.641625, 40.748159 ], [ 22.641052, 40.74883 ], [ 22.640879, 40.749464 ], [ 22.640674, 40.749534 ], [ 22.640577, 40.750088 ], [ 22.641073, 40.751101 ], [ 22.641033, 40.751922 ], [ 22.640695, 40.754665 ], [ 22.639998, 40.757248 ], [ 22.639335, 40.759034 ], [ 22.638595, 40.760687 ], [ 22.637879, 40.761992 ], [ 22.637141, 40.763015 ], [ 22.63646, 40.764572 ], [ 22.635693, 40.765575 ], [ 22.635065, 40.766156 ], [ 22.634545, 40.766806 ], [ 22.634314, 40.767237 ], [ 22.634143, 40.767781 ], [ 22.6341, 40.769126 ] ], [ [ 22.639756, 40.773968 ], [ 22.640237, 40.774214 ], [ 22.640931, 40.774751 ], [ 22.641604, 40.775588 ], [ 22.641658, 40.775756 ], [ 22.641583, 40.77585 ], [ 22.640971, 40.775685 ], [ 22.64062, 40.77547 ], [ 22.640046, 40.774753 ], [ 22.639756, 40.773968 ] ], [ [ 22.647625, 40.788244 ], [ 22.647795, 40.788291 ], [ 22.648889, 40.789859 ], [ 22.649699, 40.790769 ], [ 22.649823, 40.791041 ], [ 22.649721, 40.791943 ], [ 22.649522, 40.792306 ], [ 22.649077, 40.792698 ], [ 22.648954, 40.792665 ], [ 22.648755, 40.792442 ], [ 22.648492, 40.791711 ], [ 22.647822, 40.790838 ], [ 22.647693, 40.790452 ], [ 22.647736, 40.78941 ], [ 22.647625, 40.788244 ] ], [ [ 22.653559, 40.731082 ], [ 22.653665, 40.730674 ], [ 22.653747, 40.730647 ], [ 22.654026, 40.731495 ], [ 22.654702, 40.733013 ], [ 22.65486, 40.733596 ], [ 22.654895, 40.734324 ], [ 22.654704, 40.734616 ], [ 22.654541, 40.734578 ], [ 22.654439, 40.73446 ], [ 22.654208, 40.733428 ], [ 22.653709, 40.732265 ], [ 22.653559, 40.731082 ] ], [ [ 22.654733, 40.738339 ], [ 22.654911, 40.738145 ], [ 22.654911, 40.738727 ], [ 22.654729, 40.738478 ], [ 22.654733, 40.738339 ] ], [ [ 22.667984, 40.718589 ], [ 22.670495, 40.716715 ], [ 22.670621, 40.716745 ], [ 22.670492, 40.717711 ], [ 22.669695, 40.718467 ], [ 22.669129, 40.718652 ], [ 22.668095, 40.71871 ], [ 22.667984, 40.718589 ] ], [ [ 22.672978, 40.714411 ], [ 22.674208, 40.713388 ], [ 22.674247, 40.713391 ], [ 22.674057, 40.713818 ], [ 22.673678, 40.714232 ], [ 22.673035, 40.71447 ], [ 22.672978, 40.714411 ] ], [ [ 22.674059, 40.713216 ], [ 22.674224, 40.712935 ], [ 22.674342, 40.712945 ], [ 22.674213, 40.713202 ], [ 22.674059, 40.713216 ] ], [ [ 22.674462, 40.713051 ], [ 22.674765, 40.712583 ], [ 22.674987, 40.712415 ], [ 22.677543, 40.710943 ], [ 22.678278, 40.710582 ], [ 22.678616, 40.710499 ], [ 22.678329, 40.710983 ], [ 22.676752, 40.712073 ], [ 22.674604, 40.713222 ], [ 22.674472, 40.713202 ], [ 22.674462, 40.713051 ] ], [ [ 22.689907, 40.69596 ], [ 22.690134, 40.695825 ], [ 22.690313, 40.695936 ], [ 22.690308, 40.696108 ], [ 22.690102, 40.696296 ], [ 22.689929, 40.696279 ], [ 22.689994, 40.696146 ], [ 22.689907, 40.69596 ] ], [ [ 22.690449, 40.696732 ], [ 22.690547, 40.696661 ], [ 22.690657, 40.696652 ], [ 22.690592, 40.696774 ], [ 22.690449, 40.696732 ] ], [ [ 22.690446, 40.696171 ], [ 22.690452, 40.695762 ], [ 22.690507, 40.695731 ], [ 22.690621, 40.695912 ], [ 22.690516, 40.696195 ], [ 22.690446, 40.696171 ] ], [ [ 22.690871, 40.696192 ], [ 22.690931, 40.696042 ], [ 22.691016, 40.696062 ], [ 22.690977, 40.696199 ], [ 22.690871, 40.696192 ] ], [ [ 22.691341, 40.696228 ], [ 22.691427, 40.696006 ], [ 22.691539, 40.696023 ], [ 22.691523, 40.696222 ], [ 22.691341, 40.696228 ] ] ] ] } },
{ "type": "Feature", "properties": { "fclass": "water", "name": null, "name:el": null, "name:en": null }, "geometry": { "type": "MultiPolygon", "coordinates": [ [ [ [ 22.641178, 40.75003 ], [ 22.642039, 40.750088 ], [ 22.642122, 40.74938 ], [ 22.641261, 40.749322 ], [ 22.641178, 40.75003 ] ] ] ] } },
{ "type": "Feature", "properties": { "fclass": "wetland", "name": null, "name:el": null, "name:en": null }, "geometry": { "type": "MultiPolygon", "coordinates": [ [ [ [ 22.642044, 40.750045 ], [ 22.642439, 40.75036 ], [ 22.642626, 40.75037 ], [ 22.64332, 40.750131 ], [ 22.642044, 40.750045 ] ] ] ] } },
{ "type": "Feature", "properties": { "fclass": "water", "name": null, "name:el": null, "name:en": null }, "geometry": { "type": "MultiPolygon", "coordinates": [ [ [ [ 22.653604, 40.750865 ], [ 22.654496, 40.750925 ], [ 22.654579, 40.750217 ], [ 22.653687, 40.750157 ], [ 22.653604, 40.750865 ] ] ] ] } },
{ "type": "Feature", "properties": { "fclass": "wetland", "name": null, "name:el": null, "name:en": null }, "geometry": { "type": "MultiPolygon", "coordinates": [ [ [ [ 22.644481, 40.750209 ], [ 22.645829, 40.750555 ], [ 22.64724, 40.75075 ], [ 22.649294, 40.750602 ], [ 22.650357, 40.750711 ], [ 22.650675, 40.750625 ], [ 22.644481, 40.750209 ] ] ] ] } },
{ "type": "Feature", "properties": { "fclass": "wetland", "name": null, "name:el": null, "name:en": null }, "geometry": { "type": "MultiPolygon", "coordinates": [ [ [ [ 22.639948, 40.763126 ], [ 22.641865, 40.766187 ], [ 22.644206, 40.765538 ], [ 22.647134, 40.76436 ], [ 22.650634, 40.763647 ], [ 22.652471, 40.762785 ], [ 22.653845, 40.761917 ], [ 22.654341, 40.759669 ], [ 22.654024, 40.756731 ], [ 22.653886, 40.754169 ], [ 22.654479, 40.751896 ], [ 22.654382, 40.751311 ], [ 22.654496, 40.750925 ], [ 22.650675, 40.750625 ], [ 22.650357, 40.750711 ], [ 22.649294, 40.750602 ], [ 22.64724, 40.75075 ], [ 22.645829, 40.750555 ], [ 22.644614, 40.750262 ], [ 22.644584, 40.750313 ], [ 22.644546, 40.750213 ], [ 22.64332, 40.750131 ], [ 22.64281, 40.750335 ], [ 22.642439, 40.75036 ], [ 22.642608, 40.750693 ], [ 22.642377, 40.751201 ], [ 22.642087, 40.753332 ], [ 22.641449, 40.755921 ], [ 22.640516, 40.758782 ], [ 22.640559, 40.761087 ], [ 22.639851, 40.762566 ], [ 22.639948, 40.763126 ] ] ] ] } },
{ "type": "Feature", "properties": { "fclass": "water", "name": null, "name:el": null, "name:en": null }, "geometry": { "type": "MultiPolygon", "coordinates": [ [ [ [ 22.646374, 40.797071 ], [ 22.646367, 40.797451 ], [ 22.64663, 40.797476 ], [ 22.646796, 40.797182 ], [ 22.647182, 40.796907 ], [ 22.647448, 40.796817 ], [ 22.647461, 40.796658 ], [ 22.647215, 40.796645 ], [ 22.646879, 40.796953 ], [ 22.646374, 40.797071 ] ] ] ] } },
{ "type": "Feature", "properties": { "fclass": "wetland", "name": null, "name:el": null, "name:en": null }, "geometry": { "type": "MultiPolygon", "coordinates": [ [ [ [ 22.643647, 40.80125 ], [ 22.643772, 40.801308 ], [ 22.64404, 40.801145 ], [ 22.644786, 40.800292 ], [ 22.644937, 40.799081 ], [ 22.64551, 40.798683 ], [ 22.646045, 40.797989 ], [ 22.645994, 40.797887 ], [ 22.645659, 40.79797 ], [ 22.645335, 40.7986 ], [ 22.645081, 40.798804 ], [ 22.644804, 40.79887 ], [ 22.644849, 40.799288 ], [ 22.644678, 40.800119 ], [ 22.643999, 40.800526 ], [ 22.643953, 40.800938 ], [ 22.643844, 40.80103 ], [ 22.643725, 40.801025 ], [ 22.643647, 40.80125 ] ] ] ] } },
{ "type": "Feature", "properties": { "fclass": "wetland", "name": null, "name:el": null, "name:en": null }, "geometry": { "type": "MultiPolygon", "coordinates": [ [ [ [ 22.641476, 40.801519 ], [ 22.641599, 40.801288 ], [ 22.641592, 40.800979 ], [ 22.641473, 40.801187 ], [ 22.641476, 40.801519 ] ] ] ] } },
{ "type": "Feature", "properties": { "fclass": "water", "name": null, "name:el": null, "name:en": null }, "geometry": { "type": "MultiPolygon", "coordinates": [ [ [ [ 22.83116, 40.664954 ], [ 22.831399, 40.6651 ], [ 22.831521, 40.66496 ], [ 22.831269, 40.664832 ], [ 22.83116, 40.664954 ] ] ] ] } },
{ "type": "Feature", "properties": { "fclass": "water", "name": null, "name:el": null, "name:en": null }, "geometry": { "type": "MultiPolygon", "coordinates": [ [ [ [ 22.779645, 40.675353 ], [ 22.779886, 40.675497 ], [ 22.781058, 40.674257 ], [ 22.782973, 40.67272 ], [ 22.782993, 40.672607 ], [ 22.782869, 40.672557 ], [ 22.782432, 40.672953 ], [ 22.780589, 40.674281 ], [ 22.780309, 40.674365 ], [ 22.779938, 40.674647 ], [ 22.779775, 40.67482 ], [ 22.779944, 40.674874 ], [ 22.780368, 40.674533 ], [ 22.780146, 40.674938 ], [ 22.779853, 40.674973 ], [ 22.779827, 40.675087 ], [ 22.779638, 40.675052 ], [ 22.779645, 40.675353 ] ] ] ] } },
{ "type": "Feature", "properties": { "fclass": "water", "name": null, "name:el": null, "name:en": null }, "geometry": { "type": "MultiPolygon", "coordinates": [ [ [ [ 22.828451, 40.70079 ], [ 22.828585, 40.700809 ], [ 22.828696, 40.701085 ], [ 22.828536, 40.701179 ], [ 22.82857, 40.701288 ], [ 22.82882, 40.70127 ], [ 22.828724, 40.701114 ], [ 22.828921, 40.701034 ], [ 22.829032, 40.701067 ], [ 22.829128, 40.701238 ], [ 22.829061, 40.701005 ], [ 22.828888, 40.700838 ], [ 22.82871, 40.700805 ], [ 22.82858, 40.70055 ], [ 22.828494, 40.700547 ], [ 22.828427, 40.700652 ], [ 22.828451, 40.70079 ] ] ] ] } },
{ "type": "Feature", "properties": { "fclass": "water", "name": null, "name:el": null, "name:en": null }, "geometry": { "type": "MultiPolygon", "coordinates": [ [ [ [ 22.827765, 40.701872 ], [ 22.827736, 40.702047 ], [ 22.827942, 40.702571 ], [ 22.827904, 40.702757 ], [ 22.828014, 40.702822 ], [ 22.82837, 40.70268 ], [ 22.828456, 40.702498 ], [ 22.828115, 40.702469 ], [ 22.828053, 40.702291 ], [ 22.828139, 40.701847 ], [ 22.828331, 40.701716 ], [ 22.828615, 40.701679 ], [ 22.828615, 40.70149 ], [ 22.828475, 40.701381 ], [ 22.828216, 40.701417 ], [ 22.827933, 40.701344 ], [ 22.827707, 40.701486 ], [ 22.827674, 40.701774 ], [ 22.827765, 40.701872 ] ] ] ] } },
{ "type": "Feature", "properties": { "fclass": "water", "name": null, "name:el": null, "name:en": null }, "geometry": { "type": "MultiPolygon", "coordinates": [ [ [ [ 22.828029, 40.705092 ], [ 22.827962, 40.704979 ], [ 22.828168, 40.704386 ], [ 22.828029, 40.704229 ], [ 22.828164, 40.704109 ], [ 22.828077, 40.703829 ], [ 22.827981, 40.703861 ], [ 22.827952, 40.704062 ], [ 22.828111, 40.70444 ], [ 22.827851, 40.705172 ], [ 22.828029, 40.705092 ] ] ] ] } },
{ "type": "Feature", "properties": { "fclass": "water", "name": null, "name:el": null, "name:en": null }, "geometry": { "type": "MultiPolygon", "coordinates": [ [ [ [ 22.827587, 40.70679 ], [ 22.827745, 40.706939 ], [ 22.827832, 40.706899 ], [ 22.827774, 40.706648 ], [ 22.827707, 40.706659 ], [ 22.827755, 40.70636 ], [ 22.827985, 40.706153 ], [ 22.827933, 40.705916 ], [ 22.828, 40.705832 ], [ 22.827779, 40.705967 ], [ 22.827577, 40.706531 ], [ 22.827587, 40.70679 ] ] ] ] } },
{ "type": "Feature", "properties": { "fclass": "water", "name": null, "name:el": null, "name:en": null }, "geometry": { "type": "MultiPolygon", "coordinates": [ [ [ [ 22.823212, 40.773011 ], [ 22.823415, 40.773037 ], [ 22.82361, 40.77281 ], [ 22.823521, 40.772689 ], [ 22.823256, 40.772709 ], [ 22.823159, 40.77289 ], [ 22.823212, 40.773011 ] ] ] ] } },
{ "type": "Feature", "properties": { "fclass": "water", "name": null, "name:el": null, "name:en": null }, "geometry": { "type": "MultiPolygon", "coordinates": [ [ [ [ 22.737403, 40.773292 ], [ 22.737415, 40.773612 ], [ 22.737581, 40.773633 ], [ 22.737655, 40.77355 ], [ 22.737588, 40.773309 ], [ 22.737403, 40.773292 ] ] ] ] } },
{ "type": "Feature", "properties": { "fclass": "water", "name": null, "name:el": null, "name:en": null }, "geometry": { "type": "MultiPolygon", "coordinates": [ [ [ [ 22.737037, 40.77426 ], [ 22.737109, 40.774348 ], [ 22.737066, 40.774569 ], [ 22.737143, 40.774205 ], [ 22.737529, 40.773756 ], [ 22.737282, 40.773751 ], [ 22.737037, 40.77426 ] ] ] ] } },
{ "type": "Feature", "properties": { "fclass": "water", "name": null, "name:el": null, "name:en": null }, "geometry": { "type": "MultiPolygon", "coordinates": [ [ [ [ 22.816887, 40.819853 ], [ 22.817319, 40.821118 ], [ 22.817262, 40.821772 ], [ 22.817488, 40.822539 ], [ 22.817882, 40.822596 ], [ 22.818652, 40.822383 ], [ 22.819084, 40.821914 ], [ 22.819591, 40.821701 ], [ 22.819911, 40.82126 ], [ 22.819911, 40.820961 ], [ 22.820192, 40.820578 ], [ 22.820192, 40.820251 ], [ 22.819836, 40.82018 ], [ 22.819779, 40.819853 ], [ 22.81931, 40.819526 ], [ 22.818652, 40.818858 ], [ 22.817938, 40.819128 ], [ 22.817206, 40.819568 ], [ 22.816887, 40.819853 ] ] ] ] } },
{ "type": "Feature", "properties": { "fclass": "wetland", "name": null, "name:el": null, "name:en": null }, "geometry": { "type": "MultiPolygon", "coordinates": [ [ [ [ 22.642847, 40.803589 ], [ 22.642915, 40.803723 ], [ 22.643224, 40.803822 ], [ 22.643337, 40.803932 ], [ 22.643362, 40.804685 ], [ 22.643621, 40.805157 ], [ 22.643859, 40.806211 ], [ 22.644055, 40.806297 ], [ 22.64383, 40.805413 ], [ 22.643445, 40.804683 ], [ 22.643438, 40.804345 ], [ 22.643605, 40.804066 ], [ 22.643252, 40.802862 ], [ 22.643061, 40.802514 ], [ 22.6432, 40.802241 ], [ 22.643447, 40.802056 ], [ 22.643461, 40.801666 ], [ 22.643722, 40.801065 ], [ 22.643678, 40.800919 ], [ 22.643491, 40.801241 ], [ 22.643169, 40.801557 ], [ 22.643279, 40.801751 ], [ 22.643258, 40.801911 ], [ 22.642941, 40.802505 ], [ 22.643122, 40.802826 ], [ 22.643164, 40.803289 ], [ 22.642847, 40.803589 ] ] ] ] } },
{ "type": "Feature", "properties": { "fclass": "wetland", "name": null, "name:el": null, "name:en": null }, "geometry": { "type": "MultiPolygon", "coordinates": [ [ [ [ 22.642546, 40.804499 ], [ 22.642732, 40.804771 ], [ 22.642839, 40.804763 ], [ 22.643008, 40.804441 ], [ 22.642899, 40.80385 ], [ 22.642752, 40.803925 ], [ 22.642546, 40.804499 ] ] ] ] } },
{ "type": "Feature", "properties": { "fclass": "wetland", "name": null, "name:el": null, "name:en": null }, "geometry": { "type": "MultiPolygon", "coordinates": [ [ [ [ 22.641139, 40.808171 ], [ 22.641349, 40.808296 ], [ 22.641631, 40.808699 ], [ 22.641723, 40.808628 ], [ 22.641566, 40.80853 ], [ 22.641197, 40.80798 ], [ 22.641006, 40.80795 ], [ 22.640929, 40.808157 ], [ 22.641139, 40.808171 ] ] ] ] } },
{ "type": "Feature", "properties": { "fclass": "wetland", "name": null, "name:el": null, "name:en": null }, "geometry": { "type": "MultiPolygon", "coordinates": [ [ [ [ 22.641385, 40.809134 ], [ 22.641565, 40.809195 ], [ 22.642266, 40.808649 ], [ 22.643457, 40.808281 ], [ 22.642705, 40.808382 ], [ 22.641723, 40.808628 ], [ 22.641385, 40.809134 ] ] ] ] } },
{ "type": "Feature", "properties": { "fclass": "wetland", "name": null, "name:el": null, "name:en": null }, "geometry": { "type": "MultiPolygon", "coordinates": [ [ [ [ 22.625768, 40.736132 ], [ 22.626714, 40.735244 ], [ 22.626862, 40.734962 ], [ 22.626562, 40.734571 ], [ 22.626075, 40.734483 ], [ 22.625923, 40.734281 ], [ 22.625783, 40.734467 ], [ 22.625768, 40.736132 ] ] ] ] } },
{ "type": "Feature", "properties": { "fclass": "wetland", "name": null, "name:el": null, "name:en": null }, "geometry": { "type": "MultiPolygon", "coordinates": [ [ [ [ 22.614858, 40.738334 ], [ 22.614771, 40.739539 ], [ 22.616109, 40.739493 ], [ 22.616485, 40.739294 ], [ 22.616618, 40.73913 ], [ 22.616817, 40.73908 ], [ 22.616889, 40.738933 ], [ 22.616032, 40.738874 ], [ 22.616135, 40.736657 ], [ 22.614987, 40.736628 ], [ 22.614925, 40.737856 ], [ 22.614141, 40.737847 ], [ 22.614137, 40.738321 ], [ 22.614858, 40.738334 ] ] ] ] } },
{ "type": "Feature", "properties": { "fclass": "wetland", "name": null, "name:el": null, "name:en": null }, "geometry": { "type": "MultiPolygon", "coordinates": [ [ [ [ 22.60376, 40.74143 ], [ 22.603631, 40.742739 ], [ 22.604958, 40.74278 ], [ 22.605094, 40.740447 ], [ 22.605235, 40.740371 ], [ 22.605629, 40.740352 ], [ 22.605555, 40.740129 ], [ 22.605302, 40.740092 ], [ 22.605182, 40.73991 ], [ 22.605849, 40.739759 ], [ 22.605799, 40.739652 ], [ 22.605032, 40.739721 ], [ 22.604116, 40.740042 ], [ 22.603834, 40.740428 ], [ 22.60359, 40.741323 ], [ 22.60376, 40.74143 ] ] ] ] } },
{ "type": "Feature", "properties": { "fclass": "wetland", "name": null, "name:el": null, "name:en": null }, "geometry": { "type": "MultiPolygon", "coordinates": [ [ [ [ 22.644308, 40.82316 ], [ 22.644395, 40.82284 ], [ 22.644328, 40.8226 ], [ 22.644217, 40.822796 ], [ 22.644308, 40.82316 ] ] ] ] } },
{ "type": "Feature", "properties": { "fclass": "wetland", "name": null, "name:el": null, "name:en": null }, "geometry": { "type": "MultiPolygon", "coordinates": [ [ [ [ 22.644436, 40.827402 ], [ 22.644572, 40.8277 ], [ 22.644765, 40.827757 ], [ 22.64602, 40.827466 ], [ 22.646134, 40.827358 ], [ 22.645191, 40.827314 ], [ 22.644764, 40.827512 ], [ 22.644436, 40.827402 ] ] ] ] } },
{ "type": "Feature", "properties": { "fclass": "water", "name": null, "name:el": null, "name:en": null }, "geometry": { "type": "MultiPolygon", "coordinates": [ [ [ [ 22.643886, 40.833692 ], [ 22.643966, 40.833801 ], [ 22.643931, 40.834149 ], [ 22.644067, 40.83424 ], [ 22.644378, 40.833505 ], [ 22.644518, 40.833371 ], [ 22.644718, 40.832794 ], [ 22.644577, 40.832441 ], [ 22.644685, 40.832195 ], [ 22.644287, 40.831757 ], [ 22.644389, 40.831699 ], [ 22.6447, 40.831865 ], [ 22.644809, 40.831766 ], [ 22.644902, 40.830968 ], [ 22.644859, 40.830402 ], [ 22.644944, 40.830281 ], [ 22.644999, 40.829691 ], [ 22.644753, 40.829593 ], [ 22.644728, 40.829511 ], [ 22.645019, 40.829414 ], [ 22.645129, 40.828535 ], [ 22.644969, 40.828417 ], [ 22.644809, 40.828534 ], [ 22.64471, 40.829273 ], [ 22.644583, 40.829353 ], [ 22.644713, 40.829567 ], [ 22.644608, 40.829757 ], [ 22.644615, 40.830305 ], [ 22.644482, 40.830539 ], [ 22.644462, 40.83088 ], [ 22.644234, 40.831085 ], [ 22.644217, 40.831759 ], [ 22.644435, 40.832077 ], [ 22.64438, 40.832479 ], [ 22.644578, 40.832664 ], [ 22.644538, 40.833261 ], [ 22.644235, 40.833564 ], [ 22.643993, 40.833505 ], [ 22.643886, 40.833692 ] ] ] ] } },
{ "type": "Feature", "properties": { "fclass": "wetland", "name": null, "name:el": null, "name:en": null }, "geometry": { "type": "MultiPolygon", "coordinates": [ [ [ [ 22.643752, 40.833163 ], [ 22.643868, 40.833308 ], [ 22.644091, 40.833497 ], [ 22.64384, 40.833183 ], [ 22.643752, 40.833163 ] ] ] ] } },
{ "type": "Feature", "properties": { "fclass": "riverbank", "name": "Αξιός", "name:el": null, "name:en": null }, "geometry": { "type": "MultiPolygon", "coordinates": [ [ [ [ 22.633958, 40.856503 ], [ 22.634786, 40.855719 ], [ 22.635344, 40.854971 ], [ 22.635846, 40.854593 ], [ 22.636599, 40.853507 ], [ 22.637533, 40.853298 ], [ 22.63761, 40.853147 ], [ 22.637459, 40.852875 ], [ 22.637611, 40.852636 ], [ 22.639459, 40.851334 ], [ 22.640026, 40.850535 ], [ 22.640655, 40.84932 ], [ 22.641643, 40.847884 ], [ 22.642173, 40.84678 ], [ 22.642586, 40.845681 ], [ 22.642543, 40.84417 ], [ 22.642717, 40.844077 ], [ 22.642539, 40.843661 ], [ 22.642236, 40.841834 ], [ 22.641826, 40.841044 ], [ 22.641581, 40.840905 ], [ 22.641544, 40.840501 ], [ 22.641352, 40.840092 ], [ 22.64141, 40.839894 ], [ 22.641151, 40.839591 ], [ 22.64117, 40.838221 ], [ 22.640334, 40.839324 ], [ 22.641657, 40.842123 ], [ 22.64161, 40.84441 ], [ 22.64098, 40.84762 ], [ 22.639466, 40.850284 ], [ 22.634557, 40.855481 ], [ 22.633796, 40.855981 ], [ 22.633958, 40.856503 ] ], [ [ 22.636964, 40.853294 ], [ 22.637267, 40.852897 ], [ 22.637371, 40.852839 ], [ 22.63736, 40.853076 ], [ 22.637491, 40.853274 ], [ 22.63721, 40.853338 ], [ 22.636964, 40.853294 ] ], [ [ 22.641402, 40.845659 ], [ 22.641615, 40.845721 ], [ 22.64149, 40.84594 ], [ 22.641433, 40.845905 ], [ 22.641402, 40.845659 ] ], [ [ 22.641535, 40.845517 ], [ 22.641639, 40.844334 ], [ 22.641757, 40.844149 ], [ 22.641941, 40.844356 ], [ 22.642046, 40.844744 ], [ 22.641945, 40.845319 ], [ 22.641769, 40.845656 ], [ 22.641535, 40.845517 ] ] ], [ [ [ 22.643767, 40.833057 ], [ 22.644068, 40.832145 ], [ 22.644083, 40.831234 ], [ 22.643981, 40.830674 ], [ 22.644229, 40.829557 ], [ 22.644626, 40.828518 ], [ 22.644829, 40.828226 ], [ 22.644783, 40.827982 ], [ 22.644539, 40.827647 ], [ 22.644153, 40.826736 ], [ 22.643923, 40.826495 ], [ 22.643845, 40.826647 ], [ 22.644582, 40.827932 ], [ 22.644619, 40.828099 ], [ 22.644466, 40.828612 ], [ 22.644123, 40.829248 ], [ 22.643731, 40.828584 ], [ 22.643804, 40.828113 ], [ 22.643658, 40.827011 ], [ 22.643189, 40.827921 ], [ 22.642948, 40.82891 ], [ 22.643179, 40.829489 ], [ 22.643096, 40.830971 ], [ 22.643787, 40.832842 ], [ 22.643767, 40.833057 ] ] ], [ [ [ 22.64393, 40.821882 ], [ 22.644536, 40.821464 ], [ 22.645, 40.820376 ], [ 22.645234, 40.819405 ], [ 22.645184, 40.819215 ], [ 22.645417, 40.817788 ], [ 22.645331, 40.816457 ], [ 22.644779, 40.814915 ], [ 22.644421, 40.813463 ], [ 22.643976, 40.812638 ], [ 22.643695, 40.81108 ], [ 22.643753, 40.810607 ], [ 22.643655, 40.810066 ], [ 22.643841, 40.809445 ], [ 22.643748, 40.808978 ], [ 22.643959, 40.808563 ], [ 22.644733, 40.807604 ], [ 22.644318, 40.806496 ], [ 22.643713, 40.806134 ], [ 22.643426, 40.80574 ], [ 22.642971, 40.805582 ], [ 22.642393, 40.805106 ], [ 22.641873, 40.804253 ], [ 22.64184, 40.803929 ], [ 22.642406, 40.802344 ], [ 22.642936, 40.801695 ], [ 22.643546, 40.801148 ], [ 22.643643, 40.800538 ], [ 22.643466, 40.799977 ], [ 22.64345, 40.799557 ], [ 22.64408, 40.798333 ], [ 22.64498, 40.797375 ], [ 22.647602, 40.795854 ], [ 22.648519, 40.794954 ], [ 22.649105, 40.794206 ], [ 22.647688, 40.793709 ], [ 22.647331, 40.794475 ], [ 22.646281, 40.795557 ], [ 22.645668, 40.795985 ], [ 22.644696, 40.796277 ], [ 22.644099, 40.79665 ], [ 22.643909, 40.796858 ], [ 22.643288, 40.797115 ], [ 22.642457, 40.797728 ], [ 22.64228, 40.798061 ], [ 22.642353, 40.798175 ], [ 22.642554, 40.798231 ], [ 22.642559, 40.798463 ], [ 22.641934, 40.79915 ], [ 22.641578, 40.799811 ], [ 22.641515, 40.800136 ], [ 22.641006, 40.800933 ], [ 22.640829, 40.801164 ], [ 22.640621, 40.801099 ], [ 22.640509, 40.801186 ], [ 22.640416, 40.802091 ], [ 22.640478, 40.803506 ], [ 22.640878, 40.804684 ], [ 22.640974, 40.805664 ], [ 22.640499, 40.806771 ], [ 22.640312, 40.807907 ], [ 22.640116, 40.807949 ], [ 22.640318, 40.808423 ], [ 22.640184, 40.808678 ], [ 22.64021, 40.809248 ], [ 22.639738, 40.810279 ], [ 22.639738, 40.810486 ], [ 22.639354, 40.811079 ], [ 22.639276, 40.812529 ], [ 22.63963, 40.81327 ], [ 22.639773, 40.813391 ], [ 22.639689, 40.813644 ], [ 22.639779, 40.814123 ], [ 22.64074, 40.814106 ], [ 22.640376, 40.813459 ], [ 22.639936, 40.813238 ], [ 22.640012, 40.813069 ], [ 22.639947, 40.812784 ], [ 22.64003, 40.812281 ], [ 22.639853, 40.811864 ], [ 22.639998, 40.811365 ], [ 22.639915, 40.810951 ], [ 22.640242, 40.809901 ], [ 22.640372, 40.809654 ], [ 22.640482, 40.809626 ], [ 22.640709, 40.809849 ], [ 22.640819, 40.810397 ], [ 22.640714, 40.811158 ], [ 22.640475, 40.811615 ], [ 22.640498, 40.811994 ], [ 22.640811, 40.812573 ], [ 22.641014, 40.812776 ], [ 22.641452, 40.813006 ], [ 22.641523, 40.813131 ], [ 22.640914, 40.814103 ], [ 22.641292, 40.814044 ], [ 22.641796, 40.813246 ], [ 22.641709, 40.813076 ], [ 22.640907, 40.812309 ], [ 22.640725, 40.811938 ], [ 22.640714, 40.811622 ], [ 22.640934, 40.811156 ], [ 22.641014, 40.81053 ], [ 22.641146, 40.810421 ], [ 22.642015, 40.811316 ], [ 22.642425, 40.811944 ], [ 22.642618, 40.812457 ], [ 22.643364, 40.81332 ], [ 22.643962, 40.814185 ], [ 22.644005, 40.814813 ], [ 22.644505, 40.815355 ], [ 22.644813, 40.816119 ], [ 22.644774, 40.816479 ], [ 22.644908, 40.816893 ], [ 22.64472, 40.817427 ], [ 22.644796, 40.818582 ], [ 22.644509, 40.820073 ], [ 22.644174, 40.820637 ], [ 22.643531, 40.820996 ], [ 22.64393, 40.821882 ] ], [ [ 22.640792, 40.808863 ], [ 22.641127, 40.807593 ], [ 22.641264, 40.806344 ], [ 22.641723, 40.804994 ], [ 22.642459, 40.805514 ], [ 22.642984, 40.806045 ], [ 22.643879, 40.806639 ], [ 22.644389, 40.807301 ], [ 22.644236, 40.807802 ], [ 22.643571, 40.808306 ], [ 22.643367, 40.808637 ], [ 22.643348, 40.809633 ], [ 22.643238, 40.810041 ], [ 22.643353, 40.810673 ], [ 22.643204, 40.810694 ], [ 22.641862, 40.809906 ], [ 22.64084, 40.809128 ], [ 22.640792, 40.808863 ] ], [ [ 22.641144, 40.802688 ], [ 22.641625, 40.801727 ], [ 22.641912, 40.801731 ], [ 22.641985, 40.802119 ], [ 22.641829, 40.802649 ], [ 22.641238, 40.803333 ], [ 22.641133, 40.803223 ], [ 22.641144, 40.802688 ] ], [ [ 22.641476, 40.801519 ], [ 22.641497, 40.801112 ], [ 22.641592, 40.800979 ], [ 22.641599, 40.801288 ], [ 22.641476, 40.801519 ] ], [ [ 22.641708, 40.801501 ], [ 22.642304, 40.799796 ], [ 22.642754, 40.799301 ], [ 22.643104, 40.799115 ], [ 22.643167, 40.799154 ], [ 22.643089, 40.799819 ], [ 22.643444, 40.800599 ], [ 22.64336, 40.800781 ], [ 22.642989, 40.801252 ], [ 22.642728, 40.801371 ], [ 22.642278, 40.801849 ], [ 22.64208, 40.801842 ], [ 22.641949, 40.801687 ], [ 22.641714, 40.801691 ], [ 22.641708, 40.801501 ] ], [ [ 22.642506, 40.797893 ], [ 22.64279, 40.797609 ], [ 22.643297, 40.797303 ], [ 22.643852, 40.796998 ], [ 22.644088, 40.796993 ], [ 22.643385, 40.797847 ], [ 22.642997, 40.798112 ], [ 22.642533, 40.798105 ], [ 22.642506, 40.797893 ] ] ] ] } },
{ "type": "Feature", "properties": { "fclass": "wetland", "name": null, "name:el": null, "name:en": null }, "geometry": { "type": "MultiPolygon", "coordinates": [ [ [ [ 23.144036, 40.700962 ], [ 23.14417, 40.700949 ], [ 23.14456, 40.701203 ], [ 23.144623, 40.701136 ], [ 23.145048, 40.701172 ], [ 23.145159, 40.7013 ], [ 23.145216, 40.701279 ], [ 23.145121, 40.701086 ], [ 23.145297, 40.70097 ], [ 23.145206, 40.700743 ], [ 23.144743, 40.700575 ], [ 23.144562, 40.700375 ], [ 23.144479, 40.700539 ], [ 23.144361, 40.700548 ], [ 23.144026, 40.700863 ], [ 23.144036, 40.700962 ] ] ] ] } },
{ "type": "Feature", "properties": { "fclass": "wetland", "name": null, "name:el": null, "name:en": null }, "geometry": { "type": "MultiPolygon", "coordinates": [ [ [ [ 23.190865, 40.706839 ], [ 23.191566, 40.706511 ], [ 23.191517, 40.706447 ], [ 23.190754, 40.706697 ], [ 23.190865, 40.706839 ] ] ] ] } },
{ "type": "Feature", "properties": { "fclass": "water", "name": null, "name:el": null, "name:en": null }, "geometry": { "type": "MultiPolygon", "coordinates": [ [ [ [ 23.302601, 40.710589 ], [ 23.303411, 40.71037 ], [ 23.30354, 40.710252 ], [ 23.30347, 40.710211 ], [ 23.303149, 40.710292 ], [ 23.302591, 40.710508 ], [ 23.302601, 40.710589 ] ] ] ] } },
{ "type": "Feature", "properties": { "fclass": "water", "name": null, "name:el": null, "name:en": null }, "geometry": { "type": "MultiPolygon", "coordinates": [ [ [ [ 23.213923, 40.716904 ], [ 23.214039, 40.716928 ], [ 23.214106, 40.716868 ], [ 23.213946, 40.716814 ], [ 23.213923, 40.716904 ] ] ] ] } },
{ "type": "Feature", "properties": { "fclass": "water", "name": null, "name:el": null, "name:en": null }, "geometry": { "type": "MultiPolygon", "coordinates": [ [ [ [ 23.25006, 40.724579 ], [ 23.250121, 40.725048 ], [ 23.250333, 40.725161 ], [ 23.250347, 40.724702 ], [ 23.25006, 40.724579 ] ] ] ] } },
{ "type": "Feature", "properties": { "fclass": "reservoir", "name": null, "name:el": null, "name:en": null }, "geometry": { "type": "MultiPolygon", "coordinates": [ [ [ [ 23.300044, 40.725948 ], [ 23.300543, 40.726025 ], [ 23.300822, 40.725962 ], [ 23.301347, 40.726017 ], [ 23.301278, 40.725828 ], [ 23.300159, 40.725395 ], [ 23.300063, 40.725439 ], [ 23.299982, 40.72587 ], [ 23.300044, 40.725948 ] ] ] ] } },
{ "type": "Feature", "properties": { "fclass": "water", "name": null, "name:el": null, "name:en": null }, "geometry": { "type": "MultiPolygon", "coordinates": [ [ [ [ 23.177334, 40.733906 ], [ 23.177766, 40.734042 ], [ 23.177918, 40.734005 ], [ 23.177971, 40.73389 ], [ 23.177791, 40.733911 ], [ 23.177986, 40.73364 ], [ 23.177642, 40.733584 ], [ 23.177334, 40.733906 ] ] ] ] } },
{ "type": "Feature", "properties": { "fclass": "water", "name": null, "name:el": null, "name:en": null }, "geometry": { "type": "MultiPolygon", "coordinates": [ [ [ [ 23.166415, 40.741134 ], [ 23.166811, 40.741315 ], [ 23.167372, 40.741386 ], [ 23.167475, 40.741318 ], [ 23.167437, 40.74123 ], [ 23.166825, 40.741078 ], [ 23.166786, 40.740969 ], [ 23.166461, 40.741039 ], [ 23.166415, 40.741134 ] ] ] ] } },
{ "type": "Feature", "properties": { "fclass": "water", "name": null, "name:el": null, "name:en": null }, "geometry": { "type": "MultiPolygon", "coordinates": [ [ [ [ 23.160449, 40.741764 ], [ 23.160524, 40.741805 ], [ 23.16121, 40.741545 ], [ 23.161758, 40.741142 ], [ 23.161629, 40.741053 ], [ 23.161157, 40.741386 ], [ 23.160524, 40.741585 ], [ 23.160449, 40.741764 ] ] ] ] } },
{ "type": "Feature", "properties": { "fclass": "water", "name": null, "name:el": null, "name:en": null }, "geometry": { "type": "MultiPolygon", "coordinates": [ [ [ [ 23.145627, 40.746308 ], [ 23.145748, 40.746358 ], [ 23.146117, 40.746319 ], [ 23.146621, 40.746142 ], [ 23.145729, 40.746131 ], [ 23.145627, 40.746308 ] ] ] ] } },
{ "type": "Feature", "properties": { "fclass": "water", "name": null, "name:el": null, "name:en": null }, "geometry": { "type": "MultiPolygon", "coordinates": [ [ [ [ 23.402232, 40.750695 ], [ 23.402275, 40.751116 ], [ 23.402522, 40.751334 ], [ 23.402986, 40.751202 ], [ 23.403241, 40.751242 ], [ 23.403177, 40.751175 ], [ 23.40323, 40.75102 ], [ 23.403549, 40.750878 ], [ 23.403885, 40.750358 ], [ 23.403559, 40.750258 ], [ 23.402975, 40.750658 ], [ 23.402519, 40.750738 ], [ 23.402232, 40.750695 ] ] ] ] } },
{ "type": "Feature", "properties": { "fclass": "water", "name": null, "name:el": null, "name:en": null }, "geometry": { "type": "MultiPolygon", "coordinates": [ [ [ [ 23.371178, 40.752434 ], [ 23.371231, 40.752877 ], [ 23.371424, 40.753003 ], [ 23.371832, 40.752869 ], [ 23.372143, 40.752674 ], [ 23.371966, 40.752511 ], [ 23.371698, 40.75241 ], [ 23.371725, 40.752219 ], [ 23.371591, 40.752361 ], [ 23.371178, 40.752434 ] ] ] ] } },
{ "type": "Feature", "properties": { "fclass": "reservoir", "name": null, "name:el": null, "name:en": null }, "geometry": { "type": "MultiPolygon", "coordinates": [ [ [ [ 23.40977, 40.754123 ], [ 23.409856, 40.754322 ], [ 23.410059, 40.754196 ], [ 23.410004, 40.754028 ], [ 23.409822, 40.754042 ], [ 23.40977, 40.754123 ] ] ] ] } },
{ "type": "Feature", "properties": { "fclass": "water", "name": null, "name:el": null, "name:en": null }, "geometry": { "type": "MultiPolygon", "coordinates": [ [ [ [ 23.362081, 40.757307 ], [ 23.362252, 40.757356 ], [ 23.36243, 40.757295 ], [ 23.362662, 40.756864 ], [ 23.362504, 40.756088 ], [ 23.362353, 40.756168 ], [ 23.362272, 40.756374 ], [ 23.362077, 40.757024 ], [ 23.362081, 40.757307 ] ] ] ] } },
{ "type": "Feature", "properties": { "fclass": "water", "name": null, "name:el": null, "name:en": null }, "geometry": { "type": "MultiPolygon", "coordinates": [ [ [ [ 23.416125, 40.758557 ], [ 23.416485, 40.75872 ], [ 23.416714, 40.758678 ], [ 23.416924, 40.758278 ], [ 23.416947, 40.757921 ], [ 23.416555, 40.757793 ], [ 23.416167, 40.757783 ], [ 23.416326, 40.757949 ], [ 23.416331, 40.758214 ], [ 23.416125, 40.758557 ] ] ] ] } },
{ "type": "Feature", "properties": { "fclass": "water", "name": null, "name:el": null, "name:en": null }, "geometry": { "type": "MultiPolygon", "coordinates": [ [ [ [ 23.480114, 40.767937 ], [ 23.480268, 40.767957 ], [ 23.480177, 40.767817 ], [ 23.480088, 40.76786 ], [ 23.480114, 40.767937 ] ] ] ] } },
{ "type": "Feature", "properties": { "fclass": "water", "name": null, "name:el": null, "name:en": null }, "geometry": { "type": "MultiPolygon", "coordinates": [ [ [ [ 23.364627, 40.776101 ], [ 23.364695, 40.776146 ], [ 23.364944, 40.776013 ], [ 23.365527, 40.775971 ], [ 23.36529, 40.775698 ], [ 23.364667, 40.775912 ], [ 23.364627, 40.776101 ] ] ] ] } },
{ "type": "Feature", "properties": { "fclass": "wetland", "name": null, "name:el": null, "name:en": null }, "geometry": { "type": "MultiPolygon", "coordinates": [ [ [ [ 23.452695, 40.78588 ], [ 23.452546, 40.787773 ], [ 23.455939, 40.788121 ], [ 23.455533, 40.790434 ], [ 23.465527, 40.791269 ], [ 23.466528, 40.785349 ], [ 23.462152, 40.784287 ], [ 23.461692, 40.783687 ], [ 23.45677, 40.782868 ], [ 23.454957, 40.782649 ], [ 23.454046, 40.782333 ], [ 23.452189, 40.782153 ], [ 23.450878, 40.781695 ], [ 23.448774, 40.781411 ], [ 23.448587, 40.782733 ], [ 23.446603, 40.78272 ], [ 23.446416, 40.783487 ], [ 23.443427, 40.78243 ], [ 23.442224, 40.782573 ], [ 23.440691, 40.78458 ], [ 23.452695, 40.78588 ] ] ] ] } },
{ "type": "Feature", "properties": { "fclass": "water", "name": null, "name:el": null, "name:en": null }, "geometry": { "type": "MultiPolygon", "coordinates": [ [ [ [ 23.386734, 40.786303 ], [ 23.387063, 40.786691 ], [ 23.387807, 40.786648 ], [ 23.38786, 40.786531 ], [ 23.387742, 40.786349 ], [ 23.387803, 40.786272 ], [ 23.388474, 40.785758 ], [ 23.388767, 40.785731 ], [ 23.388889, 40.785611 ], [ 23.388486, 40.785623 ], [ 23.387795, 40.785989 ], [ 23.387466, 40.78594 ], [ 23.387137, 40.786063 ], [ 23.386734, 40.786303 ] ] ] ] } },
{ "type": "Feature", "properties": { "fclass": "water", "name": null, "name:el": null, "name:en": null }, "geometry": { "type": "MultiPolygon", "coordinates": [ [ [ [ 23.331239, 40.786253 ], [ 23.331412, 40.78639 ], [ 23.331526, 40.786336 ], [ 23.331359, 40.786207 ], [ 23.331239, 40.786253 ] ] ] ] } },
{ "type": "Feature", "properties": { "fclass": "water", "name": null, "name:el": null, "name:en": null }, "geometry": { "type": "MultiPolygon", "coordinates": [ [ [ [ 23.244141, 40.749404 ], [ 23.244705, 40.749679 ], [ 23.245324, 40.750284 ], [ 23.246201, 40.750662 ], [ 23.245603, 40.750185 ], [ 23.245155, 40.749699 ], [ 23.244831, 40.748976 ], [ 23.244356, 40.749106 ], [ 23.244128, 40.749295 ], [ 23.244141, 40.749404 ] ] ] ] } },
{ "type": "Feature", "properties": { "fclass": "water", "name": null, "name:el": null, "name:en": null }, "geometry": { "type": "MultiPolygon", "coordinates": [ [ [ [ 23.248702, 40.753156 ], [ 23.248981, 40.75364 ], [ 23.248857, 40.754058 ], [ 23.248922, 40.754188 ], [ 23.249447, 40.753819 ], [ 23.250188, 40.754107 ], [ 23.249903, 40.753701 ], [ 23.249539, 40.753384 ], [ 23.249528, 40.752969 ], [ 23.249067, 40.7529 ], [ 23.24875, 40.753002 ], [ 23.248702, 40.753156 ] ] ] ] } },
{ "type": "Feature", "properties": { "fclass": "water", "name": null, "name:el": null, "name:en": null }, "geometry": { "type": "MultiPolygon", "coordinates": [ [ [ [ 23.160234, 40.76375 ], [ 23.160348, 40.763822 ], [ 23.16041, 40.763782 ], [ 23.160425, 40.763512 ], [ 23.160339, 40.763526 ], [ 23.160234, 40.76375 ] ] ] ] } },
{ "type": "Feature", "properties": { "fclass": "water", "name": null, "name:el": null, "name:en": null }, "geometry": { "type": "MultiPolygon", "coordinates": [ [ [ [ 23.102454, 40.769319 ], [ 23.102781, 40.769386 ], [ 23.102963, 40.769107 ], [ 23.102893, 40.769072 ], [ 23.102421, 40.76921 ], [ 23.102454, 40.769319 ] ] ] ] } },
{ "type": "Feature", "properties": { "fclass": "water", "name": null, "name:el": null, "name:en": null }, "geometry": { "type": "MultiPolygon", "coordinates": [ [ [ [ 23.20505, 40.780777 ], [ 23.205411, 40.780812 ], [ 23.206589, 40.780627 ], [ 23.206111, 40.780603 ], [ 23.205934, 40.780504 ], [ 23.205627, 40.7806 ], [ 23.205602, 40.780431 ], [ 23.20534, 40.780303 ], [ 23.205025, 40.780673 ], [ 23.20505, 40.780777 ] ] ] ] } },
{ "type": "Feature", "properties": { "fclass": "water", "name": null, "name:el": null, "name:en": null }, "geometry": { "type": "MultiPolygon", "coordinates": [ [ [ [ 23.311492, 40.786044 ], [ 23.311716, 40.785835 ], [ 23.311632, 40.785697 ], [ 23.311464, 40.785708 ], [ 23.311492, 40.786044 ] ] ] ] } },
{ "type": "Feature", "properties": { "fclass": "water", "name": null, "name:el": null, "name:en": null }, "geometry": { "type": "MultiPolygon", "coordinates": [ [ [ [ 23.307994, 40.804987 ], [ 23.308013, 40.805195 ], [ 23.30827, 40.805273 ], [ 23.308125, 40.80499 ], [ 23.307994, 40.804987 ] ] ] ] } },
{ "type": "Feature", "properties": { "fclass": "reservoir", "name": null, "name:el": null, "name:en": null }, "geometry": { "type": "MultiPolygon", "coordinates": [ [ [ [ 23.12425, 40.804338 ], [ 23.124425, 40.804393 ], [ 23.124355, 40.804503 ], [ 23.124598, 40.804643 ], [ 23.124903, 40.804724 ], [ 23.124896, 40.804593 ], [ 23.12525, 40.804531 ], [ 23.125491, 40.80459 ], [ 23.125533, 40.804462 ], [ 23.126252, 40.804338 ], [ 23.126514, 40.804413 ], [ 23.126953, 40.80434 ], [ 23.127068, 40.804112 ], [ 23.126543, 40.804059 ], [ 23.125182, 40.804277 ], [ 23.124439, 40.804261 ], [ 23.12425, 40.804338 ] ] ] ] } },
{ "type": "Feature", "properties": { "fclass": "water", "name": null, "name:el": null, "name:en": null }, "geometry": { "type": "MultiPolygon", "coordinates": [ [ [ [ 23.308373, 40.805655 ], [ 23.308714, 40.805782 ], [ 23.309143, 40.806107 ], [ 23.309304, 40.806116 ], [ 23.309199, 40.805934 ], [ 23.309226, 40.805778 ], [ 23.308634, 40.80546 ], [ 23.308419, 40.805482 ], [ 23.308373, 40.805655 ] ] ] ] } },
{ "type": "Feature", "properties": { "fclass": "water", "name": null, "name:el": null, "name:en": null }, "geometry": { "type": "MultiPolygon", "coordinates": [ [ [ [ 23.30933, 40.806517 ], [ 23.309353, 40.806705 ], [ 23.309592, 40.806694 ], [ 23.309629, 40.806507 ], [ 23.30933, 40.806517 ] ] ] ] } },
{ "type": "Feature", "properties": { "fclass": "water", "name": null, "name:el": null, "name:en": null }, "geometry": { "type": "MultiPolygon", "coordinates": [ [ [ [ 23.371385, 40.78972 ], [ 23.371471, 40.790457 ], [ 23.371865, 40.789972 ], [ 23.372025, 40.789972 ], [ 23.372136, 40.79013 ], [ 23.37213, 40.789995 ], [ 23.372531, 40.789566 ], [ 23.372161, 40.789263 ], [ 23.371797, 40.789239 ], [ 23.371385, 40.78972 ] ] ] ] } },
{ "type": "Feature", "properties": { "fclass": "water", "name": null, "name:el": null, "name:en": null }, "geometry": { "type": "MultiPolygon", "coordinates": [ [ [ [ 23.345442, 40.793023 ], [ 23.345531, 40.793337 ], [ 23.345722, 40.793315 ], [ 23.3458, 40.793214 ], [ 23.345771, 40.792964 ], [ 23.345584, 40.792924 ], [ 23.345442, 40.793023 ] ] ] ] } },
{ "type": "Feature", "properties": { "fclass": "water", "name": null, "name:el": null, "name:en": null }, "geometry": { "type": "MultiPolygon", "coordinates": [ [ [ [ 23.314296, 40.793886 ], [ 23.31441, 40.793923 ], [ 23.314581, 40.793733 ], [ 23.314914, 40.793659 ], [ 23.314914, 40.793505 ], [ 23.314784, 40.793431 ], [ 23.314671, 40.793462 ], [ 23.314345, 40.793665 ], [ 23.314296, 40.793886 ] ] ] ] } },
{ "type": "Feature", "properties": { "fclass": "water", "name": null, "name:el": null, "name:en": null }, "geometry": { "type": "MultiPolygon", "coordinates": [ [ [ [ 23.38443, 40.800466 ], [ 23.385174, 40.800239 ], [ 23.385182, 40.800051 ], [ 23.384828, 40.799885 ], [ 23.384662, 40.799891 ], [ 23.384674, 40.800214 ], [ 23.38443, 40.800466 ] ] ] ] } },
{ "type": "Feature", "properties": { "fclass": "water", "name": null, "name:el": null, "name:en": null }, "geometry": { "type": "MultiPolygon", "coordinates": [ [ [ [ 23.482055, 40.802093 ], [ 23.482378, 40.802489 ], [ 23.48313, 40.802613 ], [ 23.482653, 40.802362 ], [ 23.482312, 40.80168 ], [ 23.482135, 40.801747 ], [ 23.482055, 40.802093 ] ] ] ] } },
{ "type": "Feature", "properties": { "fclass": "water", "name": null, "name:el": null, "name:en": null }, "geometry": { "type": "MultiPolygon", "coordinates": [ [ [ [ 23.386067, 40.801676 ], [ 23.386234, 40.801855 ], [ 23.386189, 40.802046 ], [ 23.38638, 40.802067 ], [ 23.386441, 40.801427 ], [ 23.386266, 40.801341 ], [ 23.386152, 40.801369 ], [ 23.386067, 40.801676 ] ] ] ] } },
{ "type": "Feature", "properties": { "fclass": "water", "name": null, "name:el": null, "name:en": null }, "geometry": { "type": "MultiPolygon", "coordinates": [ [ [ [ 23.406968, 40.802098 ], [ 23.407319, 40.802168 ], [ 23.407646, 40.802023 ], [ 23.40764, 40.801948 ], [ 23.407215, 40.801645 ], [ 23.407048, 40.801631 ], [ 23.40698, 40.801673 ], [ 23.407067, 40.801846 ], [ 23.406919, 40.801958 ], [ 23.406968, 40.802098 ] ] ] ] } },
{ "type": "Feature", "properties": { "fclass": "water", "name": null, "name:el": null, "name:en": null }, "geometry": { "type": "MultiPolygon", "coordinates": [ [ [ [ 23.055347, 40.929566 ], [ 23.055703, 40.929661 ], [ 23.055828, 40.929543 ], [ 23.055713, 40.929479 ], [ 23.055274, 40.929464 ], [ 23.055347, 40.929566 ] ] ] ] } },
{ "type": "Feature", "properties": { "fclass": "water", "name": null, "name:el": null, "name:en": null }, "geometry": { "type": "MultiPolygon", "coordinates": [ [ [ [ 23.076552, 40.931323 ], [ 23.076627, 40.93138 ], [ 23.077035, 40.931345 ], [ 23.077207, 40.930516 ], [ 23.077152, 40.930427 ], [ 23.076614, 40.930954 ], [ 23.076552, 40.931323 ] ] ] ] } },
{ "type": "Feature", "properties": { "fclass": "water", "name": null, "name:el": null, "name:en": null }, "geometry": { "type": "MultiPolygon", "coordinates": [ [ [ [ 23.034366, 40.932667 ], [ 23.034509, 40.933006 ], [ 23.034614, 40.933042 ], [ 23.034509, 40.932659 ], [ 23.034366, 40.932667 ] ] ] ] } },
{ "type": "Feature", "properties": { "fclass": "water", "name": null, "name:el": null, "name:en": null }, "geometry": { "type": "MultiPolygon", "coordinates": [ [ [ [ 23.065313, 40.934216 ], [ 23.06588, 40.933961 ], [ 23.066201, 40.934017 ], [ 23.06619, 40.933955 ], [ 23.065827, 40.933861 ], [ 23.065765, 40.933767 ], [ 23.065401, 40.933988 ], [ 23.065313, 40.934216 ] ] ] ] } },
{ "type": "Feature", "properties": { "fclass": "water", "name": null, "name:el": null, "name:en": null }, "geometry": { "type": "MultiPolygon", "coordinates": [ [ [ [ 23.073691, 40.934088 ], [ 23.074189, 40.934076 ], [ 23.074235, 40.934268 ], [ 23.074143, 40.934447 ], [ 23.074335, 40.934233 ], [ 23.074442, 40.933862 ], [ 23.074365, 40.933816 ], [ 23.074143, 40.933978 ], [ 23.073767, 40.933955 ], [ 23.073691, 40.934088 ] ] ] ] } },
{ "type": "Feature", "properties": { "fclass": "water", "name": null, "name:el": null, "name:en": null }, "geometry": { "type": "MultiPolygon", "coordinates": [ [ [ [ 23.067795, 40.934181 ], [ 23.068056, 40.934181 ], [ 23.068209, 40.934146 ], [ 23.06791, 40.934071 ], [ 23.067802, 40.934117 ], [ 23.067795, 40.934181 ] ] ] ] } },
{ "type": "Feature", "properties": { "fclass": "water", "name": null, "name:el": null, "name:en": null }, "geometry": { "type": "MultiPolygon", "coordinates": [ [ [ [ 23.060832, 40.934771 ], [ 23.061053, 40.934737 ], [ 23.06154, 40.934323 ], [ 23.061655, 40.934323 ], [ 23.061691, 40.934202 ], [ 23.060991, 40.934369 ], [ 23.060832, 40.934771 ] ] ] ] } },
{ "type": "Feature", "properties": { "fclass": "water", "name": null, "name:el": null, "name:en": null }, "geometry": { "type": "MultiPolygon", "coordinates": [ [ [ [ 23.069903, 40.934824 ], [ 23.070448, 40.934951 ], [ 23.070915, 40.934801 ], [ 23.071145, 40.935044 ], [ 23.071866, 40.934887 ], [ 23.071989, 40.934789 ], [ 23.071437, 40.934818 ], [ 23.071199, 40.934928 ], [ 23.0709, 40.934708 ], [ 23.070609, 40.934708 ], [ 23.07044, 40.934633 ], [ 23.070325, 40.934696 ], [ 23.070041, 40.93469 ], [ 23.069903, 40.934824 ] ] ] ] } },
{ "type": "Feature", "properties": { "fclass": "water", "name": null, "name:el": null, "name:en": null }, "geometry": { "type": "MultiPolygon", "coordinates": [ [ [ [ 23.058671, 40.935427 ], [ 23.059291, 40.93552 ], [ 23.059229, 40.935346 ], [ 23.059627, 40.934985 ], [ 23.059379, 40.935005 ], [ 23.059193, 40.935286 ], [ 23.058627, 40.935366 ], [ 23.058671, 40.935427 ] ] ] ] } },
{ "type": "Feature", "properties": { "fclass": "water", "name": null, "name:el": null, "name:en": null }, "geometry": { "type": "MultiPolygon", "coordinates": [ [ [ [ 23.051339, 40.936512 ], [ 23.05153, 40.936603 ], [ 23.051994, 40.936445 ], [ 23.052617, 40.936481 ], [ 23.053014, 40.936353 ], [ 23.053378, 40.936457 ], [ 23.054147, 40.936237 ], [ 23.054277, 40.936066 ], [ 23.0535, 40.936359 ], [ 23.052885, 40.93628 ], [ 23.052407, 40.936377 ], [ 23.051703, 40.936151 ], [ 23.051363, 40.936335 ], [ 23.051339, 40.936512 ] ] ] ] } },
{ "type": "Feature", "properties": { "fclass": "water", "name": null, "name:el": null, "name:en": null }, "geometry": { "type": "MultiPolygon", "coordinates": [ [ [ [ 23.211006, 40.926289 ], [ 23.211153, 40.9262 ], [ 23.211175, 40.926086 ], [ 23.210001, 40.925844 ], [ 23.209992, 40.925895 ], [ 23.211006, 40.926289 ] ] ] ] } },
{ "type": "Feature", "properties": { "fclass": "water", "name": null, "name:el": null, "name:en": null }, "geometry": { "type": "MultiPolygon", "coordinates": [ [ [ [ 23.150554, 40.93185 ], [ 23.151094, 40.931945 ], [ 23.151318, 40.931835 ], [ 23.15138, 40.931706 ], [ 23.151148, 40.931624 ], [ 23.150554, 40.93185 ] ] ] ] } },
{ "type": "Feature", "properties": { "fclass": "water", "name": null, "name:el": null, "name:en": null }, "geometry": { "type": "MultiPolygon", "coordinates": [ [ [ [ 23.163727, 40.934351 ], [ 23.163887, 40.934358 ], [ 23.164317, 40.934187 ], [ 23.164442, 40.93376 ], [ 23.165393, 40.933256 ], [ 23.165186, 40.932829 ], [ 23.165054, 40.932852 ], [ 23.164696, 40.933166 ], [ 23.164377, 40.933265 ], [ 23.164394, 40.933493 ], [ 23.164157, 40.933793 ], [ 23.164201, 40.934045 ], [ 23.163718, 40.934293 ], [ 23.163727, 40.934351 ] ] ] ] } },
{ "type": "Feature", "properties": { "fclass": "water", "name": null, "name:el": null, "name:en": null }, "geometry": { "type": "MultiPolygon", "coordinates": [ [ [ [ 23.177958, 40.936568 ], [ 23.17831, 40.936878 ], [ 23.178607, 40.9369 ], [ 23.17906, 40.936568 ], [ 23.179252, 40.936228 ], [ 23.179699, 40.935944 ], [ 23.179252, 40.935902 ], [ 23.178708, 40.93625 ], [ 23.178036, 40.936405 ], [ 23.177958, 40.936568 ] ] ] ] } },
{ "type": "Feature", "properties": { "fclass": "water", "name": null, "name:el": null, "name:en": null }, "geometry": { "type": "MultiPolygon", "coordinates": [ [ [ [ 23.160864, 40.937337 ], [ 23.161217, 40.937337 ], [ 23.161225, 40.937051 ], [ 23.160858, 40.937074 ], [ 23.160864, 40.937337 ] ] ] ] } },
{ "type": "Feature", "properties": { "fclass": "reservoir", "name": null, "name:el": null, "name:en": null }, "geometry": { "type": "MultiPolygon", "coordinates": [ [ [ [ 23.218684, 40.952316 ], [ 23.218704, 40.952385 ], [ 23.218905, 40.952388 ], [ 23.219193, 40.952204 ], [ 23.219254, 40.952138 ], [ 23.219154, 40.95195 ], [ 23.218999, 40.951959 ], [ 23.218996, 40.952049 ], [ 23.218684, 40.952316 ] ] ] ] } },
{ "type": "Feature", "properties": { "fclass": "water", "name": null, "name:el": null, "name:en": null }, "geometry": { "type": "MultiPolygon", "coordinates": [ [ [ [ 23.201039, 40.972266 ], [ 23.201188, 40.97233 ], [ 23.20162, 40.971897 ], [ 23.201549, 40.971833 ], [ 23.20203, 40.971694 ], [ 23.201428, 40.971769 ], [ 23.201216, 40.97186 ], [ 23.200975, 40.972063 ], [ 23.201039, 40.972266 ] ] ] ] } },
{ "type": "Feature", "properties": { "fclass": "water", "name": null, "name:el": null, "name:en": null }, "geometry": { "type": "MultiPolygon", "coordinates": [ [ [ [ 23.048335, 40.937035 ], [ 23.049739, 40.936862 ], [ 23.049951, 40.93677 ], [ 23.049517, 40.936801 ], [ 23.049325, 40.936725 ], [ 23.048739, 40.936816 ], [ 23.048325, 40.936923 ], [ 23.048335, 40.937035 ] ] ] ] } },
{ "type": "Feature", "properties": { "fclass": "water", "name": null, "name:el": null, "name:en": null }, "geometry": { "type": "MultiPolygon", "coordinates": [ [ [ [ 23.038905, 40.938197 ], [ 23.039121, 40.93822 ], [ 23.039691, 40.937912 ], [ 23.039892, 40.938005 ], [ 23.039853, 40.937882 ], [ 23.039607, 40.937818 ], [ 23.039399, 40.937882 ], [ 23.038982, 40.938063 ], [ 23.038905, 40.938197 ] ] ] ] } },
{ "type": "Feature", "properties": { "fclass": "water", "name": null, "name:el": null, "name:en": null }, "geometry": { "type": "MultiPolygon", "coordinates": [ [ [ [ 23.027897, 40.944195 ], [ 23.02852, 40.94423 ], [ 23.027709, 40.943999 ], [ 23.027627, 40.94405 ], [ 23.027897, 40.944195 ] ] ] ] } },
{ "type": "Feature", "properties": { "fclass": "water", "name": null, "name:el": null, "name:en": null }, "geometry": { "type": "MultiPolygon", "coordinates": [ [ [ [ 23.244493, 40.980669 ], [ 23.244747, 40.980799 ], [ 23.244836, 40.980779 ], [ 23.245153, 40.98043 ], [ 23.244732, 40.980222 ], [ 23.244595, 40.980377 ], [ 23.244698, 40.980554 ], [ 23.244493, 40.980669 ] ] ] ] } },
{ "type": "Feature", "properties": { "fclass": "water", "name": null, "name:el": null, "name:en": null }, "geometry": { "type": "MultiPolygon", "coordinates": [ [ [ [ 23.208972, 40.980436 ], [ 23.209236, 40.980744 ], [ 23.209411, 40.980697 ], [ 23.209419, 40.980557 ], [ 23.209079, 40.980299 ], [ 23.208972, 40.980436 ] ] ] ] } },
{ "type": "Feature", "properties": { "fclass": "water", "name": null, "name:el": null, "name:en": null }, "geometry": { "type": "MultiPolygon", "coordinates": [ [ [ [ 23.217284, 40.983337 ], [ 23.217533, 40.98339 ], [ 23.217579, 40.983074 ], [ 23.217339, 40.983048 ], [ 23.217241, 40.983155 ], [ 23.217284, 40.983337 ] ] ] ] } },
{ "type": "Feature", "properties": { "fclass": "water", "name": null, "name:el": null, "name:en": null }, "geometry": { "type": "MultiPolygon", "coordinates": [ [ [ [ 23.231105, 40.985186 ], [ 23.231369, 40.985301 ], [ 23.23149, 40.98516 ], [ 23.231592, 40.985203 ], [ 23.231956, 40.984759 ], [ 23.231092, 40.985105 ], [ 23.231105, 40.985186 ] ] ] ] } },
{ "type": "Feature", "properties": { "fclass": "water", "name": null, "name:el": null, "name:en": null }, "geometry": { "type": "MultiPolygon", "coordinates": [ [ [ [ 23.24255, 40.989344 ], [ 23.242661, 40.989428 ], [ 23.242755, 40.989293 ], [ 23.242769, 40.989096 ], [ 23.242666, 40.988925 ], [ 23.24255, 40.989344 ] ] ] ] } },
{ "type": "Feature", "properties": { "fclass": "riverbank", "name": null, "name:el": null, "name:en": null }, "geometry": { "type": "MultiPolygon", "coordinates": [ [ [ [ 22.532283, 40.673928 ], [ 22.533356, 40.673738 ], [ 22.535041, 40.673091 ], [ 22.535662, 40.673074 ], [ 22.53621, 40.673201 ], [ 22.536639, 40.673469 ], [ 22.538195, 40.67412 ], [ 22.538323, 40.674245 ], [ 22.539106, 40.674416 ], [ 22.539118, 40.674519 ], [ 22.540105, 40.674584 ], [ 22.540064, 40.674476 ], [ 22.538768, 40.67423 ], [ 22.536562, 40.673211 ], [ 22.53559, 40.673008 ], [ 22.534536, 40.673109 ], [ 22.5335, 40.673515 ], [ 22.532618, 40.673752 ], [ 22.532287, 40.673763 ], [ 22.532283, 40.673928 ] ] ] ] } },
{ "type": "Feature", "properties": { "fclass": "riverbank", "name": null, "name:el": null, "name:en": null }, "geometry": { "type": "MultiPolygon", "coordinates": [ [ [ [ 22.528898, 40.674796 ], [ 22.52952, 40.674377 ], [ 22.530245, 40.674088 ], [ 22.531194, 40.673917 ], [ 22.532283, 40.673928 ], [ 22.532287, 40.673763 ], [ 22.530136, 40.673892 ], [ 22.529124, 40.674336 ], [ 22.528681, 40.674669 ], [ 22.528898, 40.674796 ] ] ] ] } },
{ "type": "Feature", "properties": { "fclass": "riverbank", "name": null, "name:el": null, "name:en": null }, "geometry": { "type": "MultiPolygon", "coordinates": [ [ [ [ 22.540105, 40.674584 ], [ 22.541038, 40.67449 ], [ 22.542068, 40.674177 ], [ 22.542707, 40.674088 ], [ 22.542229, 40.674026 ], [ 22.540064, 40.674476 ], [ 22.540105, 40.674584 ] ] ], [ [ [ 22.543106, 40.67414 ], [ 22.544525, 40.674633 ], [ 22.546177, 40.674991 ], [ 22.546196, 40.674894 ], [ 22.544177, 40.674279 ], [ 22.543106, 40.67414 ] ] ] ] } },
{ "type": "Feature", "properties": { "fclass": "riverbank", "name": null, "name:el": null, "name:en": null }, "geometry": { "type": "MultiPolygon", "coordinates": [ [ [ [ 22.50451, 40.677101 ], [ 22.508746, 40.676897 ], [ 22.509606, 40.67698 ], [ 22.511799, 40.677509 ], [ 22.513491, 40.67758 ], [ 22.514384, 40.677487 ], [ 22.515609, 40.677229 ], [ 22.517873, 40.676334 ], [ 22.520362, 40.675489 ], [ 22.520758, 40.675415 ], [ 22.521662, 40.675455 ], [ 22.522039, 40.675566 ], [ 22.522409, 40.675716 ], [ 22.522857, 40.676022 ], [ 22.523888, 40.676855 ], [ 22.524471, 40.677093 ], [ 22.525218, 40.677158 ], [ 22.525708, 40.677082 ], [ 22.526362, 40.676835 ], [ 22.528898, 40.674796 ], [ 22.528681, 40.674669 ], [ 22.528159, 40.675153 ], [ 22.527459, 40.675395 ], [ 22.526384, 40.676305 ], [ 22.525853, 40.676606 ], [ 22.525151, 40.676781 ], [ 22.524662, 40.676744 ], [ 22.524326, 40.676593 ], [ 22.523746, 40.676545 ], [ 22.521907, 40.675222 ], [ 22.520403, 40.675279 ], [ 22.518007, 40.676011 ], [ 22.516566, 40.676641 ], [ 22.515658, 40.676915 ], [ 22.515228, 40.677119 ], [ 22.514195, 40.67735 ], [ 22.511414, 40.677251 ], [ 22.509625, 40.67678 ], [ 22.508301, 40.676649 ], [ 22.504454, 40.676883 ], [ 22.50451, 40.677101 ] ] ] ] } },
{ "type": "Feature", "properties": { "fclass": "riverbank", "name": null, "name:el": null, "name:en": null }, "geometry": { "type": "MultiPolygon", "coordinates": [ [ [ [ 22.49065, 40.690108 ], [ 22.493516, 40.686166 ], [ 22.494833, 40.684109 ], [ 22.495233, 40.682725 ], [ 22.495308, 40.681319 ], [ 22.495412, 40.680942 ], [ 22.49603, 40.680012 ], [ 22.49659, 40.679585 ], [ 22.500553, 40.678074 ], [ 22.502328, 40.677525 ], [ 22.503491, 40.677245 ], [ 22.50451, 40.677101 ], [ 22.504454, 40.676883 ], [ 22.501294, 40.67753 ], [ 22.498796, 40.678337 ], [ 22.496949, 40.67919 ], [ 22.49578, 40.679938 ], [ 22.494915, 40.681661 ], [ 22.494975, 40.68231 ], [ 22.494481, 40.68423 ], [ 22.493026, 40.686537 ], [ 22.491301, 40.688612 ], [ 22.490423, 40.690014 ], [ 22.49065, 40.690108 ] ] ] ] } },
{ "type": "Feature", "properties": { "fclass": "riverbank", "name": null, "name:el": null, "name:en": null }, "geometry": { "type": "MultiPolygon", "coordinates": [ [ [ [ 22.491113, 40.711136 ], [ 22.491775, 40.707239 ], [ 22.491883, 40.705495 ], [ 22.49105, 40.701702 ], [ 22.490934, 40.700536 ], [ 22.490583, 40.699357 ], [ 22.490609, 40.699131 ], [ 22.490183, 40.697496 ], [ 22.490183, 40.697199 ], [ 22.489884, 40.696281 ], [ 22.489892, 40.695363 ], [ 22.489567, 40.694327 ], [ 22.489462, 40.693613 ], [ 22.490258, 40.691066 ], [ 22.490262, 40.690803 ], [ 22.49065, 40.690108 ], [ 22.490423, 40.690014 ], [ 22.49008, 40.69056 ], [ 22.48957, 40.692098 ], [ 22.489258, 40.694782 ], [ 22.490447, 40.699851 ], [ 22.491594, 40.705643 ], [ 22.491612, 40.707035 ], [ 22.490945, 40.71105 ], [ 22.491113, 40.711136 ] ] ] ] } },
{ "type": "Feature", "properties": { "fclass": "reservoir", "name": null, "name:el": null, "name:en": null }, "geometry": { "type": "MultiPolygon", "coordinates": [ [ [ [ 22.51902, 40.70828 ], [ 22.51998, 40.708419 ], [ 22.520259, 40.707378 ], [ 22.519406, 40.707227 ], [ 22.519283, 40.707264 ], [ 22.51902, 40.70828 ] ] ] ] } },
{ "type": "Feature", "properties": { "fclass": "wetland", "name": null, "name:el": null, "name:en": null }, "geometry": { "type": "MultiPolygon", "coordinates": [ [ [ [ 22.542862, 40.788595 ], [ 22.543239, 40.790908 ], [ 22.543419, 40.791375 ], [ 22.543514, 40.791372 ], [ 22.542987, 40.788575 ], [ 22.542862, 40.788595 ] ] ] ] } }
]
}
