{
"type": "FeatureCollection",
"name": "zones",
"crs": { "type": "name", "properties": { "name": "urn:ogc:def:crs:OGC:1.3:CRS84" } },
"xy_coordinate_resolution": 1e-06,
"features": [
{ "type": "Feature", "properties": { "MunUnits": "070101", "OID_1": 55, "CODE": "070101", "NAME_GR": "ΔΗΜΟΤΙΚΗ ΕΝΟΤΗΤΑ ΘΕΣΣΑΛΟΝΙΚΗΣ", "NAME_ENG": "Municipal Unit of Thessaloniki", "Shape_Leng": 36703.058986199998, "Shape_Area": 19288533.435, "zone": "Urban" }, "geometry": { "type": "MultiPolygon", "coordinates": [ [ [ [ 22.912132, 40.651417 ], [ 22.91247, 40.651319 ], [ 22.912681, 40.651327 ], [ 22.914417, 40.650554 ], [ 22.915272, 40.650212 ], [ 22.91547, 40.650419 ], [ 22.915789, 40.650715 ], [ 22.916046, 40.650611 ], [ 22.916444, 40.650377 ], [ 22.916816, 40.650589 ], [ 22.91719, 40.650688 ], [ 22.917694, 40.650502 ], [ 22.917831, 40.650724 ], [ 22.918198, 40.651095 ], [ 22.921109, 40.648982 ], [ 22.922266, 40.648365 ], [ 22.923125, 40.648576 ], [ 22.923382, 40.648643 ], [ 22.925678, 40.64919 ], [ 22.927034, 40.649506 ], [ 22.928072, 40.649763 ], [ 22.928564, 40.649513 ], [ 22.928726, 40.649647 ], [ 22.930164, 40.649596 ], [ 22.931292, 40.649181 ], [ 22.931895, 40.648475 ], [ 22.932686, 40.648429 ], [ 22.933924, 40.648401 ], [ 22.934004, 40.648988 ], [ 22.934129, 40.649665 ], [ 22.934024, 40.649789 ], [ 22.933987, 40.650018 ], [ 22.934132, 40.651217 ], [ 22.934203, 40.651939 ], [ 22.934242, 40.652312 ], [ 22.935192, 40.652321 ], [ 22.935487, 40.648996 ], [ 22.935403, 40.647935 ], [ 22.93672, 40.648003 ], [ 22.937098, 40.648307 ], [ 22.937938, 40.64892 ], [ 22.93814, 40.648926 ], [ 22.938366, 40.648711 ], [ 22.939226, 40.648072 ], [ 22.940466, 40.647304 ], [ 22.940671, 40.647164 ], [ 22.940738, 40.647094 ], [ 22.940776, 40.646889 ], [ 22.941046, 40.64665 ], [ 22.941145, 40.646097 ], [ 22.941942, 40.645863 ], [ 22.9423, 40.645744 ], [ 22.944174, 40.645711 ], [ 22.943918, 40.645354 ], [ 22.943634, 40.645021 ], [ 22.943036, 40.644255 ], [ 22.943312, 40.644112 ], [ 22.943589, 40.644383 ], [ 22.943871, 40.644612 ], [ 22.944116, 40.644688 ], [ 22.944537, 40.644788 ], [ 22.944755, 40.644846 ], [ 22.94491, 40.644949 ], [ 22.944991, 40.644991 ], [ 22.945222, 40.644976 ], [ 22.945553, 40.644847 ], [ 22.945945, 40.644774 ], [ 22.946784, 40.644439 ], [ 22.94711, 40.644358 ], [ 22.947338, 40.64425 ], [ 22.948196, 40.64393 ], [ 22.948424, 40.643884 ], [ 22.948556, 40.643921 ], [ 22.948665, 40.643925 ], [ 22.949042, 40.643851 ], [ 22.949443, 40.643703 ], [ 22.949628, 40.643624 ], [ 22.949752, 40.643725 ], [ 22.9502, 40.644103 ], [ 22.95048, 40.644295 ], [ 22.950681, 40.644437 ], [ 22.950783, 40.644545 ], [ 22.9509, 40.644599 ], [ 22.951075, 40.644723 ], [ 22.951062, 40.644797 ], [ 22.951134, 40.644862 ], [ 22.95124, 40.644955 ], [ 22.951305, 40.64507 ], [ 22.952128, 40.644677 ], [ 22.952426, 40.644517 ], [ 22.952507, 40.644283 ], [ 22.95253, 40.644185 ], [ 22.952665, 40.643806 ], [ 22.952885, 40.643606 ], [ 22.953037, 40.643505 ], [ 22.953337, 40.643319 ], [ 22.953494, 40.643238 ], [ 22.953632, 40.643228 ], [ 22.953847, 40.643241 ], [ 22.95398, 40.643227 ], [ 22.954157, 40.64315 ], [ 22.954544, 40.643022 ], [ 22.954728, 40.642974 ], [ 22.954977, 40.643337 ], [ 22.955307, 40.643708 ], [ 22.955544, 40.644061 ], [ 22.955655, 40.644213 ], [ 22.955724, 40.644229 ], [ 22.955798, 40.644197 ], [ 22.955836, 40.644142 ], [ 22.955892, 40.644051 ], [ 22.956009, 40.643939 ], [ 22.956426, 40.643998 ], [ 22.957377, 40.644069 ], [ 22.958846, 40.644183 ], [ 22.960431, 40.644308 ], [ 22.960628, 40.644269 ], [ 22.960698, 40.644259 ], [ 22.960757, 40.644273 ], [ 22.960689, 40.644428 ], [ 22.961149, 40.644468 ], [ 22.961395, 40.644478 ], [ 22.961594, 40.644538 ], [ 22.96167, 40.644579 ], [ 22.961688, 40.644608 ], [ 22.96192, 40.644611 ], [ 22.962065, 40.644591 ], [ 22.962337, 40.644494 ], [ 22.962506, 40.644366 ], [ 22.962593, 40.644245 ], [ 22.962718, 40.644077 ], [ 22.962737, 40.644036 ], [ 22.962734, 40.643996 ], [ 22.962738, 40.64396 ], [ 22.962722, 40.643857 ], [ 22.962789, 40.643722 ], [ 22.962831, 40.64361 ], [ 22.962909, 40.643592 ], [ 22.962972, 40.64357 ], [ 22.96297, 40.643537 ], [ 22.963012, 40.643519 ], [ 22.963053, 40.643522 ], [ 22.963126, 40.643531 ], [ 22.963168, 40.643539 ], [ 22.963236, 40.643553 ], [ 22.963222, 40.643263 ], [ 22.963092, 40.642913 ], [ 22.962982, 40.64274 ], [ 22.96273, 40.642621 ], [ 22.9619, 40.642401 ], [ 22.960888, 40.642167 ], [ 22.960502, 40.642032 ], [ 22.960104, 40.641751 ], [ 22.959619, 40.64154 ], [ 22.959613, 40.641373 ], [ 22.959632, 40.641204 ], [ 22.959922, 40.640986 ], [ 22.960262, 40.640688 ], [ 22.960278, 40.640642 ], [ 22.960264, 40.640578 ], [ 22.960202, 40.64052 ], [ 22.960031, 40.64045 ], [ 22.959978, 40.640435 ], [ 22.959764, 40.64027 ], [ 22.959584, 40.640097 ], [ 22.959399, 40.639905 ], [ 22.959274, 40.639886 ], [ 22.958967, 40.640006 ], [ 22.958945, 40.639958 ], [ 22.959134, 40.639834 ], [ 22.959442, 40.639655 ], [ 22.959926, 40.639472 ], [ 22.96, 40.63946 ], [ 22.960603, 40.639379 ], [ 22.960629, 40.639269 ], [ 22.960593, 40.639178 ], [ 22.960299, 40.639214 ], [ 22.960297, 40.639095 ], [ 22.960362, 40.638747 ], [ 22.960462, 40.638331 ], [ 22.960494, 40.637933 ], [ 22.960449, 40.637776 ], [ 22.960394, 40.637699 ], [ 22.960214, 40.637578 ], [ 22.959956, 40.637485 ], [ 22.959699, 40.637352 ], [ 22.959441, 40.63719 ], [ 22.959196, 40.63688 ], [ 22.958765, 40.636346 ], [ 22.958141, 40.6357 ], [ 22.958394, 40.635422 ], [ 22.958648, 40.635083 ], [ 22.958673, 40.6351 ], [ 22.958764, 40.635069 ], [ 22.958611, 40.634839 ], [ 22.958503, 40.634733 ], [ 22.95832, 40.634663 ], [ 22.957891, 40.634506 ], [ 22.957072, 40.634427 ], [ 22.95713, 40.634311 ], [ 22.957304, 40.634196 ], [ 22.957894, 40.634053 ], [ 22.958964, 40.633856 ], [ 22.959216, 40.633803 ], [ 22.959269, 40.634013 ], [ 22.95964, 40.634072 ], [ 22.959815, 40.634083 ], [ 22.96002, 40.634163 ], [ 22.960117, 40.634174 ], [ 22.960246, 40.634117 ], [ 22.96031, 40.634032 ], [ 22.960408, 40.633957 ], [ 22.960531, 40.633925 ], [ 22.96074, 40.633972 ], [ 22.960934, 40.633931 ], [ 22.961062, 40.633772 ], [ 22.961375, 40.633765 ], [ 22.961922, 40.633961 ], [ 22.962063, 40.63395 ], [ 22.962459, 40.633844 ], [ 22.962835, 40.634019 ], [ 22.962823, 40.634198 ], [ 22.96354, 40.634154 ], [ 22.96404, 40.634028 ], [ 22.964003, 40.633779 ], [ 22.964514, 40.633727 ], [ 22.964776, 40.633758 ], [ 22.965096, 40.633658 ], [ 22.965218, 40.633669 ], [ 22.965433, 40.633745 ], [ 22.965612, 40.633713 ], [ 22.96604, 40.633566 ], [ 22.966162, 40.633546 ], [ 22.966349, 40.633574 ], [ 22.967133, 40.633703 ], [ 22.967208, 40.633489 ], [ 22.967565, 40.633675 ], [ 22.967816, 40.633823 ], [ 22.96807, 40.63379 ], [ 22.968148, 40.633795 ], [ 22.968282, 40.633786 ], [ 22.968774, 40.633554 ], [ 22.968383, 40.633036 ], [ 22.968333, 40.632724 ], [ 22.968074, 40.632683 ], [ 22.967923, 40.632331 ], [ 22.96784, 40.632254 ], [ 22.967809, 40.632206 ], [ 22.967905, 40.632083 ], [ 22.968345, 40.632251 ], [ 22.968438, 40.632008 ], [ 22.968508, 40.631847 ], [ 22.96829, 40.631698 ], [ 22.968354, 40.631621 ], [ 22.968449, 40.631552 ], [ 22.96846, 40.631531 ], [ 22.968378, 40.631409 ], [ 22.968245, 40.6313 ], [ 22.968331, 40.631239 ], [ 22.96846, 40.631002 ], [ 22.968509, 40.63084 ], [ 22.96854, 40.630857 ], [ 22.968724, 40.630694 ], [ 22.96894, 40.630484 ], [ 22.968922, 40.630419 ], [ 22.968729, 40.630342 ], [ 22.968832, 40.630183 ], [ 22.969176, 40.629807 ], [ 22.970012, 40.630377 ], [ 22.970238, 40.630279 ], [ 22.97052, 40.630174 ], [ 22.970715, 40.630066 ], [ 22.970792, 40.629887 ], [ 22.970883, 40.629516 ], [ 22.970943, 40.629215 ], [ 22.970933, 40.629119 ], [ 22.970882, 40.628322 ], [ 22.970776, 40.627793 ], [ 22.97035, 40.627271 ], [ 22.969984, 40.626949 ], [ 22.969652, 40.626886 ], [ 22.96969, 40.626193 ], [ 22.969806, 40.626039 ], [ 22.969507, 40.62589 ], [ 22.968843, 40.625386 ], [ 22.968278, 40.624491 ], [ 22.968076, 40.623872 ], [ 22.967973, 40.623531 ], [ 22.967492, 40.622186 ], [ 22.967657, 40.622122 ], [ 22.968153, 40.622145 ], [ 22.968415, 40.621435 ], [ 22.968929, 40.619789 ], [ 22.969232, 40.619435 ], [ 22.969383, 40.619248 ], [ 22.969451, 40.619096 ], [ 22.970047, 40.619295 ], [ 22.970512, 40.619279 ], [ 22.970664, 40.619322 ], [ 22.970535, 40.619787 ], [ 22.970458, 40.62002 ], [ 22.970551, 40.620036 ], [ 22.970891, 40.619968 ], [ 22.97114, 40.619904 ], [ 22.971033, 40.620041 ], [ 22.971011, 40.620131 ], [ 22.971152, 40.620278 ], [ 22.971384, 40.620389 ], [ 22.971679, 40.620495 ], [ 22.972302, 40.620704 ], [ 22.972465, 40.620713 ], [ 22.972784, 40.6207 ], [ 22.973012, 40.620771 ], [ 22.973269, 40.62082 ], [ 22.973512, 40.620836 ], [ 22.973646, 40.620813 ], [ 22.973805, 40.620719 ], [ 22.973935, 40.62058 ], [ 22.974515, 40.620649 ], [ 22.976096, 40.620712 ], [ 22.97638, 40.62118 ], [ 22.976724, 40.621344 ], [ 22.976994, 40.621221 ], [ 22.977075, 40.621107 ], [ 22.977368, 40.62131 ], [ 22.977565, 40.621598 ], [ 22.977702, 40.621538 ], [ 22.977758, 40.62156 ], [ 22.978431, 40.62172 ], [ 22.978581, 40.621421 ], [ 22.978897, 40.621649 ], [ 22.978918, 40.62151 ], [ 22.97903, 40.621518 ], [ 22.979403, 40.621584 ], [ 22.983403, 40.619277 ], [ 22.984669, 40.617562 ], [ 22.986966, 40.616694 ], [ 22.989634, 40.615669 ], [ 22.991003, 40.614957 ], [ 22.990911, 40.614802 ], [ 22.990854, 40.614696 ], [ 22.990686, 40.614433 ], [ 22.990441, 40.614063 ], [ 22.989811, 40.614125 ], [ 22.989154, 40.614183 ], [ 22.989053, 40.61398 ], [ 22.989057, 40.613944 ], [ 22.989091, 40.613761 ], [ 22.988682, 40.613071 ], [ 22.988207, 40.61243 ], [ 22.987832, 40.612038 ], [ 22.987089, 40.611062 ], [ 22.986131, 40.61139 ], [ 22.984112, 40.612082 ], [ 22.981874, 40.612832 ], [ 22.981729, 40.612678 ], [ 22.981513, 40.612449 ], [ 22.981617, 40.612387 ], [ 22.982976, 40.611924 ], [ 22.982911, 40.611842 ], [ 22.982689, 40.611418 ], [ 22.983246, 40.611225 ], [ 22.982523, 40.61052 ], [ 22.982444, 40.610453 ], [ 22.982185, 40.61021 ], [ 22.981488, 40.609575 ], [ 22.982097, 40.609027 ], [ 22.982646, 40.608491 ], [ 22.982321, 40.608064 ], [ 22.98197, 40.607896 ], [ 22.980689, 40.607425 ], [ 22.981336, 40.606663 ], [ 22.981236, 40.606582 ], [ 22.980738, 40.606355 ], [ 22.980854, 40.60622 ], [ 22.981119, 40.605892 ], [ 22.980445, 40.605631 ], [ 22.980393, 40.605557 ], [ 22.980568, 40.605513 ], [ 22.980824, 40.604929 ], [ 22.980217, 40.604762 ], [ 22.980305, 40.604534 ], [ 22.980515, 40.60424 ], [ 22.979704, 40.604147 ], [ 22.97984, 40.603595 ], [ 22.979842, 40.603483 ], [ 22.979819, 40.603383 ], [ 22.979942, 40.603296 ], [ 22.980046, 40.603235 ], [ 22.980283, 40.602882 ], [ 22.980506, 40.602629 ], [ 22.980773, 40.602316 ], [ 22.98061, 40.601705 ], [ 22.980505, 40.60102 ], [ 22.980129, 40.600423 ], [ 22.978891, 40.599218 ], [ 22.978876, 40.598598 ], [ 22.978465, 40.597729 ], [ 22.979034, 40.596976 ], [ 22.97798, 40.596619 ], [ 22.976137, 40.595898 ], [ 22.97552, 40.59566 ], [ 22.974351, 40.595128 ], [ 22.973649, 40.594774 ], [ 22.973516, 40.594537 ], [ 22.973456, 40.594346 ], [ 22.9733, 40.594067 ], [ 22.973347, 40.593838 ], [ 22.973106, 40.593717 ], [ 22.972909, 40.593584 ], [ 22.972316, 40.593248 ], [ 22.972159, 40.592568 ], [ 22.971733, 40.590249 ], [ 22.971287, 40.58815 ], [ 22.971196, 40.587615 ], [ 22.971058, 40.587223 ], [ 22.970969, 40.586898 ], [ 22.970659, 40.586115 ], [ 22.970059, 40.586283 ], [ 22.969253, 40.586676 ], [ 22.968728, 40.587043 ], [ 22.967818, 40.587688 ], [ 22.967524, 40.587875 ], [ 22.967001, 40.588238 ], [ 22.965797, 40.589026 ], [ 22.964615, 40.589897 ], [ 22.963069, 40.590992 ], [ 22.962592, 40.591276 ], [ 22.96219, 40.590998 ], [ 22.959941, 40.589371 ], [ 22.959161, 40.590161 ], [ 22.958402, 40.591009 ], [ 22.958151, 40.59129 ], [ 22.957554, 40.591887 ], [ 22.956512, 40.591081 ], [ 22.955449, 40.590346 ], [ 22.954295, 40.589526 ], [ 22.953849, 40.589863 ], [ 22.952727, 40.590802 ], [ 22.95147, 40.591846 ], [ 22.950162, 40.592885 ], [ 22.949182, 40.592197 ], [ 22.948316, 40.591562 ], [ 22.947462, 40.590992 ], [ 22.946665, 40.591683 ], [ 22.948176, 40.593023 ], [ 22.946986, 40.593166 ], [ 22.94701, 40.593761 ], [ 22.947648, 40.594359 ], [ 22.947705, 40.595216 ], [ 22.948718, 40.595787 ], [ 22.948775, 40.596701 ], [ 22.947253, 40.59657 ], [ 22.946688, 40.598345 ], [ 22.948547, 40.598795 ], [ 22.950288, 40.609224 ], [ 22.949402, 40.609309 ], [ 22.949445, 40.610523 ], [ 22.950467, 40.6105 ], [ 22.951055, 40.61595 ], [ 22.951723, 40.621673 ], [ 22.950936, 40.62184 ], [ 22.950579, 40.623297 ], [ 22.94753, 40.625069 ], [ 22.947433, 40.62621 ], [ 22.946959, 40.627424 ], [ 22.942357, 40.630302 ], [ 22.93756, 40.633301 ], [ 22.93505, 40.631279 ], [ 22.934138, 40.631417 ], [ 22.93384, 40.632071 ], [ 22.93549, 40.633111 ], [ 22.932254, 40.635419 ], [ 22.930736, 40.634041 ], [ 22.929757, 40.634094 ], [ 22.929617, 40.634903 ], [ 22.929284, 40.635664 ], [ 22.928142, 40.636711 ], [ 22.926148, 40.636708 ], [ 22.927261, 40.634831 ], [ 22.925331, 40.63494 ], [ 22.924287, 40.636759 ], [ 22.92249, 40.636591 ], [ 22.924017, 40.634389 ], [ 22.921009, 40.634618 ], [ 22.919867, 40.637149 ], [ 22.918287, 40.637359 ], [ 22.919239, 40.634656 ], [ 22.916861, 40.63498 ], [ 22.915951, 40.637062 ], [ 22.91537, 40.638194 ], [ 22.914048, 40.638261 ], [ 22.91387, 40.638593 ], [ 22.913275, 40.638569 ], [ 22.913146, 40.636864 ], [ 22.912975, 40.635703 ], [ 22.912852, 40.63464 ], [ 22.912779, 40.633011 ], [ 22.91183, 40.633066 ], [ 22.911376, 40.632487 ], [ 22.910067, 40.632463 ], [ 22.909472, 40.632797 ], [ 22.905522, 40.632606 ], [ 22.905474, 40.63589 ], [ 22.905529, 40.637559 ], [ 22.905022, 40.637936 ], [ 22.902405, 40.640554 ], [ 22.902357, 40.642005 ], [ 22.901181, 40.642301 ], [ 22.901038, 40.644723 ], [ 22.902454, 40.64466 ], [ 22.902698, 40.648456 ], [ 22.903421, 40.648792 ], [ 22.903469, 40.649234 ], [ 22.903591, 40.649502 ], [ 22.903696, 40.649604 ], [ 22.903723, 40.649762 ], [ 22.903762, 40.650008 ], [ 22.903838, 40.650187 ], [ 22.904067, 40.65011 ], [ 22.904162, 40.650136 ], [ 22.904222, 40.650157 ], [ 22.904633, 40.650543 ], [ 22.904744, 40.650643 ], [ 22.904831, 40.650669 ], [ 22.905295, 40.651041 ], [ 22.905434, 40.65114 ], [ 22.905759, 40.651475 ], [ 22.905453, 40.651657 ], [ 22.905236, 40.651786 ], [ 22.905448, 40.652261 ], [ 22.90564, 40.65249 ], [ 22.905797, 40.652676 ], [ 22.906045, 40.653002 ], [ 22.906138, 40.653106 ], [ 22.90717, 40.652949 ], [ 22.907721, 40.652764 ], [ 22.908717, 40.652624 ], [ 22.909323, 40.652421 ], [ 22.910786, 40.651929 ], [ 22.912132, 40.651417 ] ] ] ] } },
{ "type": "Feature", "properties": { "MunUnits": "070102", "OID_1": 56, "CODE": "070102", "NAME_GR": "ΔΗΜΟΤΙΚΗ ΕΝΟΤΗΤΑ ΤΡΙΑΝΔΡΙΑΣ", "NAME_ENG": "Municipal Unit of Triandria", "Shape_Leng": 7796.0670735599997, "Shape_Area": 2058610.61674, "zone": "Urban" }, "geometry": { "type": "MultiPolygon", "coordinates": [ [ [ [ 22.980893, 40.644221 ], [ 22.981392, 40.642707 ], [ 22.981371, 40.641491 ], [ 22.980633, 40.639633 ], [ 22.980975, 40.639114 ], [ 22.98288, 40.637794 ], [ 22.984574, 40.637231 ], [ 22.983649, 40.635618 ], [ 22.983254, 40.633591 ], [ 22.981959, 40.631389 ], [ 22.981368, 40.62908 ], [ 22.979457, 40.627448 ], [ 22.979476, 40.627002 ], [ 22.979475, 40.626826 ], [ 22.979634, 40.626681 ], [ 22.979777, 40.626498 ], [ 22.979784, 40.626304 ], [ 22.979747, 40.626209 ], [ 22.979663, 40.626083 ], [ 22.979516, 40.625941 ], [ 22.979236, 40.625832 ], [ 22.979411, 40.625619 ], [ 22.979845, 40.625158 ], [ 22.98027, 40.624712 ], [ 22.980449, 40.624475 ], [ 22.980678, 40.624092 ], [ 22.980845, 40.623644 ], [ 22.980889, 40.623332 ], [ 22.98088, 40.622897 ], [ 22.98078, 40.622511 ], [ 22.980618, 40.622146 ], [ 22.980575, 40.622107 ], [ 22.980527, 40.622187 ], [ 22.980475, 40.622309 ], [ 22.979464, 40.621883 ], [ 22.979403, 40.621584 ], [ 22.97903, 40.621518 ], [ 22.978918, 40.62151 ], [ 22.978897, 40.621649 ], [ 22.978581, 40.621421 ], [ 22.978431, 40.62172 ], [ 22.977758, 40.62156 ], [ 22.977702, 40.621538 ], [ 22.977565, 40.621598 ], [ 22.977368, 40.62131 ], [ 22.977075, 40.621107 ], [ 22.976994, 40.621221 ], [ 22.976724, 40.621344 ], [ 22.97638, 40.62118 ], [ 22.976096, 40.620712 ], [ 22.974515, 40.620649 ], [ 22.973935, 40.62058 ], [ 22.973805, 40.620719 ], [ 22.973646, 40.620813 ], [ 22.973512, 40.620836 ], [ 22.973269, 40.62082 ], [ 22.973012, 40.620771 ], [ 22.972784, 40.6207 ], [ 22.972465, 40.620713 ], [ 22.972302, 40.620704 ], [ 22.971679, 40.620495 ], [ 22.971384, 40.620389 ], [ 22.971152, 40.620278 ], [ 22.971011, 40.620131 ], [ 22.971033, 40.620041 ], [ 22.97114, 40.619904 ], [ 22.970891, 40.619968 ], [ 22.970551, 40.620036 ], [ 22.970458, 40.62002 ], [ 22.970535, 40.619787 ], [ 22.970664, 40.619322 ], [ 22.970512, 40.619279 ], [ 22.970047, 40.619295 ], [ 22.969451, 40.619096 ], [ 22.969383, 40.619248 ], [ 22.969232, 40.619435 ], [ 22.968929, 40.619789 ], [ 22.968415, 40.621435 ], [ 22.968153, 40.622145 ], [ 22.967657, 40.622122 ], [ 22.967492, 40.622186 ], [ 22.967973, 40.623531 ], [ 22.968076, 40.623872 ], [ 22.968278, 40.624491 ], [ 22.968843, 40.625386 ], [ 22.969507, 40.62589 ], [ 22.969806, 40.626039 ], [ 22.96969, 40.626193 ], [ 22.969652, 40.626886 ], [ 22.969984, 40.626949 ], [ 22.97035, 40.627271 ], [ 22.970776, 40.627793 ], [ 22.970882, 40.628322 ], [ 22.970933, 40.629119 ], [ 22.970943, 40.629215 ], [ 22.970883, 40.629516 ], [ 22.970792, 40.629887 ], [ 22.970715, 40.630066 ], [ 22.97052, 40.630174 ], [ 22.970238, 40.630279 ], [ 22.970012, 40.630377 ], [ 22.969883, 40.630432 ], [ 22.969996, 40.630633 ], [ 22.970084, 40.63071 ], [ 22.97045, 40.631036 ], [ 22.97051, 40.631088 ], [ 22.970619, 40.631185 ], [ 22.970888, 40.631422 ], [ 22.971084, 40.631596 ], [ 22.971095, 40.631746 ], [ 22.971109, 40.631911 ], [ 22.971246, 40.632156 ], [ 22.971285, 40.632228 ], [ 22.971503, 40.63245 ], [ 22.97163, 40.632589 ], [ 22.971663, 40.632798 ], [ 22.971711, 40.633096 ], [ 22.971752, 40.633406 ], [ 22.971963, 40.633357 ], [ 22.971822, 40.633598 ], [ 22.97174, 40.633865 ], [ 22.971714, 40.634007 ], [ 22.971648, 40.634311 ], [ 22.971567, 40.634709 ], [ 22.971507, 40.634856 ], [ 22.971285, 40.635178 ], [ 22.971314, 40.635192 ], [ 22.97151, 40.635088 ], [ 22.971651, 40.634918 ], [ 22.971724, 40.63476 ], [ 22.971819, 40.634563 ], [ 22.971926, 40.634469 ], [ 22.972028, 40.634435 ], [ 22.972114, 40.634433 ], [ 22.972223, 40.634464 ], [ 22.972319, 40.634548 ], [ 22.972323, 40.634645 ], [ 22.972312, 40.634747 ], [ 22.972411, 40.634841 ], [ 22.972475, 40.63489 ], [ 22.972544, 40.63493 ], [ 22.972827, 40.635331 ], [ 22.972911, 40.635456 ], [ 22.973187, 40.63584 ], [ 22.973246, 40.63592 ], [ 22.973445, 40.636179 ], [ 22.973545, 40.636311 ], [ 22.973627, 40.636419 ], [ 22.973842, 40.636699 ], [ 22.973971, 40.636874 ], [ 22.974158, 40.637226 ], [ 22.974334, 40.637548 ], [ 22.974536, 40.637781 ], [ 22.974618, 40.637874 ], [ 22.974981, 40.638248 ], [ 22.975165, 40.638436 ], [ 22.975271, 40.638543 ], [ 22.975372, 40.63869 ], [ 22.975576, 40.638962 ], [ 22.975705, 40.639139 ], [ 22.975739, 40.639255 ], [ 22.975788, 40.639417 ], [ 22.975867, 40.639656 ], [ 22.975926, 40.639936 ], [ 22.976016, 40.640398 ], [ 22.976035, 40.640803 ], [ 22.976052, 40.641064 ], [ 22.976164, 40.641274 ], [ 22.976359, 40.641626 ], [ 22.976329, 40.641737 ], [ 22.976466, 40.641981 ], [ 22.976727, 40.642452 ], [ 22.976834, 40.642634 ], [ 22.977164, 40.642974 ], [ 22.977586, 40.642999 ], [ 22.977908, 40.643218 ], [ 22.97804, 40.643302 ], [ 22.978077, 40.643354 ], [ 22.978094, 40.643474 ], [ 22.977978, 40.643798 ], [ 22.979046, 40.643777 ], [ 22.980893, 40.644221 ] ] ] ] } },
{ "type": "Feature", "properties": { "MunUnits": "070201", "OID_1": 57, "CODE": "070201", "NAME_GR": "ΔΗΜΟΤΙΚΗ ΕΝΟΤΗΤΑ ΑΜΠΕΛΟΚΗΠΩΝ", "NAME_ENG": "Municipal Unit of Abelokipi", "Shape_Leng": 5823.0807199600004, "Shape_Area": 1629373.79205, "zone": "Urban" }, "geometry": { "type": "MultiPolygon", "coordinates": [ [ [ [ 22.913987, 40.65805 ], [ 22.913929, 40.658198 ], [ 22.913513, 40.65876 ], [ 22.913237, 40.659136 ], [ 22.912973, 40.6595 ], [ 22.912776, 40.659849 ], [ 22.91255, 40.660246 ], [ 22.912462, 40.6604 ], [ 22.915175, 40.660657 ], [ 22.917144, 40.660847 ], [ 22.919537, 40.661066 ], [ 22.920079, 40.660893 ], [ 22.922053, 40.660225 ], [ 22.922839, 40.659775 ], [ 22.924361, 40.658846 ], [ 22.92529, 40.658265 ], [ 22.925612, 40.65813 ], [ 22.92586, 40.657899 ], [ 22.926087, 40.657796 ], [ 22.92823, 40.657249 ], [ 22.930127, 40.656696 ], [ 22.930877, 40.656525 ], [ 22.932023, 40.656488 ], [ 22.932558, 40.656536 ], [ 22.934447, 40.656749 ], [ 22.934421, 40.656455 ], [ 22.934387, 40.656018 ], [ 22.934932, 40.653729 ], [ 22.935179, 40.652457 ], [ 22.935192, 40.652321 ], [ 22.934242, 40.652312 ], [ 22.934203, 40.651939 ], [ 22.934132, 40.651217 ], [ 22.933987, 40.650018 ], [ 22.934024, 40.649789 ], [ 22.934129, 40.649665 ], [ 22.934004, 40.648988 ], [ 22.933924, 40.648401 ], [ 22.932686, 40.648429 ], [ 22.931895, 40.648475 ], [ 22.931292, 40.649181 ], [ 22.930164, 40.649596 ], [ 22.928726, 40.649647 ], [ 22.928564, 40.649513 ], [ 22.928072, 40.649763 ], [ 22.927034, 40.649506 ], [ 22.925678, 40.64919 ], [ 22.923382, 40.648643 ], [ 22.923125, 40.648576 ], [ 22.922266, 40.648365 ], [ 22.921109, 40.648982 ], [ 22.918198, 40.651095 ], [ 22.918435, 40.651468 ], [ 22.918092, 40.651935 ], [ 22.917978, 40.652182 ], [ 22.917843, 40.652574 ], [ 22.916892, 40.65401 ], [ 22.916339, 40.654857 ], [ 22.916143, 40.654882 ], [ 22.915924, 40.6551 ], [ 22.915777, 40.655251 ], [ 22.915684, 40.655423 ], [ 22.915527, 40.655671 ], [ 22.91553, 40.65574 ], [ 22.915627, 40.655827 ], [ 22.915244, 40.656026 ], [ 22.915785, 40.656657 ], [ 22.915514, 40.656817 ], [ 22.915741, 40.65706 ], [ 22.914397, 40.657727 ], [ 22.913987, 40.65805 ] ] ] ] } },
{ "type": "Feature", "properties": { "MunUnits": "070202", "OID_1": 58, "CODE": "070202", "NAME_GR": "ΔΗΜΟΤΙΚΗ ΕΝΟΤΗΤΑ ΜΕΝΕΜΕΝΗΣ", "NAME_ENG": "Municipal Unit of Menemeni", "Shape_Leng": 16746.870050099998, "Shape_Area": 5659756.5021400005, "zone": "Urban" }, "geometry": { "type": "MultiPolygon", "coordinates": [ [ [ [ 22.861207, 40.662103 ], [ 22.861556, 40.663228 ], [ 22.864579, 40.662394 ], [ 22.864812, 40.662315 ], [ 22.867471, 40.661636 ], [ 22.869395, 40.661135 ], [ 22.869565, 40.661461 ], [ 22.870081, 40.661304 ], [ 22.870665, 40.663407 ], [ 22.871759, 40.667179 ], [ 22.872768, 40.670507 ], [ 22.872165, 40.670949 ], [ 22.871596, 40.671315 ], [ 22.871558, 40.671358 ], [ 22.872283, 40.672151 ], [ 22.872664, 40.671914 ], [ 22.873379, 40.671472 ], [ 22.873717, 40.671132 ], [ 22.874488, 40.670311 ], [ 22.87503, 40.669706 ], [ 22.875554, 40.669132 ], [ 22.875946, 40.668721 ], [ 22.8772, 40.667325 ], [ 22.877525, 40.666942 ], [ 22.877882, 40.666359 ], [ 22.878075, 40.666053 ], [ 22.878295, 40.665813 ], [ 22.878741, 40.665567 ], [ 22.879072, 40.665398 ], [ 22.879348, 40.665229 ], [ 22.880364, 40.664531 ], [ 22.880915, 40.664158 ], [ 22.881335, 40.663754 ], [ 22.88145, 40.663584 ], [ 22.882156, 40.663302 ], [ 22.882582, 40.663117 ], [ 22.882856, 40.663015 ], [ 22.883177, 40.662926 ], [ 22.883738, 40.662802 ], [ 22.884153, 40.662696 ], [ 22.88449, 40.662463 ], [ 22.885159, 40.66204 ], [ 22.885656, 40.661763 ], [ 22.886111, 40.661513 ], [ 22.886472, 40.661274 ], [ 22.886766, 40.661101 ], [ 22.886851, 40.661056 ], [ 22.886973, 40.661046 ], [ 22.887109, 40.661062 ], [ 22.88732, 40.66111 ], [ 22.887385, 40.661132 ], [ 22.887451, 40.661433 ], [ 22.887598, 40.661892 ], [ 22.887707, 40.662136 ], [ 22.887787, 40.662225 ], [ 22.887897, 40.662245 ], [ 22.88801, 40.662248 ], [ 22.888049, 40.662268 ], [ 22.888063, 40.662282 ], [ 22.888158, 40.662354 ], [ 22.88828, 40.66247 ], [ 22.888716, 40.662311 ], [ 22.889201, 40.662041 ], [ 22.889369, 40.66189 ], [ 22.889511, 40.661611 ], [ 22.889646, 40.661472 ], [ 22.889743, 40.661404 ], [ 22.889897, 40.661333 ], [ 22.890035, 40.661286 ], [ 22.890285, 40.661184 ], [ 22.890452, 40.661088 ], [ 22.890586, 40.660957 ], [ 22.891648, 40.66145 ], [ 22.891048, 40.662277 ], [ 22.89102, 40.662531 ], [ 22.890982, 40.663424 ], [ 22.890959, 40.663925 ], [ 22.891089, 40.664055 ], [ 22.891516, 40.66432 ], [ 22.891275, 40.664497 ], [ 22.891876, 40.665111 ], [ 22.892073, 40.665356 ], [ 22.893572, 40.664631 ], [ 22.896305, 40.663104 ], [ 22.897025, 40.66271 ], [ 22.897144, 40.662825 ], [ 22.897361, 40.662913 ], [ 22.897738, 40.662669 ], [ 22.898221, 40.662141 ], [ 22.898472, 40.661733 ], [ 22.899374, 40.66083 ], [ 22.900676, 40.659619 ], [ 22.901597, 40.658738 ], [ 22.902413, 40.657905 ], [ 22.902735, 40.657429 ], [ 22.902847, 40.657209 ], [ 22.903216, 40.65673 ], [ 22.903919, 40.657119 ], [ 22.905167, 40.658035 ], [ 22.90574, 40.658555 ], [ 22.906437, 40.65903 ], [ 22.907545, 40.659559 ], [ 22.908245, 40.659863 ], [ 22.909148, 40.660046 ], [ 22.910412, 40.660233 ], [ 22.91186, 40.66044 ], [ 22.912447, 40.660496 ], [ 22.912462, 40.6604 ], [ 22.91255, 40.660246 ], [ 22.912776, 40.659849 ], [ 22.912973, 40.6595 ], [ 22.913237, 40.659136 ], [ 22.913513, 40.65876 ], [ 22.913929, 40.658198 ], [ 22.913987, 40.65805 ], [ 22.914397, 40.657727 ], [ 22.915741, 40.65706 ], [ 22.915514, 40.656817 ], [ 22.915785, 40.656657 ], [ 22.915244, 40.656026 ], [ 22.915627, 40.655827 ], [ 22.91553, 40.65574 ], [ 22.915527, 40.655671 ], [ 22.915684, 40.655423 ], [ 22.915777, 40.655251 ], [ 22.915924, 40.6551 ], [ 22.916143, 40.654882 ], [ 22.916339, 40.654857 ], [ 22.916892, 40.65401 ], [ 22.917843, 40.652574 ], [ 22.917978, 40.652182 ], [ 22.918092, 40.651935 ], [ 22.918435, 40.651468 ], [ 22.918198, 40.651095 ], [ 22.917831, 40.650724 ], [ 22.917694, 40.650502 ], [ 22.91719, 40.650688 ], [ 22.916816, 40.650589 ], [ 22.916444, 40.650377 ], [ 22.916046, 40.650611 ], [ 22.915789, 40.650715 ], [ 22.91547, 40.650419 ], [ 22.915272, 40.650212 ], [ 22.914417, 40.650554 ], [ 22.912681, 40.651327 ], [ 22.91247, 40.651319 ], [ 22.912132, 40.651417 ], [ 22.910786, 40.651929 ], [ 22.909323, 40.652421 ], [ 22.908717, 40.652624 ], [ 22.907721, 40.652764 ], [ 22.90717, 40.652949 ], [ 22.906138, 40.653106 ], [ 22.906045, 40.653002 ], [ 22.905797, 40.652676 ], [ 22.90564, 40.65249 ], [ 22.905448, 40.652261 ], [ 22.905236, 40.651786 ], [ 22.905453, 40.651657 ], [ 22.905759, 40.651475 ], [ 22.905434, 40.65114 ], [ 22.905295, 40.651041 ], [ 22.904831, 40.650669 ], [ 22.904744, 40.650643 ], [ 22.904633, 40.650543 ], [ 22.904222, 40.650157 ], [ 22.904162, 40.650136 ], [ 22.904067, 40.65011 ], [ 22.903838, 40.650187 ], [ 22.903762, 40.650008 ], [ 22.903723, 40.649762 ], [ 22.903696, 40.649604 ], [ 22.903591, 40.649502 ], [ 22.903469, 40.649234 ], [ 22.903421, 40.648792 ], [ 22.902698, 40.648456 ], [ 22.902454, 40.64466 ], [ 22.901038, 40.644723 ], [ 22.901181, 40.642301 ], [ 22.900305, 40.642521 ], [ 22.900098, 40.64254 ], [ 22.899883, 40.642597 ], [ 22.899164, 40.642483 ], [ 22.897243, 40.642498 ], [ 22.897099, 40.64354 ], [ 22.895804, 40.643826 ], [ 22.893215, 40.643787 ], [ 22.890455, 40.643102 ], [ 22.888476, 40.642493 ], [ 22.887486, 40.641732 ], [ 22.886313, 40.643407 ], [ 22.885724, 40.644993 ], [ 22.885619, 40.645264 ], [ 22.886442, 40.645467 ], [ 22.886074, 40.64687 ], [ 22.885913, 40.647154 ], [ 22.885476, 40.647851 ], [ 22.884732, 40.648902 ], [ 22.883655, 40.65005 ], [ 22.883266, 40.650518 ], [ 22.881803, 40.650428 ], [ 22.881723, 40.651457 ], [ 22.881902, 40.65275 ], [ 22.881933, 40.653494 ], [ 22.881865, 40.654962 ], [ 22.88186, 40.655571 ], [ 22.877925, 40.65558 ], [ 22.875788, 40.655619 ], [ 22.87581, 40.656185 ], [ 22.875819, 40.656567 ], [ 22.875957, 40.656741 ], [ 22.875532, 40.657368 ], [ 22.87527, 40.657586 ], [ 22.875066, 40.657608 ], [ 22.874829, 40.657761 ], [ 22.874639, 40.657878 ], [ 22.874411, 40.657924 ], [ 22.874168, 40.658055 ], [ 22.874049, 40.658133 ], [ 22.873946, 40.658153 ], [ 22.873901, 40.658005 ], [ 22.873733, 40.658042 ], [ 22.873611, 40.658068 ], [ 22.873606, 40.657865 ], [ 22.873399, 40.657863 ], [ 22.873389, 40.657885 ], [ 22.873383, 40.658063 ], [ 22.873284, 40.658171 ], [ 22.87284, 40.658178 ], [ 22.871978, 40.658168 ], [ 22.871795, 40.658162 ], [ 22.871749, 40.659219 ], [ 22.871764, 40.659696 ], [ 22.869227, 40.660291 ], [ 22.864749, 40.661325 ], [ 22.861207, 40.662103 ] ] ] ] } },
{ "type": "Feature", "properties": { "MunUnits": "070301", "OID_1": 59, "CODE": "070301", "NAME_GR": "ΔΗΜΟΤΙΚΗ ΕΝΟΤΗΤΑ ΡΕΝΤΙΝΑΣ", "NAME_ENG": "Municipal Unit of Redina", "Shape_Leng": 81416.660038999995, "Shape_Area": 128948801.271, "zone": "Regional" }, "geometry": { "type": "MultiPolygon", "coordinates": [ [ [ [ 23.471705, 40.706848 ], [ 23.476919, 40.70629 ], [ 23.477516, 40.706311 ], [ 23.477777, 40.706549 ], [ 23.478175, 40.707605 ], [ 23.478621, 40.711735 ], [ 23.480361, 40.715416 ], [ 23.480928, 40.716237 ], [ 23.484253, 40.71887 ], [ 23.48677, 40.719741 ], [ 23.49094, 40.719573 ], [ 23.494091, 40.720114 ], [ 23.496905, 40.718349 ], [ 23.498888, 40.717789 ], [ 23.499405, 40.717896 ], [ 23.50472, 40.723725 ], [ 23.507794, 40.726283 ], [ 23.509977, 40.727428 ], [ 23.512244, 40.725298 ], [ 23.513899, 40.723228 ], [ 23.516703, 40.721158 ], [ 23.520118, 40.717434 ], [ 23.524875, 40.714028 ], [ 23.526289, 40.713999 ], [ 23.535538, 40.712757 ], [ 23.542245, 40.712487 ], [ 23.544052, 40.712197 ], [ 23.544785, 40.711884 ], [ 23.546275, 40.710513 ], [ 23.548194, 40.707866 ], [ 23.548821, 40.706568 ], [ 23.550441, 40.704782 ], [ 23.551543, 40.704082 ], [ 23.553185, 40.703594 ], [ 23.557475, 40.702843 ], [ 23.56608, 40.702931 ], [ 23.576715, 40.701987 ], [ 23.580403, 40.700869 ], [ 23.581965, 40.700633 ], [ 23.586524, 40.700613 ], [ 23.589184, 40.700196 ], [ 23.592577, 40.699465 ], [ 23.595558, 40.69827 ], [ 23.595826, 40.698344 ], [ 23.595921, 40.698772 ], [ 23.59511, 40.699771 ], [ 23.59469, 40.700753 ], [ 23.59462, 40.701327 ], [ 23.595049, 40.701775 ], [ 23.597046, 40.702079 ], [ 23.604214, 40.701992 ], [ 23.613281, 40.702264 ], [ 23.615846, 40.701382 ], [ 23.62117, 40.698984 ], [ 23.628905, 40.696404 ], [ 23.628917, 40.694554 ], [ 23.627647, 40.688855 ], [ 23.627563, 40.684234 ], [ 23.627265, 40.681368 ], [ 23.625821, 40.675809 ], [ 23.624528, 40.672259 ], [ 23.624676, 40.670748 ], [ 23.625692, 40.669822 ], [ 23.630854, 40.668778 ], [ 23.632322, 40.667933 ], [ 23.633323, 40.666167 ], [ 23.634465, 40.66473 ], [ 23.637014, 40.662492 ], [ 23.638301, 40.661647 ], [ 23.640479, 40.663213 ], [ 23.641522, 40.663555 ], [ 23.643691, 40.663621 ], [ 23.645308, 40.664184 ], [ 23.646246, 40.664744 ], [ 23.648065, 40.66654 ], [ 23.649421, 40.667181 ], [ 23.652582, 40.66729 ], [ 23.653628, 40.667054 ], [ 23.654578, 40.666556 ], [ 23.655929, 40.666782 ], [ 23.656607, 40.667123 ], [ 23.658297, 40.668879 ], [ 23.659859, 40.669938 ], [ 23.661398, 40.6705 ], [ 23.663122, 40.670604 ], [ 23.668067, 40.669544 ], [ 23.670965, 40.669353 ], [ 23.6711, 40.66933 ], [ 23.671112, 40.669343 ], [ 23.679135, 40.673409 ], [ 23.680108, 40.674075 ], [ 23.682488, 40.674123 ], [ 23.685964, 40.675269 ], [ 23.686094, 40.675384 ], [ 23.686227, 40.675432 ], [ 23.68648, 40.675439 ], [ 23.687037, 40.675406 ], [ 23.687473, 40.675371 ], [ 23.687806, 40.675403 ], [ 23.688056, 40.67553 ], [ 23.688822, 40.675889 ], [ 23.689133, 40.676026 ], [ 23.689631, 40.676208 ], [ 23.690053, 40.676317 ], [ 23.690331, 40.676193 ], [ 23.690718, 40.675984 ], [ 23.691014, 40.675839 ], [ 23.691238, 40.67583 ], [ 23.691427, 40.67589 ], [ 23.691907, 40.676043 ], [ 23.692285, 40.676191 ], [ 23.692503, 40.676311 ], [ 23.69316, 40.677207 ], [ 23.694026, 40.677214 ], [ 23.693813, 40.674484 ], [ 23.694242, 40.671203 ], [ 23.695051, 40.668812 ], [ 23.695972, 40.667164 ], [ 23.697311, 40.666275 ], [ 23.698707, 40.665947 ], [ 23.701378, 40.666141 ], [ 23.70235, 40.665622 ], [ 23.70351, 40.665508 ], [ 23.704582, 40.664737 ], [ 23.706903, 40.664417 ], [ 23.709583, 40.663505 ], [ 23.71821, 40.663681 ], [ 23.720432, 40.663063 ], [ 23.724315, 40.661037 ], [ 23.726343, 40.660782 ], [ 23.72998, 40.658527 ], [ 23.733505, 40.658355 ], [ 23.735134, 40.658882 ], [ 23.737674, 40.656727 ], [ 23.740579, 40.656887 ], [ 23.742594, 40.655983 ], [ 23.744018, 40.652813 ], [ 23.745716, 40.651943 ], [ 23.74782, 40.649128 ], [ 23.749403, 40.642437 ], [ 23.750925, 40.640568 ], [ 23.752916, 40.639671 ], [ 23.754125, 40.636924 ], [ 23.755922, 40.635875 ], [ 23.756864, 40.634563 ], [ 23.755233, 40.634913 ], [ 23.753865, 40.634375 ], [ 23.751697, 40.632957 ], [ 23.750846, 40.632174 ], [ 23.74926, 40.629036 ], [ 23.745469, 40.627457 ], [ 23.741757, 40.626478 ], [ 23.739359, 40.626475 ], [ 23.737068, 40.627028 ], [ 23.735675, 40.627582 ], [ 23.729418, 40.63118 ], [ 23.721678, 40.634328 ], [ 23.716152, 40.635335 ], [ 23.713596, 40.63622 ], [ 23.711315, 40.636731 ], [ 23.70805, 40.635885 ], [ 23.706698, 40.63524 ], [ 23.704927, 40.634008 ], [ 23.700908, 40.632059 ], [ 23.691878, 40.629071 ], [ 23.689701, 40.628542 ], [ 23.681937, 40.6288 ], [ 23.681149, 40.629007 ], [ 23.680451, 40.629535 ], [ 23.680058, 40.630231 ], [ 23.678859, 40.633133 ], [ 23.677684, 40.637206 ], [ 23.67675, 40.638235 ], [ 23.674446, 40.639584 ], [ 23.673672, 40.640523 ], [ 23.673068, 40.641886 ], [ 23.672029, 40.642389 ], [ 23.669058, 40.641784 ], [ 23.666858, 40.640908 ], [ 23.66466, 40.639668 ], [ 23.662749, 40.63948 ], [ 23.66226, 40.639175 ], [ 23.661056, 40.63817 ], [ 23.659632, 40.636376 ], [ 23.658301, 40.634298 ], [ 23.657, 40.631634 ], [ 23.655904, 40.630589 ], [ 23.652067, 40.630689 ], [ 23.647498, 40.630347 ], [ 23.642484, 40.635161 ], [ 23.638531, 40.63705 ], [ 23.633182, 40.643961 ], [ 23.631596, 40.64512 ], [ 23.628933, 40.646375 ], [ 23.628619, 40.647922 ], [ 23.628005, 40.648527 ], [ 23.627538, 40.648889 ], [ 23.623918, 40.650364 ], [ 23.620436, 40.653155 ], [ 23.619686, 40.654214 ], [ 23.620872, 40.655847 ], [ 23.62091, 40.656605 ], [ 23.619034, 40.656723 ], [ 23.616491, 40.656211 ], [ 23.61091, 40.654436 ], [ 23.60814, 40.654219 ], [ 23.604552, 40.654754 ], [ 23.597148, 40.65667 ], [ 23.593336, 40.656964 ], [ 23.590406, 40.657472 ], [ 23.571304, 40.661803 ], [ 23.561648, 40.663741 ], [ 23.55703, 40.664458 ], [ 23.55294, 40.664712 ], [ 23.549043, 40.666387 ], [ 23.54455, 40.6666 ], [ 23.540007, 40.667726 ], [ 23.537221, 40.668166 ], [ 23.527563, 40.67074 ], [ 23.522554, 40.67243 ], [ 23.512608, 40.676346 ], [ 23.508993, 40.677157 ], [ 23.502504, 40.677514 ], [ 23.49967, 40.678481 ], [ 23.498976, 40.67854 ], [ 23.485639, 40.677152 ], [ 23.472415, 40.676273 ], [ 23.466075, 40.676507 ], [ 23.459708, 40.676375 ], [ 23.437038, 40.677376 ], [ 23.427334, 40.677644 ], [ 23.422729, 40.677555 ], [ 23.410736, 40.678725 ], [ 23.405859, 40.67951 ], [ 23.405128, 40.679902 ], [ 23.40511, 40.681261 ], [ 23.40464, 40.682385 ], [ 23.399382, 40.692659 ], [ 23.398067, 40.698671 ], [ 23.398695, 40.70161 ], [ 23.399557, 40.702833 ], [ 23.401103, 40.704304 ], [ 23.404307, 40.709427 ], [ 23.405612, 40.712169 ], [ 23.407739, 40.715761 ], [ 23.41055, 40.718932 ], [ 23.413015, 40.722822 ], [ 23.413594, 40.723268 ], [ 23.415722, 40.724054 ], [ 23.418242, 40.724605 ], [ 23.422412, 40.7249 ], [ 23.425307, 40.725577 ], [ 23.439844, 40.729675 ], [ 23.441489, 40.730255 ], [ 23.442333, 40.730837 ], [ 23.443516, 40.730684 ], [ 23.444668, 40.730236 ], [ 23.449869, 40.72731 ], [ 23.451306, 40.726977 ], [ 23.453156, 40.726865 ], [ 23.455156, 40.725695 ], [ 23.45893, 40.724539 ], [ 23.459364, 40.724078 ], [ 23.459961, 40.721017 ], [ 23.460343, 40.720198 ], [ 23.461131, 40.719207 ], [ 23.462124, 40.718588 ], [ 23.464232, 40.718034 ], [ 23.465727, 40.71679 ], [ 23.467486, 40.714575 ], [ 23.468648, 40.712671 ], [ 23.470738, 40.70828 ], [ 23.471705, 40.706848 ] ] ] ] } },
{ "type": "Feature", "properties": { "MunUnits": "070302", "OID_1": 60, "CODE": "070302", "NAME_GR": "ΔΗΜΟΤΙΚΗ ΕΝΟΤΗΤΑ ΑΓΙΟΥ ΓΕΩΡΓΙΟΥ", "NAME_ENG": "Municipal Unit of Aghios Georgios", "Shape_Leng": 46436.062898800003, "Shape_Area": 66409786.910700001, "zone": "Regional" }, "geometry": { "type": "MultiPolygon", "coordinates": [ [ [ [ 23.727708, 40.781114 ], [ 23.73081, 40.780888 ], [ 23.736073, 40.78138 ], [ 23.737147, 40.781252 ], [ 23.73904, 40.780622 ], [ 23.742884, 40.778092 ], [ 23.744469, 40.777798 ], [ 23.747386, 40.77673 ], [ 23.749311, 40.776799 ], [ 23.750081, 40.776114 ], [ 23.751108, 40.774588 ], [ 23.75271, 40.774423 ], [ 23.75399, 40.773804 ], [ 23.755498, 40.771593 ], [ 23.755893, 40.770674 ], [ 23.756442, 40.768139 ], [ 23.757699, 40.765912 ], [ 23.759869, 40.764064 ], [ 23.762143, 40.761686 ], [ 23.76307, 40.759512 ], [ 23.765077, 40.757892 ], [ 23.762495, 40.756805 ], [ 23.760179, 40.756458 ], [ 23.750532, 40.757526 ], [ 23.7494, 40.758228 ], [ 23.743391, 40.758278 ], [ 23.741386, 40.757343 ], [ 23.733047, 40.750659 ], [ 23.732294, 40.749687 ], [ 23.732589, 40.749012 ], [ 23.732145, 40.747936 ], [ 23.727033, 40.742149 ], [ 23.718912, 40.731952 ], [ 23.711483, 40.721214 ], [ 23.705955, 40.712093 ], [ 23.705672, 40.711568 ], [ 23.700977, 40.702877 ], [ 23.696266, 40.691281 ], [ 23.694656, 40.685333 ], [ 23.694026, 40.677214 ], [ 23.69316, 40.677207 ], [ 23.692503, 40.676311 ], [ 23.692285, 40.676191 ], [ 23.691907, 40.676043 ], [ 23.691427, 40.67589 ], [ 23.691238, 40.67583 ], [ 23.691014, 40.675839 ], [ 23.690718, 40.675984 ], [ 23.690331, 40.676193 ], [ 23.690053, 40.676317 ], [ 23.689631, 40.676208 ], [ 23.689133, 40.676026 ], [ 23.688822, 40.675889 ], [ 23.688056, 40.67553 ], [ 23.687806, 40.675403 ], [ 23.687473, 40.675371 ], [ 23.687037, 40.675406 ], [ 23.68648, 40.675439 ], [ 23.686227, 40.675432 ], [ 23.686094, 40.675384 ], [ 23.685964, 40.675269 ], [ 23.682488, 40.674123 ], [ 23.680108, 40.674075 ], [ 23.679135, 40.673409 ], [ 23.671112, 40.669343 ], [ 23.6711, 40.66933 ], [ 23.670965, 40.669353 ], [ 23.668067, 40.669544 ], [ 23.663122, 40.670604 ], [ 23.661398, 40.6705 ], [ 23.659859, 40.669938 ], [ 23.658297, 40.668879 ], [ 23.656607, 40.667123 ], [ 23.655929, 40.666782 ], [ 23.654578, 40.666556 ], [ 23.653628, 40.667054 ], [ 23.652582, 40.66729 ], [ 23.649421, 40.667181 ], [ 23.648065, 40.66654 ], [ 23.646246, 40.664744 ], [ 23.645308, 40.664184 ], [ 23.643691, 40.663621 ], [ 23.641522, 40.663555 ], [ 23.640479, 40.663213 ], [ 23.638301, 40.661647 ], [ 23.637014, 40.662492 ], [ 23.634465, 40.66473 ], [ 23.633323, 40.666167 ], [ 23.632322, 40.667933 ], [ 23.630854, 40.668778 ], [ 23.625692, 40.669822 ], [ 23.624676, 40.670748 ], [ 23.624528, 40.672259 ], [ 23.625821, 40.675809 ], [ 23.627265, 40.681368 ], [ 23.627563, 40.684234 ], [ 23.627647, 40.688855 ], [ 23.628917, 40.694554 ], [ 23.628905, 40.696404 ], [ 23.624942, 40.701528 ], [ 23.623981, 40.703768 ], [ 23.623794, 40.705086 ], [ 23.62145, 40.710298 ], [ 23.621503, 40.714389 ], [ 23.622829, 40.716124 ], [ 23.625022, 40.717697 ], [ 23.627975, 40.71897 ], [ 23.631236, 40.719518 ], [ 23.632409, 40.72011 ], [ 23.635537, 40.722455 ], [ 23.636003, 40.72306 ], [ 23.636072, 40.723528 ], [ 23.632828, 40.733576 ], [ 23.633089, 40.734257 ], [ 23.635395, 40.735171 ], [ 23.636802, 40.735368 ], [ 23.639438, 40.735376 ], [ 23.64082, 40.735069 ], [ 23.647819, 40.733424 ], [ 23.652586, 40.732774 ], [ 23.659284, 40.731239 ], [ 23.662555, 40.730775 ], [ 23.665258, 40.730954 ], [ 23.668487, 40.732262 ], [ 23.670404, 40.733777 ], [ 23.673028, 40.736905 ], [ 23.673634, 40.737959 ], [ 23.67479, 40.738765 ], [ 23.676765, 40.739171 ], [ 23.680482, 40.739595 ], [ 23.691575, 40.739432 ], [ 23.69347, 40.739838 ], [ 23.694113, 40.740099 ], [ 23.69353, 40.740404 ], [ 23.693501, 40.740604 ], [ 23.693622, 40.740726 ], [ 23.693848, 40.740762 ], [ 23.69377, 40.741413 ], [ 23.694154, 40.741557 ], [ 23.694818, 40.742352 ], [ 23.695174, 40.742639 ], [ 23.695824, 40.742376 ], [ 23.696201, 40.74227 ], [ 23.696964, 40.741779 ], [ 23.697087, 40.741636 ], [ 23.697347, 40.741527 ], [ 23.70149, 40.744029 ], [ 23.701986, 40.744739 ], [ 23.701798, 40.745874 ], [ 23.700179, 40.748375 ], [ 23.700015, 40.749577 ], [ 23.699035, 40.750778 ], [ 23.696205, 40.752775 ], [ 23.692537, 40.756498 ], [ 23.689447, 40.7592 ], [ 23.683685, 40.763726 ], [ 23.682019, 40.764744 ], [ 23.680425, 40.765336 ], [ 23.679508, 40.76612 ], [ 23.679189, 40.766701 ], [ 23.679719, 40.767922 ], [ 23.681196, 40.768574 ], [ 23.682499, 40.76865 ], [ 23.693841, 40.768264 ], [ 23.698056, 40.768936 ], [ 23.700216, 40.769543 ], [ 23.7029, 40.770713 ], [ 23.70695, 40.772969 ], [ 23.709552, 40.77494 ], [ 23.71194, 40.777672 ], [ 23.713668, 40.779352 ], [ 23.715096, 40.780362 ], [ 23.716401, 40.779831 ], [ 23.717917, 40.779808 ], [ 23.719534, 40.780291 ], [ 23.721795, 40.781514 ], [ 23.723735, 40.781946 ], [ 23.72457, 40.781948 ], [ 23.727708, 40.781114 ] ] ] ] } },
{ "type": "Feature", "properties": { "MunUnits": "070303", "OID_1": 61, "CODE": "070303", "NAME_GR": "ΔΗΜΟΤΙΚΗ ΕΝΟΤΗΤΑ ΑΠΟΛΛΩΝΙΑΣ", "NAME_ENG": "Municipal Unit of Apollonia", "Shape_Leng": 73498.681668499994, "Shape_Area": 168465090.27599999, "zone": "Regional" }, "geometry": { "type": "MultiPolygon", "coordinates": [ [ [ [ 23.410736, 40.678725 ], [ 23.422729, 40.677555 ], [ 23.427334, 40.677644 ], [ 23.437038, 40.677376 ], [ 23.459708, 40.676375 ], [ 23.466075, 40.676507 ], [ 23.472415, 40.676273 ], [ 23.485639, 40.677152 ], [ 23.498976, 40.67854 ], [ 23.492289, 40.670861 ], [ 23.488911, 40.664444 ], [ 23.486539, 40.658513 ], [ 23.486088, 40.656015 ], [ 23.485488, 40.654388 ], [ 23.48002, 40.647921 ], [ 23.477394, 40.643536 ], [ 23.476906, 40.643097 ], [ 23.476434, 40.642997 ], [ 23.471939, 40.64364 ], [ 23.471293, 40.643402 ], [ 23.471018, 40.642923 ], [ 23.471312, 40.640845 ], [ 23.473032, 40.636716 ], [ 23.473337, 40.634336 ], [ 23.473162, 40.633447 ], [ 23.471803, 40.630263 ], [ 23.471429, 40.628415 ], [ 23.471551, 40.62766 ], [ 23.472008, 40.627046 ], [ 23.472932, 40.626434 ], [ 23.478197, 40.624358 ], [ 23.480941, 40.622786 ], [ 23.481624, 40.62195 ], [ 23.482196, 40.620765 ], [ 23.482358, 40.618807 ], [ 23.482203, 40.617514 ], [ 23.48146, 40.615698 ], [ 23.481241, 40.613743 ], [ 23.481376, 40.613226 ], [ 23.482628, 40.611708 ], [ 23.484398, 40.610355 ], [ 23.485231, 40.610333 ], [ 23.48639, 40.611169 ], [ 23.487391, 40.611337 ], [ 23.491276, 40.608964 ], [ 23.493371, 40.608519 ], [ 23.496104, 40.607234 ], [ 23.499238, 40.606559 ], [ 23.503597, 40.606938 ], [ 23.507559, 40.606501 ], [ 23.511859, 40.607721 ], [ 23.51582, 40.607417 ], [ 23.518516, 40.606675 ], [ 23.520311, 40.606779 ], [ 23.523061, 40.607183 ], [ 23.527572, 40.609127 ], [ 23.52971, 40.608036 ], [ 23.531784, 40.606283 ], [ 23.53242, 40.606003 ], [ 23.542029, 40.605437 ], [ 23.54241, 40.604368 ], [ 23.5439, 40.601848 ], [ 23.545849, 40.59919 ], [ 23.544883, 40.597371 ], [ 23.544492, 40.596011 ], [ 23.544867, 40.592182 ], [ 23.544101, 40.590015 ], [ 23.539081, 40.587252 ], [ 23.533169, 40.584677 ], [ 23.531478, 40.583292 ], [ 23.529896, 40.581224 ], [ 23.524347, 40.578587 ], [ 23.522678, 40.577341 ], [ 23.519501, 40.575512 ], [ 23.517249, 40.573839 ], [ 23.516452, 40.57358 ], [ 23.516037, 40.573041 ], [ 23.512261, 40.570394 ], [ 23.50857, 40.56822 ], [ 23.50003, 40.569811 ], [ 23.497966, 40.571177 ], [ 23.49619, 40.573211 ], [ 23.490644, 40.577069 ], [ 23.489822, 40.579303 ], [ 23.489613, 40.580444 ], [ 23.489738, 40.582246 ], [ 23.489492, 40.58325 ], [ 23.488171, 40.584141 ], [ 23.486694, 40.584766 ], [ 23.485242, 40.585043 ], [ 23.483481, 40.58485 ], [ 23.482621, 40.584505 ], [ 23.480211, 40.582696 ], [ 23.477084, 40.58219 ], [ 23.475382, 40.582096 ], [ 23.470273, 40.582545 ], [ 23.464402, 40.582693 ], [ 23.460109, 40.583286 ], [ 23.457676, 40.583339 ], [ 23.44727, 40.585102 ], [ 23.443207, 40.585485 ], [ 23.438757, 40.585707 ], [ 23.432787, 40.585665 ], [ 23.419777, 40.587004 ], [ 23.414626, 40.587183 ], [ 23.411769, 40.58766 ], [ 23.407792, 40.587035 ], [ 23.407068, 40.588901 ], [ 23.40619, 40.589851 ], [ 23.405255, 40.590123 ], [ 23.403699, 40.589985 ], [ 23.402197, 40.590136 ], [ 23.399139, 40.591311 ], [ 23.395827, 40.594221 ], [ 23.393156, 40.596054 ], [ 23.390181, 40.59855 ], [ 23.391199, 40.599081 ], [ 23.396354, 40.600441 ], [ 23.39789, 40.601077 ], [ 23.39909, 40.602042 ], [ 23.399343, 40.602621 ], [ 23.399135, 40.604279 ], [ 23.398594, 40.605198 ], [ 23.391873, 40.612105 ], [ 23.389399, 40.612866 ], [ 23.386542, 40.613146 ], [ 23.382225, 40.614413 ], [ 23.38131, 40.614859 ], [ 23.376386, 40.612772 ], [ 23.375131, 40.612526 ], [ 23.371078, 40.613028 ], [ 23.370215, 40.612889 ], [ 23.369001, 40.612403 ], [ 23.366208, 40.610591 ], [ 23.365548, 40.610555 ], [ 23.360712, 40.612224 ], [ 23.356495, 40.610932 ], [ 23.354625, 40.610764 ], [ 23.352605, 40.610787 ], [ 23.349492, 40.611185 ], [ 23.346444, 40.612198 ], [ 23.344712, 40.612396 ], [ 23.34342, 40.612001 ], [ 23.341177, 40.609969 ], [ 23.338598, 40.608427 ], [ 23.336994, 40.608171 ], [ 23.335002, 40.608406 ], [ 23.33311, 40.608968 ], [ 23.332138, 40.608895 ], [ 23.325268, 40.604988 ], [ 23.324209, 40.604999 ], [ 23.32259, 40.605656 ], [ 23.317825, 40.605574 ], [ 23.316606, 40.605194 ], [ 23.312644, 40.603201 ], [ 23.311391, 40.60282 ], [ 23.310239, 40.60276 ], [ 23.308137, 40.603333 ], [ 23.306708, 40.606413 ], [ 23.305457, 40.607104 ], [ 23.301108, 40.607471 ], [ 23.298021, 40.608788 ], [ 23.296753, 40.609754 ], [ 23.291045, 40.617521 ], [ 23.286434, 40.624677 ], [ 23.283824, 40.623937 ], [ 23.279699, 40.622256 ], [ 23.272835, 40.620276 ], [ 23.269508, 40.618796 ], [ 23.267168, 40.618425 ], [ 23.265978, 40.620293 ], [ 23.259365, 40.628453 ], [ 23.255894, 40.633111 ], [ 23.255223, 40.633705 ], [ 23.255269, 40.634265 ], [ 23.255592, 40.634508 ], [ 23.256808, 40.634917 ], [ 23.257683, 40.635471 ], [ 23.25809, 40.63606 ], [ 23.258092, 40.636493 ], [ 23.256024, 40.639903 ], [ 23.250639, 40.652163 ], [ 23.255837, 40.654287 ], [ 23.267552, 40.661184 ], [ 23.269737, 40.662115 ], [ 23.273541, 40.663175 ], [ 23.274981, 40.663293 ], [ 23.279491, 40.662519 ], [ 23.28114, 40.662601 ], [ 23.281758, 40.663056 ], [ 23.282705, 40.665674 ], [ 23.283736, 40.666485 ], [ 23.284939, 40.666895 ], [ 23.287675, 40.666371 ], [ 23.289342, 40.666688 ], [ 23.292655, 40.66887 ], [ 23.298717, 40.671268 ], [ 23.301037, 40.672777 ], [ 23.304767, 40.674653 ], [ 23.305972, 40.674919 ], [ 23.307187, 40.674859 ], [ 23.309327, 40.674259 ], [ 23.31531, 40.674406 ], [ 23.319933, 40.674349 ], [ 23.322601, 40.673234 ], [ 23.323869, 40.672923 ], [ 23.327076, 40.673241 ], [ 23.32924, 40.672754 ], [ 23.332539, 40.673081 ], [ 23.335362, 40.672699 ], [ 23.337954, 40.673668 ], [ 23.341109, 40.672781 ], [ 23.342528, 40.673176 ], [ 23.344973, 40.674562 ], [ 23.348262, 40.675007 ], [ 23.350647, 40.674942 ], [ 23.353633, 40.675327 ], [ 23.370927, 40.676107 ], [ 23.379141, 40.676254 ], [ 23.398982, 40.677785 ], [ 23.400873, 40.678073 ], [ 23.40373, 40.678924 ], [ 23.405128, 40.679902 ], [ 23.405859, 40.67951 ], [ 23.410736, 40.678725 ] ] ] ] } },
{ "type": "Feature", "properties": { "MunUnits": "070304", "OID_1": 62, "CODE": "070304", "NAME_GR": "ΔΗΜΟΤΙΚΗ ΕΝΟΤΗΤΑ ΑΡΕΘΟΥΣΑΣ", "NAME_ENG": "Municipal Unit of Arethoussa", "Shape_Leng": 85241.436680400002, "Shape_Area": 214631841.40700001, "zone": "Regional" }, "geometry": { "type": "MultiPolygon", "coordinates": [ [ [ [ 23.502832, 40.84307 ], [ 23.505862, 40.841998 ], [ 23.509054, 40.8414 ], [ 23.517443, 40.838186 ], [ 23.520141, 40.835605 ], [ 23.522645, 40.83398 ], [ 23.524925, 40.832952 ], [ 23.527771, 40.832526 ], [ 23.529755, 40.831169 ], [ 23.530216, 40.827826 ], [ 23.53222, 40.825027 ], [ 23.532561, 40.823594 ], [ 23.535135, 40.821133 ], [ 23.535142, 40.820088 ], [ 23.532779, 40.817767 ], [ 23.532287, 40.8164 ], [ 23.532411, 40.814937 ], [ 23.534202, 40.811022 ], [ 23.53565, 40.809946 ], [ 23.537614, 40.809032 ], [ 23.538263, 40.808912 ], [ 23.543002, 40.809213 ], [ 23.545173, 40.808755 ], [ 23.546116, 40.808217 ], [ 23.549958, 40.804691 ], [ 23.552224, 40.799891 ], [ 23.55333, 40.798913 ], [ 23.554418, 40.798389 ], [ 23.555889, 40.79612 ], [ 23.557175, 40.795154 ], [ 23.558695, 40.794504 ], [ 23.561444, 40.792345 ], [ 23.563266, 40.791671 ], [ 23.566698, 40.791906 ], [ 23.571516, 40.791867 ], [ 23.574159, 40.792711 ], [ 23.577641, 40.792312 ], [ 23.578838, 40.791502 ], [ 23.582164, 40.787141 ], [ 23.583672, 40.78668 ], [ 23.587026, 40.787369 ], [ 23.591364, 40.78678 ], [ 23.593466, 40.787465 ], [ 23.59776, 40.78812 ], [ 23.600481, 40.788048 ], [ 23.60753, 40.78701 ], [ 23.61167, 40.786892 ], [ 23.616173, 40.78688 ], [ 23.619394, 40.787134 ], [ 23.624344, 40.788413 ], [ 23.625585, 40.788142 ], [ 23.627478, 40.787286 ], [ 23.62916, 40.785969 ], [ 23.630501, 40.784459 ], [ 23.632774, 40.783272 ], [ 23.635255, 40.782866 ], [ 23.640055, 40.78094 ], [ 23.641597, 40.780761 ], [ 23.644858, 40.781422 ], [ 23.646557, 40.781098 ], [ 23.649059, 40.779308 ], [ 23.652094, 40.77883 ], [ 23.654899, 40.777774 ], [ 23.657689, 40.775787 ], [ 23.666079, 40.773477 ], [ 23.667264, 40.773732 ], [ 23.669315, 40.775747 ], [ 23.670028, 40.776843 ], [ 23.670756, 40.779032 ], [ 23.671997, 40.779856 ], [ 23.672551, 40.780697 ], [ 23.67335, 40.781281 ], [ 23.674221, 40.781292 ], [ 23.676886, 40.779653 ], [ 23.678924, 40.778811 ], [ 23.680933, 40.778863 ], [ 23.682049, 40.779327 ], [ 23.682765, 40.780576 ], [ 23.683169, 40.780826 ], [ 23.683726, 40.780836 ], [ 23.685547, 40.779694 ], [ 23.686213, 40.779854 ], [ 23.686975, 40.780712 ], [ 23.688399, 40.783704 ], [ 23.689896, 40.784672 ], [ 23.691179, 40.784709 ], [ 23.691859, 40.783851 ], [ 23.692166, 40.783483 ], [ 23.694386, 40.782453 ], [ 23.695938, 40.782004 ], [ 23.698529, 40.7817 ], [ 23.703123, 40.780146 ], [ 23.704755, 40.780058 ], [ 23.709301, 40.780899 ], [ 23.711992, 40.780996 ], [ 23.715096, 40.780362 ], [ 23.713668, 40.779352 ], [ 23.71194, 40.777672 ], [ 23.709552, 40.77494 ], [ 23.70695, 40.772969 ], [ 23.7029, 40.770713 ], [ 23.700216, 40.769543 ], [ 23.698056, 40.768936 ], [ 23.693841, 40.768264 ], [ 23.682499, 40.76865 ], [ 23.681196, 40.768574 ], [ 23.679719, 40.767922 ], [ 23.679189, 40.766701 ], [ 23.679508, 40.76612 ], [ 23.680425, 40.765336 ], [ 23.682019, 40.764744 ], [ 23.683685, 40.763726 ], [ 23.689447, 40.7592 ], [ 23.692537, 40.756498 ], [ 23.696205, 40.752775 ], [ 23.699035, 40.750778 ], [ 23.700015, 40.749577 ], [ 23.700179, 40.748375 ], [ 23.701798, 40.745874 ], [ 23.701986, 40.744739 ], [ 23.70149, 40.744029 ], [ 23.697347, 40.741527 ], [ 23.697087, 40.741636 ], [ 23.696964, 40.741779 ], [ 23.696201, 40.74227 ], [ 23.695824, 40.742376 ], [ 23.695174, 40.742639 ], [ 23.694818, 40.742352 ], [ 23.694154, 40.741557 ], [ 23.69377, 40.741413 ], [ 23.693848, 40.740762 ], [ 23.693622, 40.740726 ], [ 23.693501, 40.740604 ], [ 23.69353, 40.740404 ], [ 23.694113, 40.740099 ], [ 23.69347, 40.739838 ], [ 23.691575, 40.739432 ], [ 23.680482, 40.739595 ], [ 23.676765, 40.739171 ], [ 23.67479, 40.738765 ], [ 23.673634, 40.737959 ], [ 23.673028, 40.736905 ], [ 23.670404, 40.733777 ], [ 23.668487, 40.732262 ], [ 23.665258, 40.730954 ], [ 23.662555, 40.730775 ], [ 23.659284, 40.731239 ], [ 23.652586, 40.732774 ], [ 23.647819, 40.733424 ], [ 23.64082, 40.735069 ], [ 23.639438, 40.735376 ], [ 23.636802, 40.735368 ], [ 23.635395, 40.735171 ], [ 23.633089, 40.734257 ], [ 23.632828, 40.733576 ], [ 23.636072, 40.723528 ], [ 23.636003, 40.72306 ], [ 23.635537, 40.722455 ], [ 23.632409, 40.72011 ], [ 23.631236, 40.719518 ], [ 23.627975, 40.71897 ], [ 23.625022, 40.717697 ], [ 23.622829, 40.716124 ], [ 23.621503, 40.714389 ], [ 23.62145, 40.710298 ], [ 23.623794, 40.705086 ], [ 23.623981, 40.703768 ], [ 23.624942, 40.701528 ], [ 23.628905, 40.696404 ], [ 23.62117, 40.698984 ], [ 23.615846, 40.701382 ], [ 23.613281, 40.702264 ], [ 23.604214, 40.701992 ], [ 23.597046, 40.702079 ], [ 23.595049, 40.701775 ], [ 23.59462, 40.701327 ], [ 23.59469, 40.700753 ], [ 23.59511, 40.699771 ], [ 23.595921, 40.698772 ], [ 23.595826, 40.698344 ], [ 23.595558, 40.69827 ], [ 23.592577, 40.699465 ], [ 23.589184, 40.700196 ], [ 23.586524, 40.700613 ], [ 23.581965, 40.700633 ], [ 23.580403, 40.700869 ], [ 23.576715, 40.701987 ], [ 23.56608, 40.702931 ], [ 23.557475, 40.702843 ], [ 23.553185, 40.703594 ], [ 23.551543, 40.704082 ], [ 23.550441, 40.704782 ], [ 23.548821, 40.706568 ], [ 23.548194, 40.707866 ], [ 23.546275, 40.710513 ], [ 23.544785, 40.711884 ], [ 23.544052, 40.712197 ], [ 23.542245, 40.712487 ], [ 23.535538, 40.712757 ], [ 23.526289, 40.713999 ], [ 23.524875, 40.714028 ], [ 23.520118, 40.717434 ], [ 23.516703, 40.721158 ], [ 23.513899, 40.723228 ], [ 23.512244, 40.725298 ], [ 23.509977, 40.727428 ], [ 23.507794, 40.726283 ], [ 23.50472, 40.723725 ], [ 23.499405, 40.717896 ], [ 23.498888, 40.717789 ], [ 23.496905, 40.718349 ], [ 23.494091, 40.720114 ], [ 23.49094, 40.719573 ], [ 23.48677, 40.719741 ], [ 23.484253, 40.71887 ], [ 23.480928, 40.716237 ], [ 23.480361, 40.715416 ], [ 23.478621, 40.711735 ], [ 23.478175, 40.707605 ], [ 23.477777, 40.706549 ], [ 23.477516, 40.706311 ], [ 23.476919, 40.70629 ], [ 23.471705, 40.706848 ], [ 23.470738, 40.70828 ], [ 23.468648, 40.712671 ], [ 23.467486, 40.714575 ], [ 23.465727, 40.71679 ], [ 23.464232, 40.718034 ], [ 23.462124, 40.718588 ], [ 23.461131, 40.719207 ], [ 23.460343, 40.720198 ], [ 23.459961, 40.721017 ], [ 23.459364, 40.724078 ], [ 23.45893, 40.724539 ], [ 23.455156, 40.725695 ], [ 23.453156, 40.726865 ], [ 23.451306, 40.726977 ], [ 23.449869, 40.72731 ], [ 23.444668, 40.730236 ], [ 23.443516, 40.730684 ], [ 23.442333, 40.730837 ], [ 23.43999, 40.730852 ], [ 23.432232, 40.730035 ], [ 23.428661, 40.729864 ], [ 23.42695, 40.730109 ], [ 23.42634, 40.730483 ], [ 23.425252, 40.733054 ], [ 23.424892, 40.737886 ], [ 23.425345, 40.740387 ], [ 23.426723, 40.743367 ], [ 23.427444, 40.746146 ], [ 23.426639, 40.748099 ], [ 23.426404, 40.749221 ], [ 23.423929, 40.751699 ], [ 23.42162, 40.754777 ], [ 23.420754, 40.757514 ], [ 23.420027, 40.763413 ], [ 23.420186, 40.765432 ], [ 23.420464, 40.766698 ], [ 23.420802, 40.767159 ], [ 23.424881, 40.769256 ], [ 23.425904, 40.769361 ], [ 23.427904, 40.768912 ], [ 23.432635, 40.766035 ], [ 23.433841, 40.764903 ], [ 23.43444, 40.764788 ], [ 23.435747, 40.76665 ], [ 23.437157, 40.769316 ], [ 23.440727, 40.773726 ], [ 23.445067, 40.780374 ], [ 23.445643, 40.781377 ], [ 23.452529, 40.790112 ], [ 23.453725, 40.791467 ], [ 23.455967, 40.793412 ], [ 23.448965, 40.795818 ], [ 23.443154, 40.798247 ], [ 23.440331, 40.800151 ], [ 23.43797, 40.802083 ], [ 23.436344, 40.803728 ], [ 23.434004, 40.80521 ], [ 23.432497, 40.806457 ], [ 23.432884, 40.808231 ], [ 23.433012, 40.810925 ], [ 23.432553, 40.812644 ], [ 23.431185, 40.81455 ], [ 23.431541, 40.814971 ], [ 23.434121, 40.816103 ], [ 23.437561, 40.818037 ], [ 23.439185, 40.819657 ], [ 23.440671, 40.823127 ], [ 23.443881, 40.828674 ], [ 23.445112, 40.827958 ], [ 23.446596, 40.827616 ], [ 23.448009, 40.826881 ], [ 23.449032, 40.826751 ], [ 23.45532, 40.829368 ], [ 23.45736, 40.829929 ], [ 23.462541, 40.830268 ], [ 23.467548, 40.831404 ], [ 23.472872, 40.831193 ], [ 23.47429, 40.831796 ], [ 23.478504, 40.834662 ], [ 23.479833, 40.836974 ], [ 23.480342, 40.84016 ], [ 23.480777, 40.8414 ], [ 23.481173, 40.841829 ], [ 23.481635, 40.84216 ], [ 23.48234, 40.842251 ], [ 23.48787, 40.842215 ], [ 23.488703, 40.842769 ], [ 23.489375, 40.842916 ], [ 23.49076, 40.842868 ], [ 23.493318, 40.842357 ], [ 23.495855, 40.842734 ], [ 23.499292, 40.843653 ], [ 23.501346, 40.843384 ], [ 23.502832, 40.84307 ] ] ] ] } },
{ "type": "Feature", "properties": { "MunUnits": "070305", "OID_1": 63, "CODE": "070305", "NAME_GR": "ΔΗΜΟΤΙΚΗ ΕΝΟΤΗΤΑ ΕΓΝΑΤΙΑΣ", "NAME_ENG": "Municipal Unit of Egnatia", "Shape_Leng": 63615.506061599997, "Shape_Area": 115392308.624, "zone": "Regional" }, "geometry": { "type": "MultiPolygon", "coordinates": [ [ [ [ 23.320541, 40.767617 ], [ 23.324501, 40.765671 ], [ 23.318881, 40.763203 ], [ 23.311474, 40.759136 ], [ 23.29659, 40.749079 ], [ 23.296837, 40.747638 ], [ 23.297094, 40.741461 ], [ 23.297577, 40.73944 ], [ 23.298485, 40.731581 ], [ 23.298885, 40.730457 ], [ 23.300223, 40.729211 ], [ 23.301945, 40.72859 ], [ 23.304916, 40.72693 ], [ 23.314241, 40.724662 ], [ 23.316889, 40.723806 ], [ 23.319034, 40.722855 ], [ 23.319971, 40.722153 ], [ 23.320724, 40.722102 ], [ 23.3251, 40.723011 ], [ 23.331028, 40.725393 ], [ 23.334976, 40.726424 ], [ 23.337776, 40.726676 ], [ 23.341682, 40.727377 ], [ 23.347779, 40.72928 ], [ 23.350724, 40.729629 ], [ 23.358004, 40.729753 ], [ 23.359847, 40.729168 ], [ 23.361864, 40.72767 ], [ 23.366438, 40.725106 ], [ 23.37064, 40.723467 ], [ 23.372633, 40.722426 ], [ 23.373514, 40.721614 ], [ 23.376128, 40.71625 ], [ 23.37677, 40.715749 ], [ 23.377608, 40.715447 ], [ 23.379095, 40.715545 ], [ 23.384103, 40.716852 ], [ 23.385333, 40.716831 ], [ 23.386531, 40.716468 ], [ 23.388186, 40.714724 ], [ 23.388833, 40.713354 ], [ 23.388952, 40.712316 ], [ 23.388682, 40.710001 ], [ 23.388182, 40.708127 ], [ 23.386539, 40.70473 ], [ 23.382717, 40.69773 ], [ 23.38149, 40.694718 ], [ 23.381086, 40.693096 ], [ 23.381137, 40.691518 ], [ 23.381757, 40.690237 ], [ 23.382504, 40.689282 ], [ 23.385961, 40.687168 ], [ 23.389943, 40.685417 ], [ 23.396893, 40.683529 ], [ 23.402329, 40.681343 ], [ 23.405128, 40.679902 ], [ 23.40373, 40.678924 ], [ 23.400873, 40.678073 ], [ 23.398982, 40.677785 ], [ 23.379141, 40.676254 ], [ 23.370927, 40.676107 ], [ 23.353633, 40.675327 ], [ 23.350647, 40.674942 ], [ 23.348262, 40.675007 ], [ 23.344973, 40.674562 ], [ 23.342528, 40.673176 ], [ 23.341109, 40.672781 ], [ 23.337954, 40.673668 ], [ 23.335362, 40.672699 ], [ 23.332539, 40.673081 ], [ 23.32924, 40.672754 ], [ 23.327076, 40.673241 ], [ 23.323869, 40.672923 ], [ 23.322601, 40.673234 ], [ 23.319933, 40.674349 ], [ 23.31531, 40.674406 ], [ 23.309327, 40.674259 ], [ 23.307187, 40.674859 ], [ 23.305972, 40.674919 ], [ 23.304767, 40.674653 ], [ 23.301037, 40.672777 ], [ 23.298717, 40.671268 ], [ 23.292655, 40.66887 ], [ 23.289342, 40.666688 ], [ 23.287675, 40.666371 ], [ 23.284939, 40.666895 ], [ 23.283736, 40.666485 ], [ 23.282705, 40.665674 ], [ 23.281758, 40.663056 ], [ 23.28114, 40.662601 ], [ 23.279491, 40.662519 ], [ 23.274981, 40.663293 ], [ 23.273541, 40.663175 ], [ 23.269737, 40.662115 ], [ 23.267552, 40.661184 ], [ 23.255837, 40.654287 ], [ 23.250639, 40.652163 ], [ 23.246924, 40.654098 ], [ 23.243285, 40.655598 ], [ 23.236394, 40.657669 ], [ 23.230935, 40.658968 ], [ 23.222619, 40.661602 ], [ 23.22056, 40.662782 ], [ 23.21978, 40.663565 ], [ 23.219292, 40.664452 ], [ 23.218514, 40.665134 ], [ 23.217097, 40.665878 ], [ 23.214804, 40.666707 ], [ 23.207185, 40.668596 ], [ 23.205224, 40.66928 ], [ 23.20825, 40.67734 ], [ 23.208476, 40.678434 ], [ 23.208223, 40.678876 ], [ 23.205509, 40.6791 ], [ 23.191529, 40.681463 ], [ 23.185006, 40.682127 ], [ 23.185956, 40.687585 ], [ 23.185745, 40.690328 ], [ 23.186083, 40.695628 ], [ 23.187764, 40.705301 ], [ 23.187437, 40.709239 ], [ 23.187837, 40.709935 ], [ 23.188604, 40.710216 ], [ 23.189021, 40.710048 ], [ 23.190594, 40.70873 ], [ 23.192082, 40.70783 ], [ 23.194316, 40.707689 ], [ 23.195923, 40.708361 ], [ 23.197065, 40.709229 ], [ 23.198743, 40.711335 ], [ 23.204013, 40.714495 ], [ 23.209654, 40.718582 ], [ 23.211978, 40.717147 ], [ 23.213089, 40.71678 ], [ 23.214344, 40.716893 ], [ 23.216754, 40.717774 ], [ 23.223309, 40.721202 ], [ 23.223772, 40.722465 ], [ 23.223598, 40.723243 ], [ 23.223012, 40.7243 ], [ 23.222709, 40.725671 ], [ 23.222945, 40.730072 ], [ 23.224402, 40.733834 ], [ 23.227313, 40.738482 ], [ 23.228498, 40.738743 ], [ 23.229675, 40.739304 ], [ 23.231031, 40.740089 ], [ 23.232887, 40.741762 ], [ 23.234048, 40.742144 ], [ 23.239775, 40.742736 ], [ 23.240917, 40.743131 ], [ 23.242118, 40.743166 ], [ 23.243268, 40.742911 ], [ 23.248828, 40.74134 ], [ 23.249259, 40.740973 ], [ 23.249757, 40.739832 ], [ 23.251403, 40.738089 ], [ 23.254461, 40.735894 ], [ 23.258163, 40.734699 ], [ 23.258947, 40.734095 ], [ 23.259862, 40.73255 ], [ 23.261203, 40.731913 ], [ 23.261883, 40.731862 ], [ 23.262886, 40.73113 ], [ 23.264687, 40.730717 ], [ 23.265427, 40.729632 ], [ 23.269425, 40.727885 ], [ 23.2706, 40.726951 ], [ 23.271218, 40.725922 ], [ 23.272024, 40.725447 ], [ 23.273843, 40.725532 ], [ 23.276245, 40.727799 ], [ 23.277595, 40.728423 ], [ 23.277786, 40.728704 ], [ 23.277764, 40.729786 ], [ 23.278216, 40.730633 ], [ 23.281225, 40.731704 ], [ 23.281537, 40.73215 ], [ 23.280877, 40.733654 ], [ 23.281102, 40.734399 ], [ 23.283248, 40.735038 ], [ 23.284375, 40.736843 ], [ 23.286789, 40.738605 ], [ 23.287396, 40.739537 ], [ 23.288131, 40.741622 ], [ 23.288216, 40.743236 ], [ 23.287926, 40.745065 ], [ 23.287215, 40.746888 ], [ 23.285973, 40.748985 ], [ 23.284184, 40.750742 ], [ 23.283134, 40.752304 ], [ 23.282013, 40.754899 ], [ 23.281866, 40.756795 ], [ 23.282779, 40.766275 ], [ 23.288448, 40.766231 ], [ 23.291024, 40.766633 ], [ 23.293297, 40.767382 ], [ 23.297237, 40.767249 ], [ 23.298572, 40.768484 ], [ 23.300737, 40.769564 ], [ 23.301819, 40.769693 ], [ 23.312966, 40.769098 ], [ 23.315861, 40.768829 ], [ 23.320541, 40.767617 ] ] ] ] } },
{ "type": "Feature", "properties": { "MunUnits": "070306", "OID_1": 64, "CODE": "070306", "NAME_GR": "ΔΗΜΟΤΙΚΗ ΕΝΟΤΗΤΑ ΜΑΔΥΤΟΥ", "NAME_ENG": "Municipal Unit of Madytos", "Shape_Leng": 41082.511058399999, "Shape_Area": 89278547.421000004, "zone": "Regional" }, "geometry": { "type": "MultiPolygon", "coordinates": [ [ [ [ 23.604552, 40.654754 ], [ 23.60814, 40.654219 ], [ 23.61091, 40.654436 ], [ 23.616491, 40.656211 ], [ 23.619034, 40.656723 ], [ 23.62091, 40.656605 ], [ 23.620872, 40.655847 ], [ 23.619686, 40.654214 ], [ 23.620436, 40.653155 ], [ 23.623918, 40.650364 ], [ 23.627538, 40.648889 ], [ 23.628005, 40.648527 ], [ 23.628619, 40.647922 ], [ 23.628933, 40.646375 ], [ 23.631596, 40.64512 ], [ 23.633182, 40.643961 ], [ 23.638531, 40.63705 ], [ 23.642484, 40.635161 ], [ 23.647498, 40.630347 ], [ 23.647338, 40.629979 ], [ 23.647561, 40.62821 ], [ 23.648225, 40.625187 ], [ 23.646987, 40.618644 ], [ 23.644836, 40.613327 ], [ 23.643986, 40.608496 ], [ 23.64324, 40.606915 ], [ 23.642447, 40.605966 ], [ 23.639786, 40.605012 ], [ 23.636247, 40.604748 ], [ 23.628989, 40.604946 ], [ 23.623874, 40.606022 ], [ 23.623292, 40.606031 ], [ 23.62224, 40.605618 ], [ 23.621175, 40.604627 ], [ 23.618778, 40.601016 ], [ 23.617606, 40.600101 ], [ 23.615541, 40.599312 ], [ 23.612474, 40.599402 ], [ 23.608052, 40.598319 ], [ 23.601311, 40.599432 ], [ 23.595058, 40.60102 ], [ 23.591531, 40.602401 ], [ 23.58851, 40.603108 ], [ 23.583473, 40.602973 ], [ 23.574514, 40.603429 ], [ 23.569191, 40.602584 ], [ 23.565093, 40.602557 ], [ 23.555949, 40.603746 ], [ 23.55383, 40.604341 ], [ 23.548891, 40.604886 ], [ 23.547397, 40.604854 ], [ 23.543769, 40.605567 ], [ 23.542029, 40.605437 ], [ 23.53242, 40.606003 ], [ 23.531784, 40.606283 ], [ 23.52971, 40.608036 ], [ 23.527572, 40.609127 ], [ 23.523061, 40.607183 ], [ 23.520311, 40.606779 ], [ 23.518516, 40.606675 ], [ 23.51582, 40.607417 ], [ 23.511859, 40.607721 ], [ 23.507559, 40.606501 ], [ 23.503597, 40.606938 ], [ 23.499238, 40.606559 ], [ 23.496104, 40.607234 ], [ 23.493371, 40.608519 ], [ 23.491276, 40.608964 ], [ 23.487391, 40.611337 ], [ 23.48639, 40.611169 ], [ 23.485231, 40.610333 ], [ 23.484398, 40.610355 ], [ 23.482628, 40.611708 ], [ 23.481376, 40.613226 ], [ 23.481241, 40.613743 ], [ 23.48146, 40.615698 ], [ 23.482203, 40.617514 ], [ 23.482358, 40.618807 ], [ 23.482196, 40.620765 ], [ 23.481624, 40.62195 ], [ 23.480941, 40.622786 ], [ 23.478197, 40.624358 ], [ 23.472932, 40.626434 ], [ 23.472008, 40.627046 ], [ 23.471551, 40.62766 ], [ 23.471429, 40.628415 ], [ 23.471803, 40.630263 ], [ 23.473162, 40.633447 ], [ 23.473337, 40.634336 ], [ 23.473032, 40.636716 ], [ 23.471312, 40.640845 ], [ 23.471018, 40.642923 ], [ 23.471293, 40.643402 ], [ 23.471939, 40.64364 ], [ 23.476434, 40.642997 ], [ 23.476906, 40.643097 ], [ 23.477394, 40.643536 ], [ 23.48002, 40.647921 ], [ 23.485488, 40.654388 ], [ 23.486088, 40.656015 ], [ 23.486539, 40.658513 ], [ 23.488911, 40.664444 ], [ 23.492289, 40.670861 ], [ 23.498976, 40.67854 ], [ 23.49967, 40.678481 ], [ 23.502504, 40.677514 ], [ 23.508993, 40.677157 ], [ 23.512608, 40.676346 ], [ 23.522554, 40.67243 ], [ 23.527563, 40.67074 ], [ 23.537221, 40.668166 ], [ 23.540007, 40.667726 ], [ 23.54455, 40.6666 ], [ 23.549043, 40.666387 ], [ 23.55294, 40.664712 ], [ 23.55703, 40.664458 ], [ 23.561648, 40.663741 ], [ 23.571304, 40.661803 ], [ 23.590406, 40.657472 ], [ 23.593336, 40.656964 ], [ 23.597148, 40.65667 ], [ 23.604552, 40.654754 ] ] ] ] } },
{ "type": "Feature", "properties": { "MunUnits": "070401", "OID_1": 65, "CODE": "070401", "NAME_GR": "ΔΗΜΟΤΙΚΗ ΕΝΟΤΗΤΑ ΕΧΕΔΩΡΟΥ", "NAME_ENG": "Municipal Unit of Echedoro", "Shape_Leng": 75678.2879158, "Shape_Area": 103479832.779, "zone": "Metropolitan" }, "geometry": { "type": "MultiPolygon", "coordinates": [ [ [ [ 22.816665, 40.73614 ], [ 22.818641, 40.731584 ], [ 22.819571, 40.729508 ], [ 22.825265, 40.730877 ], [ 22.82547, 40.729913 ], [ 22.824914, 40.728573 ], [ 22.824683, 40.727411 ], [ 22.824857, 40.727413 ], [ 22.828554, 40.728261 ], [ 22.830217, 40.728214 ], [ 22.830881, 40.727872 ], [ 22.831314, 40.727173 ], [ 22.8312, 40.725646 ], [ 22.829036, 40.724837 ], [ 22.827964, 40.724516 ], [ 22.825888, 40.723899 ], [ 22.824318, 40.723378 ], [ 22.823975, 40.723322 ], [ 22.823869, 40.722553 ], [ 22.82434, 40.721094 ], [ 22.824437, 40.720542 ], [ 22.824535, 40.719614 ], [ 22.824498, 40.718527 ], [ 22.824633, 40.717222 ], [ 22.824706, 40.716269 ], [ 22.824764, 40.714759 ], [ 22.824853, 40.712915 ], [ 22.826095, 40.713037 ], [ 22.82734, 40.713134 ], [ 22.828195, 40.713227 ], [ 22.828278, 40.713152 ], [ 22.82843, 40.712959 ], [ 22.828703, 40.712453 ], [ 22.829427, 40.710859 ], [ 22.827456, 40.710541 ], [ 22.826816, 40.710449 ], [ 22.826355, 40.710408 ], [ 22.825581, 40.710335 ], [ 22.824139, 40.709945 ], [ 22.823051, 40.709463 ], [ 22.822511, 40.709016 ], [ 22.822303, 40.70883 ], [ 22.822516, 40.708742 ], [ 22.824246, 40.708766 ], [ 22.82618, 40.708762 ], [ 22.826308, 40.707244 ], [ 22.82689, 40.707118 ], [ 22.827807, 40.707062 ], [ 22.828962, 40.707109 ], [ 22.830256, 40.707182 ], [ 22.830337, 40.707004 ], [ 22.830344, 40.706641 ], [ 22.830325, 40.706385 ], [ 22.830372, 40.706337 ], [ 22.830506, 40.706321 ], [ 22.830805, 40.706252 ], [ 22.831088, 40.70616 ], [ 22.83141, 40.70611 ], [ 22.831669, 40.7061 ], [ 22.831912, 40.706079 ], [ 22.83233, 40.705892 ], [ 22.832569, 40.705668 ], [ 22.834912, 40.705681 ], [ 22.836512, 40.70573 ], [ 22.836594, 40.705171 ], [ 22.836838, 40.702919 ], [ 22.837023, 40.701282 ], [ 22.837473, 40.700148 ], [ 22.838241, 40.700126 ], [ 22.838559, 40.70005 ], [ 22.839246, 40.699899 ], [ 22.840353, 40.699496 ], [ 22.841102, 40.699127 ], [ 22.841824, 40.698679 ], [ 22.842771, 40.697977 ], [ 22.842821, 40.698028 ], [ 22.842754, 40.698141 ], [ 22.842799, 40.69822 ], [ 22.843174, 40.698253 ], [ 22.843972, 40.6983 ], [ 22.844023, 40.69809 ], [ 22.845352, 40.698114 ], [ 22.84591, 40.697601 ], [ 22.846004, 40.697634 ], [ 22.846499, 40.697224 ], [ 22.847014, 40.697412 ], [ 22.848167, 40.697753 ], [ 22.84929, 40.695756 ], [ 22.850279, 40.696017 ], [ 22.851132, 40.69602 ], [ 22.851751, 40.696134 ], [ 22.851837, 40.69615 ], [ 22.856064, 40.696928 ], [ 22.860134, 40.696992 ], [ 22.862084, 40.696935 ], [ 22.861702, 40.697489 ], [ 22.861075, 40.698265 ], [ 22.860848, 40.698372 ], [ 22.860556, 40.698575 ], [ 22.860227, 40.699153 ], [ 22.860268, 40.69932 ], [ 22.861722, 40.699988 ], [ 22.862137, 40.699892 ], [ 22.862365, 40.699756 ], [ 22.863098, 40.699729 ], [ 22.864012, 40.699693 ], [ 22.86493, 40.699792 ], [ 22.866038, 40.699288 ], [ 22.866255, 40.69924 ], [ 22.866648, 40.699337 ], [ 22.868468, 40.700034 ], [ 22.869157, 40.700405 ], [ 22.868978, 40.701011 ], [ 22.873279, 40.70111 ], [ 22.874434, 40.701136 ], [ 22.87785, 40.701984 ], [ 22.87805, 40.702032 ], [ 22.878884, 40.701892 ], [ 22.882368, 40.701438 ], [ 22.883121, 40.701302 ], [ 22.884221, 40.700981 ], [ 22.886452, 40.700273 ], [ 22.886966, 40.69998 ], [ 22.887452, 40.699182 ], [ 22.887919, 40.698568 ], [ 22.888468, 40.697949 ], [ 22.888893, 40.69729 ], [ 22.889123, 40.696875 ], [ 22.891669, 40.696536 ], [ 22.891683, 40.695893 ], [ 22.890042, 40.695734 ], [ 22.888978, 40.6957 ], [ 22.888975, 40.693984 ], [ 22.888849, 40.692117 ], [ 22.888922, 40.692071 ], [ 22.888893, 40.692022 ], [ 22.888925, 40.691797 ], [ 22.888792, 40.690762 ], [ 22.888767, 40.690294 ], [ 22.888745, 40.689318 ], [ 22.888694, 40.68877 ], [ 22.888643, 40.688391 ], [ 22.88859, 40.688219 ], [ 22.888643, 40.687872 ], [ 22.88854, 40.687821 ], [ 22.888138, 40.687975 ], [ 22.887946, 40.688042 ], [ 22.886908, 40.688525 ], [ 22.885196, 40.689301 ], [ 22.88452, 40.689485 ], [ 22.884253, 40.689542 ], [ 22.884, 40.6897 ], [ 22.88328, 40.690146 ], [ 22.882536, 40.690645 ], [ 22.882033, 40.691224 ], [ 22.881725, 40.6914 ], [ 22.881576, 40.691399 ], [ 22.881205, 40.691151 ], [ 22.881121, 40.691007 ], [ 22.880853, 40.690647 ], [ 22.880416, 40.690077 ], [ 22.879942, 40.689405 ], [ 22.879243, 40.688617 ], [ 22.878591, 40.68783 ], [ 22.877655, 40.686695 ], [ 22.876651, 40.685398 ], [ 22.87498, 40.683291 ], [ 22.87422, 40.682407 ], [ 22.873442, 40.681643 ], [ 22.872016, 40.679907 ], [ 22.871434, 40.67915 ], [ 22.871158, 40.677867 ], [ 22.874252, 40.676345 ], [ 22.873924, 40.675573 ], [ 22.874894, 40.674896 ], [ 22.878942, 40.672033 ], [ 22.878722, 40.671759 ], [ 22.875554, 40.669132 ], [ 22.87503, 40.669706 ], [ 22.874488, 40.670311 ], [ 22.873717, 40.671132 ], [ 22.873379, 40.671472 ], [ 22.872664, 40.671914 ], [ 22.872283, 40.672151 ], [ 22.871558, 40.671358 ], [ 22.871596, 40.671315 ], [ 22.872165, 40.670949 ], [ 22.872768, 40.670507 ], [ 22.871759, 40.667179 ], [ 22.870665, 40.663407 ], [ 22.870081, 40.661304 ], [ 22.869565, 40.661461 ], [ 22.869395, 40.661135 ], [ 22.867471, 40.661636 ], [ 22.864812, 40.662315 ], [ 22.864579, 40.662394 ], [ 22.861556, 40.663228 ], [ 22.861207, 40.662103 ], [ 22.864749, 40.661325 ], [ 22.869227, 40.660291 ], [ 22.871764, 40.659696 ], [ 22.871749, 40.659219 ], [ 22.871795, 40.658162 ], [ 22.871978, 40.658168 ], [ 22.87284, 40.658178 ], [ 22.873284, 40.658171 ], [ 22.873383, 40.658063 ], [ 22.873389, 40.657885 ], [ 22.873399, 40.657863 ], [ 22.873606, 40.657865 ], [ 22.873611, 40.658068 ], [ 22.873733, 40.658042 ], [ 22.873901, 40.658005 ], [ 22.873946, 40.658153 ], [ 22.874049, 40.658133 ], [ 22.874168, 40.658055 ], [ 22.874411, 40.657924 ], [ 22.874639, 40.657878 ], [ 22.874829, 40.657761 ], [ 22.875066, 40.657608 ], [ 22.87527, 40.657586 ], [ 22.875532, 40.657368 ], [ 22.875957, 40.656741 ], [ 22.875819, 40.656567 ], [ 22.87581, 40.656185 ], [ 22.875788, 40.655619 ], [ 22.877925, 40.65558 ], [ 22.88186, 40.655571 ], [ 22.881865, 40.654962 ], [ 22.881933, 40.653494 ], [ 22.881902, 40.65275 ], [ 22.881723, 40.651457 ], [ 22.881803, 40.650428 ], [ 22.883266, 40.650518 ], [ 22.883655, 40.65005 ], [ 22.884732, 40.648902 ], [ 22.885476, 40.647851 ], [ 22.885913, 40.647154 ], [ 22.886074, 40.64687 ], [ 22.886442, 40.645467 ], [ 22.885619, 40.645264 ], [ 22.885724, 40.644993 ], [ 22.886313, 40.643407 ], [ 22.887486, 40.641732 ], [ 22.886934, 40.640495 ], [ 22.884748, 40.640144 ], [ 22.882741, 40.639745 ], [ 22.880644, 40.638974 ], [ 22.876457, 40.637427 ], [ 22.860664, 40.626237 ], [ 22.852648, 40.626568 ], [ 22.850403, 40.628432 ], [ 22.846443, 40.630854 ], [ 22.838125, 40.622406 ], [ 22.836097, 40.621733 ], [ 22.834958, 40.620632 ], [ 22.833807, 40.61906 ], [ 22.834977, 40.618232 ], [ 22.834665, 40.617603 ], [ 22.836619, 40.616647 ], [ 22.841, 40.615283 ], [ 22.84976, 40.614599 ], [ 22.854351, 40.61457 ], [ 22.857721, 40.614253 ], [ 22.857458, 40.610809 ], [ 22.85679, 40.594362 ], [ 22.854832, 40.595873 ], [ 22.850798, 40.596369 ], [ 22.845795, 40.597872 ], [ 22.841749, 40.598577 ], [ 22.840197, 40.598547 ], [ 22.836782, 40.597796 ], [ 22.831434, 40.595835 ], [ 22.830065, 40.595813 ], [ 22.829238, 40.596252 ], [ 22.828338, 40.597281 ], [ 22.827634, 40.598306 ], [ 22.827439, 40.599266 ], [ 22.827027, 40.6 ], [ 22.825225, 40.602107 ], [ 22.824249, 40.602889 ], [ 22.823458, 40.603221 ], [ 22.821529, 40.603549 ], [ 22.820708, 40.60432 ], [ 22.820048, 40.604625 ], [ 22.815865, 40.605759 ], [ 22.812818, 40.606146 ], [ 22.801093, 40.606421 ], [ 22.796991, 40.606881 ], [ 22.786447, 40.607099 ], [ 22.78216, 40.607334 ], [ 22.781218, 40.607578 ], [ 22.778207, 40.611121 ], [ 22.774239, 40.613906 ], [ 22.77273, 40.615242 ], [ 22.771756, 40.616617 ], [ 22.771338, 40.618302 ], [ 22.771621, 40.618895 ], [ 22.772256, 40.619386 ], [ 22.777467, 40.622009 ], [ 22.778334, 40.622913 ], [ 22.779067, 40.624149 ], [ 22.780499, 40.625612 ], [ 22.780686, 40.626016 ], [ 22.780562, 40.626418 ], [ 22.77994, 40.626757 ], [ 22.778862, 40.626874 ], [ 22.775307, 40.626483 ], [ 22.77379, 40.627154 ], [ 22.771757, 40.629369 ], [ 22.769572, 40.632382 ], [ 22.768355, 40.633393 ], [ 22.766135, 40.634735 ], [ 22.764379, 40.637148 ], [ 22.763105, 40.638141 ], [ 22.76013, 40.639061 ], [ 22.756999, 40.641012 ], [ 22.755928, 40.641464 ], [ 22.753089, 40.641779 ], [ 22.749973, 40.642588 ], [ 22.744795, 40.643435 ], [ 22.742839, 40.643988 ], [ 22.738892, 40.64649 ], [ 22.738364, 40.647088 ], [ 22.73835, 40.647875 ], [ 22.739271, 40.65182 ], [ 22.739506, 40.658305 ], [ 22.740729, 40.661902 ], [ 22.740822, 40.663566 ], [ 22.740349, 40.665085 ], [ 22.739346, 40.667153 ], [ 22.736892, 40.670645 ], [ 22.733705, 40.674512 ], [ 22.736037, 40.674772 ], [ 22.736745, 40.67463 ], [ 22.73866, 40.673705 ], [ 22.740048, 40.67344 ], [ 22.74099, 40.673515 ], [ 22.743667, 40.674855 ], [ 22.744779, 40.674928 ], [ 22.746249, 40.674258 ], [ 22.748088, 40.672301 ], [ 22.748637, 40.671238 ], [ 22.751442, 40.671835 ], [ 22.755157, 40.673285 ], [ 22.755966, 40.673254 ], [ 22.756667, 40.672891 ], [ 22.757955, 40.671606 ], [ 22.758785, 40.671116 ], [ 22.760311, 40.671001 ], [ 22.762218, 40.671295 ], [ 22.762805, 40.672695 ], [ 22.763181, 40.674835 ], [ 22.761995, 40.679448 ], [ 22.762053, 40.682301 ], [ 22.762484, 40.683579 ], [ 22.764665, 40.687632 ], [ 22.765072, 40.688749 ], [ 22.764864, 40.696163 ], [ 22.765724, 40.700659 ], [ 22.766173, 40.701494 ], [ 22.767525, 40.701158 ], [ 22.787707, 40.698531 ], [ 22.7896, 40.698131 ], [ 22.792352, 40.697756 ], [ 22.800657, 40.696623 ], [ 22.80021, 40.695331 ], [ 22.799241, 40.692797 ], [ 22.801694, 40.692229 ], [ 22.801544, 40.691698 ], [ 22.805785, 40.690941 ], [ 22.806046, 40.691009 ], [ 22.807676, 40.690739 ], [ 22.807542, 40.69038 ], [ 22.807005, 40.688859 ], [ 22.810033, 40.688175 ], [ 22.813465, 40.687467 ], [ 22.813071, 40.686255 ], [ 22.812681, 40.685243 ], [ 22.812396, 40.684336 ], [ 22.811748, 40.682742 ], [ 22.813403, 40.682408 ], [ 22.816132, 40.681836 ], [ 22.817093, 40.681667 ], [ 22.817498, 40.682694 ], [ 22.817936, 40.684037 ], [ 22.818832, 40.686336 ], [ 22.819617, 40.68868 ], [ 22.820512, 40.688543 ], [ 22.822377, 40.688036 ], [ 22.823106, 40.687807 ], [ 22.822999, 40.688306 ], [ 22.822387, 40.691309 ], [ 22.822598, 40.692692 ], [ 22.822693, 40.693222 ], [ 22.823355, 40.695308 ], [ 22.822276, 40.695672 ], [ 22.821113, 40.695952 ], [ 22.819512, 40.696174 ], [ 22.819307, 40.696226 ], [ 22.818474, 40.696849 ], [ 22.81674, 40.698428 ], [ 22.814917, 40.70009 ], [ 22.813796, 40.701091 ], [ 22.812914, 40.701908 ], [ 22.812467, 40.702036 ], [ 22.812439, 40.702157 ], [ 22.811549, 40.702391 ], [ 22.810998, 40.702572 ], [ 22.811043, 40.702725 ], [ 22.810153, 40.702981 ], [ 22.809315, 40.703247 ], [ 22.808843, 40.703533 ], [ 22.807236, 40.70458 ], [ 22.80708, 40.705628 ], [ 22.806977, 40.705625 ], [ 22.806809, 40.707712 ], [ 22.807143, 40.707693 ], [ 22.806985, 40.70868 ], [ 22.806838, 40.708994 ], [ 22.806733, 40.710048 ], [ 22.806637, 40.711024 ], [ 22.806486, 40.712465 ], [ 22.806292, 40.713273 ], [ 22.805723, 40.71574 ], [ 22.809226, 40.716902 ], [ 22.809057, 40.718926 ], [ 22.808953, 40.719921 ], [ 22.808814, 40.721129 ], [ 22.808727, 40.72164 ], [ 22.808277, 40.722261 ], [ 22.807718, 40.722887 ], [ 22.807582, 40.723064 ], [ 22.807408, 40.723334 ], [ 22.808685, 40.724206 ], [ 22.811078, 40.725593 ], [ 22.815749, 40.72783 ], [ 22.81545, 40.729103 ], [ 22.813486, 40.730108 ], [ 22.812179, 40.73117 ], [ 22.80934, 40.734369 ], [ 22.808605, 40.735851 ], [ 22.809766, 40.735556 ], [ 22.814583, 40.736059 ], [ 22.816665, 40.73614 ] ], [ [ 22.852807, 40.691148 ], [ 22.853007, 40.6909 ], [ 22.853262, 40.690911 ], [ 22.854644, 40.691386 ], [ 22.85603, 40.691806 ], [ 22.857074, 40.692096 ], [ 22.856541, 40.692526 ], [ 22.855698, 40.693196 ], [ 22.855456, 40.69344 ], [ 22.854895, 40.693835 ], [ 22.8542, 40.694348 ], [ 22.853482, 40.694858 ], [ 22.853459, 40.694845 ], [ 22.853122, 40.694642 ], [ 22.85287, 40.694455 ], [ 22.852032, 40.693844 ], [ 22.851788, 40.693136 ], [ 22.851835, 40.69303 ], [ 22.851922, 40.692777 ], [ 22.852253, 40.692159 ], [ 22.85256, 40.69154 ], [ 22.852807, 40.691148 ] ] ] ] } },
{ "type": "Feature", "properties": { "MunUnits": "070402", "OID_1": 66, "CODE": "070402", "NAME_GR": "ΔΗΜΟΤΙΚΗ ΕΝΟΤΗΤΑ ΑΞΙΟΥ", "NAME_ENG": "Municipal Unit of Axios", "Shape_Leng": 61733.539433400001, "Shape_Area": 85232504.765499994, "zone": "Metropolitan" }, "geometry": { "type": "MultiPolygon", "coordinates": [ [ [ [ 22.690323, 40.634646 ], [ 22.696014, 40.633831 ], [ 22.698578, 40.633946 ], [ 22.701915, 40.634689 ], [ 22.703836, 40.634546 ], [ 22.704262, 40.634049 ], [ 22.705949, 40.629667 ], [ 22.708735, 40.623991 ], [ 22.71108, 40.623786 ], [ 22.714029, 40.623079 ], [ 22.714673, 40.62178 ], [ 22.715713, 40.61829 ], [ 22.715563, 40.614678 ], [ 22.716189, 40.60953 ], [ 22.716093, 40.607256 ], [ 22.713317, 40.607821 ], [ 22.712471, 40.607531 ], [ 22.711941, 40.606932 ], [ 22.711287, 40.599173 ], [ 22.709888, 40.594727 ], [ 22.70965, 40.593327 ], [ 22.709734, 40.592232 ], [ 22.710251, 40.590426 ], [ 22.712556, 40.588395 ], [ 22.71311, 40.586407 ], [ 22.712929, 40.581466 ], [ 22.713495, 40.571997 ], [ 22.713333, 40.568412 ], [ 22.713588, 40.563972 ], [ 22.714439, 40.557245 ], [ 22.714343, 40.551811 ], [ 22.715, 40.545551 ], [ 22.715384, 40.537265 ], [ 22.715843, 40.534466 ], [ 22.716317, 40.520219 ], [ 22.715997, 40.51415 ], [ 22.71534, 40.511344 ], [ 22.715594, 40.510931 ], [ 22.715376, 40.509999 ], [ 22.714599, 40.508351 ], [ 22.71261, 40.505607 ], [ 22.709654, 40.506202 ], [ 22.708128, 40.505665 ], [ 22.707618, 40.506775 ], [ 22.706741, 40.506477 ], [ 22.70795, 40.509716 ], [ 22.706442, 40.512012 ], [ 22.707245, 40.516445 ], [ 22.705452, 40.515354 ], [ 22.704315, 40.515133 ], [ 22.703832, 40.515346 ], [ 22.70338, 40.516422 ], [ 22.703617, 40.51728 ], [ 22.702808, 40.519664 ], [ 22.703367, 40.520412 ], [ 22.70334, 40.521061 ], [ 22.701454, 40.520527 ], [ 22.701042, 40.521015 ], [ 22.699914, 40.521221 ], [ 22.69853, 40.520149 ], [ 22.698267, 40.519298 ], [ 22.696624, 40.51886 ], [ 22.695663, 40.518371 ], [ 22.695375, 40.517765 ], [ 22.694486, 40.517551 ], [ 22.692291, 40.517925 ], [ 22.691656, 40.51926 ], [ 22.69075, 40.519817 ], [ 22.689712, 40.519859 ], [ 22.689687, 40.520538 ], [ 22.690203, 40.521316 ], [ 22.688849, 40.522709 ], [ 22.687776, 40.522918 ], [ 22.688501, 40.524368 ], [ 22.688984, 40.524608 ], [ 22.691297, 40.524673 ], [ 22.692577, 40.525181 ], [ 22.692766, 40.526237 ], [ 22.692125, 40.526554 ], [ 22.692648, 40.527111 ], [ 22.694601, 40.527565 ], [ 22.694904, 40.527939 ], [ 22.69432, 40.528084 ], [ 22.694364, 40.52829 ], [ 22.694883, 40.528747 ], [ 22.696934, 40.528969 ], [ 22.697565, 40.529392 ], [ 22.68864, 40.529526 ], [ 22.687803, 40.529323 ], [ 22.686231, 40.528316 ], [ 22.683511, 40.527446 ], [ 22.682508, 40.527832 ], [ 22.682419, 40.528965 ], [ 22.681307, 40.529122 ], [ 22.681537, 40.530475 ], [ 22.68119, 40.532273 ], [ 22.679804, 40.53517 ], [ 22.679099, 40.536214 ], [ 22.676956, 40.53836 ], [ 22.675902, 40.540138 ], [ 22.674858, 40.541477 ], [ 22.673149, 40.542808 ], [ 22.672063, 40.544012 ], [ 22.671767, 40.545562 ], [ 22.671488, 40.546234 ], [ 22.671077, 40.546871 ], [ 22.669321, 40.548337 ], [ 22.668138, 40.549945 ], [ 22.66737, 40.550713 ], [ 22.665357, 40.55177 ], [ 22.663303, 40.552591 ], [ 22.663098, 40.553023 ], [ 22.661749, 40.553653 ], [ 22.66107, 40.553544 ], [ 22.658888, 40.554194 ], [ 22.656604, 40.555485 ], [ 22.655796, 40.556016 ], [ 22.654774, 40.556207 ], [ 22.654501, 40.556541 ], [ 22.653679, 40.557291 ], [ 22.653139, 40.557466 ], [ 22.651698, 40.557401 ], [ 22.65028, 40.55788 ], [ 22.648209, 40.558517 ], [ 22.646027, 40.559276 ], [ 22.645312, 40.559805 ], [ 22.644671, 40.560479 ], [ 22.643485, 40.561725 ], [ 22.640135, 40.563999 ], [ 22.636485, 40.567675 ], [ 22.635152, 40.569311 ], [ 22.634023, 40.570672 ], [ 22.632097, 40.572994 ], [ 22.631086, 40.574758 ], [ 22.630657, 40.576526 ], [ 22.629776, 40.578238 ], [ 22.628853, 40.580658 ], [ 22.62855, 40.58324 ], [ 22.6274, 40.588878 ], [ 22.626758, 40.591336 ], [ 22.625293, 40.595421 ], [ 22.624934, 40.597614 ], [ 22.621904, 40.608846 ], [ 22.624229, 40.611213 ], [ 22.625916, 40.612209 ], [ 22.629126, 40.613359 ], [ 22.63778, 40.615458 ], [ 22.647371, 40.618404 ], [ 22.648975, 40.619069 ], [ 22.649559, 40.619613 ], [ 22.650622, 40.621321 ], [ 22.651118, 40.622515 ], [ 22.651407, 40.624 ], [ 22.654009, 40.624432 ], [ 22.65493, 40.625311 ], [ 22.654557, 40.630921 ], [ 22.655361, 40.631522 ], [ 22.661489, 40.634103 ], [ 22.663566, 40.634456 ], [ 22.66837, 40.633679 ], [ 22.674988, 40.633149 ], [ 22.676553, 40.63327 ], [ 22.682309, 40.634508 ], [ 22.687099, 40.634877 ], [ 22.690323, 40.634646 ] ] ], [ [ [ 22.674298, 40.68188 ], [ 22.669467, 40.676045 ], [ 22.668394, 40.674218 ], [ 22.669187, 40.670374 ], [ 22.670372, 40.666296 ], [ 22.670775, 40.661627 ], [ 22.671541, 40.657204 ], [ 22.667675, 40.656856 ], [ 22.664704, 40.657152 ], [ 22.662567, 40.657005 ], [ 22.660699, 40.655497 ], [ 22.657311, 40.65198 ], [ 22.656893, 40.651291 ], [ 22.656918, 40.65086 ], [ 22.658432, 40.650209 ], [ 22.659271, 40.650234 ], [ 22.66231, 40.65142 ], [ 22.664369, 40.651182 ], [ 22.665401, 40.650739 ], [ 22.665186, 40.650089 ], [ 22.664266, 40.64913 ], [ 22.66411, 40.647586 ], [ 22.665035, 40.645933 ], [ 22.665135, 40.645257 ], [ 22.664836, 40.644734 ], [ 22.664172, 40.64433 ], [ 22.661428, 40.643443 ], [ 22.660608, 40.642973 ], [ 22.660326, 40.642467 ], [ 22.660409, 40.641494 ], [ 22.66023, 40.641029 ], [ 22.658222, 40.638928 ], [ 22.655058, 40.634967 ], [ 22.653655, 40.63209 ], [ 22.653196, 40.631531 ], [ 22.65138, 40.631315 ], [ 22.642093, 40.631339 ], [ 22.639639, 40.631831 ], [ 22.638581, 40.632534 ], [ 22.637379, 40.634086 ], [ 22.636189, 40.638826 ], [ 22.636833, 40.64021 ], [ 22.63871, 40.64759 ], [ 22.638045, 40.648996 ], [ 22.636151, 40.649206 ], [ 22.632199, 40.650996 ], [ 22.629715, 40.651743 ], [ 22.623637, 40.654777 ], [ 22.620442, 40.656823 ], [ 22.618088, 40.65904 ], [ 22.617039, 40.660514 ], [ 22.616876, 40.661524 ], [ 22.617171, 40.662134 ], [ 22.617748, 40.662607 ], [ 22.625706, 40.666545 ], [ 22.632593, 40.669462 ], [ 22.637188, 40.670965 ], [ 22.639682, 40.672209 ], [ 22.641982, 40.674228 ], [ 22.642949, 40.675662 ], [ 22.643803, 40.677406 ], [ 22.644824, 40.68117 ], [ 22.647783, 40.681473 ], [ 22.651724, 40.681034 ], [ 22.668852, 40.681269 ], [ 22.674298, 40.68188 ] ] ] ] } },
{ "type": "Feature", "properties": { "MunUnits": "070403", "OID_1": 67, "CODE": "070403", "NAME_GR": "ΔΗΜΟΤΙΚΗ ΕΝΟΤΗΤΑ ΧΑΛΑΣΤΡΑΣ", "NAME_ENG": "Municipal Unit of Chalastra", "Shape_Leng": 120469.80365, "Shape_Area": 119047871.67299999, "zone": "Metropolitan" }, "geometry": { "type": "MultiPolygon", "coordinates": [ [ [ [ 22.745493, 40.512893 ], [ 22.746519, 40.512493 ], [ 22.749103, 40.512771 ], [ 22.74938, 40.512485 ], [ 22.751033, 40.511703 ], [ 22.751475, 40.512005 ], [ 22.752653, 40.511863 ], [ 22.753933, 40.512401 ], [ 22.754482, 40.51194 ], [ 22.753866, 40.511497 ], [ 22.750662, 40.51123 ], [ 22.749735, 40.511383 ], [ 22.748457, 40.512134 ], [ 22.745371, 40.511417 ], [ 22.744215, 40.512008 ], [ 22.745493, 40.512893 ] ] ], [ [ [ 22.753967, 40.51495 ], [ 22.753488, 40.514694 ], [ 22.752884, 40.514786 ], [ 22.752754, 40.516685 ], [ 22.752498, 40.518455 ], [ 22.751295, 40.519871 ], [ 22.748789, 40.521564 ], [ 22.74303, 40.526558 ], [ 22.743049, 40.52692 ], [ 22.744789, 40.525436 ], [ 22.746675, 40.524437 ], [ 22.748411, 40.524303 ], [ 22.749578, 40.52227 ], [ 22.752062, 40.519859 ], [ 22.753923, 40.519229 ], [ 22.753401, 40.515953 ], [ 22.753967, 40.51495 ] ] ], [ [ [ 22.744054, 40.538799 ], [ 22.744594, 40.537796 ], [ 22.745177, 40.538551 ], [ 22.745727, 40.53854 ], [ 22.746062, 40.537994 ], [ 22.745399, 40.53693 ], [ 22.744979, 40.536362 ], [ 22.745488, 40.535934 ], [ 22.744958, 40.535873 ], [ 22.742074, 40.538139 ], [ 22.744054, 40.538799 ] ] ], [ [ [ 22.752531, 40.535747 ], [ 22.751947, 40.535335 ], [ 22.749971, 40.536323 ], [ 22.74831, 40.53658 ], [ 22.74856, 40.53755 ], [ 22.748768, 40.538888 ], [ 22.748056, 40.539974 ], [ 22.746805, 40.541595 ], [ 22.744485, 40.541595 ], [ 22.744366, 40.543796 ], [ 22.745333, 40.543266 ], [ 22.745771, 40.542505 ], [ 22.74677, 40.542439 ], [ 22.748372, 40.541253 ], [ 22.748981, 40.540625 ], [ 22.749228, 40.53994 ], [ 22.750344, 40.539185 ], [ 22.751326, 40.538234 ], [ 22.752757, 40.537993 ], [ 22.753785, 40.536965 ], [ 22.752978, 40.535961 ], [ 22.752531, 40.535747 ] ] ], [ [ [ 22.744671, 40.549469 ], [ 22.744537, 40.549061 ], [ 22.744058, 40.549202 ], [ 22.743998, 40.548958 ], [ 22.7446, 40.547451 ], [ 22.746439, 40.546047 ], [ 22.747719, 40.54544 ], [ 22.748146, 40.544479 ], [ 22.748153, 40.542606 ], [ 22.744579, 40.545629 ], [ 22.743049, 40.550945 ], [ 22.743549, 40.550815 ], [ 22.743471, 40.549968 ], [ 22.744671, 40.549469 ] ] ], [ [ [ 22.784019, 40.56172 ], [ 22.788956, 40.560114 ], [ 22.782667, 40.560423 ], [ 22.772836, 40.559727 ], [ 22.764064, 40.554348 ], [ 22.759557, 40.551368 ], [ 22.756755, 40.548618 ], [ 22.75657, 40.549114 ], [ 22.758417, 40.551449 ], [ 22.760679, 40.552868 ], [ 22.763225, 40.554348 ], [ 22.770873, 40.56059 ], [ 22.784019, 40.56172 ] ] ], [ [ [ 22.785822, 40.564161 ], [ 22.786261, 40.564113 ], [ 22.786707, 40.564603 ], [ 22.787564, 40.56466 ], [ 22.787763, 40.564175 ], [ 22.789878, 40.564167 ], [ 22.791019, 40.563052 ], [ 22.790852, 40.562635 ], [ 22.790662, 40.562219 ], [ 22.78986, 40.561912 ], [ 22.788901, 40.562481 ], [ 22.78665, 40.563311 ], [ 22.785401, 40.563482 ], [ 22.784951, 40.564467 ], [ 22.784954, 40.565178 ], [ 22.785608, 40.565089 ], [ 22.785822, 40.564161 ] ] ], [ [ [ 22.812279, 40.568893 ], [ 22.812975, 40.567969 ], [ 22.81219, 40.567998 ], [ 22.811376, 40.567241 ], [ 22.81249, 40.566542 ], [ 22.81229, 40.565871 ], [ 22.811472, 40.565307 ], [ 22.810431, 40.56504 ], [ 22.809182, 40.564475 ], [ 22.808379, 40.564177 ], [ 22.806881, 40.563883 ], [ 22.804275, 40.563731 ], [ 22.802639, 40.563344 ], [ 22.801301, 40.562723 ], [ 22.800319, 40.562036 ], [ 22.798623, 40.560697 ], [ 22.796898, 40.560638 ], [ 22.79574, 40.560863 ], [ 22.794446, 40.562158 ], [ 22.794579, 40.563338 ], [ 22.795416, 40.563243 ], [ 22.794979, 40.562938 ], [ 22.795512, 40.561834 ], [ 22.796406, 40.56191 ], [ 22.79669, 40.563909 ], [ 22.797511, 40.564316 ], [ 22.797657, 40.562745 ], [ 22.798721, 40.562924 ], [ 22.798969, 40.562067 ], [ 22.79962, 40.561972 ], [ 22.800244, 40.563667 ], [ 22.801039, 40.563935 ], [ 22.802505, 40.563846 ], [ 22.802802, 40.564619 ], [ 22.802681, 40.565874 ], [ 22.801215, 40.565532 ], [ 22.800339, 40.564877 ], [ 22.799544, 40.564764 ], [ 22.7986, 40.564816 ], [ 22.798698, 40.565348 ], [ 22.800621, 40.565746 ], [ 22.802446, 40.566755 ], [ 22.803753, 40.566671 ], [ 22.804289, 40.56711 ], [ 22.807077, 40.568458 ], [ 22.809254, 40.569329 ], [ 22.811179, 40.56942 ], [ 22.812279, 40.568893 ] ] ], [ [ [ 22.724534, 40.674243 ], [ 22.726011, 40.674052 ], [ 22.72827, 40.67509 ], [ 22.729887, 40.675453 ], [ 22.732194, 40.675192 ], [ 22.733705, 40.674512 ], [ 22.736892, 40.670645 ], [ 22.739346, 40.667153 ], [ 22.740349, 40.665085 ], [ 22.740822, 40.663566 ], [ 22.740729, 40.661902 ], [ 22.739506, 40.658305 ], [ 22.739271, 40.65182 ], [ 22.73835, 40.647875 ], [ 22.738364, 40.647088 ], [ 22.738892, 40.64649 ], [ 22.742839, 40.643988 ], [ 22.744795, 40.643435 ], [ 22.749973, 40.642588 ], [ 22.753089, 40.641779 ], [ 22.755928, 40.641464 ], [ 22.756999, 40.641012 ], [ 22.76013, 40.639061 ], [ 22.763105, 40.638141 ], [ 22.764379, 40.637148 ], [ 22.766135, 40.634735 ], [ 22.768355, 40.633393 ], [ 22.769572, 40.632382 ], [ 22.771757, 40.629369 ], [ 22.77379, 40.627154 ], [ 22.775307, 40.626483 ], [ 22.778862, 40.626874 ], [ 22.77994, 40.626757 ], [ 22.780562, 40.626418 ], [ 22.780686, 40.626016 ], [ 22.780499, 40.625612 ], [ 22.779067, 40.624149 ], [ 22.778334, 40.622913 ], [ 22.777467, 40.622009 ], [ 22.772256, 40.619386 ], [ 22.771621, 40.618895 ], [ 22.771338, 40.618302 ], [ 22.771756, 40.616617 ], [ 22.77273, 40.615242 ], [ 22.774239, 40.613906 ], [ 22.778207, 40.611121 ], [ 22.781218, 40.607578 ], [ 22.78216, 40.607334 ], [ 22.786447, 40.607099 ], [ 22.796991, 40.606881 ], [ 22.801093, 40.606421 ], [ 22.812818, 40.606146 ], [ 22.815865, 40.605759 ], [ 22.820048, 40.604625 ], [ 22.820708, 40.60432 ], [ 22.821529, 40.603549 ], [ 22.823458, 40.603221 ], [ 22.824249, 40.602889 ], [ 22.825225, 40.602107 ], [ 22.827027, 40.6 ], [ 22.827439, 40.599266 ], [ 22.827634, 40.598306 ], [ 22.828338, 40.597281 ], [ 22.829238, 40.596252 ], [ 22.830065, 40.595813 ], [ 22.831434, 40.595835 ], [ 22.836782, 40.597796 ], [ 22.840197, 40.598547 ], [ 22.841749, 40.598577 ], [ 22.845795, 40.597872 ], [ 22.850798, 40.596369 ], [ 22.854832, 40.595873 ], [ 22.85679, 40.594362 ], [ 22.855474, 40.591879 ], [ 22.853008, 40.589818 ], [ 22.84338, 40.584481 ], [ 22.838098, 40.581435 ], [ 22.834838, 40.579365 ], [ 22.831073, 40.579741 ], [ 22.828941, 40.579646 ], [ 22.826724, 40.578865 ], [ 22.818705, 40.575082 ], [ 22.804119, 40.568776 ], [ 22.79955, 40.566373 ], [ 22.795434, 40.564517 ], [ 22.791816, 40.563936 ], [ 22.776717, 40.569696 ], [ 22.774431, 40.56987 ], [ 22.75833, 40.564358 ], [ 22.754216, 40.563016 ], [ 22.750279, 40.56197 ], [ 22.74794, 40.560838 ], [ 22.744235, 40.560162 ], [ 22.743997, 40.559353 ], [ 22.742648, 40.558592 ], [ 22.741487, 40.558496 ], [ 22.740975, 40.557616 ], [ 22.740951, 40.555879 ], [ 22.741879, 40.555879 ], [ 22.7419, 40.55507 ], [ 22.741525, 40.554911 ], [ 22.742003, 40.551901 ], [ 22.743033, 40.547342 ], [ 22.743435, 40.542213 ], [ 22.74328, 40.539978 ], [ 22.742385, 40.538678 ], [ 22.735103, 40.536214 ], [ 22.729314, 40.534704 ], [ 22.729278, 40.533987 ], [ 22.733123, 40.535281 ], [ 22.735531, 40.535292 ], [ 22.737244, 40.534635 ], [ 22.739973, 40.532799 ], [ 22.740995, 40.533268 ], [ 22.741678, 40.534382 ], [ 22.74247, 40.534401 ], [ 22.741909, 40.532169 ], [ 22.740225, 40.531925 ], [ 22.738435, 40.532547 ], [ 22.737699, 40.532169 ], [ 22.737829, 40.530838 ], [ 22.740299, 40.529316 ], [ 22.741064, 40.528629 ], [ 22.740845, 40.528049 ], [ 22.751392, 40.518848 ], [ 22.752157, 40.514595 ], [ 22.750919, 40.516838 ], [ 22.750698, 40.518184 ], [ 22.74849, 40.520035 ], [ 22.747701, 40.521702 ], [ 22.745332, 40.523136 ], [ 22.745407, 40.522342 ], [ 22.746433, 40.520714 ], [ 22.74624, 40.520336 ], [ 22.745781, 40.520744 ], [ 22.741695, 40.52132 ], [ 22.740337, 40.523594 ], [ 22.737779, 40.524051 ], [ 22.735565, 40.52346 ], [ 22.735227, 40.523124 ], [ 22.735725, 40.522041 ], [ 22.735044, 40.521537 ], [ 22.736772, 40.51942 ], [ 22.73785, 40.518677 ], [ 22.73859, 40.517196 ], [ 22.740404, 40.516083 ], [ 22.740764, 40.514526 ], [ 22.738571, 40.513119 ], [ 22.738058, 40.513481 ], [ 22.73625, 40.512703 ], [ 22.736582, 40.508232 ], [ 22.736389, 40.507812 ], [ 22.735416, 40.507614 ], [ 22.735582, 40.506092 ], [ 22.734812, 40.506096 ], [ 22.734024, 40.507267 ], [ 22.732948, 40.506633 ], [ 22.732748, 40.507999 ], [ 22.729679, 40.509571 ], [ 22.730209, 40.510376 ], [ 22.729635, 40.512035 ], [ 22.730171, 40.512565 ], [ 22.729772, 40.513389 ], [ 22.727923, 40.513992 ], [ 22.726097, 40.513305 ], [ 22.725343, 40.513611 ], [ 22.724464, 40.516674 ], [ 22.723466, 40.51778 ], [ 22.722362, 40.518029 ], [ 22.721281, 40.518756 ], [ 22.721117, 40.520015 ], [ 22.719909, 40.518478 ], [ 22.719921, 40.517379 ], [ 22.721412, 40.516334 ], [ 22.722265, 40.515163 ], [ 22.724312, 40.51387 ], [ 22.724924, 40.512397 ], [ 22.723573, 40.511627 ], [ 22.723503, 40.509941 ], [ 22.725461, 40.50901 ], [ 22.725595, 40.510128 ], [ 22.726469, 40.510109 ], [ 22.727314, 40.509506 ], [ 22.727682, 40.508655 ], [ 22.727401, 40.507335 ], [ 22.72493, 40.505131 ], [ 22.724682, 40.504478 ], [ 22.725021, 40.502456 ], [ 22.724628, 40.502559 ], [ 22.720606, 40.500999 ], [ 22.719131, 40.500911 ], [ 22.716829, 40.501301 ], [ 22.715439, 40.501835 ], [ 22.713938, 40.50317 ], [ 22.713362, 40.504921 ], [ 22.71261, 40.505607 ], [ 22.714599, 40.508351 ], [ 22.715376, 40.509999 ], [ 22.715594, 40.510931 ], [ 22.71534, 40.511344 ], [ 22.715997, 40.51415 ], [ 22.716317, 40.520219 ], [ 22.715843, 40.534466 ], [ 22.715384, 40.537265 ], [ 22.715, 40.545551 ], [ 22.714343, 40.551811 ], [ 22.714439, 40.557245 ], [ 22.713588, 40.563972 ], [ 22.713333, 40.568412 ], [ 22.713495, 40.571997 ], [ 22.712929, 40.581466 ], [ 22.71311, 40.586407 ], [ 22.712556, 40.588395 ], [ 22.710251, 40.590426 ], [ 22.709734, 40.592232 ], [ 22.70965, 40.593327 ], [ 22.709888, 40.594727 ], [ 22.711287, 40.599173 ], [ 22.711941, 40.606932 ], [ 22.712471, 40.607531 ], [ 22.713317, 40.607821 ], [ 22.716093, 40.607256 ], [ 22.716189, 40.60953 ], [ 22.715563, 40.614678 ], [ 22.715713, 40.61829 ], [ 22.714673, 40.62178 ], [ 22.714029, 40.623079 ], [ 22.71108, 40.623786 ], [ 22.708735, 40.623991 ], [ 22.705949, 40.629667 ], [ 22.704262, 40.634049 ], [ 22.703836, 40.634546 ], [ 22.701915, 40.634689 ], [ 22.698578, 40.633946 ], [ 22.696014, 40.633831 ], [ 22.690323, 40.634646 ], [ 22.687099, 40.634877 ], [ 22.682309, 40.634508 ], [ 22.676553, 40.63327 ], [ 22.674988, 40.633149 ], [ 22.66837, 40.633679 ], [ 22.663566, 40.634456 ], [ 22.661489, 40.634103 ], [ 22.655361, 40.631522 ], [ 22.654557, 40.630921 ], [ 22.65493, 40.625311 ], [ 22.654009, 40.624432 ], [ 22.651407, 40.624 ], [ 22.651118, 40.622515 ], [ 22.650622, 40.621321 ], [ 22.649559, 40.619613 ], [ 22.648975, 40.619069 ], [ 22.647371, 40.618404 ], [ 22.63778, 40.615458 ], [ 22.629126, 40.613359 ], [ 22.625916, 40.612209 ], [ 22.624229, 40.611213 ], [ 22.621904, 40.608846 ], [ 22.621315, 40.613097 ], [ 22.619113, 40.615609 ], [ 22.618094, 40.616054 ], [ 22.614857, 40.616247 ], [ 22.613098, 40.616836 ], [ 22.612089, 40.617844 ], [ 22.610913, 40.619613 ], [ 22.612158, 40.619409 ], [ 22.615161, 40.619651 ], [ 22.622747, 40.62238 ], [ 22.623539, 40.624015 ], [ 22.623955, 40.626748 ], [ 22.625527, 40.629735 ], [ 22.628758, 40.632887 ], [ 22.636189, 40.638826 ], [ 22.637379, 40.634086 ], [ 22.638581, 40.632534 ], [ 22.639639, 40.631831 ], [ 22.642093, 40.631339 ], [ 22.65138, 40.631315 ], [ 22.653196, 40.631531 ], [ 22.653655, 40.63209 ], [ 22.655058, 40.634967 ], [ 22.658222, 40.638928 ], [ 22.66023, 40.641029 ], [ 22.660409, 40.641494 ], [ 22.660326, 40.642467 ], [ 22.660608, 40.642973 ], [ 22.661428, 40.643443 ], [ 22.664172, 40.64433 ], [ 22.664836, 40.644734 ], [ 22.665135, 40.645257 ], [ 22.665035, 40.645933 ], [ 22.66411, 40.647586 ], [ 22.664266, 40.64913 ], [ 22.665186, 40.650089 ], [ 22.665401, 40.650739 ], [ 22.664369, 40.651182 ], [ 22.66231, 40.65142 ], [ 22.659271, 40.650234 ], [ 22.658432, 40.650209 ], [ 22.656918, 40.65086 ], [ 22.656893, 40.651291 ], [ 22.657311, 40.65198 ], [ 22.660699, 40.655497 ], [ 22.662567, 40.657005 ], [ 22.664704, 40.657152 ], [ 22.667675, 40.656856 ], [ 22.671541, 40.657204 ], [ 22.670775, 40.661627 ], [ 22.670372, 40.666296 ], [ 22.669187, 40.670374 ], [ 22.668394, 40.674218 ], [ 22.669467, 40.676045 ], [ 22.674298, 40.68188 ], [ 22.678604, 40.682156 ], [ 22.681675, 40.683367 ], [ 22.682362, 40.684341 ], [ 22.682669, 40.688433 ], [ 22.682958, 40.689425 ], [ 22.683481, 40.690197 ], [ 22.684364, 40.690887 ], [ 22.685556, 40.691376 ], [ 22.689892, 40.691815 ], [ 22.6918, 40.692311 ], [ 22.69248, 40.693117 ], [ 22.692245, 40.694907 ], [ 22.692377, 40.695351 ], [ 22.693214, 40.695779 ], [ 22.694935, 40.696005 ], [ 22.696207, 40.695657 ], [ 22.70007, 40.695292 ], [ 22.70191, 40.694801 ], [ 22.702983, 40.694203 ], [ 22.70361, 40.692994 ], [ 22.703917, 40.690492 ], [ 22.704255, 40.689521 ], [ 22.705874, 40.687792 ], [ 22.70788, 40.684268 ], [ 22.709118, 40.682601 ], [ 22.711053, 40.68077 ], [ 22.713722, 40.680062 ], [ 22.716109, 40.679059 ], [ 22.720719, 40.67664 ], [ 22.724534, 40.674243 ] ] ] ] } },
{ "type": "Feature", "properties": { "MunUnits": "070501", "OID_1": 68, "CODE": "070501", "NAME_GR": "ΔΗΜΟΤΙΚΗ ΕΝΟΤΗΤΑ ΘΕΡΜΑΪΚΟΥ", "NAME_ENG": "Municipal Unit of Thermaikos", "Shape_Leng": 32998.659598699996, "Shape_Area": 20693196.512200002, "zone": "Metropolitan" }, "geometry": { "type": "MultiPolygon", "coordinates": [ [ [ [ 22.966361, 40.506564 ], [ 22.959428, 40.504788 ], [ 22.958849, 40.505233 ], [ 22.956031, 40.509242 ], [ 22.964018, 40.509661 ], [ 22.965682, 40.509515 ], [ 22.966094, 40.509133 ], [ 22.966841, 40.507216 ], [ 22.966361, 40.506564 ] ] ], [ [ [ 22.949357, 40.505915 ], [ 22.948855, 40.505836 ], [ 22.948563, 40.505753 ], [ 22.94847, 40.50577 ], [ 22.948104, 40.505692 ], [ 22.947836, 40.505609 ], [ 22.947506, 40.505478 ], [ 22.947192, 40.505329 ], [ 22.946886, 40.505207 ], [ 22.946564, 40.505094 ], [ 22.946272, 40.505002 ], [ 22.946047, 40.504925 ], [ 22.94588, 40.504849 ], [ 22.945659, 40.504749 ], [ 22.945446, 40.504675 ], [ 22.944381, 40.504395 ], [ 22.943879, 40.504271 ], [ 22.943078, 40.504091 ], [ 22.942724, 40.503983 ], [ 22.941891, 40.503633 ], [ 22.941126, 40.503355 ], [ 22.940621, 40.50321 ], [ 22.940109, 40.502982 ], [ 22.93907, 40.502564 ], [ 22.938496, 40.502353 ], [ 22.938584, 40.501976 ], [ 22.938545, 40.501928 ], [ 22.938449, 40.501861 ], [ 22.938313, 40.50178 ], [ 22.938261, 40.501648 ], [ 22.938275, 40.501493 ], [ 22.938345, 40.501183 ], [ 22.935881, 40.501689 ], [ 22.936208, 40.498335 ], [ 22.936964, 40.495708 ], [ 22.937071, 40.494004 ], [ 22.936904, 40.493003 ], [ 22.936358, 40.49201 ], [ 22.935825, 40.491572 ], [ 22.934293, 40.490921 ], [ 22.933712, 40.490339 ], [ 22.933435, 40.488779 ], [ 22.933471, 40.487332 ], [ 22.934077, 40.482708 ], [ 22.934731, 40.480016 ], [ 22.937512, 40.47366 ], [ 22.938394, 40.470843 ], [ 22.938773, 40.470197 ], [ 22.934088, 40.469888 ], [ 22.931398, 40.469981 ], [ 22.930772, 40.469816 ], [ 22.928863, 40.468505 ], [ 22.927908, 40.468163 ], [ 22.925948, 40.468007 ], [ 22.923045, 40.4683 ], [ 22.922486, 40.468101 ], [ 22.922341, 40.467523 ], [ 22.922671, 40.466133 ], [ 22.923588, 40.464248 ], [ 22.924818, 40.462655 ], [ 22.928356, 40.460069 ], [ 22.928674, 40.459513 ], [ 22.928425, 40.458465 ], [ 22.927288, 40.456793 ], [ 22.926318, 40.456067 ], [ 22.925066, 40.456696 ], [ 22.921034, 40.458101 ], [ 22.915735, 40.459198 ], [ 22.912865, 40.460911 ], [ 22.911627, 40.461966 ], [ 22.910841, 40.463125 ], [ 22.910009, 40.46517 ], [ 22.908832, 40.470421 ], [ 22.908491, 40.474469 ], [ 22.908015, 40.477091 ], [ 22.906884, 40.482458 ], [ 22.906341, 40.483606 ], [ 22.905374, 40.48415 ], [ 22.903658, 40.484455 ], [ 22.901326, 40.484389 ], [ 22.898138, 40.483902 ], [ 22.893686, 40.483988 ], [ 22.89084, 40.483797 ], [ 22.890381, 40.484118 ], [ 22.889639, 40.490005 ], [ 22.888223, 40.494276 ], [ 22.888109, 40.49482 ], [ 22.88794, 40.494557 ], [ 22.88767, 40.494364 ], [ 22.88762, 40.494137 ], [ 22.886496, 40.494108 ], [ 22.886489, 40.492674 ], [ 22.884651, 40.492686 ], [ 22.88468, 40.49237 ], [ 22.883891, 40.492366 ], [ 22.882943, 40.492374 ], [ 22.882276, 40.492344 ], [ 22.882208, 40.492907 ], [ 22.88102, 40.4928 ], [ 22.878626, 40.492669 ], [ 22.878403, 40.492646 ], [ 22.878382, 40.492765 ], [ 22.878035, 40.492756 ], [ 22.87612, 40.492663 ], [ 22.875943, 40.49273 ], [ 22.875735, 40.492829 ], [ 22.874893, 40.492794 ], [ 22.874893, 40.492999 ], [ 22.874133, 40.492953 ], [ 22.873396, 40.492895 ], [ 22.872606, 40.492795 ], [ 22.869732, 40.492663 ], [ 22.869322, 40.492403 ], [ 22.869025, 40.492007 ], [ 22.868485, 40.490929 ], [ 22.868245, 40.490313 ], [ 22.868093, 40.489834 ], [ 22.86799, 40.488561 ], [ 22.868021, 40.487379 ], [ 22.868096, 40.486408 ], [ 22.867184, 40.486363 ], [ 22.865975, 40.486319 ], [ 22.864192, 40.48628 ], [ 22.863724, 40.486285 ], [ 22.863349, 40.486284 ], [ 22.862777, 40.486234 ], [ 22.861966, 40.486154 ], [ 22.861476, 40.486093 ], [ 22.861238, 40.486084 ], [ 22.860387, 40.486079 ], [ 22.859853, 40.486074 ], [ 22.85958, 40.486053 ], [ 22.858959, 40.486044 ], [ 22.858951, 40.48653 ], [ 22.858948, 40.487197 ], [ 22.858937, 40.487802 ], [ 22.858908, 40.487933 ], [ 22.857023, 40.487926 ], [ 22.857023, 40.487956 ], [ 22.85659, 40.487942 ], [ 22.856581, 40.487978 ], [ 22.855803, 40.487969 ], [ 22.855095, 40.487968 ], [ 22.854748, 40.48798 ], [ 22.854766, 40.489352 ], [ 22.854746, 40.490203 ], [ 22.855435, 40.490203 ], [ 22.855999, 40.490206 ], [ 22.856488, 40.490205 ], [ 22.85657, 40.490211 ], [ 22.856565, 40.490623 ], [ 22.856563, 40.491335 ], [ 22.856563, 40.492022 ], [ 22.856571, 40.492594 ], [ 22.856482, 40.492638 ], [ 22.856531, 40.49275 ], [ 22.856554, 40.492901 ], [ 22.856534, 40.493375 ], [ 22.856519, 40.49393 ], [ 22.856515, 40.494193 ], [ 22.856529, 40.494766 ], [ 22.856529, 40.494959 ], [ 22.856534, 40.495468 ], [ 22.856552, 40.496105 ], [ 22.856562, 40.496757 ], [ 22.856537, 40.497532 ], [ 22.856541, 40.498272 ], [ 22.856553, 40.49874 ], [ 22.856565, 40.499472 ], [ 22.856582, 40.500099 ], [ 22.856583, 40.50066 ], [ 22.856579, 40.50102 ], [ 22.856617, 40.501278 ], [ 22.856651, 40.501364 ], [ 22.85669, 40.501391 ], [ 22.856815, 40.501389 ], [ 22.857103, 40.501369 ], [ 22.857166, 40.501366 ], [ 22.857426, 40.501364 ], [ 22.857494, 40.501508 ], [ 22.857516, 40.501719 ], [ 22.857522, 40.501818 ], [ 22.857447, 40.501914 ], [ 22.857326, 40.501983 ], [ 22.857252, 40.502062 ], [ 22.857228, 40.502205 ], [ 22.857228, 40.502402 ], [ 22.857239, 40.502514 ], [ 22.857304, 40.502684 ], [ 22.85738, 40.502853 ], [ 22.857169, 40.502985 ], [ 22.856727, 40.503231 ], [ 22.856721, 40.503542 ], [ 22.858302, 40.503211 ], [ 22.859937, 40.501629 ], [ 22.863541, 40.501284 ], [ 22.867275, 40.500856 ], [ 22.880678, 40.501386 ], [ 22.887353, 40.501876 ], [ 22.894284, 40.502752 ], [ 22.896087, 40.503079 ], [ 22.8965, 40.503154 ], [ 22.899518, 40.503701 ], [ 22.905006, 40.504535 ], [ 22.906104, 40.50518 ], [ 22.906561, 40.505923 ], [ 22.907284, 40.506113 ], [ 22.908065, 40.50558 ], [ 22.909091, 40.505473 ], [ 22.911301, 40.505656 ], [ 22.912297, 40.505933 ], [ 22.913417, 40.506244 ], [ 22.91756, 40.507393 ], [ 22.926651, 40.510037 ], [ 22.933261, 40.512278 ], [ 22.935575, 40.513148 ], [ 22.937947, 40.514023 ], [ 22.943025, 40.516361 ], [ 22.946793, 40.518181 ], [ 22.947591, 40.517784 ], [ 22.948286, 40.517775 ], [ 22.948509, 40.517712 ], [ 22.948593, 40.517605 ], [ 22.948641, 40.517278 ], [ 22.948789, 40.517068 ], [ 22.948955, 40.516902 ], [ 22.949117, 40.516793 ], [ 22.94931, 40.516682 ], [ 22.949616, 40.516604 ], [ 22.950011, 40.516533 ], [ 22.9502, 40.516222 ], [ 22.95038, 40.516143 ], [ 22.95044, 40.516108 ], [ 22.950622, 40.515901 ], [ 22.950908, 40.515594 ], [ 22.9511, 40.515346 ], [ 22.951214, 40.515269 ], [ 22.951296, 40.514993 ], [ 22.951349, 40.514883 ], [ 22.951471, 40.51481 ], [ 22.951595, 40.514635 ], [ 22.951716, 40.514335 ], [ 22.951867, 40.513931 ], [ 22.951929, 40.513711 ], [ 22.952022, 40.513533 ], [ 22.952149, 40.513401 ], [ 22.952241, 40.513267 ], [ 22.952294, 40.513101 ], [ 22.952406, 40.512902 ], [ 22.952508, 40.512659 ], [ 22.952557, 40.512519 ], [ 22.952652, 40.512416 ], [ 22.952656, 40.512169 ], [ 22.95312, 40.511932 ], [ 22.954026, 40.5114 ], [ 22.953361, 40.51071 ], [ 22.953259, 40.510553 ], [ 22.953135, 40.510445 ], [ 22.952849, 40.510302 ], [ 22.952764, 40.510254 ], [ 22.952587, 40.510097 ], [ 22.952395, 40.509869 ], [ 22.952357, 40.509824 ], [ 22.952143, 40.509742 ], [ 22.951472, 40.509459 ], [ 22.950914, 40.509191 ], [ 22.950694, 40.50904 ], [ 22.950501, 40.508896 ], [ 22.950378, 40.508772 ], [ 22.950126, 40.508445 ], [ 22.950008, 40.508254 ], [ 22.949983, 40.508113 ], [ 22.95009, 40.507971 ], [ 22.950201, 40.50785 ], [ 22.950227, 40.507725 ], [ 22.950199, 40.507534 ], [ 22.950146, 40.507426 ], [ 22.950174, 40.506864 ], [ 22.950203, 40.506494 ], [ 22.950199, 40.506256 ], [ 22.950223, 40.505961 ], [ 22.949716, 40.505951 ], [ 22.949357, 40.505915 ] ] ] ] } },
{ "type": "Feature", "properties": { "MunUnits": "070502", "OID_1": 69, "CODE": "070502", "NAME_GR": "ΔΗΜΟΤΙΚΗ ΕΝΟΤΗΤΑ ΕΠΑΝΟΜΗΣ", "NAME_ENG": "Municipal Unit of Epanomi", "Shape_Leng": 69785.8203756, "Shape_Area": 91362907.8495, "zone": "Metropolitan" }, "geometry": { "type": "MultiPolygon", "coordinates": [ [ [ [ 22.905374, 40.48415 ], [ 22.906341, 40.483606 ], [ 22.906884, 40.482458 ], [ 22.908015, 40.477091 ], [ 22.908491, 40.474469 ], [ 22.908832, 40.470421 ], [ 22.910009, 40.46517 ], [ 22.910841, 40.463125 ], [ 22.911627, 40.461966 ], [ 22.912865, 40.460911 ], [ 22.915735, 40.459198 ], [ 22.921034, 40.458101 ], [ 22.925066, 40.456696 ], [ 22.926318, 40.456067 ], [ 22.927288, 40.456793 ], [ 22.928425, 40.458465 ], [ 22.931352, 40.456702 ], [ 22.934992, 40.45397 ], [ 22.937674, 40.452414 ], [ 22.938466, 40.451484 ], [ 22.939205, 40.449183 ], [ 22.939559, 40.448895 ], [ 22.941957, 40.449812 ], [ 22.944314, 40.449108 ], [ 22.94595, 40.450044 ], [ 22.947859, 40.449345 ], [ 22.949774, 40.449412 ], [ 22.95039, 40.448635 ], [ 22.952373, 40.445029 ], [ 22.953404, 40.442465 ], [ 22.953836, 40.439969 ], [ 22.953623, 40.43944 ], [ 22.953141, 40.439006 ], [ 22.950229, 40.43795 ], [ 22.94997, 40.437639 ], [ 22.949991, 40.437135 ], [ 22.952935, 40.426244 ], [ 22.953324, 40.425848 ], [ 22.953895, 40.425661 ], [ 22.957053, 40.42571 ], [ 22.957747, 40.425148 ], [ 22.957853, 40.424593 ], [ 22.95706, 40.422491 ], [ 22.956858, 40.421285 ], [ 22.957162, 40.41932 ], [ 22.95761, 40.418521 ], [ 22.958842, 40.417833 ], [ 22.960701, 40.417632 ], [ 22.964045, 40.417934 ], [ 22.97066, 40.419334 ], [ 22.97137, 40.419307 ], [ 22.971896, 40.419003 ], [ 22.972028, 40.41839 ], [ 22.971839, 40.417877 ], [ 22.970267, 40.415927 ], [ 22.970062, 40.414396 ], [ 22.969246, 40.412811 ], [ 22.969165, 40.410926 ], [ 22.967566, 40.408074 ], [ 22.965044, 40.400542 ], [ 22.968143, 40.400528 ], [ 22.977142, 40.40112 ], [ 22.983435, 40.401723 ], [ 22.991003, 40.402831 ], [ 22.990461, 40.40362 ], [ 22.986177, 40.406294 ], [ 22.985799, 40.406667 ], [ 22.985752, 40.407119 ], [ 22.989506, 40.413508 ], [ 22.99212, 40.418856 ], [ 22.996894, 40.425599 ], [ 22.997764, 40.427498 ], [ 22.998101, 40.428912 ], [ 22.998049, 40.430278 ], [ 22.997733, 40.431249 ], [ 22.995872, 40.434584 ], [ 22.99367, 40.43734 ], [ 22.993028, 40.438727 ], [ 22.99287, 40.439918 ], [ 22.992908, 40.440247 ], [ 22.993458, 40.440152 ], [ 22.994467, 40.440401 ], [ 22.995513, 40.440893 ], [ 22.996878, 40.442903 ], [ 22.999147, 40.445141 ], [ 22.999752, 40.445179 ], [ 23.003126, 40.447556 ], [ 23.004193, 40.447957 ], [ 23.004654, 40.447215 ], [ 23.005082, 40.445574 ], [ 23.006154, 40.444871 ], [ 23.006388, 40.444425 ], [ 23.006349, 40.43803 ], [ 23.006707, 40.437084 ], [ 23.008382, 40.436027 ], [ 23.008662, 40.434861 ], [ 23.008754, 40.430567 ], [ 23.00898, 40.42922 ], [ 23.009337, 40.428909 ], [ 23.011666, 40.42801 ], [ 23.012793, 40.427191 ], [ 23.012975, 40.423724 ], [ 23.013633, 40.420581 ], [ 23.016528, 40.410348 ], [ 23.017835, 40.40711 ], [ 23.018396, 40.404873 ], [ 23.018379, 40.403977 ], [ 23.017839, 40.400914 ], [ 23.017317, 40.399441 ], [ 23.016284, 40.397811 ], [ 23.014509, 40.39567 ], [ 23.014171, 40.392559 ], [ 23.014322, 40.386335 ], [ 23.013656, 40.385713 ], [ 23.009586, 40.386348 ], [ 23.008153, 40.386255 ], [ 23.004405, 40.38491 ], [ 23.002599, 40.383421 ], [ 23.003049, 40.382394 ], [ 23.003657, 40.381686 ], [ 23.005721, 40.379883 ], [ 23.006513, 40.377999 ], [ 23.007436, 40.377193 ], [ 23.009258, 40.377136 ], [ 23.012594, 40.377464 ], [ 23.015575, 40.377238 ], [ 23.020796, 40.376195 ], [ 23.02322, 40.375922 ], [ 23.027134, 40.374534 ], [ 23.028177, 40.37362 ], [ 23.031238, 40.373601 ], [ 23.036641, 40.37261 ], [ 23.037933, 40.371469 ], [ 23.039619, 40.367431 ], [ 23.041263, 40.364197 ], [ 23.041852, 40.36222 ], [ 23.041515, 40.356697 ], [ 23.040259, 40.353119 ], [ 23.039575, 40.3523 ], [ 23.039559, 40.352298 ], [ 23.039426, 40.352525 ], [ 23.038286, 40.352516 ], [ 23.036799, 40.352521 ], [ 23.036262, 40.352527 ], [ 23.035888, 40.352503 ], [ 23.0353, 40.352473 ], [ 23.034833, 40.352473 ], [ 23.033291, 40.352463 ], [ 23.032216, 40.352454 ], [ 23.03204, 40.352678 ], [ 23.031074, 40.354172 ], [ 23.029843, 40.355971 ], [ 23.028964, 40.357293 ], [ 23.027924, 40.358779 ], [ 23.027292, 40.358523 ], [ 23.027291, 40.358523 ], [ 23.02729, 40.358524 ], [ 23.026186, 40.358078 ], [ 23.02495, 40.35756 ], [ 23.022179, 40.356528 ], [ 23.019642, 40.355513 ], [ 23.017589, 40.354666 ], [ 23.015813, 40.353971 ], [ 23.01441, 40.353423 ], [ 23.012728, 40.352772 ], [ 23.010339, 40.351829 ], [ 23.009456, 40.3515 ], [ 23.007469, 40.350639 ], [ 23.007745, 40.350263 ], [ 23.007607, 40.350104 ], [ 23.007539, 40.349667 ], [ 23.007337, 40.349056 ], [ 23.007094, 40.34918 ], [ 23.005298, 40.349778 ], [ 23.004153, 40.350336 ], [ 23.003655, 40.350794 ], [ 23.002814, 40.351653 ], [ 23.001, 40.35238 ], [ 22.998835, 40.35347 ], [ 22.996489, 40.354715 ], [ 22.994329, 40.356529 ], [ 22.992697, 40.359401 ], [ 22.991886, 40.361191 ], [ 22.990346, 40.363874 ], [ 22.985251, 40.366854 ], [ 22.981651, 40.368183 ], [ 22.97899, 40.369278 ], [ 22.970689, 40.370247 ], [ 22.967594, 40.370968 ], [ 22.960682, 40.370914 ], [ 22.957809, 40.371269 ], [ 22.957276, 40.372189 ], [ 22.957518, 40.373231 ], [ 22.957417, 40.373936 ], [ 22.956519, 40.374501 ], [ 22.954028, 40.37613 ], [ 22.952793, 40.377643 ], [ 22.951359, 40.378841 ], [ 22.949039, 40.379799 ], [ 22.944398, 40.380683 ], [ 22.940206, 40.380954 ], [ 22.934948, 40.381222 ], [ 22.929094, 40.381422 ], [ 22.919755, 40.381244 ], [ 22.910338, 40.379981 ], [ 22.903377, 40.378116 ], [ 22.896025, 40.375916 ], [ 22.891113, 40.374127 ], [ 22.888758, 40.373599 ], [ 22.887901, 40.373613 ], [ 22.889768, 40.375103 ], [ 22.892445, 40.378554 ], [ 22.893081, 40.381186 ], [ 22.895788, 40.384934 ], [ 22.897816, 40.387824 ], [ 22.900725, 40.391656 ], [ 22.902479, 40.39457 ], [ 22.902971, 40.395957 ], [ 22.902828, 40.397813 ], [ 22.901651, 40.398773 ], [ 22.899475, 40.40031 ], [ 22.898374, 40.402244 ], [ 22.898107, 40.404028 ], [ 22.897403, 40.405451 ], [ 22.89531, 40.406824 ], [ 22.893784, 40.405761 ], [ 22.892052, 40.406922 ], [ 22.892509, 40.407245 ], [ 22.893918, 40.406598 ], [ 22.894584, 40.407093 ], [ 22.893118, 40.407969 ], [ 22.890834, 40.407816 ], [ 22.890423, 40.410079 ], [ 22.888683, 40.412785 ], [ 22.887874, 40.414341 ], [ 22.886767, 40.416103 ], [ 22.886409, 40.42028 ], [ 22.884105, 40.423923 ], [ 22.882608, 40.425628 ], [ 22.880138, 40.427166 ], [ 22.87632, 40.428814 ], [ 22.868475, 40.430763 ], [ 22.866699, 40.431451 ], [ 22.865057, 40.432903 ], [ 22.864486, 40.436667 ], [ 22.863177, 40.437785 ], [ 22.863177, 40.439868 ], [ 22.865069, 40.443223 ], [ 22.867771, 40.44303 ], [ 22.868294, 40.443252 ], [ 22.869556, 40.444427 ], [ 22.869849, 40.444811 ], [ 22.870273, 40.445495 ], [ 22.870616, 40.445899 ], [ 22.871072, 40.446392 ], [ 22.871888, 40.447251 ], [ 22.872209, 40.447661 ], [ 22.872461, 40.447888 ], [ 22.873056, 40.448516 ], [ 22.873676, 40.449113 ], [ 22.87433, 40.449746 ], [ 22.874681, 40.450205 ], [ 22.874867, 40.45045 ], [ 22.875283, 40.450945 ], [ 22.875873, 40.451482 ], [ 22.876329, 40.451861 ], [ 22.876762, 40.452087 ], [ 22.877069, 40.452207 ], [ 22.877559, 40.452388 ], [ 22.878068, 40.452536 ], [ 22.878255, 40.452556 ], [ 22.87836, 40.4526 ], [ 22.878459, 40.452682 ], [ 22.878456, 40.453023 ], [ 22.878467, 40.453524 ], [ 22.8785, 40.453956 ], [ 22.878586, 40.454765 ], [ 22.87872, 40.45595 ], [ 22.878819, 40.456516 ], [ 22.878999, 40.457333 ], [ 22.879174, 40.458049 ], [ 22.879509, 40.45933 ], [ 22.879916, 40.460364 ], [ 22.880163, 40.460919 ], [ 22.880622, 40.461839 ], [ 22.88115, 40.462745 ], [ 22.881449, 40.463148 ], [ 22.881805, 40.46349 ], [ 22.882292, 40.463876 ], [ 22.882724, 40.464167 ], [ 22.883163, 40.4644 ], [ 22.883498, 40.464532 ], [ 22.884182, 40.464715 ], [ 22.885045, 40.464961 ], [ 22.884792, 40.465531 ], [ 22.884471, 40.465586 ], [ 22.885186, 40.465899 ], [ 22.888522, 40.466533 ], [ 22.88902, 40.466998 ], [ 22.887689, 40.472144 ], [ 22.885595, 40.478351 ], [ 22.885717, 40.47874 ], [ 22.886333, 40.479052 ], [ 22.889482, 40.479484 ], [ 22.890445, 40.479854 ], [ 22.890595, 40.480534 ], [ 22.890015, 40.482909 ], [ 22.890062, 40.483664 ], [ 22.890381, 40.484118 ], [ 22.89084, 40.483797 ], [ 22.893686, 40.483988 ], [ 22.898138, 40.483902 ], [ 22.901326, 40.484389 ], [ 22.903658, 40.484455 ], [ 22.905374, 40.48415 ] ] ] ] } },
{ "type": "Feature", "properties": { "MunUnits": "070503", "OID_1": 70, "CODE": "070503", "NAME_GR": "ΔΗΜΟΤΙΚΗ ΕΝΟΤΗΤΑ ΜΗΧΑΝΙΩΝΑΣ", "NAME_ENG": "Municipal Unit of Michaniona", "Shape_Leng": 30489.183330600001, "Shape_Area": 23320232.437399998, "zone": "Metropolitan" }, "geometry": { "type": "MultiPolygon", "coordinates": [ [ [ [ 22.83647, 40.507301 ], [ 22.83767, 40.507015 ], [ 22.837917, 40.506254 ], [ 22.845296, 40.506209 ], [ 22.847732, 40.506194 ], [ 22.850328, 40.506178 ], [ 22.851299, 40.505626 ], [ 22.851578, 40.504825 ], [ 22.852976, 40.504658 ], [ 22.854172, 40.504453 ], [ 22.855456, 40.503807 ], [ 22.856721, 40.503542 ], [ 22.856727, 40.503231 ], [ 22.857169, 40.502985 ], [ 22.85738, 40.502853 ], [ 22.857304, 40.502684 ], [ 22.857239, 40.502514 ], [ 22.857228, 40.502402 ], [ 22.857228, 40.502205 ], [ 22.857252, 40.502062 ], [ 22.857326, 40.501983 ], [ 22.857447, 40.501914 ], [ 22.857522, 40.501818 ], [ 22.857516, 40.501719 ], [ 22.857494, 40.501508 ], [ 22.857426, 40.501364 ], [ 22.857166, 40.501366 ], [ 22.857103, 40.501369 ], [ 22.856815, 40.501389 ], [ 22.85669, 40.501391 ], [ 22.856651, 40.501364 ], [ 22.856617, 40.501278 ], [ 22.856579, 40.50102 ], [ 22.856583, 40.50066 ], [ 22.856582, 40.500099 ], [ 22.856565, 40.499472 ], [ 22.856553, 40.49874 ], [ 22.856541, 40.498272 ], [ 22.856537, 40.497532 ], [ 22.856562, 40.496757 ], [ 22.856552, 40.496105 ], [ 22.856534, 40.495468 ], [ 22.856529, 40.494959 ], [ 22.856529, 40.494766 ], [ 22.856515, 40.494193 ], [ 22.856519, 40.49393 ], [ 22.856534, 40.493375 ], [ 22.856554, 40.492901 ], [ 22.856531, 40.49275 ], [ 22.856482, 40.492638 ], [ 22.856571, 40.492594 ], [ 22.856563, 40.492022 ], [ 22.856563, 40.491335 ], [ 22.856565, 40.490623 ], [ 22.85657, 40.490211 ], [ 22.856488, 40.490205 ], [ 22.855999, 40.490206 ], [ 22.855435, 40.490203 ], [ 22.854746, 40.490203 ], [ 22.854766, 40.489352 ], [ 22.854748, 40.48798 ], [ 22.855095, 40.487968 ], [ 22.855803, 40.487969 ], [ 22.856581, 40.487978 ], [ 22.85659, 40.487942 ], [ 22.857023, 40.487956 ], [ 22.857023, 40.487926 ], [ 22.858908, 40.487933 ], [ 22.858937, 40.487802 ], [ 22.858948, 40.487197 ], [ 22.858951, 40.48653 ], [ 22.858959, 40.486044 ], [ 22.85958, 40.486053 ], [ 22.859853, 40.486074 ], [ 22.860387, 40.486079 ], [ 22.861238, 40.486084 ], [ 22.861476, 40.486093 ], [ 22.861966, 40.486154 ], [ 22.862777, 40.486234 ], [ 22.863349, 40.486284 ], [ 22.863724, 40.486285 ], [ 22.864192, 40.48628 ], [ 22.865975, 40.486319 ], [ 22.867184, 40.486363 ], [ 22.868096, 40.486408 ], [ 22.868021, 40.487379 ], [ 22.86799, 40.488561 ], [ 22.868093, 40.489834 ], [ 22.868245, 40.490313 ], [ 22.868485, 40.490929 ], [ 22.869025, 40.492007 ], [ 22.869322, 40.492403 ], [ 22.869732, 40.492663 ], [ 22.872606, 40.492795 ], [ 22.873396, 40.492895 ], [ 22.874133, 40.492953 ], [ 22.874893, 40.492999 ], [ 22.874893, 40.492794 ], [ 22.875735, 40.492829 ], [ 22.875943, 40.49273 ], [ 22.87612, 40.492663 ], [ 22.878035, 40.492756 ], [ 22.878382, 40.492765 ], [ 22.878403, 40.492646 ], [ 22.878626, 40.492669 ], [ 22.88102, 40.4928 ], [ 22.882208, 40.492907 ], [ 22.882276, 40.492344 ], [ 22.882943, 40.492374 ], [ 22.883891, 40.492366 ], [ 22.88468, 40.49237 ], [ 22.884651, 40.492686 ], [ 22.886489, 40.492674 ], [ 22.886496, 40.494108 ], [ 22.88762, 40.494137 ], [ 22.88767, 40.494364 ], [ 22.88794, 40.494557 ], [ 22.888109, 40.49482 ], [ 22.888223, 40.494276 ], [ 22.889639, 40.490005 ], [ 22.890381, 40.484118 ], [ 22.890062, 40.483664 ], [ 22.890015, 40.482909 ], [ 22.890595, 40.480534 ], [ 22.890445, 40.479854 ], [ 22.889482, 40.479484 ], [ 22.886333, 40.479052 ], [ 22.885717, 40.47874 ], [ 22.885595, 40.478351 ], [ 22.887689, 40.472144 ], [ 22.88902, 40.466998 ], [ 22.888522, 40.466533 ], [ 22.885186, 40.465899 ], [ 22.884471, 40.465586 ], [ 22.884792, 40.465531 ], [ 22.885045, 40.464961 ], [ 22.884182, 40.464715 ], [ 22.883498, 40.464532 ], [ 22.883163, 40.4644 ], [ 22.882724, 40.464167 ], [ 22.882292, 40.463876 ], [ 22.881805, 40.46349 ], [ 22.881449, 40.463148 ], [ 22.88115, 40.462745 ], [ 22.880622, 40.461839 ], [ 22.880163, 40.460919 ], [ 22.879916, 40.460364 ], [ 22.879509, 40.45933 ], [ 22.879174, 40.458049 ], [ 22.878999, 40.457333 ], [ 22.878819, 40.456516 ], [ 22.87872, 40.45595 ], [ 22.878586, 40.454765 ], [ 22.8785, 40.453956 ], [ 22.878467, 40.453524 ], [ 22.878456, 40.453023 ], [ 22.878459, 40.452682 ], [ 22.87836, 40.4526 ], [ 22.878255, 40.452556 ], [ 22.878068, 40.452536 ], [ 22.877559, 40.452388 ], [ 22.877069, 40.452207 ], [ 22.876762, 40.452087 ], [ 22.876329, 40.451861 ], [ 22.875873, 40.451482 ], [ 22.875283, 40.450945 ], [ 22.874867, 40.45045 ], [ 22.874681, 40.450205 ], [ 22.87433, 40.449746 ], [ 22.873676, 40.449113 ], [ 22.873056, 40.448516 ], [ 22.872461, 40.447888 ], [ 22.872209, 40.447661 ], [ 22.871888, 40.447251 ], [ 22.871072, 40.446392 ], [ 22.870616, 40.445899 ], [ 22.870273, 40.445495 ], [ 22.869849, 40.444811 ], [ 22.869556, 40.444427 ], [ 22.868294, 40.443252 ], [ 22.867771, 40.44303 ], [ 22.865069, 40.443223 ], [ 22.865751, 40.445572 ], [ 22.864269, 40.448551 ], [ 22.863924, 40.450413 ], [ 22.861933, 40.453266 ], [ 22.861438, 40.45544 ], [ 22.861738, 40.45663 ], [ 22.86056, 40.458185 ], [ 22.857854, 40.457076 ], [ 22.85714, 40.458147 ], [ 22.857715, 40.45841 ], [ 22.8582, 40.457724 ], [ 22.859885, 40.458352 ], [ 22.859142, 40.459438 ], [ 22.856116, 40.457924 ], [ 22.852718, 40.46245 ], [ 22.853075, 40.462664 ], [ 22.856101, 40.458809 ], [ 22.859071, 40.460151 ], [ 22.857015, 40.462764 ], [ 22.855773, 40.462364 ], [ 22.855602, 40.462835 ], [ 22.857025, 40.463386 ], [ 22.854845, 40.4663 ], [ 22.851217, 40.468984 ], [ 22.849489, 40.469781 ], [ 22.847028, 40.469855 ], [ 22.847099, 40.470236 ], [ 22.849198, 40.470141 ], [ 22.846577, 40.471125 ], [ 22.840658, 40.472612 ], [ 22.837624, 40.473088 ], [ 22.834482, 40.473866 ], [ 22.828772, 40.474814 ], [ 22.821527, 40.475385 ], [ 22.819314, 40.476206 ], [ 22.81703, 40.476884 ], [ 22.815352, 40.477955 ], [ 22.814306, 40.478569 ], [ 22.812954, 40.478645 ], [ 22.812916, 40.47933 ], [ 22.814642, 40.480167 ], [ 22.816454, 40.482537 ], [ 22.816782, 40.483776 ], [ 22.816716, 40.485523 ], [ 22.816059, 40.486294 ], [ 22.816297, 40.490345 ], [ 22.816654, 40.492008 ], [ 22.817576, 40.493072 ], [ 22.817725, 40.494637 ], [ 22.817346, 40.495461 ], [ 22.815128, 40.495553 ], [ 22.815098, 40.495624 ], [ 22.81755, 40.495691 ], [ 22.817264, 40.497021 ], [ 22.815739, 40.496813 ], [ 22.814886, 40.49661 ], [ 22.814533, 40.496197 ], [ 22.814436, 40.495191 ], [ 22.814192, 40.495256 ], [ 22.814266, 40.496141 ], [ 22.814629, 40.496603 ], [ 22.815094, 40.496825 ], [ 22.816306, 40.497056 ], [ 22.817161, 40.49851 ], [ 22.817007, 40.500271 ], [ 22.816709, 40.500789 ], [ 22.816337, 40.50193 ], [ 22.817707, 40.50262 ], [ 22.820425, 40.503387 ], [ 22.821614, 40.503724 ], [ 22.822732, 40.505199 ], [ 22.823793, 40.50593 ], [ 22.825207, 40.506341 ], [ 22.827427, 40.507187 ], [ 22.829419, 40.507174 ], [ 22.832777, 40.506977 ], [ 22.83647, 40.507301 ] ] ] ] } },
{ "type": "Feature", "properties": { "MunUnits": "070601", "OID_1": 71, "CODE": "070601", "NAME_GR": "ΔΗΜΟΤΙΚΗ ΕΝΟΤΗΤΑ ΘΕΡΜΗΣ", "NAME_ENG": "Municipal Unit of Thermi", "Shape_Leng": 75306.037193099997, "Shape_Area": 101206090.652, "zone": "Metropolitan" }, "geometry": { "type": "MultiPolygon", "coordinates": [ [ [ [ 23.104645, 40.580828 ], [ 23.109455, 40.578922 ], [ 23.113325, 40.577106 ], [ 23.116197, 40.575055 ], [ 23.119103, 40.571105 ], [ 23.11933, 40.570137 ], [ 23.118719, 40.567579 ], [ 23.119466, 40.566601 ], [ 23.119583, 40.56316 ], [ 23.120615, 40.560956 ], [ 23.12177, 40.560254 ], [ 23.123028, 40.559936 ], [ 23.123642, 40.559517 ], [ 23.124995, 40.557383 ], [ 23.128908, 40.549765 ], [ 23.129781, 40.548733 ], [ 23.13136, 40.547303 ], [ 23.136756, 40.543759 ], [ 23.138928, 40.541877 ], [ 23.138908, 40.539241 ], [ 23.139977, 40.53576 ], [ 23.136976, 40.535731 ], [ 23.132158, 40.535211 ], [ 23.128274, 40.534298 ], [ 23.125185, 40.533046 ], [ 23.123846, 40.532287 ], [ 23.121788, 40.530687 ], [ 23.121314, 40.529584 ], [ 23.120051, 40.530165 ], [ 23.1174, 40.532015 ], [ 23.111884, 40.536443 ], [ 23.107114, 40.540752 ], [ 23.105519, 40.541864 ], [ 23.103864, 40.542129 ], [ 23.097746, 40.540415 ], [ 23.094971, 40.540303 ], [ 23.094053, 40.540717 ], [ 23.091592, 40.543722 ], [ 23.090118, 40.54471 ], [ 23.089378, 40.540312 ], [ 23.088714, 40.538298 ], [ 23.084793, 40.531405 ], [ 23.083175, 40.527902 ], [ 23.082875, 40.526489 ], [ 23.083164, 40.523816 ], [ 23.082192, 40.522547 ], [ 23.081466, 40.521859 ], [ 23.078786, 40.520428 ], [ 23.077218, 40.518151 ], [ 23.075304, 40.51653 ], [ 23.060754, 40.506457 ], [ 23.060066, 40.506573 ], [ 23.053199, 40.509689 ], [ 23.051808, 40.509634 ], [ 23.050773, 40.509214 ], [ 23.049499, 40.508317 ], [ 23.048199, 40.50685 ], [ 23.046661, 40.505634 ], [ 23.046663, 40.505128 ], [ 23.047395, 40.503305 ], [ 23.047284, 40.501087 ], [ 23.046716, 40.499794 ], [ 23.04522, 40.497987 ], [ 23.043994, 40.494618 ], [ 23.042898, 40.494366 ], [ 23.038617, 40.494176 ], [ 23.037672, 40.493895 ], [ 23.038264, 40.492093 ], [ 23.038307, 40.490786 ], [ 23.037315, 40.487686 ], [ 23.036535, 40.486839 ], [ 23.034749, 40.485887 ], [ 23.033644, 40.485767 ], [ 23.032602, 40.486188 ], [ 23.030945, 40.487799 ], [ 23.030246, 40.48784 ], [ 23.029781, 40.487423 ], [ 23.029069, 40.481315 ], [ 23.029201, 40.478388 ], [ 23.029962, 40.47613 ], [ 23.033631, 40.472658 ], [ 23.035129, 40.471721 ], [ 23.0377, 40.470712 ], [ 23.04268, 40.4698 ], [ 23.043563, 40.469443 ], [ 23.044869, 40.466706 ], [ 23.047287, 40.465117 ], [ 23.048279, 40.46421 ], [ 23.048659, 40.463632 ], [ 23.049022, 40.462175 ], [ 23.051522, 40.45934 ], [ 23.053245, 40.45701 ], [ 23.054559, 40.45575 ], [ 23.056126, 40.455212 ], [ 23.057322, 40.455267 ], [ 23.058914, 40.455685 ], [ 23.061046, 40.456857 ], [ 23.061306, 40.456391 ], [ 23.06018, 40.453914 ], [ 23.056294, 40.446459 ], [ 23.055327, 40.446733 ], [ 23.055034, 40.446622 ], [ 23.053872, 40.445717 ], [ 23.052259, 40.445356 ], [ 23.050915, 40.444143 ], [ 23.049963, 40.443968 ], [ 23.04631, 40.444438 ], [ 23.043884, 40.445512 ], [ 23.042517, 40.446491 ], [ 23.04192, 40.447252 ], [ 23.041244, 40.448782 ], [ 23.04032, 40.452881 ], [ 23.040972, 40.45859 ], [ 23.040619, 40.460721 ], [ 23.039887, 40.461973 ], [ 23.038334, 40.462326 ], [ 23.036411, 40.461966 ], [ 23.032583, 40.459354 ], [ 23.026713, 40.453873 ], [ 23.02547, 40.454292 ], [ 23.024879, 40.45488 ], [ 23.023789, 40.457738 ], [ 23.023399, 40.458182 ], [ 23.022589, 40.458172 ], [ 23.020438, 40.45708 ], [ 23.019674, 40.457101 ], [ 23.019135, 40.457462 ], [ 23.017892, 40.46059 ], [ 23.017008, 40.462075 ], [ 23.01077, 40.468813 ], [ 23.01036, 40.469896 ], [ 23.010187, 40.471495 ], [ 23.010609, 40.473887 ], [ 23.010631, 40.474602 ], [ 23.011533, 40.477548 ], [ 23.011517, 40.47947 ], [ 23.010541, 40.482559 ], [ 23.01033, 40.485694 ], [ 23.00885, 40.488339 ], [ 23.008109, 40.490452 ], [ 23.006667, 40.493175 ], [ 23.00703, 40.494866 ], [ 23.004734, 40.494991 ], [ 23.003088, 40.495438 ], [ 23.002538, 40.495282 ], [ 23.001879, 40.493695 ], [ 23.000621, 40.493511 ], [ 22.999657, 40.492771 ], [ 22.998809, 40.490995 ], [ 22.998232, 40.490873 ], [ 22.99744, 40.489168 ], [ 22.996987, 40.488551 ], [ 22.996338, 40.488182 ], [ 22.988347, 40.488082 ], [ 22.988086, 40.488145 ], [ 22.988099, 40.487215 ], [ 22.987585, 40.487186 ], [ 22.987092, 40.487802 ], [ 22.98613, 40.490487 ], [ 22.985182, 40.492266 ], [ 22.984653, 40.493215 ], [ 22.983941, 40.494853 ], [ 22.983208, 40.496932 ], [ 22.983044, 40.497443 ], [ 22.98274, 40.497882 ], [ 22.982683, 40.498608 ], [ 22.982519, 40.499083 ], [ 22.982233, 40.499438 ], [ 22.98215, 40.499759 ], [ 22.982146, 40.501058 ], [ 22.982172, 40.503502 ], [ 22.982057, 40.504883 ], [ 22.982012, 40.505801 ], [ 22.98229, 40.509104 ], [ 22.981927, 40.509327 ], [ 22.981471, 40.509538 ], [ 22.98098, 40.510046 ], [ 22.977335, 40.507302 ], [ 22.974514, 40.505567 ], [ 22.9745, 40.505127 ], [ 22.975254, 40.504081 ], [ 22.974636, 40.502625 ], [ 22.974697, 40.502022 ], [ 22.977148, 40.498902 ], [ 22.977473, 40.498219 ], [ 22.981955, 40.495275 ], [ 22.981888, 40.494716 ], [ 22.980786, 40.492579 ], [ 22.978492, 40.492511 ], [ 22.976396, 40.492922 ], [ 22.97535, 40.493654 ], [ 22.974151, 40.494879 ], [ 22.971716, 40.49853 ], [ 22.970954, 40.499085 ], [ 22.968415, 40.500256 ], [ 22.963028, 40.503444 ], [ 22.959428, 40.504788 ], [ 22.966361, 40.506564 ], [ 22.966841, 40.507216 ], [ 22.966094, 40.509133 ], [ 22.965682, 40.509515 ], [ 22.964018, 40.509661 ], [ 22.956031, 40.509242 ], [ 22.955401, 40.510016 ], [ 22.954558, 40.510512 ], [ 22.953361, 40.51071 ], [ 22.954026, 40.5114 ], [ 22.95312, 40.511932 ], [ 22.952656, 40.512169 ], [ 22.952652, 40.512416 ], [ 22.952557, 40.512519 ], [ 22.952508, 40.512659 ], [ 22.952406, 40.512902 ], [ 22.952294, 40.513101 ], [ 22.952241, 40.513267 ], [ 22.952149, 40.513401 ], [ 22.952022, 40.513533 ], [ 22.951929, 40.513711 ], [ 22.951867, 40.513931 ], [ 22.951716, 40.514335 ], [ 22.951595, 40.514635 ], [ 22.951471, 40.51481 ], [ 22.951349, 40.514883 ], [ 22.951296, 40.514993 ], [ 22.951214, 40.515269 ], [ 22.9511, 40.515346 ], [ 22.950908, 40.515594 ], [ 22.950622, 40.515901 ], [ 22.95044, 40.516108 ], [ 22.95038, 40.516143 ], [ 22.9502, 40.516222 ], [ 22.950011, 40.516533 ], [ 22.949616, 40.516604 ], [ 22.94931, 40.516682 ], [ 22.949117, 40.516793 ], [ 22.948955, 40.516902 ], [ 22.948789, 40.517068 ], [ 22.948641, 40.517278 ], [ 22.948593, 40.517605 ], [ 22.948509, 40.517712 ], [ 22.948286, 40.517775 ], [ 22.947591, 40.517784 ], [ 22.946793, 40.518181 ], [ 22.951593, 40.5205 ], [ 22.952229, 40.521549 ], [ 22.945767, 40.522103 ], [ 22.9462, 40.525481 ], [ 22.946375, 40.526653 ], [ 22.955227, 40.525011 ], [ 22.95897, 40.524497 ], [ 22.964918, 40.528256 ], [ 22.96464, 40.530848 ], [ 22.969289, 40.53151 ], [ 22.971474, 40.533099 ], [ 22.973774, 40.535011 ], [ 22.977161, 40.538517 ], [ 22.97813, 40.539891 ], [ 22.980278, 40.538732 ], [ 22.980407, 40.538671 ], [ 22.98105, 40.539175 ], [ 22.984458, 40.539113 ], [ 22.984467, 40.539122 ], [ 22.984797, 40.539114 ], [ 22.985283, 40.539099 ], [ 22.986222, 40.539087 ], [ 22.98625, 40.539097 ], [ 22.986834, 40.539092 ], [ 22.987126, 40.5391 ], [ 22.988162, 40.539148 ], [ 22.988488, 40.53912 ], [ 22.989234, 40.53906 ], [ 22.989964, 40.539044 ], [ 22.990545, 40.539033 ], [ 22.990956, 40.539187 ], [ 22.991045, 40.539228 ], [ 22.991019, 40.539602 ], [ 22.990932, 40.540686 ], [ 22.990849, 40.541571 ], [ 22.990798, 40.542184 ], [ 22.99073, 40.543182 ], [ 22.99065, 40.543561 ], [ 22.990699, 40.5437 ], [ 22.990855, 40.543916 ], [ 22.991201, 40.54427 ], [ 22.991304, 40.544387 ], [ 22.991317, 40.544517 ], [ 22.991319, 40.54455 ], [ 22.991343, 40.544806 ], [ 22.991514, 40.545874 ], [ 22.992965, 40.54604 ], [ 22.99333, 40.546083 ], [ 22.993573, 40.546112 ], [ 22.993619, 40.546155 ], [ 22.993765, 40.546296 ], [ 22.993871, 40.546408 ], [ 22.993914, 40.546458 ], [ 22.993929, 40.546477 ], [ 22.99404, 40.546603 ], [ 22.994186, 40.546768 ], [ 22.994246, 40.546853 ], [ 22.994313, 40.546941 ], [ 22.994425, 40.547093 ], [ 22.994436, 40.54715 ], [ 22.994485, 40.547381 ], [ 22.99451, 40.547498 ], [ 22.994524, 40.547615 ], [ 22.99455, 40.547835 ], [ 22.994582, 40.5481 ], [ 22.994612, 40.548364 ], [ 22.994644, 40.548625 ], [ 22.994655, 40.54875 ], [ 22.9949, 40.548859 ], [ 22.995156, 40.548962 ], [ 22.995501, 40.549104 ], [ 22.995634, 40.549191 ], [ 22.995298, 40.549696 ], [ 22.995079, 40.550054 ], [ 22.995055, 40.550079 ], [ 22.994819, 40.550339 ], [ 22.994823, 40.550391 ], [ 22.994859, 40.550792 ], [ 22.99489, 40.551118 ], [ 22.994817, 40.551226 ], [ 22.994562, 40.551604 ], [ 22.994321, 40.551955 ], [ 22.994417, 40.552362 ], [ 22.994555, 40.553591 ], [ 22.994632, 40.553878 ], [ 22.994851, 40.554266 ], [ 22.995019, 40.554215 ], [ 22.995074, 40.554194 ], [ 22.995392, 40.554676 ], [ 22.995859, 40.555417 ], [ 22.996105, 40.555726 ], [ 22.996475, 40.555837 ], [ 22.99691, 40.555984 ], [ 22.997414, 40.556155 ], [ 22.997581, 40.55629 ], [ 22.997556, 40.556673 ], [ 22.997473, 40.556992 ], [ 22.996867, 40.557623 ], [ 22.996679, 40.557836 ], [ 22.995966, 40.5587 ], [ 22.994998, 40.559943 ], [ 22.994155, 40.561118 ], [ 22.99385, 40.561635 ], [ 22.99328, 40.562764 ], [ 22.993051, 40.563267 ], [ 22.992904, 40.563919 ], [ 22.992822, 40.564159 ], [ 22.992587, 40.564615 ], [ 22.992395, 40.564957 ], [ 22.992287, 40.56516 ], [ 22.992416, 40.565209 ], [ 22.993361, 40.565679 ], [ 22.994671, 40.566336 ], [ 22.995238, 40.566653 ], [ 22.995541, 40.566878 ], [ 22.995624, 40.566975 ], [ 22.995924, 40.567073 ], [ 22.996184, 40.567321 ], [ 22.996419, 40.567524 ], [ 22.996696, 40.567297 ], [ 22.997024, 40.567382 ], [ 22.997245, 40.567449 ], [ 22.997653, 40.567644 ], [ 22.997784, 40.567666 ], [ 22.998105, 40.567708 ], [ 22.998229, 40.567673 ], [ 22.998249, 40.567603 ], [ 22.998328, 40.567631 ], [ 22.99873, 40.567749 ], [ 22.999045, 40.567802 ], [ 22.99926, 40.567841 ], [ 22.999879, 40.567924 ], [ 23.000299, 40.567983 ], [ 23.000606, 40.568044 ], [ 23.001151, 40.568148 ], [ 23.001151, 40.5687 ], [ 23.00113, 40.569054 ], [ 23.002625, 40.569061 ], [ 23.003258, 40.569048 ], [ 23.003374, 40.569023 ], [ 23.003613, 40.56903 ], [ 23.003549, 40.569342 ], [ 23.003475, 40.569883 ], [ 23.003517, 40.570548 ], [ 23.004002, 40.570489 ], [ 23.004578, 40.570414 ], [ 23.004636, 40.570403 ], [ 23.004838, 40.570363 ], [ 23.005151, 40.570172 ], [ 23.00566, 40.569601 ], [ 23.006078, 40.569228 ], [ 23.006544, 40.568879 ], [ 23.007804, 40.568037 ], [ 23.008381, 40.567668 ], [ 23.009042, 40.567352 ], [ 23.0098, 40.567058 ], [ 23.010622, 40.566622 ], [ 23.011069, 40.566418 ], [ 23.01208, 40.566096 ], [ 23.01299, 40.565646 ], [ 23.013122, 40.565607 ], [ 23.013308, 40.565589 ], [ 23.013805, 40.565517 ], [ 23.014064, 40.565354 ], [ 23.014223, 40.565191 ], [ 23.014546, 40.564844 ], [ 23.015177, 40.564441 ], [ 23.015509, 40.564184 ], [ 23.015731, 40.563886 ], [ 23.016003, 40.56356 ], [ 23.016604, 40.563129 ], [ 23.016778, 40.563033 ], [ 23.017054, 40.562942 ], [ 23.017495, 40.562914 ], [ 23.018026, 40.562926 ], [ 23.018359, 40.562926 ], [ 23.018698, 40.562816 ], [ 23.019273, 40.562527 ], [ 23.019557, 40.56231 ], [ 23.019809, 40.562109 ], [ 23.020145, 40.561931 ], [ 23.020451, 40.561777 ], [ 23.020687, 40.56169 ], [ 23.020784, 40.56164 ], [ 23.020831, 40.561591 ], [ 23.021124, 40.56129 ], [ 23.021272, 40.561179 ], [ 23.02196, 40.560723 ], [ 23.022233, 40.560522 ], [ 23.02234, 40.560451 ], [ 23.022384, 40.560526 ], [ 23.022584, 40.560811 ], [ 23.023357, 40.561873 ], [ 23.023692, 40.562301 ], [ 23.024515, 40.562016 ], [ 23.025273, 40.561768 ], [ 23.025459, 40.561942 ], [ 23.02609, 40.561759 ], [ 23.026988, 40.561521 ], [ 23.027035, 40.561591 ], [ 23.027227, 40.561528 ], [ 23.027893, 40.561351 ], [ 23.027936, 40.561318 ], [ 23.027927, 40.561163 ], [ 23.027919, 40.560944 ], [ 23.027844, 40.560747 ], [ 23.027899, 40.560659 ], [ 23.028106, 40.560482 ], [ 23.028139, 40.56022 ], [ 23.028108, 40.559995 ], [ 23.02807, 40.559862 ], [ 23.028196, 40.559311 ], [ 23.028832, 40.558097 ], [ 23.029306, 40.557333 ], [ 23.02938, 40.556924 ], [ 23.029502, 40.556272 ], [ 23.029502, 40.555867 ], [ 23.029443, 40.555633 ], [ 23.029363, 40.555466 ], [ 23.029316, 40.555075 ], [ 23.02989, 40.554578 ], [ 23.030553, 40.5541 ], [ 23.030959, 40.553859 ], [ 23.031326, 40.553584 ], [ 23.03146, 40.553489 ], [ 23.031503, 40.553417 ], [ 23.031567, 40.553247 ], [ 23.031732, 40.552879 ], [ 23.031849, 40.552576 ], [ 23.031878, 40.552418 ], [ 23.031894, 40.552297 ], [ 23.032226, 40.552315 ], [ 23.032207, 40.552356 ], [ 23.032188, 40.552488 ], [ 23.032067, 40.55279 ], [ 23.032133, 40.552941 ], [ 23.03219, 40.553006 ], [ 23.032335, 40.553067 ], [ 23.032535, 40.553141 ], [ 23.033125, 40.553312 ], [ 23.033347, 40.553374 ], [ 23.03362, 40.553524 ], [ 23.033717, 40.553706 ], [ 23.033712, 40.553911 ], [ 23.033423, 40.554374 ], [ 23.033355, 40.554496 ], [ 23.03351, 40.554541 ], [ 23.033615, 40.554564 ], [ 23.03359, 40.554694 ], [ 23.033666, 40.555085 ], [ 23.033829, 40.555277 ], [ 23.033941, 40.555366 ], [ 23.034409, 40.555547 ], [ 23.034665, 40.555643 ], [ 23.034748, 40.555754 ], [ 23.034878, 40.555911 ], [ 23.035081, 40.556048 ], [ 23.035318, 40.556132 ], [ 23.035629, 40.55623 ], [ 23.035795, 40.556314 ], [ 23.035843, 40.556495 ], [ 23.035951, 40.55698 ], [ 23.035984, 40.557059 ], [ 23.03612, 40.557192 ], [ 23.036249, 40.557288 ], [ 23.036503, 40.557492 ], [ 23.036772, 40.557565 ], [ 23.036922, 40.557597 ], [ 23.037055, 40.557693 ], [ 23.037313, 40.55784 ], [ 23.037611, 40.558007 ], [ 23.037818, 40.558207 ], [ 23.038007, 40.558443 ], [ 23.038151, 40.558681 ], [ 23.038194, 40.558986 ], [ 23.038219, 40.559179 ], [ 23.03837, 40.55946 ], [ 23.038534, 40.559704 ], [ 23.0387, 40.559841 ], [ 23.03892, 40.560031 ], [ 23.039178, 40.560138 ], [ 23.039264, 40.560244 ], [ 23.03928, 40.560322 ], [ 23.039123, 40.560472 ], [ 23.038817, 40.560711 ], [ 23.038671, 40.560779 ], [ 23.038625, 40.560864 ], [ 23.038646, 40.56096 ], [ 23.039027, 40.561432 ], [ 23.039239, 40.561641 ], [ 23.039452, 40.561775 ], [ 23.039602, 40.561822 ], [ 23.039832, 40.561816 ], [ 23.040091, 40.561851 ], [ 23.040108, 40.561897 ], [ 23.040112, 40.561967 ], [ 23.039826, 40.562243 ], [ 23.039781, 40.562397 ], [ 23.039931, 40.56254 ], [ 23.040767, 40.562876 ], [ 23.040722, 40.563019 ], [ 23.040241, 40.563444 ], [ 23.040341, 40.56362 ], [ 23.041091, 40.564172 ], [ 23.04153, 40.564362 ], [ 23.041565, 40.564409 ], [ 23.041413, 40.564688 ], [ 23.041599, 40.565008 ], [ 23.041785, 40.565476 ], [ 23.042277, 40.565682 ], [ 23.042617, 40.565691 ], [ 23.042882, 40.565676 ], [ 23.043073, 40.565598 ], [ 23.043363, 40.565281 ], [ 23.043554, 40.564989 ], [ 23.043685, 40.564954 ], [ 23.043939, 40.564989 ], [ 23.044106, 40.565026 ], [ 23.044412, 40.564968 ], [ 23.044664, 40.564865 ], [ 23.044864, 40.564819 ], [ 23.045117, 40.564815 ], [ 23.045337, 40.564852 ], [ 23.045624, 40.565192 ], [ 23.04581, 40.565521 ], [ 23.047379, 40.574805 ], [ 23.048753, 40.578177 ], [ 23.049441, 40.579264 ], [ 23.050382, 40.579578 ], [ 23.052268, 40.578965 ], [ 23.053433, 40.578974 ], [ 23.060349, 40.584559 ], [ 23.061638, 40.585978 ], [ 23.061759, 40.586794 ], [ 23.063145, 40.586959 ], [ 23.068307, 40.586714 ], [ 23.085846, 40.585365 ], [ 23.092076, 40.58439 ], [ 23.097234, 40.583119 ], [ 23.104645, 40.580828 ] ] ] ] } },
{ "type": "Feature", "properties": { "MunUnits": "070602", "OID_1": 72, "CODE": "070602", "NAME_GR": "ΔΗΜΟΤΙΚΗ ΕΝΟΤΗΤΑ ΒΑΣΙΛΙΚΩΝ", "NAME_ENG": "Municipal Unit of Vassilika", "Shape_Leng": 81886.981739299998, "Shape_Area": 200576952.722, "zone": "Metropolitan" }, "geometry": { "type": "MultiPolygon", "coordinates": [ [ [ [ 23.211469, 40.570409 ], [ 23.223471, 40.567982 ], [ 23.227844, 40.566815 ], [ 23.233523, 40.564645 ], [ 23.236116, 40.563291 ], [ 23.235507, 40.558828 ], [ 23.233879, 40.556259 ], [ 23.233652, 40.555198 ], [ 23.236231, 40.553944 ], [ 23.240671, 40.550192 ], [ 23.2416, 40.549215 ], [ 23.244093, 40.543247 ], [ 23.245876, 40.541151 ], [ 23.247198, 40.53884 ], [ 23.249123, 40.536641 ], [ 23.249923, 40.535313 ], [ 23.250113, 40.534199 ], [ 23.249916, 40.532729 ], [ 23.250359, 40.531398 ], [ 23.250255, 40.529965 ], [ 23.249791, 40.52956 ], [ 23.248895, 40.52932 ], [ 23.248084, 40.52879 ], [ 23.247559, 40.527907 ], [ 23.247074, 40.52621 ], [ 23.247195, 40.523523 ], [ 23.246917, 40.521784 ], [ 23.244371, 40.517623 ], [ 23.244216, 40.517066 ], [ 23.245697, 40.514334 ], [ 23.247954, 40.508922 ], [ 23.248813, 40.504644 ], [ 23.248254, 40.502436 ], [ 23.244821, 40.503775 ], [ 23.242497, 40.503902 ], [ 23.237525, 40.501767 ], [ 23.234427, 40.500986 ], [ 23.228942, 40.50107 ], [ 23.22589, 40.500762 ], [ 23.224376, 40.500114 ], [ 23.222995, 40.498788 ], [ 23.220221, 40.49828 ], [ 23.215038, 40.497852 ], [ 23.211032, 40.498122 ], [ 23.204906, 40.497441 ], [ 23.200415, 40.497491 ], [ 23.196216, 40.496973 ], [ 23.191988, 40.495937 ], [ 23.187446, 40.494245 ], [ 23.183504, 40.493156 ], [ 23.175481, 40.488863 ], [ 23.179332, 40.484967 ], [ 23.181537, 40.481686 ], [ 23.182033, 40.479978 ], [ 23.181949, 40.478567 ], [ 23.179156, 40.476351 ], [ 23.176611, 40.475771 ], [ 23.173636, 40.475874 ], [ 23.170327, 40.47673 ], [ 23.166606, 40.478516 ], [ 23.160813, 40.480843 ], [ 23.160183, 40.480001 ], [ 23.15914, 40.479192 ], [ 23.159332, 40.478338 ], [ 23.158134, 40.476585 ], [ 23.157002, 40.475374 ], [ 23.156298, 40.473937 ], [ 23.157128, 40.471889 ], [ 23.159655, 40.467972 ], [ 23.160483, 40.465642 ], [ 23.160549, 40.464745 ], [ 23.160232, 40.464017 ], [ 23.15873, 40.462531 ], [ 23.157508, 40.460648 ], [ 23.158495, 40.45654 ], [ 23.158632, 40.454137 ], [ 23.158398, 40.452766 ], [ 23.15784, 40.451271 ], [ 23.157146, 40.450236 ], [ 23.159089, 40.448578 ], [ 23.160302, 40.446253 ], [ 23.162286, 40.440928 ], [ 23.162315, 40.439153 ], [ 23.161877, 40.436714 ], [ 23.163798, 40.43276 ], [ 23.164909, 40.431417 ], [ 23.165702, 40.430713 ], [ 23.170215, 40.428777 ], [ 23.17281, 40.427082 ], [ 23.176838, 40.422384 ], [ 23.176372, 40.422065 ], [ 23.174747, 40.421843 ], [ 23.173884, 40.421497 ], [ 23.169806, 40.419464 ], [ 23.167952, 40.418917 ], [ 23.162207, 40.418375 ], [ 23.160351, 40.418006 ], [ 23.158314, 40.416811 ], [ 23.157109, 40.415073 ], [ 23.156578, 40.413598 ], [ 23.156015, 40.412948 ], [ 23.154124, 40.41198 ], [ 23.153307, 40.411393 ], [ 23.152788, 40.410661 ], [ 23.152059, 40.408086 ], [ 23.151866, 40.404885 ], [ 23.151135, 40.402487 ], [ 23.150558, 40.401352 ], [ 23.14895, 40.399724 ], [ 23.14721, 40.398612 ], [ 23.14238, 40.396071 ], [ 23.138833, 40.393897 ], [ 23.136766, 40.392053 ], [ 23.130333, 40.384344 ], [ 23.125534, 40.379556 ], [ 23.12369, 40.378281 ], [ 23.122627, 40.377174 ], [ 23.122256, 40.376444 ], [ 23.121281, 40.37175 ], [ 23.121076, 40.367252 ], [ 23.119106, 40.367442 ], [ 23.115745, 40.368597 ], [ 23.113832, 40.369859 ], [ 23.11235, 40.371557 ], [ 23.109279, 40.376989 ], [ 23.108592, 40.379676 ], [ 23.108204, 40.384778 ], [ 23.107655, 40.386154 ], [ 23.107157, 40.386738 ], [ 23.105355, 40.387947 ], [ 23.102714, 40.388618 ], [ 23.087075, 40.385477 ], [ 23.087556, 40.386916 ], [ 23.089604, 40.390949 ], [ 23.090154, 40.392606 ], [ 23.090188, 40.393365 ], [ 23.08898, 40.395103 ], [ 23.086853, 40.396936 ], [ 23.084593, 40.400106 ], [ 23.080665, 40.407131 ], [ 23.077691, 40.409891 ], [ 23.074068, 40.41567 ], [ 23.072971, 40.418052 ], [ 23.070885, 40.421339 ], [ 23.070431, 40.422565 ], [ 23.070456, 40.423142 ], [ 23.071424, 40.42355 ], [ 23.076943, 40.422652 ], [ 23.080579, 40.422999 ], [ 23.083401, 40.424587 ], [ 23.083386, 40.425206 ], [ 23.082968, 40.425636 ], [ 23.082158, 40.425844 ], [ 23.07864, 40.42641 ], [ 23.074396, 40.428383 ], [ 23.072386, 40.428645 ], [ 23.064986, 40.428834 ], [ 23.062072, 40.429824 ], [ 23.059506, 40.431481 ], [ 23.058262, 40.431855 ], [ 23.057262, 40.432801 ], [ 23.054336, 40.434243 ], [ 23.053672, 40.4348 ], [ 23.053202, 40.435641 ], [ 23.052695, 40.438123 ], [ 23.0516, 40.43906 ], [ 23.053132, 40.440773 ], [ 23.054212, 40.442395 ], [ 23.055054, 40.444385 ], [ 23.056294, 40.446459 ], [ 23.06018, 40.453914 ], [ 23.061306, 40.456391 ], [ 23.061046, 40.456857 ], [ 23.058914, 40.455685 ], [ 23.057322, 40.455267 ], [ 23.056126, 40.455212 ], [ 23.054559, 40.45575 ], [ 23.053245, 40.45701 ], [ 23.051522, 40.45934 ], [ 23.049022, 40.462175 ], [ 23.048659, 40.463632 ], [ 23.048279, 40.46421 ], [ 23.047287, 40.465117 ], [ 23.044869, 40.466706 ], [ 23.043563, 40.469443 ], [ 23.04268, 40.4698 ], [ 23.0377, 40.470712 ], [ 23.035129, 40.471721 ], [ 23.033631, 40.472658 ], [ 23.029962, 40.47613 ], [ 23.029201, 40.478388 ], [ 23.029069, 40.481315 ], [ 23.029781, 40.487423 ], [ 23.030246, 40.48784 ], [ 23.030945, 40.487799 ], [ 23.032602, 40.486188 ], [ 23.033644, 40.485767 ], [ 23.034749, 40.485887 ], [ 23.036535, 40.486839 ], [ 23.037315, 40.487686 ], [ 23.038307, 40.490786 ], [ 23.038264, 40.492093 ], [ 23.037672, 40.493895 ], [ 23.038617, 40.494176 ], [ 23.042898, 40.494366 ], [ 23.043994, 40.494618 ], [ 23.04522, 40.497987 ], [ 23.046716, 40.499794 ], [ 23.047284, 40.501087 ], [ 23.047395, 40.503305 ], [ 23.046663, 40.505128 ], [ 23.046661, 40.505634 ], [ 23.048199, 40.50685 ], [ 23.049499, 40.508317 ], [ 23.050773, 40.509214 ], [ 23.051808, 40.509634 ], [ 23.053199, 40.509689 ], [ 23.060066, 40.506573 ], [ 23.060754, 40.506457 ], [ 23.075304, 40.51653 ], [ 23.077218, 40.518151 ], [ 23.078786, 40.520428 ], [ 23.081466, 40.521859 ], [ 23.082192, 40.522547 ], [ 23.083164, 40.523816 ], [ 23.082875, 40.526489 ], [ 23.083175, 40.527902 ], [ 23.084793, 40.531405 ], [ 23.088714, 40.538298 ], [ 23.089378, 40.540312 ], [ 23.090118, 40.54471 ], [ 23.091592, 40.543722 ], [ 23.094053, 40.540717 ], [ 23.094971, 40.540303 ], [ 23.097746, 40.540415 ], [ 23.103864, 40.542129 ], [ 23.105519, 40.541864 ], [ 23.107114, 40.540752 ], [ 23.111884, 40.536443 ], [ 23.1174, 40.532015 ], [ 23.120051, 40.530165 ], [ 23.121314, 40.529584 ], [ 23.121788, 40.530687 ], [ 23.123846, 40.532287 ], [ 23.125185, 40.533046 ], [ 23.128274, 40.534298 ], [ 23.132158, 40.535211 ], [ 23.136976, 40.535731 ], [ 23.139977, 40.53576 ], [ 23.141379, 40.535588 ], [ 23.143466, 40.535685 ], [ 23.144469, 40.536134 ], [ 23.145337, 40.536915 ], [ 23.146473, 40.538488 ], [ 23.148923, 40.543419 ], [ 23.149904, 40.547044 ], [ 23.151049, 40.548807 ], [ 23.15182, 40.549461 ], [ 23.153775, 40.5504 ], [ 23.154344, 40.551369 ], [ 23.154881, 40.553722 ], [ 23.157211, 40.55984 ], [ 23.156797, 40.561781 ], [ 23.156997, 40.562727 ], [ 23.159759, 40.567871 ], [ 23.160741, 40.570489 ], [ 23.162906, 40.572934 ], [ 23.16515, 40.574845 ], [ 23.165908, 40.574681 ], [ 23.166633, 40.57421 ], [ 23.169417, 40.571848 ], [ 23.17156, 40.570396 ], [ 23.17574, 40.569199 ], [ 23.178844, 40.569024 ], [ 23.183725, 40.569212 ], [ 23.188248, 40.568865 ], [ 23.193602, 40.569262 ], [ 23.194301, 40.570863 ], [ 23.197041, 40.575067 ], [ 23.198173, 40.576338 ], [ 23.200303, 40.574388 ], [ 23.203235, 40.572462 ], [ 23.211469, 40.570409 ] ] ] ] } },
{ "type": "Feature", "properties": { "MunUnits": "070603", "OID_1": 73, "CODE": "070603", "NAME_GR": "ΔΗΜΟΤΙΚΗ ΕΝΟΤΗΤΑ ΜΙΚΡΑΣ", "NAME_ENG": "Municipal Unit of Mikra", "Shape_Leng": 68698.218424799998, "Shape_Area": 79234047.055700004, "zone": "Metropolitan" }, "geometry": { "type": "MultiPolygon", "coordinates": [ [ [ [ 22.956031, 40.509242 ], [ 22.958849, 40.505233 ], [ 22.959428, 40.504788 ], [ 22.963028, 40.503444 ], [ 22.968415, 40.500256 ], [ 22.970954, 40.499085 ], [ 22.971716, 40.49853 ], [ 22.974151, 40.494879 ], [ 22.97535, 40.493654 ], [ 22.976396, 40.492922 ], [ 22.978492, 40.492511 ], [ 22.980786, 40.492579 ], [ 22.981888, 40.494716 ], [ 22.981955, 40.495275 ], [ 22.977473, 40.498219 ], [ 22.977148, 40.498902 ], [ 22.974697, 40.502022 ], [ 22.974636, 40.502625 ], [ 22.975254, 40.504081 ], [ 22.9745, 40.505127 ], [ 22.974514, 40.505567 ], [ 22.977335, 40.507302 ], [ 22.98098, 40.510046 ], [ 22.981471, 40.509538 ], [ 22.981927, 40.509327 ], [ 22.98229, 40.509104 ], [ 22.982012, 40.505801 ], [ 22.982057, 40.504883 ], [ 22.982172, 40.503502 ], [ 22.982146, 40.501058 ], [ 22.98215, 40.499759 ], [ 22.982233, 40.499438 ], [ 22.982519, 40.499083 ], [ 22.982683, 40.498608 ], [ 22.98274, 40.497882 ], [ 22.983044, 40.497443 ], [ 22.983208, 40.496932 ], [ 22.983941, 40.494853 ], [ 22.984653, 40.493215 ], [ 22.985182, 40.492266 ], [ 22.98613, 40.490487 ], [ 22.987092, 40.487802 ], [ 22.987585, 40.487186 ], [ 22.988099, 40.487215 ], [ 22.988086, 40.488145 ], [ 22.988347, 40.488082 ], [ 22.996338, 40.488182 ], [ 22.996987, 40.488551 ], [ 22.99744, 40.489168 ], [ 22.998232, 40.490873 ], [ 22.998809, 40.490995 ], [ 22.999657, 40.492771 ], [ 23.000621, 40.493511 ], [ 23.001879, 40.493695 ], [ 23.002538, 40.495282 ], [ 23.003088, 40.495438 ], [ 23.004734, 40.494991 ], [ 23.00703, 40.494866 ], [ 23.006667, 40.493175 ], [ 23.008109, 40.490452 ], [ 23.00885, 40.488339 ], [ 23.01033, 40.485694 ], [ 23.010541, 40.482559 ], [ 23.011517, 40.47947 ], [ 23.011533, 40.477548 ], [ 23.010631, 40.474602 ], [ 23.010609, 40.473887 ], [ 23.010187, 40.471495 ], [ 23.01036, 40.469896 ], [ 23.01077, 40.468813 ], [ 23.017008, 40.462075 ], [ 23.017892, 40.46059 ], [ 23.019135, 40.457462 ], [ 23.019674, 40.457101 ], [ 23.020438, 40.45708 ], [ 23.022589, 40.458172 ], [ 23.023399, 40.458182 ], [ 23.023789, 40.457738 ], [ 23.024879, 40.45488 ], [ 23.02547, 40.454292 ], [ 23.026713, 40.453873 ], [ 23.032583, 40.459354 ], [ 23.036411, 40.461966 ], [ 23.038334, 40.462326 ], [ 23.039887, 40.461973 ], [ 23.040619, 40.460721 ], [ 23.040972, 40.45859 ], [ 23.04032, 40.452881 ], [ 23.041244, 40.448782 ], [ 23.04192, 40.447252 ], [ 23.042517, 40.446491 ], [ 23.043884, 40.445512 ], [ 23.04631, 40.444438 ], [ 23.049963, 40.443968 ], [ 23.050915, 40.444143 ], [ 23.052259, 40.445356 ], [ 23.053872, 40.445717 ], [ 23.055034, 40.446622 ], [ 23.055327, 40.446733 ], [ 23.056294, 40.446459 ], [ 23.055054, 40.444385 ], [ 23.054212, 40.442395 ], [ 23.053132, 40.440773 ], [ 23.0516, 40.43906 ], [ 23.052695, 40.438123 ], [ 23.053202, 40.435641 ], [ 23.053672, 40.4348 ], [ 23.054336, 40.434243 ], [ 23.057262, 40.432801 ], [ 23.058262, 40.431855 ], [ 23.057984, 40.43157 ], [ 23.057957, 40.43113 ], [ 23.060609, 40.425842 ], [ 23.062333, 40.420534 ], [ 23.062416, 40.41859 ], [ 23.062034, 40.417946 ], [ 23.061202, 40.41759 ], [ 23.053692, 40.416555 ], [ 23.052776, 40.416231 ], [ 23.052343, 40.415851 ], [ 23.052107, 40.411944 ], [ 23.051821, 40.410382 ], [ 23.049705, 40.405726 ], [ 23.049306, 40.404078 ], [ 23.049182, 40.401233 ], [ 23.04866, 40.399694 ], [ 23.048121, 40.399087 ], [ 23.043804, 40.39794 ], [ 23.040683, 40.39641 ], [ 23.038171, 40.395577 ], [ 23.032775, 40.39444 ], [ 23.029282, 40.394582 ], [ 23.028593, 40.394202 ], [ 23.028416, 40.39152 ], [ 23.028726, 40.389891 ], [ 23.028716, 40.388057 ], [ 23.028358, 40.383855 ], [ 23.028457, 40.38049 ], [ 23.028082, 40.377334 ], [ 23.027134, 40.374534 ], [ 23.02322, 40.375922 ], [ 23.020796, 40.376195 ], [ 23.015575, 40.377238 ], [ 23.012594, 40.377464 ], [ 23.009258, 40.377136 ], [ 23.007436, 40.377193 ], [ 23.006513, 40.377999 ], [ 23.005721, 40.379883 ], [ 23.003657, 40.381686 ], [ 23.003049, 40.382394 ], [ 23.002599, 40.383421 ], [ 23.004405, 40.38491 ], [ 23.008153, 40.386255 ], [ 23.009586, 40.386348 ], [ 23.013656, 40.385713 ], [ 23.014322, 40.386335 ], [ 23.014171, 40.392559 ], [ 23.014509, 40.39567 ], [ 23.016284, 40.397811 ], [ 23.017317, 40.399441 ], [ 23.017839, 40.400914 ], [ 23.018379, 40.403977 ], [ 23.018396, 40.404873 ], [ 23.017835, 40.40711 ], [ 23.016528, 40.410348 ], [ 23.013633, 40.420581 ], [ 23.012975, 40.423724 ], [ 23.012793, 40.427191 ], [ 23.011666, 40.42801 ], [ 23.009337, 40.428909 ], [ 23.00898, 40.42922 ], [ 23.008754, 40.430567 ], [ 23.008662, 40.434861 ], [ 23.008382, 40.436027 ], [ 23.006707, 40.437084 ], [ 23.006349, 40.43803 ], [ 23.006388, 40.444425 ], [ 23.006154, 40.444871 ], [ 23.005082, 40.445574 ], [ 23.004654, 40.447215 ], [ 23.004193, 40.447957 ], [ 23.003126, 40.447556 ], [ 22.999752, 40.445179 ], [ 22.999147, 40.445141 ], [ 22.996878, 40.442903 ], [ 22.995513, 40.440893 ], [ 22.994467, 40.440401 ], [ 22.993458, 40.440152 ], [ 22.992908, 40.440247 ], [ 22.99287, 40.439918 ], [ 22.993028, 40.438727 ], [ 22.99367, 40.43734 ], [ 22.995872, 40.434584 ], [ 22.997733, 40.431249 ], [ 22.998049, 40.430278 ], [ 22.998101, 40.428912 ], [ 22.997764, 40.427498 ], [ 22.996894, 40.425599 ], [ 22.99212, 40.418856 ], [ 22.989506, 40.413508 ], [ 22.985752, 40.407119 ], [ 22.985799, 40.406667 ], [ 22.986177, 40.406294 ], [ 22.990461, 40.40362 ], [ 22.991003, 40.402831 ], [ 22.983435, 40.401723 ], [ 22.977142, 40.40112 ], [ 22.968143, 40.400528 ], [ 22.965044, 40.400542 ], [ 22.967566, 40.408074 ], [ 22.969165, 40.410926 ], [ 22.969246, 40.412811 ], [ 22.970062, 40.414396 ], [ 22.970267, 40.415927 ], [ 22.971839, 40.417877 ], [ 22.972028, 40.41839 ], [ 22.971896, 40.419003 ], [ 22.97137, 40.419307 ], [ 22.97066, 40.419334 ], [ 22.964045, 40.417934 ], [ 22.960701, 40.417632 ], [ 22.958842, 40.417833 ], [ 22.95761, 40.418521 ], [ 22.957162, 40.41932 ], [ 22.956858, 40.421285 ], [ 22.95706, 40.422491 ], [ 22.957853, 40.424593 ], [ 22.957747, 40.425148 ], [ 22.957053, 40.42571 ], [ 22.953895, 40.425661 ], [ 22.953324, 40.425848 ], [ 22.952935, 40.426244 ], [ 22.949991, 40.437135 ], [ 22.94997, 40.437639 ], [ 22.950229, 40.43795 ], [ 22.953141, 40.439006 ], [ 22.953623, 40.43944 ], [ 22.953836, 40.439969 ], [ 22.953404, 40.442465 ], [ 22.952373, 40.445029 ], [ 22.95039, 40.448635 ], [ 22.949774, 40.449412 ], [ 22.947859, 40.449345 ], [ 22.94595, 40.450044 ], [ 22.944314, 40.449108 ], [ 22.941957, 40.449812 ], [ 22.939559, 40.448895 ], [ 22.939205, 40.449183 ], [ 22.938466, 40.451484 ], [ 22.937674, 40.452414 ], [ 22.934992, 40.45397 ], [ 22.931352, 40.456702 ], [ 22.928425, 40.458465 ], [ 22.928674, 40.459513 ], [ 22.928356, 40.460069 ], [ 22.924818, 40.462655 ], [ 22.923588, 40.464248 ], [ 22.922671, 40.466133 ], [ 22.922341, 40.467523 ], [ 22.922486, 40.468101 ], [ 22.923045, 40.4683 ], [ 22.925948, 40.468007 ], [ 22.927908, 40.468163 ], [ 22.928863, 40.468505 ], [ 22.930772, 40.469816 ], [ 22.931398, 40.469981 ], [ 22.934088, 40.469888 ], [ 22.938773, 40.470197 ], [ 22.938394, 40.470843 ], [ 22.937512, 40.47366 ], [ 22.934731, 40.480016 ], [ 22.934077, 40.482708 ], [ 22.933471, 40.487332 ], [ 22.933435, 40.488779 ], [ 22.933712, 40.490339 ], [ 22.934293, 40.490921 ], [ 22.935825, 40.491572 ], [ 22.936358, 40.49201 ], [ 22.936904, 40.493003 ], [ 22.937071, 40.494004 ], [ 22.936964, 40.495708 ], [ 22.936208, 40.498335 ], [ 22.935881, 40.501689 ], [ 22.938345, 40.501183 ], [ 22.938275, 40.501493 ], [ 22.938261, 40.501648 ], [ 22.938313, 40.50178 ], [ 22.938449, 40.501861 ], [ 22.938545, 40.501928 ], [ 22.938584, 40.501976 ], [ 22.938496, 40.502353 ], [ 22.93907, 40.502564 ], [ 22.940109, 40.502982 ], [ 22.940621, 40.50321 ], [ 22.941126, 40.503355 ], [ 22.941891, 40.503633 ], [ 22.942724, 40.503983 ], [ 22.943078, 40.504091 ], [ 22.943879, 40.504271 ], [ 22.944381, 40.504395 ], [ 22.945446, 40.504675 ], [ 22.945659, 40.504749 ], [ 22.94588, 40.504849 ], [ 22.946047, 40.504925 ], [ 22.946272, 40.505002 ], [ 22.946564, 40.505094 ], [ 22.946886, 40.505207 ], [ 22.947192, 40.505329 ], [ 22.947506, 40.505478 ], [ 22.947836, 40.505609 ], [ 22.948104, 40.505692 ], [ 22.94847, 40.50577 ], [ 22.948563, 40.505753 ], [ 22.948855, 40.505836 ], [ 22.949357, 40.505915 ], [ 22.949716, 40.505951 ], [ 22.950223, 40.505961 ], [ 22.950199, 40.506256 ], [ 22.950203, 40.506494 ], [ 22.950174, 40.506864 ], [ 22.950146, 40.507426 ], [ 22.950199, 40.507534 ], [ 22.950227, 40.507725 ], [ 22.950201, 40.50785 ], [ 22.95009, 40.507971 ], [ 22.949983, 40.508113 ], [ 22.950008, 40.508254 ], [ 22.950126, 40.508445 ], [ 22.950378, 40.508772 ], [ 22.950501, 40.508896 ], [ 22.950694, 40.50904 ], [ 22.950914, 40.509191 ], [ 22.951472, 40.509459 ], [ 22.952143, 40.509742 ], [ 22.952357, 40.509824 ], [ 22.952395, 40.509869 ], [ 22.952587, 40.510097 ], [ 22.952764, 40.510254 ], [ 22.952849, 40.510302 ], [ 22.953135, 40.510445 ], [ 22.953259, 40.510553 ], [ 22.953361, 40.51071 ], [ 22.954558, 40.510512 ], [ 22.955401, 40.510016 ], [ 22.956031, 40.509242 ] ] ] ] } },
{ "type": "Feature", "properties": { "MunUnits": "070700", "OID_1": 74, "CODE": "070700", "NAME_GR": "ΔΗΜΟΤΙΚΗ ΕΝΟΤΗΤΑ ΚΑΛΑΜΑΡΙΑΣ", "NAME_ENG": "Municipal Unit of Kalamaria", "Shape_Leng": 14172.180317599999, "Shape_Area": 6875699.7435400002, "zone": "Urban" }, "geometry": { "type": "MultiPolygon", "coordinates": [ [ [ [ 22.955449, 40.590346 ], [ 22.956512, 40.591081 ], [ 22.957554, 40.591887 ], [ 22.958151, 40.59129 ], [ 22.958402, 40.591009 ], [ 22.959161, 40.590161 ], [ 22.959941, 40.589371 ], [ 22.96219, 40.590998 ], [ 22.962592, 40.591276 ], [ 22.963069, 40.590992 ], [ 22.964615, 40.589897 ], [ 22.965797, 40.589026 ], [ 22.967001, 40.588238 ], [ 22.967524, 40.587875 ], [ 22.967818, 40.587688 ], [ 22.968728, 40.587043 ], [ 22.969253, 40.586676 ], [ 22.970059, 40.586283 ], [ 22.970659, 40.586115 ], [ 22.970566, 40.585879 ], [ 22.969894, 40.584829 ], [ 22.969522, 40.583723 ], [ 22.969458, 40.58349 ], [ 22.969248, 40.583326 ], [ 22.968819, 40.58275 ], [ 22.968534, 40.581775 ], [ 22.969423, 40.580105 ], [ 22.970885, 40.578024 ], [ 22.971069, 40.577881 ], [ 22.971353, 40.577705 ], [ 22.97148, 40.57762 ], [ 22.97169, 40.577515 ], [ 22.971824, 40.577424 ], [ 22.972845, 40.576575 ], [ 22.973646, 40.575606 ], [ 22.974212, 40.574312 ], [ 22.975149, 40.57233 ], [ 22.975557, 40.571225 ], [ 22.975715, 40.570047 ], [ 22.97523, 40.569077 ], [ 22.974784, 40.56862 ], [ 22.974071, 40.568221 ], [ 22.97305, 40.567532 ], [ 22.972386, 40.56699 ], [ 22.969897, 40.563056 ], [ 22.968723, 40.561187 ], [ 22.968049, 40.559683 ], [ 22.966548, 40.559833 ], [ 22.966104, 40.560904 ], [ 22.96372, 40.561959 ], [ 22.96158, 40.562022 ], [ 22.960553, 40.56249 ], [ 22.960696, 40.564191 ], [ 22.956362, 40.566639 ], [ 22.954284, 40.56828 ], [ 22.952737, 40.570469 ], [ 22.950024, 40.572991 ], [ 22.948335, 40.571706 ], [ 22.948041, 40.572058 ], [ 22.949155, 40.573257 ], [ 22.94728, 40.574561 ], [ 22.945757, 40.573429 ], [ 22.945171, 40.573821 ], [ 22.946652, 40.574913 ], [ 22.945262, 40.575912 ], [ 22.943739, 40.574837 ], [ 22.943348, 40.57505 ], [ 22.944225, 40.575808 ], [ 22.942835, 40.576445 ], [ 22.941558, 40.577713 ], [ 22.938498, 40.578982 ], [ 22.937451, 40.578364 ], [ 22.936999, 40.578756 ], [ 22.937747, 40.579566 ], [ 22.936677, 40.580315 ], [ 22.93563, 40.579292 ], [ 22.937329, 40.577773 ], [ 22.93682, 40.577281 ], [ 22.934583, 40.579422 ], [ 22.936285, 40.580969 ], [ 22.936261, 40.582052 ], [ 22.93546, 40.583364 ], [ 22.936161, 40.584641 ], [ 22.93696, 40.584888 ], [ 22.937697, 40.586517 ], [ 22.938922, 40.586719 ], [ 22.939611, 40.587777 ], [ 22.941229, 40.588491 ], [ 22.940956, 40.589074 ], [ 22.939446, 40.588236 ], [ 22.939254, 40.588586 ], [ 22.94086, 40.589628 ], [ 22.941777, 40.589014 ], [ 22.942776, 40.589074 ], [ 22.945052, 40.590252 ], [ 22.946665, 40.591683 ], [ 22.947462, 40.590992 ], [ 22.948316, 40.591562 ], [ 22.949182, 40.592197 ], [ 22.950162, 40.592885 ], [ 22.95147, 40.591846 ], [ 22.952727, 40.590802 ], [ 22.953849, 40.589863 ], [ 22.954295, 40.589526 ], [ 22.955449, 40.590346 ] ] ] ] } },
{ "type": "Feature", "properties": { "MunUnits": "070801", "OID_1": 75, "CODE": "070801", "NAME_GR": "ΔΗΜΟΤΙΚΗ ΕΝΟΤΗΤΑ ΕΥΟΣΜΟΥ", "NAME_ENG": "Municipal Unit of Evosmos", "Shape_Leng": 16528.880129599998, "Shape_Area": 8993575.2951999996, "zone": "Urban" }, "geometry": { "type": "MultiPolygon", "coordinates": [ [ [ [ 22.905257, 40.690869 ], [ 22.905968, 40.690796 ], [ 22.906146, 40.69083 ], [ 22.906626, 40.690783 ], [ 22.907361, 40.690693 ], [ 22.908495, 40.690548 ], [ 22.9108, 40.690484 ], [ 22.912908, 40.690439 ], [ 22.913282, 40.690383 ], [ 22.91369, 40.690335 ], [ 22.915798, 40.690293 ], [ 22.917114, 40.690236 ], [ 22.91806, 40.690202 ], [ 22.920798, 40.690099 ], [ 22.923733, 40.690055 ], [ 22.926824, 40.690006 ], [ 22.927385, 40.689987 ], [ 22.927492, 40.689791 ], [ 22.927759, 40.68891 ], [ 22.928033, 40.688197 ], [ 22.928382, 40.6875 ], [ 22.928787, 40.686845 ], [ 22.928951, 40.686611 ], [ 22.929, 40.686483 ], [ 22.929159, 40.6864 ], [ 22.929305, 40.686326 ], [ 22.929462, 40.68627 ], [ 22.929887, 40.686116 ], [ 22.92987, 40.685063 ], [ 22.929945, 40.683714 ], [ 22.929889, 40.683325 ], [ 22.930217, 40.682972 ], [ 22.930462, 40.682652 ], [ 22.931046, 40.682007 ], [ 22.931293, 40.681754 ], [ 22.931516, 40.681289 ], [ 22.931579, 40.680758 ], [ 22.931579, 40.680634 ], [ 22.931601, 40.680497 ], [ 22.931651, 40.68036 ], [ 22.931725, 40.680244 ], [ 22.931857, 40.680009 ], [ 22.931917, 40.679805 ], [ 22.93189, 40.679613 ], [ 22.931938, 40.679331 ], [ 22.931978, 40.679158 ], [ 22.931976, 40.679106 ], [ 22.931962, 40.679047 ], [ 22.931864, 40.678899 ], [ 22.931804, 40.678756 ], [ 22.931861, 40.678497 ], [ 22.931744, 40.678105 ], [ 22.931589, 40.677698 ], [ 22.931577, 40.677531 ], [ 22.931645, 40.677427 ], [ 22.931766, 40.677227 ], [ 22.931563, 40.677232 ], [ 22.93157, 40.677103 ], [ 22.931507, 40.677105 ], [ 22.92548, 40.677274 ], [ 22.923075, 40.67733 ], [ 22.92316, 40.677006 ], [ 22.923275, 40.676878 ], [ 22.923382, 40.676639 ], [ 22.923369, 40.676267 ], [ 22.923103, 40.675607 ], [ 22.923275, 40.674667 ], [ 22.923709, 40.672764 ], [ 22.923867, 40.672196 ], [ 22.92493, 40.672268 ], [ 22.925574, 40.670457 ], [ 22.92523, 40.670427 ], [ 22.925265, 40.670174 ], [ 22.925489, 40.669372 ], [ 22.925706, 40.668078 ], [ 22.925889, 40.666338 ], [ 22.926195, 40.666301 ], [ 22.927203, 40.666264 ], [ 22.928172, 40.666151 ], [ 22.929818, 40.66538 ], [ 22.928903, 40.664492 ], [ 22.928555, 40.663945 ], [ 22.928315, 40.663114 ], [ 22.927809, 40.662401 ], [ 22.926841, 40.661913 ], [ 22.925887, 40.661668 ], [ 22.923769, 40.661517 ], [ 22.921399, 40.661235 ], [ 22.919537, 40.661066 ], [ 22.917144, 40.660847 ], [ 22.915175, 40.660657 ], [ 22.912462, 40.6604 ], [ 22.912447, 40.660496 ], [ 22.91186, 40.66044 ], [ 22.910412, 40.660233 ], [ 22.909148, 40.660046 ], [ 22.908245, 40.659863 ], [ 22.907545, 40.659559 ], [ 22.906437, 40.65903 ], [ 22.90574, 40.658555 ], [ 22.905167, 40.658035 ], [ 22.903919, 40.657119 ], [ 22.903216, 40.65673 ], [ 22.902847, 40.657209 ], [ 22.902735, 40.657429 ], [ 22.902413, 40.657905 ], [ 22.901597, 40.658738 ], [ 22.900676, 40.659619 ], [ 22.899374, 40.66083 ], [ 22.898472, 40.661733 ], [ 22.898221, 40.662141 ], [ 22.897738, 40.662669 ], [ 22.897361, 40.662913 ], [ 22.897449, 40.662948 ], [ 22.897602, 40.663089 ], [ 22.897823, 40.663327 ], [ 22.897834, 40.663495 ], [ 22.897916, 40.663682 ], [ 22.898464, 40.663755 ], [ 22.898922, 40.664167 ], [ 22.899912, 40.665353 ], [ 22.899443, 40.665895 ], [ 22.899524, 40.666132 ], [ 22.899781, 40.666453 ], [ 22.90012, 40.666992 ], [ 22.900188, 40.667154 ], [ 22.900879, 40.666824 ], [ 22.901301, 40.667418 ], [ 22.901847, 40.668178 ], [ 22.901109, 40.668539 ], [ 22.90121, 40.668654 ], [ 22.901523, 40.669015 ], [ 22.901575, 40.669613 ], [ 22.901806, 40.670126 ], [ 22.901907, 40.670248 ], [ 22.902058, 40.670182 ], [ 22.902256, 40.67042 ], [ 22.902692, 40.670792 ], [ 22.902516, 40.670898 ], [ 22.901821, 40.671066 ], [ 22.899557, 40.671846 ], [ 22.899445, 40.67197 ], [ 22.899481, 40.672161 ], [ 22.89961, 40.672454 ], [ 22.899646, 40.672645 ], [ 22.899563, 40.67293 ], [ 22.899544, 40.673121 ], [ 22.899562, 40.673467 ], [ 22.899693, 40.674022 ], [ 22.899747, 40.674547 ], [ 22.899776, 40.675185 ], [ 22.899843, 40.676359 ], [ 22.899405, 40.676361 ], [ 22.899249, 40.676282 ], [ 22.898991, 40.676286 ], [ 22.898779, 40.676349 ], [ 22.898513, 40.676341 ], [ 22.898419, 40.676328 ], [ 22.898382, 40.676483 ], [ 22.898381, 40.677304 ], [ 22.898287, 40.677314 ], [ 22.89736, 40.677144 ], [ 22.897198, 40.677264 ], [ 22.895221, 40.676702 ], [ 22.894579, 40.676486 ], [ 22.894036, 40.676254 ], [ 22.893896, 40.676467 ], [ 22.89382, 40.676646 ], [ 22.893743, 40.676916 ], [ 22.893702, 40.677029 ], [ 22.893606, 40.677171 ], [ 22.893509, 40.677313 ], [ 22.894386, 40.678275 ], [ 22.897667, 40.681953 ], [ 22.898162, 40.682321 ], [ 22.899307, 40.683643 ], [ 22.900044, 40.684472 ], [ 22.900105, 40.684622 ], [ 22.900111, 40.684687 ], [ 22.89996, 40.684835 ], [ 22.898401, 40.685875 ], [ 22.895157, 40.688001 ], [ 22.891983, 40.690068 ], [ 22.890701, 40.690902 ], [ 22.88919, 40.6919 ], [ 22.888922, 40.692071 ], [ 22.888849, 40.692117 ], [ 22.888975, 40.693984 ], [ 22.888978, 40.6957 ], [ 22.890042, 40.695734 ], [ 22.891683, 40.695893 ], [ 22.891669, 40.696536 ], [ 22.891937, 40.6965 ], [ 22.895531, 40.695941 ], [ 22.899755, 40.695742 ], [ 22.899772, 40.695528 ], [ 22.899868, 40.695378 ], [ 22.900003, 40.695228 ], [ 22.900402, 40.694963 ], [ 22.900706, 40.694798 ], [ 22.901076, 40.694553 ], [ 22.901262, 40.694384 ], [ 22.90158, 40.694201 ], [ 22.901836, 40.693934 ], [ 22.902238, 40.693518 ], [ 22.902565, 40.693064 ], [ 22.902794, 40.692831 ], [ 22.903008, 40.692392 ], [ 22.903092, 40.69231 ], [ 22.903381, 40.692084 ], [ 22.903689, 40.691904 ], [ 22.904051, 40.691504 ], [ 22.904606, 40.690964 ], [ 22.905257, 40.690869 ] ] ] ] } },
{ "type": "Feature", "properties": { "MunUnits": "070802", "OID_1": 76, "CODE": "070802", "NAME_GR": "ΔΗΜΟΤΙΚΗ ΕΝΟΤΗΤΑ ΕΛΕΥΘΕΡΙΟΥ - ΚΟΡΔΕΛΙΟΥ", "NAME_ENG": "Municipal Unit of Eleftherio - Kordelio", "Shape_Leng": 12371.329716300001, "Shape_Area": 5605411.8510600002, "zone": "Metropolitan" }, "geometry": { "type": "MultiPolygon", "coordinates": [ [ [ [ 22.89382, 40.676646 ], [ 22.893896, 40.676467 ], [ 22.894036, 40.676254 ], [ 22.894579, 40.676486 ], [ 22.895221, 40.676702 ], [ 22.897198, 40.677264 ], [ 22.89736, 40.677144 ], [ 22.898287, 40.677314 ], [ 22.898381, 40.677304 ], [ 22.898382, 40.676483 ], [ 22.898419, 40.676328 ], [ 22.898513, 40.676341 ], [ 22.898779, 40.676349 ], [ 22.898991, 40.676286 ], [ 22.899249, 40.676282 ], [ 22.899405, 40.676361 ], [ 22.899843, 40.676359 ], [ 22.899776, 40.675185 ], [ 22.899747, 40.674547 ], [ 22.899693, 40.674022 ], [ 22.899562, 40.673467 ], [ 22.899544, 40.673121 ], [ 22.899563, 40.67293 ], [ 22.899646, 40.672645 ], [ 22.89961, 40.672454 ], [ 22.899481, 40.672161 ], [ 22.899445, 40.67197 ], [ 22.899557, 40.671846 ], [ 22.901821, 40.671066 ], [ 22.902516, 40.670898 ], [ 22.902692, 40.670792 ], [ 22.902256, 40.67042 ], [ 22.902058, 40.670182 ], [ 22.901907, 40.670248 ], [ 22.901806, 40.670126 ], [ 22.901575, 40.669613 ], [ 22.901523, 40.669015 ], [ 22.90121, 40.668654 ], [ 22.901109, 40.668539 ], [ 22.901847, 40.668178 ], [ 22.901301, 40.667418 ], [ 22.900879, 40.666824 ], [ 22.900188, 40.667154 ], [ 22.90012, 40.666992 ], [ 22.899781, 40.666453 ], [ 22.899524, 40.666132 ], [ 22.899443, 40.665895 ], [ 22.899912, 40.665353 ], [ 22.898922, 40.664167 ], [ 22.898464, 40.663755 ], [ 22.897916, 40.663682 ], [ 22.897834, 40.663495 ], [ 22.897823, 40.663327 ], [ 22.897602, 40.663089 ], [ 22.897449, 40.662948 ], [ 22.897361, 40.662913 ], [ 22.897144, 40.662825 ], [ 22.897025, 40.66271 ], [ 22.896305, 40.663104 ], [ 22.893572, 40.664631 ], [ 22.892073, 40.665356 ], [ 22.891876, 40.665111 ], [ 22.891275, 40.664497 ], [ 22.891516, 40.66432 ], [ 22.891089, 40.664055 ], [ 22.890959, 40.663925 ], [ 22.890982, 40.663424 ], [ 22.89102, 40.662531 ], [ 22.891048, 40.662277 ], [ 22.891648, 40.66145 ], [ 22.890586, 40.660957 ], [ 22.890452, 40.661088 ], [ 22.890285, 40.661184 ], [ 22.890035, 40.661286 ], [ 22.889897, 40.661333 ], [ 22.889743, 40.661404 ], [ 22.889646, 40.661472 ], [ 22.889511, 40.661611 ], [ 22.889369, 40.66189 ], [ 22.889201, 40.662041 ], [ 22.888716, 40.662311 ], [ 22.88828, 40.66247 ], [ 22.888158, 40.662354 ], [ 22.888063, 40.662282 ], [ 22.888049, 40.662268 ], [ 22.88801, 40.662248 ], [ 22.887897, 40.662245 ], [ 22.887787, 40.662225 ], [ 22.887707, 40.662136 ], [ 22.887598, 40.661892 ], [ 22.887451, 40.661433 ], [ 22.887385, 40.661132 ], [ 22.88732, 40.66111 ], [ 22.887109, 40.661062 ], [ 22.886973, 40.661046 ], [ 22.886851, 40.661056 ], [ 22.886766, 40.661101 ], [ 22.886472, 40.661274 ], [ 22.886111, 40.661513 ], [ 22.885656, 40.661763 ], [ 22.885159, 40.66204 ], [ 22.88449, 40.662463 ], [ 22.884153, 40.662696 ], [ 22.883738, 40.662802 ], [ 22.883177, 40.662926 ], [ 22.882856, 40.663015 ], [ 22.882582, 40.663117 ], [ 22.882156, 40.663302 ], [ 22.88145, 40.663584 ], [ 22.881335, 40.663754 ], [ 22.880915, 40.664158 ], [ 22.880364, 40.664531 ], [ 22.879348, 40.665229 ], [ 22.879072, 40.665398 ], [ 22.878741, 40.665567 ], [ 22.878295, 40.665813 ], [ 22.878075, 40.666053 ], [ 22.877882, 40.666359 ], [ 22.877525, 40.666942 ], [ 22.8772, 40.667325 ], [ 22.875946, 40.668721 ], [ 22.875554, 40.669132 ], [ 22.878722, 40.671759 ], [ 22.878942, 40.672033 ], [ 22.874894, 40.674896 ], [ 22.873924, 40.675573 ], [ 22.874252, 40.676345 ], [ 22.871158, 40.677867 ], [ 22.871434, 40.67915 ], [ 22.872016, 40.679907 ], [ 22.873442, 40.681643 ], [ 22.87422, 40.682407 ], [ 22.87498, 40.683291 ], [ 22.876651, 40.685398 ], [ 22.877655, 40.686695 ], [ 22.878591, 40.68783 ], [ 22.879243, 40.688617 ], [ 22.879942, 40.689405 ], [ 22.880416, 40.690077 ], [ 22.880853, 40.690647 ], [ 22.881121, 40.691007 ], [ 22.881205, 40.691151 ], [ 22.881576, 40.691399 ], [ 22.881725, 40.6914 ], [ 22.882033, 40.691224 ], [ 22.882536, 40.690645 ], [ 22.88328, 40.690146 ], [ 22.884, 40.6897 ], [ 22.884253, 40.689542 ], [ 22.88452, 40.689485 ], [ 22.885196, 40.689301 ], [ 22.886908, 40.688525 ], [ 22.887946, 40.688042 ], [ 22.888138, 40.687975 ], [ 22.88854, 40.687821 ], [ 22.888643, 40.687872 ], [ 22.88859, 40.688219 ], [ 22.888643, 40.688391 ], [ 22.888694, 40.68877 ], [ 22.888745, 40.689318 ], [ 22.888767, 40.690294 ], [ 22.888792, 40.690762 ], [ 22.888925, 40.691797 ], [ 22.888893, 40.692022 ], [ 22.888922, 40.692071 ], [ 22.88919, 40.6919 ], [ 22.890701, 40.690902 ], [ 22.891983, 40.690068 ], [ 22.895157, 40.688001 ], [ 22.898401, 40.685875 ], [ 22.89996, 40.684835 ], [ 22.900111, 40.684687 ], [ 22.900105, 40.684622 ], [ 22.900044, 40.684472 ], [ 22.899307, 40.683643 ], [ 22.898162, 40.682321 ], [ 22.897667, 40.681953 ], [ 22.894386, 40.678275 ], [ 22.893509, 40.677313 ], [ 22.893606, 40.677171 ], [ 22.893702, 40.677029 ], [ 22.893743, 40.676916 ], [ 22.89382, 40.676646 ] ] ] ] } },
{ "type": "Feature", "properties": { "MunUnits": "070901", "OID_1": 77, "CODE": "070901", "NAME_GR": "ΔΗΜΟΤΙΚΗ ΕΝΟΤΗΤΑ ΛΑΓΚΑΔΑ", "NAME_ENG": "Municipal Unit of Lagadas", "Shape_Leng": 72201.510729700021, "Shape_Area": 198100059.41699997, "zone": "Regional" }, "geometry": { "type": "MultiPolygon", "coordinates": [ [ [ [ 23.0708, 40.799469 ], [ 23.073291, 40.799287 ], [ 23.074753, 40.799681 ], [ 23.07688, 40.800464 ], [ 23.07944, 40.800647 ], [ 23.083375, 40.800462 ], [ 23.088326, 40.801186 ], [ 23.090341, 40.801262 ], [ 23.093186, 40.8019 ], [ 23.096414, 40.802276 ], [ 23.099603, 40.802055 ], [ 23.105827, 40.799986 ], [ 23.108162, 40.798472 ], [ 23.111079, 40.796225 ], [ 23.112564, 40.7947 ], [ 23.11445, 40.793404 ], [ 23.116205, 40.792822 ], [ 23.119338, 40.792247 ], [ 23.121528, 40.790453 ], [ 23.121862, 40.788025 ], [ 23.121337, 40.786356 ], [ 23.116742, 40.781057 ], [ 23.125952, 40.779731 ], [ 23.127038, 40.779829 ], [ 23.134082, 40.783468 ], [ 23.135999, 40.78377 ], [ 23.13834, 40.783085 ], [ 23.140273, 40.783677 ], [ 23.142647, 40.784939 ], [ 23.143318, 40.784982 ], [ 23.147463, 40.78384 ], [ 23.151004, 40.783167 ], [ 23.154801, 40.781975 ], [ 23.159699, 40.780271 ], [ 23.161088, 40.779154 ], [ 23.160563, 40.777979 ], [ 23.159834, 40.777039 ], [ 23.159897, 40.776713 ], [ 23.161334, 40.776525 ], [ 23.161533, 40.776094 ], [ 23.159983, 40.774844 ], [ 23.159511, 40.774215 ], [ 23.158958, 40.773097 ], [ 23.158991, 40.77264 ], [ 23.1604, 40.770656 ], [ 23.162021, 40.769154 ], [ 23.162298, 40.768019 ], [ 23.163569, 40.765668 ], [ 23.162704, 40.761222 ], [ 23.163053, 40.760449 ], [ 23.166937, 40.756171 ], [ 23.170032, 40.753725 ], [ 23.171472, 40.753107 ], [ 23.173883, 40.75158 ], [ 23.17646, 40.752146 ], [ 23.181507, 40.753852 ], [ 23.18706, 40.754787 ], [ 23.193562, 40.755073 ], [ 23.201264, 40.754517 ], [ 23.205132, 40.753842 ], [ 23.214043, 40.751294 ], [ 23.217223, 40.749476 ], [ 23.220071, 40.748831 ], [ 23.221274, 40.747797 ], [ 23.225006, 40.746077 ], [ 23.225874, 40.744513 ], [ 23.225696, 40.741475 ], [ 23.22583, 40.739661 ], [ 23.227313, 40.738482 ], [ 23.224402, 40.733834 ], [ 23.222945, 40.730072 ], [ 23.222709, 40.725671 ], [ 23.223012, 40.7243 ], [ 23.223598, 40.723243 ], [ 23.223772, 40.722465 ], [ 23.223309, 40.721202 ], [ 23.216754, 40.717774 ], [ 23.214344, 40.716893 ], [ 23.213089, 40.71678 ], [ 23.211978, 40.717147 ], [ 23.209654, 40.718582 ], [ 23.204013, 40.714495 ], [ 23.198743, 40.711335 ], [ 23.197065, 40.709229 ], [ 23.195923, 40.708361 ], [ 23.194316, 40.707689 ], [ 23.192082, 40.70783 ], [ 23.190594, 40.70873 ], [ 23.189021, 40.710048 ], [ 23.188604, 40.710216 ], [ 23.187837, 40.709935 ], [ 23.187437, 40.709239 ], [ 23.187764, 40.705301 ], [ 23.186083, 40.695628 ], [ 23.185745, 40.690328 ], [ 23.185956, 40.687585 ], [ 23.185006, 40.682127 ], [ 23.157754, 40.683372 ], [ 23.137255, 40.68386 ], [ 23.1201, 40.683188 ], [ 23.116342, 40.68335 ], [ 23.111878, 40.682791 ], [ 23.102802, 40.681226 ], [ 23.093278, 40.678742 ], [ 23.08558, 40.676119 ], [ 23.081481, 40.672578 ], [ 23.080088, 40.671183 ], [ 23.07963, 40.670229 ], [ 23.079577, 40.66971 ], [ 23.08021, 40.668861 ], [ 23.083505, 40.666675 ], [ 23.083929, 40.665574 ], [ 23.077805, 40.660223 ], [ 23.076326, 40.658518 ], [ 23.075679, 40.657476 ], [ 23.07508, 40.6559 ], [ 23.074979, 40.654269 ], [ 23.071234, 40.655398 ], [ 23.068783, 40.656922 ], [ 23.064357, 40.660548 ], [ 23.062827, 40.662608 ], [ 23.062134, 40.663207 ], [ 23.059939, 40.664264 ], [ 23.058938, 40.663921 ], [ 23.057013, 40.662026 ], [ 23.056332, 40.661744 ], [ 23.055513, 40.661686 ], [ 23.054054, 40.662514 ], [ 23.053002, 40.662681 ], [ 23.052095, 40.661808 ], [ 23.051613, 40.660878 ], [ 23.051299, 40.660784 ], [ 23.045921, 40.66178 ], [ 23.044524, 40.661746 ], [ 23.043345, 40.661199 ], [ 23.041666, 40.659903 ], [ 23.03506, 40.654403 ], [ 23.034002, 40.65381 ], [ 23.031824, 40.653618 ], [ 23.029381, 40.654458 ], [ 23.028321, 40.655055 ], [ 23.026798, 40.656507 ], [ 23.026122, 40.657531 ], [ 23.025945, 40.658342 ], [ 23.026371, 40.660061 ], [ 23.026246, 40.661433 ], [ 23.024355, 40.663458 ], [ 23.023475, 40.664945 ], [ 23.025502, 40.66709 ], [ 23.025821, 40.667905 ], [ 23.025975, 40.672856 ], [ 23.025215, 40.675496 ], [ 23.024931, 40.682575 ], [ 23.024262, 40.684149 ], [ 23.022101, 40.687025 ], [ 23.021861, 40.688018 ], [ 23.021799, 40.69018 ], [ 23.022992, 40.692878 ], [ 23.024665, 40.695695 ], [ 23.024838, 40.696212 ], [ 23.024727, 40.696577 ], [ 23.022676, 40.698081 ], [ 23.021299, 40.69871 ], [ 23.018159, 40.699633 ], [ 23.014828, 40.700234 ], [ 23.011545, 40.700598 ], [ 23.011579, 40.700643 ], [ 23.01155, 40.700765 ], [ 23.010721, 40.701169 ], [ 23.010445, 40.701135 ], [ 23.010351, 40.701295 ], [ 23.010212, 40.701401 ], [ 23.010184, 40.701423 ], [ 23.010099, 40.701476 ], [ 23.009944, 40.701544 ], [ 23.009726, 40.701641 ], [ 23.009404, 40.701777 ], [ 23.009178, 40.701833 ], [ 23.008935, 40.701887 ], [ 23.008751, 40.70191 ], [ 23.008547, 40.701874 ], [ 23.008439, 40.70188 ], [ 23.008365, 40.701893 ], [ 23.00827, 40.701905 ], [ 23.008081, 40.701938 ], [ 23.00796, 40.701944 ], [ 23.007724, 40.701939 ], [ 23.007606, 40.701932 ], [ 23.00742, 40.701961 ], [ 23.00734, 40.701962 ], [ 23.00708, 40.701756 ], [ 23.006808, 40.701553 ], [ 23.006382, 40.701386 ], [ 23.006014, 40.701359 ], [ 23.00574, 40.701374 ], [ 23.005552, 40.70143 ], [ 23.005207, 40.701522 ], [ 23.004961, 40.701524 ], [ 23.004841, 40.70151 ], [ 23.004739, 40.701476 ], [ 23.004365, 40.701349 ], [ 23.00388, 40.701293 ], [ 23.003472, 40.701237 ], [ 23.003393, 40.701202 ], [ 23.002889, 40.701195 ], [ 23.002709, 40.701194 ], [ 23.002597, 40.701145 ], [ 23.002408, 40.701027 ], [ 23.002148, 40.700838 ], [ 23.001924, 40.700745 ], [ 23.001837, 40.700685 ], [ 23.001453, 40.700582 ], [ 23.001159, 40.700536 ], [ 22.999836, 40.703397 ], [ 22.999268, 40.703681 ], [ 22.998336, 40.703643 ], [ 22.997145, 40.704092 ], [ 22.993115, 40.707734 ], [ 22.989259, 40.707419 ], [ 22.985904, 40.708796 ], [ 22.979618, 40.708636 ], [ 22.975962, 40.709473 ], [ 22.972408, 40.711932 ], [ 22.970082, 40.713224 ], [ 22.973689, 40.716986 ], [ 22.975616, 40.72033 ], [ 22.978243, 40.72383 ], [ 22.979824, 40.725058 ], [ 22.986518, 40.72796 ], [ 22.988264, 40.728516 ], [ 22.988851, 40.728879 ], [ 22.989528, 40.729507 ], [ 22.989617, 40.729801 ], [ 22.989667, 40.729983 ], [ 22.98972, 40.730652 ], [ 22.989605, 40.731214 ], [ 22.989508, 40.731432 ], [ 22.989462, 40.731584 ], [ 22.989517, 40.731699 ], [ 22.989802, 40.731873 ], [ 22.990126, 40.732033 ], [ 22.990526, 40.732075 ], [ 22.990928, 40.732031 ], [ 22.991267, 40.731943 ], [ 22.991421, 40.73215 ], [ 22.991767, 40.732501 ], [ 22.992354, 40.733006 ], [ 22.99283, 40.733435 ], [ 22.993858, 40.734273 ], [ 22.995379, 40.735249 ], [ 22.997017, 40.736355 ], [ 22.997605, 40.736827 ], [ 22.998135, 40.737409 ], [ 22.998307, 40.737634 ], [ 22.998736, 40.737433 ], [ 23.000053, 40.736548 ], [ 23.000784, 40.736288 ], [ 23.001291, 40.735973 ], [ 23.008189, 40.73826 ], [ 23.01529, 40.742319 ], [ 23.01909, 40.744151 ], [ 23.018574, 40.746395 ], [ 23.017702, 40.748252 ], [ 23.017534, 40.748608 ], [ 23.016905, 40.749435 ], [ 23.017196, 40.751768 ], [ 23.018378, 40.757135 ], [ 23.018961, 40.75926 ], [ 23.019957, 40.761718 ], [ 23.020135, 40.762819 ], [ 23.022606, 40.767668 ], [ 23.025068, 40.773891 ], [ 23.028336, 40.779764 ], [ 23.028817, 40.782034 ], [ 23.035034, 40.785896 ], [ 23.035932, 40.786153 ], [ 23.039907, 40.786539 ], [ 23.041806, 40.786492 ], [ 23.045236, 40.787005 ], [ 23.045647, 40.786959 ], [ 23.046247, 40.786441 ], [ 23.047447, 40.781634 ], [ 23.048313, 40.780173 ], [ 23.049273, 40.77966 ], [ 23.050213, 40.779492 ], [ 23.053951, 40.779478 ], [ 23.055084, 40.779794 ], [ 23.056106, 40.787533 ], [ 23.055167, 40.794225 ], [ 23.05505, 40.797553 ], [ 23.055476, 40.79852 ], [ 23.05643, 40.799477 ], [ 23.060723, 40.802244 ], [ 23.064675, 40.800907 ], [ 23.0708, 40.799469 ] ] ] ] } },
{ "type": "Feature", "properties": { "MunUnits": "070902", "OID_1": 78, "CODE": "070902", "NAME_GR": "ΔΗΜΟΤΙΚΗ ΕΝΟΤΗΤΑ ΑΣΣΗΡΟΥ", "NAME_ENG": "Municipal Unit of Assiros", "Shape_Leng": 44626.729302599997, "Shape_Area": 75177729.7412, "zone": "Regional" }, "geometry": { "type": "MultiPolygon", "coordinates": [ [ [ [ 23.034198, 40.873526 ], [ 23.03377, 40.87159 ], [ 23.033173, 40.868164 ], [ 23.033034, 40.86401 ], [ 23.033486, 40.862353 ], [ 23.034153, 40.860945 ], [ 23.035161, 40.859539 ], [ 23.036474, 40.858256 ], [ 23.040142, 40.856782 ], [ 23.044438, 40.856083 ], [ 23.04811, 40.855848 ], [ 23.055892, 40.855782 ], [ 23.062009, 40.856546 ], [ 23.063101, 40.855971 ], [ 23.064216, 40.855677 ], [ 23.070943, 40.857722 ], [ 23.071372, 40.857639 ], [ 23.071983, 40.857006 ], [ 23.079723, 40.853603 ], [ 23.085717, 40.850268 ], [ 23.088681, 40.848036 ], [ 23.09077, 40.845325 ], [ 23.094434, 40.842792 ], [ 23.09459, 40.84204 ], [ 23.09349, 40.839444 ], [ 23.093694, 40.837942 ], [ 23.093117, 40.837214 ], [ 23.09231, 40.837291 ], [ 23.09114, 40.837059 ], [ 23.090415, 40.836441 ], [ 23.090541, 40.835328 ], [ 23.090217, 40.834852 ], [ 23.088358, 40.834114 ], [ 23.087379, 40.833326 ], [ 23.086636, 40.831372 ], [ 23.087203, 40.828544 ], [ 23.088051, 40.82704 ], [ 23.089689, 40.826243 ], [ 23.088927, 40.823991 ], [ 23.088472, 40.821697 ], [ 23.087829, 40.820179 ], [ 23.085435, 40.817236 ], [ 23.083644, 40.81549 ], [ 23.081402, 40.814447 ], [ 23.079956, 40.813427 ], [ 23.078022, 40.81247 ], [ 23.071865, 40.809798 ], [ 23.063662, 40.804689 ], [ 23.060723, 40.802244 ], [ 23.05643, 40.799477 ], [ 23.055476, 40.79852 ], [ 23.05505, 40.797553 ], [ 23.055167, 40.794225 ], [ 23.056106, 40.787533 ], [ 23.055084, 40.779794 ], [ 23.053951, 40.779478 ], [ 23.050213, 40.779492 ], [ 23.049273, 40.77966 ], [ 23.048313, 40.780173 ], [ 23.047447, 40.781634 ], [ 23.046247, 40.786441 ], [ 23.045647, 40.786959 ], [ 23.045236, 40.787005 ], [ 23.041806, 40.786492 ], [ 23.039907, 40.786539 ], [ 23.035932, 40.786153 ], [ 23.035034, 40.785896 ], [ 23.028817, 40.782034 ], [ 23.026653, 40.783667 ], [ 23.021555, 40.785601 ], [ 23.020053, 40.786359 ], [ 23.015727, 40.787438 ], [ 23.0102, 40.790482 ], [ 23.009082, 40.791468 ], [ 23.009586, 40.792907 ], [ 23.011358, 40.794702 ], [ 23.012111, 40.795985 ], [ 23.011786, 40.796962 ], [ 23.00714, 40.803327 ], [ 23.006252, 40.805215 ], [ 23.005519, 40.807472 ], [ 23.004302, 40.812526 ], [ 23.0031, 40.820265 ], [ 23.003198, 40.822091 ], [ 23.003498, 40.822535 ], [ 23.001522, 40.821943 ], [ 22.999294, 40.820481 ], [ 22.998944, 40.820689 ], [ 22.998077, 40.822056 ], [ 22.996819, 40.82248 ], [ 22.989508, 40.820997 ], [ 22.984223, 40.820837 ], [ 22.981476, 40.820495 ], [ 22.979023, 40.820558 ], [ 22.972578, 40.822177 ], [ 22.966924, 40.822988 ], [ 22.964852, 40.823575 ], [ 22.964159, 40.823959 ], [ 22.962786, 40.826304 ], [ 22.961832, 40.827431 ], [ 22.961679, 40.828117 ], [ 22.960653, 40.829435 ], [ 22.959196, 40.831999 ], [ 22.95752, 40.835929 ], [ 22.95731, 40.837395 ], [ 22.956242, 40.840999 ], [ 22.956542, 40.844007 ], [ 22.955675, 40.847976 ], [ 22.954793, 40.848896 ], [ 22.953434, 40.849562 ], [ 22.955328, 40.852052 ], [ 22.957921, 40.853896 ], [ 22.95831, 40.853957 ], [ 22.962357, 40.85226 ], [ 22.963158, 40.852141 ], [ 22.965138, 40.852417 ], [ 22.966399, 40.853112 ], [ 22.970883, 40.857434 ], [ 22.971737, 40.858376 ], [ 22.972475, 40.859715 ], [ 22.974499, 40.860939 ], [ 22.975138, 40.864433 ], [ 22.976478, 40.86628 ], [ 22.979181, 40.868781 ], [ 22.981377, 40.870108 ], [ 22.984042, 40.871166 ], [ 22.987996, 40.871825 ], [ 22.990532, 40.871434 ], [ 22.992844, 40.870274 ], [ 22.994407, 40.869981 ], [ 22.998742, 40.870134 ], [ 23.001269, 40.870817 ], [ 23.003077, 40.871647 ], [ 23.005849, 40.872207 ], [ 23.006641, 40.872668 ], [ 23.007439, 40.872675 ], [ 23.012234, 40.871596 ], [ 23.013615, 40.872022 ], [ 23.01428, 40.872734 ], [ 23.015023, 40.874605 ], [ 23.015339, 40.876368 ], [ 23.015175, 40.882282 ], [ 23.015412, 40.884246 ], [ 23.015993, 40.886069 ], [ 23.019192, 40.890858 ], [ 23.020279, 40.891963 ], [ 23.022768, 40.893902 ], [ 23.026195, 40.89562 ], [ 23.028471, 40.896044 ], [ 23.033228, 40.895737 ], [ 23.035149, 40.895232 ], [ 23.036742, 40.894533 ], [ 23.040241, 40.892045 ], [ 23.040859, 40.891386 ], [ 23.041117, 40.890712 ], [ 23.040666, 40.888961 ], [ 23.039774, 40.887539 ], [ 23.039223, 40.88615 ], [ 23.0388, 40.882966 ], [ 23.037454, 40.879138 ], [ 23.036189, 40.877814 ], [ 23.035115, 40.875843 ], [ 23.034198, 40.873526 ] ] ] ] } },
{ "type": "Feature", "properties": { "MunUnits": "070903", "OID_1": 79, "CODE": "070903", "NAME_GR": "ΔΗΜΟΤΙΚΗ ΕΝΟΤΗΤΑ ΒΕΡΤΙΣΚΟΥ", "NAME_ENG": "Municipal Unit of Vertiskos", "Shape_Leng": 97081.166165699993, "Shape_Area": 196782675.38600001, "zone": "Regional" }, "geometry": { "type": "MultiPolygon", "coordinates": [ [ [ [ 23.276657, 40.94765 ], [ 23.2757, 40.944454 ], [ 23.274338, 40.944022 ], [ 23.273982, 40.943667 ], [ 23.274108, 40.941791 ], [ 23.27405, 40.941294 ], [ 23.273694, 40.941003 ], [ 23.269967, 40.941332 ], [ 23.268764, 40.941068 ], [ 23.268569, 40.939575 ], [ 23.267758, 40.93827 ], [ 23.267929, 40.937238 ], [ 23.268542, 40.93627 ], [ 23.269329, 40.935858 ], [ 23.27132, 40.935614 ], [ 23.27127, 40.934394 ], [ 23.271551, 40.932568 ], [ 23.270824, 40.932516 ], [ 23.269277, 40.932938 ], [ 23.268771, 40.932748 ], [ 23.268509, 40.932269 ], [ 23.268552, 40.93149 ], [ 23.268854, 40.930946 ], [ 23.268888, 40.929776 ], [ 23.268599, 40.92918 ], [ 23.266792, 40.928126 ], [ 23.266732, 40.927789 ], [ 23.273519, 40.922153 ], [ 23.273883, 40.921738 ], [ 23.273931, 40.92129 ], [ 23.270213, 40.917031 ], [ 23.267115, 40.912215 ], [ 23.266518, 40.910784 ], [ 23.266183, 40.907076 ], [ 23.26652, 40.902988 ], [ 23.266466, 40.89832 ], [ 23.265895, 40.894514 ], [ 23.266132, 40.894083 ], [ 23.266962, 40.893543 ], [ 23.26912, 40.891455 ], [ 23.270878, 40.889268 ], [ 23.272114, 40.888346 ], [ 23.272369, 40.886246 ], [ 23.274575, 40.885506 ], [ 23.275957, 40.884793 ], [ 23.276151, 40.884489 ], [ 23.275761, 40.88338 ], [ 23.279175, 40.878461 ], [ 23.280482, 40.875421 ], [ 23.281749, 40.873529 ], [ 23.281717, 40.872664 ], [ 23.280218, 40.871051 ], [ 23.27987, 40.869553 ], [ 23.279627, 40.869317 ], [ 23.276293, 40.867954 ], [ 23.274958, 40.866982 ], [ 23.274586, 40.866286 ], [ 23.275078, 40.865154 ], [ 23.275229, 40.864007 ], [ 23.275095, 40.863407 ], [ 23.273789, 40.861709 ], [ 23.273211, 40.860062 ], [ 23.272436, 40.859262 ], [ 23.271427, 40.858721 ], [ 23.267073, 40.857667 ], [ 23.266059, 40.857639 ], [ 23.263433, 40.8582 ], [ 23.260105, 40.858521 ], [ 23.258613, 40.858469 ], [ 23.255074, 40.857526 ], [ 23.250053, 40.85583 ], [ 23.250593, 40.855356 ], [ 23.253824, 40.853799 ], [ 23.257037, 40.851765 ], [ 23.26152, 40.850674 ], [ 23.263347, 40.849365 ], [ 23.263069, 40.84828 ], [ 23.260007, 40.843269 ], [ 23.25734, 40.839784 ], [ 23.252944, 40.835132 ], [ 23.24904, 40.830152 ], [ 23.245959, 40.824029 ], [ 23.242209, 40.821207 ], [ 23.240614, 40.819142 ], [ 23.238625, 40.81568 ], [ 23.237338, 40.814402 ], [ 23.229576, 40.808941 ], [ 23.227648, 40.806718 ], [ 23.22643, 40.804432 ], [ 23.229608, 40.803694 ], [ 23.232493, 40.802552 ], [ 23.240332, 40.800956 ], [ 23.241191, 40.800613 ], [ 23.243287, 40.798956 ], [ 23.244555, 40.797594 ], [ 23.246242, 40.796979 ], [ 23.249291, 40.794747 ], [ 23.250133, 40.793243 ], [ 23.251336, 40.792206 ], [ 23.254249, 40.791181 ], [ 23.256217, 40.789986 ], [ 23.259033, 40.789184 ], [ 23.259991, 40.788525 ], [ 23.260734, 40.787601 ], [ 23.26119, 40.782311 ], [ 23.262478, 40.779046 ], [ 23.263192, 40.777983 ], [ 23.265098, 40.776857 ], [ 23.268497, 40.77602 ], [ 23.272343, 40.773375 ], [ 23.27817, 40.768188 ], [ 23.279647, 40.767176 ], [ 23.280936, 40.76658 ], [ 23.282779, 40.766275 ], [ 23.281866, 40.756795 ], [ 23.282013, 40.754899 ], [ 23.283134, 40.752304 ], [ 23.284184, 40.750742 ], [ 23.285973, 40.748985 ], [ 23.287215, 40.746888 ], [ 23.287926, 40.745065 ], [ 23.288216, 40.743236 ], [ 23.288131, 40.741622 ], [ 23.287396, 40.739537 ], [ 23.286789, 40.738605 ], [ 23.284375, 40.736843 ], [ 23.283248, 40.735038 ], [ 23.281102, 40.734399 ], [ 23.280877, 40.733654 ], [ 23.281537, 40.73215 ], [ 23.281225, 40.731704 ], [ 23.278216, 40.730633 ], [ 23.277764, 40.729786 ], [ 23.277786, 40.728704 ], [ 23.277595, 40.728423 ], [ 23.276245, 40.727799 ], [ 23.273843, 40.725532 ], [ 23.272024, 40.725447 ], [ 23.271218, 40.725922 ], [ 23.2706, 40.726951 ], [ 23.269425, 40.727885 ], [ 23.265427, 40.729632 ], [ 23.264687, 40.730717 ], [ 23.262886, 40.73113 ], [ 23.261883, 40.731862 ], [ 23.261203, 40.731913 ], [ 23.259862, 40.73255 ], [ 23.258947, 40.734095 ], [ 23.258163, 40.734699 ], [ 23.254461, 40.735894 ], [ 23.251403, 40.738089 ], [ 23.249757, 40.739832 ], [ 23.249259, 40.740973 ], [ 23.248828, 40.74134 ], [ 23.243268, 40.742911 ], [ 23.242118, 40.743166 ], [ 23.240917, 40.743131 ], [ 23.239775, 40.742736 ], [ 23.234048, 40.742144 ], [ 23.232887, 40.741762 ], [ 23.231031, 40.740089 ], [ 23.229675, 40.739304 ], [ 23.228498, 40.738743 ], [ 23.227313, 40.738482 ], [ 23.22583, 40.739661 ], [ 23.225696, 40.741475 ], [ 23.225874, 40.744513 ], [ 23.225006, 40.746077 ], [ 23.221274, 40.747797 ], [ 23.220071, 40.748831 ], [ 23.217223, 40.749476 ], [ 23.214043, 40.751294 ], [ 23.205132, 40.753842 ], [ 23.201264, 40.754517 ], [ 23.193562, 40.755073 ], [ 23.18706, 40.754787 ], [ 23.181507, 40.753852 ], [ 23.17646, 40.752146 ], [ 23.173883, 40.75158 ], [ 23.171472, 40.753107 ], [ 23.170032, 40.753725 ], [ 23.166937, 40.756171 ], [ 23.163053, 40.760449 ], [ 23.162704, 40.761222 ], [ 23.163569, 40.765668 ], [ 23.162298, 40.768019 ], [ 23.162021, 40.769154 ], [ 23.1604, 40.770656 ], [ 23.158991, 40.77264 ], [ 23.158958, 40.773097 ], [ 23.159511, 40.774215 ], [ 23.159983, 40.774844 ], [ 23.161533, 40.776094 ], [ 23.161334, 40.776525 ], [ 23.159897, 40.776713 ], [ 23.159834, 40.777039 ], [ 23.160563, 40.777979 ], [ 23.161088, 40.779154 ], [ 23.159699, 40.780271 ], [ 23.154801, 40.781975 ], [ 23.151004, 40.783167 ], [ 23.147463, 40.78384 ], [ 23.143318, 40.784982 ], [ 23.142647, 40.784939 ], [ 23.140273, 40.783677 ], [ 23.13834, 40.783085 ], [ 23.135999, 40.78377 ], [ 23.134082, 40.783468 ], [ 23.127038, 40.779829 ], [ 23.125952, 40.779731 ], [ 23.116742, 40.781057 ], [ 23.121337, 40.786356 ], [ 23.121862, 40.788025 ], [ 23.121528, 40.790453 ], [ 23.119338, 40.792247 ], [ 23.116205, 40.792822 ], [ 23.11445, 40.793404 ], [ 23.112564, 40.7947 ], [ 23.111079, 40.796225 ], [ 23.108162, 40.798472 ], [ 23.105827, 40.799986 ], [ 23.099603, 40.802055 ], [ 23.096414, 40.802276 ], [ 23.093186, 40.8019 ], [ 23.090341, 40.801262 ], [ 23.088326, 40.801186 ], [ 23.083375, 40.800462 ], [ 23.07944, 40.800647 ], [ 23.07688, 40.800464 ], [ 23.074753, 40.799681 ], [ 23.073291, 40.799287 ], [ 23.0708, 40.799469 ], [ 23.064675, 40.800907 ], [ 23.060723, 40.802244 ], [ 23.063662, 40.804689 ], [ 23.071865, 40.809798 ], [ 23.078022, 40.81247 ], [ 23.079956, 40.813427 ], [ 23.081402, 40.814447 ], [ 23.083644, 40.81549 ], [ 23.085435, 40.817236 ], [ 23.087829, 40.820179 ], [ 23.088472, 40.821697 ], [ 23.088927, 40.823991 ], [ 23.089689, 40.826243 ], [ 23.090025, 40.827287 ], [ 23.090714, 40.827791 ], [ 23.091796, 40.828299 ], [ 23.093731, 40.827971 ], [ 23.09374, 40.828434 ], [ 23.094294, 40.828912 ], [ 23.094622, 40.82893 ], [ 23.095222, 40.828638 ], [ 23.09587, 40.827658 ], [ 23.097461, 40.827526 ], [ 23.097668, 40.827034 ], [ 23.09833, 40.826696 ], [ 23.09944, 40.826731 ], [ 23.100215, 40.827069 ], [ 23.100849, 40.827669 ], [ 23.100461, 40.828855 ], [ 23.100523, 40.829514 ], [ 23.1016, 40.829846 ], [ 23.10238, 40.829789 ], [ 23.103283, 40.829264 ], [ 23.103914, 40.828081 ], [ 23.105123, 40.827246 ], [ 23.105604, 40.827211 ], [ 23.106106, 40.827503 ], [ 23.106334, 40.828036 ], [ 23.106753, 40.828278 ], [ 23.108076, 40.827664 ], [ 23.108564, 40.82756 ], [ 23.109124, 40.827743 ], [ 23.109435, 40.829222 ], [ 23.110469, 40.830717 ], [ 23.110807, 40.832629 ], [ 23.111534, 40.833905 ], [ 23.112194, 40.835817 ], [ 23.114612, 40.838631 ], [ 23.116707, 40.840398 ], [ 23.124994, 40.844683 ], [ 23.128505, 40.84695 ], [ 23.128969, 40.848073 ], [ 23.128996, 40.850145 ], [ 23.127516, 40.851566 ], [ 23.127206, 40.852861 ], [ 23.124496, 40.854141 ], [ 23.124359, 40.854956 ], [ 23.126401, 40.855747 ], [ 23.127647, 40.855774 ], [ 23.129033, 40.856106 ], [ 23.130717, 40.856833 ], [ 23.130802, 40.857194 ], [ 23.131248, 40.857567 ], [ 23.132764, 40.857235 ], [ 23.133286, 40.857344 ], [ 23.133568, 40.857775 ], [ 23.133326, 40.859429 ], [ 23.133793, 40.86143 ], [ 23.130945, 40.861748 ], [ 23.130683, 40.861919 ], [ 23.130679, 40.862252 ], [ 23.133401, 40.865375 ], [ 23.134149, 40.866083 ], [ 23.135238, 40.86654 ], [ 23.139212, 40.867697 ], [ 23.140461, 40.86795 ], [ 23.144596, 40.867959 ], [ 23.146495, 40.86742 ], [ 23.147846, 40.86614 ], [ 23.14795, 40.86522 ], [ 23.148519, 40.864031 ], [ 23.149221, 40.863771 ], [ 23.150136, 40.863874 ], [ 23.1514, 40.864718 ], [ 23.153806, 40.864354 ], [ 23.154067, 40.864456 ], [ 23.15455, 40.865865 ], [ 23.154834, 40.86597 ], [ 23.15556, 40.865561 ], [ 23.156651, 40.865602 ], [ 23.157395, 40.866958 ], [ 23.157723, 40.867152 ], [ 23.15963, 40.866695 ], [ 23.160392, 40.866823 ], [ 23.162973, 40.868218 ], [ 23.164194, 40.86854 ], [ 23.16602, 40.867278 ], [ 23.16661, 40.867266 ], [ 23.168802, 40.868376 ], [ 23.169784, 40.868449 ], [ 23.172863, 40.866681 ], [ 23.173871, 40.866423 ], [ 23.176885, 40.866362 ], [ 23.182143, 40.866747 ], [ 23.184929, 40.867579 ], [ 23.190579, 40.86984 ], [ 23.19708, 40.869097 ], [ 23.202398, 40.871078 ], [ 23.203947, 40.87273 ], [ 23.204687, 40.874231 ], [ 23.203953, 40.877122 ], [ 23.203997, 40.880813 ], [ 23.204223, 40.88139 ], [ 23.205692, 40.882704 ], [ 23.208369, 40.884092 ], [ 23.20867, 40.884617 ], [ 23.208926, 40.88615 ], [ 23.208393, 40.887534 ], [ 23.20895, 40.8896 ], [ 23.208591, 40.891237 ], [ 23.208056, 40.89207 ], [ 23.205773, 40.894356 ], [ 23.20568, 40.894797 ], [ 23.2071, 40.897001 ], [ 23.207057, 40.897569 ], [ 23.202497, 40.89869 ], [ 23.201053, 40.899275 ], [ 23.200177, 40.899683 ], [ 23.198411, 40.901485 ], [ 23.198719, 40.902421 ], [ 23.200542, 40.903514 ], [ 23.203254, 40.905632 ], [ 23.208529, 40.911514 ], [ 23.209828, 40.912694 ], [ 23.210879, 40.914683 ], [ 23.211387, 40.917563 ], [ 23.211525, 40.921934 ], [ 23.21119, 40.923492 ], [ 23.210078, 40.926486 ], [ 23.208436, 40.92878 ], [ 23.204569, 40.93299 ], [ 23.203001, 40.935564 ], [ 23.202727, 40.936526 ], [ 23.20371, 40.93665 ], [ 23.205105, 40.936417 ], [ 23.205763, 40.936259 ], [ 23.206634, 40.93563 ], [ 23.209787, 40.933159 ], [ 23.218094, 40.9247 ], [ 23.219388, 40.924105 ], [ 23.220509, 40.924174 ], [ 23.22313, 40.925245 ], [ 23.226702, 40.927065 ], [ 23.230015, 40.928839 ], [ 23.232817, 40.931426 ], [ 23.233858, 40.93199 ], [ 23.234767, 40.932158 ], [ 23.235608, 40.932065 ], [ 23.23735, 40.931374 ], [ 23.243928, 40.927374 ], [ 23.245532, 40.926599 ], [ 23.246493, 40.92629 ], [ 23.247226, 40.926404 ], [ 23.248796, 40.927176 ], [ 23.250101, 40.928891 ], [ 23.251672, 40.93308 ], [ 23.252015, 40.934649 ], [ 23.251783, 40.937477 ], [ 23.251229, 40.939231 ], [ 23.250578, 40.94028 ], [ 23.24918, 40.941202 ], [ 23.249031, 40.941649 ], [ 23.248898, 40.942168 ], [ 23.249162, 40.943609 ], [ 23.256623, 40.946681 ], [ 23.258226, 40.947782 ], [ 23.259534, 40.948211 ], [ 23.260882, 40.949174 ], [ 23.262018, 40.949529 ], [ 23.262524, 40.949436 ], [ 23.262959, 40.948935 ], [ 23.262438, 40.945838 ], [ 23.262495, 40.945245 ], [ 23.262724, 40.945036 ], [ 23.264008, 40.945369 ], [ 23.26611, 40.94699 ], [ 23.266691, 40.946937 ], [ 23.267405, 40.946329 ], [ 23.268314, 40.946296 ], [ 23.269535, 40.947758 ], [ 23.271755, 40.94783 ], [ 23.272333, 40.948063 ], [ 23.273028, 40.949158 ], [ 23.274913, 40.95001 ], [ 23.274997, 40.950837 ], [ 23.276319, 40.950729 ], [ 23.276862, 40.950444 ], [ 23.277653, 40.94942 ], [ 23.276657, 40.94765 ] ] ] ] } },
{ "type": "Feature", "properties": { "MunUnits": "070904", "OID_1": 80, "CODE": "070904", "NAME_GR": "ΔΗΜΟΤΙΚΗ ΕΝΟΤΗΤΑ ΚΑΛΛΙΝΔΟΙΩΝ", "NAME_ENG": "Municipal Unit of Kalindii", "Shape_Leng": 66050.125104000021, "Shape_Area": 153771074.28, "zone": "Regional" }, "geometry": { "type": "MultiPolygon", "coordinates": [ [ [ [ 23.286434, 40.624677 ], [ 23.291045, 40.617521 ], [ 23.296753, 40.609754 ], [ 23.298021, 40.608788 ], [ 23.301108, 40.607471 ], [ 23.305457, 40.607104 ], [ 23.306708, 40.606413 ], [ 23.308137, 40.603333 ], [ 23.310239, 40.60276 ], [ 23.311391, 40.60282 ], [ 23.312644, 40.603201 ], [ 23.316606, 40.605194 ], [ 23.317825, 40.605574 ], [ 23.32259, 40.605656 ], [ 23.324209, 40.604999 ], [ 23.325268, 40.604988 ], [ 23.332138, 40.608895 ], [ 23.33311, 40.608968 ], [ 23.335002, 40.608406 ], [ 23.336994, 40.608171 ], [ 23.338598, 40.608427 ], [ 23.341177, 40.609969 ], [ 23.34342, 40.612001 ], [ 23.344712, 40.612396 ], [ 23.346444, 40.612198 ], [ 23.349492, 40.611185 ], [ 23.352605, 40.610787 ], [ 23.354625, 40.610764 ], [ 23.356495, 40.610932 ], [ 23.360712, 40.612224 ], [ 23.365548, 40.610555 ], [ 23.366208, 40.610591 ], [ 23.369001, 40.612403 ], [ 23.370215, 40.612889 ], [ 23.371078, 40.613028 ], [ 23.375131, 40.612526 ], [ 23.376386, 40.612772 ], [ 23.38131, 40.614859 ], [ 23.382225, 40.614413 ], [ 23.386542, 40.613146 ], [ 23.389399, 40.612866 ], [ 23.391873, 40.612105 ], [ 23.398594, 40.605198 ], [ 23.399135, 40.604279 ], [ 23.399343, 40.602621 ], [ 23.39909, 40.602042 ], [ 23.39789, 40.601077 ], [ 23.396354, 40.600441 ], [ 23.391199, 40.599081 ], [ 23.390181, 40.59855 ], [ 23.393156, 40.596054 ], [ 23.395827, 40.594221 ], [ 23.399139, 40.591311 ], [ 23.402197, 40.590136 ], [ 23.403699, 40.589985 ], [ 23.405255, 40.590123 ], [ 23.40619, 40.589851 ], [ 23.407068, 40.588901 ], [ 23.407792, 40.587035 ], [ 23.405393, 40.586282 ], [ 23.404254, 40.585441 ], [ 23.405565, 40.582437 ], [ 23.407168, 40.579985 ], [ 23.407605, 40.574635 ], [ 23.407414, 40.572465 ], [ 23.406891, 40.571748 ], [ 23.405178, 40.570381 ], [ 23.404332, 40.569409 ], [ 23.403464, 40.568278 ], [ 23.402966, 40.567139 ], [ 23.402942, 40.565917 ], [ 23.40317, 40.564918 ], [ 23.403804, 40.563926 ], [ 23.404265, 40.560189 ], [ 23.405425, 40.556018 ], [ 23.405427, 40.554616 ], [ 23.404685, 40.553326 ], [ 23.40087, 40.550498 ], [ 23.39959, 40.549294 ], [ 23.398686, 40.548029 ], [ 23.3979, 40.546045 ], [ 23.395789, 40.54449 ], [ 23.391855, 40.542428 ], [ 23.390993, 40.5416 ], [ 23.390813, 40.540718 ], [ 23.391478, 40.540121 ], [ 23.393703, 40.539101 ], [ 23.394374, 40.538308 ], [ 23.394428, 40.537659 ], [ 23.394265, 40.536709 ], [ 23.391769, 40.535081 ], [ 23.39005, 40.534414 ], [ 23.387149, 40.533773 ], [ 23.384364, 40.533843 ], [ 23.381053, 40.53449 ], [ 23.379682, 40.535105 ], [ 23.378718, 40.537535 ], [ 23.37805, 40.538466 ], [ 23.377192, 40.538949 ], [ 23.375444, 40.539099 ], [ 23.372822, 40.538358 ], [ 23.372057, 40.537586 ], [ 23.371095, 40.537094 ], [ 23.368737, 40.536459 ], [ 23.365406, 40.533137 ], [ 23.365051, 40.532442 ], [ 23.364928, 40.531521 ], [ 23.364954, 40.531002 ], [ 23.365487, 40.530302 ], [ 23.365426, 40.529883 ], [ 23.364993, 40.529603 ], [ 23.364042, 40.530026 ], [ 23.362439, 40.530252 ], [ 23.361848, 40.530064 ], [ 23.36137, 40.529593 ], [ 23.360854, 40.528486 ], [ 23.360341, 40.528069 ], [ 23.360023, 40.528213 ], [ 23.359526, 40.529856 ], [ 23.359958, 40.532193 ], [ 23.359634, 40.533471 ], [ 23.360299, 40.535871 ], [ 23.359957, 40.539445 ], [ 23.359753, 40.54034 ], [ 23.35893, 40.541509 ], [ 23.357543, 40.542002 ], [ 23.350862, 40.543958 ], [ 23.348932, 40.544272 ], [ 23.346659, 40.544308 ], [ 23.345625, 40.543939 ], [ 23.341856, 40.5409 ], [ 23.339776, 40.539594 ], [ 23.336239, 40.538357 ], [ 23.329128, 40.538345 ], [ 23.32515, 40.538776 ], [ 23.323466, 40.539268 ], [ 23.320241, 40.539273 ], [ 23.319067, 40.539001 ], [ 23.316976, 40.538946 ], [ 23.313993, 40.538175 ], [ 23.311145, 40.537032 ], [ 23.309485, 40.53592 ], [ 23.309462, 40.535378 ], [ 23.309907, 40.534718 ], [ 23.313073, 40.53242 ], [ 23.313603, 40.531601 ], [ 23.311646, 40.529555 ], [ 23.311099, 40.527999 ], [ 23.311313, 40.526714 ], [ 23.311911, 40.525249 ], [ 23.311155, 40.523758 ], [ 23.311206, 40.523324 ], [ 23.312471, 40.521863 ], [ 23.316327, 40.518806 ], [ 23.315998, 40.518157 ], [ 23.311927, 40.514544 ], [ 23.311064, 40.513554 ], [ 23.310885, 40.512977 ], [ 23.310982, 40.512197 ], [ 23.312184, 40.511005 ], [ 23.312229, 40.510713 ], [ 23.312069, 40.50994 ], [ 23.310994, 40.508663 ], [ 23.311067, 40.508118 ], [ 23.315045, 40.504558 ], [ 23.315375, 40.503957 ], [ 23.315421, 40.500991 ], [ 23.316479, 40.499129 ], [ 23.317002, 40.499029 ], [ 23.314876, 40.49739 ], [ 23.313859, 40.496216 ], [ 23.311266, 40.494735 ], [ 23.310695, 40.494049 ], [ 23.310444, 40.493366 ], [ 23.30731, 40.491549 ], [ 23.304284, 40.487281 ], [ 23.303326, 40.486696 ], [ 23.302329, 40.486393 ], [ 23.298358, 40.486342 ], [ 23.29575, 40.486843 ], [ 23.292395, 40.488483 ], [ 23.289005, 40.489084 ], [ 23.282947, 40.487672 ], [ 23.281459, 40.487687 ], [ 23.274319, 40.490886 ], [ 23.272326, 40.491998 ], [ 23.268227, 40.493208 ], [ 23.265166, 40.49508 ], [ 23.263678, 40.495298 ], [ 23.260694, 40.496439 ], [ 23.258163, 40.498524 ], [ 23.254229, 40.50132 ], [ 23.251015, 40.503195 ], [ 23.249353, 40.503726 ], [ 23.248254, 40.502436 ], [ 23.248813, 40.504644 ], [ 23.247954, 40.508922 ], [ 23.245697, 40.514334 ], [ 23.244216, 40.517066 ], [ 23.244371, 40.517623 ], [ 23.246917, 40.521784 ], [ 23.247195, 40.523523 ], [ 23.247074, 40.52621 ], [ 23.247559, 40.527907 ], [ 23.248084, 40.52879 ], [ 23.248895, 40.52932 ], [ 23.249791, 40.52956 ], [ 23.250255, 40.529965 ], [ 23.250359, 40.531398 ], [ 23.249916, 40.532729 ], [ 23.250113, 40.534199 ], [ 23.249923, 40.535313 ], [ 23.249123, 40.536641 ], [ 23.247198, 40.53884 ], [ 23.245876, 40.541151 ], [ 23.244093, 40.543247 ], [ 23.2416, 40.549215 ], [ 23.240671, 40.550192 ], [ 23.236231, 40.553944 ], [ 23.233652, 40.555198 ], [ 23.233879, 40.556259 ], [ 23.235507, 40.558828 ], [ 23.236116, 40.563291 ], [ 23.233523, 40.564645 ], [ 23.227844, 40.566815 ], [ 23.223471, 40.567982 ], [ 23.211469, 40.570409 ], [ 23.203235, 40.572462 ], [ 23.200303, 40.574388 ], [ 23.198173, 40.576338 ], [ 23.199331, 40.579487 ], [ 23.200348, 40.583283 ], [ 23.202169, 40.586744 ], [ 23.202169, 40.591727 ], [ 23.202391, 40.594468 ], [ 23.202779, 40.596295 ], [ 23.204587, 40.600184 ], [ 23.205967, 40.601227 ], [ 23.206795, 40.602162 ], [ 23.207697, 40.60324 ], [ 23.209475, 40.606352 ], [ 23.209869, 40.606471 ], [ 23.212309, 40.606483 ], [ 23.215356, 40.606 ], [ 23.219393, 40.604293 ], [ 23.221217, 40.604026 ], [ 23.222698, 40.604061 ], [ 23.226459, 40.604362 ], [ 23.238281, 40.607328 ], [ 23.240186, 40.608154 ], [ 23.243384, 40.610593 ], [ 23.247715, 40.613075 ], [ 23.248707, 40.613278 ], [ 23.250272, 40.612918 ], [ 23.254369, 40.614382 ], [ 23.263027, 40.618631 ], [ 23.265323, 40.61885 ], [ 23.267168, 40.618425 ], [ 23.269508, 40.618796 ], [ 23.272835, 40.620276 ], [ 23.279699, 40.622256 ], [ 23.283824, 40.623937 ], [ 23.286434, 40.624677 ] ] ] ] } },
{ "type": "Feature", "properties": { "MunUnits": "070905", "OID_1": 81, "CODE": "070905", "NAME_GR": "ΔΗΜΟΤΙΚΗ ΕΝΟΤΗΤΑ ΚΟΡΩΝΕΙΑΣ", "NAME_ENG": "Municipal Unit of Koronia", "Shape_Leng": 53872.870766499997, "Shape_Area": 105550260.913, "zone": "Regional" }, "geometry": { "type": "MultiPolygon", "coordinates": [ [ [ [ 23.137255, 40.68386 ], [ 23.157754, 40.683372 ], [ 23.185006, 40.682127 ], [ 23.191529, 40.681463 ], [ 23.205509, 40.6791 ], [ 23.208223, 40.678876 ], [ 23.208476, 40.678434 ], [ 23.20825, 40.67734 ], [ 23.205224, 40.66928 ], [ 23.207185, 40.668596 ], [ 23.214804, 40.666707 ], [ 23.217097, 40.665878 ], [ 23.218514, 40.665134 ], [ 23.219292, 40.664452 ], [ 23.21978, 40.663565 ], [ 23.22056, 40.662782 ], [ 23.222619, 40.661602 ], [ 23.230935, 40.658968 ], [ 23.236394, 40.657669 ], [ 23.243285, 40.655598 ], [ 23.246924, 40.654098 ], [ 23.250639, 40.652163 ], [ 23.256024, 40.639903 ], [ 23.258092, 40.636493 ], [ 23.25809, 40.63606 ], [ 23.257683, 40.635471 ], [ 23.256808, 40.634917 ], [ 23.255592, 40.634508 ], [ 23.255269, 40.634265 ], [ 23.255223, 40.633705 ], [ 23.255894, 40.633111 ], [ 23.259365, 40.628453 ], [ 23.265978, 40.620293 ], [ 23.267168, 40.618425 ], [ 23.265323, 40.61885 ], [ 23.263027, 40.618631 ], [ 23.254369, 40.614382 ], [ 23.250272, 40.612918 ], [ 23.248707, 40.613278 ], [ 23.247715, 40.613075 ], [ 23.243384, 40.610593 ], [ 23.240186, 40.608154 ], [ 23.238281, 40.607328 ], [ 23.226459, 40.604362 ], [ 23.222698, 40.604061 ], [ 23.221217, 40.604026 ], [ 23.219393, 40.604293 ], [ 23.215356, 40.606 ], [ 23.212309, 40.606483 ], [ 23.209869, 40.606471 ], [ 23.209475, 40.606352 ], [ 23.207697, 40.60324 ], [ 23.206795, 40.602162 ], [ 23.205967, 40.601227 ], [ 23.204587, 40.600184 ], [ 23.202779, 40.596295 ], [ 23.202391, 40.594468 ], [ 23.202169, 40.591727 ], [ 23.202169, 40.586744 ], [ 23.200348, 40.583283 ], [ 23.199331, 40.579487 ], [ 23.198173, 40.576338 ], [ 23.197041, 40.575067 ], [ 23.194301, 40.570863 ], [ 23.193602, 40.569262 ], [ 23.188248, 40.568865 ], [ 23.183725, 40.569212 ], [ 23.178844, 40.569024 ], [ 23.17574, 40.569199 ], [ 23.17156, 40.570396 ], [ 23.169417, 40.571848 ], [ 23.166633, 40.57421 ], [ 23.165908, 40.574681 ], [ 23.16515, 40.574845 ], [ 23.161189, 40.576721 ], [ 23.155915, 40.579848 ], [ 23.15436, 40.5798 ], [ 23.151442, 40.580544 ], [ 23.148157, 40.581971 ], [ 23.146334, 40.583101 ], [ 23.144327, 40.585014 ], [ 23.142636, 40.588255 ], [ 23.14199, 40.588925 ], [ 23.140457, 40.589777 ], [ 23.140093, 40.590503 ], [ 23.140121, 40.591073 ], [ 23.142073, 40.593488 ], [ 23.142313, 40.594137 ], [ 23.14209, 40.595 ], [ 23.141228, 40.595938 ], [ 23.137334, 40.598501 ], [ 23.136366, 40.599411 ], [ 23.135693, 40.59946 ], [ 23.134783, 40.599204 ], [ 23.134364, 40.599249 ], [ 23.134121, 40.599581 ], [ 23.134212, 40.600204 ], [ 23.135112, 40.601495 ], [ 23.136664, 40.603214 ], [ 23.137984, 40.604378 ], [ 23.142058, 40.606747 ], [ 23.145546, 40.608215 ], [ 23.148612, 40.60842 ], [ 23.149877, 40.609174 ], [ 23.152782, 40.609529 ], [ 23.156447, 40.611226 ], [ 23.157395, 40.611917 ], [ 23.158089, 40.612781 ], [ 23.158296, 40.614733 ], [ 23.160057, 40.617342 ], [ 23.160334, 40.619383 ], [ 23.160751, 40.620169 ], [ 23.163484, 40.62227 ], [ 23.164727, 40.623679 ], [ 23.163595, 40.625425 ], [ 23.163251, 40.626685 ], [ 23.163247, 40.628209 ], [ 23.16187, 40.634466 ], [ 23.161468, 40.635589 ], [ 23.160629, 40.636176 ], [ 23.158149, 40.635802 ], [ 23.155207, 40.635818 ], [ 23.153222, 40.636463 ], [ 23.148797, 40.638445 ], [ 23.145405, 40.638308 ], [ 23.142145, 40.638659 ], [ 23.14088, 40.638989 ], [ 23.138493, 40.640044 ], [ 23.137698, 40.640179 ], [ 23.136804, 40.639956 ], [ 23.135917, 40.64002 ], [ 23.132813, 40.641164 ], [ 23.130771, 40.64155 ], [ 23.123615, 40.642318 ], [ 23.121109, 40.643014 ], [ 23.117774, 40.644684 ], [ 23.112166, 40.646489 ], [ 23.107751, 40.648319 ], [ 23.107226, 40.648081 ], [ 23.101794, 40.641891 ], [ 23.089113, 40.648442 ], [ 23.077313, 40.653635 ], [ 23.074979, 40.654269 ], [ 23.07508, 40.6559 ], [ 23.075679, 40.657476 ], [ 23.076326, 40.658518 ], [ 23.077805, 40.660223 ], [ 23.083929, 40.665574 ], [ 23.083505, 40.666675 ], [ 23.08021, 40.668861 ], [ 23.079577, 40.66971 ], [ 23.07963, 40.670229 ], [ 23.080088, 40.671183 ], [ 23.081481, 40.672578 ], [ 23.08558, 40.676119 ], [ 23.093278, 40.678742 ], [ 23.102802, 40.681226 ], [ 23.111878, 40.682791 ], [ 23.116342, 40.68335 ], [ 23.1201, 40.683188 ], [ 23.137255, 40.68386 ] ] ] ] } },
{ "type": "Feature", "properties": { "MunUnits": "070906", "OID_1": 82, "CODE": "070906", "NAME_GR": "ΔΗΜΟΤΙΚΗ ΕΝΟΤΗΤΑ ΛΑΧΑΝΑ", "NAME_ENG": "Municipal Unit of Lachanas", "Shape_Leng": 94753.151941699994, "Shape_Area": 210739598.581, "zone": "Regional" }, "geometry": { "type": "MultiPolygon", "coordinates": [ [ [ [ 23.257148, 40.993005 ], [ 23.25736, 40.99114 ], [ 23.258726, 40.988582 ], [ 23.259138, 40.98585 ], [ 23.258963, 40.984433 ], [ 23.258378, 40.982883 ], [ 23.258312, 40.981564 ], [ 23.258418, 40.981085 ], [ 23.260457, 40.978463 ], [ 23.260666, 40.977741 ], [ 23.260291, 40.975346 ], [ 23.261217, 40.973456 ], [ 23.261276, 40.972679 ], [ 23.260899, 40.971268 ], [ 23.260899, 40.970369 ], [ 23.262063, 40.968716 ], [ 23.26532, 40.965957 ], [ 23.266521, 40.964517 ], [ 23.268306, 40.963074 ], [ 23.269386, 40.961755 ], [ 23.272296, 40.955634 ], [ 23.273531, 40.953875 ], [ 23.274997, 40.950837 ], [ 23.274913, 40.95001 ], [ 23.273028, 40.949158 ], [ 23.272333, 40.948063 ], [ 23.271755, 40.94783 ], [ 23.269535, 40.947758 ], [ 23.268314, 40.946296 ], [ 23.267405, 40.946329 ], [ 23.266691, 40.946937 ], [ 23.26611, 40.94699 ], [ 23.264008, 40.945369 ], [ 23.262724, 40.945036 ], [ 23.262495, 40.945245 ], [ 23.262438, 40.945838 ], [ 23.262959, 40.948935 ], [ 23.262524, 40.949436 ], [ 23.262018, 40.949529 ], [ 23.260882, 40.949174 ], [ 23.259534, 40.948211 ], [ 23.258226, 40.947782 ], [ 23.256623, 40.946681 ], [ 23.249162, 40.943609 ], [ 23.248898, 40.942168 ], [ 23.249031, 40.941649 ], [ 23.24918, 40.941202 ], [ 23.250578, 40.94028 ], [ 23.251229, 40.939231 ], [ 23.251783, 40.937477 ], [ 23.252015, 40.934649 ], [ 23.251672, 40.93308 ], [ 23.250101, 40.928891 ], [ 23.248796, 40.927176 ], [ 23.247226, 40.926404 ], [ 23.246493, 40.92629 ], [ 23.245532, 40.926599 ], [ 23.243928, 40.927374 ], [ 23.23735, 40.931374 ], [ 23.235608, 40.932065 ], [ 23.234767, 40.932158 ], [ 23.233858, 40.93199 ], [ 23.232817, 40.931426 ], [ 23.230015, 40.928839 ], [ 23.226702, 40.927065 ], [ 23.22313, 40.925245 ], [ 23.220509, 40.924174 ], [ 23.219388, 40.924105 ], [ 23.218094, 40.9247 ], [ 23.209787, 40.933159 ], [ 23.206634, 40.93563 ], [ 23.205763, 40.936259 ], [ 23.205105, 40.936417 ], [ 23.20371, 40.93665 ], [ 23.202727, 40.936526 ], [ 23.203001, 40.935564 ], [ 23.204569, 40.93299 ], [ 23.208436, 40.92878 ], [ 23.210078, 40.926486 ], [ 23.21119, 40.923492 ], [ 23.211525, 40.921934 ], [ 23.211387, 40.917563 ], [ 23.210879, 40.914683 ], [ 23.209828, 40.912694 ], [ 23.208529, 40.911514 ], [ 23.203254, 40.905632 ], [ 23.200542, 40.903514 ], [ 23.198719, 40.902421 ], [ 23.198411, 40.901485 ], [ 23.200177, 40.899683 ], [ 23.201053, 40.899275 ], [ 23.202497, 40.89869 ], [ 23.207057, 40.897569 ], [ 23.2071, 40.897001 ], [ 23.20568, 40.894797 ], [ 23.205773, 40.894356 ], [ 23.208056, 40.89207 ], [ 23.208591, 40.891237 ], [ 23.20895, 40.8896 ], [ 23.208393, 40.887534 ], [ 23.208926, 40.88615 ], [ 23.20867, 40.884617 ], [ 23.208369, 40.884092 ], [ 23.205692, 40.882704 ], [ 23.204223, 40.88139 ], [ 23.203997, 40.880813 ], [ 23.203953, 40.877122 ], [ 23.204687, 40.874231 ], [ 23.203947, 40.87273 ], [ 23.202398, 40.871078 ], [ 23.19708, 40.869097 ], [ 23.190579, 40.86984 ], [ 23.184929, 40.867579 ], [ 23.182143, 40.866747 ], [ 23.176885, 40.866362 ], [ 23.173871, 40.866423 ], [ 23.172863, 40.866681 ], [ 23.169784, 40.868449 ], [ 23.168802, 40.868376 ], [ 23.16661, 40.867266 ], [ 23.16602, 40.867278 ], [ 23.164194, 40.86854 ], [ 23.162973, 40.868218 ], [ 23.160392, 40.866823 ], [ 23.15963, 40.866695 ], [ 23.157723, 40.867152 ], [ 23.157395, 40.866958 ], [ 23.156651, 40.865602 ], [ 23.15556, 40.865561 ], [ 23.154834, 40.86597 ], [ 23.15455, 40.865865 ], [ 23.154067, 40.864456 ], [ 23.153806, 40.864354 ], [ 23.1514, 40.864718 ], [ 23.150136, 40.863874 ], [ 23.149221, 40.863771 ], [ 23.148519, 40.864031 ], [ 23.14795, 40.86522 ], [ 23.147846, 40.86614 ], [ 23.146495, 40.86742 ], [ 23.144596, 40.867959 ], [ 23.140461, 40.86795 ], [ 23.139212, 40.867697 ], [ 23.135238, 40.86654 ], [ 23.134149, 40.866083 ], [ 23.133401, 40.865375 ], [ 23.130679, 40.862252 ], [ 23.130683, 40.861919 ], [ 23.130945, 40.861748 ], [ 23.133793, 40.86143 ], [ 23.133326, 40.859429 ], [ 23.133568, 40.857775 ], [ 23.133286, 40.857344 ], [ 23.132764, 40.857235 ], [ 23.131248, 40.857567 ], [ 23.130802, 40.857194 ], [ 23.130717, 40.856833 ], [ 23.129033, 40.856106 ], [ 23.127647, 40.855774 ], [ 23.126401, 40.855747 ], [ 23.124359, 40.854956 ], [ 23.124496, 40.854141 ], [ 23.127206, 40.852861 ], [ 23.127516, 40.851566 ], [ 23.128996, 40.850145 ], [ 23.128969, 40.848073 ], [ 23.128505, 40.84695 ], [ 23.124994, 40.844683 ], [ 23.116707, 40.840398 ], [ 23.114612, 40.838631 ], [ 23.112194, 40.835817 ], [ 23.111534, 40.833905 ], [ 23.110807, 40.832629 ], [ 23.110469, 40.830717 ], [ 23.109435, 40.829222 ], [ 23.109124, 40.827743 ], [ 23.108564, 40.82756 ], [ 23.108076, 40.827664 ], [ 23.106753, 40.828278 ], [ 23.106334, 40.828036 ], [ 23.106106, 40.827503 ], [ 23.105604, 40.827211 ], [ 23.105123, 40.827246 ], [ 23.103914, 40.828081 ], [ 23.103283, 40.829264 ], [ 23.10238, 40.829789 ], [ 23.1016, 40.829846 ], [ 23.100523, 40.829514 ], [ 23.100461, 40.828855 ], [ 23.100849, 40.827669 ], [ 23.100215, 40.827069 ], [ 23.09944, 40.826731 ], [ 23.09833, 40.826696 ], [ 23.097668, 40.827034 ], [ 23.097461, 40.827526 ], [ 23.09587, 40.827658 ], [ 23.095222, 40.828638 ], [ 23.094622, 40.82893 ], [ 23.094294, 40.828912 ], [ 23.09374, 40.828434 ], [ 23.093731, 40.827971 ], [ 23.091796, 40.828299 ], [ 23.090714, 40.827791 ], [ 23.090025, 40.827287 ], [ 23.089689, 40.826243 ], [ 23.088051, 40.82704 ], [ 23.087203, 40.828544 ], [ 23.086636, 40.831372 ], [ 23.087379, 40.833326 ], [ 23.088358, 40.834114 ], [ 23.090217, 40.834852 ], [ 23.090541, 40.835328 ], [ 23.090415, 40.836441 ], [ 23.09114, 40.837059 ], [ 23.09231, 40.837291 ], [ 23.093117, 40.837214 ], [ 23.093694, 40.837942 ], [ 23.09349, 40.839444 ], [ 23.09459, 40.84204 ], [ 23.094434, 40.842792 ], [ 23.09077, 40.845325 ], [ 23.088681, 40.848036 ], [ 23.085717, 40.850268 ], [ 23.079723, 40.853603 ], [ 23.071983, 40.857006 ], [ 23.071372, 40.857639 ], [ 23.070943, 40.857722 ], [ 23.064216, 40.855677 ], [ 23.063101, 40.855971 ], [ 23.062009, 40.856546 ], [ 23.055892, 40.855782 ], [ 23.04811, 40.855848 ], [ 23.044438, 40.856083 ], [ 23.040142, 40.856782 ], [ 23.036474, 40.858256 ], [ 23.035161, 40.859539 ], [ 23.034153, 40.860945 ], [ 23.033486, 40.862353 ], [ 23.033034, 40.86401 ], [ 23.033173, 40.868164 ], [ 23.03377, 40.87159 ], [ 23.034198, 40.873526 ], [ 23.035115, 40.875843 ], [ 23.036189, 40.877814 ], [ 23.037454, 40.879138 ], [ 23.0388, 40.882966 ], [ 23.039223, 40.88615 ], [ 23.039774, 40.887539 ], [ 23.040666, 40.888961 ], [ 23.041117, 40.890712 ], [ 23.040859, 40.891386 ], [ 23.040241, 40.892045 ], [ 23.036742, 40.894533 ], [ 23.035149, 40.895232 ], [ 23.033228, 40.895737 ], [ 23.028471, 40.896044 ], [ 23.026195, 40.89562 ], [ 23.022768, 40.893902 ], [ 23.020279, 40.891963 ], [ 23.019192, 40.890858 ], [ 23.015993, 40.886069 ], [ 23.015412, 40.884246 ], [ 23.015175, 40.882282 ], [ 23.015339, 40.876368 ], [ 23.015023, 40.874605 ], [ 23.01428, 40.872734 ], [ 23.013615, 40.872022 ], [ 23.012234, 40.871596 ], [ 23.007439, 40.872675 ], [ 23.006641, 40.872668 ], [ 23.005849, 40.872207 ], [ 23.003077, 40.871647 ], [ 23.004501, 40.87342 ], [ 23.006167, 40.874956 ], [ 23.008817, 40.876486 ], [ 23.010967, 40.876688 ], [ 23.012554, 40.877307 ], [ 23.01256, 40.878167 ], [ 23.010574, 40.881883 ], [ 23.010824, 40.88259 ], [ 23.012016, 40.88353 ], [ 23.011926, 40.8846 ], [ 23.011222, 40.885735 ], [ 23.011153, 40.886678 ], [ 23.011241, 40.886947 ], [ 23.014216, 40.889184 ], [ 23.015687, 40.891395 ], [ 23.015719, 40.891719 ], [ 23.015249, 40.892124 ], [ 23.013738, 40.89259 ], [ 23.013487, 40.893207 ], [ 23.01366, 40.894096 ], [ 23.014295, 40.89506 ], [ 23.013759, 40.896154 ], [ 23.013826, 40.896648 ], [ 23.014532, 40.897908 ], [ 23.01454, 40.899838 ], [ 23.015449, 40.901142 ], [ 23.01565, 40.902387 ], [ 23.014961, 40.902786 ], [ 23.014478, 40.902754 ], [ 23.012187, 40.90203 ], [ 23.011942, 40.902253 ], [ 23.012059, 40.903128 ], [ 23.010842, 40.903808 ], [ 23.0108, 40.904089 ], [ 23.011592, 40.904575 ], [ 23.013712, 40.904865 ], [ 23.013631, 40.906373 ], [ 23.015167, 40.90762 ], [ 23.015604, 40.908244 ], [ 23.016002, 40.908938 ], [ 23.016353, 40.910336 ], [ 23.016287, 40.911441 ], [ 23.015913, 40.912417 ], [ 23.012748, 40.915503 ], [ 23.011893, 40.91799 ], [ 23.010867, 40.919843 ], [ 23.011491, 40.922579 ], [ 23.011297, 40.923099 ], [ 23.010143, 40.92454 ], [ 23.010139, 40.924808 ], [ 23.010482, 40.925459 ], [ 23.012022, 40.926796 ], [ 23.012281, 40.92839 ], [ 23.013013, 40.929747 ], [ 23.012867, 40.930663 ], [ 23.011886, 40.931588 ], [ 23.011215, 40.932619 ], [ 23.010773, 40.934038 ], [ 23.009909, 40.935513 ], [ 23.008025, 40.936816 ], [ 23.007582, 40.937622 ], [ 23.010048, 40.938281 ], [ 23.012289, 40.93817 ], [ 23.018801, 40.938484 ], [ 23.021139, 40.939329 ], [ 23.02637, 40.943377 ], [ 23.027897, 40.944195 ], [ 23.03044, 40.944828 ], [ 23.032091, 40.944998 ], [ 23.040534, 40.944007 ], [ 23.041175, 40.944134 ], [ 23.042714, 40.945731 ], [ 23.046476, 40.946024 ], [ 23.049997, 40.94715 ], [ 23.05325, 40.947682 ], [ 23.056654, 40.948998 ], [ 23.058071, 40.951047 ], [ 23.058915, 40.951472 ], [ 23.067326, 40.952777 ], [ 23.070989, 40.951988 ], [ 23.071747, 40.951994 ], [ 23.072731, 40.952228 ], [ 23.07524, 40.953537 ], [ 23.078841, 40.953862 ], [ 23.080784, 40.954539 ], [ 23.083565, 40.956076 ], [ 23.085963, 40.95707 ], [ 23.086636, 40.95826 ], [ 23.086893, 40.959585 ], [ 23.086393, 40.962524 ], [ 23.086795, 40.965035 ], [ 23.086574, 40.968765 ], [ 23.088349, 40.968836 ], [ 23.089848, 40.969693 ], [ 23.090859, 40.969766 ], [ 23.09135, 40.969546 ], [ 23.091615, 40.969152 ], [ 23.092165, 40.966406 ], [ 23.094222, 40.963343 ], [ 23.095056, 40.960685 ], [ 23.096385, 40.958591 ], [ 23.098666, 40.955899 ], [ 23.104953, 40.95185 ], [ 23.107493, 40.949698 ], [ 23.110527, 40.948064 ], [ 23.111672, 40.947729 ], [ 23.114048, 40.947554 ], [ 23.120541, 40.94794 ], [ 23.121785, 40.947613 ], [ 23.124332, 40.946146 ], [ 23.124729, 40.948598 ], [ 23.12459, 40.951058 ], [ 23.124939, 40.952816 ], [ 23.12567, 40.953931 ], [ 23.126856, 40.954747 ], [ 23.127917, 40.955037 ], [ 23.133248, 40.955317 ], [ 23.139251, 40.954428 ], [ 23.145932, 40.953797 ], [ 23.156992, 40.95478 ], [ 23.159493, 40.955488 ], [ 23.160765, 40.956244 ], [ 23.162112, 40.958963 ], [ 23.162651, 40.959516 ], [ 23.17066, 40.963502 ], [ 23.171677, 40.963969 ], [ 23.172649, 40.964996 ], [ 23.173157, 40.968967 ], [ 23.175282, 40.973879 ], [ 23.177237, 40.977002 ], [ 23.181866, 40.982975 ], [ 23.183791, 40.984252 ], [ 23.184891, 40.984658 ], [ 23.187267, 40.984918 ], [ 23.19456, 40.984781 ], [ 23.195712, 40.985213 ], [ 23.198823, 40.987252 ], [ 23.200811, 40.987751 ], [ 23.203852, 40.988145 ], [ 23.206064, 40.989267 ], [ 23.208037, 40.98989 ], [ 23.21047, 40.991406 ], [ 23.215111, 40.992009 ], [ 23.217649, 40.992596 ], [ 23.220438, 40.992263 ], [ 23.221074, 40.992364 ], [ 23.222904, 40.994366 ], [ 23.224991, 40.995785 ], [ 23.226122, 40.998037 ], [ 23.227437, 40.998385 ], [ 23.230683, 40.998567 ], [ 23.233392, 40.999981 ], [ 23.235954, 41.000168 ], [ 23.238355, 41.001315 ], [ 23.238942, 41.002224 ], [ 23.23888, 41.003656 ], [ 23.239203, 41.004811 ], [ 23.240374, 41.006035 ], [ 23.242649, 41.003062 ], [ 23.243984, 41.002678 ], [ 23.245087, 41.001906 ], [ 23.246538, 41.001623 ], [ 23.247997, 41.000609 ], [ 23.255237, 40.998021 ], [ 23.256999, 40.996342 ], [ 23.25731, 40.995611 ], [ 23.257148, 40.993005 ] ] ] ] } },
{ "type": "Feature", "properties": { "MunUnits": "070907", "OID_1": 83, "CODE": "070907", "NAME_GR": "ΔΗΜΟΤΙΚΗ ΕΝΟΤΗΤΑ ΣΟΧΟΥ", "NAME_ENG": "Municipal Unit of Sochos", "Shape_Leng": 106192.019078, "Shape_Area": 281775236.29000002, "zone": "Regional" }, "geometry": { "type": "MultiPolygon", "coordinates": [ [ [ [ 23.299536, 40.951656 ], [ 23.300149, 40.95104 ], [ 23.300374, 40.949574 ], [ 23.300633, 40.949363 ], [ 23.301332, 40.949474 ], [ 23.302847, 40.9503 ], [ 23.303561, 40.950424 ], [ 23.304216, 40.950269 ], [ 23.305999, 40.949307 ], [ 23.307726, 40.94693 ], [ 23.308136, 40.946662 ], [ 23.310551, 40.946717 ], [ 23.311223, 40.94711 ], [ 23.312, 40.949068 ], [ 23.31232, 40.949292 ], [ 23.313509, 40.949405 ], [ 23.314724, 40.949165 ], [ 23.315338, 40.948426 ], [ 23.315344, 40.947913 ], [ 23.314587, 40.946635 ], [ 23.314966, 40.946089 ], [ 23.315316, 40.946091 ], [ 23.316186, 40.947653 ], [ 23.317047, 40.947852 ], [ 23.318231, 40.947239 ], [ 23.318328, 40.946492 ], [ 23.318142, 40.945666 ], [ 23.320825, 40.946971 ], [ 23.321443, 40.946799 ], [ 23.322125, 40.946255 ], [ 23.321947, 40.945405 ], [ 23.322089, 40.945194 ], [ 23.32349, 40.945061 ], [ 23.323819, 40.94485 ], [ 23.323897, 40.944002 ], [ 23.323661, 40.943559 ], [ 23.323798, 40.942938 ], [ 23.323536, 40.942522 ], [ 23.323644, 40.942177 ], [ 23.324035, 40.941583 ], [ 23.32511, 40.940767 ], [ 23.324307, 40.940629 ], [ 23.322835, 40.940913 ], [ 23.322364, 40.940751 ], [ 23.322168, 40.940182 ], [ 23.325009, 40.93871 ], [ 23.325949, 40.939167 ], [ 23.328187, 40.940944 ], [ 23.330093, 40.941048 ], [ 23.33061, 40.94182 ], [ 23.331741, 40.942371 ], [ 23.332257, 40.943302 ], [ 23.333263, 40.943521 ], [ 23.333957, 40.942967 ], [ 23.334164, 40.941536 ], [ 23.334013, 40.940819 ], [ 23.332467, 40.938543 ], [ 23.331154, 40.937497 ], [ 23.330769, 40.936649 ], [ 23.330666, 40.935156 ], [ 23.331008, 40.933786 ], [ 23.332742, 40.932244 ], [ 23.334684, 40.930902 ], [ 23.335267, 40.930239 ], [ 23.335685, 40.929137 ], [ 23.335763, 40.928253 ], [ 23.334661, 40.925937 ], [ 23.33438, 40.923607 ], [ 23.333749, 40.921798 ], [ 23.333666, 40.921163 ], [ 23.334009, 40.920359 ], [ 23.341253, 40.917916 ], [ 23.341824, 40.917845 ], [ 23.344236, 40.918687 ], [ 23.345486, 40.918605 ], [ 23.346454, 40.918133 ], [ 23.348397, 40.916562 ], [ 23.350222, 40.916087 ], [ 23.351883, 40.914179 ], [ 23.355485, 40.912893 ], [ 23.356397, 40.912021 ], [ 23.356788, 40.910731 ], [ 23.356843, 40.907697 ], [ 23.357291, 40.905668 ], [ 23.357059, 40.903052 ], [ 23.357316, 40.901621 ], [ 23.357896, 40.90057 ], [ 23.358032, 40.897418 ], [ 23.358777, 40.896017 ], [ 23.360452, 40.895152 ], [ 23.360635, 40.8939 ], [ 23.360438, 40.890882 ], [ 23.360558, 40.888922 ], [ 23.362005, 40.885662 ], [ 23.361709, 40.884129 ], [ 23.360657, 40.881498 ], [ 23.360937, 40.880436 ], [ 23.360534, 40.8742 ], [ 23.360965, 40.872144 ], [ 23.36282, 40.869071 ], [ 23.362877, 40.868447 ], [ 23.362468, 40.866884 ], [ 23.362566, 40.866046 ], [ 23.364459, 40.862925 ], [ 23.365109, 40.862226 ], [ 23.366169, 40.861578 ], [ 23.367599, 40.859554 ], [ 23.36789, 40.857607 ], [ 23.370378, 40.85589 ], [ 23.37377, 40.854533 ], [ 23.374937, 40.853437 ], [ 23.375841, 40.852906 ], [ 23.376461, 40.852597 ], [ 23.377503, 40.852456 ], [ 23.37925, 40.852514 ], [ 23.387202, 40.85404 ], [ 23.387757, 40.85376 ], [ 23.387936, 40.852434 ], [ 23.388608, 40.852037 ], [ 23.389574, 40.851963 ], [ 23.391461, 40.85333 ], [ 23.392409, 40.853638 ], [ 23.393283, 40.853652 ], [ 23.395664, 40.854787 ], [ 23.396858, 40.855537 ], [ 23.397714, 40.856402 ], [ 23.399787, 40.856452 ], [ 23.400636, 40.85725 ], [ 23.40137, 40.857618 ], [ 23.404097, 40.857294 ], [ 23.406801, 40.857842 ], [ 23.408808, 40.857331 ], [ 23.410841, 40.857979 ], [ 23.411922, 40.857763 ], [ 23.413118, 40.858095 ], [ 23.413977, 40.857891 ], [ 23.414976, 40.857311 ], [ 23.417637, 40.858534 ], [ 23.418784, 40.858709 ], [ 23.421215, 40.856978 ], [ 23.422693, 40.856426 ], [ 23.423327, 40.856403 ], [ 23.425186, 40.857336 ], [ 23.427392, 40.859354 ], [ 23.430721, 40.859433 ], [ 23.431788, 40.859669 ], [ 23.432704, 40.860399 ], [ 23.434162, 40.86097 ], [ 23.434815, 40.862382 ], [ 23.435396, 40.862693 ], [ 23.437235, 40.862181 ], [ 23.439068, 40.862267 ], [ 23.442039, 40.860881 ], [ 23.444804, 40.861133 ], [ 23.445507, 40.860487 ], [ 23.445849, 40.858644 ], [ 23.445441, 40.857642 ], [ 23.441338, 40.854564 ], [ 23.439584, 40.851814 ], [ 23.438671, 40.849247 ], [ 23.438669, 40.848205 ], [ 23.439195, 40.847216 ], [ 23.44101, 40.845448 ], [ 23.443941, 40.843301 ], [ 23.444274, 40.842474 ], [ 23.444233, 40.842021 ], [ 23.443524, 40.840711 ], [ 23.443963, 40.839338 ], [ 23.44391, 40.837638 ], [ 23.442966, 40.836121 ], [ 23.441838, 40.835075 ], [ 23.43998, 40.832732 ], [ 23.439282, 40.831293 ], [ 23.439251, 40.830215 ], [ 23.439476, 40.829639 ], [ 23.4401, 40.829171 ], [ 23.441261, 40.828934 ], [ 23.4432, 40.828989 ], [ 23.443881, 40.828674 ], [ 23.440671, 40.823127 ], [ 23.439185, 40.819657 ], [ 23.437561, 40.818037 ], [ 23.434121, 40.816103 ], [ 23.431541, 40.814971 ], [ 23.431185, 40.81455 ], [ 23.432553, 40.812644 ], [ 23.433012, 40.810925 ], [ 23.432884, 40.808231 ], [ 23.432497, 40.806457 ], [ 23.434004, 40.80521 ], [ 23.436344, 40.803728 ], [ 23.43797, 40.802083 ], [ 23.440331, 40.800151 ], [ 23.443154, 40.798247 ], [ 23.448965, 40.795818 ], [ 23.455967, 40.793412 ], [ 23.453725, 40.791467 ], [ 23.452529, 40.790112 ], [ 23.445643, 40.781377 ], [ 23.445067, 40.780374 ], [ 23.440727, 40.773726 ], [ 23.437157, 40.769316 ], [ 23.435747, 40.76665 ], [ 23.43444, 40.764788 ], [ 23.433841, 40.764903 ], [ 23.432635, 40.766035 ], [ 23.427904, 40.768912 ], [ 23.425904, 40.769361 ], [ 23.424881, 40.769256 ], [ 23.420802, 40.767159 ], [ 23.420464, 40.766698 ], [ 23.420186, 40.765432 ], [ 23.420027, 40.763413 ], [ 23.420754, 40.757514 ], [ 23.42162, 40.754777 ], [ 23.423929, 40.751699 ], [ 23.426404, 40.749221 ], [ 23.426639, 40.748099 ], [ 23.427444, 40.746146 ], [ 23.426723, 40.743367 ], [ 23.425345, 40.740387 ], [ 23.424892, 40.737886 ], [ 23.425252, 40.733054 ], [ 23.42634, 40.730483 ], [ 23.42695, 40.730109 ], [ 23.428661, 40.729864 ], [ 23.432232, 40.730035 ], [ 23.43999, 40.730852 ], [ 23.442333, 40.730837 ], [ 23.441489, 40.730255 ], [ 23.439844, 40.729675 ], [ 23.425307, 40.725577 ], [ 23.422412, 40.7249 ], [ 23.418242, 40.724605 ], [ 23.415722, 40.724054 ], [ 23.413594, 40.723268 ], [ 23.413015, 40.722822 ], [ 23.41055, 40.718932 ], [ 23.407739, 40.715761 ], [ 23.405612, 40.712169 ], [ 23.404307, 40.709427 ], [ 23.401103, 40.704304 ], [ 23.399557, 40.702833 ], [ 23.398695, 40.70161 ], [ 23.398067, 40.698671 ], [ 23.399382, 40.692659 ], [ 23.40464, 40.682385 ], [ 23.40511, 40.681261 ], [ 23.405128, 40.679902 ], [ 23.402329, 40.681343 ], [ 23.396893, 40.683529 ], [ 23.389943, 40.685417 ], [ 23.385961, 40.687168 ], [ 23.382504, 40.689282 ], [ 23.381757, 40.690237 ], [ 23.381137, 40.691518 ], [ 23.381086, 40.693096 ], [ 23.38149, 40.694718 ], [ 23.382717, 40.69773 ], [ 23.386539, 40.70473 ], [ 23.388182, 40.708127 ], [ 23.388682, 40.710001 ], [ 23.388952, 40.712316 ], [ 23.388833, 40.713354 ], [ 23.388186, 40.714724 ], [ 23.386531, 40.716468 ], [ 23.385333, 40.716831 ], [ 23.384103, 40.716852 ], [ 23.379095, 40.715545 ], [ 23.377608, 40.715447 ], [ 23.37677, 40.715749 ], [ 23.376128, 40.71625 ], [ 23.373514, 40.721614 ], [ 23.372633, 40.722426 ], [ 23.37064, 40.723467 ], [ 23.366438, 40.725106 ], [ 23.361864, 40.72767 ], [ 23.359847, 40.729168 ], [ 23.358004, 40.729753 ], [ 23.350724, 40.729629 ], [ 23.347779, 40.72928 ], [ 23.341682, 40.727377 ], [ 23.337776, 40.726676 ], [ 23.334976, 40.726424 ], [ 23.331028, 40.725393 ], [ 23.3251, 40.723011 ], [ 23.320724, 40.722102 ], [ 23.319971, 40.722153 ], [ 23.319034, 40.722855 ], [ 23.316889, 40.723806 ], [ 23.314241, 40.724662 ], [ 23.304916, 40.72693 ], [ 23.301945, 40.72859 ], [ 23.300223, 40.729211 ], [ 23.298885, 40.730457 ], [ 23.298485, 40.731581 ], [ 23.297577, 40.73944 ], [ 23.297094, 40.741461 ], [ 23.296837, 40.747638 ], [ 23.29659, 40.749079 ], [ 23.311474, 40.759136 ], [ 23.318881, 40.763203 ], [ 23.324501, 40.765671 ], [ 23.320541, 40.767617 ], [ 23.315861, 40.768829 ], [ 23.312966, 40.769098 ], [ 23.301819, 40.769693 ], [ 23.300737, 40.769564 ], [ 23.298572, 40.768484 ], [ 23.297237, 40.767249 ], [ 23.293297, 40.767382 ], [ 23.291024, 40.766633 ], [ 23.288448, 40.766231 ], [ 23.282779, 40.766275 ], [ 23.280936, 40.76658 ], [ 23.279647, 40.767176 ], [ 23.27817, 40.768188 ], [ 23.272343, 40.773375 ], [ 23.268497, 40.77602 ], [ 23.265098, 40.776857 ], [ 23.263192, 40.777983 ], [ 23.262478, 40.779046 ], [ 23.26119, 40.782311 ], [ 23.260734, 40.787601 ], [ 23.259991, 40.788525 ], [ 23.259033, 40.789184 ], [ 23.256217, 40.789986 ], [ 23.254249, 40.791181 ], [ 23.251336, 40.792206 ], [ 23.250133, 40.793243 ], [ 23.249291, 40.794747 ], [ 23.246242, 40.796979 ], [ 23.244555, 40.797594 ], [ 23.243287, 40.798956 ], [ 23.241191, 40.800613 ], [ 23.240332, 40.800956 ], [ 23.232493, 40.802552 ], [ 23.229608, 40.803694 ], [ 23.22643, 40.804432 ], [ 23.227648, 40.806718 ], [ 23.229576, 40.808941 ], [ 23.237338, 40.814402 ], [ 23.238625, 40.81568 ], [ 23.240614, 40.819142 ], [ 23.242209, 40.821207 ], [ 23.245959, 40.824029 ], [ 23.24904, 40.830152 ], [ 23.252944, 40.835132 ], [ 23.25734, 40.839784 ], [ 23.260007, 40.843269 ], [ 23.263069, 40.84828 ], [ 23.263347, 40.849365 ], [ 23.26152, 40.850674 ], [ 23.257037, 40.851765 ], [ 23.253824, 40.853799 ], [ 23.250593, 40.855356 ], [ 23.250053, 40.85583 ], [ 23.255074, 40.857526 ], [ 23.258613, 40.858469 ], [ 23.260105, 40.858521 ], [ 23.263433, 40.8582 ], [ 23.266059, 40.857639 ], [ 23.267073, 40.857667 ], [ 23.271427, 40.858721 ], [ 23.272436, 40.859262 ], [ 23.273211, 40.860062 ], [ 23.273789, 40.861709 ], [ 23.275095, 40.863407 ], [ 23.275229, 40.864007 ], [ 23.275078, 40.865154 ], [ 23.274586, 40.866286 ], [ 23.274958, 40.866982 ], [ 23.276293, 40.867954 ], [ 23.279627, 40.869317 ], [ 23.27987, 40.869553 ], [ 23.280218, 40.871051 ], [ 23.281717, 40.872664 ], [ 23.281749, 40.873529 ], [ 23.280482, 40.875421 ], [ 23.279175, 40.878461 ], [ 23.275761, 40.88338 ], [ 23.276151, 40.884489 ], [ 23.275957, 40.884793 ], [ 23.274575, 40.885506 ], [ 23.272369, 40.886246 ], [ 23.272114, 40.888346 ], [ 23.270878, 40.889268 ], [ 23.26912, 40.891455 ], [ 23.266962, 40.893543 ], [ 23.266132, 40.894083 ], [ 23.265895, 40.894514 ], [ 23.266466, 40.89832 ], [ 23.26652, 40.902988 ], [ 23.266183, 40.907076 ], [ 23.266518, 40.910784 ], [ 23.267115, 40.912215 ], [ 23.270213, 40.917031 ], [ 23.273931, 40.92129 ], [ 23.273883, 40.921738 ], [ 23.273519, 40.922153 ], [ 23.266732, 40.927789 ], [ 23.266792, 40.928126 ], [ 23.268599, 40.92918 ], [ 23.268888, 40.929776 ], [ 23.268854, 40.930946 ], [ 23.268552, 40.93149 ], [ 23.268509, 40.932269 ], [ 23.268771, 40.932748 ], [ 23.269277, 40.932938 ], [ 23.270824, 40.932516 ], [ 23.271551, 40.932568 ], [ 23.27127, 40.934394 ], [ 23.27132, 40.935614 ], [ 23.269329, 40.935858 ], [ 23.268542, 40.93627 ], [ 23.267929, 40.937238 ], [ 23.267758, 40.93827 ], [ 23.268569, 40.939575 ], [ 23.268764, 40.941068 ], [ 23.269967, 40.941332 ], [ 23.273694, 40.941003 ], [ 23.27405, 40.941294 ], [ 23.274108, 40.941791 ], [ 23.273982, 40.943667 ], [ 23.274338, 40.944022 ], [ 23.2757, 40.944454 ], [ 23.279491, 40.946133 ], [ 23.282788, 40.947043 ], [ 23.283431, 40.947458 ], [ 23.284794, 40.949164 ], [ 23.285575, 40.949608 ], [ 23.286975, 40.949955 ], [ 23.287817, 40.950945 ], [ 23.29086, 40.951024 ], [ 23.292661, 40.95195 ], [ 23.293251, 40.952013 ], [ 23.294764, 40.951605 ], [ 23.29675, 40.952393 ], [ 23.297968, 40.952605 ], [ 23.299536, 40.951656 ] ] ] ] } },
{ "type": "Feature", "properties": { "MunUnits": "071001", "OID_1": 84, "CODE": "071001", "NAME_GR": "ΔΗΜΟΤΙΚΗ ΕΝΟΤΗΤΑ ΣΥΚΕΩΝ", "NAME_ENG": "Municipal Unit of Sykees", "Shape_Leng": 13732.2255057, "Shape_Area": 5039484.93836, "zone": "Urban" }, "geometry": { "type": "MultiPolygon", "coordinates": [ [ [ [ 22.997684, 40.649564 ], [ 22.99747, 40.649381 ], [ 22.996993, 40.648948 ], [ 22.996795, 40.648732 ], [ 22.996474, 40.648182 ], [ 22.996384, 40.647941 ], [ 22.996262, 40.646993 ], [ 22.996229, 40.646696 ], [ 22.996172, 40.64612 ], [ 22.99609, 40.645636 ], [ 22.996047, 40.645386 ], [ 22.995962, 40.645113 ], [ 22.995859, 40.645048 ], [ 22.995612, 40.64496 ], [ 22.995469, 40.644794 ], [ 22.995389, 40.644776 ], [ 22.995267, 40.644785 ], [ 22.995115, 40.644888 ], [ 22.994835, 40.645093 ], [ 22.994557, 40.645198 ], [ 22.994033, 40.645383 ], [ 22.993565, 40.645493 ], [ 22.993353, 40.645581 ], [ 22.992211, 40.646107 ], [ 22.991267, 40.646409 ], [ 22.990474, 40.646628 ], [ 22.989398, 40.646911 ], [ 22.98834, 40.647033 ], [ 22.987136, 40.646975 ], [ 22.986034, 40.646881 ], [ 22.985557, 40.646871 ], [ 22.98517, 40.646653 ], [ 22.984469, 40.646433 ], [ 22.983962, 40.646309 ], [ 22.983614, 40.646068 ], [ 22.983406, 40.64581 ], [ 22.983338, 40.645654 ], [ 22.983327, 40.645555 ], [ 22.981534, 40.645329 ], [ 22.981028, 40.644954 ], [ 22.980893, 40.644221 ], [ 22.979046, 40.643777 ], [ 22.977978, 40.643798 ], [ 22.977837, 40.644109 ], [ 22.977618, 40.644618 ], [ 22.977474, 40.644871 ], [ 22.977198, 40.644879 ], [ 22.976882, 40.64476 ], [ 22.976447, 40.644733 ], [ 22.976124, 40.644687 ], [ 22.975518, 40.644372 ], [ 22.975494, 40.644509 ], [ 22.975406, 40.644518 ], [ 22.975308, 40.644527 ], [ 22.975216, 40.644488 ], [ 22.975119, 40.644476 ], [ 22.974999, 40.64445 ], [ 22.97493, 40.644401 ], [ 22.974786, 40.644282 ], [ 22.97464, 40.644208 ], [ 22.974406, 40.64426 ], [ 22.97424, 40.644319 ], [ 22.974, 40.644392 ], [ 22.973764, 40.644491 ], [ 22.973484, 40.644658 ], [ 22.973317, 40.6448 ], [ 22.972921, 40.644865 ], [ 22.972815, 40.644912 ], [ 22.972529, 40.644945 ], [ 22.972103, 40.64492 ], [ 22.971519, 40.645016 ], [ 22.971221, 40.64504 ], [ 22.970498, 40.645013 ], [ 22.969717, 40.644938 ], [ 22.969265, 40.644817 ], [ 22.968804, 40.644748 ], [ 22.968321, 40.64463 ], [ 22.966608, 40.644139 ], [ 22.966324, 40.644002 ], [ 22.965736, 40.643865 ], [ 22.964309, 40.643778 ], [ 22.963713, 40.643647 ], [ 22.963236, 40.643553 ], [ 22.963168, 40.643539 ], [ 22.963126, 40.643531 ], [ 22.963053, 40.643522 ], [ 22.963012, 40.643519 ], [ 22.96297, 40.643537 ], [ 22.962972, 40.64357 ], [ 22.962909, 40.643592 ], [ 22.962831, 40.64361 ], [ 22.962789, 40.643722 ], [ 22.962722, 40.643857 ], [ 22.962738, 40.64396 ], [ 22.962734, 40.643996 ], [ 22.962737, 40.644036 ], [ 22.962718, 40.644077 ], [ 22.962593, 40.644245 ], [ 22.962506, 40.644366 ], [ 22.962337, 40.644494 ], [ 22.962065, 40.644591 ], [ 22.96192, 40.644611 ], [ 22.961688, 40.644608 ], [ 22.96167, 40.644579 ], [ 22.961594, 40.644538 ], [ 22.961395, 40.644478 ], [ 22.961149, 40.644468 ], [ 22.960689, 40.644428 ], [ 22.960757, 40.644273 ], [ 22.960698, 40.644259 ], [ 22.960628, 40.644269 ], [ 22.960431, 40.644308 ], [ 22.958846, 40.644183 ], [ 22.957377, 40.644069 ], [ 22.956426, 40.643998 ], [ 22.956009, 40.643939 ], [ 22.955892, 40.644051 ], [ 22.955836, 40.644142 ], [ 22.955798, 40.644197 ], [ 22.955724, 40.644229 ], [ 22.955655, 40.644213 ], [ 22.955544, 40.644061 ], [ 22.955307, 40.643708 ], [ 22.954977, 40.643337 ], [ 22.954728, 40.642974 ], [ 22.954544, 40.643022 ], [ 22.954157, 40.64315 ], [ 22.95398, 40.643227 ], [ 22.953847, 40.643241 ], [ 22.953632, 40.643228 ], [ 22.953494, 40.643238 ], [ 22.953337, 40.643319 ], [ 22.953037, 40.643505 ], [ 22.952885, 40.643606 ], [ 22.952665, 40.643806 ], [ 22.95253, 40.644185 ], [ 22.952507, 40.644283 ], [ 22.952426, 40.644517 ], [ 22.952128, 40.644677 ], [ 22.951305, 40.64507 ], [ 22.95124, 40.644955 ], [ 22.951134, 40.644862 ], [ 22.951062, 40.644797 ], [ 22.951075, 40.644723 ], [ 22.9509, 40.644599 ], [ 22.950783, 40.644545 ], [ 22.950681, 40.644437 ], [ 22.95048, 40.644295 ], [ 22.9502, 40.644103 ], [ 22.949752, 40.643725 ], [ 22.949628, 40.643624 ], [ 22.949443, 40.643703 ], [ 22.949042, 40.643851 ], [ 22.948665, 40.643925 ], [ 22.948556, 40.643921 ], [ 22.948424, 40.643884 ], [ 22.948196, 40.64393 ], [ 22.947338, 40.64425 ], [ 22.94711, 40.644358 ], [ 22.946784, 40.644439 ], [ 22.945945, 40.644774 ], [ 22.945553, 40.644847 ], [ 22.945222, 40.644976 ], [ 22.944991, 40.644991 ], [ 22.94491, 40.644949 ], [ 22.944755, 40.644846 ], [ 22.944537, 40.644788 ], [ 22.944116, 40.644688 ], [ 22.943871, 40.644612 ], [ 22.943589, 40.644383 ], [ 22.943312, 40.644112 ], [ 22.943036, 40.644255 ], [ 22.943634, 40.645021 ], [ 22.943918, 40.645354 ], [ 22.944174, 40.645711 ], [ 22.9423, 40.645744 ], [ 22.941942, 40.645863 ], [ 22.941145, 40.646097 ], [ 22.941046, 40.64665 ], [ 22.940776, 40.646889 ], [ 22.940738, 40.647094 ], [ 22.940671, 40.647164 ], [ 22.940466, 40.647304 ], [ 22.939226, 40.648072 ], [ 22.938366, 40.648711 ], [ 22.93814, 40.648926 ], [ 22.938945, 40.649139 ], [ 22.940158, 40.649358 ], [ 22.941054, 40.64923 ], [ 22.941404, 40.649215 ], [ 22.941676, 40.649284 ], [ 22.942247, 40.649297 ], [ 22.942363, 40.649539 ], [ 22.942464, 40.649669 ], [ 22.942834, 40.649867 ], [ 22.943433, 40.650149 ], [ 22.944016, 40.650145 ], [ 22.944574, 40.650175 ], [ 22.944908, 40.650279 ], [ 22.945153, 40.650304 ], [ 22.945379, 40.650247 ], [ 22.945708, 40.650012 ], [ 22.946402, 40.650109 ], [ 22.947862, 40.650428 ], [ 22.947754, 40.650639 ], [ 22.947481, 40.650935 ], [ 22.947297, 40.651166 ], [ 22.947475, 40.651307 ], [ 22.948336, 40.652143 ], [ 22.949001, 40.652801 ], [ 22.949211, 40.65302 ], [ 22.949854, 40.653642 ], [ 22.950366, 40.653894 ], [ 22.951854, 40.654441 ], [ 22.952411, 40.654507 ], [ 22.953715, 40.654573 ], [ 22.954747, 40.654625 ], [ 22.956089, 40.654712 ], [ 22.957349, 40.654856 ], [ 22.957851, 40.654871 ], [ 22.959158, 40.654772 ], [ 22.960072, 40.654855 ], [ 22.960617, 40.655143 ], [ 22.961015, 40.655515 ], [ 22.961358, 40.655793 ], [ 22.961923, 40.656252 ], [ 22.962315, 40.656449 ], [ 22.963744, 40.656908 ], [ 22.964407, 40.657115 ], [ 22.964836, 40.657365 ], [ 22.965314, 40.65772 ], [ 22.965883, 40.657932 ], [ 22.966581, 40.658046 ], [ 22.966869, 40.658256 ], [ 22.967099, 40.658565 ], [ 22.967708, 40.659221 ], [ 22.968204, 40.659417 ], [ 22.969746, 40.65941 ], [ 22.970421, 40.659373 ], [ 22.970274, 40.659253 ], [ 22.970212, 40.659175 ], [ 22.970434, 40.65901 ], [ 22.970884, 40.658758 ], [ 22.971152, 40.658611 ], [ 22.971631, 40.658496 ], [ 22.971937, 40.658463 ], [ 22.972328, 40.658458 ], [ 22.972638, 40.65841 ], [ 22.972808, 40.658302 ], [ 22.972949, 40.65805 ], [ 22.973117, 40.657762 ], [ 22.973199, 40.657569 ], [ 22.97323, 40.657537 ], [ 22.973445, 40.657592 ], [ 22.973712, 40.657773 ], [ 22.973924, 40.657963 ], [ 22.974021, 40.657997 ], [ 22.974119, 40.657986 ], [ 22.974135, 40.65798 ], [ 22.973966, 40.657308 ], [ 22.974201, 40.657265 ], [ 22.974422, 40.657148 ], [ 22.974552, 40.657045 ], [ 22.974674, 40.657013 ], [ 22.974791, 40.657056 ], [ 22.974899, 40.657182 ], [ 22.975266, 40.657459 ], [ 22.975677, 40.657728 ], [ 22.975875, 40.657822 ], [ 22.976015, 40.657886 ], [ 22.976132, 40.65789 ], [ 22.976234, 40.657852 ], [ 22.976278, 40.657793 ], [ 22.976287, 40.657692 ], [ 22.97628, 40.657418 ], [ 22.976309, 40.657293 ], [ 22.976384, 40.657246 ], [ 22.97649, 40.657226 ], [ 22.976662, 40.657228 ], [ 22.976846, 40.657265 ], [ 22.976975, 40.657251 ], [ 22.977148, 40.657166 ], [ 22.977464, 40.656758 ], [ 22.977683, 40.656495 ], [ 22.977751, 40.656412 ], [ 22.977818, 40.656368 ], [ 22.977935, 40.656354 ], [ 22.978041, 40.656328 ], [ 22.978289, 40.656238 ], [ 22.978711, 40.656018 ], [ 22.979004, 40.655809 ], [ 22.979056, 40.655735 ], [ 22.979081, 40.655652 ], [ 22.979117, 40.655575 ], [ 22.979251, 40.655496 ], [ 22.979528, 40.655295 ], [ 22.979679, 40.65516 ], [ 22.979731, 40.65508 ], [ 22.979752, 40.654973 ], [ 22.979737, 40.654686 ], [ 22.979639, 40.654432 ], [ 22.979598, 40.65428 ], [ 22.979616, 40.654176 ], [ 22.979675, 40.65412 ], [ 22.979812, 40.654133 ], [ 22.979978, 40.654251 ], [ 22.980258, 40.654393 ], [ 22.980577, 40.654491 ], [ 22.980702, 40.654504 ], [ 22.980914, 40.654462 ], [ 22.981465, 40.654243 ], [ 22.981759, 40.65418 ], [ 22.981955, 40.654176 ], [ 22.982092, 40.654156 ], [ 22.982226, 40.654127 ], [ 22.982375, 40.654096 ], [ 22.982578, 40.654074 ], [ 22.98279, 40.654061 ], [ 22.982916, 40.654029 ], [ 22.983101, 40.65393 ], [ 22.983323, 40.653732 ], [ 22.983392, 40.653581 ], [ 22.983485, 40.6534 ], [ 22.983545, 40.653305 ], [ 22.983624, 40.653261 ], [ 22.983764, 40.653286 ], [ 22.983958, 40.653368 ], [ 22.984235, 40.653415 ], [ 22.984587, 40.653457 ], [ 22.984874, 40.653588 ], [ 22.985443, 40.653748 ], [ 22.985677, 40.653797 ], [ 22.985819, 40.653748 ], [ 22.985937, 40.653674 ], [ 22.986119, 40.653524 ], [ 22.986223, 40.653397 ], [ 22.986287, 40.653314 ], [ 22.986351, 40.65324 ], [ 22.986398, 40.653208 ], [ 22.986457, 40.65319 ], [ 22.986547, 40.653179 ], [ 22.986625, 40.653165 ], [ 22.98672, 40.653142 ], [ 22.986794, 40.653113 ], [ 22.986822, 40.653089 ], [ 22.986922, 40.652938 ], [ 22.986975, 40.652849 ], [ 22.98703, 40.652781 ], [ 22.987121, 40.652749 ], [ 22.987183, 40.652771 ], [ 22.987202, 40.652831 ], [ 22.987208, 40.652905 ], [ 22.987261, 40.653069 ], [ 22.987363, 40.653315 ], [ 22.987483, 40.653396 ], [ 22.98767, 40.653425 ], [ 22.987972, 40.653403 ], [ 22.988231, 40.653331 ], [ 22.98837, 40.653192 ], [ 22.988552, 40.653054 ], [ 22.98871, 40.652927 ], [ 22.98883, 40.652797 ], [ 22.988905, 40.652735 ], [ 22.989011, 40.65273 ], [ 22.989096, 40.652788 ], [ 22.989137, 40.652913 ], [ 22.989161, 40.653131 ], [ 22.989186, 40.653298 ], [ 22.989243, 40.653417 ], [ 22.989422, 40.653473 ], [ 22.989548, 40.653435 ], [ 22.990027, 40.653308 ], [ 22.990429, 40.653085 ], [ 22.99078, 40.652889 ], [ 22.99084, 40.652785 ], [ 22.990885, 40.652678 ], [ 22.990937, 40.652598 ], [ 22.991036, 40.652533 ], [ 22.991177, 40.652526 ], [ 22.991306, 40.652527 ], [ 22.991412, 40.652498 ], [ 22.991507, 40.652457 ], [ 22.991554, 40.652395 ], [ 22.991595, 40.652318 ], [ 22.991655, 40.652202 ], [ 22.991715, 40.652092 ], [ 22.991733, 40.651985 ], [ 22.991707, 40.651866 ], [ 22.991717, 40.651759 ], [ 22.991769, 40.651685 ], [ 22.991894, 40.651686 ], [ 22.992041, 40.651762 ], [ 22.992195, 40.651948 ], [ 22.992376, 40.652113 ], [ 22.992473, 40.652197 ], [ 22.992562, 40.652216 ], [ 22.992633, 40.652199 ], [ 22.992861, 40.65215 ], [ 22.99316, 40.651998 ], [ 22.993377, 40.651886 ], [ 22.993554, 40.651808 ], [ 22.993638, 40.651722 ], [ 22.993798, 40.651482 ], [ 22.993995, 40.65115 ], [ 22.994147, 40.65091 ], [ 22.994172, 40.650818 ], [ 22.994185, 40.650729 ], [ 22.994194, 40.650657 ], [ 22.994202, 40.650589 ], [ 22.994223, 40.650538 ], [ 22.994333, 40.650503 ], [ 22.994548, 40.650496 ], [ 22.994716, 40.650492 ], [ 22.994822, 40.650517 ], [ 22.994875, 40.650624 ], [ 22.994912, 40.65078 ], [ 22.994995, 40.650956 ], [ 22.995064, 40.651073 ], [ 22.995133, 40.651112 ], [ 22.995231, 40.651113 ], [ 22.995373, 40.651076 ], [ 22.995511, 40.650981 ], [ 22.995556, 40.650875 ], [ 22.995614, 40.650649 ], [ 22.995563, 40.650362 ], [ 22.995495, 40.649989 ], [ 22.995492, 40.649906 ], [ 22.995524, 40.649861 ], [ 22.995575, 40.64982 ], [ 22.995681, 40.649806 ], [ 22.995829, 40.649876 ], [ 22.995959, 40.650041 ], [ 22.996139, 40.650331 ], [ 22.996259, 40.650422 ], [ 22.996375, 40.650468 ], [ 22.996496, 40.650489 ], [ 22.99661, 40.650476 ], [ 22.99674, 40.650411 ], [ 22.996993, 40.650229 ], [ 22.997319, 40.649913 ], [ 22.997684, 40.649564 ] ] ] ] } },
{ "type": "Feature", "properties": { "MunUnits": "071002", "OID_1": 85, "CODE": "071002", "NAME_GR": "ΔΗΜΟΤΙΚΗ ΕΝΟΤΗΤΑ ΑΓΙΟΥ ΠΑΥΛΟΥ", "NAME_ENG": "Municipal Unit of Aghios Pavlos", "Shape_Leng": 6838.84598078, "Shape_Area": 1588771.8066, "zone": "Urban" }, "geometry": { "type": "MultiPolygon", "coordinates": [ [ [ [ 22.977978, 40.643798 ], [ 22.978094, 40.643474 ], [ 22.978077, 40.643354 ], [ 22.97804, 40.643302 ], [ 22.977908, 40.643218 ], [ 22.977586, 40.642999 ], [ 22.977164, 40.642974 ], [ 22.976834, 40.642634 ], [ 22.976727, 40.642452 ], [ 22.976466, 40.641981 ], [ 22.976329, 40.641737 ], [ 22.976359, 40.641626 ], [ 22.976164, 40.641274 ], [ 22.976052, 40.641064 ], [ 22.976035, 40.640803 ], [ 22.976016, 40.640398 ], [ 22.975926, 40.639936 ], [ 22.975867, 40.639656 ], [ 22.975788, 40.639417 ], [ 22.975739, 40.639255 ], [ 22.975705, 40.639139 ], [ 22.975576, 40.638962 ], [ 22.975372, 40.63869 ], [ 22.975271, 40.638543 ], [ 22.975165, 40.638436 ], [ 22.974981, 40.638248 ], [ 22.974618, 40.637874 ], [ 22.974536, 40.637781 ], [ 22.974334, 40.637548 ], [ 22.974158, 40.637226 ], [ 22.973971, 40.636874 ], [ 22.973842, 40.636699 ], [ 22.973627, 40.636419 ], [ 22.973545, 40.636311 ], [ 22.973445, 40.636179 ], [ 22.973246, 40.63592 ], [ 22.973187, 40.63584 ], [ 22.972911, 40.635456 ], [ 22.972827, 40.635331 ], [ 22.972544, 40.63493 ], [ 22.972475, 40.63489 ], [ 22.972411, 40.634841 ], [ 22.972312, 40.634747 ], [ 22.972323, 40.634645 ], [ 22.972319, 40.634548 ], [ 22.972223, 40.634464 ], [ 22.972114, 40.634433 ], [ 22.972028, 40.634435 ], [ 22.971926, 40.634469 ], [ 22.971819, 40.634563 ], [ 22.971724, 40.63476 ], [ 22.971651, 40.634918 ], [ 22.97151, 40.635088 ], [ 22.971314, 40.635192 ], [ 22.971285, 40.635178 ], [ 22.971507, 40.634856 ], [ 22.971567, 40.634709 ], [ 22.971648, 40.634311 ], [ 22.971714, 40.634007 ], [ 22.97174, 40.633865 ], [ 22.971822, 40.633598 ], [ 22.971963, 40.633357 ], [ 22.971752, 40.633406 ], [ 22.971711, 40.633096 ], [ 22.971663, 40.632798 ], [ 22.97163, 40.632589 ], [ 22.971503, 40.63245 ], [ 22.971285, 40.632228 ], [ 22.971246, 40.632156 ], [ 22.971109, 40.631911 ], [ 22.971095, 40.631746 ], [ 22.971084, 40.631596 ], [ 22.970888, 40.631422 ], [ 22.970619, 40.631185 ], [ 22.97051, 40.631088 ], [ 22.97045, 40.631036 ], [ 22.970084, 40.63071 ], [ 22.969996, 40.630633 ], [ 22.969883, 40.630432 ], [ 22.970012, 40.630377 ], [ 22.969176, 40.629807 ], [ 22.968832, 40.630183 ], [ 22.968729, 40.630342 ], [ 22.968922, 40.630419 ], [ 22.96894, 40.630484 ], [ 22.968724, 40.630694 ], [ 22.96854, 40.630857 ], [ 22.968509, 40.63084 ], [ 22.96846, 40.631002 ], [ 22.968331, 40.631239 ], [ 22.968245, 40.6313 ], [ 22.968378, 40.631409 ], [ 22.96846, 40.631531 ], [ 22.968449, 40.631552 ], [ 22.968354, 40.631621 ], [ 22.96829, 40.631698 ], [ 22.968508, 40.631847 ], [ 22.968438, 40.632008 ], [ 22.968345, 40.632251 ], [ 22.967905, 40.632083 ], [ 22.967809, 40.632206 ], [ 22.96784, 40.632254 ], [ 22.967923, 40.632331 ], [ 22.968074, 40.632683 ], [ 22.968333, 40.632724 ], [ 22.968383, 40.633036 ], [ 22.968774, 40.633554 ], [ 22.968282, 40.633786 ], [ 22.968148, 40.633795 ], [ 22.96807, 40.63379 ], [ 22.967816, 40.633823 ], [ 22.967565, 40.633675 ], [ 22.967208, 40.633489 ], [ 22.967133, 40.633703 ], [ 22.966349, 40.633574 ], [ 22.966162, 40.633546 ], [ 22.96604, 40.633566 ], [ 22.965612, 40.633713 ], [ 22.965433, 40.633745 ], [ 22.965218, 40.633669 ], [ 22.965096, 40.633658 ], [ 22.964776, 40.633758 ], [ 22.964514, 40.633727 ], [ 22.964003, 40.633779 ], [ 22.96404, 40.634028 ], [ 22.96354, 40.634154 ], [ 22.962823, 40.634198 ], [ 22.962835, 40.634019 ], [ 22.962459, 40.633844 ], [ 22.962063, 40.63395 ], [ 22.961922, 40.633961 ], [ 22.961375, 40.633765 ], [ 22.961062, 40.633772 ], [ 22.960934, 40.633931 ], [ 22.96074, 40.633972 ], [ 22.960531, 40.633925 ], [ 22.960408, 40.633957 ], [ 22.96031, 40.634032 ], [ 22.960246, 40.634117 ], [ 22.960117, 40.634174 ], [ 22.96002, 40.634163 ], [ 22.959815, 40.634083 ], [ 22.95964, 40.634072 ], [ 22.959269, 40.634013 ], [ 22.959216, 40.633803 ], [ 22.958964, 40.633856 ], [ 22.957894, 40.634053 ], [ 22.957304, 40.634196 ], [ 22.95713, 40.634311 ], [ 22.957072, 40.634427 ], [ 22.957891, 40.634506 ], [ 22.95832, 40.634663 ], [ 22.958503, 40.634733 ], [ 22.958611, 40.634839 ], [ 22.958764, 40.635069 ], [ 22.958673, 40.6351 ], [ 22.958648, 40.635083 ], [ 22.958394, 40.635422 ], [ 22.958141, 40.6357 ], [ 22.958765, 40.636346 ], [ 22.959196, 40.63688 ], [ 22.959441, 40.63719 ], [ 22.959699, 40.637352 ], [ 22.959956, 40.637485 ], [ 22.960214, 40.637578 ], [ 22.960394, 40.637699 ], [ 22.960449, 40.637776 ], [ 22.960494, 40.637933 ], [ 22.960462, 40.638331 ], [ 22.960362, 40.638747 ], [ 22.960297, 40.639095 ], [ 22.960299, 40.639214 ], [ 22.960593, 40.639178 ], [ 22.960629, 40.639269 ], [ 22.960603, 40.639379 ], [ 22.96, 40.63946 ], [ 22.959926, 40.639472 ], [ 22.959442, 40.639655 ], [ 22.959134, 40.639834 ], [ 22.958945, 40.639958 ], [ 22.958967, 40.640006 ], [ 22.959274, 40.639886 ], [ 22.959399, 40.639905 ], [ 22.959584, 40.640097 ], [ 22.959764, 40.64027 ], [ 22.959978, 40.640435 ], [ 22.960031, 40.64045 ], [ 22.960202, 40.64052 ], [ 22.960264, 40.640578 ], [ 22.960278, 40.640642 ], [ 22.960262, 40.640688 ], [ 22.959922, 40.640986 ], [ 22.959632, 40.641204 ], [ 22.959613, 40.641373 ], [ 22.959619, 40.64154 ], [ 22.960104, 40.641751 ], [ 22.960502, 40.642032 ], [ 22.960888, 40.642167 ], [ 22.9619, 40.642401 ], [ 22.96273, 40.642621 ], [ 22.962982, 40.64274 ], [ 22.963092, 40.642913 ], [ 22.963222, 40.643263 ], [ 22.963236, 40.643553 ], [ 22.963713, 40.643647 ], [ 22.964309, 40.643778 ], [ 22.965736, 40.643865 ], [ 22.966324, 40.644002 ], [ 22.966608, 40.644139 ], [ 22.968321, 40.64463 ], [ 22.968804, 40.644748 ], [ 22.969265, 40.644817 ], [ 22.969717, 40.644938 ], [ 22.970498, 40.645013 ], [ 22.971221, 40.64504 ], [ 22.971519, 40.645016 ], [ 22.972103, 40.64492 ], [ 22.972529, 40.644945 ], [ 22.972815, 40.644912 ], [ 22.972921, 40.644865 ], [ 22.973317, 40.6448 ], [ 22.973484, 40.644658 ], [ 22.973764, 40.644491 ], [ 22.974, 40.644392 ], [ 22.97424, 40.644319 ], [ 22.974406, 40.64426 ], [ 22.97464, 40.644208 ], [ 22.974786, 40.644282 ], [ 22.97493, 40.644401 ], [ 22.974999, 40.64445 ], [ 22.975119, 40.644476 ], [ 22.975216, 40.644488 ], [ 22.975308, 40.644527 ], [ 22.975406, 40.644518 ], [ 22.975494, 40.644509 ], [ 22.975518, 40.644372 ], [ 22.976124, 40.644687 ], [ 22.976447, 40.644733 ], [ 22.976882, 40.64476 ], [ 22.977198, 40.644879 ], [ 22.977474, 40.644871 ], [ 22.977618, 40.644618 ], [ 22.977837, 40.644109 ], [ 22.977978, 40.643798 ] ] ] ] } },
{ "type": "Feature", "properties": { "MunUnits": "071003", "OID_1": 86, "CODE": "071003", "NAME_GR": "ΔΗΜΟΤΙΚΗ ΕΝΟΤΗΤΑ ΝΕΑΠΟΛΕΩΣ", "NAME_ENG": "Municipal Unit of Neapoli", "Shape_Leng": 5025.0848306600001, "Shape_Area": 955252.05623300001, "zone": "Urban" }, "geometry": { "type": "MultiPolygon", "coordinates": [ [ [ [ 22.941309, 40.65762 ], [ 22.940836, 40.656718 ], [ 22.940669, 40.656542 ], [ 22.941147, 40.656024 ], [ 22.94143, 40.655731 ], [ 22.941922, 40.655999 ], [ 22.942099, 40.655518 ], [ 22.942668, 40.655427 ], [ 22.943143, 40.655384 ], [ 22.94341, 40.655423 ], [ 22.944387, 40.655957 ], [ 22.945499, 40.656611 ], [ 22.945813, 40.656324 ], [ 22.946175, 40.65632 ], [ 22.946309, 40.656468 ], [ 22.946487, 40.656459 ], [ 22.946992, 40.656288 ], [ 22.947674, 40.656079 ], [ 22.947721, 40.656092 ], [ 22.947816, 40.656321 ], [ 22.948066, 40.656336 ], [ 22.948247, 40.656311 ], [ 22.948512, 40.656474 ], [ 22.948734, 40.656512 ], [ 22.948859, 40.656528 ], [ 22.948697, 40.656996 ], [ 22.949423, 40.656661 ], [ 22.949741, 40.656487 ], [ 22.950141, 40.656257 ], [ 22.951582, 40.655417 ], [ 22.95239, 40.65499 ], [ 22.951958, 40.654586 ], [ 22.951854, 40.654441 ], [ 22.950366, 40.653894 ], [ 22.949854, 40.653642 ], [ 22.949211, 40.65302 ], [ 22.949001, 40.652801 ], [ 22.948336, 40.652143 ], [ 22.947475, 40.651307 ], [ 22.947297, 40.651166 ], [ 22.947481, 40.650935 ], [ 22.947754, 40.650639 ], [ 22.947862, 40.650428 ], [ 22.946402, 40.650109 ], [ 22.945708, 40.650012 ], [ 22.945379, 40.650247 ], [ 22.945153, 40.650304 ], [ 22.944908, 40.650279 ], [ 22.944574, 40.650175 ], [ 22.944016, 40.650145 ], [ 22.943433, 40.650149 ], [ 22.942834, 40.649867 ], [ 22.942464, 40.649669 ], [ 22.942363, 40.649539 ], [ 22.942247, 40.649297 ], [ 22.941676, 40.649284 ], [ 22.941404, 40.649215 ], [ 22.941054, 40.64923 ], [ 22.940158, 40.649358 ], [ 22.938945, 40.649139 ], [ 22.93814, 40.648926 ], [ 22.937938, 40.64892 ], [ 22.937098, 40.648307 ], [ 22.93672, 40.648003 ], [ 22.935403, 40.647935 ], [ 22.935487, 40.648996 ], [ 22.935192, 40.652321 ], [ 22.935179, 40.652457 ], [ 22.934932, 40.653729 ], [ 22.934387, 40.656018 ], [ 22.934421, 40.656455 ], [ 22.934447, 40.656749 ], [ 22.93605, 40.656814 ], [ 22.938182, 40.656805 ], [ 22.938862, 40.656804 ], [ 22.939279, 40.656894 ], [ 22.939518, 40.656964 ], [ 22.940293, 40.657468 ], [ 22.940824, 40.657744 ], [ 22.941561, 40.658062 ], [ 22.941309, 40.65762 ] ] ] ] } },
{ "type": "Feature", "properties": { "MunUnits": "071004", "OID_1": 87, "CODE": "071004", "NAME_GR": "ΔΗΜΟΤΙΚΗ ΕΝΟΤΗΤΑ ΠΕΥΚΩΝ", "NAME_ENG": "Municipal Unit of Pefka", "Shape_Leng": 10382.684616, "Shape_Area": 4015766.11509, "zone": "Urban" }, "geometry": { "type": "MultiPolygon", "coordinates": [ [ [ [ 22.983956, 40.669421 ], [ 22.986135, 40.668281 ], [ 22.987563, 40.667541 ], [ 22.989033, 40.667454 ], [ 22.993433, 40.665692 ], [ 22.99896, 40.664628 ], [ 22.998738, 40.664227 ], [ 22.998783, 40.664182 ], [ 22.998843, 40.664114 ], [ 22.998958, 40.663972 ], [ 22.999031, 40.663889 ], [ 22.999138, 40.66383 ], [ 22.999349, 40.663779 ], [ 22.999525, 40.663736 ], [ 22.999657, 40.663706 ], [ 22.999791, 40.663698 ], [ 22.999864, 40.663662 ], [ 22.999921, 40.663632 ], [ 23.000084, 40.663605 ], [ 23.000294, 40.66358 ], [ 23.000453, 40.663596 ], [ 23.000529, 40.663566 ], [ 23.000652, 40.663483 ], [ 23.000723, 40.663377 ], [ 23.00086, 40.663209 ], [ 23.000958, 40.663124 ], [ 23.001172, 40.66303 ], [ 23.00144, 40.662901 ], [ 23.001628, 40.663103 ], [ 23.001728, 40.663123 ], [ 23.002287, 40.662985 ], [ 23.002564, 40.662925 ], [ 23.003236, 40.662764 ], [ 23.004172, 40.662524 ], [ 23.005024, 40.662055 ], [ 23.005768, 40.661694 ], [ 23.006084, 40.661487 ], [ 23.006194, 40.661288 ], [ 23.006222, 40.661045 ], [ 23.006156, 40.660902 ], [ 23.006002, 40.660705 ], [ 23.005786, 40.660493 ], [ 23.005551, 40.660286 ], [ 23.005284, 40.660141 ], [ 23.005017, 40.659986 ], [ 23.004888, 40.659861 ], [ 23.004627, 40.659692 ], [ 23.004416, 40.659581 ], [ 23.00431, 40.659565 ], [ 23.00416, 40.659535 ], [ 23.003979, 40.659491 ], [ 23.00383, 40.659428 ], [ 23.003587, 40.659335 ], [ 23.003419, 40.659305 ], [ 23.003169, 40.659241 ], [ 23.003102, 40.659131 ], [ 23.003106, 40.658902 ], [ 23.00312, 40.658759 ], [ 23.003221, 40.658693 ], [ 23.00358, 40.658587 ], [ 23.003932, 40.658494 ], [ 23.004197, 40.658349 ], [ 23.004433, 40.65806 ], [ 23.004563, 40.657713 ], [ 23.004596, 40.657147 ], [ 23.004584, 40.656746 ], [ 23.004633, 40.656607 ], [ 23.0047, 40.656515 ], [ 23.004777, 40.65639 ], [ 23.004887, 40.656259 ], [ 23.004902, 40.656177 ], [ 23.004899, 40.65607 ], [ 23.004816, 40.655947 ], [ 23.004691, 40.655832 ], [ 23.004522, 40.655816 ], [ 23.004357, 40.655861 ], [ 23.004131, 40.655938 ], [ 23.003876, 40.656036 ], [ 23.003625, 40.656152 ], [ 23.003525, 40.65624 ], [ 23.003449, 40.656325 ], [ 23.003401, 40.656382 ], [ 23.003293, 40.656381 ], [ 23.003139, 40.656319 ], [ 23.002815, 40.656016 ], [ 23.002426, 40.655655 ], [ 23.002163, 40.655374 ], [ 23.001819, 40.655128 ], [ 23.001373, 40.65511 ], [ 23.000561, 40.655092 ], [ 23.000048, 40.654866 ], [ 22.99935, 40.65447 ], [ 22.999508, 40.654278 ], [ 22.999546, 40.654172 ], [ 22.999413, 40.653828 ], [ 22.999236, 40.653468 ], [ 22.999212, 40.65337 ], [ 22.999098, 40.652984 ], [ 22.998948, 40.652743 ], [ 22.998545, 40.652407 ], [ 22.99792, 40.652209 ], [ 22.997798, 40.65216 ], [ 22.997736, 40.652085 ], [ 22.998671, 40.651393 ], [ 22.998842, 40.651251 ], [ 22.99885, 40.651111 ], [ 22.998889, 40.650961 ], [ 22.999053, 40.650694 ], [ 22.998911, 40.650589 ], [ 22.998751, 40.650465 ], [ 22.998308, 40.650124 ], [ 22.998166, 40.650015 ], [ 22.998015, 40.649929 ], [ 22.997907, 40.649821 ], [ 22.997798, 40.649665 ], [ 22.997714, 40.649591 ], [ 22.997684, 40.649564 ], [ 22.997319, 40.649913 ], [ 22.996993, 40.650229 ], [ 22.99674, 40.650411 ], [ 22.99661, 40.650476 ], [ 22.996496, 40.650489 ], [ 22.996375, 40.650468 ], [ 22.996259, 40.650422 ], [ 22.996139, 40.650331 ], [ 22.995959, 40.650041 ], [ 22.995829, 40.649876 ], [ 22.995681, 40.649806 ], [ 22.995575, 40.64982 ], [ 22.995524, 40.649861 ], [ 22.995492, 40.649906 ], [ 22.995495, 40.649989 ], [ 22.995563, 40.650362 ], [ 22.995614, 40.650649 ], [ 22.995556, 40.650875 ], [ 22.995511, 40.650981 ], [ 22.995373, 40.651076 ], [ 22.995231, 40.651113 ], [ 22.995133, 40.651112 ], [ 22.995064, 40.651073 ], [ 22.994995, 40.650956 ], [ 22.994912, 40.65078 ], [ 22.994875, 40.650624 ], [ 22.994822, 40.650517 ], [ 22.994716, 40.650492 ], [ 22.994548, 40.650496 ], [ 22.994333, 40.650503 ], [ 22.994223, 40.650538 ], [ 22.994202, 40.650589 ], [ 22.994194, 40.650657 ], [ 22.994185, 40.650729 ], [ 22.994172, 40.650818 ], [ 22.994147, 40.65091 ], [ 22.993995, 40.65115 ], [ 22.993798, 40.651482 ], [ 22.993638, 40.651722 ], [ 22.993554, 40.651808 ], [ 22.993377, 40.651886 ], [ 22.99316, 40.651998 ], [ 22.992861, 40.65215 ], [ 22.992633, 40.652199 ], [ 22.992562, 40.652216 ], [ 22.992473, 40.652197 ], [ 22.992376, 40.652113 ], [ 22.992195, 40.651948 ], [ 22.992041, 40.651762 ], [ 22.991894, 40.651686 ], [ 22.991769, 40.651685 ], [ 22.991717, 40.651759 ], [ 22.991707, 40.651866 ], [ 22.991733, 40.651985 ], [ 22.991715, 40.652092 ], [ 22.991655, 40.652202 ], [ 22.991595, 40.652318 ], [ 22.991554, 40.652395 ], [ 22.991507, 40.652457 ], [ 22.991412, 40.652498 ], [ 22.991306, 40.652527 ], [ 22.991177, 40.652526 ], [ 22.991036, 40.652533 ], [ 22.990937, 40.652598 ], [ 22.990885, 40.652678 ], [ 22.99084, 40.652785 ], [ 22.99078, 40.652889 ], [ 22.990429, 40.653085 ], [ 22.990027, 40.653308 ], [ 22.989548, 40.653435 ], [ 22.989422, 40.653473 ], [ 22.989243, 40.653417 ], [ 22.989186, 40.653298 ], [ 22.989161, 40.653131 ], [ 22.989137, 40.652913 ], [ 22.989096, 40.652788 ], [ 22.989011, 40.65273 ], [ 22.988905, 40.652735 ], [ 22.98883, 40.652797 ], [ 22.98871, 40.652927 ], [ 22.988552, 40.653054 ], [ 22.98837, 40.653192 ], [ 22.988231, 40.653331 ], [ 22.987972, 40.653403 ], [ 22.98767, 40.653425 ], [ 22.987483, 40.653396 ], [ 22.987363, 40.653315 ], [ 22.987261, 40.653069 ], [ 22.987208, 40.652905 ], [ 22.987202, 40.652831 ], [ 22.987183, 40.652771 ], [ 22.987121, 40.652749 ], [ 22.98703, 40.652781 ], [ 22.986975, 40.652849 ], [ 22.986922, 40.652938 ], [ 22.986822, 40.653089 ], [ 22.986794, 40.653113 ], [ 22.98672, 40.653142 ], [ 22.986625, 40.653165 ], [ 22.986547, 40.653179 ], [ 22.986457, 40.65319 ], [ 22.986398, 40.653208 ], [ 22.986351, 40.65324 ], [ 22.986287, 40.653314 ], [ 22.986223, 40.653397 ], [ 22.986119, 40.653524 ], [ 22.985937, 40.653674 ], [ 22.985819, 40.653748 ], [ 22.985677, 40.653797 ], [ 22.985443, 40.653748 ], [ 22.984874, 40.653588 ], [ 22.984587, 40.653457 ], [ 22.984235, 40.653415 ], [ 22.983958, 40.653368 ], [ 22.983764, 40.653286 ], [ 22.983624, 40.653261 ], [ 22.983545, 40.653305 ], [ 22.983485, 40.6534 ], [ 22.983392, 40.653581 ], [ 22.983323, 40.653732 ], [ 22.983101, 40.65393 ], [ 22.982916, 40.654029 ], [ 22.98279, 40.654061 ], [ 22.982578, 40.654074 ], [ 22.982375, 40.654096 ], [ 22.982226, 40.654127 ], [ 22.982092, 40.654156 ], [ 22.981955, 40.654176 ], [ 22.981759, 40.65418 ], [ 22.981465, 40.654243 ], [ 22.980914, 40.654462 ], [ 22.980702, 40.654504 ], [ 22.980577, 40.654491 ], [ 22.980258, 40.654393 ], [ 22.979978, 40.654251 ], [ 22.979812, 40.654133 ], [ 22.979675, 40.65412 ], [ 22.979616, 40.654176 ], [ 22.979598, 40.65428 ], [ 22.979639, 40.654432 ], [ 22.979737, 40.654686 ], [ 22.979752, 40.654973 ], [ 22.979731, 40.65508 ], [ 22.979679, 40.65516 ], [ 22.979528, 40.655295 ], [ 22.979251, 40.655496 ], [ 22.979117, 40.655575 ], [ 22.979081, 40.655652 ], [ 22.979056, 40.655735 ], [ 22.979004, 40.655809 ], [ 22.978711, 40.656018 ], [ 22.978289, 40.656238 ], [ 22.978041, 40.656328 ], [ 22.977935, 40.656354 ], [ 22.977818, 40.656368 ], [ 22.977751, 40.656412 ], [ 22.977683, 40.656495 ], [ 22.977464, 40.656758 ], [ 22.977148, 40.657166 ], [ 22.976975, 40.657251 ], [ 22.976846, 40.657265 ], [ 22.976662, 40.657228 ], [ 22.97649, 40.657226 ], [ 22.976384, 40.657246 ], [ 22.976309, 40.657293 ], [ 22.97628, 40.657418 ], [ 22.976287, 40.657692 ], [ 22.976278, 40.657793 ], [ 22.976234, 40.657852 ], [ 22.976132, 40.65789 ], [ 22.976015, 40.657886 ], [ 22.975875, 40.657822 ], [ 22.975677, 40.657728 ], [ 22.975266, 40.657459 ], [ 22.974899, 40.657182 ], [ 22.974791, 40.657056 ], [ 22.974674, 40.657013 ], [ 22.974552, 40.657045 ], [ 22.974422, 40.657148 ], [ 22.974201, 40.657265 ], [ 22.973966, 40.657308 ], [ 22.974135, 40.65798 ], [ 22.974119, 40.657986 ], [ 22.974021, 40.657997 ], [ 22.973924, 40.657963 ], [ 22.973712, 40.657773 ], [ 22.973445, 40.657592 ], [ 22.97323, 40.657537 ], [ 22.973199, 40.657569 ], [ 22.973117, 40.657762 ], [ 22.972949, 40.65805 ], [ 22.972808, 40.658302 ], [ 22.972638, 40.65841 ], [ 22.972328, 40.658458 ], [ 22.971937, 40.658463 ], [ 22.971631, 40.658496 ], [ 22.971152, 40.658611 ], [ 22.970884, 40.658758 ], [ 22.970434, 40.65901 ], [ 22.970212, 40.659175 ], [ 22.970274, 40.659253 ], [ 22.970421, 40.659373 ], [ 22.969746, 40.65941 ], [ 22.968204, 40.659417 ], [ 22.968388, 40.660288 ], [ 22.968428, 40.660734 ], [ 22.968601, 40.660831 ], [ 22.968802, 40.661414 ], [ 22.968869, 40.661517 ], [ 22.968985, 40.661501 ], [ 22.969179, 40.661847 ], [ 22.969364, 40.662183 ], [ 22.969537, 40.662344 ], [ 22.970263, 40.662885 ], [ 22.97064, 40.663161 ], [ 22.970777, 40.663243 ], [ 22.970959, 40.663373 ], [ 22.971294, 40.663605 ], [ 22.971853, 40.663977 ], [ 22.972268, 40.664246 ], [ 22.972523, 40.66444 ], [ 22.972995, 40.664774 ], [ 22.973104, 40.664919 ], [ 22.973224, 40.665084 ], [ 22.973655, 40.665494 ], [ 22.974078, 40.665899 ], [ 22.974276, 40.666125 ], [ 22.974786, 40.666773 ], [ 22.975255, 40.667383 ], [ 22.97537, 40.667541 ], [ 22.975522, 40.667683 ], [ 22.975659, 40.667762 ], [ 22.975915, 40.6678 ], [ 22.97607, 40.667842 ], [ 22.97615, 40.667867 ], [ 22.976255, 40.667916 ], [ 22.97636, 40.668012 ], [ 22.976483, 40.668166 ], [ 22.976503, 40.668267 ], [ 22.976346, 40.668232 ], [ 22.976141, 40.66817 ], [ 22.976175, 40.668278 ], [ 22.976188, 40.668358 ], [ 22.976284, 40.66846 ], [ 22.976526, 40.668667 ], [ 22.976638, 40.668782 ], [ 22.976781, 40.668958 ], [ 22.976892, 40.668997 ], [ 22.977041, 40.669013 ], [ 22.977101, 40.669066 ], [ 22.977223, 40.6692 ], [ 22.97747, 40.669444 ], [ 22.977672, 40.669613 ], [ 22.977994, 40.669804 ], [ 22.978199, 40.669931 ], [ 22.978355, 40.670084 ], [ 22.978461, 40.670245 ], [ 22.978544, 40.670444 ], [ 22.978594, 40.670598 ], [ 22.978751, 40.670909 ], [ 22.978987, 40.671111 ], [ 22.979118, 40.67118 ], [ 22.979401, 40.671243 ], [ 22.979573, 40.671265 ], [ 22.979702, 40.671288 ], [ 22.979932, 40.671332 ], [ 22.980198, 40.671337 ], [ 22.980488, 40.671331 ], [ 22.980726, 40.67133 ], [ 22.980899, 40.671299 ], [ 22.980939, 40.671272 ], [ 22.980975, 40.671219 ], [ 22.981024, 40.671059 ], [ 22.981076, 40.670949 ], [ 22.981163, 40.670893 ], [ 22.981309, 40.670838 ], [ 22.98147, 40.670785 ], [ 22.981577, 40.670697 ], [ 22.981693, 40.670575 ], [ 22.982711, 40.670256 ], [ 22.983956, 40.669421 ] ] ] ] } },
{ "type": "Feature", "properties": { "MunUnits": "071101", "OID_1": 88, "CODE": "071101", "NAME_GR": "ΔΗΜΟΤΙΚΗ ΕΝΟΤΗΤΑ ΣΤΑΥΡΟΥΠΟΛΕΩΣ", "NAME_ENG": "Municipal Unit of Stavroupoli", "Shape_Leng": 10618.4666356, "Shape_Area": 3413727.7791, "zone": "Urban" }, "geometry": { "type": "MultiPolygon", "coordinates": [ [ [ [ 22.930806, 40.685594 ], [ 22.931098, 40.685364 ], [ 22.931673, 40.685464 ], [ 22.93367, 40.685792 ], [ 22.93402, 40.685849 ], [ 22.934298, 40.685019 ], [ 22.934377, 40.684762 ], [ 22.934513, 40.684539 ], [ 22.934966, 40.683986 ], [ 22.935481, 40.683109 ], [ 22.935982, 40.682327 ], [ 22.936304, 40.681748 ], [ 22.936557, 40.681183 ], [ 22.9368, 40.680875 ], [ 22.936798, 40.679422 ], [ 22.93682, 40.678812 ], [ 22.936767, 40.678649 ], [ 22.93677, 40.678025 ], [ 22.937986, 40.677583 ], [ 22.938232, 40.677442 ], [ 22.938801, 40.677328 ], [ 22.938771, 40.676255 ], [ 22.938871, 40.671871 ], [ 22.93851, 40.670527 ], [ 22.939337, 40.670487 ], [ 22.939381, 40.670375 ], [ 22.939432, 40.670116 ], [ 22.93972, 40.669993 ], [ 22.941066, 40.669252 ], [ 22.942051, 40.668549 ], [ 22.942723, 40.668144 ], [ 22.943479, 40.6676 ], [ 22.943665, 40.667491 ], [ 22.943551, 40.666993 ], [ 22.943262, 40.665703 ], [ 22.943419, 40.665666 ], [ 22.943229, 40.665366 ], [ 22.94258, 40.66432 ], [ 22.942478, 40.66381 ], [ 22.942431, 40.663574 ], [ 22.942369, 40.663299 ], [ 22.942683, 40.663254 ], [ 22.942451, 40.662414 ], [ 22.94227, 40.661376 ], [ 22.941944, 40.660036 ], [ 22.941601, 40.659203 ], [ 22.941837, 40.659091 ], [ 22.94163, 40.658495 ], [ 22.941561, 40.658062 ], [ 22.940824, 40.657744 ], [ 22.940293, 40.657468 ], [ 22.939518, 40.656964 ], [ 22.939279, 40.656894 ], [ 22.938862, 40.656804 ], [ 22.938182, 40.656805 ], [ 22.93605, 40.656814 ], [ 22.934447, 40.656749 ], [ 22.932558, 40.656536 ], [ 22.932023, 40.656488 ], [ 22.930877, 40.656525 ], [ 22.930127, 40.656696 ], [ 22.92823, 40.657249 ], [ 22.926087, 40.657796 ], [ 22.92586, 40.657899 ], [ 22.925612, 40.65813 ], [ 22.92529, 40.658265 ], [ 22.924361, 40.658846 ], [ 22.922839, 40.659775 ], [ 22.922053, 40.660225 ], [ 22.920079, 40.660893 ], [ 22.919537, 40.661066 ], [ 22.921399, 40.661235 ], [ 22.923769, 40.661517 ], [ 22.925887, 40.661668 ], [ 22.926841, 40.661913 ], [ 22.927809, 40.662401 ], [ 22.928315, 40.663114 ], [ 22.928555, 40.663945 ], [ 22.928903, 40.664492 ], [ 22.929818, 40.66538 ], [ 22.928172, 40.666151 ], [ 22.927203, 40.666264 ], [ 22.926195, 40.666301 ], [ 22.925889, 40.666338 ], [ 22.925706, 40.668078 ], [ 22.925489, 40.669372 ], [ 22.925265, 40.670174 ], [ 22.92523, 40.670427 ], [ 22.925574, 40.670457 ], [ 22.92493, 40.672268 ], [ 22.923867, 40.672196 ], [ 22.923709, 40.672764 ], [ 22.923275, 40.674667 ], [ 22.923103, 40.675607 ], [ 22.923369, 40.676267 ], [ 22.923382, 40.676639 ], [ 22.923275, 40.676878 ], [ 22.92316, 40.677006 ], [ 22.923075, 40.67733 ], [ 22.92548, 40.677274 ], [ 22.931507, 40.677105 ], [ 22.93157, 40.677103 ], [ 22.931563, 40.677232 ], [ 22.931766, 40.677227 ], [ 22.931645, 40.677427 ], [ 22.931577, 40.677531 ], [ 22.931589, 40.677698 ], [ 22.931744, 40.678105 ], [ 22.931861, 40.678497 ], [ 22.931804, 40.678756 ], [ 22.931864, 40.678899 ], [ 22.931962, 40.679047 ], [ 22.931976, 40.679106 ], [ 22.931978, 40.679158 ], [ 22.931938, 40.679331 ], [ 22.93189, 40.679613 ], [ 22.931917, 40.679805 ], [ 22.931857, 40.680009 ], [ 22.931725, 40.680244 ], [ 22.931651, 40.68036 ], [ 22.931601, 40.680497 ], [ 22.931579, 40.680634 ], [ 22.931579, 40.680758 ], [ 22.931516, 40.681289 ], [ 22.931293, 40.681754 ], [ 22.931046, 40.682007 ], [ 22.930462, 40.682652 ], [ 22.930217, 40.682972 ], [ 22.929889, 40.683325 ], [ 22.929945, 40.683714 ], [ 22.92987, 40.685063 ], [ 22.929887, 40.686116 ], [ 22.930351, 40.685891 ], [ 22.930806, 40.685594 ] ] ] ] } },
{ "type": "Feature", "properties": { "MunUnits": "071102", "OID_1": 89, "CODE": "071102", "NAME_GR": "ΔΗΜΟΤΙΚΗ ΕΝΟΤΗΤΑ ΕΥΚΑΡΠΙΑΣ", "NAME_ENG": "Municipal Unit of Efkarpia", "Shape_Leng": 21174.020376199998, "Shape_Area": 14398147.118100001, "zone": "Urban" }, "geometry": { "type": "MultiPolygon", "coordinates": [ [ [ [ 22.946864, 40.711997 ], [ 22.947099, 40.711989 ], [ 22.947319, 40.711998 ], [ 22.947617, 40.71201 ], [ 22.948019, 40.712033 ], [ 22.948333, 40.712064 ], [ 22.948562, 40.712152 ], [ 22.94873, 40.712265 ], [ 22.948828, 40.712298 ], [ 22.948908, 40.712288 ], [ 22.949073, 40.712239 ], [ 22.949323, 40.712148 ], [ 22.949634, 40.712091 ], [ 22.949737, 40.712106 ], [ 22.949888, 40.712397 ], [ 22.950007, 40.712612 ], [ 22.950082, 40.71291 ], [ 22.950127, 40.71305 ], [ 22.950225, 40.713104 ], [ 22.950403, 40.713084 ], [ 22.95095, 40.712968 ], [ 22.95155, 40.712802 ], [ 22.951791, 40.712696 ], [ 22.952471, 40.712445 ], [ 22.952909, 40.712099 ], [ 22.953326, 40.711598 ], [ 22.953446, 40.711399 ], [ 22.954821, 40.710929 ], [ 22.956822, 40.710025 ], [ 22.957249, 40.709796 ], [ 22.9582, 40.709991 ], [ 22.958672, 40.710138 ], [ 22.959067, 40.710421 ], [ 22.959326, 40.710659 ], [ 22.959455, 40.71081 ], [ 22.959665, 40.71093 ], [ 22.959951, 40.71099 ], [ 22.960397, 40.711012 ], [ 22.960674, 40.710982 ], [ 22.960806, 40.710955 ], [ 22.961266, 40.711277 ], [ 22.961272, 40.711542 ], [ 22.964823, 40.712441 ], [ 22.969526, 40.713307 ], [ 22.970082, 40.713224 ], [ 22.972408, 40.711932 ], [ 22.975962, 40.709473 ], [ 22.975728, 40.70889 ], [ 22.975639, 40.707507 ], [ 22.975654, 40.70755 ], [ 22.975701, 40.707628 ], [ 22.975756, 40.707721 ], [ 22.975825, 40.707806 ], [ 22.975908, 40.707912 ], [ 22.975982, 40.708007 ], [ 22.976072, 40.708085 ], [ 22.976102, 40.708094 ], [ 22.976112, 40.708094 ], [ 22.976062, 40.708029 ], [ 22.975962, 40.707938 ], [ 22.975948, 40.707914 ], [ 22.975893, 40.707818 ], [ 22.975866, 40.707715 ], [ 22.975844, 40.707622 ], [ 22.975814, 40.707429 ], [ 22.975817, 40.707397 ], [ 22.975842, 40.707185 ], [ 22.975857, 40.707042 ], [ 22.975888, 40.70698 ], [ 22.975961, 40.706841 ], [ 22.976006, 40.706754 ], [ 22.976155, 40.706566 ], [ 22.976301, 40.706382 ], [ 22.976368, 40.706326 ], [ 22.976631, 40.706109 ], [ 22.97694, 40.705873 ], [ 22.976941, 40.705865 ], [ 22.976945, 40.705783 ], [ 22.976913, 40.705744 ], [ 22.976707, 40.705693 ], [ 22.976538, 40.705629 ], [ 22.976475, 40.705589 ], [ 22.976589, 40.70535 ], [ 22.9769, 40.705228 ], [ 22.977446, 40.704766 ], [ 22.977829, 40.704264 ], [ 22.978245, 40.703295 ], [ 22.978496, 40.702835 ], [ 22.978454, 40.702305 ], [ 22.978505, 40.702282 ], [ 22.97869, 40.70204 ], [ 22.978915, 40.701647 ], [ 22.979036, 40.701553 ], [ 22.9794, 40.70147 ], [ 22.97954, 40.701366 ], [ 22.979554, 40.701262 ], [ 22.979404, 40.70127 ], [ 22.979241, 40.701225 ], [ 22.979009, 40.701233 ], [ 22.978847, 40.701217 ], [ 22.978563, 40.701343 ], [ 22.978489, 40.700847 ], [ 22.97819, 40.700334 ], [ 22.977861, 40.69975 ], [ 22.977578, 40.699018 ], [ 22.977312, 40.698391 ], [ 22.977138, 40.697856 ], [ 22.976943, 40.697072 ], [ 22.976906, 40.696638 ], [ 22.977064, 40.696177 ], [ 22.977433, 40.69577 ], [ 22.97797, 40.695484 ], [ 22.978394, 40.695183 ], [ 22.978645, 40.69478 ], [ 22.978709, 40.694266 ], [ 22.978913, 40.693991 ], [ 22.979261, 40.693756 ], [ 22.979581, 40.693315 ], [ 22.980142, 40.69271 ], [ 22.980317, 40.692297 ], [ 22.980384, 40.692035 ], [ 22.980447, 40.691569 ], [ 22.980329, 40.691081 ], [ 22.979204, 40.689332 ], [ 22.979307, 40.689279 ], [ 22.979639, 40.68902 ], [ 22.979989, 40.688671 ], [ 22.980205, 40.688381 ], [ 22.980208, 40.688185 ], [ 22.980219, 40.687982 ], [ 22.980412, 40.687621 ], [ 22.980477, 40.687448 ], [ 22.980537, 40.687139 ], [ 22.980587, 40.686961 ], [ 22.980706, 40.686837 ], [ 22.980943, 40.68669 ], [ 22.981096, 40.686423 ], [ 22.981271, 40.686198 ], [ 22.981476, 40.68614 ], [ 22.981915, 40.686114 ], [ 22.982183, 40.685992 ], [ 22.982632, 40.685763 ], [ 22.983223, 40.685542 ], [ 22.982707, 40.685392 ], [ 22.982691, 40.685163 ], [ 22.982375, 40.684892 ], [ 22.981919, 40.68451 ], [ 22.982165, 40.684261 ], [ 22.982626, 40.683771 ], [ 22.983396, 40.683328 ], [ 22.984064, 40.682943 ], [ 22.984221, 40.682858 ], [ 22.984429, 40.682839 ], [ 22.984727, 40.682791 ], [ 22.985414, 40.682651 ], [ 22.985857, 40.68214 ], [ 22.985968, 40.68205 ], [ 22.985884, 40.681924 ], [ 22.98584, 40.681738 ], [ 22.985738, 40.681043 ], [ 22.985773, 40.680805 ], [ 22.985945, 40.680571 ], [ 22.986334, 40.680159 ], [ 22.986562, 40.67993 ], [ 22.986689, 40.679862 ], [ 22.98687, 40.679847 ], [ 22.987205, 40.679852 ], [ 22.987619, 40.679801 ], [ 22.987548, 40.679743 ], [ 22.987381, 40.679651 ], [ 22.98712, 40.67932 ], [ 22.986918, 40.678992 ], [ 22.986922, 40.678916 ], [ 22.986963, 40.678878 ], [ 22.98749, 40.678599 ], [ 22.987909, 40.678843 ], [ 22.988167, 40.678965 ], [ 22.988356, 40.679112 ], [ 22.988316, 40.678859 ], [ 22.988295, 40.678611 ], [ 22.988198, 40.678367 ], [ 22.988202, 40.678143 ], [ 22.988276, 40.67781 ], [ 22.988338, 40.677438 ], [ 22.988325, 40.677052 ], [ 22.988155, 40.676712 ], [ 22.987927, 40.676462 ], [ 22.987555, 40.676206 ], [ 22.987165, 40.675931 ], [ 22.986773, 40.675713 ], [ 22.986453, 40.675401 ], [ 22.985905, 40.675143 ], [ 22.985701, 40.675027 ], [ 22.985566, 40.674845 ], [ 22.98536, 40.674752 ], [ 22.985055, 40.67463 ], [ 22.984812, 40.67458 ], [ 22.984532, 40.674497 ], [ 22.983995, 40.674359 ], [ 22.983905, 40.674323 ], [ 22.983865, 40.674294 ], [ 22.983851, 40.674262 ], [ 22.983851, 40.674227 ], [ 22.983855, 40.674193 ], [ 22.983865, 40.674159 ], [ 22.983887, 40.674108 ], [ 22.983897, 40.674081 ], [ 22.983902, 40.674048 ], [ 22.9839, 40.673994 ], [ 22.983862, 40.673926 ], [ 22.983773, 40.67384 ], [ 22.983442, 40.673498 ], [ 22.983041, 40.673126 ], [ 22.982757, 40.673004 ], [ 22.982562, 40.672978 ], [ 22.982459, 40.672996 ], [ 22.982381, 40.673009 ], [ 22.981992, 40.673149 ], [ 22.981756, 40.67321 ], [ 22.981524, 40.673282 ], [ 22.981223, 40.673482 ], [ 22.980874, 40.673618 ], [ 22.980097, 40.67383 ], [ 22.979441, 40.67397 ], [ 22.978704, 40.674063 ], [ 22.978412, 40.674089 ], [ 22.978038, 40.674191 ], [ 22.977667, 40.67434 ], [ 22.977433, 40.674488 ], [ 22.977099, 40.6746 ], [ 22.976729, 40.674741 ], [ 22.976497, 40.674862 ], [ 22.976427, 40.674928 ], [ 22.976384, 40.675052 ], [ 22.976341, 40.675252 ], [ 22.976227, 40.675359 ], [ 22.976122, 40.675433 ], [ 22.975906, 40.675767 ], [ 22.975453, 40.676485 ], [ 22.975183, 40.676976 ], [ 22.974901, 40.677267 ], [ 22.974795, 40.677162 ], [ 22.974622, 40.677121 ], [ 22.974096, 40.677117 ], [ 22.973762, 40.677124 ], [ 22.973541, 40.677183 ], [ 22.97303, 40.677443 ], [ 22.972433, 40.67777 ], [ 22.972145, 40.677886 ], [ 22.971956, 40.677938 ], [ 22.971509, 40.678002 ], [ 22.971375, 40.678133 ], [ 22.971059, 40.678277 ], [ 22.97014, 40.678476 ], [ 22.969676, 40.678708 ], [ 22.969262, 40.678765 ], [ 22.96868, 40.678727 ], [ 22.968314, 40.678706 ], [ 22.968324, 40.678642 ], [ 22.968377, 40.678596 ], [ 22.968387, 40.67856 ], [ 22.968355, 40.678517 ], [ 22.968283, 40.678316 ], [ 22.968233, 40.678198 ], [ 22.968076, 40.677993 ], [ 22.967822, 40.677754 ], [ 22.967652, 40.677456 ], [ 22.967325, 40.677085 ], [ 22.966872, 40.67658 ], [ 22.965159, 40.676822 ], [ 22.964946, 40.677275 ], [ 22.964625, 40.677944 ], [ 22.964319, 40.678009 ], [ 22.96392, 40.67803 ], [ 22.963656, 40.677746 ], [ 22.963264, 40.677628 ], [ 22.962262, 40.67739 ], [ 22.960499, 40.676963 ], [ 22.960086, 40.676938 ], [ 22.959913, 40.6769 ], [ 22.959903, 40.676778 ], [ 22.959942, 40.67665 ], [ 22.959309, 40.67662 ], [ 22.959296, 40.676807 ], [ 22.958974, 40.677315 ], [ 22.958807, 40.67754 ], [ 22.958531, 40.677668 ], [ 22.958184, 40.67779 ], [ 22.954757, 40.678242 ], [ 22.952867, 40.678469 ], [ 22.951393, 40.67867 ], [ 22.950633, 40.678723 ], [ 22.948299, 40.679066 ], [ 22.946397, 40.679308 ], [ 22.944404, 40.679612 ], [ 22.943915, 40.679369 ], [ 22.943989, 40.679125 ], [ 22.943771, 40.679013 ], [ 22.943393, 40.678715 ], [ 22.943247, 40.678064 ], [ 22.942919, 40.67821 ], [ 22.942689, 40.678425 ], [ 22.942535, 40.678495 ], [ 22.942428, 40.678624 ], [ 22.941962, 40.678389 ], [ 22.940674, 40.677869 ], [ 22.939094, 40.677426 ], [ 22.939069, 40.677534 ], [ 22.939413, 40.677627 ], [ 22.93936, 40.67769 ], [ 22.939332, 40.677708 ], [ 22.939195, 40.677735 ], [ 22.939166, 40.678132 ], [ 22.939233, 40.678326 ], [ 22.939361, 40.678531 ], [ 22.939295, 40.678562 ], [ 22.93982, 40.679236 ], [ 22.939788, 40.679439 ], [ 22.939838, 40.679583 ], [ 22.939204, 40.679865 ], [ 22.939341, 40.68036 ], [ 22.940333, 40.682579 ], [ 22.94125, 40.684447 ], [ 22.942131, 40.686153 ], [ 22.941776, 40.686199 ], [ 22.94025, 40.68652 ], [ 22.939959, 40.686571 ], [ 22.93994, 40.686327 ], [ 22.93945, 40.686331 ], [ 22.938413, 40.686333 ], [ 22.93794, 40.686329 ], [ 22.937875, 40.686454 ], [ 22.935517, 40.686092 ], [ 22.93402, 40.685849 ], [ 22.93367, 40.685792 ], [ 22.931673, 40.685464 ], [ 22.931098, 40.685364 ], [ 22.930806, 40.685594 ], [ 22.930351, 40.685891 ], [ 22.929887, 40.686116 ], [ 22.929462, 40.68627 ], [ 22.929305, 40.686326 ], [ 22.929159, 40.6864 ], [ 22.929, 40.686483 ], [ 22.928951, 40.686611 ], [ 22.928787, 40.686845 ], [ 22.928382, 40.6875 ], [ 22.928033, 40.688197 ], [ 22.927759, 40.68891 ], [ 22.927492, 40.689791 ], [ 22.927385, 40.689987 ], [ 22.927355, 40.690361 ], [ 22.92766, 40.69095 ], [ 22.928077, 40.691047 ], [ 22.931164, 40.691522 ], [ 22.934296, 40.692012 ], [ 22.934667, 40.692067 ], [ 22.934392, 40.69277 ], [ 22.933825, 40.693766 ], [ 22.933041, 40.695017 ], [ 22.932411, 40.695878 ], [ 22.931721, 40.696915 ], [ 22.931461, 40.697494 ], [ 22.93125, 40.698379 ], [ 22.931174, 40.698756 ], [ 22.931091, 40.699156 ], [ 22.930604, 40.70053 ], [ 22.930333, 40.701341 ], [ 22.929957, 40.702073 ], [ 22.929889, 40.70218 ], [ 22.930266, 40.702149 ], [ 22.932353, 40.701891 ], [ 22.933868, 40.701643 ], [ 22.934918, 40.701557 ], [ 22.935264, 40.701471 ], [ 22.935713, 40.70132 ], [ 22.936483, 40.701143 ], [ 22.937929, 40.700834 ], [ 22.938173, 40.700735 ], [ 22.93874, 40.70055 ], [ 22.939203, 40.700459 ], [ 22.939372, 40.700681 ], [ 22.939472, 40.700801 ], [ 22.939288, 40.701538 ], [ 22.939184, 40.701988 ], [ 22.938685, 40.703456 ], [ 22.938833, 40.70361 ], [ 22.939032, 40.704126 ], [ 22.93911, 40.704313 ], [ 22.939075, 40.704551 ], [ 22.938913, 40.704874 ], [ 22.938699, 40.705377 ], [ 22.938708, 40.705549 ], [ 22.938801, 40.705654 ], [ 22.93915, 40.706125 ], [ 22.939708, 40.706483 ], [ 22.940134, 40.706901 ], [ 22.940318, 40.707136 ], [ 22.940387, 40.707156 ], [ 22.940482, 40.707071 ], [ 22.940514, 40.707043 ], [ 22.940585, 40.707044 ], [ 22.940989, 40.707105 ], [ 22.941578, 40.707196 ], [ 22.941715, 40.70725 ], [ 22.941541, 40.707563 ], [ 22.941353, 40.707986 ], [ 22.941372, 40.708181 ], [ 22.941704, 40.708373 ], [ 22.941887, 40.708481 ], [ 22.941823, 40.708808 ], [ 22.941391, 40.709176 ], [ 22.941087, 40.709383 ], [ 22.941084, 40.709564 ], [ 22.941168, 40.709841 ], [ 22.941301, 40.710128 ], [ 22.941298, 40.710329 ], [ 22.941257, 40.71049 ], [ 22.94113, 40.710632 ], [ 22.940965, 40.710735 ], [ 22.940852, 40.710782 ], [ 22.940627, 40.710875 ], [ 22.940572, 40.711142 ], [ 22.940981, 40.711754 ], [ 22.940993, 40.712004 ], [ 22.940586, 40.712421 ], [ 22.940103, 40.71271 ], [ 22.940642, 40.713203 ], [ 22.9408, 40.713476 ], [ 22.940801, 40.713688 ], [ 22.940787, 40.713828 ], [ 22.940748, 40.713898 ], [ 22.939708, 40.714739 ], [ 22.939913, 40.715296 ], [ 22.940034, 40.715227 ], [ 22.940186, 40.71519 ], [ 22.940704, 40.714932 ], [ 22.940944, 40.714796 ], [ 22.941385, 40.714648 ], [ 22.941945, 40.714462 ], [ 22.942564, 40.714187 ], [ 22.943313, 40.713926 ], [ 22.943874, 40.713712 ], [ 22.944209, 40.713529 ], [ 22.945394, 40.712697 ], [ 22.945629, 40.712494 ], [ 22.945895, 40.712326 ], [ 22.946151, 40.712212 ], [ 22.946444, 40.712101 ], [ 22.946675, 40.712042 ], [ 22.946864, 40.711997 ] ] ] ] } },
{ "type": "Feature", "properties": { "MunUnits": "071103", "OID_1": 90, "CODE": "071103", "NAME_GR": "ΔΗΜΟΤΙΚΗ ΕΝΟΤΗΤΑ ΠΟΛΙΧΝΗΣ", "NAME_ENG": "Municipal Unit of Polichni", "Shape_Leng": 15301.085375000001, "Shape_Area": 7220632.86204, "zone": "Urban" }, "geometry": { "type": "MultiPolygon", "coordinates": [ [ [ [ 22.94025, 40.68652 ], [ 22.941776, 40.686199 ], [ 22.942131, 40.686153 ], [ 22.94125, 40.684447 ], [ 22.940333, 40.682579 ], [ 22.939341, 40.68036 ], [ 22.939204, 40.679865 ], [ 22.939838, 40.679583 ], [ 22.939788, 40.679439 ], [ 22.93982, 40.679236 ], [ 22.939295, 40.678562 ], [ 22.939361, 40.678531 ], [ 22.939233, 40.678326 ], [ 22.939166, 40.678132 ], [ 22.939195, 40.677735 ], [ 22.939332, 40.677708 ], [ 22.93936, 40.67769 ], [ 22.939413, 40.677627 ], [ 22.939069, 40.677534 ], [ 22.939094, 40.677426 ], [ 22.940674, 40.677869 ], [ 22.941962, 40.678389 ], [ 22.942428, 40.678624 ], [ 22.942535, 40.678495 ], [ 22.942689, 40.678425 ], [ 22.942919, 40.67821 ], [ 22.943247, 40.678064 ], [ 22.943393, 40.678715 ], [ 22.943771, 40.679013 ], [ 22.943989, 40.679125 ], [ 22.943915, 40.679369 ], [ 22.944404, 40.679612 ], [ 22.946397, 40.679308 ], [ 22.948299, 40.679066 ], [ 22.950633, 40.678723 ], [ 22.951393, 40.67867 ], [ 22.952867, 40.678469 ], [ 22.954757, 40.678242 ], [ 22.958184, 40.67779 ], [ 22.958531, 40.677668 ], [ 22.958807, 40.67754 ], [ 22.958974, 40.677315 ], [ 22.959296, 40.676807 ], [ 22.959309, 40.67662 ], [ 22.959942, 40.67665 ], [ 22.959903, 40.676778 ], [ 22.959913, 40.6769 ], [ 22.960086, 40.676938 ], [ 22.960499, 40.676963 ], [ 22.962262, 40.67739 ], [ 22.963264, 40.677628 ], [ 22.963656, 40.677746 ], [ 22.96392, 40.67803 ], [ 22.964319, 40.678009 ], [ 22.964625, 40.677944 ], [ 22.964946, 40.677275 ], [ 22.965159, 40.676822 ], [ 22.966872, 40.67658 ], [ 22.967325, 40.677085 ], [ 22.967652, 40.677456 ], [ 22.967822, 40.677754 ], [ 22.968076, 40.677993 ], [ 22.968233, 40.678198 ], [ 22.968283, 40.678316 ], [ 22.968355, 40.678517 ], [ 22.968387, 40.67856 ], [ 22.968377, 40.678596 ], [ 22.968324, 40.678642 ], [ 22.968314, 40.678706 ], [ 22.96868, 40.678727 ], [ 22.969262, 40.678765 ], [ 22.969676, 40.678708 ], [ 22.97014, 40.678476 ], [ 22.971059, 40.678277 ], [ 22.971375, 40.678133 ], [ 22.971509, 40.678002 ], [ 22.971956, 40.677938 ], [ 22.972145, 40.677886 ], [ 22.972433, 40.67777 ], [ 22.97303, 40.677443 ], [ 22.973541, 40.677183 ], [ 22.973762, 40.677124 ], [ 22.974096, 40.677117 ], [ 22.974622, 40.677121 ], [ 22.974795, 40.677162 ], [ 22.974901, 40.677267 ], [ 22.975183, 40.676976 ], [ 22.975453, 40.676485 ], [ 22.975906, 40.675767 ], [ 22.976122, 40.675433 ], [ 22.976227, 40.675359 ], [ 22.976341, 40.675252 ], [ 22.976384, 40.675052 ], [ 22.976427, 40.674928 ], [ 22.976497, 40.674862 ], [ 22.976729, 40.674741 ], [ 22.977099, 40.6746 ], [ 22.977433, 40.674488 ], [ 22.977667, 40.67434 ], [ 22.978038, 40.674191 ], [ 22.978412, 40.674089 ], [ 22.978704, 40.674063 ], [ 22.979441, 40.67397 ], [ 22.980097, 40.67383 ], [ 22.980874, 40.673618 ], [ 22.981223, 40.673482 ], [ 22.981524, 40.673282 ], [ 22.981756, 40.67321 ], [ 22.981992, 40.673149 ], [ 22.982381, 40.673009 ], [ 22.982459, 40.672996 ], [ 22.982414, 40.672927 ], [ 22.982336, 40.672826 ], [ 22.982257, 40.672754 ], [ 22.982159, 40.672717 ], [ 22.982085, 40.67267 ], [ 22.98204, 40.672523 ], [ 22.981911, 40.672039 ], [ 22.98189, 40.671867 ], [ 22.981792, 40.671541 ], [ 22.981742, 40.671416 ], [ 22.981659, 40.671318 ], [ 22.981665, 40.671233 ], [ 22.98162, 40.671079 ], [ 22.981538, 40.670938 ], [ 22.98147, 40.670785 ], [ 22.981309, 40.670838 ], [ 22.981163, 40.670893 ], [ 22.981076, 40.670949 ], [ 22.981024, 40.671059 ], [ 22.980975, 40.671219 ], [ 22.980939, 40.671272 ], [ 22.980899, 40.671299 ], [ 22.980726, 40.67133 ], [ 22.980488, 40.671331 ], [ 22.980198, 40.671337 ], [ 22.979932, 40.671332 ], [ 22.979702, 40.671288 ], [ 22.979573, 40.671265 ], [ 22.979401, 40.671243 ], [ 22.979118, 40.67118 ], [ 22.978987, 40.671111 ], [ 22.978751, 40.670909 ], [ 22.978594, 40.670598 ], [ 22.978544, 40.670444 ], [ 22.978461, 40.670245 ], [ 22.978355, 40.670084 ], [ 22.978199, 40.669931 ], [ 22.977994, 40.669804 ], [ 22.977672, 40.669613 ], [ 22.97747, 40.669444 ], [ 22.977223, 40.6692 ], [ 22.977101, 40.669066 ], [ 22.977041, 40.669013 ], [ 22.976892, 40.668997 ], [ 22.976781, 40.668958 ], [ 22.976638, 40.668782 ], [ 22.976526, 40.668667 ], [ 22.976284, 40.66846 ], [ 22.976188, 40.668358 ], [ 22.976175, 40.668278 ], [ 22.976141, 40.66817 ], [ 22.976346, 40.668232 ], [ 22.976503, 40.668267 ], [ 22.976483, 40.668166 ], [ 22.97636, 40.668012 ], [ 22.976255, 40.667916 ], [ 22.97615, 40.667867 ], [ 22.97607, 40.667842 ], [ 22.975915, 40.6678 ], [ 22.975659, 40.667762 ], [ 22.975522, 40.667683 ], [ 22.97537, 40.667541 ], [ 22.975255, 40.667383 ], [ 22.974786, 40.666773 ], [ 22.974276, 40.666125 ], [ 22.974078, 40.665899 ], [ 22.973655, 40.665494 ], [ 22.973224, 40.665084 ], [ 22.973104, 40.664919 ], [ 22.972995, 40.664774 ], [ 22.972523, 40.66444 ], [ 22.972268, 40.664246 ], [ 22.971853, 40.663977 ], [ 22.971294, 40.663605 ], [ 22.970959, 40.663373 ], [ 22.970777, 40.663243 ], [ 22.97064, 40.663161 ], [ 22.970263, 40.662885 ], [ 22.969537, 40.662344 ], [ 22.969364, 40.662183 ], [ 22.969179, 40.661847 ], [ 22.968985, 40.661501 ], [ 22.968869, 40.661517 ], [ 22.968802, 40.661414 ], [ 22.968601, 40.660831 ], [ 22.968428, 40.660734 ], [ 22.968388, 40.660288 ], [ 22.968204, 40.659417 ], [ 22.967708, 40.659221 ], [ 22.967099, 40.658565 ], [ 22.966869, 40.658256 ], [ 22.966581, 40.658046 ], [ 22.965883, 40.657932 ], [ 22.965314, 40.65772 ], [ 22.964836, 40.657365 ], [ 22.964407, 40.657115 ], [ 22.963744, 40.656908 ], [ 22.962315, 40.656449 ], [ 22.961923, 40.656252 ], [ 22.961358, 40.655793 ], [ 22.961015, 40.655515 ], [ 22.960617, 40.655143 ], [ 22.960072, 40.654855 ], [ 22.959158, 40.654772 ], [ 22.957851, 40.654871 ], [ 22.957349, 40.654856 ], [ 22.956089, 40.654712 ], [ 22.954747, 40.654625 ], [ 22.953715, 40.654573 ], [ 22.952411, 40.654507 ], [ 22.951854, 40.654441 ], [ 22.951958, 40.654586 ], [ 22.95239, 40.65499 ], [ 22.951582, 40.655417 ], [ 22.950141, 40.656257 ], [ 22.949741, 40.656487 ], [ 22.949423, 40.656661 ], [ 22.948697, 40.656996 ], [ 22.948859, 40.656528 ], [ 22.948734, 40.656512 ], [ 22.948512, 40.656474 ], [ 22.948247, 40.656311 ], [ 22.948066, 40.656336 ], [ 22.947816, 40.656321 ], [ 22.947721, 40.656092 ], [ 22.947674, 40.656079 ], [ 22.946992, 40.656288 ], [ 22.946487, 40.656459 ], [ 22.946309, 40.656468 ], [ 22.946175, 40.65632 ], [ 22.945813, 40.656324 ], [ 22.945499, 40.656611 ], [ 22.944387, 40.655957 ], [ 22.94341, 40.655423 ], [ 22.943143, 40.655384 ], [ 22.942668, 40.655427 ], [ 22.942099, 40.655518 ], [ 22.941922, 40.655999 ], [ 22.94143, 40.655731 ], [ 22.941147, 40.656024 ], [ 22.940669, 40.656542 ], [ 22.940836, 40.656718 ], [ 22.941309, 40.65762 ], [ 22.941561, 40.658062 ], [ 22.94163, 40.658495 ], [ 22.941837, 40.659091 ], [ 22.941601, 40.659203 ], [ 22.941944, 40.660036 ], [ 22.94227, 40.661376 ], [ 22.942451, 40.662414 ], [ 22.942683, 40.663254 ], [ 22.942369, 40.663299 ], [ 22.942431, 40.663574 ], [ 22.942478, 40.66381 ], [ 22.94258, 40.66432 ], [ 22.943229, 40.665366 ], [ 22.943419, 40.665666 ], [ 22.943262, 40.665703 ], [ 22.943551, 40.666993 ], [ 22.943665, 40.667491 ], [ 22.943479, 40.6676 ], [ 22.942723, 40.668144 ], [ 22.942051, 40.668549 ], [ 22.941066, 40.669252 ], [ 22.93972, 40.669993 ], [ 22.939432, 40.670116 ], [ 22.939381, 40.670375 ], [ 22.939337, 40.670487 ], [ 22.93851, 40.670527 ], [ 22.938871, 40.671871 ], [ 22.938771, 40.676255 ], [ 22.938801, 40.677328 ], [ 22.938232, 40.677442 ], [ 22.937986, 40.677583 ], [ 22.93677, 40.678025 ], [ 22.936767, 40.678649 ], [ 22.93682, 40.678812 ], [ 22.936798, 40.679422 ], [ 22.9368, 40.680875 ], [ 22.936557, 40.681183 ], [ 22.936304, 40.681748 ], [ 22.935982, 40.682327 ], [ 22.935481, 40.683109 ], [ 22.934966, 40.683986 ], [ 22.934513, 40.684539 ], [ 22.934377, 40.684762 ], [ 22.934298, 40.685019 ], [ 22.93402, 40.685849 ], [ 22.935517, 40.686092 ], [ 22.937875, 40.686454 ], [ 22.93794, 40.686329 ], [ 22.938413, 40.686333 ], [ 22.93945, 40.686331 ], [ 22.93994, 40.686327 ], [ 22.939959, 40.686571 ], [ 22.94025, 40.68652 ] ] ] ] } },
{ "type": "Feature", "properties": { "MunUnits": "071201", "OID_1": 91, "CODE": "071201", "NAME_GR": "ΔΗΜΟΤΙΚΗ ΕΝΟΤΗΤΑ ΠΑΝΟΡΑΜΑΤΟΣ", "NAME_ENG": "Municipal Unit of Panorama", "Shape_Leng": 22756.992424299999, "Shape_Area": 21743828.396699999, "zone": "Urban" }, "geometry": { "type": "MultiPolygon", "coordinates": [ [ [ [ 23.044322, 40.613316 ], [ 23.045118, 40.613323 ], [ 23.050128, 40.614466 ], [ 23.053863, 40.614551 ], [ 23.055252, 40.614082 ], [ 23.058763, 40.61342 ], [ 23.060872, 40.611788 ], [ 23.062594, 40.611298 ], [ 23.065685, 40.609964 ], [ 23.067586, 40.608876 ], [ 23.067931, 40.608395 ], [ 23.068425, 40.606257 ], [ 23.067977, 40.604491 ], [ 23.067423, 40.603873 ], [ 23.06442, 40.602414 ], [ 23.064048, 40.601111 ], [ 23.06361, 40.600738 ], [ 23.060582, 40.599095 ], [ 23.059587, 40.596291 ], [ 23.059496, 40.595143 ], [ 23.059711, 40.593157 ], [ 23.060398, 40.591114 ], [ 23.061463, 40.588951 ], [ 23.061759, 40.586794 ], [ 23.061638, 40.585978 ], [ 23.060349, 40.584559 ], [ 23.053433, 40.578974 ], [ 23.052268, 40.578965 ], [ 23.050382, 40.579578 ], [ 23.049441, 40.579264 ], [ 23.048753, 40.578177 ], [ 23.047379, 40.574805 ], [ 23.04581, 40.565521 ], [ 23.045624, 40.565192 ], [ 23.045337, 40.564852 ], [ 23.045117, 40.564815 ], [ 23.044864, 40.564819 ], [ 23.044664, 40.564865 ], [ 23.044412, 40.564968 ], [ 23.044106, 40.565026 ], [ 23.043939, 40.564989 ], [ 23.043685, 40.564954 ], [ 23.043554, 40.564989 ], [ 23.043363, 40.565281 ], [ 23.043073, 40.565598 ], [ 23.042882, 40.565676 ], [ 23.042617, 40.565691 ], [ 23.042277, 40.565682 ], [ 23.041785, 40.565476 ], [ 23.041599, 40.565008 ], [ 23.041413, 40.564688 ], [ 23.041565, 40.564409 ], [ 23.04153, 40.564362 ], [ 23.041091, 40.564172 ], [ 23.040341, 40.56362 ], [ 23.040241, 40.563444 ], [ 23.040722, 40.563019 ], [ 23.040767, 40.562876 ], [ 23.039931, 40.56254 ], [ 23.039781, 40.562397 ], [ 23.039826, 40.562243 ], [ 23.040112, 40.561967 ], [ 23.040108, 40.561897 ], [ 23.040091, 40.561851 ], [ 23.039832, 40.561816 ], [ 23.039602, 40.561822 ], [ 23.039452, 40.561775 ], [ 23.039239, 40.561641 ], [ 23.039027, 40.561432 ], [ 23.038646, 40.56096 ], [ 23.038625, 40.560864 ], [ 23.038671, 40.560779 ], [ 23.038817, 40.560711 ], [ 23.039123, 40.560472 ], [ 23.03928, 40.560322 ], [ 23.039264, 40.560244 ], [ 23.039178, 40.560138 ], [ 23.03892, 40.560031 ], [ 23.0387, 40.559841 ], [ 23.038534, 40.559704 ], [ 23.03837, 40.55946 ], [ 23.038219, 40.559179 ], [ 23.038194, 40.558986 ], [ 23.038151, 40.558681 ], [ 23.038007, 40.558443 ], [ 23.037818, 40.558207 ], [ 23.037611, 40.558007 ], [ 23.037313, 40.55784 ], [ 23.037055, 40.557693 ], [ 23.036922, 40.557597 ], [ 23.036772, 40.557565 ], [ 23.036503, 40.557492 ], [ 23.036249, 40.557288 ], [ 23.03612, 40.557192 ], [ 23.035984, 40.557059 ], [ 23.035951, 40.55698 ], [ 23.035843, 40.556495 ], [ 23.035795, 40.556314 ], [ 23.035629, 40.55623 ], [ 23.035318, 40.556132 ], [ 23.035081, 40.556048 ], [ 23.034878, 40.555911 ], [ 23.034748, 40.555754 ], [ 23.034665, 40.555643 ], [ 23.034409, 40.555547 ], [ 23.033941, 40.555366 ], [ 23.033829, 40.555277 ], [ 23.033666, 40.555085 ], [ 23.03359, 40.554694 ], [ 23.033615, 40.554564 ], [ 23.03351, 40.554541 ], [ 23.033355, 40.554496 ], [ 23.033423, 40.554374 ], [ 23.033712, 40.553911 ], [ 23.033717, 40.553706 ], [ 23.03362, 40.553524 ], [ 23.033347, 40.553374 ], [ 23.033125, 40.553312 ], [ 23.032535, 40.553141 ], [ 23.032335, 40.553067 ], [ 23.03219, 40.553006 ], [ 23.032133, 40.552941 ], [ 23.032067, 40.55279 ], [ 23.032188, 40.552488 ], [ 23.032207, 40.552356 ], [ 23.032226, 40.552315 ], [ 23.031894, 40.552297 ], [ 23.031878, 40.552418 ], [ 23.031849, 40.552576 ], [ 23.031732, 40.552879 ], [ 23.031567, 40.553247 ], [ 23.031503, 40.553417 ], [ 23.03146, 40.553489 ], [ 23.031326, 40.553584 ], [ 23.030959, 40.553859 ], [ 23.030553, 40.5541 ], [ 23.02989, 40.554578 ], [ 23.029316, 40.555075 ], [ 23.029363, 40.555466 ], [ 23.029443, 40.555633 ], [ 23.029502, 40.555867 ], [ 23.029502, 40.556272 ], [ 23.02938, 40.556924 ], [ 23.029306, 40.557333 ], [ 23.028832, 40.558097 ], [ 23.028196, 40.559311 ], [ 23.02807, 40.559862 ], [ 23.028108, 40.559995 ], [ 23.028139, 40.56022 ], [ 23.028106, 40.560482 ], [ 23.027899, 40.560659 ], [ 23.027844, 40.560747 ], [ 23.027919, 40.560944 ], [ 23.027927, 40.561163 ], [ 23.027936, 40.561318 ], [ 23.027893, 40.561351 ], [ 23.027227, 40.561528 ], [ 23.027035, 40.561591 ], [ 23.026988, 40.561521 ], [ 23.02609, 40.561759 ], [ 23.025459, 40.561942 ], [ 23.025273, 40.561768 ], [ 23.024515, 40.562016 ], [ 23.023692, 40.562301 ], [ 23.023357, 40.561873 ], [ 23.022584, 40.560811 ], [ 23.022384, 40.560526 ], [ 23.02234, 40.560451 ], [ 23.022233, 40.560522 ], [ 23.02196, 40.560723 ], [ 23.021272, 40.561179 ], [ 23.021124, 40.56129 ], [ 23.020831, 40.561591 ], [ 23.020784, 40.56164 ], [ 23.020687, 40.56169 ], [ 23.020451, 40.561777 ], [ 23.020145, 40.561931 ], [ 23.019809, 40.562109 ], [ 23.019557, 40.56231 ], [ 23.019273, 40.562527 ], [ 23.018698, 40.562816 ], [ 23.018359, 40.562926 ], [ 23.018026, 40.562926 ], [ 23.017495, 40.562914 ], [ 23.017054, 40.562942 ], [ 23.016778, 40.563033 ], [ 23.016604, 40.563129 ], [ 23.016003, 40.56356 ], [ 23.015731, 40.563886 ], [ 23.015509, 40.564184 ], [ 23.015177, 40.564441 ], [ 23.014546, 40.564844 ], [ 23.014223, 40.565191 ], [ 23.014064, 40.565354 ], [ 23.013805, 40.565517 ], [ 23.013308, 40.565589 ], [ 23.013122, 40.565607 ], [ 23.01299, 40.565646 ], [ 23.01208, 40.566096 ], [ 23.011069, 40.566418 ], [ 23.010622, 40.566622 ], [ 23.0098, 40.567058 ], [ 23.009042, 40.567352 ], [ 23.008381, 40.567668 ], [ 23.007804, 40.568037 ], [ 23.006544, 40.568879 ], [ 23.006078, 40.569228 ], [ 23.00566, 40.569601 ], [ 23.005151, 40.570172 ], [ 23.004838, 40.570363 ], [ 23.004636, 40.570403 ], [ 23.0047, 40.570774 ], [ 23.004792, 40.570939 ], [ 23.00478, 40.571231 ], [ 23.004661, 40.571587 ], [ 23.004517, 40.571848 ], [ 23.00457, 40.571961 ], [ 23.00474, 40.572058 ], [ 23.004786, 40.572172 ], [ 23.004345, 40.572883 ], [ 23.004224, 40.573398 ], [ 23.004707, 40.574316 ], [ 23.004518, 40.574923 ], [ 23.00484, 40.577187 ], [ 23.004763, 40.578214 ], [ 23.004566, 40.578799 ], [ 23.004746, 40.579569 ], [ 23.005025, 40.580299 ], [ 23.004899, 40.580596 ], [ 23.00469, 40.580755 ], [ 23.004746, 40.581166 ], [ 23.005108, 40.581503 ], [ 23.005617, 40.581966 ], [ 23.00606, 40.582983 ], [ 23.007777, 40.583418 ], [ 23.008667, 40.583467 ], [ 23.01051, 40.583567 ], [ 23.011052, 40.583646 ], [ 23.012084, 40.584137 ], [ 23.012663, 40.584643 ], [ 23.01282, 40.585001 ], [ 23.012078, 40.585205 ], [ 23.011317, 40.585423 ], [ 23.009728, 40.585891 ], [ 23.007992, 40.586383 ], [ 23.006, 40.586969 ], [ 23.003656, 40.587671 ], [ 23.003737, 40.588124 ], [ 23.003998, 40.588911 ], [ 23.003988, 40.589297 ], [ 23.004173, 40.589998 ], [ 23.004356, 40.590077 ], [ 23.004647, 40.590158 ], [ 23.005636, 40.590013 ], [ 23.00618, 40.589918 ], [ 23.006639, 40.589921 ], [ 23.007037, 40.590053 ], [ 23.007253, 40.590162 ], [ 23.008238, 40.590998 ], [ 23.009239, 40.591819 ], [ 23.009538, 40.592068 ], [ 23.00885, 40.592723 ], [ 23.008703, 40.592931 ], [ 23.00861, 40.593133 ], [ 23.008266, 40.593516 ], [ 23.008055, 40.593846 ], [ 23.008119, 40.593992 ], [ 23.00831, 40.593919 ], [ 23.008659, 40.593794 ], [ 23.008823, 40.593726 ], [ 23.009077, 40.593666 ], [ 23.009124, 40.593697 ], [ 23.009209, 40.593846 ], [ 23.009289, 40.59403 ], [ 23.009439, 40.594351 ], [ 23.009501, 40.594785 ], [ 23.009514, 40.594995 ], [ 23.009533, 40.595119 ], [ 23.009729, 40.595637 ], [ 23.009715, 40.596058 ], [ 23.009728, 40.596196 ], [ 23.009871, 40.596301 ], [ 23.010036, 40.596476 ], [ 23.010178, 40.596557 ], [ 23.01035, 40.596605 ], [ 23.010614, 40.596591 ], [ 23.010855, 40.596514 ], [ 23.011016, 40.596432 ], [ 23.011213, 40.5963 ], [ 23.01142, 40.596094 ], [ 23.011552, 40.596048 ], [ 23.011603, 40.596187 ], [ 23.011643, 40.596293 ], [ 23.01177, 40.596402 ], [ 23.011919, 40.596489 ], [ 23.012234, 40.596612 ], [ 23.012415, 40.596587 ], [ 23.012646, 40.596541 ], [ 23.012766, 40.596557 ], [ 23.013012, 40.596685 ], [ 23.013098, 40.596808 ], [ 23.013122, 40.596964 ], [ 23.013129, 40.597001 ], [ 23.013386, 40.597023 ], [ 23.013405, 40.597139 ], [ 23.013818, 40.597295 ], [ 23.014071, 40.597456 ], [ 23.014539, 40.59729 ], [ 23.015838, 40.597477 ], [ 23.016616, 40.597725 ], [ 23.017537, 40.59835 ], [ 23.017732, 40.598667 ], [ 23.018064, 40.598703 ], [ 23.018506, 40.598683 ], [ 23.018798, 40.598712 ], [ 23.018952, 40.598892 ], [ 23.018977, 40.599053 ], [ 23.019229, 40.599204 ], [ 23.019721, 40.599223 ], [ 23.020102, 40.599375 ], [ 23.020305, 40.599684 ], [ 23.020454, 40.600138 ], [ 23.020418, 40.600495 ], [ 23.021387, 40.60034 ], [ 23.021772, 40.601774 ], [ 23.021737, 40.602652 ], [ 23.022676, 40.604107 ], [ 23.025151, 40.605542 ], [ 23.025733, 40.606588 ], [ 23.027803, 40.608136 ], [ 23.030887, 40.611671 ], [ 23.032654, 40.61331 ], [ 23.035359, 40.614109 ], [ 23.039938, 40.614841 ], [ 23.041115, 40.614764 ], [ 23.044322, 40.613316 ] ] ] ] } },
{ "type": "Feature", "properties": { "MunUnits": "071202", "OID_1": 92, "CODE": "071202", "NAME_GR": "ΔΗΜΟΤΙΚΗ ΕΝΟΤΗΤΑ ΠΥΛΑΙΑΣ", "NAME_ENG": "Municipal Unit of Pylea", "Shape_Leng": 34680.6398625, "Shape_Area": 24511455.9001, "zone": "Urban" }, "geometry": { "type": "MultiPolygon", "coordinates": [ [ [ [ 22.998734, 40.626264 ], [ 23.00616, 40.617204 ], [ 23.007112, 40.616501 ], [ 23.007594, 40.616647 ], [ 23.007926, 40.616684 ], [ 23.008215, 40.616765 ], [ 23.008449, 40.616864 ], [ 23.008642, 40.616986 ], [ 23.008734, 40.617063 ], [ 23.008874, 40.617239 ], [ 23.008923, 40.617444 ], [ 23.008985, 40.617647 ], [ 23.009059, 40.617718 ], [ 23.009232, 40.617727 ], [ 23.009714, 40.617792 ], [ 23.009992, 40.617785 ], [ 23.010501, 40.617881 ], [ 23.01064, 40.617962 ], [ 23.010705, 40.618083 ], [ 23.010788, 40.618211 ], [ 23.0109, 40.618292 ], [ 23.011092, 40.618345 ], [ 23.011237, 40.618349 ], [ 23.011275, 40.618322 ], [ 23.011324, 40.618227 ], [ 23.01136, 40.618136 ], [ 23.011372, 40.617997 ], [ 23.011431, 40.617935 ], [ 23.011505, 40.617796 ], [ 23.011545, 40.617632 ], [ 23.011556, 40.617392 ], [ 23.011545, 40.617321 ], [ 23.011479, 40.617226 ], [ 23.011443, 40.617105 ], [ 23.011479, 40.617058 ], [ 23.011557, 40.616992 ], [ 23.011726, 40.616945 ], [ 23.011931, 40.616934 ], [ 23.012108, 40.616964 ], [ 23.01216, 40.617006 ], [ 23.012196, 40.61744 ], [ 23.012231, 40.617779 ], [ 23.012211, 40.617941 ], [ 23.012232, 40.618216 ], [ 23.012294, 40.618422 ], [ 23.012484, 40.618638 ], [ 23.012759, 40.618823 ], [ 23.012943, 40.619032 ], [ 23.013477, 40.61919 ], [ 23.013547, 40.619167 ], [ 23.013598, 40.619074 ], [ 23.013585, 40.618988 ], [ 23.01358, 40.618811 ], [ 23.013573, 40.618569 ], [ 23.013637, 40.618472 ], [ 23.013863, 40.618238 ], [ 23.014059, 40.618056 ], [ 23.014236, 40.617938 ], [ 23.014433, 40.617825 ], [ 23.014567, 40.617689 ], [ 23.014693, 40.617615 ], [ 23.014869, 40.617583 ], [ 23.015079, 40.617594 ], [ 23.015272, 40.617719 ], [ 23.015429, 40.617778 ], [ 23.015825, 40.617718 ], [ 23.015886, 40.617687 ], [ 23.015894, 40.617639 ], [ 23.015811, 40.617524 ], [ 23.015812, 40.617408 ], [ 23.015758, 40.617188 ], [ 23.015656, 40.616979 ], [ 23.015625, 40.616904 ], [ 23.015641, 40.616824 ], [ 23.015697, 40.616766 ], [ 23.015873, 40.616661 ], [ 23.016034, 40.616603 ], [ 23.016301, 40.616506 ], [ 23.016337, 40.61648 ], [ 23.016377, 40.616427 ], [ 23.016381, 40.616373 ], [ 23.016381, 40.61632 ], [ 23.016355, 40.616215 ], [ 23.01628, 40.616069 ], [ 23.016207, 40.615941 ], [ 23.016171, 40.615847 ], [ 23.016312, 40.615459 ], [ 23.01643, 40.615197 ], [ 23.01649, 40.615068 ], [ 23.016568, 40.615053 ], [ 23.01671, 40.615055 ], [ 23.016835, 40.615099 ], [ 23.016954, 40.615175 ], [ 23.017024, 40.615158 ], [ 23.017153, 40.615077 ], [ 23.017337, 40.614942 ], [ 23.017435, 40.614801 ], [ 23.017504, 40.614648 ], [ 23.017603, 40.61458 ], [ 23.017749, 40.614535 ], [ 23.017914, 40.614527 ], [ 23.018009, 40.614562 ], [ 23.01809, 40.614624 ], [ 23.018154, 40.614712 ], [ 23.018223, 40.614812 ], [ 23.018315, 40.61483 ], [ 23.018558, 40.61466 ], [ 23.018737, 40.614528 ], [ 23.018887, 40.614404 ], [ 23.01898, 40.614359 ], [ 23.01911, 40.614343 ], [ 23.019302, 40.61443 ], [ 23.019423, 40.614509 ], [ 23.019665, 40.614586 ], [ 23.019794, 40.61465 ], [ 23.019936, 40.614697 ], [ 23.020076, 40.614711 ], [ 23.020567, 40.614653 ], [ 23.020593, 40.614596 ], [ 23.020558, 40.614574 ], [ 23.020453, 40.614564 ], [ 23.020277, 40.614454 ], [ 23.020173, 40.614365 ], [ 23.020119, 40.614304 ], [ 23.020091, 40.614198 ], [ 23.02006, 40.614046 ], [ 23.02006, 40.613941 ], [ 23.020073, 40.613727 ], [ 23.020056, 40.61366 ], [ 23.020008, 40.613523 ], [ 23.019982, 40.613425 ], [ 23.019986, 40.613305 ], [ 23.019942, 40.613255 ], [ 23.01985, 40.613216 ], [ 23.019697, 40.613257 ], [ 23.019509, 40.61329 ], [ 23.019205, 40.613314 ], [ 23.018917, 40.613214 ], [ 23.018885, 40.613134 ], [ 23.018869, 40.613082 ], [ 23.018894, 40.613019 ], [ 23.018914, 40.612875 ], [ 23.018907, 40.612701 ], [ 23.018858, 40.612575 ], [ 23.018895, 40.61248 ], [ 23.018994, 40.612397 ], [ 23.019235, 40.61219 ], [ 23.02886, 40.612754 ], [ 23.032654, 40.61331 ], [ 23.030887, 40.611671 ], [ 23.027803, 40.608136 ], [ 23.025733, 40.606588 ], [ 23.025151, 40.605542 ], [ 23.022676, 40.604107 ], [ 23.021737, 40.602652 ], [ 23.021772, 40.601774 ], [ 23.021387, 40.60034 ], [ 23.020418, 40.600495 ], [ 23.020454, 40.600138 ], [ 23.020305, 40.599684 ], [ 23.020102, 40.599375 ], [ 23.019721, 40.599223 ], [ 23.019229, 40.599204 ], [ 23.018977, 40.599053 ], [ 23.018952, 40.598892 ], [ 23.018798, 40.598712 ], [ 23.018506, 40.598683 ], [ 23.018064, 40.598703 ], [ 23.017732, 40.598667 ], [ 23.017537, 40.59835 ], [ 23.016616, 40.597725 ], [ 23.015838, 40.597477 ], [ 23.014539, 40.59729 ], [ 23.014071, 40.597456 ], [ 23.013818, 40.597295 ], [ 23.013405, 40.597139 ], [ 23.013386, 40.597023 ], [ 23.013129, 40.597001 ], [ 23.013122, 40.596964 ], [ 23.013098, 40.596808 ], [ 23.013012, 40.596685 ], [ 23.012766, 40.596557 ], [ 23.012646, 40.596541 ], [ 23.012415, 40.596587 ], [ 23.012234, 40.596612 ], [ 23.011919, 40.596489 ], [ 23.01177, 40.596402 ], [ 23.011643, 40.596293 ], [ 23.011603, 40.596187 ], [ 23.011552, 40.596048 ], [ 23.01142, 40.596094 ], [ 23.011213, 40.5963 ], [ 23.011016, 40.596432 ], [ 23.010855, 40.596514 ], [ 23.010614, 40.596591 ], [ 23.01035, 40.596605 ], [ 23.010178, 40.596557 ], [ 23.010036, 40.596476 ], [ 23.009871, 40.596301 ], [ 23.009728, 40.596196 ], [ 23.009715, 40.596058 ], [ 23.009729, 40.595637 ], [ 23.009533, 40.595119 ], [ 23.009514, 40.594995 ], [ 23.009501, 40.594785 ], [ 23.009439, 40.594351 ], [ 23.009289, 40.59403 ], [ 23.009209, 40.593846 ], [ 23.009124, 40.593697 ], [ 23.009077, 40.593666 ], [ 23.008823, 40.593726 ], [ 23.008659, 40.593794 ], [ 23.00831, 40.593919 ], [ 23.008119, 40.593992 ], [ 23.008055, 40.593846 ], [ 23.008266, 40.593516 ], [ 23.00861, 40.593133 ], [ 23.008703, 40.592931 ], [ 23.00885, 40.592723 ], [ 23.009538, 40.592068 ], [ 23.009239, 40.591819 ], [ 23.008238, 40.590998 ], [ 23.007253, 40.590162 ], [ 23.007037, 40.590053 ], [ 23.006639, 40.589921 ], [ 23.00618, 40.589918 ], [ 23.005636, 40.590013 ], [ 23.004647, 40.590158 ], [ 23.004356, 40.590077 ], [ 23.004173, 40.589998 ], [ 23.003988, 40.589297 ], [ 23.003998, 40.588911 ], [ 23.003737, 40.588124 ], [ 23.003656, 40.587671 ], [ 23.006, 40.586969 ], [ 23.007992, 40.586383 ], [ 23.009728, 40.585891 ], [ 23.011317, 40.585423 ], [ 23.012078, 40.585205 ], [ 23.01282, 40.585001 ], [ 23.012663, 40.584643 ], [ 23.012084, 40.584137 ], [ 23.011052, 40.583646 ], [ 23.01051, 40.583567 ], [ 23.008667, 40.583467 ], [ 23.007777, 40.583418 ], [ 23.00606, 40.582983 ], [ 23.005617, 40.581966 ], [ 23.005108, 40.581503 ], [ 23.004746, 40.581166 ], [ 23.00469, 40.580755 ], [ 23.004899, 40.580596 ], [ 23.005025, 40.580299 ], [ 23.004746, 40.579569 ], [ 23.004566, 40.578799 ], [ 23.004763, 40.578214 ], [ 23.00484, 40.577187 ], [ 23.004518, 40.574923 ], [ 23.004707, 40.574316 ], [ 23.004224, 40.573398 ], [ 23.004345, 40.572883 ], [ 23.004786, 40.572172 ], [ 23.00474, 40.572058 ], [ 23.00457, 40.571961 ], [ 23.004517, 40.571848 ], [ 23.004661, 40.571587 ], [ 23.00478, 40.571231 ], [ 23.004792, 40.570939 ], [ 23.0047, 40.570774 ], [ 23.004636, 40.570403 ], [ 23.004578, 40.570414 ], [ 23.004002, 40.570489 ], [ 23.003517, 40.570548 ], [ 23.003475, 40.569883 ], [ 23.003549, 40.569342 ], [ 23.003613, 40.56903 ], [ 23.003374, 40.569023 ], [ 23.003258, 40.569048 ], [ 23.002625, 40.569061 ], [ 23.00113, 40.569054 ], [ 23.001151, 40.5687 ], [ 23.001151, 40.568148 ], [ 23.000606, 40.568044 ], [ 23.000299, 40.567983 ], [ 22.999879, 40.567924 ], [ 22.99926, 40.567841 ], [ 22.999045, 40.567802 ], [ 22.99873, 40.567749 ], [ 22.998328, 40.567631 ], [ 22.998249, 40.567603 ], [ 22.998229, 40.567673 ], [ 22.998105, 40.567708 ], [ 22.997784, 40.567666 ], [ 22.997653, 40.567644 ], [ 22.997245, 40.567449 ], [ 22.997024, 40.567382 ], [ 22.996696, 40.567297 ], [ 22.996419, 40.567524 ], [ 22.996184, 40.567321 ], [ 22.995924, 40.567073 ], [ 22.995624, 40.566975 ], [ 22.995541, 40.566878 ], [ 22.995238, 40.566653 ], [ 22.994671, 40.566336 ], [ 22.993361, 40.565679 ], [ 22.992416, 40.565209 ], [ 22.992287, 40.56516 ], [ 22.992395, 40.564957 ], [ 22.992587, 40.564615 ], [ 22.992822, 40.564159 ], [ 22.992904, 40.563919 ], [ 22.993051, 40.563267 ], [ 22.99328, 40.562764 ], [ 22.99385, 40.561635 ], [ 22.994155, 40.561118 ], [ 22.994998, 40.559943 ], [ 22.995966, 40.5587 ], [ 22.996679, 40.557836 ], [ 22.996867, 40.557623 ], [ 22.997473, 40.556992 ], [ 22.997556, 40.556673 ], [ 22.997581, 40.55629 ], [ 22.997414, 40.556155 ], [ 22.99691, 40.555984 ], [ 22.996475, 40.555837 ], [ 22.996105, 40.555726 ], [ 22.995859, 40.555417 ], [ 22.995392, 40.554676 ], [ 22.995074, 40.554194 ], [ 22.995019, 40.554215 ], [ 22.994851, 40.554266 ], [ 22.994632, 40.553878 ], [ 22.994555, 40.553591 ], [ 22.994417, 40.552362 ], [ 22.994321, 40.551955 ], [ 22.994562, 40.551604 ], [ 22.994817, 40.551226 ], [ 22.99489, 40.551118 ], [ 22.994859, 40.550792 ], [ 22.994823, 40.550391 ], [ 22.994819, 40.550339 ], [ 22.995055, 40.550079 ], [ 22.995079, 40.550054 ], [ 22.995298, 40.549696 ], [ 22.995634, 40.549191 ], [ 22.995501, 40.549104 ], [ 22.995156, 40.548962 ], [ 22.9949, 40.548859 ], [ 22.994655, 40.54875 ], [ 22.994644, 40.548625 ], [ 22.994612, 40.548364 ], [ 22.994582, 40.5481 ], [ 22.99455, 40.547835 ], [ 22.994524, 40.547615 ], [ 22.99451, 40.547498 ], [ 22.994485, 40.547381 ], [ 22.994436, 40.54715 ], [ 22.994425, 40.547093 ], [ 22.994313, 40.546941 ], [ 22.994246, 40.546853 ], [ 22.994186, 40.546768 ], [ 22.99404, 40.546603 ], [ 22.993929, 40.546477 ], [ 22.993914, 40.546458 ], [ 22.993871, 40.546408 ], [ 22.993765, 40.546296 ], [ 22.993619, 40.546155 ], [ 22.993573, 40.546112 ], [ 22.99333, 40.546083 ], [ 22.992965, 40.54604 ], [ 22.991514, 40.545874 ], [ 22.991343, 40.544806 ], [ 22.991319, 40.54455 ], [ 22.991317, 40.544517 ], [ 22.991304, 40.544387 ], [ 22.991201, 40.54427 ], [ 22.990855, 40.543916 ], [ 22.990699, 40.5437 ], [ 22.99065, 40.543561 ], [ 22.99073, 40.543182 ], [ 22.990798, 40.542184 ], [ 22.990849, 40.541571 ], [ 22.990932, 40.540686 ], [ 22.991019, 40.539602 ], [ 22.991045, 40.539228 ], [ 22.990956, 40.539187 ], [ 22.990545, 40.539033 ], [ 22.989964, 40.539044 ], [ 22.989234, 40.53906 ], [ 22.988488, 40.53912 ], [ 22.988162, 40.539148 ], [ 22.987126, 40.5391 ], [ 22.986834, 40.539092 ], [ 22.98625, 40.539097 ], [ 22.986222, 40.539087 ], [ 22.985283, 40.539099 ], [ 22.984797, 40.539114 ], [ 22.984467, 40.539122 ], [ 22.984458, 40.539113 ], [ 22.98105, 40.539175 ], [ 22.980407, 40.538671 ], [ 22.980278, 40.538732 ], [ 22.97813, 40.539891 ], [ 22.978277, 40.540099 ], [ 22.979181, 40.541496 ], [ 22.97929, 40.542326 ], [ 22.979276, 40.543425 ], [ 22.978209, 40.54404 ], [ 22.978215, 40.544867 ], [ 22.978738, 40.54536 ], [ 22.979986, 40.54665 ], [ 22.980844, 40.548125 ], [ 22.981155, 40.550327 ], [ 22.980602, 40.552078 ], [ 22.97986, 40.553001 ], [ 22.975683, 40.556114 ], [ 22.974836, 40.557091 ], [ 22.97051, 40.559826 ], [ 22.969022, 40.560245 ], [ 22.968261, 40.559662 ], [ 22.968049, 40.559683 ], [ 22.968723, 40.561187 ], [ 22.969897, 40.563056 ], [ 22.972386, 40.56699 ], [ 22.97305, 40.567532 ], [ 22.974071, 40.568221 ], [ 22.974784, 40.56862 ], [ 22.97523, 40.569077 ], [ 22.975715, 40.570047 ], [ 22.975557, 40.571225 ], [ 22.975149, 40.57233 ], [ 22.974212, 40.574312 ], [ 22.973646, 40.575606 ], [ 22.972845, 40.576575 ], [ 22.971824, 40.577424 ], [ 22.97169, 40.577515 ], [ 22.97148, 40.57762 ], [ 22.971353, 40.577705 ], [ 22.971069, 40.577881 ], [ 22.970885, 40.578024 ], [ 22.969423, 40.580105 ], [ 22.968534, 40.581775 ], [ 22.968819, 40.58275 ], [ 22.969248, 40.583326 ], [ 22.969458, 40.58349 ], [ 22.969522, 40.583723 ], [ 22.969894, 40.584829 ], [ 22.970566, 40.585879 ], [ 22.970659, 40.586115 ], [ 22.970969, 40.586898 ], [ 22.971058, 40.587223 ], [ 22.971196, 40.587615 ], [ 22.971287, 40.58815 ], [ 22.971733, 40.590249 ], [ 22.972159, 40.592568 ], [ 22.972316, 40.593248 ], [ 22.972909, 40.593584 ], [ 22.973106, 40.593717 ], [ 22.973347, 40.593838 ], [ 22.9733, 40.594067 ], [ 22.973456, 40.594346 ], [ 22.973516, 40.594537 ], [ 22.973649, 40.594774 ], [ 22.974351, 40.595128 ], [ 22.97552, 40.59566 ], [ 22.976137, 40.595898 ], [ 22.97798, 40.596619 ], [ 22.979034, 40.596976 ], [ 22.978465, 40.597729 ], [ 22.978876, 40.598598 ], [ 22.978891, 40.599218 ], [ 22.980129, 40.600423 ], [ 22.980505, 40.60102 ], [ 22.98061, 40.601705 ], [ 22.980773, 40.602316 ], [ 22.980506, 40.602629 ], [ 22.980283, 40.602882 ], [ 22.980046, 40.603235 ], [ 22.979942, 40.603296 ], [ 22.979819, 40.603383 ], [ 22.979842, 40.603483 ], [ 22.97984, 40.603595 ], [ 22.979704, 40.604147 ], [ 22.980515, 40.60424 ], [ 22.980305, 40.604534 ], [ 22.980217, 40.604762 ], [ 22.980824, 40.604929 ], [ 22.980568, 40.605513 ], [ 22.980393, 40.605557 ], [ 22.980445, 40.605631 ], [ 22.981119, 40.605892 ], [ 22.980854, 40.60622 ], [ 22.980738, 40.606355 ], [ 22.981236, 40.606582 ], [ 22.981336, 40.606663 ], [ 22.980689, 40.607425 ], [ 22.98197, 40.607896 ], [ 22.982321, 40.608064 ], [ 22.982646, 40.608491 ], [ 22.982097, 40.609027 ], [ 22.981488, 40.609575 ], [ 22.982185, 40.61021 ], [ 22.982444, 40.610453 ], [ 22.982523, 40.61052 ], [ 22.983246, 40.611225 ], [ 22.982689, 40.611418 ], [ 22.982911, 40.611842 ], [ 22.982976, 40.611924 ], [ 22.981617, 40.612387 ], [ 22.981513, 40.612449 ], [ 22.981729, 40.612678 ], [ 22.981874, 40.612832 ], [ 22.984112, 40.612082 ], [ 22.986131, 40.61139 ], [ 22.987089, 40.611062 ], [ 22.987832, 40.612038 ], [ 22.988207, 40.61243 ], [ 22.988682, 40.613071 ], [ 22.989091, 40.613761 ], [ 22.989057, 40.613944 ], [ 22.989053, 40.61398 ], [ 22.989154, 40.614183 ], [ 22.989811, 40.614125 ], [ 22.990441, 40.614063 ], [ 22.990686, 40.614433 ], [ 22.990854, 40.614696 ], [ 22.990911, 40.614802 ], [ 22.991003, 40.614957 ], [ 22.989634, 40.615669 ], [ 22.986966, 40.616694 ], [ 22.984669, 40.617562 ], [ 22.983403, 40.619277 ], [ 22.979403, 40.621584 ], [ 22.979464, 40.621883 ], [ 22.980475, 40.622309 ], [ 22.980527, 40.622187 ], [ 22.980575, 40.622107 ], [ 22.980618, 40.622146 ], [ 22.98078, 40.622511 ], [ 22.98088, 40.622897 ], [ 22.980889, 40.623332 ], [ 22.980845, 40.623644 ], [ 22.980678, 40.624092 ], [ 22.980449, 40.624475 ], [ 22.98027, 40.624712 ], [ 22.979845, 40.625158 ], [ 22.979411, 40.625619 ], [ 22.979236, 40.625832 ], [ 22.979516, 40.625941 ], [ 22.979663, 40.626083 ], [ 22.979747, 40.626209 ], [ 22.979784, 40.626304 ], [ 22.979777, 40.626498 ], [ 22.979634, 40.626681 ], [ 22.979475, 40.626826 ], [ 22.979476, 40.627002 ], [ 22.979457, 40.627448 ], [ 22.981368, 40.62908 ], [ 22.981959, 40.631389 ], [ 22.983254, 40.633591 ], [ 22.983649, 40.635618 ], [ 22.984574, 40.637231 ], [ 22.98544, 40.63644 ], [ 22.991847, 40.632084 ], [ 22.996458, 40.628527 ], [ 22.998734, 40.626264 ] ] ] ] } },
{ "type": "Feature", "properties": { "MunUnits": "071203", "OID_1": 93, "CODE": "071203", "NAME_GR": "ΔΗΜΟΤΙΚΗ ΕΝΟΤΗΤΑ ΧΟΡΤΙΑΤΗ", "NAME_ENG": "Municipal Unit of Chortiatis", "Shape_Leng": 74133.879772, "Shape_Area": 110182585.36, "zone": "Metropolitan" }, "geometry": { "type": "MultiPolygon", "coordinates": [ [ [ [ 22.975962, 40.709473 ], [ 22.979618, 40.708636 ], [ 22.985904, 40.708796 ], [ 22.989259, 40.707419 ], [ 22.993115, 40.707734 ], [ 22.997145, 40.704092 ], [ 22.998336, 40.703643 ], [ 22.999268, 40.703681 ], [ 22.999836, 40.703397 ], [ 23.001159, 40.700536 ], [ 23.001453, 40.700582 ], [ 23.001837, 40.700685 ], [ 23.001924, 40.700745 ], [ 23.002148, 40.700838 ], [ 23.002408, 40.701027 ], [ 23.002597, 40.701145 ], [ 23.002709, 40.701194 ], [ 23.002889, 40.701195 ], [ 23.003393, 40.701202 ], [ 23.003472, 40.701237 ], [ 23.00388, 40.701293 ], [ 23.004365, 40.701349 ], [ 23.004739, 40.701476 ], [ 23.004841, 40.70151 ], [ 23.004961, 40.701524 ], [ 23.005207, 40.701522 ], [ 23.005552, 40.70143 ], [ 23.00574, 40.701374 ], [ 23.006014, 40.701359 ], [ 23.006382, 40.701386 ], [ 23.006808, 40.701553 ], [ 23.00708, 40.701756 ], [ 23.00734, 40.701962 ], [ 23.00742, 40.701961 ], [ 23.007606, 40.701932 ], [ 23.007724, 40.701939 ], [ 23.00796, 40.701944 ], [ 23.008081, 40.701938 ], [ 23.00827, 40.701905 ], [ 23.008365, 40.701893 ], [ 23.008439, 40.70188 ], [ 23.008547, 40.701874 ], [ 23.008751, 40.70191 ], [ 23.008935, 40.701887 ], [ 23.009178, 40.701833 ], [ 23.009404, 40.701777 ], [ 23.009726, 40.701641 ], [ 23.009944, 40.701544 ], [ 23.010099, 40.701476 ], [ 23.010184, 40.701423 ], [ 23.010212, 40.701401 ], [ 23.010351, 40.701295 ], [ 23.010445, 40.701135 ], [ 23.010721, 40.701169 ], [ 23.01155, 40.700765 ], [ 23.011579, 40.700643 ], [ 23.011545, 40.700598 ], [ 23.014828, 40.700234 ], [ 23.018159, 40.699633 ], [ 23.021299, 40.69871 ], [ 23.022676, 40.698081 ], [ 23.024727, 40.696577 ], [ 23.024838, 40.696212 ], [ 23.024665, 40.695695 ], [ 23.022992, 40.692878 ], [ 23.021799, 40.69018 ], [ 23.021861, 40.688018 ], [ 23.022101, 40.687025 ], [ 23.024262, 40.684149 ], [ 23.024931, 40.682575 ], [ 23.025215, 40.675496 ], [ 23.025975, 40.672856 ], [ 23.025821, 40.667905 ], [ 23.025502, 40.66709 ], [ 23.023475, 40.664945 ], [ 23.024355, 40.663458 ], [ 23.026246, 40.661433 ], [ 23.026371, 40.660061 ], [ 23.025945, 40.658342 ], [ 23.026122, 40.657531 ], [ 23.026798, 40.656507 ], [ 23.028321, 40.655055 ], [ 23.029381, 40.654458 ], [ 23.031824, 40.653618 ], [ 23.034002, 40.65381 ], [ 23.03506, 40.654403 ], [ 23.041666, 40.659903 ], [ 23.043345, 40.661199 ], [ 23.044524, 40.661746 ], [ 23.045921, 40.66178 ], [ 23.051299, 40.660784 ], [ 23.051613, 40.660878 ], [ 23.052095, 40.661808 ], [ 23.053002, 40.662681 ], [ 23.054054, 40.662514 ], [ 23.055513, 40.661686 ], [ 23.056332, 40.661744 ], [ 23.057013, 40.662026 ], [ 23.058938, 40.663921 ], [ 23.059939, 40.664264 ], [ 23.062134, 40.663207 ], [ 23.062827, 40.662608 ], [ 23.064357, 40.660548 ], [ 23.068783, 40.656922 ], [ 23.071234, 40.655398 ], [ 23.074979, 40.654269 ], [ 23.077313, 40.653635 ], [ 23.089113, 40.648442 ], [ 23.101794, 40.641891 ], [ 23.107226, 40.648081 ], [ 23.107751, 40.648319 ], [ 23.112166, 40.646489 ], [ 23.117774, 40.644684 ], [ 23.121109, 40.643014 ], [ 23.123615, 40.642318 ], [ 23.130771, 40.64155 ], [ 23.132813, 40.641164 ], [ 23.135917, 40.64002 ], [ 23.136804, 40.639956 ], [ 23.137698, 40.640179 ], [ 23.138493, 40.640044 ], [ 23.14088, 40.638989 ], [ 23.142145, 40.638659 ], [ 23.145405, 40.638308 ], [ 23.148797, 40.638445 ], [ 23.153222, 40.636463 ], [ 23.155207, 40.635818 ], [ 23.158149, 40.635802 ], [ 23.160629, 40.636176 ], [ 23.161468, 40.635589 ], [ 23.16187, 40.634466 ], [ 23.163247, 40.628209 ], [ 23.163251, 40.626685 ], [ 23.163595, 40.625425 ], [ 23.164727, 40.623679 ], [ 23.163484, 40.62227 ], [ 23.160751, 40.620169 ], [ 23.160334, 40.619383 ], [ 23.160057, 40.617342 ], [ 23.158296, 40.614733 ], [ 23.158089, 40.612781 ], [ 23.157395, 40.611917 ], [ 23.156447, 40.611226 ], [ 23.152782, 40.609529 ], [ 23.149877, 40.609174 ], [ 23.148612, 40.60842 ], [ 23.145546, 40.608215 ], [ 23.142058, 40.606747 ], [ 23.137984, 40.604378 ], [ 23.136664, 40.603214 ], [ 23.135112, 40.601495 ], [ 23.134212, 40.600204 ], [ 23.134121, 40.599581 ], [ 23.134364, 40.599249 ], [ 23.134783, 40.599204 ], [ 23.135693, 40.59946 ], [ 23.136366, 40.599411 ], [ 23.137334, 40.598501 ], [ 23.141228, 40.595938 ], [ 23.14209, 40.595 ], [ 23.142313, 40.594137 ], [ 23.142073, 40.593488 ], [ 23.140121, 40.591073 ], [ 23.140093, 40.590503 ], [ 23.140457, 40.589777 ], [ 23.14199, 40.588925 ], [ 23.142636, 40.588255 ], [ 23.144327, 40.585014 ], [ 23.146334, 40.583101 ], [ 23.148157, 40.581971 ], [ 23.151442, 40.580544 ], [ 23.15436, 40.5798 ], [ 23.155915, 40.579848 ], [ 23.161189, 40.576721 ], [ 23.16515, 40.574845 ], [ 23.162906, 40.572934 ], [ 23.160741, 40.570489 ], [ 23.159759, 40.567871 ], [ 23.156997, 40.562727 ], [ 23.156797, 40.561781 ], [ 23.157211, 40.55984 ], [ 23.154881, 40.553722 ], [ 23.154344, 40.551369 ], [ 23.153775, 40.5504 ], [ 23.15182, 40.549461 ], [ 23.151049, 40.548807 ], [ 23.149904, 40.547044 ], [ 23.148923, 40.543419 ], [ 23.146473, 40.538488 ], [ 23.145337, 40.536915 ], [ 23.144469, 40.536134 ], [ 23.143466, 40.535685 ], [ 23.141379, 40.535588 ], [ 23.139977, 40.53576 ], [ 23.138908, 40.539241 ], [ 23.138928, 40.541877 ], [ 23.136756, 40.543759 ], [ 23.13136, 40.547303 ], [ 23.129781, 40.548733 ], [ 23.128908, 40.549765 ], [ 23.124995, 40.557383 ], [ 23.123642, 40.559517 ], [ 23.123028, 40.559936 ], [ 23.12177, 40.560254 ], [ 23.120615, 40.560956 ], [ 23.119583, 40.56316 ], [ 23.119466, 40.566601 ], [ 23.118719, 40.567579 ], [ 23.11933, 40.570137 ], [ 23.119103, 40.571105 ], [ 23.116197, 40.575055 ], [ 23.113325, 40.577106 ], [ 23.109455, 40.578922 ], [ 23.104645, 40.580828 ], [ 23.097234, 40.583119 ], [ 23.092076, 40.58439 ], [ 23.085846, 40.585365 ], [ 23.068307, 40.586714 ], [ 23.063145, 40.586959 ], [ 23.061759, 40.586794 ], [ 23.061463, 40.588951 ], [ 23.060398, 40.591114 ], [ 23.059711, 40.593157 ], [ 23.059496, 40.595143 ], [ 23.059587, 40.596291 ], [ 23.060582, 40.599095 ], [ 23.06361, 40.600738 ], [ 23.064048, 40.601111 ], [ 23.06442, 40.602414 ], [ 23.067423, 40.603873 ], [ 23.067977, 40.604491 ], [ 23.068425, 40.606257 ], [ 23.067931, 40.608395 ], [ 23.067586, 40.608876 ], [ 23.065685, 40.609964 ], [ 23.062594, 40.611298 ], [ 23.060872, 40.611788 ], [ 23.058763, 40.61342 ], [ 23.055252, 40.614082 ], [ 23.053863, 40.614551 ], [ 23.050128, 40.614466 ], [ 23.045118, 40.613323 ], [ 23.044322, 40.613316 ], [ 23.041115, 40.614764 ], [ 23.039938, 40.614841 ], [ 23.035359, 40.614109 ], [ 23.032654, 40.61331 ], [ 23.02886, 40.612754 ], [ 23.019235, 40.61219 ], [ 23.018994, 40.612397 ], [ 23.018895, 40.61248 ], [ 23.018858, 40.612575 ], [ 23.018907, 40.612701 ], [ 23.018914, 40.612875 ], [ 23.018894, 40.613019 ], [ 23.018869, 40.613082 ], [ 23.018885, 40.613134 ], [ 23.018917, 40.613214 ], [ 23.019205, 40.613314 ], [ 23.019509, 40.61329 ], [ 23.019697, 40.613257 ], [ 23.01985, 40.613216 ], [ 23.019942, 40.613255 ], [ 23.019986, 40.613305 ], [ 23.019982, 40.613425 ], [ 23.020008, 40.613523 ], [ 23.020056, 40.61366 ], [ 23.020073, 40.613727 ], [ 23.02006, 40.613941 ], [ 23.02006, 40.614046 ], [ 23.020091, 40.614198 ], [ 23.020119, 40.614304 ], [ 23.020173, 40.614365 ], [ 23.020277, 40.614454 ], [ 23.020453, 40.614564 ], [ 23.020558, 40.614574 ], [ 23.020593, 40.614596 ], [ 23.020567, 40.614653 ], [ 23.020076, 40.614711 ], [ 23.019936, 40.614697 ], [ 23.019794, 40.61465 ], [ 23.019665, 40.614586 ], [ 23.019423, 40.614509 ], [ 23.019302, 40.61443 ], [ 23.01911, 40.614343 ], [ 23.01898, 40.614359 ], [ 23.018887, 40.614404 ], [ 23.018737, 40.614528 ], [ 23.018558, 40.61466 ], [ 23.018315, 40.61483 ], [ 23.018223, 40.614812 ], [ 23.018154, 40.614712 ], [ 23.01809, 40.614624 ], [ 23.018009, 40.614562 ], [ 23.017914, 40.614527 ], [ 23.017749, 40.614535 ], [ 23.017603, 40.61458 ], [ 23.017504, 40.614648 ], [ 23.017435, 40.614801 ], [ 23.017337, 40.614942 ], [ 23.017153, 40.615077 ], [ 23.017024, 40.615158 ], [ 23.016954, 40.615175 ], [ 23.016835, 40.615099 ], [ 23.01671, 40.615055 ], [ 23.016568, 40.615053 ], [ 23.01649, 40.615068 ], [ 23.01643, 40.615197 ], [ 23.016312, 40.615459 ], [ 23.016171, 40.615847 ], [ 23.016207, 40.615941 ], [ 23.01628, 40.616069 ], [ 23.016355, 40.616215 ], [ 23.016381, 40.61632 ], [ 23.016381, 40.616373 ], [ 23.016377, 40.616427 ], [ 23.016337, 40.61648 ], [ 23.016301, 40.616506 ], [ 23.016034, 40.616603 ], [ 23.015873, 40.616661 ], [ 23.015697, 40.616766 ], [ 23.015641, 40.616824 ], [ 23.015625, 40.616904 ], [ 23.015656, 40.616979 ], [ 23.015758, 40.617188 ], [ 23.015812, 40.617408 ], [ 23.015811, 40.617524 ], [ 23.015894, 40.617639 ], [ 23.015886, 40.617687 ], [ 23.015825, 40.617718 ], [ 23.015429, 40.617778 ], [ 23.015272, 40.617719 ], [ 23.015079, 40.617594 ], [ 23.014869, 40.617583 ], [ 23.014693, 40.617615 ], [ 23.014567, 40.617689 ], [ 23.014433, 40.617825 ], [ 23.014236, 40.617938 ], [ 23.014059, 40.618056 ], [ 23.013863, 40.618238 ], [ 23.013637, 40.618472 ], [ 23.013573, 40.618569 ], [ 23.01358, 40.618811 ], [ 23.013585, 40.618988 ], [ 23.013598, 40.619074 ], [ 23.013547, 40.619167 ], [ 23.013477, 40.61919 ], [ 23.012943, 40.619032 ], [ 23.012759, 40.618823 ], [ 23.012484, 40.618638 ], [ 23.012294, 40.618422 ], [ 23.012232, 40.618216 ], [ 23.012211, 40.617941 ], [ 23.012231, 40.617779 ], [ 23.012196, 40.61744 ], [ 23.01216, 40.617006 ], [ 23.012108, 40.616964 ], [ 23.011931, 40.616934 ], [ 23.011726, 40.616945 ], [ 23.011557, 40.616992 ], [ 23.011479, 40.617058 ], [ 23.011443, 40.617105 ], [ 23.011479, 40.617226 ], [ 23.011545, 40.617321 ], [ 23.011556, 40.617392 ], [ 23.011545, 40.617632 ], [ 23.011505, 40.617796 ], [ 23.011431, 40.617935 ], [ 23.011372, 40.617997 ], [ 23.01136, 40.618136 ], [ 23.011324, 40.618227 ], [ 23.011275, 40.618322 ], [ 23.011237, 40.618349 ], [ 23.011092, 40.618345 ], [ 23.0109, 40.618292 ], [ 23.010788, 40.618211 ], [ 23.010705, 40.618083 ], [ 23.01064, 40.617962 ], [ 23.010501, 40.617881 ], [ 23.009992, 40.617785 ], [ 23.009714, 40.617792 ], [ 23.009232, 40.617727 ], [ 23.009059, 40.617718 ], [ 23.008985, 40.617647 ], [ 23.008923, 40.617444 ], [ 23.008874, 40.617239 ], [ 23.008734, 40.617063 ], [ 23.008642, 40.616986 ], [ 23.008449, 40.616864 ], [ 23.008215, 40.616765 ], [ 23.007926, 40.616684 ], [ 23.007594, 40.616647 ], [ 23.007112, 40.616501 ], [ 23.00616, 40.617204 ], [ 22.998734, 40.626264 ], [ 22.996458, 40.628527 ], [ 22.991847, 40.632084 ], [ 22.98544, 40.63644 ], [ 22.984574, 40.637231 ], [ 22.98288, 40.637794 ], [ 22.980975, 40.639114 ], [ 22.980633, 40.639633 ], [ 22.981371, 40.641491 ], [ 22.981392, 40.642707 ], [ 22.980893, 40.644221 ], [ 22.981028, 40.644954 ], [ 22.981534, 40.645329 ], [ 22.983327, 40.645555 ], [ 22.983338, 40.645654 ], [ 22.983406, 40.64581 ], [ 22.983614, 40.646068 ], [ 22.983962, 40.646309 ], [ 22.984469, 40.646433 ], [ 22.98517, 40.646653 ], [ 22.985557, 40.646871 ], [ 22.986034, 40.646881 ], [ 22.987136, 40.646975 ], [ 22.98834, 40.647033 ], [ 22.989398, 40.646911 ], [ 22.990474, 40.646628 ], [ 22.991267, 40.646409 ], [ 22.992211, 40.646107 ], [ 22.993353, 40.645581 ], [ 22.993565, 40.645493 ], [ 22.994033, 40.645383 ], [ 22.994557, 40.645198 ], [ 22.994835, 40.645093 ], [ 22.995115, 40.644888 ], [ 22.995267, 40.644785 ], [ 22.995389, 40.644776 ], [ 22.995469, 40.644794 ], [ 22.995612, 40.64496 ], [ 22.995859, 40.645048 ], [ 22.995962, 40.645113 ], [ 22.996047, 40.645386 ], [ 22.99609, 40.645636 ], [ 22.996172, 40.64612 ], [ 22.996229, 40.646696 ], [ 22.996262, 40.646993 ], [ 22.996384, 40.647941 ], [ 22.996474, 40.648182 ], [ 22.996795, 40.648732 ], [ 22.996993, 40.648948 ], [ 22.99747, 40.649381 ], [ 22.997684, 40.649564 ], [ 22.997714, 40.649591 ], [ 22.997798, 40.649665 ], [ 22.997907, 40.649821 ], [ 22.998015, 40.649929 ], [ 22.998166, 40.650015 ], [ 22.998308, 40.650124 ], [ 22.998751, 40.650465 ], [ 22.998911, 40.650589 ], [ 22.999053, 40.650694 ], [ 22.998889, 40.650961 ], [ 22.99885, 40.651111 ], [ 22.998842, 40.651251 ], [ 22.998671, 40.651393 ], [ 22.997736, 40.652085 ], [ 22.997798, 40.65216 ], [ 22.99792, 40.652209 ], [ 22.998545, 40.652407 ], [ 22.998948, 40.652743 ], [ 22.999098, 40.652984 ], [ 22.999212, 40.65337 ], [ 22.999236, 40.653468 ], [ 22.999413, 40.653828 ], [ 22.999546, 40.654172 ], [ 22.999508, 40.654278 ], [ 22.99935, 40.65447 ], [ 23.000048, 40.654866 ], [ 23.000561, 40.655092 ], [ 23.001373, 40.65511 ], [ 23.001819, 40.655128 ], [ 23.002163, 40.655374 ], [ 23.002426, 40.655655 ], [ 23.002815, 40.656016 ], [ 23.003139, 40.656319 ], [ 23.003293, 40.656381 ], [ 23.003401, 40.656382 ], [ 23.003449, 40.656325 ], [ 23.003525, 40.65624 ], [ 23.003625, 40.656152 ], [ 23.003876, 40.656036 ], [ 23.004131, 40.655938 ], [ 23.004357, 40.655861 ], [ 23.004522, 40.655816 ], [ 23.004691, 40.655832 ], [ 23.004816, 40.655947 ], [ 23.004899, 40.65607 ], [ 23.004902, 40.656177 ], [ 23.004887, 40.656259 ], [ 23.004777, 40.65639 ], [ 23.0047, 40.656515 ], [ 23.004633, 40.656607 ], [ 23.004584, 40.656746 ], [ 23.004596, 40.657147 ], [ 23.004563, 40.657713 ], [ 23.004433, 40.65806 ], [ 23.004197, 40.658349 ], [ 23.003932, 40.658494 ], [ 23.00358, 40.658587 ], [ 23.003221, 40.658693 ], [ 23.00312, 40.658759 ], [ 23.003106, 40.658902 ], [ 23.003102, 40.659131 ], [ 23.003169, 40.659241 ], [ 23.003419, 40.659305 ], [ 23.003587, 40.659335 ], [ 23.00383, 40.659428 ], [ 23.003979, 40.659491 ], [ 23.00416, 40.659535 ], [ 23.00431, 40.659565 ], [ 23.004416, 40.659581 ], [ 23.004627, 40.659692 ], [ 23.004888, 40.659861 ], [ 23.005017, 40.659986 ], [ 23.005284, 40.660141 ], [ 23.005551, 40.660286 ], [ 23.005786, 40.660493 ], [ 23.006002, 40.660705 ], [ 23.006156, 40.660902 ], [ 23.006222, 40.661045 ], [ 23.006194, 40.661288 ], [ 23.006084, 40.661487 ], [ 23.005768, 40.661694 ], [ 23.005024, 40.662055 ], [ 23.004172, 40.662524 ], [ 23.003236, 40.662764 ], [ 23.002564, 40.662925 ], [ 23.002287, 40.662985 ], [ 23.001728, 40.663123 ], [ 23.001628, 40.663103 ], [ 23.00144, 40.662901 ], [ 23.001172, 40.66303 ], [ 23.000958, 40.663124 ], [ 23.00086, 40.663209 ], [ 23.000723, 40.663377 ], [ 23.000652, 40.663483 ], [ 23.000529, 40.663566 ], [ 23.000453, 40.663596 ], [ 23.000294, 40.66358 ], [ 23.000084, 40.663605 ], [ 22.999921, 40.663632 ], [ 22.999864, 40.663662 ], [ 22.999791, 40.663698 ], [ 22.999657, 40.663706 ], [ 22.999525, 40.663736 ], [ 22.999349, 40.663779 ], [ 22.999138, 40.66383 ], [ 22.999031, 40.663889 ], [ 22.998958, 40.663972 ], [ 22.998843, 40.664114 ], [ 22.998783, 40.664182 ], [ 22.998738, 40.664227 ], [ 22.99896, 40.664628 ], [ 22.993433, 40.665692 ], [ 22.989033, 40.667454 ], [ 22.987563, 40.667541 ], [ 22.986135, 40.668281 ], [ 22.983956, 40.669421 ], [ 22.982711, 40.670256 ], [ 22.981693, 40.670575 ], [ 22.981577, 40.670697 ], [ 22.98147, 40.670785 ], [ 22.981538, 40.670938 ], [ 22.98162, 40.671079 ], [ 22.981665, 40.671233 ], [ 22.981659, 40.671318 ], [ 22.981742, 40.671416 ], [ 22.981792, 40.671541 ], [ 22.98189, 40.671867 ], [ 22.981911, 40.672039 ], [ 22.98204, 40.672523 ], [ 22.982085, 40.67267 ], [ 22.982159, 40.672717 ], [ 22.982257, 40.672754 ], [ 22.982336, 40.672826 ], [ 22.982414, 40.672927 ], [ 22.982459, 40.672996 ], [ 22.982562, 40.672978 ], [ 22.982757, 40.673004 ], [ 22.983041, 40.673126 ], [ 22.983442, 40.673498 ], [ 22.983773, 40.67384 ], [ 22.983862, 40.673926 ], [ 22.9839, 40.673994 ], [ 22.983902, 40.674048 ], [ 22.983897, 40.674081 ], [ 22.983887, 40.674108 ], [ 22.983865, 40.674159 ], [ 22.983855, 40.674193 ], [ 22.983851, 40.674227 ], [ 22.983851, 40.674262 ], [ 22.983865, 40.674294 ], [ 22.983905, 40.674323 ], [ 22.983995, 40.674359 ], [ 22.984532, 40.674497 ], [ 22.984812, 40.67458 ], [ 22.985055, 40.67463 ], [ 22.98536, 40.674752 ], [ 22.985566, 40.674845 ], [ 22.985701, 40.675027 ], [ 22.985905, 40.675143 ], [ 22.986453, 40.675401 ], [ 22.986773, 40.675713 ], [ 22.987165, 40.675931 ], [ 22.987555, 40.676206 ], [ 22.987927, 40.676462 ], [ 22.988155, 40.676712 ], [ 22.988325, 40.677052 ], [ 22.988338, 40.677438 ], [ 22.988276, 40.67781 ], [ 22.988202, 40.678143 ], [ 22.988198, 40.678367 ], [ 22.988295, 40.678611 ], [ 22.988316, 40.678859 ], [ 22.988356, 40.679112 ], [ 22.988167, 40.678965 ], [ 22.987909, 40.678843 ], [ 22.98749, 40.678599 ], [ 22.986963, 40.678878 ], [ 22.986922, 40.678916 ], [ 22.986918, 40.678992 ], [ 22.98712, 40.67932 ], [ 22.987381, 40.679651 ], [ 22.987548, 40.679743 ], [ 22.987619, 40.679801 ], [ 22.987205, 40.679852 ], [ 22.98687, 40.679847 ], [ 22.986689, 40.679862 ], [ 22.986562, 40.67993 ], [ 22.986334, 40.680159 ], [ 22.985945, 40.680571 ], [ 22.985773, 40.680805 ], [ 22.985738, 40.681043 ], [ 22.98584, 40.681738 ], [ 22.985884, 40.681924 ], [ 22.985968, 40.68205 ], [ 22.985857, 40.68214 ], [ 22.985414, 40.682651 ], [ 22.984727, 40.682791 ], [ 22.984429, 40.682839 ], [ 22.984221, 40.682858 ], [ 22.984064, 40.682943 ], [ 22.983396, 40.683328 ], [ 22.982626, 40.683771 ], [ 22.982165, 40.684261 ], [ 22.981919, 40.68451 ], [ 22.982375, 40.684892 ], [ 22.982691, 40.685163 ], [ 22.982707, 40.685392 ], [ 22.983223, 40.685542 ], [ 22.982632, 40.685763 ], [ 22.982183, 40.685992 ], [ 22.981915, 40.686114 ], [ 22.981476, 40.68614 ], [ 22.981271, 40.686198 ], [ 22.981096, 40.686423 ], [ 22.980943, 40.68669 ], [ 22.980706, 40.686837 ], [ 22.980587, 40.686961 ], [ 22.980537, 40.687139 ], [ 22.980477, 40.687448 ], [ 22.980412, 40.687621 ], [ 22.980219, 40.687982 ], [ 22.980208, 40.688185 ], [ 22.980205, 40.688381 ], [ 22.979989, 40.688671 ], [ 22.979639, 40.68902 ], [ 22.979307, 40.689279 ], [ 22.979204, 40.689332 ], [ 22.980329, 40.691081 ], [ 22.980447, 40.691569 ], [ 22.980384, 40.692035 ], [ 22.980317, 40.692297 ], [ 22.980142, 40.69271 ], [ 22.979581, 40.693315 ], [ 22.979261, 40.693756 ], [ 22.978913, 40.693991 ], [ 22.978709, 40.694266 ], [ 22.978645, 40.69478 ], [ 22.978394, 40.695183 ], [ 22.97797, 40.695484 ], [ 22.977433, 40.69577 ], [ 22.977064, 40.696177 ], [ 22.976906, 40.696638 ], [ 22.976943, 40.697072 ], [ 22.977138, 40.697856 ], [ 22.977312, 40.698391 ], [ 22.977578, 40.699018 ], [ 22.977861, 40.69975 ], [ 22.97819, 40.700334 ], [ 22.978489, 40.700847 ], [ 22.978563, 40.701343 ], [ 22.978847, 40.701217 ], [ 22.979009, 40.701233 ], [ 22.979241, 40.701225 ], [ 22.979404, 40.70127 ], [ 22.979554, 40.701262 ], [ 22.97954, 40.701366 ], [ 22.9794, 40.70147 ], [ 22.979036, 40.701553 ], [ 22.978915, 40.701647 ], [ 22.97869, 40.70204 ], [ 22.978505, 40.702282 ], [ 22.978454, 40.702305 ], [ 22.978496, 40.702835 ], [ 22.978245, 40.703295 ], [ 22.977829, 40.704264 ], [ 22.977446, 40.704766 ], [ 22.9769, 40.705228 ], [ 22.976589, 40.70535 ], [ 22.976475, 40.705589 ], [ 22.976538, 40.705629 ], [ 22.976707, 40.705693 ], [ 22.976913, 40.705744 ], [ 22.976945, 40.705783 ], [ 22.976941, 40.705865 ], [ 22.97694, 40.705873 ], [ 22.976631, 40.706109 ], [ 22.976368, 40.706326 ], [ 22.976301, 40.706382 ], [ 22.976155, 40.706566 ], [ 22.976006, 40.706754 ], [ 22.975961, 40.706841 ], [ 22.975888, 40.70698 ], [ 22.975857, 40.707042 ], [ 22.975842, 40.707185 ], [ 22.975817, 40.707397 ], [ 22.975814, 40.707429 ], [ 22.975844, 40.707622 ], [ 22.975866, 40.707715 ], [ 22.975893, 40.707818 ], [ 22.975948, 40.707914 ], [ 22.975962, 40.707938 ], [ 22.976062, 40.708029 ], [ 22.976112, 40.708094 ], [ 22.976102, 40.708094 ], [ 22.976072, 40.708085 ], [ 22.975982, 40.708007 ], [ 22.975908, 40.707912 ], [ 22.975825, 40.707806 ], [ 22.975756, 40.707721 ], [ 22.975701, 40.707628 ], [ 22.975654, 40.70755 ], [ 22.975639, 40.707507 ], [ 22.975728, 40.70889 ], [ 22.975962, 40.709473 ] ] ] ] } },
{ "type": "Feature", "properties": { "MunUnits": "071301", "OID_1": 94, "CODE": "071301", "NAME_GR": "ΔΗΜΟΤΙΚΗ ΕΝΟΤΗΤΑ ΚΟΥΦΑΛΙΩΝ", "NAME_ENG": "Municipal Unit of Koufalia", "Shape_Leng": 72630.522920100004, "Shape_Area": 104716573.34700002, "zone": "Regional" }, "geometry": { "type": "MultiPolygon", "coordinates": [ [ [ [ 22.651096, 40.859289 ], [ 22.660946, 40.859019 ], [ 22.667448, 40.859422 ], [ 22.670466, 40.85922 ], [ 22.684248, 40.860369 ], [ 22.686309, 40.859927 ], [ 22.68806, 40.855891 ], [ 22.688652, 40.852395 ], [ 22.687999, 40.84913 ], [ 22.688158, 40.848154 ], [ 22.687827, 40.846392 ], [ 22.685644, 40.840028 ], [ 22.685419, 40.838882 ], [ 22.684417, 40.836508 ], [ 22.683606, 40.833061 ], [ 22.683829, 40.831688 ], [ 22.684546, 40.830082 ], [ 22.688213, 40.825984 ], [ 22.690675, 40.822194 ], [ 22.690876, 40.820849 ], [ 22.691994, 40.817644 ], [ 22.69327, 40.815419 ], [ 22.693553, 40.811954 ], [ 22.69492, 40.808422 ], [ 22.69461, 40.804173 ], [ 22.694762, 40.800678 ], [ 22.694501, 40.799263 ], [ 22.694828, 40.797548 ], [ 22.694614, 40.796556 ], [ 22.693086, 40.793839 ], [ 22.691454, 40.792386 ], [ 22.68137, 40.787094 ], [ 22.675675, 40.784594 ], [ 22.675153, 40.784014 ], [ 22.674945, 40.783129 ], [ 22.675648, 40.776881 ], [ 22.674991, 40.77634 ], [ 22.668367, 40.776024 ], [ 22.667671, 40.775519 ], [ 22.667195, 40.774156 ], [ 22.662703, 40.774018 ], [ 22.661761, 40.774081 ], [ 22.659063, 40.77758 ], [ 22.65789, 40.77826 ], [ 22.656806, 40.778288 ], [ 22.655916, 40.778041 ], [ 22.653589, 40.776714 ], [ 22.652846, 40.775915 ], [ 22.651904, 40.774195 ], [ 22.65322, 40.770343 ], [ 22.654243, 40.764641 ], [ 22.654229, 40.761934 ], [ 22.65362, 40.758106 ], [ 22.653474, 40.75457 ], [ 22.6528, 40.754131 ], [ 22.649651, 40.754142 ], [ 22.641278, 40.754403 ], [ 22.625341, 40.754898 ], [ 22.624263, 40.755265 ], [ 22.623592, 40.756443 ], [ 22.622901, 40.756972 ], [ 22.621837, 40.757188 ], [ 22.616961, 40.757339 ], [ 22.616563, 40.756047 ], [ 22.616732, 40.752023 ], [ 22.616958, 40.750497 ], [ 22.61762, 40.748406 ], [ 22.617165, 40.744864 ], [ 22.617548, 40.741653 ], [ 22.617137, 40.739717 ], [ 22.61356, 40.740752 ], [ 22.602216, 40.743035 ], [ 22.594464, 40.743582 ], [ 22.591201, 40.74401 ], [ 22.584616, 40.74433 ], [ 22.58038, 40.744914 ], [ 22.577037, 40.744903 ], [ 22.570365, 40.745641 ], [ 22.567637, 40.745654 ], [ 22.565969, 40.74745 ], [ 22.563393, 40.749594 ], [ 22.556603, 40.750487 ], [ 22.5549, 40.750921 ], [ 22.554426, 40.751319 ], [ 22.55162, 40.755926 ], [ 22.548777, 40.761635 ], [ 22.547387, 40.763898 ], [ 22.545915, 40.765678 ], [ 22.545995, 40.766009 ], [ 22.546825, 40.766479 ], [ 22.546998, 40.767716 ], [ 22.543515, 40.772002 ], [ 22.542134, 40.77405 ], [ 22.540329, 40.777955 ], [ 22.536419, 40.783466 ], [ 22.533107, 40.789932 ], [ 22.524285, 40.790765 ], [ 22.519008, 40.792823 ], [ 22.513887, 40.795195 ], [ 22.510227, 40.797348 ], [ 22.507569, 40.799252 ], [ 22.50593, 40.800872 ], [ 22.503804, 40.801844 ], [ 22.501292, 40.802169 ], [ 22.500714, 40.801872 ], [ 22.499248, 40.80041 ], [ 22.497828, 40.799561 ], [ 22.496619, 40.798172 ], [ 22.49528, 40.797642 ], [ 22.494941, 40.797746 ], [ 22.495085, 40.79966 ], [ 22.49651, 40.803436 ], [ 22.495659, 40.807333 ], [ 22.495304, 40.808143 ], [ 22.495316, 40.808798 ], [ 22.496123, 40.810237 ], [ 22.497429, 40.811837 ], [ 22.49944, 40.813636 ], [ 22.500517, 40.816063 ], [ 22.501346, 40.816831 ], [ 22.509715, 40.816133 ], [ 22.509885, 40.815767 ], [ 22.50967, 40.814909 ], [ 22.50967, 40.811692 ], [ 22.510551, 40.807955 ], [ 22.511047, 40.807174 ], [ 22.512098, 40.80611 ], [ 22.514803, 40.804558 ], [ 22.516948, 40.803859 ], [ 22.519426, 40.80347 ], [ 22.53396, 40.80338 ], [ 22.537306, 40.803164 ], [ 22.541095, 40.800779 ], [ 22.541615, 40.800644 ], [ 22.545241, 40.802983 ], [ 22.550059, 40.805613 ], [ 22.550066, 40.805889 ], [ 22.549745, 40.806175 ], [ 22.546214, 40.808123 ], [ 22.544793, 40.809302 ], [ 22.548546, 40.811068 ], [ 22.553708, 40.806485 ], [ 22.558822, 40.802641 ], [ 22.563484, 40.806193 ], [ 22.565232, 40.807147 ], [ 22.567267, 40.80771 ], [ 22.567577, 40.808048 ], [ 22.567576, 40.808657 ], [ 22.56715, 40.809536 ], [ 22.564682, 40.811436 ], [ 22.561759, 40.813041 ], [ 22.560713, 40.81505 ], [ 22.559113, 40.816539 ], [ 22.558439, 40.81748 ], [ 22.557683, 40.81933 ], [ 22.55644, 40.819906 ], [ 22.555582, 40.820629 ], [ 22.551318, 40.826298 ], [ 22.547247, 40.829419 ], [ 22.546136, 40.831464 ], [ 22.544855, 40.832564 ], [ 22.544452, 40.833572 ], [ 22.542413, 40.835589 ], [ 22.542311, 40.836246 ], [ 22.541822, 40.837009 ], [ 22.540589, 40.837365 ], [ 22.540003, 40.838543 ], [ 22.53946, 40.839095 ], [ 22.537086, 40.839605 ], [ 22.53685, 40.839828 ], [ 22.536818, 40.840044 ], [ 22.537295, 40.840555 ], [ 22.537754, 40.84172 ], [ 22.538743, 40.842531 ], [ 22.54195, 40.843897 ], [ 22.542622, 40.843854 ], [ 22.545712, 40.841753 ], [ 22.549424, 40.841016 ], [ 22.550188, 40.839852 ], [ 22.550402, 40.838493 ], [ 22.552861, 40.837797 ], [ 22.552828, 40.837488 ], [ 22.551321, 40.836442 ], [ 22.550858, 40.835507 ], [ 22.552398, 40.835313 ], [ 22.554481, 40.83552 ], [ 22.555519, 40.835123 ], [ 22.555736, 40.834851 ], [ 22.555664, 40.834 ], [ 22.556245, 40.833517 ], [ 22.558405, 40.832297 ], [ 22.559437, 40.830534 ], [ 22.56051, 40.829334 ], [ 22.561132, 40.829307 ], [ 22.562271, 40.830067 ], [ 22.563195, 40.830385 ], [ 22.563612, 40.82993 ], [ 22.563823, 40.829199 ], [ 22.563379, 40.828617 ], [ 22.563313, 40.828022 ], [ 22.564142, 40.827357 ], [ 22.564493, 40.82679 ], [ 22.565109, 40.824394 ], [ 22.565653, 40.823994 ], [ 22.565913, 40.823432 ], [ 22.569046, 40.820641 ], [ 22.574502, 40.813289 ], [ 22.577262, 40.811047 ], [ 22.581756, 40.807988 ], [ 22.584121, 40.806759 ], [ 22.586766, 40.80578 ], [ 22.592687, 40.804901 ], [ 22.598741, 40.804749 ], [ 22.6002, 40.805081 ], [ 22.60221, 40.80607 ], [ 22.606973, 40.809271 ], [ 22.608796, 40.811223 ], [ 22.611201, 40.814738 ], [ 22.614082, 40.817006 ], [ 22.615714, 40.817243 ], [ 22.618838, 40.817002 ], [ 22.63796, 40.814155 ], [ 22.641613, 40.81409 ], [ 22.643864, 40.81466 ], [ 22.644505, 40.815355 ], [ 22.644813, 40.816119 ], [ 22.644697, 40.817174 ], [ 22.643439, 40.819171 ], [ 22.643285, 40.820423 ], [ 22.644095, 40.822307 ], [ 22.644553, 40.82415 ], [ 22.643981, 40.826382 ], [ 22.643189, 40.827921 ], [ 22.642788, 40.829564 ], [ 22.642868, 40.830354 ], [ 22.643787, 40.832842 ], [ 22.643653, 40.833811 ], [ 22.643, 40.835804 ], [ 22.640334, 40.839324 ], [ 22.641657, 40.842123 ], [ 22.64161, 40.84441 ], [ 22.64098, 40.84762 ], [ 22.639466, 40.850284 ], [ 22.637012, 40.852865 ], [ 22.635762, 40.854137 ], [ 22.634557, 40.855481 ], [ 22.633796, 40.855981 ], [ 22.634926, 40.859625 ], [ 22.636188, 40.860329 ], [ 22.637788, 40.860437 ], [ 22.651096, 40.859289 ] ] ] ] } },
{ "type": "Feature", "properties": { "MunUnits": "071302", "OID_1": 95, "CODE": "071302", "NAME_GR": "ΔΗΜΟΤΙΚΗ ΕΝΟΤΗΤΑ ΑΓΙΟΥ ΑΘΑΝΑΣΙΟΥ", "NAME_ENG": "Municipal Unit of Aghios Athanassios", "Shape_Leng": 62333.118042000002, "Shape_Area": 154252373.85, "zone": "Regional" }, "geometry": { "type": "MultiPolygon", "coordinates": [ [ [ [ 22.803151, 40.82247 ], [ 22.804041, 40.820996 ], [ 22.806281, 40.818435 ], [ 22.808828, 40.81438 ], [ 22.812093, 40.810822 ], [ 22.815512, 40.806446 ], [ 22.817218, 40.803868 ], [ 22.81768, 40.802223 ], [ 22.817501, 40.800909 ], [ 22.816598, 40.798974 ], [ 22.812173, 40.792476 ], [ 22.811861, 40.791746 ], [ 22.811763, 40.790184 ], [ 22.814106, 40.784814 ], [ 22.8143, 40.783674 ], [ 22.814064, 40.783278 ], [ 22.813602, 40.783048 ], [ 22.81137, 40.783252 ], [ 22.810666, 40.783047 ], [ 22.810235, 40.782644 ], [ 22.810001, 40.78101 ], [ 22.810597, 40.776581 ], [ 22.813588, 40.768341 ], [ 22.813445, 40.767289 ], [ 22.812568, 40.7665 ], [ 22.81104, 40.765904 ], [ 22.805555, 40.764926 ], [ 22.804755, 40.764489 ], [ 22.803709, 40.76325 ], [ 22.802595, 40.762817 ], [ 22.801375, 40.762884 ], [ 22.798363, 40.763754 ], [ 22.796006, 40.763949 ], [ 22.793455, 40.763757 ], [ 22.789567, 40.762979 ], [ 22.790145, 40.761785 ], [ 22.79319, 40.757633 ], [ 22.79594, 40.753138 ], [ 22.80026, 40.748637 ], [ 22.800136, 40.74858 ], [ 22.802413, 40.745627 ], [ 22.804874, 40.742946 ], [ 22.808605, 40.735851 ], [ 22.80934, 40.734369 ], [ 22.812179, 40.73117 ], [ 22.813486, 40.730108 ], [ 22.81545, 40.729103 ], [ 22.815749, 40.72783 ], [ 22.811078, 40.725593 ], [ 22.808685, 40.724206 ], [ 22.807408, 40.723334 ], [ 22.807582, 40.723064 ], [ 22.807718, 40.722887 ], [ 22.808277, 40.722261 ], [ 22.808727, 40.72164 ], [ 22.808814, 40.721129 ], [ 22.808953, 40.719921 ], [ 22.809057, 40.718926 ], [ 22.809226, 40.716902 ], [ 22.805723, 40.71574 ], [ 22.806292, 40.713273 ], [ 22.806486, 40.712465 ], [ 22.806637, 40.711024 ], [ 22.806733, 40.710048 ], [ 22.806838, 40.708994 ], [ 22.806985, 40.70868 ], [ 22.807143, 40.707693 ], [ 22.806809, 40.707712 ], [ 22.806977, 40.705625 ], [ 22.802073, 40.705914 ], [ 22.800138, 40.705977 ], [ 22.794658, 40.70592 ], [ 22.78874, 40.705846 ], [ 22.788792, 40.705498 ], [ 22.78889, 40.70507 ], [ 22.789249, 40.704234 ], [ 22.789987, 40.703497 ], [ 22.790769, 40.702674 ], [ 22.790795, 40.70218 ], [ 22.790961, 40.699868 ], [ 22.791721, 40.698703 ], [ 22.792352, 40.697756 ], [ 22.7896, 40.698131 ], [ 22.787707, 40.698531 ], [ 22.767525, 40.701158 ], [ 22.766173, 40.701494 ], [ 22.765724, 40.700659 ], [ 22.764864, 40.696163 ], [ 22.765072, 40.688749 ], [ 22.764665, 40.687632 ], [ 22.762484, 40.683579 ], [ 22.762053, 40.682301 ], [ 22.761995, 40.679448 ], [ 22.763181, 40.674835 ], [ 22.762805, 40.672695 ], [ 22.762218, 40.671295 ], [ 22.760311, 40.671001 ], [ 22.758785, 40.671116 ], [ 22.757955, 40.671606 ], [ 22.756667, 40.672891 ], [ 22.755966, 40.673254 ], [ 22.755157, 40.673285 ], [ 22.751442, 40.671835 ], [ 22.748637, 40.671238 ], [ 22.748088, 40.672301 ], [ 22.746249, 40.674258 ], [ 22.744779, 40.674928 ], [ 22.743667, 40.674855 ], [ 22.74099, 40.673515 ], [ 22.740048, 40.67344 ], [ 22.73866, 40.673705 ], [ 22.736745, 40.67463 ], [ 22.736037, 40.674772 ], [ 22.733705, 40.674512 ], [ 22.732194, 40.675192 ], [ 22.729887, 40.675453 ], [ 22.72827, 40.67509 ], [ 22.726011, 40.674052 ], [ 22.724534, 40.674243 ], [ 22.720719, 40.67664 ], [ 22.716109, 40.679059 ], [ 22.713722, 40.680062 ], [ 22.711053, 40.68077 ], [ 22.709118, 40.682601 ], [ 22.70788, 40.684268 ], [ 22.705874, 40.687792 ], [ 22.704255, 40.689521 ], [ 22.703917, 40.690492 ], [ 22.70361, 40.692994 ], [ 22.702983, 40.694203 ], [ 22.70191, 40.694801 ], [ 22.70007, 40.695292 ], [ 22.696207, 40.695657 ], [ 22.694935, 40.696005 ], [ 22.694226, 40.696581 ], [ 22.693991, 40.697425 ], [ 22.693893, 40.697989 ], [ 22.694186, 40.700172 ], [ 22.690658, 40.700049 ], [ 22.686487, 40.700685 ], [ 22.683361, 40.701693 ], [ 22.678643, 40.704365 ], [ 22.676629, 40.706122 ], [ 22.675596, 40.707642 ], [ 22.674023, 40.71368 ], [ 22.673686, 40.714313 ], [ 22.672363, 40.715345 ], [ 22.669657, 40.71622 ], [ 22.667122, 40.717591 ], [ 22.666198, 40.718293 ], [ 22.663688, 40.721518 ], [ 22.662079, 40.722776 ], [ 22.656651, 40.725959 ], [ 22.655407, 40.727186 ], [ 22.654794, 40.728147 ], [ 22.654509, 40.730147 ], [ 22.654579, 40.731546 ], [ 22.655027, 40.732657 ], [ 22.656669, 40.735341 ], [ 22.656999, 40.736426 ], [ 22.656658, 40.741856 ], [ 22.65629, 40.74282 ], [ 22.655402, 40.743881 ], [ 22.651348, 40.746868 ], [ 22.650061, 40.748191 ], [ 22.649394, 40.749419 ], [ 22.649651, 40.754142 ], [ 22.6528, 40.754131 ], [ 22.653474, 40.75457 ], [ 22.65362, 40.758106 ], [ 22.654229, 40.761934 ], [ 22.654243, 40.764641 ], [ 22.65322, 40.770343 ], [ 22.651904, 40.774195 ], [ 22.652846, 40.775915 ], [ 22.653589, 40.776714 ], [ 22.655916, 40.778041 ], [ 22.656806, 40.778288 ], [ 22.65789, 40.77826 ], [ 22.659063, 40.77758 ], [ 22.661761, 40.774081 ], [ 22.662703, 40.774018 ], [ 22.667195, 40.774156 ], [ 22.667671, 40.775519 ], [ 22.668367, 40.776024 ], [ 22.674991, 40.77634 ], [ 22.675648, 40.776881 ], [ 22.674945, 40.783129 ], [ 22.675153, 40.784014 ], [ 22.675675, 40.784594 ], [ 22.68137, 40.787094 ], [ 22.691454, 40.792386 ], [ 22.693086, 40.793839 ], [ 22.694614, 40.796556 ], [ 22.694828, 40.797548 ], [ 22.697099, 40.795935 ], [ 22.699319, 40.794975 ], [ 22.70132, 40.794445 ], [ 22.709465, 40.794166 ], [ 22.715966, 40.795555 ], [ 22.717403, 40.79556 ], [ 22.725014, 40.7946 ], [ 22.730559, 40.793032 ], [ 22.733078, 40.793093 ], [ 22.734568, 40.792815 ], [ 22.73617, 40.792094 ], [ 22.73783, 40.790897 ], [ 22.738235, 40.79088 ], [ 22.739076, 40.792952 ], [ 22.7388, 40.794059 ], [ 22.739735, 40.797246 ], [ 22.739477, 40.800239 ], [ 22.740219, 40.801431 ], [ 22.740178, 40.802416 ], [ 22.740523, 40.802863 ], [ 22.742059, 40.802826 ], [ 22.743015, 40.801875 ], [ 22.747013, 40.802599 ], [ 22.748377, 40.802542 ], [ 22.749383, 40.802136 ], [ 22.7562, 40.802749 ], [ 22.760729, 40.802247 ], [ 22.76346, 40.802296 ], [ 22.763119, 40.804146 ], [ 22.762069, 40.807422 ], [ 22.760534, 40.814686 ], [ 22.760471, 40.817956 ], [ 22.760847, 40.818911 ], [ 22.761312, 40.819519 ], [ 22.763452, 40.821092 ], [ 22.764931, 40.821763 ], [ 22.766417, 40.82199 ], [ 22.768296, 40.821918 ], [ 22.772032, 40.820959 ], [ 22.775198, 40.820756 ], [ 22.792644, 40.822567 ], [ 22.799359, 40.822825 ], [ 22.803585, 40.823231 ], [ 22.803151, 40.82247 ] ] ] ] } },
{ "type": "Feature", "properties": { "MunUnits": "071303", "OID_1": 96, "CODE": "071303", "NAME_GR": "ΔΗΜΟΤΙΚΗ ΕΝΟΤΗΤΑ ΧΑΛΚΗΔΟΝΟΣ", "NAME_ENG": "Municipal Unit of Chalkidona", "Shape_Leng": 60590.8811202, "Shape_Area": 131430884.00499998, "zone": "Regional" }, "geometry": { "type": "MultiPolygon", "coordinates": [ [ [ [ 22.656658, 40.741856 ], [ 22.656999, 40.736426 ], [ 22.656669, 40.735341 ], [ 22.655027, 40.732657 ], [ 22.654579, 40.731546 ], [ 22.654509, 40.730147 ], [ 22.654794, 40.728147 ], [ 22.655407, 40.727186 ], [ 22.656651, 40.725959 ], [ 22.662079, 40.722776 ], [ 22.663688, 40.721518 ], [ 22.666198, 40.718293 ], [ 22.667122, 40.717591 ], [ 22.669657, 40.71622 ], [ 22.672363, 40.715345 ], [ 22.673686, 40.714313 ], [ 22.674023, 40.71368 ], [ 22.675596, 40.707642 ], [ 22.676629, 40.706122 ], [ 22.678643, 40.704365 ], [ 22.683361, 40.701693 ], [ 22.686487, 40.700685 ], [ 22.690658, 40.700049 ], [ 22.694186, 40.700172 ], [ 22.693893, 40.697989 ], [ 22.693991, 40.697425 ], [ 22.694226, 40.696581 ], [ 22.694935, 40.696005 ], [ 22.693214, 40.695779 ], [ 22.692377, 40.695351 ], [ 22.692245, 40.694907 ], [ 22.69248, 40.693117 ], [ 22.6918, 40.692311 ], [ 22.689892, 40.691815 ], [ 22.685556, 40.691376 ], [ 22.684364, 40.690887 ], [ 22.683481, 40.690197 ], [ 22.682958, 40.689425 ], [ 22.682669, 40.688433 ], [ 22.682362, 40.684341 ], [ 22.681675, 40.683367 ], [ 22.678604, 40.682156 ], [ 22.674298, 40.68188 ], [ 22.668852, 40.681269 ], [ 22.651724, 40.681034 ], [ 22.647783, 40.681473 ], [ 22.644824, 40.68117 ], [ 22.643803, 40.677406 ], [ 22.642949, 40.675662 ], [ 22.641982, 40.674228 ], [ 22.639682, 40.672209 ], [ 22.637188, 40.670965 ], [ 22.632593, 40.669462 ], [ 22.625706, 40.666545 ], [ 22.617748, 40.662607 ], [ 22.617171, 40.662134 ], [ 22.616876, 40.661524 ], [ 22.617039, 40.660514 ], [ 22.618088, 40.65904 ], [ 22.620442, 40.656823 ], [ 22.623637, 40.654777 ], [ 22.629715, 40.651743 ], [ 22.632199, 40.650996 ], [ 22.636151, 40.649206 ], [ 22.638045, 40.648996 ], [ 22.63871, 40.64759 ], [ 22.636833, 40.64021 ], [ 22.636189, 40.638826 ], [ 22.628758, 40.632887 ], [ 22.625527, 40.629735 ], [ 22.623955, 40.626748 ], [ 22.623539, 40.624015 ], [ 22.622747, 40.62238 ], [ 22.615161, 40.619651 ], [ 22.612158, 40.619409 ], [ 22.610913, 40.619613 ], [ 22.610594, 40.61915 ], [ 22.610581, 40.619131 ], [ 22.61003, 40.619337 ], [ 22.609603, 40.619446 ], [ 22.608848, 40.619628 ], [ 22.608269, 40.619793 ], [ 22.607593, 40.619842 ], [ 22.606942, 40.619853 ], [ 22.60599, 40.619899 ], [ 22.605612, 40.620047 ], [ 22.605282, 40.620252 ], [ 22.605099, 40.620651 ], [ 22.604788, 40.621143 ], [ 22.604429, 40.621539 ], [ 22.604023, 40.62182 ], [ 22.603443, 40.622022 ], [ 22.602712, 40.622281 ], [ 22.602156, 40.62256 ], [ 22.601746, 40.623032 ], [ 22.600975, 40.623995 ], [ 22.600258, 40.62548 ], [ 22.599537, 40.627216 ], [ 22.599286, 40.629759 ], [ 22.599027, 40.630848 ], [ 22.599224, 40.631143 ], [ 22.599268, 40.63141 ], [ 22.599187, 40.631714 ], [ 22.599005, 40.632017 ], [ 22.598267, 40.632306 ], [ 22.597748, 40.632326 ], [ 22.597445, 40.632437 ], [ 22.597138, 40.632738 ], [ 22.596651, 40.633304 ], [ 22.596239, 40.633871 ], [ 22.595651, 40.634417 ], [ 22.595296, 40.634661 ], [ 22.595015, 40.634905 ], [ 22.594759, 40.635207 ], [ 22.594549, 40.635681 ], [ 22.594541, 40.636025 ], [ 22.594801, 40.636881 ], [ 22.594913, 40.637383 ], [ 22.59476, 40.637553 ], [ 22.594382, 40.637851 ], [ 22.593926, 40.637905 ], [ 22.59335, 40.637936 ], [ 22.592447, 40.63802 ], [ 22.591665, 40.638335 ], [ 22.591101, 40.638957 ], [ 22.590511, 40.639636 ], [ 22.589697, 40.640256 ], [ 22.588528, 40.641061 ], [ 22.587137, 40.641769 ], [ 22.586714, 40.642382 ], [ 22.584948, 40.644076 ], [ 22.584154, 40.644345 ], [ 22.58286, 40.645168 ], [ 22.581654, 40.646545 ], [ 22.580457, 40.648576 ], [ 22.579717, 40.649408 ], [ 22.578527, 40.649958 ], [ 22.577087, 40.650588 ], [ 22.575952, 40.650975 ], [ 22.575425, 40.651025 ], [ 22.574824, 40.651056 ], [ 22.574297, 40.651107 ], [ 22.573571, 40.651098 ], [ 22.57282, 40.651088 ], [ 22.572294, 40.651139 ], [ 22.571666, 40.651208 ], [ 22.571263, 40.651317 ], [ 22.570684, 40.651482 ], [ 22.570156, 40.651589 ], [ 22.569603, 40.651697 ], [ 22.568952, 40.651708 ], [ 22.568349, 40.651796 ], [ 22.567842, 40.652076 ], [ 22.566803, 40.653836 ], [ 22.566428, 40.655013 ], [ 22.56523, 40.657172 ], [ 22.564684, 40.658856 ], [ 22.564739, 40.659054 ], [ 22.564704, 40.659492 ], [ 22.564394, 40.659965 ], [ 22.563757, 40.660472 ], [ 22.562515, 40.661143 ], [ 22.560635, 40.662416 ], [ 22.558736, 40.66342 ], [ 22.556422, 40.664366 ], [ 22.554344, 40.665914 ], [ 22.552173, 40.669969 ], [ 22.551973, 40.671624 ], [ 22.552314, 40.672074 ], [ 22.552329, 40.672513 ], [ 22.55217, 40.672931 ], [ 22.55163, 40.673572 ], [ 22.550965, 40.674212 ], [ 22.550177, 40.674736 ], [ 22.548391, 40.675077 ], [ 22.547789, 40.675164 ], [ 22.546612, 40.675021 ], [ 22.544177, 40.674279 ], [ 22.542229, 40.674026 ], [ 22.540165, 40.674496 ], [ 22.538768, 40.67423 ], [ 22.536562, 40.673211 ], [ 22.53559, 40.673008 ], [ 22.534536, 40.673109 ], [ 22.5335, 40.673515 ], [ 22.532618, 40.673752 ], [ 22.53144, 40.673794 ], [ 22.530136, 40.673892 ], [ 22.529124, 40.674336 ], [ 22.528717, 40.674636 ], [ 22.528159, 40.675153 ], [ 22.527399, 40.675415 ], [ 22.526629, 40.675884 ], [ 22.525736, 40.676462 ], [ 22.524954, 40.676645 ], [ 22.523746, 40.676545 ], [ 22.521907, 40.675222 ], [ 22.520403, 40.675279 ], [ 22.518007, 40.676011 ], [ 22.516566, 40.676641 ], [ 22.515658, 40.676915 ], [ 22.515228, 40.677119 ], [ 22.514195, 40.67735 ], [ 22.511414, 40.677251 ], [ 22.509625, 40.67678 ], [ 22.508301, 40.676649 ], [ 22.506621, 40.676722 ], [ 22.505643, 40.676786 ], [ 22.504418, 40.676886 ], [ 22.501294, 40.67753 ], [ 22.498796, 40.678337 ], [ 22.496949, 40.67919 ], [ 22.49578, 40.679938 ], [ 22.494915, 40.681661 ], [ 22.494975, 40.68231 ], [ 22.494481, 40.68423 ], [ 22.493026, 40.686537 ], [ 22.491301, 40.688612 ], [ 22.49008, 40.69056 ], [ 22.48957, 40.692098 ], [ 22.489258, 40.694782 ], [ 22.490447, 40.699851 ], [ 22.491594, 40.705643 ], [ 22.491612, 40.707035 ], [ 22.491207, 40.709432 ], [ 22.490945, 40.71105 ], [ 22.491367, 40.711267 ], [ 22.498796, 40.714423 ], [ 22.499718, 40.715079 ], [ 22.502257, 40.716209 ], [ 22.513362, 40.720623 ], [ 22.512413, 40.723377 ], [ 22.512169, 40.725524 ], [ 22.512369, 40.726994 ], [ 22.513875, 40.729033 ], [ 22.518584, 40.731199 ], [ 22.522465, 40.731771 ], [ 22.525765, 40.731913 ], [ 22.532332, 40.733001 ], [ 22.536464, 40.732962 ], [ 22.54414, 40.731654 ], [ 22.545704, 40.731103 ], [ 22.547822, 40.730753 ], [ 22.551884, 40.729251 ], [ 22.553307, 40.729084 ], [ 22.556687, 40.728488 ], [ 22.557623, 40.727824 ], [ 22.559532, 40.725758 ], [ 22.560286, 40.725341 ], [ 22.562014, 40.725679 ], [ 22.564058, 40.729617 ], [ 22.565733, 40.732031 ], [ 22.568216, 40.737137 ], [ 22.569561, 40.740518 ], [ 22.569737, 40.741742 ], [ 22.569564, 40.742324 ], [ 22.567637, 40.745654 ], [ 22.570365, 40.745641 ], [ 22.577037, 40.744903 ], [ 22.58038, 40.744914 ], [ 22.584616, 40.74433 ], [ 22.591201, 40.74401 ], [ 22.594464, 40.743582 ], [ 22.602216, 40.743035 ], [ 22.61356, 40.740752 ], [ 22.617137, 40.739717 ], [ 22.617548, 40.741653 ], [ 22.617165, 40.744864 ], [ 22.61762, 40.748406 ], [ 22.616958, 40.750497 ], [ 22.616732, 40.752023 ], [ 22.616563, 40.756047 ], [ 22.616961, 40.757339 ], [ 22.621837, 40.757188 ], [ 22.622901, 40.756972 ], [ 22.623592, 40.756443 ], [ 22.624263, 40.755265 ], [ 22.625341, 40.754898 ], [ 22.641278, 40.754403 ], [ 22.649651, 40.754142 ], [ 22.649394, 40.749419 ], [ 22.650061, 40.748191 ], [ 22.651348, 40.746868 ], [ 22.655402, 40.743881 ], [ 22.65629, 40.74282 ], [ 22.656658, 40.741856 ] ] ] ] } },
{ "type": "Feature", "properties": { "MunUnits": "071401", "OID_1": 97, "CODE": "071401", "NAME_GR": "ΔΗΜΟΤΙΚΗ ΕΝΟΤΗΤΑ ΩΡΑΙΟΚΑΣΤΡΟΥ", "NAME_ENG": "Municipal Unit of Oreokastro", "Shape_Leng": 21188.656211000001, "Shape_Area": 22134507.325800002, "zone": "Metropolitan" }, "geometry": { "type": "MultiPolygon", "coordinates": [ [ [ [ 22.904849, 40.749162 ], [ 22.907532, 40.748759 ], [ 22.908598, 40.748405 ], [ 22.911097, 40.747022 ], [ 22.912384, 40.745708 ], [ 22.915464, 40.741578 ], [ 22.920731, 40.739476 ], [ 22.922454, 40.737945 ], [ 22.922769, 40.737731 ], [ 22.923057, 40.73797 ], [ 22.923368, 40.73848 ], [ 22.923546, 40.738511 ], [ 22.923944, 40.738307 ], [ 22.924409, 40.738068 ], [ 22.92502, 40.738031 ], [ 22.9252, 40.737933 ], [ 22.926018, 40.735526 ], [ 22.926603, 40.735129 ], [ 22.927637, 40.73346 ], [ 22.927939, 40.732554 ], [ 22.929053, 40.732005 ], [ 22.930173, 40.73171 ], [ 22.93059, 40.731485 ], [ 22.930895, 40.731249 ], [ 22.931226, 40.73089 ], [ 22.931257, 40.730557 ], [ 22.931112, 40.730241 ], [ 22.930817, 40.729847 ], [ 22.930572, 40.729521 ], [ 22.930764, 40.729265 ], [ 22.93058, 40.728243 ], [ 22.930407, 40.72808 ], [ 22.930384, 40.727917 ], [ 22.930611, 40.727853 ], [ 22.930802, 40.727654 ], [ 22.930745, 40.727311 ], [ 22.930689, 40.726881 ], [ 22.930516, 40.726746 ], [ 22.930847, 40.725614 ], [ 22.931749, 40.724088 ], [ 22.932342, 40.722244 ], [ 22.932631, 40.721455 ], [ 22.932745, 40.721351 ], [ 22.932868, 40.721486 ], [ 22.933067, 40.721612 ], [ 22.933243, 40.721556 ], [ 22.93332, 40.721452 ], [ 22.933247, 40.721289 ], [ 22.933249, 40.721156 ], [ 22.933253, 40.720956 ], [ 22.933067, 40.720801 ], [ 22.933157, 40.72064 ], [ 22.933895, 40.719941 ], [ 22.933989, 40.71958 ], [ 22.935992, 40.718083 ], [ 22.935987, 40.717663 ], [ 22.939913, 40.715296 ], [ 22.939708, 40.714739 ], [ 22.940748, 40.713898 ], [ 22.940787, 40.713828 ], [ 22.940801, 40.713688 ], [ 22.9408, 40.713476 ], [ 22.940642, 40.713203 ], [ 22.940103, 40.71271 ], [ 22.940586, 40.712421 ], [ 22.940993, 40.712004 ], [ 22.940981, 40.711754 ], [ 22.940572, 40.711142 ], [ 22.940627, 40.710875 ], [ 22.940852, 40.710782 ], [ 22.940965, 40.710735 ], [ 22.94113, 40.710632 ], [ 22.941257, 40.71049 ], [ 22.941298, 40.710329 ], [ 22.941301, 40.710128 ], [ 22.941168, 40.709841 ], [ 22.941084, 40.709564 ], [ 22.941087, 40.709383 ], [ 22.941391, 40.709176 ], [ 22.941823, 40.708808 ], [ 22.941887, 40.708481 ], [ 22.941704, 40.708373 ], [ 22.941372, 40.708181 ], [ 22.941353, 40.707986 ], [ 22.941541, 40.707563 ], [ 22.941715, 40.70725 ], [ 22.941578, 40.707196 ], [ 22.940989, 40.707105 ], [ 22.940585, 40.707044 ], [ 22.940514, 40.707043 ], [ 22.940482, 40.707071 ], [ 22.940387, 40.707156 ], [ 22.940318, 40.707136 ], [ 22.940134, 40.706901 ], [ 22.939708, 40.706483 ], [ 22.93915, 40.706125 ], [ 22.938801, 40.705654 ], [ 22.938708, 40.705549 ], [ 22.938699, 40.705377 ], [ 22.938913, 40.704874 ], [ 22.939075, 40.704551 ], [ 22.93911, 40.704313 ], [ 22.939032, 40.704126 ], [ 22.938833, 40.70361 ], [ 22.938685, 40.703456 ], [ 22.939184, 40.701988 ], [ 22.939288, 40.701538 ], [ 22.939472, 40.700801 ], [ 22.939372, 40.700681 ], [ 22.939203, 40.700459 ], [ 22.93874, 40.70055 ], [ 22.938173, 40.700735 ], [ 22.937929, 40.700834 ], [ 22.936483, 40.701143 ], [ 22.935713, 40.70132 ], [ 22.935264, 40.701471 ], [ 22.934918, 40.701557 ], [ 22.933868, 40.701643 ], [ 22.932353, 40.701891 ], [ 22.930266, 40.702149 ], [ 22.929889, 40.70218 ], [ 22.929957, 40.702073 ], [ 22.930333, 40.701341 ], [ 22.930604, 40.70053 ], [ 22.931091, 40.699156 ], [ 22.931174, 40.698756 ], [ 22.93125, 40.698379 ], [ 22.931461, 40.697494 ], [ 22.931721, 40.696915 ], [ 22.932411, 40.695878 ], [ 22.933041, 40.695017 ], [ 22.933825, 40.693766 ], [ 22.934392, 40.69277 ], [ 22.934667, 40.692067 ], [ 22.934296, 40.692012 ], [ 22.931164, 40.691522 ], [ 22.928077, 40.691047 ], [ 22.92766, 40.69095 ], [ 22.927355, 40.690361 ], [ 22.927385, 40.689987 ], [ 22.926824, 40.690006 ], [ 22.923733, 40.690055 ], [ 22.920798, 40.690099 ], [ 22.91806, 40.690202 ], [ 22.917114, 40.690236 ], [ 22.915798, 40.690293 ], [ 22.91369, 40.690335 ], [ 22.913282, 40.690383 ], [ 22.912908, 40.690439 ], [ 22.9108, 40.690484 ], [ 22.908495, 40.690548 ], [ 22.907361, 40.690693 ], [ 22.906626, 40.690783 ], [ 22.906146, 40.69083 ], [ 22.905968, 40.690796 ], [ 22.905257, 40.690869 ], [ 22.904606, 40.690964 ], [ 22.904051, 40.691504 ], [ 22.903689, 40.691904 ], [ 22.903381, 40.692084 ], [ 22.903092, 40.69231 ], [ 22.903008, 40.692392 ], [ 22.902794, 40.692831 ], [ 22.902565, 40.693064 ], [ 22.902238, 40.693518 ], [ 22.901836, 40.693934 ], [ 22.90158, 40.694201 ], [ 22.901262, 40.694384 ], [ 22.901076, 40.694553 ], [ 22.900706, 40.694798 ], [ 22.900402, 40.694963 ], [ 22.900003, 40.695228 ], [ 22.899868, 40.695378 ], [ 22.899772, 40.695528 ], [ 22.899755, 40.695742 ], [ 22.895531, 40.695941 ], [ 22.891937, 40.6965 ], [ 22.891669, 40.696536 ], [ 22.889123, 40.696875 ], [ 22.888893, 40.69729 ], [ 22.888468, 40.697949 ], [ 22.887919, 40.698568 ], [ 22.887452, 40.699182 ], [ 22.886966, 40.69998 ], [ 22.886452, 40.700273 ], [ 22.884221, 40.700981 ], [ 22.883121, 40.701302 ], [ 22.882368, 40.701438 ], [ 22.878884, 40.701892 ], [ 22.87805, 40.702032 ], [ 22.881331, 40.702806 ], [ 22.883044, 40.70358 ], [ 22.884913, 40.704742 ], [ 22.886155, 40.705769 ], [ 22.88664, 40.706525 ], [ 22.886604, 40.708141 ], [ 22.886078, 40.709244 ], [ 22.885777, 40.710708 ], [ 22.885256, 40.712088 ], [ 22.884276, 40.713957 ], [ 22.8841, 40.71566 ], [ 22.886407, 40.722738 ], [ 22.887458, 40.729077 ], [ 22.888126, 40.73187 ], [ 22.889029, 40.733446 ], [ 22.890687, 40.735509 ], [ 22.893663, 40.739958 ], [ 22.898285, 40.743925 ], [ 22.90212, 40.748611 ], [ 22.903997, 40.749198 ], [ 22.904849, 40.749162 ] ] ] ] } },
{ "type": "Feature", "properties": { "MunUnits": "071402", "OID_1": 98, "CODE": "071402", "NAME_GR": "ΔΗΜΟΤΙΚΗ ΕΝΟΤΗΤΑ ΚΑΛΛΙΘΕΑΣ", "NAME_ENG": "Municipal Unit of Kallithea", "Shape_Leng": 65884.794910600001, "Shape_Area": 97410014.978200004, "zone": "Metropolitan" }, "geometry": { "type": "MultiPolygon", "coordinates": [ [ [ [ 22.853262, 40.690911 ], [ 22.853007, 40.6909 ], [ 22.852807, 40.691148 ], [ 22.85256, 40.69154 ], [ 22.852253, 40.692159 ], [ 22.851922, 40.692777 ], [ 22.851835, 40.69303 ], [ 22.851788, 40.693136 ], [ 22.852032, 40.693844 ], [ 22.85287, 40.694455 ], [ 22.853122, 40.694642 ], [ 22.853459, 40.694845 ], [ 22.853482, 40.694858 ], [ 22.8542, 40.694348 ], [ 22.854895, 40.693835 ], [ 22.855456, 40.69344 ], [ 22.855698, 40.693196 ], [ 22.856541, 40.692526 ], [ 22.857074, 40.692096 ], [ 22.85603, 40.691806 ], [ 22.854644, 40.691386 ], [ 22.853262, 40.690911 ] ] ], [ [ [ 22.802073, 40.705914 ], [ 22.806977, 40.705625 ], [ 22.80708, 40.705628 ], [ 22.807236, 40.70458 ], [ 22.808843, 40.703533 ], [ 22.809315, 40.703247 ], [ 22.810153, 40.702981 ], [ 22.811043, 40.702725 ], [ 22.810998, 40.702572 ], [ 22.811549, 40.702391 ], [ 22.812439, 40.702157 ], [ 22.812467, 40.702036 ], [ 22.812914, 40.701908 ], [ 22.813796, 40.701091 ], [ 22.814917, 40.70009 ], [ 22.81674, 40.698428 ], [ 22.818474, 40.696849 ], [ 22.819307, 40.696226 ], [ 22.819512, 40.696174 ], [ 22.821113, 40.695952 ], [ 22.822276, 40.695672 ], [ 22.823355, 40.695308 ], [ 22.822693, 40.693222 ], [ 22.822598, 40.692692 ], [ 22.822387, 40.691309 ], [ 22.822999, 40.688306 ], [ 22.823106, 40.687807 ], [ 22.822377, 40.688036 ], [ 22.820512, 40.688543 ], [ 22.819617, 40.68868 ], [ 22.818832, 40.686336 ], [ 22.817936, 40.684037 ], [ 22.817498, 40.682694 ], [ 22.817093, 40.681667 ], [ 22.816132, 40.681836 ], [ 22.813403, 40.682408 ], [ 22.811748, 40.682742 ], [ 22.812396, 40.684336 ], [ 22.812681, 40.685243 ], [ 22.813071, 40.686255 ], [ 22.813465, 40.687467 ], [ 22.810033, 40.688175 ], [ 22.807005, 40.688859 ], [ 22.807542, 40.69038 ], [ 22.807676, 40.690739 ], [ 22.806046, 40.691009 ], [ 22.805785, 40.690941 ], [ 22.801544, 40.691698 ], [ 22.801694, 40.692229 ], [ 22.799241, 40.692797 ], [ 22.80021, 40.695331 ], [ 22.800657, 40.696623 ], [ 22.792352, 40.697756 ], [ 22.791721, 40.698703 ], [ 22.790961, 40.699868 ], [ 22.790795, 40.70218 ], [ 22.790769, 40.702674 ], [ 22.789987, 40.703497 ], [ 22.789249, 40.704234 ], [ 22.78889, 40.70507 ], [ 22.788792, 40.705498 ], [ 22.78874, 40.705846 ], [ 22.794658, 40.70592 ], [ 22.800138, 40.705977 ], [ 22.802073, 40.705914 ] ] ], [ [ [ 22.817849, 40.823476 ], [ 22.819604, 40.82329 ], [ 22.822562, 40.822194 ], [ 22.827208, 40.821265 ], [ 22.834141, 40.818425 ], [ 22.835794, 40.817516 ], [ 22.839895, 40.8146 ], [ 22.844944, 40.81208 ], [ 22.846884, 40.811321 ], [ 22.849784, 40.810623 ], [ 22.854088, 40.808534 ], [ 22.854912, 40.808411 ], [ 22.855582, 40.808567 ], [ 22.856091, 40.809338 ], [ 22.857857, 40.810678 ], [ 22.859987, 40.811702 ], [ 22.860254, 40.811993 ], [ 22.860334, 40.813274 ], [ 22.86096, 40.814389 ], [ 22.863989, 40.816522 ], [ 22.864994, 40.817671 ], [ 22.864649, 40.818981 ], [ 22.863697, 40.819885 ], [ 22.862049, 40.822935 ], [ 22.870005, 40.820763 ], [ 22.872404, 40.820385 ], [ 22.874343, 40.820385 ], [ 22.878461, 40.821358 ], [ 22.881224, 40.821598 ], [ 22.884254, 40.821371 ], [ 22.889868, 40.820368 ], [ 22.891396, 40.820401 ], [ 22.893004, 40.821105 ], [ 22.89443, 40.822422 ], [ 22.895811, 40.823002 ], [ 22.897698, 40.823175 ], [ 22.899433, 40.822835 ], [ 22.901145, 40.821992 ], [ 22.903191, 40.82061 ], [ 22.904709, 40.820119 ], [ 22.908272, 40.820253 ], [ 22.910116, 40.820923 ], [ 22.912913, 40.815408 ], [ 22.91449, 40.813178 ], [ 22.917199, 40.809994 ], [ 22.920983, 40.806372 ], [ 22.920756, 40.805541 ], [ 22.920015, 40.805052 ], [ 22.917555, 40.804597 ], [ 22.914588, 40.804848 ], [ 22.91173, 40.805912 ], [ 22.910998, 40.805797 ], [ 22.910759, 40.805174 ], [ 22.910706, 40.802785 ], [ 22.91045, 40.801401 ], [ 22.909354, 40.799606 ], [ 22.908826, 40.797635 ], [ 22.907729, 40.795548 ], [ 22.908067, 40.793238 ], [ 22.907763, 40.79184 ], [ 22.90624, 40.790303 ], [ 22.905409, 40.788371 ], [ 22.90367, 40.786409 ], [ 22.90021, 40.784616 ], [ 22.899651, 40.784122 ], [ 22.896846, 40.779439 ], [ 22.894795, 40.777019 ], [ 22.893142, 40.775589 ], [ 22.890408, 40.774042 ], [ 22.888883, 40.77376 ], [ 22.885149, 40.77406 ], [ 22.882262, 40.774852 ], [ 22.881538, 40.774723 ], [ 22.881263, 40.77426 ], [ 22.881482, 40.77378 ], [ 22.881356, 40.770817 ], [ 22.88176, 40.769926 ], [ 22.884315, 40.768557 ], [ 22.886916, 40.767795 ], [ 22.888397, 40.766681 ], [ 22.889639, 40.765213 ], [ 22.894632, 40.763884 ], [ 22.898108, 40.760933 ], [ 22.899257, 40.75855 ], [ 22.902001, 40.75663 ], [ 22.902446, 40.755994 ], [ 22.902502, 40.755429 ], [ 22.904947, 40.753251 ], [ 22.905289, 40.752335 ], [ 22.905316, 40.751474 ], [ 22.904849, 40.749162 ], [ 22.903997, 40.749198 ], [ 22.90212, 40.748611 ], [ 22.898285, 40.743925 ], [ 22.893663, 40.739958 ], [ 22.890687, 40.735509 ], [ 22.889029, 40.733446 ], [ 22.888126, 40.73187 ], [ 22.887458, 40.729077 ], [ 22.886407, 40.722738 ], [ 22.8841, 40.71566 ], [ 22.884276, 40.713957 ], [ 22.885256, 40.712088 ], [ 22.885777, 40.710708 ], [ 22.886078, 40.709244 ], [ 22.886604, 40.708141 ], [ 22.88664, 40.706525 ], [ 22.886155, 40.705769 ], [ 22.884913, 40.704742 ], [ 22.883044, 40.70358 ], [ 22.881331, 40.702806 ], [ 22.87805, 40.702032 ], [ 22.87785, 40.701984 ], [ 22.874434, 40.701136 ], [ 22.873279, 40.70111 ], [ 22.868978, 40.701011 ], [ 22.869157, 40.700405 ], [ 22.868468, 40.700034 ], [ 22.866648, 40.699337 ], [ 22.866255, 40.69924 ], [ 22.866038, 40.699288 ], [ 22.86493, 40.699792 ], [ 22.864012, 40.699693 ], [ 22.863098, 40.699729 ], [ 22.862365, 40.699756 ], [ 22.862137, 40.699892 ], [ 22.861722, 40.699988 ], [ 22.860268, 40.69932 ], [ 22.860227, 40.699153 ], [ 22.860556, 40.698575 ], [ 22.860848, 40.698372 ], [ 22.861075, 40.698265 ], [ 22.861702, 40.697489 ], [ 22.862084, 40.696935 ], [ 22.860134, 40.696992 ], [ 22.856064, 40.696928 ], [ 22.851837, 40.69615 ], [ 22.851751, 40.696134 ], [ 22.851132, 40.69602 ], [ 22.850279, 40.696017 ], [ 22.84929, 40.695756 ], [ 22.848167, 40.697753 ], [ 22.847014, 40.697412 ], [ 22.846499, 40.697224 ], [ 22.846004, 40.697634 ], [ 22.84591, 40.697601 ], [ 22.845352, 40.698114 ], [ 22.844023, 40.69809 ], [ 22.843972, 40.6983 ], [ 22.843174, 40.698253 ], [ 22.842799, 40.69822 ], [ 22.842754, 40.698141 ], [ 22.842821, 40.698028 ], [ 22.842771, 40.697977 ], [ 22.841824, 40.698679 ], [ 22.841102, 40.699127 ], [ 22.840353, 40.699496 ], [ 22.839246, 40.699899 ], [ 22.838559, 40.70005 ], [ 22.838241, 40.700126 ], [ 22.837473, 40.700148 ], [ 22.837023, 40.701282 ], [ 22.836838, 40.702919 ], [ 22.836594, 40.705171 ], [ 22.836512, 40.70573 ], [ 22.834912, 40.705681 ], [ 22.832569, 40.705668 ], [ 22.83233, 40.705892 ], [ 22.831912, 40.706079 ], [ 22.831669, 40.7061 ], [ 22.83141, 40.70611 ], [ 22.831088, 40.70616 ], [ 22.830805, 40.706252 ], [ 22.830506, 40.706321 ], [ 22.830372, 40.706337 ], [ 22.830325, 40.706385 ], [ 22.830344, 40.706641 ], [ 22.830337, 40.707004 ], [ 22.830256, 40.707182 ], [ 22.828962, 40.707109 ], [ 22.827807, 40.707062 ], [ 22.82689, 40.707118 ], [ 22.826308, 40.707244 ], [ 22.82618, 40.708762 ], [ 22.824246, 40.708766 ], [ 22.822516, 40.708742 ], [ 22.822303, 40.70883 ], [ 22.822511, 40.709016 ], [ 22.823051, 40.709463 ], [ 22.824139, 40.709945 ], [ 22.825581, 40.710335 ], [ 22.826355, 40.710408 ], [ 22.826816, 40.710449 ], [ 22.827456, 40.710541 ], [ 22.829427, 40.710859 ], [ 22.828703, 40.712453 ], [ 22.82843, 40.712959 ], [ 22.828278, 40.713152 ], [ 22.828195, 40.713227 ], [ 22.82734, 40.713134 ], [ 22.826095, 40.713037 ], [ 22.824853, 40.712915 ], [ 22.824764, 40.714759 ], [ 22.824706, 40.716269 ], [ 22.824633, 40.717222 ], [ 22.824498, 40.718527 ], [ 22.824535, 40.719614 ], [ 22.824437, 40.720542 ], [ 22.82434, 40.721094 ], [ 22.823869, 40.722553 ], [ 22.823975, 40.723322 ], [ 22.824318, 40.723378 ], [ 22.825888, 40.723899 ], [ 22.827964, 40.724516 ], [ 22.829036, 40.724837 ], [ 22.8312, 40.725646 ], [ 22.831314, 40.727173 ], [ 22.830881, 40.727872 ], [ 22.830217, 40.728214 ], [ 22.828554, 40.728261 ], [ 22.824857, 40.727413 ], [ 22.824683, 40.727411 ], [ 22.824914, 40.728573 ], [ 22.82547, 40.729913 ], [ 22.825265, 40.730877 ], [ 22.819571, 40.729508 ], [ 22.818641, 40.731584 ], [ 22.816665, 40.73614 ], [ 22.814583, 40.736059 ], [ 22.809766, 40.735556 ], [ 22.808605, 40.735851 ], [ 22.804874, 40.742946 ], [ 22.802413, 40.745627 ], [ 22.800136, 40.74858 ], [ 22.80026, 40.748637 ], [ 22.79594, 40.753138 ], [ 22.79319, 40.757633 ], [ 22.790145, 40.761785 ], [ 22.789567, 40.762979 ], [ 22.793455, 40.763757 ], [ 22.796006, 40.763949 ], [ 22.798363, 40.763754 ], [ 22.801375, 40.762884 ], [ 22.802595, 40.762817 ], [ 22.803709, 40.76325 ], [ 22.804755, 40.764489 ], [ 22.805555, 40.764926 ], [ 22.81104, 40.765904 ], [ 22.812568, 40.7665 ], [ 22.813445, 40.767289 ], [ 22.813588, 40.768341 ], [ 22.810597, 40.776581 ], [ 22.810001, 40.78101 ], [ 22.810235, 40.782644 ], [ 22.810666, 40.783047 ], [ 22.81137, 40.783252 ], [ 22.813602, 40.783048 ], [ 22.814064, 40.783278 ], [ 22.8143, 40.783674 ], [ 22.814106, 40.784814 ], [ 22.811763, 40.790184 ], [ 22.811861, 40.791746 ], [ 22.812173, 40.792476 ], [ 22.816598, 40.798974 ], [ 22.817501, 40.800909 ], [ 22.81768, 40.802223 ], [ 22.817218, 40.803868 ], [ 22.815512, 40.806446 ], [ 22.812093, 40.810822 ], [ 22.808828, 40.81438 ], [ 22.806281, 40.818435 ], [ 22.804041, 40.820996 ], [ 22.803151, 40.82247 ], [ 22.803585, 40.823231 ], [ 22.814841, 40.823266 ], [ 22.817849, 40.823476 ] ] ] ] } },
{ "type": "Feature", "properties": { "MunUnits": "071403", "OID_1": 99, "CODE": "071403", "NAME_GR": "ΔΗΜΟΤΙΚΗ ΕΝΟΤΗΤΑ ΜΥΓΔΟΝΙΑΣ", "NAME_ENG": "Municipal Unit of Mygdonia", "Shape_Leng": 46727.292136999997, "Shape_Area": 98347147.452800006, "zone": "Metropolitan" }, "geometry": { "type": "MultiPolygon", "coordinates": [ [ [ [ 22.964852, 40.823575 ], [ 22.966924, 40.822988 ], [ 22.972578, 40.822177 ], [ 22.979023, 40.820558 ], [ 22.981476, 40.820495 ], [ 22.984223, 40.820837 ], [ 22.989508, 40.820997 ], [ 22.996819, 40.82248 ], [ 22.998077, 40.822056 ], [ 22.998944, 40.820689 ], [ 22.999294, 40.820481 ], [ 23.001522, 40.821943 ], [ 23.003498, 40.822535 ], [ 23.003198, 40.822091 ], [ 23.0031, 40.820265 ], [ 23.004302, 40.812526 ], [ 23.005519, 40.807472 ], [ 23.006252, 40.805215 ], [ 23.00714, 40.803327 ], [ 23.011786, 40.796962 ], [ 23.012111, 40.795985 ], [ 23.011358, 40.794702 ], [ 23.009586, 40.792907 ], [ 23.009082, 40.791468 ], [ 23.0102, 40.790482 ], [ 23.015727, 40.787438 ], [ 23.020053, 40.786359 ], [ 23.021555, 40.785601 ], [ 23.026653, 40.783667 ], [ 23.028817, 40.782034 ], [ 23.028336, 40.779764 ], [ 23.025068, 40.773891 ], [ 23.022606, 40.767668 ], [ 23.020135, 40.762819 ], [ 23.019957, 40.761718 ], [ 23.018961, 40.75926 ], [ 23.018378, 40.757135 ], [ 23.017196, 40.751768 ], [ 23.016905, 40.749435 ], [ 23.017534, 40.748608 ], [ 23.017702, 40.748252 ], [ 23.018574, 40.746395 ], [ 23.01909, 40.744151 ], [ 23.01529, 40.742319 ], [ 23.008189, 40.73826 ], [ 23.001291, 40.735973 ], [ 23.000784, 40.736288 ], [ 23.000053, 40.736548 ], [ 22.998736, 40.737433 ], [ 22.998307, 40.737634 ], [ 22.998135, 40.737409 ], [ 22.997605, 40.736827 ], [ 22.997017, 40.736355 ], [ 22.995379, 40.735249 ], [ 22.993858, 40.734273 ], [ 22.99283, 40.733435 ], [ 22.992354, 40.733006 ], [ 22.991767, 40.732501 ], [ 22.991421, 40.73215 ], [ 22.991267, 40.731943 ], [ 22.990928, 40.732031 ], [ 22.990526, 40.732075 ], [ 22.990126, 40.732033 ], [ 22.989802, 40.731873 ], [ 22.989517, 40.731699 ], [ 22.989462, 40.731584 ], [ 22.989508, 40.731432 ], [ 22.989605, 40.731214 ], [ 22.98972, 40.730652 ], [ 22.989667, 40.729983 ], [ 22.989617, 40.729801 ], [ 22.989528, 40.729507 ], [ 22.988851, 40.728879 ], [ 22.988264, 40.728516 ], [ 22.986518, 40.72796 ], [ 22.979824, 40.725058 ], [ 22.978243, 40.72383 ], [ 22.975616, 40.72033 ], [ 22.973689, 40.716986 ], [ 22.970082, 40.713224 ], [ 22.969526, 40.713307 ], [ 22.964823, 40.712441 ], [ 22.961272, 40.711542 ], [ 22.961266, 40.711277 ], [ 22.960806, 40.710955 ], [ 22.960674, 40.710982 ], [ 22.960397, 40.711012 ], [ 22.959951, 40.71099 ], [ 22.959665, 40.71093 ], [ 22.959455, 40.71081 ], [ 22.959326, 40.710659 ], [ 22.959067, 40.710421 ], [ 22.958672, 40.710138 ], [ 22.9582, 40.709991 ], [ 22.957249, 40.709796 ], [ 22.956822, 40.710025 ], [ 22.954821, 40.710929 ], [ 22.953446, 40.711399 ], [ 22.953326, 40.711598 ], [ 22.952909, 40.712099 ], [ 22.952471, 40.712445 ], [ 22.951791, 40.712696 ], [ 22.95155, 40.712802 ], [ 22.95095, 40.712968 ], [ 22.950403, 40.713084 ], [ 22.950225, 40.713104 ], [ 22.950127, 40.71305 ], [ 22.950082, 40.71291 ], [ 22.950007, 40.712612 ], [ 22.949888, 40.712397 ], [ 22.949737, 40.712106 ], [ 22.949634, 40.712091 ], [ 22.949323, 40.712148 ], [ 22.949073, 40.712239 ], [ 22.948908, 40.712288 ], [ 22.948828, 40.712298 ], [ 22.94873, 40.712265 ], [ 22.948562, 40.712152 ], [ 22.948333, 40.712064 ], [ 22.948019, 40.712033 ], [ 22.947617, 40.71201 ], [ 22.947319, 40.711998 ], [ 22.947099, 40.711989 ], [ 22.946864, 40.711997 ], [ 22.946675, 40.712042 ], [ 22.946444, 40.712101 ], [ 22.946151, 40.712212 ], [ 22.945895, 40.712326 ], [ 22.945629, 40.712494 ], [ 22.945394, 40.712697 ], [ 22.944209, 40.713529 ], [ 22.943874, 40.713712 ], [ 22.943313, 40.713926 ], [ 22.942564, 40.714187 ], [ 22.941945, 40.714462 ], [ 22.941385, 40.714648 ], [ 22.940944, 40.714796 ], [ 22.940704, 40.714932 ], [ 22.940186, 40.71519 ], [ 22.940034, 40.715227 ], [ 22.939913, 40.715296 ], [ 22.935987, 40.717663 ], [ 22.935992, 40.718083 ], [ 22.933989, 40.71958 ], [ 22.933895, 40.719941 ], [ 22.933157, 40.72064 ], [ 22.933067, 40.720801 ], [ 22.933253, 40.720956 ], [ 22.933249, 40.721156 ], [ 22.933247, 40.721289 ], [ 22.93332, 40.721452 ], [ 22.933243, 40.721556 ], [ 22.933067, 40.721612 ], [ 22.932868, 40.721486 ], [ 22.932745, 40.721351 ], [ 22.932631, 40.721455 ], [ 22.932342, 40.722244 ], [ 22.931749, 40.724088 ], [ 22.930847, 40.725614 ], [ 22.930516, 40.726746 ], [ 22.930689, 40.726881 ], [ 22.930745, 40.727311 ], [ 22.930802, 40.727654 ], [ 22.930611, 40.727853 ], [ 22.930384, 40.727917 ], [ 22.930407, 40.72808 ], [ 22.93058, 40.728243 ], [ 22.930764, 40.729265 ], [ 22.930572, 40.729521 ], [ 22.930817, 40.729847 ], [ 22.931112, 40.730241 ], [ 22.931257, 40.730557 ], [ 22.931226, 40.73089 ], [ 22.930895, 40.731249 ], [ 22.93059, 40.731485 ], [ 22.930173, 40.73171 ], [ 22.929053, 40.732005 ], [ 22.927939, 40.732554 ], [ 22.927637, 40.73346 ], [ 22.926603, 40.735129 ], [ 22.926018, 40.735526 ], [ 22.9252, 40.737933 ], [ 22.92502, 40.738031 ], [ 22.924409, 40.738068 ], [ 22.923944, 40.738307 ], [ 22.923546, 40.738511 ], [ 22.923368, 40.73848 ], [ 22.923057, 40.73797 ], [ 22.922769, 40.737731 ], [ 22.922454, 40.737945 ], [ 22.920731, 40.739476 ], [ 22.915464, 40.741578 ], [ 22.912384, 40.745708 ], [ 22.911097, 40.747022 ], [ 22.908598, 40.748405 ], [ 22.907532, 40.748759 ], [ 22.904849, 40.749162 ], [ 22.905316, 40.751474 ], [ 22.905289, 40.752335 ], [ 22.904947, 40.753251 ], [ 22.902502, 40.755429 ], [ 22.902446, 40.755994 ], [ 22.902001, 40.75663 ], [ 22.899257, 40.75855 ], [ 22.898108, 40.760933 ], [ 22.894632, 40.763884 ], [ 22.889639, 40.765213 ], [ 22.888397, 40.766681 ], [ 22.886916, 40.767795 ], [ 22.884315, 40.768557 ], [ 22.88176, 40.769926 ], [ 22.881356, 40.770817 ], [ 22.881482, 40.77378 ], [ 22.881263, 40.77426 ], [ 22.881538, 40.774723 ], [ 22.882262, 40.774852 ], [ 22.885149, 40.77406 ], [ 22.888883, 40.77376 ], [ 22.890408, 40.774042 ], [ 22.893142, 40.775589 ], [ 22.894795, 40.777019 ], [ 22.896846, 40.779439 ], [ 22.899651, 40.784122 ], [ 22.90021, 40.784616 ], [ 22.90367, 40.786409 ], [ 22.905409, 40.788371 ], [ 22.90624, 40.790303 ], [ 22.907763, 40.79184 ], [ 22.908067, 40.793238 ], [ 22.907729, 40.795548 ], [ 22.908826, 40.797635 ], [ 22.909354, 40.799606 ], [ 22.91045, 40.801401 ], [ 22.910706, 40.802785 ], [ 22.910759, 40.805174 ], [ 22.910998, 40.805797 ], [ 22.91173, 40.805912 ], [ 22.914588, 40.804848 ], [ 22.917555, 40.804597 ], [ 22.920015, 40.805052 ], [ 22.920756, 40.805541 ], [ 22.920983, 40.806372 ], [ 22.917199, 40.809994 ], [ 22.91449, 40.813178 ], [ 22.912913, 40.815408 ], [ 22.910116, 40.820923 ], [ 22.912588, 40.82088 ], [ 22.914063, 40.820349 ], [ 22.920632, 40.815986 ], [ 22.922332, 40.815666 ], [ 22.925529, 40.816448 ], [ 22.928046, 40.816559 ], [ 22.93227, 40.815595 ], [ 22.936604, 40.813667 ], [ 22.938532, 40.813472 ], [ 22.939611, 40.814164 ], [ 22.939649, 40.815126 ], [ 22.938808, 40.81638 ], [ 22.93312, 40.820924 ], [ 22.9323, 40.821919 ], [ 22.932171, 40.822457 ], [ 22.93228, 40.823166 ], [ 22.932572, 40.823532 ], [ 22.934844, 40.82361 ], [ 22.94427, 40.82291 ], [ 22.952181, 40.823213 ], [ 22.956676, 40.823935 ], [ 22.958404, 40.824595 ], [ 22.961165, 40.826237 ], [ 22.961832, 40.827431 ], [ 22.962786, 40.826304 ], [ 22.964159, 40.823959 ], [ 22.964852, 40.823575 ] ] ] ] } }
]
}
